ARM GAS  D:\software\msy64\tmp\ccpdUyAe.s 			page 1


   1              		.cpu cortex-m4
   2              		.arch armv7e-m
   3              		.fpu fpv4-sp-d16
   4              		.eabi_attribute 27, 1
   5              		.eabi_attribute 28, 1
   6              		.eabi_attribute 20, 1
   7              		.eabi_attribute 21, 1
   8              		.eabi_attribute 23, 3
   9              		.eabi_attribute 24, 1
  10              		.eabi_attribute 25, 1
  11              		.eabi_attribute 26, 1
  12              		.eabi_attribute 30, 1
  13              		.eabi_attribute 34, 1
  14              		.eabi_attribute 18, 4
  15              		.file	"main.c"
  16              		.text
  17              	.Ltext0:
  18              		.cfi_sections	.debug_frame
  19              		.file 1 "Core/Src/main.c"
  20              		.section	.text.HAL_UARTEx_RxEventCallback,"ax",%progbits
  21              		.align	1
  22              		.global	HAL_UARTEx_RxEventCallback
  23              		.syntax unified
  24              		.thumb
  25              		.thumb_func
  27              	HAL_UARTEx_RxEventCallback:
  28              	.LVL0:
  29              	.LFB134:
   1:Core/Src/main.c **** /* USER CODE BEGIN Header */
   2:Core/Src/main.c **** /**
   3:Core/Src/main.c ****  ******************************************************************************
   4:Core/Src/main.c ****  * @file           : main.c
   5:Core/Src/main.c ****  * @brief          : Main program body
   6:Core/Src/main.c ****  ******************************************************************************
   7:Core/Src/main.c ****  * @attention
   8:Core/Src/main.c ****  *
   9:Core/Src/main.c ****  * Copyright (c) 2025 STMicroelectronics.
  10:Core/Src/main.c ****  * All rights reserved.
  11:Core/Src/main.c ****  *
  12:Core/Src/main.c ****  * This software is licensed under terms that can be found in the LICENSE file
  13:Core/Src/main.c ****  * in the root directory of this software component.
  14:Core/Src/main.c ****  * If no LICENSE file comes with this software, it is provided AS-IS.
  15:Core/Src/main.c ****  *
  16:Core/Src/main.c ****  ******************************************************************************
  17:Core/Src/main.c ****  */
  18:Core/Src/main.c **** /* USER CODE END Header */
  19:Core/Src/main.c **** /* Includes ------------------------------------------------------------------*/
  20:Core/Src/main.c **** #include "main.h"
  21:Core/Src/main.c **** #include "dma.h"
  22:Core/Src/main.c **** #include "i2c.h"
  23:Core/Src/main.c **** #include "tim.h"
  24:Core/Src/main.c **** #include "usart.h"
  25:Core/Src/main.c **** #include "gpio.h"
  26:Core/Src/main.c **** 
  27:Core/Src/main.c **** /* Private includes ----------------------------------------------------------*/
  28:Core/Src/main.c **** /* USER CODE BEGIN Includes */
  29:Core/Src/main.c **** #include "package.h"
ARM GAS  D:\software\msy64\tmp\ccpdUyAe.s 			page 2


  30:Core/Src/main.c **** #include "motor.h"
  31:Core/Src/main.c **** #include "data_cal.h"
  32:Core/Src/main.c **** #include "oled.h"
  33:Core/Src/main.c **** /* USER CODE END Includes */
  34:Core/Src/main.c **** 
  35:Core/Src/main.c **** /* Private typedef -----------------------------------------------------------*/
  36:Core/Src/main.c **** /* USER CODE BEGIN PTD */
  37:Core/Src/main.c **** enum ACTION
  38:Core/Src/main.c **** {
  39:Core/Src/main.c ****   STOP = 0,
  40:Core/Src/main.c ****   MOVE
  41:Core/Src/main.c **** };
  42:Core/Src/main.c **** /* USER CODE END PTD */
  43:Core/Src/main.c **** 
  44:Core/Src/main.c **** /* Private define ------------------------------------------------------------*/
  45:Core/Src/main.c **** /* USER CODE BEGIN PD */
  46:Core/Src/main.c **** 
  47:Core/Src/main.c **** /* USER CODE END PD */
  48:Core/Src/main.c **** 
  49:Core/Src/main.c **** /* Private macro -------------------------------------------------------------*/
  50:Core/Src/main.c **** /* USER CODE BEGIN PM */
  51:Core/Src/main.c **** 
  52:Core/Src/main.c **** /* USER CODE END PM */
  53:Core/Src/main.c **** 
  54:Core/Src/main.c **** /* Private variables ---------------------------------------------------------*/
  55:Core/Src/main.c **** 
  56:Core/Src/main.c **** /* USER CODE BEGIN PV */
  57:Core/Src/main.c **** 
  58:Core/Src/main.c **** u8 Rec_Data[19] = {0};
  59:Core/Src/main.c **** enum ACTION Flag = STOP;
  60:Core/Src/main.c **** u8 test_data[3];
  61:Core/Src/main.c **** u8 test_flag = 0;
  62:Core/Src/main.c **** int step[6] = {0};
  63:Core/Src/main.c **** 
  64:Core/Src/main.c **** float angleset[7] = {0};
  65:Core/Src/main.c **** // usart的dma
  66:Core/Src/main.c **** u8 dma_test[19] = {0};
  67:Core/Src/main.c **** 
  68:Core/Src/main.c **** #define BUF_SIZE 95
  69:Core/Src/main.c **** #define PACKAGE_SIZE 19
  70:Core/Src/main.c ****     uint8_t dma_buffer1[BUF_SIZE];
  71:Core/Src/main.c **** uint8_t dma_buffer2[BUF_SIZE];
  72:Core/Src/main.c **** volatile uint8_t current_active_buffer = 0; // 0: buffer1, 1: buffer2
  73:Core/Src/main.c **** volatile uint16_t last_received_size = 0;
  74:Core/Src/main.c **** volatile uint8_t new_data_available = 0;
  75:Core/Src/main.c **** /* USER CODE END PV */
  76:Core/Src/main.c **** 
  77:Core/Src/main.c **** /* Private function prototypes -----------------------------------------------*/
  78:Core/Src/main.c **** void SystemClock_Config(void);
  79:Core/Src/main.c **** /* USER CODE BEGIN PFP */
  80:Core/Src/main.c **** void HAL_UARTEx_RxEventCallback(UART_HandleTypeDef *huart, uint16_t Size)
  81:Core/Src/main.c **** {
  30              		.loc 1 81 1 view -0
  31              		.cfi_startproc
  32              		@ args = 0, pretend = 0, frame = 0
  33              		@ frame_needed = 0, uses_anonymous_args = 0
  34              		.loc 1 81 1 is_stmt 0 view .LVU1
ARM GAS  D:\software\msy64\tmp\ccpdUyAe.s 			page 3


  35 0000 08B5     		push	{r3, lr}
  36              	.LCFI0:
  37              		.cfi_def_cfa_offset 8
  38              		.cfi_offset 3, -8
  39              		.cfi_offset 14, -4
  82:Core/Src/main.c ****   if (huart->Instance == USART1)
  40              		.loc 1 82 3 is_stmt 1 view .LVU2
  41              		.loc 1 82 12 is_stmt 0 view .LVU3
  42 0002 0268     		ldr	r2, [r0]
  43              		.loc 1 82 6 view .LVU4
  44 0004 084B     		ldr	r3, .L5
  45 0006 9A42     		cmp	r2, r3
  46 0008 00D0     		beq	.L4
  47              	.LVL1:
  48              	.L1:
  83:Core/Src/main.c ****   {
  84:Core/Src/main.c ****     // 记录接收到的数据量
  85:Core/Src/main.c ****     last_received_size = Size;
  86:Core/Src/main.c **** 
  87:Core/Src/main.c ****     // 切换缓冲区
  88:Core/Src/main.c ****     // if (current_active_buffer == 0)
  89:Core/Src/main.c ****     // {
  90:Core/Src/main.c ****     //   current_active_buffer = 1;
  91:Core/Src/main.c ****     //   HAL_UARTEx_ReceiveToIdle_DMA(&huart1, dma_buffer2, BUF_SIZE);
  92:Core/Src/main.c ****     // }
  93:Core/Src/main.c ****     // else
  94:Core/Src/main.c ****     // {
  95:Core/Src/main.c ****     //   current_active_buffer = 0;
  96:Core/Src/main.c ****     //   HAL_UARTEx_ReceiveToIdle_DMA(&huart1, dma_buffer1, BUF_SIZE);
  97:Core/Src/main.c ****     // }
  98:Core/Src/main.c ****     HAL_UARTEx_ReceiveToIdle_DMA(&huart1, dma_test, 19);
  99:Core/Src/main.c ****     Flag = MOVE;
 100:Core/Src/main.c ****     // 设置新数据可用标志
 101:Core/Src/main.c ****     new_data_available = 1;
 102:Core/Src/main.c ****   }
 103:Core/Src/main.c **** }
  49              		.loc 1 103 1 view .LVU5
  50 000a 08BD     		pop	{r3, pc}
  51              	.LVL2:
  52              	.L4:
  85:Core/Src/main.c **** 
  53              		.loc 1 85 5 is_stmt 1 view .LVU6
  85:Core/Src/main.c **** 
  54              		.loc 1 85 24 is_stmt 0 view .LVU7
  55 000c 074B     		ldr	r3, .L5+4
  56 000e 1980     		strh	r1, [r3]	@ movhi
  98:Core/Src/main.c ****     Flag = MOVE;
  57              		.loc 1 98 5 is_stmt 1 view .LVU8
  58 0010 1322     		movs	r2, #19
  59 0012 0749     		ldr	r1, .L5+8
  60              	.LVL3:
  98:Core/Src/main.c ****     Flag = MOVE;
  61              		.loc 1 98 5 is_stmt 0 view .LVU9
  62 0014 0748     		ldr	r0, .L5+12
  63              	.LVL4:
  98:Core/Src/main.c ****     Flag = MOVE;
  64              		.loc 1 98 5 view .LVU10
ARM GAS  D:\software\msy64\tmp\ccpdUyAe.s 			page 4


  65 0016 FFF7FEFF 		bl	HAL_UARTEx_ReceiveToIdle_DMA
  66              	.LVL5:
  99:Core/Src/main.c ****     // 设置新数据可用标志
  67              		.loc 1 99 5 is_stmt 1 view .LVU11
  99:Core/Src/main.c ****     // 设置新数据可用标志
  68              		.loc 1 99 10 is_stmt 0 view .LVU12
  69 001a 0123     		movs	r3, #1
  70 001c 064A     		ldr	r2, .L5+16
  71 001e 1370     		strb	r3, [r2]
 101:Core/Src/main.c ****   }
  72              		.loc 1 101 5 is_stmt 1 view .LVU13
 101:Core/Src/main.c ****   }
  73              		.loc 1 101 24 is_stmt 0 view .LVU14
  74 0020 064A     		ldr	r2, .L5+20
  75 0022 1370     		strb	r3, [r2]
  76              		.loc 1 103 1 view .LVU15
  77 0024 F1E7     		b	.L1
  78              	.L6:
  79 0026 00BF     		.align	2
  80              	.L5:
  81 0028 00100140 		.word	1073811456
  82 002c 00000000 		.word	last_received_size
  83 0030 00000000 		.word	dma_test
  84 0034 00000000 		.word	huart1
  85 0038 00000000 		.word	Flag
  86 003c 00000000 		.word	new_data_available
  87              		.cfi_endproc
  88              	.LFE134:
  90              		.section	.text.function,"ax",%progbits
  91              		.align	1
  92              		.global	function
  93              		.syntax unified
  94              		.thumb
  95              		.thumb_func
  97              	function:
  98              	.LFB135:
 104:Core/Src/main.c **** 
 105:Core/Src/main.c **** void function(void)
 106:Core/Src/main.c **** {
  99              		.loc 1 106 1 is_stmt 1 view -0
 100              		.cfi_startproc
 101              		@ args = 0, pretend = 0, frame = 0
 102              		@ frame_needed = 0, uses_anonymous_args = 0
 103 0000 08B5     		push	{r3, lr}
 104              	.LCFI1:
 105              		.cfi_def_cfa_offset 8
 106              		.cfi_offset 3, -8
 107              		.cfi_offset 14, -4
 107:Core/Src/main.c ****   HAL_GPIO_TogglePin(joint5_GPIO_Port, joint5_Pin);
 108              		.loc 1 107 3 view .LVU17
 109 0002 0121     		movs	r1, #1
 110 0004 0148     		ldr	r0, .L9
 111 0006 FFF7FEFF 		bl	HAL_GPIO_TogglePin
 112              	.LVL6:
 108:Core/Src/main.c **** }
 113              		.loc 1 108 1 is_stmt 0 view .LVU18
 114 000a 08BD     		pop	{r3, pc}
ARM GAS  D:\software\msy64\tmp\ccpdUyAe.s 			page 5


 115              	.L10:
 116              		.align	2
 117              	.L9:
 118 000c 00000240 		.word	1073872896
 119              		.cfi_endproc
 120              	.LFE135:
 122              		.section	.text.Error_Handler,"ax",%progbits
 123              		.align	1
 124              		.global	Error_Handler
 125              		.syntax unified
 126              		.thumb
 127              		.thumb_func
 129              	Error_Handler:
 130              	.LFB138:
 109:Core/Src/main.c **** /* USER CODE END PFP */
 110:Core/Src/main.c **** 
 111:Core/Src/main.c **** /* Private user code ---------------------------------------------------------*/
 112:Core/Src/main.c **** /* USER CODE BEGIN 0 */
 113:Core/Src/main.c **** 
 114:Core/Src/main.c **** /* USER CODE END 0 */
 115:Core/Src/main.c **** 
 116:Core/Src/main.c **** /**
 117:Core/Src/main.c ****   * @brief  The application entry point.
 118:Core/Src/main.c ****   * @retval int
 119:Core/Src/main.c ****   */
 120:Core/Src/main.c **** int main(void)
 121:Core/Src/main.c **** {
 122:Core/Src/main.c **** 
 123:Core/Src/main.c ****   /* USER CODE BEGIN 1 */
 124:Core/Src/main.c **** 
 125:Core/Src/main.c ****   /* USER CODE END 1 */
 126:Core/Src/main.c **** 
 127:Core/Src/main.c ****   /* MCU Configuration--------------------------------------------------------*/
 128:Core/Src/main.c **** 
 129:Core/Src/main.c ****   /* Reset of all peripherals, Initializes the Flash interface and the Systick. */
 130:Core/Src/main.c ****   HAL_Init();
 131:Core/Src/main.c **** 
 132:Core/Src/main.c ****   /* USER CODE BEGIN Init */
 133:Core/Src/main.c **** 
 134:Core/Src/main.c ****   /* USER CODE END Init */
 135:Core/Src/main.c **** 
 136:Core/Src/main.c ****   /* Configure the system clock */
 137:Core/Src/main.c ****   SystemClock_Config();
 138:Core/Src/main.c **** 
 139:Core/Src/main.c ****   /* USER CODE BEGIN SysInit */
 140:Core/Src/main.c **** 
 141:Core/Src/main.c ****   /* USER CODE END SysInit */
 142:Core/Src/main.c **** 
 143:Core/Src/main.c ****   /* Initialize all configured peripherals */
 144:Core/Src/main.c ****   MX_GPIO_Init();
 145:Core/Src/main.c ****   MX_DMA_Init();
 146:Core/Src/main.c ****   MX_USART1_UART_Init();
 147:Core/Src/main.c ****   MX_I2C1_Init();
 148:Core/Src/main.c ****   MX_TIM3_Init();
 149:Core/Src/main.c ****   MX_USART2_UART_Init();
 150:Core/Src/main.c ****   /* USER CODE BEGIN 2 */
 151:Core/Src/main.c ****   Motor_Init();
ARM GAS  D:\software\msy64\tmp\ccpdUyAe.s 			page 6


 152:Core/Src/main.c **** 
 153:Core/Src/main.c ****   /*这里是机械臂寻找复位
 154:Core/Src/main.c ****   ，还有oled的初始化，但是不知道为什么，这里oled初始化会出错，*/
 155:Core/Src/main.c ****   // OLED_Init();  // OLED初始
 156:Core/Src/main.c ****   // OLED_Clear(); // 清屏
 157:Core/Src/main.c ****   // Reset_joint();
 158:Core/Src/main.c **** 
 159:Core/Src/main.c ****   // HAL_UART_Receive_IT(&huart1, Rec_Data, sizeof(Rec_Data));
 160:Core/Src/main.c ****   // HAL_UART_Receive_IT(&huart1, test_data, sizeof(test_data));
 161:Core/Src/main.c ****   // HAL_UARTEx_ReceiveToIdle_DMA(&huart1, dma_buffer1, BUF_SIZE);
 162:Core/Src/main.c ****   HAL_UARTEx_ReceiveToIdle_DMA(&huart1, dma_test, 19);
 163:Core/Src/main.c ****   float temp[6] = { 1.0892242055348749, -0.17332101096690133, 1.0859638345521907, -0.00022042666860
 164:Core/Src/main.c ****   // 1.0892242055348749, -0.17332101096690133, 1.0859638345521907, -0.00022042666860048007, 1.88292
 165:Core/Src/main.c **** 
 166:Core/Src/main.c ****   // HAL_Delay(200);
 167:Core/Src/main.c ****   /* USER CODE END 2 */
 168:Core/Src/main.c **** 
 169:Core/Src/main.c ****   /* Infinite loop */
 170:Core/Src/main.c ****   /* USER CODE BEGIN WHILE */
 171:Core/Src/main.c ****   while (1)
 172:Core/Src/main.c ****   {
 173:Core/Src/main.c **** 
 174:Core/Src/main.c ****     if (Flag == MOVE)
 175:Core/Src/main.c ****     {
 176:Core/Src/main.c ****       // OLED_ShowString(16, 1, test_data, sizeof(test_data), 0);
 177:Core/Src/main.c ****       // if (new_data_available == 1)
 178:Core/Src/main.c ****       // {
 179:Core/Src/main.c ****         // usartReceiveOneData(current_active_buffer == 0 ? dma_buffer2 : dma_buffer1, &huart1, ang
 180:Core/Src/main.c ****         usartReceiveOneData(dma_test, &huart1, angleset);
 181:Core/Src/main.c ****       //   new_data_available = 0; // 重置标志位
 182:Core/Src/main.c ****       // }
 183:Core/Src/main.c ****       motor_cal(angleset, step);
 184:Core/Src/main.c ****       Motor_Dir();
 185:Core/Src/main.c ****       Motor_Move(step);
 186:Core/Src/main.c ****       Flag = STOP; // 重置标志位
 187:Core/Src/main.c ****     }
 188:Core/Src/main.c ****     // HAL_Delay(500);
 189:Core/Src/main.c ****     // usartSendData(&huart1);
 190:Core/Src/main.c ****     // usartReceiveOneData(current_active_buffer == 0 ? dma_buffer2 : dma_buffer1, &huart1, anglese
 191:Core/Src/main.c ****     // if (flag == 0)
 192:Core/Src/main.c ****     // {
 193:Core/Src/main.c ****     //   motor_cal(temp, step);
 194:Core/Src/main.c ****     //   Motor_Dir();
 195:Core/Src/main.c ****     //   Motor_Move(step);
 196:Core/Src/main.c ****     //   flag = 1;
 197:Core/Src/main.c ****     // }
 198:Core/Src/main.c ****     // HAL_Delay(1000);
 199:Core/Src/main.c ****     // for_delay_us(1000);
 200:Core/Src/main.c ****     /* USER CODE END WHILE */
 201:Core/Src/main.c **** 
 202:Core/Src/main.c ****     /* USER CODE BEGIN 3 */
 203:Core/Src/main.c ****   }
 204:Core/Src/main.c **** 
 205:Core/Src/main.c ****   // motor_cal(temp, step);
 206:Core/Src/main.c ****   // Motor_Dir();
 207:Core/Src/main.c ****   // Motor_Move(step);
 208:Core/Src/main.c ****   /* USER CODE END 3 */
ARM GAS  D:\software\msy64\tmp\ccpdUyAe.s 			page 7


 209:Core/Src/main.c **** }
 210:Core/Src/main.c **** 
 211:Core/Src/main.c **** /**
 212:Core/Src/main.c ****   * @brief System Clock Configuration
 213:Core/Src/main.c ****   * @retval None
 214:Core/Src/main.c ****   */
 215:Core/Src/main.c **** void SystemClock_Config(void)
 216:Core/Src/main.c **** {
 217:Core/Src/main.c ****   RCC_OscInitTypeDef RCC_OscInitStruct = {0};
 218:Core/Src/main.c ****   RCC_ClkInitTypeDef RCC_ClkInitStruct = {0};
 219:Core/Src/main.c **** 
 220:Core/Src/main.c ****   /** Configure the main internal regulator output voltage
 221:Core/Src/main.c ****   */
 222:Core/Src/main.c ****   __HAL_RCC_PWR_CLK_ENABLE();
 223:Core/Src/main.c ****   __HAL_PWR_VOLTAGESCALING_CONFIG(PWR_REGULATOR_VOLTAGE_SCALE1);
 224:Core/Src/main.c **** 
 225:Core/Src/main.c ****   /** Initializes the RCC Oscillators according to the specified parameters
 226:Core/Src/main.c ****   * in the RCC_OscInitTypeDef structure.
 227:Core/Src/main.c ****   */
 228:Core/Src/main.c ****   RCC_OscInitStruct.OscillatorType = RCC_OSCILLATORTYPE_HSE;
 229:Core/Src/main.c ****   RCC_OscInitStruct.HSEState = RCC_HSE_ON;
 230:Core/Src/main.c ****   RCC_OscInitStruct.PLL.PLLState = RCC_PLL_ON;
 231:Core/Src/main.c ****   RCC_OscInitStruct.PLL.PLLSource = RCC_PLLSOURCE_HSE;
 232:Core/Src/main.c ****   RCC_OscInitStruct.PLL.PLLM = 4;
 233:Core/Src/main.c ****   RCC_OscInitStruct.PLL.PLLN = 72;
 234:Core/Src/main.c ****   RCC_OscInitStruct.PLL.PLLP = RCC_PLLP_DIV2;
 235:Core/Src/main.c ****   RCC_OscInitStruct.PLL.PLLQ = 4;
 236:Core/Src/main.c ****   if (HAL_RCC_OscConfig(&RCC_OscInitStruct) != HAL_OK)
 237:Core/Src/main.c ****   {
 238:Core/Src/main.c ****     Error_Handler();
 239:Core/Src/main.c ****   }
 240:Core/Src/main.c **** 
 241:Core/Src/main.c ****   /** Initializes the CPU, AHB and APB buses clocks
 242:Core/Src/main.c ****   */
 243:Core/Src/main.c ****   RCC_ClkInitStruct.ClockType = RCC_CLOCKTYPE_HCLK|RCC_CLOCKTYPE_SYSCLK
 244:Core/Src/main.c ****                               |RCC_CLOCKTYPE_PCLK1|RCC_CLOCKTYPE_PCLK2;
 245:Core/Src/main.c ****   RCC_ClkInitStruct.SYSCLKSource = RCC_SYSCLKSOURCE_PLLCLK;
 246:Core/Src/main.c ****   RCC_ClkInitStruct.AHBCLKDivider = RCC_SYSCLK_DIV1;
 247:Core/Src/main.c ****   RCC_ClkInitStruct.APB1CLKDivider = RCC_HCLK_DIV2;
 248:Core/Src/main.c ****   RCC_ClkInitStruct.APB2CLKDivider = RCC_HCLK_DIV1;
 249:Core/Src/main.c **** 
 250:Core/Src/main.c ****   if (HAL_RCC_ClockConfig(&RCC_ClkInitStruct, FLASH_LATENCY_2) != HAL_OK)
 251:Core/Src/main.c ****   {
 252:Core/Src/main.c ****     Error_Handler();
 253:Core/Src/main.c ****   }
 254:Core/Src/main.c **** }
 255:Core/Src/main.c **** 
 256:Core/Src/main.c **** /* USER CODE BEGIN 4 */
 257:Core/Src/main.c **** 
 258:Core/Src/main.c **** /* USER CODE END 4 */
 259:Core/Src/main.c **** 
 260:Core/Src/main.c **** /**
 261:Core/Src/main.c ****   * @brief  This function is executed in case of error occurrence.
 262:Core/Src/main.c ****   * @retval None
 263:Core/Src/main.c ****   */
 264:Core/Src/main.c **** void Error_Handler(void)
 265:Core/Src/main.c **** {
ARM GAS  D:\software\msy64\tmp\ccpdUyAe.s 			page 8


 131              		.loc 1 265 1 is_stmt 1 view -0
 132              		.cfi_startproc
 133              		@ Volatile: function does not return.
 134              		@ args = 0, pretend = 0, frame = 0
 135              		@ frame_needed = 0, uses_anonymous_args = 0
 136              		@ link register save eliminated.
 266:Core/Src/main.c ****   /* USER CODE BEGIN Error_Handler_Debug */
 267:Core/Src/main.c ****   /* User can add his own implementation to report the HAL error return state */
 268:Core/Src/main.c ****   __disable_irq();
 137              		.loc 1 268 3 view .LVU20
 138              	.LBB4:
 139              	.LBI4:
 140              		.file 2 "Drivers/CMSIS/Include/cmsis_gcc.h"
   1:Drivers/CMSIS/Include/cmsis_gcc.h **** /**************************************************************************//**
   2:Drivers/CMSIS/Include/cmsis_gcc.h ****  * @file     cmsis_gcc.h
   3:Drivers/CMSIS/Include/cmsis_gcc.h ****  * @brief    CMSIS compiler GCC header file
   4:Drivers/CMSIS/Include/cmsis_gcc.h ****  * @version  V5.4.1
   5:Drivers/CMSIS/Include/cmsis_gcc.h ****  * @date     27. May 2021
   6:Drivers/CMSIS/Include/cmsis_gcc.h ****  ******************************************************************************/
   7:Drivers/CMSIS/Include/cmsis_gcc.h **** /*
   8:Drivers/CMSIS/Include/cmsis_gcc.h ****  * Copyright (c) 2009-2021 Arm Limited. All rights reserved.
   9:Drivers/CMSIS/Include/cmsis_gcc.h ****  *
  10:Drivers/CMSIS/Include/cmsis_gcc.h ****  * SPDX-License-Identifier: Apache-2.0
  11:Drivers/CMSIS/Include/cmsis_gcc.h ****  *
  12:Drivers/CMSIS/Include/cmsis_gcc.h ****  * Licensed under the Apache License, Version 2.0 (the License); you may
  13:Drivers/CMSIS/Include/cmsis_gcc.h ****  * not use this file except in compliance with the License.
  14:Drivers/CMSIS/Include/cmsis_gcc.h ****  * You may obtain a copy of the License at
  15:Drivers/CMSIS/Include/cmsis_gcc.h ****  *
  16:Drivers/CMSIS/Include/cmsis_gcc.h ****  * www.apache.org/licenses/LICENSE-2.0
  17:Drivers/CMSIS/Include/cmsis_gcc.h ****  *
  18:Drivers/CMSIS/Include/cmsis_gcc.h ****  * Unless required by applicable law or agreed to in writing, software
  19:Drivers/CMSIS/Include/cmsis_gcc.h ****  * distributed under the License is distributed on an AS IS BASIS, WITHOUT
  20:Drivers/CMSIS/Include/cmsis_gcc.h ****  * WARRANTIES OR CONDITIONS OF ANY KIND, either express or implied.
  21:Drivers/CMSIS/Include/cmsis_gcc.h ****  * See the License for the specific language governing permissions and
  22:Drivers/CMSIS/Include/cmsis_gcc.h ****  * limitations under the License.
  23:Drivers/CMSIS/Include/cmsis_gcc.h ****  */
  24:Drivers/CMSIS/Include/cmsis_gcc.h **** 
  25:Drivers/CMSIS/Include/cmsis_gcc.h **** #ifndef __CMSIS_GCC_H
  26:Drivers/CMSIS/Include/cmsis_gcc.h **** #define __CMSIS_GCC_H
  27:Drivers/CMSIS/Include/cmsis_gcc.h **** 
  28:Drivers/CMSIS/Include/cmsis_gcc.h **** /* ignore some GCC warnings */
  29:Drivers/CMSIS/Include/cmsis_gcc.h **** #pragma GCC diagnostic push
  30:Drivers/CMSIS/Include/cmsis_gcc.h **** #pragma GCC diagnostic ignored "-Wsign-conversion"
  31:Drivers/CMSIS/Include/cmsis_gcc.h **** #pragma GCC diagnostic ignored "-Wconversion"
  32:Drivers/CMSIS/Include/cmsis_gcc.h **** #pragma GCC diagnostic ignored "-Wunused-parameter"
  33:Drivers/CMSIS/Include/cmsis_gcc.h **** 
  34:Drivers/CMSIS/Include/cmsis_gcc.h **** /* Fallback for __has_builtin */
  35:Drivers/CMSIS/Include/cmsis_gcc.h **** #ifndef __has_builtin
  36:Drivers/CMSIS/Include/cmsis_gcc.h ****   #define __has_builtin(x) (0)
  37:Drivers/CMSIS/Include/cmsis_gcc.h **** #endif
  38:Drivers/CMSIS/Include/cmsis_gcc.h **** 
  39:Drivers/CMSIS/Include/cmsis_gcc.h **** /* CMSIS compiler specific defines */
  40:Drivers/CMSIS/Include/cmsis_gcc.h **** #ifndef   __ASM
  41:Drivers/CMSIS/Include/cmsis_gcc.h ****   #define __ASM                                  __asm
  42:Drivers/CMSIS/Include/cmsis_gcc.h **** #endif
  43:Drivers/CMSIS/Include/cmsis_gcc.h **** #ifndef   __INLINE
  44:Drivers/CMSIS/Include/cmsis_gcc.h ****   #define __INLINE                               inline
ARM GAS  D:\software\msy64\tmp\ccpdUyAe.s 			page 9


  45:Drivers/CMSIS/Include/cmsis_gcc.h **** #endif
  46:Drivers/CMSIS/Include/cmsis_gcc.h **** #ifndef   __STATIC_INLINE
  47:Drivers/CMSIS/Include/cmsis_gcc.h ****   #define __STATIC_INLINE                        static inline
  48:Drivers/CMSIS/Include/cmsis_gcc.h **** #endif
  49:Drivers/CMSIS/Include/cmsis_gcc.h **** #ifndef   __STATIC_FORCEINLINE
  50:Drivers/CMSIS/Include/cmsis_gcc.h ****   #define __STATIC_FORCEINLINE                   __attribute__((always_inline)) static inline
  51:Drivers/CMSIS/Include/cmsis_gcc.h **** #endif
  52:Drivers/CMSIS/Include/cmsis_gcc.h **** #ifndef   __NO_RETURN
  53:Drivers/CMSIS/Include/cmsis_gcc.h ****   #define __NO_RETURN                            __attribute__((__noreturn__))
  54:Drivers/CMSIS/Include/cmsis_gcc.h **** #endif
  55:Drivers/CMSIS/Include/cmsis_gcc.h **** #ifndef   __USED
  56:Drivers/CMSIS/Include/cmsis_gcc.h ****   #define __USED                                 __attribute__((used))
  57:Drivers/CMSIS/Include/cmsis_gcc.h **** #endif
  58:Drivers/CMSIS/Include/cmsis_gcc.h **** #ifndef   __WEAK
  59:Drivers/CMSIS/Include/cmsis_gcc.h ****   #define __WEAK                                 __attribute__((weak))
  60:Drivers/CMSIS/Include/cmsis_gcc.h **** #endif
  61:Drivers/CMSIS/Include/cmsis_gcc.h **** #ifndef   __PACKED
  62:Drivers/CMSIS/Include/cmsis_gcc.h ****   #define __PACKED                               __attribute__((packed, aligned(1)))
  63:Drivers/CMSIS/Include/cmsis_gcc.h **** #endif
  64:Drivers/CMSIS/Include/cmsis_gcc.h **** #ifndef   __PACKED_STRUCT
  65:Drivers/CMSIS/Include/cmsis_gcc.h ****   #define __PACKED_STRUCT                        struct __attribute__((packed, aligned(1)))
  66:Drivers/CMSIS/Include/cmsis_gcc.h **** #endif
  67:Drivers/CMSIS/Include/cmsis_gcc.h **** #ifndef   __PACKED_UNION
  68:Drivers/CMSIS/Include/cmsis_gcc.h ****   #define __PACKED_UNION                         union __attribute__((packed, aligned(1)))
  69:Drivers/CMSIS/Include/cmsis_gcc.h **** #endif
  70:Drivers/CMSIS/Include/cmsis_gcc.h **** #ifndef   __UNALIGNED_UINT32        /* deprecated */
  71:Drivers/CMSIS/Include/cmsis_gcc.h ****   #pragma GCC diagnostic push
  72:Drivers/CMSIS/Include/cmsis_gcc.h ****   #pragma GCC diagnostic ignored "-Wpacked"
  73:Drivers/CMSIS/Include/cmsis_gcc.h ****   #pragma GCC diagnostic ignored "-Wattributes"
  74:Drivers/CMSIS/Include/cmsis_gcc.h ****   struct __attribute__((packed)) T_UINT32 { uint32_t v; };
  75:Drivers/CMSIS/Include/cmsis_gcc.h ****   #pragma GCC diagnostic pop
  76:Drivers/CMSIS/Include/cmsis_gcc.h ****   #define __UNALIGNED_UINT32(x)                  (((struct T_UINT32 *)(x))->v)
  77:Drivers/CMSIS/Include/cmsis_gcc.h **** #endif
  78:Drivers/CMSIS/Include/cmsis_gcc.h **** #ifndef   __UNALIGNED_UINT16_WRITE
  79:Drivers/CMSIS/Include/cmsis_gcc.h ****   #pragma GCC diagnostic push
  80:Drivers/CMSIS/Include/cmsis_gcc.h ****   #pragma GCC diagnostic ignored "-Wpacked"
  81:Drivers/CMSIS/Include/cmsis_gcc.h ****   #pragma GCC diagnostic ignored "-Wattributes"
  82:Drivers/CMSIS/Include/cmsis_gcc.h ****   __PACKED_STRUCT T_UINT16_WRITE { uint16_t v; };
  83:Drivers/CMSIS/Include/cmsis_gcc.h ****   #pragma GCC diagnostic pop
  84:Drivers/CMSIS/Include/cmsis_gcc.h ****   #define __UNALIGNED_UINT16_WRITE(addr, val)    (void)((((struct T_UINT16_WRITE *)(void *)(addr))-
  85:Drivers/CMSIS/Include/cmsis_gcc.h **** #endif
  86:Drivers/CMSIS/Include/cmsis_gcc.h **** #ifndef   __UNALIGNED_UINT16_READ
  87:Drivers/CMSIS/Include/cmsis_gcc.h ****   #pragma GCC diagnostic push
  88:Drivers/CMSIS/Include/cmsis_gcc.h ****   #pragma GCC diagnostic ignored "-Wpacked"
  89:Drivers/CMSIS/Include/cmsis_gcc.h ****   #pragma GCC diagnostic ignored "-Wattributes"
  90:Drivers/CMSIS/Include/cmsis_gcc.h ****   __PACKED_STRUCT T_UINT16_READ { uint16_t v; };
  91:Drivers/CMSIS/Include/cmsis_gcc.h ****   #pragma GCC diagnostic pop
  92:Drivers/CMSIS/Include/cmsis_gcc.h ****   #define __UNALIGNED_UINT16_READ(addr)          (((const struct T_UINT16_READ *)(const void *)(add
  93:Drivers/CMSIS/Include/cmsis_gcc.h **** #endif
  94:Drivers/CMSIS/Include/cmsis_gcc.h **** #ifndef   __UNALIGNED_UINT32_WRITE
  95:Drivers/CMSIS/Include/cmsis_gcc.h ****   #pragma GCC diagnostic push
  96:Drivers/CMSIS/Include/cmsis_gcc.h ****   #pragma GCC diagnostic ignored "-Wpacked"
  97:Drivers/CMSIS/Include/cmsis_gcc.h ****   #pragma GCC diagnostic ignored "-Wattributes"
  98:Drivers/CMSIS/Include/cmsis_gcc.h ****   __PACKED_STRUCT T_UINT32_WRITE { uint32_t v; };
  99:Drivers/CMSIS/Include/cmsis_gcc.h ****   #pragma GCC diagnostic pop
 100:Drivers/CMSIS/Include/cmsis_gcc.h ****   #define __UNALIGNED_UINT32_WRITE(addr, val)    (void)((((struct T_UINT32_WRITE *)(void *)(addr))-
 101:Drivers/CMSIS/Include/cmsis_gcc.h **** #endif
ARM GAS  D:\software\msy64\tmp\ccpdUyAe.s 			page 10


 102:Drivers/CMSIS/Include/cmsis_gcc.h **** #ifndef   __UNALIGNED_UINT32_READ
 103:Drivers/CMSIS/Include/cmsis_gcc.h ****   #pragma GCC diagnostic push
 104:Drivers/CMSIS/Include/cmsis_gcc.h ****   #pragma GCC diagnostic ignored "-Wpacked"
 105:Drivers/CMSIS/Include/cmsis_gcc.h ****   #pragma GCC diagnostic ignored "-Wattributes"
 106:Drivers/CMSIS/Include/cmsis_gcc.h ****   __PACKED_STRUCT T_UINT32_READ { uint32_t v; };
 107:Drivers/CMSIS/Include/cmsis_gcc.h ****   #pragma GCC diagnostic pop
 108:Drivers/CMSIS/Include/cmsis_gcc.h ****   #define __UNALIGNED_UINT32_READ(addr)          (((const struct T_UINT32_READ *)(const void *)(add
 109:Drivers/CMSIS/Include/cmsis_gcc.h **** #endif
 110:Drivers/CMSIS/Include/cmsis_gcc.h **** #ifndef   __ALIGNED
 111:Drivers/CMSIS/Include/cmsis_gcc.h ****   #define __ALIGNED(x)                           __attribute__((aligned(x)))
 112:Drivers/CMSIS/Include/cmsis_gcc.h **** #endif
 113:Drivers/CMSIS/Include/cmsis_gcc.h **** #ifndef   __RESTRICT
 114:Drivers/CMSIS/Include/cmsis_gcc.h ****   #define __RESTRICT                             __restrict
 115:Drivers/CMSIS/Include/cmsis_gcc.h **** #endif
 116:Drivers/CMSIS/Include/cmsis_gcc.h **** #ifndef   __COMPILER_BARRIER
 117:Drivers/CMSIS/Include/cmsis_gcc.h ****   #define __COMPILER_BARRIER()                   __ASM volatile("":::"memory")
 118:Drivers/CMSIS/Include/cmsis_gcc.h **** #endif
 119:Drivers/CMSIS/Include/cmsis_gcc.h **** 
 120:Drivers/CMSIS/Include/cmsis_gcc.h **** /* #########################  Startup and Lowlevel Init  ######################## */
 121:Drivers/CMSIS/Include/cmsis_gcc.h **** 
 122:Drivers/CMSIS/Include/cmsis_gcc.h **** #ifndef __PROGRAM_START
 123:Drivers/CMSIS/Include/cmsis_gcc.h **** 
 124:Drivers/CMSIS/Include/cmsis_gcc.h **** /**
 125:Drivers/CMSIS/Include/cmsis_gcc.h ****   \brief   Initializes data and bss sections
 126:Drivers/CMSIS/Include/cmsis_gcc.h ****   \details This default implementations initialized all data and additional bss
 127:Drivers/CMSIS/Include/cmsis_gcc.h ****            sections relying on .copy.table and .zero.table specified properly
 128:Drivers/CMSIS/Include/cmsis_gcc.h ****            in the used linker script.
 129:Drivers/CMSIS/Include/cmsis_gcc.h **** 
 130:Drivers/CMSIS/Include/cmsis_gcc.h ****  */
 131:Drivers/CMSIS/Include/cmsis_gcc.h **** __STATIC_FORCEINLINE __NO_RETURN void __cmsis_start(void)
 132:Drivers/CMSIS/Include/cmsis_gcc.h **** {
 133:Drivers/CMSIS/Include/cmsis_gcc.h ****   extern void _start(void) __NO_RETURN;
 134:Drivers/CMSIS/Include/cmsis_gcc.h **** 
 135:Drivers/CMSIS/Include/cmsis_gcc.h ****   typedef struct {
 136:Drivers/CMSIS/Include/cmsis_gcc.h ****     uint32_t const* src;
 137:Drivers/CMSIS/Include/cmsis_gcc.h ****     uint32_t* dest;
 138:Drivers/CMSIS/Include/cmsis_gcc.h ****     uint32_t  wlen;
 139:Drivers/CMSIS/Include/cmsis_gcc.h ****   } __copy_table_t;
 140:Drivers/CMSIS/Include/cmsis_gcc.h **** 
 141:Drivers/CMSIS/Include/cmsis_gcc.h ****   typedef struct {
 142:Drivers/CMSIS/Include/cmsis_gcc.h ****     uint32_t* dest;
 143:Drivers/CMSIS/Include/cmsis_gcc.h ****     uint32_t  wlen;
 144:Drivers/CMSIS/Include/cmsis_gcc.h ****   } __zero_table_t;
 145:Drivers/CMSIS/Include/cmsis_gcc.h **** 
 146:Drivers/CMSIS/Include/cmsis_gcc.h ****   extern const __copy_table_t __copy_table_start__;
 147:Drivers/CMSIS/Include/cmsis_gcc.h ****   extern const __copy_table_t __copy_table_end__;
 148:Drivers/CMSIS/Include/cmsis_gcc.h ****   extern const __zero_table_t __zero_table_start__;
 149:Drivers/CMSIS/Include/cmsis_gcc.h ****   extern const __zero_table_t __zero_table_end__;
 150:Drivers/CMSIS/Include/cmsis_gcc.h **** 
 151:Drivers/CMSIS/Include/cmsis_gcc.h ****   for (__copy_table_t const* pTable = &__copy_table_start__; pTable < &__copy_table_end__; ++pTable
 152:Drivers/CMSIS/Include/cmsis_gcc.h ****     for(uint32_t i=0u; i<pTable->wlen; ++i) {
 153:Drivers/CMSIS/Include/cmsis_gcc.h ****       pTable->dest[i] = pTable->src[i];
 154:Drivers/CMSIS/Include/cmsis_gcc.h ****     }
 155:Drivers/CMSIS/Include/cmsis_gcc.h ****   }
 156:Drivers/CMSIS/Include/cmsis_gcc.h **** 
 157:Drivers/CMSIS/Include/cmsis_gcc.h ****   for (__zero_table_t const* pTable = &__zero_table_start__; pTable < &__zero_table_end__; ++pTable
 158:Drivers/CMSIS/Include/cmsis_gcc.h ****     for(uint32_t i=0u; i<pTable->wlen; ++i) {
ARM GAS  D:\software\msy64\tmp\ccpdUyAe.s 			page 11


 159:Drivers/CMSIS/Include/cmsis_gcc.h ****       pTable->dest[i] = 0u;
 160:Drivers/CMSIS/Include/cmsis_gcc.h ****     }
 161:Drivers/CMSIS/Include/cmsis_gcc.h ****   }
 162:Drivers/CMSIS/Include/cmsis_gcc.h **** 
 163:Drivers/CMSIS/Include/cmsis_gcc.h ****   _start();
 164:Drivers/CMSIS/Include/cmsis_gcc.h **** }
 165:Drivers/CMSIS/Include/cmsis_gcc.h **** 
 166:Drivers/CMSIS/Include/cmsis_gcc.h **** #define __PROGRAM_START           __cmsis_start
 167:Drivers/CMSIS/Include/cmsis_gcc.h **** #endif
 168:Drivers/CMSIS/Include/cmsis_gcc.h **** 
 169:Drivers/CMSIS/Include/cmsis_gcc.h **** #ifndef __INITIAL_SP
 170:Drivers/CMSIS/Include/cmsis_gcc.h **** #define __INITIAL_SP              __StackTop
 171:Drivers/CMSIS/Include/cmsis_gcc.h **** #endif
 172:Drivers/CMSIS/Include/cmsis_gcc.h **** 
 173:Drivers/CMSIS/Include/cmsis_gcc.h **** #ifndef __STACK_LIMIT
 174:Drivers/CMSIS/Include/cmsis_gcc.h **** #define __STACK_LIMIT             __StackLimit
 175:Drivers/CMSIS/Include/cmsis_gcc.h **** #endif
 176:Drivers/CMSIS/Include/cmsis_gcc.h **** 
 177:Drivers/CMSIS/Include/cmsis_gcc.h **** #ifndef __VECTOR_TABLE
 178:Drivers/CMSIS/Include/cmsis_gcc.h **** #define __VECTOR_TABLE            __Vectors
 179:Drivers/CMSIS/Include/cmsis_gcc.h **** #endif
 180:Drivers/CMSIS/Include/cmsis_gcc.h **** 
 181:Drivers/CMSIS/Include/cmsis_gcc.h **** #ifndef __VECTOR_TABLE_ATTRIBUTE
 182:Drivers/CMSIS/Include/cmsis_gcc.h **** #define __VECTOR_TABLE_ATTRIBUTE  __attribute__((used, section(".vectors")))
 183:Drivers/CMSIS/Include/cmsis_gcc.h **** #endif
 184:Drivers/CMSIS/Include/cmsis_gcc.h **** 
 185:Drivers/CMSIS/Include/cmsis_gcc.h **** #if defined (__ARM_FEATURE_CMSE) && (__ARM_FEATURE_CMSE == 3U)
 186:Drivers/CMSIS/Include/cmsis_gcc.h **** #ifndef __STACK_SEAL
 187:Drivers/CMSIS/Include/cmsis_gcc.h **** #define __STACK_SEAL              __StackSeal
 188:Drivers/CMSIS/Include/cmsis_gcc.h **** #endif
 189:Drivers/CMSIS/Include/cmsis_gcc.h **** 
 190:Drivers/CMSIS/Include/cmsis_gcc.h **** #ifndef __TZ_STACK_SEAL_SIZE
 191:Drivers/CMSIS/Include/cmsis_gcc.h **** #define __TZ_STACK_SEAL_SIZE      8U
 192:Drivers/CMSIS/Include/cmsis_gcc.h **** #endif
 193:Drivers/CMSIS/Include/cmsis_gcc.h **** 
 194:Drivers/CMSIS/Include/cmsis_gcc.h **** #ifndef __TZ_STACK_SEAL_VALUE
 195:Drivers/CMSIS/Include/cmsis_gcc.h **** #define __TZ_STACK_SEAL_VALUE     0xFEF5EDA5FEF5EDA5ULL
 196:Drivers/CMSIS/Include/cmsis_gcc.h **** #endif
 197:Drivers/CMSIS/Include/cmsis_gcc.h **** 
 198:Drivers/CMSIS/Include/cmsis_gcc.h **** 
 199:Drivers/CMSIS/Include/cmsis_gcc.h **** __STATIC_FORCEINLINE void __TZ_set_STACKSEAL_S (uint32_t* stackTop) {
 200:Drivers/CMSIS/Include/cmsis_gcc.h ****   *((uint64_t *)stackTop) = __TZ_STACK_SEAL_VALUE;
 201:Drivers/CMSIS/Include/cmsis_gcc.h **** }
 202:Drivers/CMSIS/Include/cmsis_gcc.h **** #endif
 203:Drivers/CMSIS/Include/cmsis_gcc.h **** 
 204:Drivers/CMSIS/Include/cmsis_gcc.h **** 
 205:Drivers/CMSIS/Include/cmsis_gcc.h **** /* ##########################  Core Instruction Access  ######################### */
 206:Drivers/CMSIS/Include/cmsis_gcc.h **** /** \defgroup CMSIS_Core_InstructionInterface CMSIS Core Instruction Interface
 207:Drivers/CMSIS/Include/cmsis_gcc.h ****   Access to dedicated instructions
 208:Drivers/CMSIS/Include/cmsis_gcc.h ****   @{
 209:Drivers/CMSIS/Include/cmsis_gcc.h **** */
 210:Drivers/CMSIS/Include/cmsis_gcc.h **** 
 211:Drivers/CMSIS/Include/cmsis_gcc.h **** /* Define macros for porting to both thumb1 and thumb2.
 212:Drivers/CMSIS/Include/cmsis_gcc.h ****  * For thumb1, use low register (r0-r7), specified by constraint "l"
 213:Drivers/CMSIS/Include/cmsis_gcc.h ****  * Otherwise, use general registers, specified by constraint "r" */
 214:Drivers/CMSIS/Include/cmsis_gcc.h **** #if defined (__thumb__) && !defined (__thumb2__)
 215:Drivers/CMSIS/Include/cmsis_gcc.h **** #define __CMSIS_GCC_OUT_REG(r) "=l" (r)
ARM GAS  D:\software\msy64\tmp\ccpdUyAe.s 			page 12


 216:Drivers/CMSIS/Include/cmsis_gcc.h **** #define __CMSIS_GCC_RW_REG(r) "+l" (r)
 217:Drivers/CMSIS/Include/cmsis_gcc.h **** #define __CMSIS_GCC_USE_REG(r) "l" (r)
 218:Drivers/CMSIS/Include/cmsis_gcc.h **** #else
 219:Drivers/CMSIS/Include/cmsis_gcc.h **** #define __CMSIS_GCC_OUT_REG(r) "=r" (r)
 220:Drivers/CMSIS/Include/cmsis_gcc.h **** #define __CMSIS_GCC_RW_REG(r) "+r" (r)
 221:Drivers/CMSIS/Include/cmsis_gcc.h **** #define __CMSIS_GCC_USE_REG(r) "r" (r)
 222:Drivers/CMSIS/Include/cmsis_gcc.h **** #endif
 223:Drivers/CMSIS/Include/cmsis_gcc.h **** 
 224:Drivers/CMSIS/Include/cmsis_gcc.h **** /**
 225:Drivers/CMSIS/Include/cmsis_gcc.h ****   \brief   No Operation
 226:Drivers/CMSIS/Include/cmsis_gcc.h ****   \details No Operation does nothing. This instruction can be used for code alignment purposes.
 227:Drivers/CMSIS/Include/cmsis_gcc.h ****  */
 228:Drivers/CMSIS/Include/cmsis_gcc.h **** #define __NOP()                             __ASM volatile ("nop")
 229:Drivers/CMSIS/Include/cmsis_gcc.h **** 
 230:Drivers/CMSIS/Include/cmsis_gcc.h **** /**
 231:Drivers/CMSIS/Include/cmsis_gcc.h ****   \brief   Wait For Interrupt
 232:Drivers/CMSIS/Include/cmsis_gcc.h ****   \details Wait For Interrupt is a hint instruction that suspends execution until one of a number o
 233:Drivers/CMSIS/Include/cmsis_gcc.h ****  */
 234:Drivers/CMSIS/Include/cmsis_gcc.h **** #define __WFI()                             __ASM volatile ("wfi":::"memory")
 235:Drivers/CMSIS/Include/cmsis_gcc.h **** 
 236:Drivers/CMSIS/Include/cmsis_gcc.h **** 
 237:Drivers/CMSIS/Include/cmsis_gcc.h **** /**
 238:Drivers/CMSIS/Include/cmsis_gcc.h ****   \brief   Wait For Event
 239:Drivers/CMSIS/Include/cmsis_gcc.h ****   \details Wait For Event is a hint instruction that permits the processor to enter
 240:Drivers/CMSIS/Include/cmsis_gcc.h ****            a low-power state until one of a number of events occurs.
 241:Drivers/CMSIS/Include/cmsis_gcc.h ****  */
 242:Drivers/CMSIS/Include/cmsis_gcc.h **** #define __WFE()                             __ASM volatile ("wfe":::"memory")
 243:Drivers/CMSIS/Include/cmsis_gcc.h **** 
 244:Drivers/CMSIS/Include/cmsis_gcc.h **** 
 245:Drivers/CMSIS/Include/cmsis_gcc.h **** /**
 246:Drivers/CMSIS/Include/cmsis_gcc.h ****   \brief   Send Event
 247:Drivers/CMSIS/Include/cmsis_gcc.h ****   \details Send Event is a hint instruction. It causes an event to be signaled to the CPU.
 248:Drivers/CMSIS/Include/cmsis_gcc.h ****  */
 249:Drivers/CMSIS/Include/cmsis_gcc.h **** #define __SEV()                             __ASM volatile ("sev")
 250:Drivers/CMSIS/Include/cmsis_gcc.h **** 
 251:Drivers/CMSIS/Include/cmsis_gcc.h **** 
 252:Drivers/CMSIS/Include/cmsis_gcc.h **** /**
 253:Drivers/CMSIS/Include/cmsis_gcc.h ****   \brief   Instruction Synchronization Barrier
 254:Drivers/CMSIS/Include/cmsis_gcc.h ****   \details Instruction Synchronization Barrier flushes the pipeline in the processor,
 255:Drivers/CMSIS/Include/cmsis_gcc.h ****            so that all instructions following the ISB are fetched from cache or memory,
 256:Drivers/CMSIS/Include/cmsis_gcc.h ****            after the instruction has been completed.
 257:Drivers/CMSIS/Include/cmsis_gcc.h ****  */
 258:Drivers/CMSIS/Include/cmsis_gcc.h **** __STATIC_FORCEINLINE void __ISB(void)
 259:Drivers/CMSIS/Include/cmsis_gcc.h **** {
 260:Drivers/CMSIS/Include/cmsis_gcc.h ****   __ASM volatile ("isb 0xF":::"memory");
 261:Drivers/CMSIS/Include/cmsis_gcc.h **** }
 262:Drivers/CMSIS/Include/cmsis_gcc.h **** 
 263:Drivers/CMSIS/Include/cmsis_gcc.h **** 
 264:Drivers/CMSIS/Include/cmsis_gcc.h **** /**
 265:Drivers/CMSIS/Include/cmsis_gcc.h ****   \brief   Data Synchronization Barrier
 266:Drivers/CMSIS/Include/cmsis_gcc.h ****   \details Acts as a special kind of Data Memory Barrier.
 267:Drivers/CMSIS/Include/cmsis_gcc.h ****            It completes when all explicit memory accesses before this instruction complete.
 268:Drivers/CMSIS/Include/cmsis_gcc.h ****  */
 269:Drivers/CMSIS/Include/cmsis_gcc.h **** __STATIC_FORCEINLINE void __DSB(void)
 270:Drivers/CMSIS/Include/cmsis_gcc.h **** {
 271:Drivers/CMSIS/Include/cmsis_gcc.h ****   __ASM volatile ("dsb 0xF":::"memory");
 272:Drivers/CMSIS/Include/cmsis_gcc.h **** }
ARM GAS  D:\software\msy64\tmp\ccpdUyAe.s 			page 13


 273:Drivers/CMSIS/Include/cmsis_gcc.h **** 
 274:Drivers/CMSIS/Include/cmsis_gcc.h **** 
 275:Drivers/CMSIS/Include/cmsis_gcc.h **** /**
 276:Drivers/CMSIS/Include/cmsis_gcc.h ****   \brief   Data Memory Barrier
 277:Drivers/CMSIS/Include/cmsis_gcc.h ****   \details Ensures the apparent order of the explicit memory operations before
 278:Drivers/CMSIS/Include/cmsis_gcc.h ****            and after the instruction, without ensuring their completion.
 279:Drivers/CMSIS/Include/cmsis_gcc.h ****  */
 280:Drivers/CMSIS/Include/cmsis_gcc.h **** __STATIC_FORCEINLINE void __DMB(void)
 281:Drivers/CMSIS/Include/cmsis_gcc.h **** {
 282:Drivers/CMSIS/Include/cmsis_gcc.h ****   __ASM volatile ("dmb 0xF":::"memory");
 283:Drivers/CMSIS/Include/cmsis_gcc.h **** }
 284:Drivers/CMSIS/Include/cmsis_gcc.h **** 
 285:Drivers/CMSIS/Include/cmsis_gcc.h **** 
 286:Drivers/CMSIS/Include/cmsis_gcc.h **** /**
 287:Drivers/CMSIS/Include/cmsis_gcc.h ****   \brief   Reverse byte order (32 bit)
 288:Drivers/CMSIS/Include/cmsis_gcc.h ****   \details Reverses the byte order in unsigned integer value. For example, 0x12345678 becomes 0x785
 289:Drivers/CMSIS/Include/cmsis_gcc.h ****   \param [in]    value  Value to reverse
 290:Drivers/CMSIS/Include/cmsis_gcc.h ****   \return               Reversed value
 291:Drivers/CMSIS/Include/cmsis_gcc.h ****  */
 292:Drivers/CMSIS/Include/cmsis_gcc.h **** __STATIC_FORCEINLINE uint32_t __REV(uint32_t value)
 293:Drivers/CMSIS/Include/cmsis_gcc.h **** {
 294:Drivers/CMSIS/Include/cmsis_gcc.h **** #if (__GNUC__ > 4) || (__GNUC__ == 4 && __GNUC_MINOR__ >= 5)
 295:Drivers/CMSIS/Include/cmsis_gcc.h ****   return __builtin_bswap32(value);
 296:Drivers/CMSIS/Include/cmsis_gcc.h **** #else
 297:Drivers/CMSIS/Include/cmsis_gcc.h ****   uint32_t result;
 298:Drivers/CMSIS/Include/cmsis_gcc.h **** 
 299:Drivers/CMSIS/Include/cmsis_gcc.h ****   __ASM ("rev %0, %1" : __CMSIS_GCC_OUT_REG (result) : __CMSIS_GCC_USE_REG (value) );
 300:Drivers/CMSIS/Include/cmsis_gcc.h ****   return result;
 301:Drivers/CMSIS/Include/cmsis_gcc.h **** #endif
 302:Drivers/CMSIS/Include/cmsis_gcc.h **** }
 303:Drivers/CMSIS/Include/cmsis_gcc.h **** 
 304:Drivers/CMSIS/Include/cmsis_gcc.h **** 
 305:Drivers/CMSIS/Include/cmsis_gcc.h **** /**
 306:Drivers/CMSIS/Include/cmsis_gcc.h ****   \brief   Reverse byte order (16 bit)
 307:Drivers/CMSIS/Include/cmsis_gcc.h ****   \details Reverses the byte order within each halfword of a word. For example, 0x12345678 becomes 
 308:Drivers/CMSIS/Include/cmsis_gcc.h ****   \param [in]    value  Value to reverse
 309:Drivers/CMSIS/Include/cmsis_gcc.h ****   \return               Reversed value
 310:Drivers/CMSIS/Include/cmsis_gcc.h ****  */
 311:Drivers/CMSIS/Include/cmsis_gcc.h **** __STATIC_FORCEINLINE uint32_t __REV16(uint32_t value)
 312:Drivers/CMSIS/Include/cmsis_gcc.h **** {
 313:Drivers/CMSIS/Include/cmsis_gcc.h ****   uint32_t result;
 314:Drivers/CMSIS/Include/cmsis_gcc.h **** 
 315:Drivers/CMSIS/Include/cmsis_gcc.h ****   __ASM ("rev16 %0, %1" : __CMSIS_GCC_OUT_REG (result) : __CMSIS_GCC_USE_REG (value) );
 316:Drivers/CMSIS/Include/cmsis_gcc.h ****   return result;
 317:Drivers/CMSIS/Include/cmsis_gcc.h **** }
 318:Drivers/CMSIS/Include/cmsis_gcc.h **** 
 319:Drivers/CMSIS/Include/cmsis_gcc.h **** 
 320:Drivers/CMSIS/Include/cmsis_gcc.h **** /**
 321:Drivers/CMSIS/Include/cmsis_gcc.h ****   \brief   Reverse byte order (16 bit)
 322:Drivers/CMSIS/Include/cmsis_gcc.h ****   \details Reverses the byte order in a 16-bit value and returns the signed 16-bit result. For exam
 323:Drivers/CMSIS/Include/cmsis_gcc.h ****   \param [in]    value  Value to reverse
 324:Drivers/CMSIS/Include/cmsis_gcc.h ****   \return               Reversed value
 325:Drivers/CMSIS/Include/cmsis_gcc.h ****  */
 326:Drivers/CMSIS/Include/cmsis_gcc.h **** __STATIC_FORCEINLINE int16_t __REVSH(int16_t value)
 327:Drivers/CMSIS/Include/cmsis_gcc.h **** {
 328:Drivers/CMSIS/Include/cmsis_gcc.h **** #if (__GNUC__ > 4) || (__GNUC__ == 4 && __GNUC_MINOR__ >= 8)
 329:Drivers/CMSIS/Include/cmsis_gcc.h ****   return (int16_t)__builtin_bswap16(value);
ARM GAS  D:\software\msy64\tmp\ccpdUyAe.s 			page 14


 330:Drivers/CMSIS/Include/cmsis_gcc.h **** #else
 331:Drivers/CMSIS/Include/cmsis_gcc.h ****   int16_t result;
 332:Drivers/CMSIS/Include/cmsis_gcc.h **** 
 333:Drivers/CMSIS/Include/cmsis_gcc.h ****   __ASM ("revsh %0, %1" : __CMSIS_GCC_OUT_REG (result) : __CMSIS_GCC_USE_REG (value) );
 334:Drivers/CMSIS/Include/cmsis_gcc.h ****   return result;
 335:Drivers/CMSIS/Include/cmsis_gcc.h **** #endif
 336:Drivers/CMSIS/Include/cmsis_gcc.h **** }
 337:Drivers/CMSIS/Include/cmsis_gcc.h **** 
 338:Drivers/CMSIS/Include/cmsis_gcc.h **** 
 339:Drivers/CMSIS/Include/cmsis_gcc.h **** /**
 340:Drivers/CMSIS/Include/cmsis_gcc.h ****   \brief   Rotate Right in unsigned value (32 bit)
 341:Drivers/CMSIS/Include/cmsis_gcc.h ****   \details Rotate Right (immediate) provides the value of the contents of a register rotated by a v
 342:Drivers/CMSIS/Include/cmsis_gcc.h ****   \param [in]    op1  Value to rotate
 343:Drivers/CMSIS/Include/cmsis_gcc.h ****   \param [in]    op2  Number of Bits to rotate
 344:Drivers/CMSIS/Include/cmsis_gcc.h ****   \return               Rotated value
 345:Drivers/CMSIS/Include/cmsis_gcc.h ****  */
 346:Drivers/CMSIS/Include/cmsis_gcc.h **** __STATIC_FORCEINLINE uint32_t __ROR(uint32_t op1, uint32_t op2)
 347:Drivers/CMSIS/Include/cmsis_gcc.h **** {
 348:Drivers/CMSIS/Include/cmsis_gcc.h ****   op2 %= 32U;
 349:Drivers/CMSIS/Include/cmsis_gcc.h ****   if (op2 == 0U)
 350:Drivers/CMSIS/Include/cmsis_gcc.h ****   {
 351:Drivers/CMSIS/Include/cmsis_gcc.h ****     return op1;
 352:Drivers/CMSIS/Include/cmsis_gcc.h ****   }
 353:Drivers/CMSIS/Include/cmsis_gcc.h ****   return (op1 >> op2) | (op1 << (32U - op2));
 354:Drivers/CMSIS/Include/cmsis_gcc.h **** }
 355:Drivers/CMSIS/Include/cmsis_gcc.h **** 
 356:Drivers/CMSIS/Include/cmsis_gcc.h **** 
 357:Drivers/CMSIS/Include/cmsis_gcc.h **** /**
 358:Drivers/CMSIS/Include/cmsis_gcc.h ****   \brief   Breakpoint
 359:Drivers/CMSIS/Include/cmsis_gcc.h ****   \details Causes the processor to enter Debug state.
 360:Drivers/CMSIS/Include/cmsis_gcc.h ****            Debug tools can use this to investigate system state when the instruction at a particula
 361:Drivers/CMSIS/Include/cmsis_gcc.h ****   \param [in]    value  is ignored by the processor.
 362:Drivers/CMSIS/Include/cmsis_gcc.h ****                  If required, a debugger can use it to store additional information about the break
 363:Drivers/CMSIS/Include/cmsis_gcc.h ****  */
 364:Drivers/CMSIS/Include/cmsis_gcc.h **** #define __BKPT(value)                       __ASM volatile ("bkpt "#value)
 365:Drivers/CMSIS/Include/cmsis_gcc.h **** 
 366:Drivers/CMSIS/Include/cmsis_gcc.h **** 
 367:Drivers/CMSIS/Include/cmsis_gcc.h **** /**
 368:Drivers/CMSIS/Include/cmsis_gcc.h ****   \brief   Reverse bit order of value
 369:Drivers/CMSIS/Include/cmsis_gcc.h ****   \details Reverses the bit order of the given value.
 370:Drivers/CMSIS/Include/cmsis_gcc.h ****   \param [in]    value  Value to reverse
 371:Drivers/CMSIS/Include/cmsis_gcc.h ****   \return               Reversed value
 372:Drivers/CMSIS/Include/cmsis_gcc.h ****  */
 373:Drivers/CMSIS/Include/cmsis_gcc.h **** __STATIC_FORCEINLINE uint32_t __RBIT(uint32_t value)
 374:Drivers/CMSIS/Include/cmsis_gcc.h **** {
 375:Drivers/CMSIS/Include/cmsis_gcc.h ****   uint32_t result;
 376:Drivers/CMSIS/Include/cmsis_gcc.h **** 
 377:Drivers/CMSIS/Include/cmsis_gcc.h **** #if ((defined (__ARM_ARCH_7M__      ) && (__ARM_ARCH_7M__      == 1)) || \
 378:Drivers/CMSIS/Include/cmsis_gcc.h ****      (defined (__ARM_ARCH_7EM__     ) && (__ARM_ARCH_7EM__     == 1)) || \
 379:Drivers/CMSIS/Include/cmsis_gcc.h ****      (defined (__ARM_ARCH_8M_MAIN__ ) && (__ARM_ARCH_8M_MAIN__ == 1))    )
 380:Drivers/CMSIS/Include/cmsis_gcc.h ****    __ASM ("rbit %0, %1" : "=r" (result) : "r" (value) );
 381:Drivers/CMSIS/Include/cmsis_gcc.h **** #else
 382:Drivers/CMSIS/Include/cmsis_gcc.h ****   uint32_t s = (4U /*sizeof(v)*/ * 8U) - 1U; /* extra shift needed at end */
 383:Drivers/CMSIS/Include/cmsis_gcc.h **** 
 384:Drivers/CMSIS/Include/cmsis_gcc.h ****   result = value;                      /* r will be reversed bits of v; first get LSB of v */
 385:Drivers/CMSIS/Include/cmsis_gcc.h ****   for (value >>= 1U; value != 0U; value >>= 1U)
 386:Drivers/CMSIS/Include/cmsis_gcc.h ****   {
ARM GAS  D:\software\msy64\tmp\ccpdUyAe.s 			page 15


 387:Drivers/CMSIS/Include/cmsis_gcc.h ****     result <<= 1U;
 388:Drivers/CMSIS/Include/cmsis_gcc.h ****     result |= value & 1U;
 389:Drivers/CMSIS/Include/cmsis_gcc.h ****     s--;
 390:Drivers/CMSIS/Include/cmsis_gcc.h ****   }
 391:Drivers/CMSIS/Include/cmsis_gcc.h ****   result <<= s;                        /* shift when v's highest bits are zero */
 392:Drivers/CMSIS/Include/cmsis_gcc.h **** #endif
 393:Drivers/CMSIS/Include/cmsis_gcc.h ****   return result;
 394:Drivers/CMSIS/Include/cmsis_gcc.h **** }
 395:Drivers/CMSIS/Include/cmsis_gcc.h **** 
 396:Drivers/CMSIS/Include/cmsis_gcc.h **** 
 397:Drivers/CMSIS/Include/cmsis_gcc.h **** /**
 398:Drivers/CMSIS/Include/cmsis_gcc.h ****   \brief   Count leading zeros
 399:Drivers/CMSIS/Include/cmsis_gcc.h ****   \details Counts the number of leading zeros of a data value.
 400:Drivers/CMSIS/Include/cmsis_gcc.h ****   \param [in]  value  Value to count the leading zeros
 401:Drivers/CMSIS/Include/cmsis_gcc.h ****   \return             number of leading zeros in value
 402:Drivers/CMSIS/Include/cmsis_gcc.h ****  */
 403:Drivers/CMSIS/Include/cmsis_gcc.h **** __STATIC_FORCEINLINE uint8_t __CLZ(uint32_t value)
 404:Drivers/CMSIS/Include/cmsis_gcc.h **** {
 405:Drivers/CMSIS/Include/cmsis_gcc.h ****   /* Even though __builtin_clz produces a CLZ instruction on ARM, formally
 406:Drivers/CMSIS/Include/cmsis_gcc.h ****      __builtin_clz(0) is undefined behaviour, so handle this case specially.
 407:Drivers/CMSIS/Include/cmsis_gcc.h ****      This guarantees ARM-compatible results if happening to compile on a non-ARM
 408:Drivers/CMSIS/Include/cmsis_gcc.h ****      target, and ensures the compiler doesn't decide to activate any
 409:Drivers/CMSIS/Include/cmsis_gcc.h ****      optimisations using the logic "value was passed to __builtin_clz, so it
 410:Drivers/CMSIS/Include/cmsis_gcc.h ****      is non-zero".
 411:Drivers/CMSIS/Include/cmsis_gcc.h ****      ARM GCC 7.3 and possibly earlier will optimise this test away, leaving a
 412:Drivers/CMSIS/Include/cmsis_gcc.h ****      single CLZ instruction.
 413:Drivers/CMSIS/Include/cmsis_gcc.h ****    */
 414:Drivers/CMSIS/Include/cmsis_gcc.h ****   if (value == 0U)
 415:Drivers/CMSIS/Include/cmsis_gcc.h ****   {
 416:Drivers/CMSIS/Include/cmsis_gcc.h ****     return 32U;
 417:Drivers/CMSIS/Include/cmsis_gcc.h ****   }
 418:Drivers/CMSIS/Include/cmsis_gcc.h ****   return __builtin_clz(value);
 419:Drivers/CMSIS/Include/cmsis_gcc.h **** }
 420:Drivers/CMSIS/Include/cmsis_gcc.h **** 
 421:Drivers/CMSIS/Include/cmsis_gcc.h **** 
 422:Drivers/CMSIS/Include/cmsis_gcc.h **** #if ((defined (__ARM_ARCH_7M__      ) && (__ARM_ARCH_7M__      == 1)) || \
 423:Drivers/CMSIS/Include/cmsis_gcc.h ****      (defined (__ARM_ARCH_7EM__     ) && (__ARM_ARCH_7EM__     == 1)) || \
 424:Drivers/CMSIS/Include/cmsis_gcc.h ****      (defined (__ARM_ARCH_8M_MAIN__ ) && (__ARM_ARCH_8M_MAIN__ == 1)) || \
 425:Drivers/CMSIS/Include/cmsis_gcc.h ****      (defined (__ARM_ARCH_8M_BASE__ ) && (__ARM_ARCH_8M_BASE__ == 1))    )
 426:Drivers/CMSIS/Include/cmsis_gcc.h **** /**
 427:Drivers/CMSIS/Include/cmsis_gcc.h ****   \brief   LDR Exclusive (8 bit)
 428:Drivers/CMSIS/Include/cmsis_gcc.h ****   \details Executes a exclusive LDR instruction for 8 bit value.
 429:Drivers/CMSIS/Include/cmsis_gcc.h ****   \param [in]    ptr  Pointer to data
 430:Drivers/CMSIS/Include/cmsis_gcc.h ****   \return             value of type uint8_t at (*ptr)
 431:Drivers/CMSIS/Include/cmsis_gcc.h ****  */
 432:Drivers/CMSIS/Include/cmsis_gcc.h **** __STATIC_FORCEINLINE uint8_t __LDREXB(volatile uint8_t *addr)
 433:Drivers/CMSIS/Include/cmsis_gcc.h **** {
 434:Drivers/CMSIS/Include/cmsis_gcc.h ****     uint32_t result;
 435:Drivers/CMSIS/Include/cmsis_gcc.h **** 
 436:Drivers/CMSIS/Include/cmsis_gcc.h **** #if (__GNUC__ > 4) || (__GNUC__ == 4 && __GNUC_MINOR__ >= 8)
 437:Drivers/CMSIS/Include/cmsis_gcc.h ****    __ASM volatile ("ldrexb %0, %1" : "=r" (result) : "Q" (*addr) );
 438:Drivers/CMSIS/Include/cmsis_gcc.h **** #else
 439:Drivers/CMSIS/Include/cmsis_gcc.h ****     /* Prior to GCC 4.8, "Q" will be expanded to [rx, #0] which is not
 440:Drivers/CMSIS/Include/cmsis_gcc.h ****        accepted by assembler. So has to use following less efficient pattern.
 441:Drivers/CMSIS/Include/cmsis_gcc.h ****     */
 442:Drivers/CMSIS/Include/cmsis_gcc.h ****    __ASM volatile ("ldrexb %0, [%1]" : "=r" (result) : "r" (addr) : "memory" );
 443:Drivers/CMSIS/Include/cmsis_gcc.h **** #endif
ARM GAS  D:\software\msy64\tmp\ccpdUyAe.s 			page 16


 444:Drivers/CMSIS/Include/cmsis_gcc.h ****    return ((uint8_t) result);    /* Add explicit type cast here */
 445:Drivers/CMSIS/Include/cmsis_gcc.h **** }
 446:Drivers/CMSIS/Include/cmsis_gcc.h **** 
 447:Drivers/CMSIS/Include/cmsis_gcc.h **** 
 448:Drivers/CMSIS/Include/cmsis_gcc.h **** /**
 449:Drivers/CMSIS/Include/cmsis_gcc.h ****   \brief   LDR Exclusive (16 bit)
 450:Drivers/CMSIS/Include/cmsis_gcc.h ****   \details Executes a exclusive LDR instruction for 16 bit values.
 451:Drivers/CMSIS/Include/cmsis_gcc.h ****   \param [in]    ptr  Pointer to data
 452:Drivers/CMSIS/Include/cmsis_gcc.h ****   \return        value of type uint16_t at (*ptr)
 453:Drivers/CMSIS/Include/cmsis_gcc.h ****  */
 454:Drivers/CMSIS/Include/cmsis_gcc.h **** __STATIC_FORCEINLINE uint16_t __LDREXH(volatile uint16_t *addr)
 455:Drivers/CMSIS/Include/cmsis_gcc.h **** {
 456:Drivers/CMSIS/Include/cmsis_gcc.h ****     uint32_t result;
 457:Drivers/CMSIS/Include/cmsis_gcc.h **** 
 458:Drivers/CMSIS/Include/cmsis_gcc.h **** #if (__GNUC__ > 4) || (__GNUC__ == 4 && __GNUC_MINOR__ >= 8)
 459:Drivers/CMSIS/Include/cmsis_gcc.h ****    __ASM volatile ("ldrexh %0, %1" : "=r" (result) : "Q" (*addr) );
 460:Drivers/CMSIS/Include/cmsis_gcc.h **** #else
 461:Drivers/CMSIS/Include/cmsis_gcc.h ****     /* Prior to GCC 4.8, "Q" will be expanded to [rx, #0] which is not
 462:Drivers/CMSIS/Include/cmsis_gcc.h ****        accepted by assembler. So has to use following less efficient pattern.
 463:Drivers/CMSIS/Include/cmsis_gcc.h ****     */
 464:Drivers/CMSIS/Include/cmsis_gcc.h ****    __ASM volatile ("ldrexh %0, [%1]" : "=r" (result) : "r" (addr) : "memory" );
 465:Drivers/CMSIS/Include/cmsis_gcc.h **** #endif
 466:Drivers/CMSIS/Include/cmsis_gcc.h ****    return ((uint16_t) result);    /* Add explicit type cast here */
 467:Drivers/CMSIS/Include/cmsis_gcc.h **** }
 468:Drivers/CMSIS/Include/cmsis_gcc.h **** 
 469:Drivers/CMSIS/Include/cmsis_gcc.h **** 
 470:Drivers/CMSIS/Include/cmsis_gcc.h **** /**
 471:Drivers/CMSIS/Include/cmsis_gcc.h ****   \brief   LDR Exclusive (32 bit)
 472:Drivers/CMSIS/Include/cmsis_gcc.h ****   \details Executes a exclusive LDR instruction for 32 bit values.
 473:Drivers/CMSIS/Include/cmsis_gcc.h ****   \param [in]    ptr  Pointer to data
 474:Drivers/CMSIS/Include/cmsis_gcc.h ****   \return        value of type uint32_t at (*ptr)
 475:Drivers/CMSIS/Include/cmsis_gcc.h ****  */
 476:Drivers/CMSIS/Include/cmsis_gcc.h **** __STATIC_FORCEINLINE uint32_t __LDREXW(volatile uint32_t *addr)
 477:Drivers/CMSIS/Include/cmsis_gcc.h **** {
 478:Drivers/CMSIS/Include/cmsis_gcc.h ****     uint32_t result;
 479:Drivers/CMSIS/Include/cmsis_gcc.h **** 
 480:Drivers/CMSIS/Include/cmsis_gcc.h ****    __ASM volatile ("ldrex %0, %1" : "=r" (result) : "Q" (*addr) );
 481:Drivers/CMSIS/Include/cmsis_gcc.h ****    return(result);
 482:Drivers/CMSIS/Include/cmsis_gcc.h **** }
 483:Drivers/CMSIS/Include/cmsis_gcc.h **** 
 484:Drivers/CMSIS/Include/cmsis_gcc.h **** 
 485:Drivers/CMSIS/Include/cmsis_gcc.h **** /**
 486:Drivers/CMSIS/Include/cmsis_gcc.h ****   \brief   STR Exclusive (8 bit)
 487:Drivers/CMSIS/Include/cmsis_gcc.h ****   \details Executes a exclusive STR instruction for 8 bit values.
 488:Drivers/CMSIS/Include/cmsis_gcc.h ****   \param [in]  value  Value to store
 489:Drivers/CMSIS/Include/cmsis_gcc.h ****   \param [in]    ptr  Pointer to location
 490:Drivers/CMSIS/Include/cmsis_gcc.h ****   \return          0  Function succeeded
 491:Drivers/CMSIS/Include/cmsis_gcc.h ****   \return          1  Function failed
 492:Drivers/CMSIS/Include/cmsis_gcc.h ****  */
 493:Drivers/CMSIS/Include/cmsis_gcc.h **** __STATIC_FORCEINLINE uint32_t __STREXB(uint8_t value, volatile uint8_t *addr)
 494:Drivers/CMSIS/Include/cmsis_gcc.h **** {
 495:Drivers/CMSIS/Include/cmsis_gcc.h ****    uint32_t result;
 496:Drivers/CMSIS/Include/cmsis_gcc.h **** 
 497:Drivers/CMSIS/Include/cmsis_gcc.h ****    __ASM volatile ("strexb %0, %2, %1" : "=&r" (result), "=Q" (*addr) : "r" ((uint32_t)value) );
 498:Drivers/CMSIS/Include/cmsis_gcc.h ****    return(result);
 499:Drivers/CMSIS/Include/cmsis_gcc.h **** }
 500:Drivers/CMSIS/Include/cmsis_gcc.h **** 
ARM GAS  D:\software\msy64\tmp\ccpdUyAe.s 			page 17


 501:Drivers/CMSIS/Include/cmsis_gcc.h **** 
 502:Drivers/CMSIS/Include/cmsis_gcc.h **** /**
 503:Drivers/CMSIS/Include/cmsis_gcc.h ****   \brief   STR Exclusive (16 bit)
 504:Drivers/CMSIS/Include/cmsis_gcc.h ****   \details Executes a exclusive STR instruction for 16 bit values.
 505:Drivers/CMSIS/Include/cmsis_gcc.h ****   \param [in]  value  Value to store
 506:Drivers/CMSIS/Include/cmsis_gcc.h ****   \param [in]    ptr  Pointer to location
 507:Drivers/CMSIS/Include/cmsis_gcc.h ****   \return          0  Function succeeded
 508:Drivers/CMSIS/Include/cmsis_gcc.h ****   \return          1  Function failed
 509:Drivers/CMSIS/Include/cmsis_gcc.h ****  */
 510:Drivers/CMSIS/Include/cmsis_gcc.h **** __STATIC_FORCEINLINE uint32_t __STREXH(uint16_t value, volatile uint16_t *addr)
 511:Drivers/CMSIS/Include/cmsis_gcc.h **** {
 512:Drivers/CMSIS/Include/cmsis_gcc.h ****    uint32_t result;
 513:Drivers/CMSIS/Include/cmsis_gcc.h **** 
 514:Drivers/CMSIS/Include/cmsis_gcc.h ****    __ASM volatile ("strexh %0, %2, %1" : "=&r" (result), "=Q" (*addr) : "r" ((uint32_t)value) );
 515:Drivers/CMSIS/Include/cmsis_gcc.h ****    return(result);
 516:Drivers/CMSIS/Include/cmsis_gcc.h **** }
 517:Drivers/CMSIS/Include/cmsis_gcc.h **** 
 518:Drivers/CMSIS/Include/cmsis_gcc.h **** 
 519:Drivers/CMSIS/Include/cmsis_gcc.h **** /**
 520:Drivers/CMSIS/Include/cmsis_gcc.h ****   \brief   STR Exclusive (32 bit)
 521:Drivers/CMSIS/Include/cmsis_gcc.h ****   \details Executes a exclusive STR instruction for 32 bit values.
 522:Drivers/CMSIS/Include/cmsis_gcc.h ****   \param [in]  value  Value to store
 523:Drivers/CMSIS/Include/cmsis_gcc.h ****   \param [in]    ptr  Pointer to location
 524:Drivers/CMSIS/Include/cmsis_gcc.h ****   \return          0  Function succeeded
 525:Drivers/CMSIS/Include/cmsis_gcc.h ****   \return          1  Function failed
 526:Drivers/CMSIS/Include/cmsis_gcc.h ****  */
 527:Drivers/CMSIS/Include/cmsis_gcc.h **** __STATIC_FORCEINLINE uint32_t __STREXW(uint32_t value, volatile uint32_t *addr)
 528:Drivers/CMSIS/Include/cmsis_gcc.h **** {
 529:Drivers/CMSIS/Include/cmsis_gcc.h ****    uint32_t result;
 530:Drivers/CMSIS/Include/cmsis_gcc.h **** 
 531:Drivers/CMSIS/Include/cmsis_gcc.h ****    __ASM volatile ("strex %0, %2, %1" : "=&r" (result), "=Q" (*addr) : "r" (value) );
 532:Drivers/CMSIS/Include/cmsis_gcc.h ****    return(result);
 533:Drivers/CMSIS/Include/cmsis_gcc.h **** }
 534:Drivers/CMSIS/Include/cmsis_gcc.h **** 
 535:Drivers/CMSIS/Include/cmsis_gcc.h **** 
 536:Drivers/CMSIS/Include/cmsis_gcc.h **** /**
 537:Drivers/CMSIS/Include/cmsis_gcc.h ****   \brief   Remove the exclusive lock
 538:Drivers/CMSIS/Include/cmsis_gcc.h ****   \details Removes the exclusive lock which is created by LDREX.
 539:Drivers/CMSIS/Include/cmsis_gcc.h ****  */
 540:Drivers/CMSIS/Include/cmsis_gcc.h **** __STATIC_FORCEINLINE void __CLREX(void)
 541:Drivers/CMSIS/Include/cmsis_gcc.h **** {
 542:Drivers/CMSIS/Include/cmsis_gcc.h ****   __ASM volatile ("clrex" ::: "memory");
 543:Drivers/CMSIS/Include/cmsis_gcc.h **** }
 544:Drivers/CMSIS/Include/cmsis_gcc.h **** 
 545:Drivers/CMSIS/Include/cmsis_gcc.h **** #endif /* ((defined (__ARM_ARCH_7M__      ) && (__ARM_ARCH_7M__      == 1)) || \
 546:Drivers/CMSIS/Include/cmsis_gcc.h ****            (defined (__ARM_ARCH_7EM__     ) && (__ARM_ARCH_7EM__     == 1)) || \
 547:Drivers/CMSIS/Include/cmsis_gcc.h ****            (defined (__ARM_ARCH_8M_MAIN__ ) && (__ARM_ARCH_8M_MAIN__ == 1)) || \
 548:Drivers/CMSIS/Include/cmsis_gcc.h ****            (defined (__ARM_ARCH_8M_BASE__ ) && (__ARM_ARCH_8M_BASE__ == 1))    ) */
 549:Drivers/CMSIS/Include/cmsis_gcc.h **** 
 550:Drivers/CMSIS/Include/cmsis_gcc.h **** 
 551:Drivers/CMSIS/Include/cmsis_gcc.h **** #if ((defined (__ARM_ARCH_7M__      ) && (__ARM_ARCH_7M__      == 1)) || \
 552:Drivers/CMSIS/Include/cmsis_gcc.h ****      (defined (__ARM_ARCH_7EM__     ) && (__ARM_ARCH_7EM__     == 1)) || \
 553:Drivers/CMSIS/Include/cmsis_gcc.h ****      (defined (__ARM_ARCH_8M_MAIN__ ) && (__ARM_ARCH_8M_MAIN__ == 1))    )
 554:Drivers/CMSIS/Include/cmsis_gcc.h **** /**
 555:Drivers/CMSIS/Include/cmsis_gcc.h ****   \brief   Signed Saturate
 556:Drivers/CMSIS/Include/cmsis_gcc.h ****   \details Saturates a signed value.
 557:Drivers/CMSIS/Include/cmsis_gcc.h ****   \param [in]  ARG1  Value to be saturated
ARM GAS  D:\software\msy64\tmp\ccpdUyAe.s 			page 18


 558:Drivers/CMSIS/Include/cmsis_gcc.h ****   \param [in]  ARG2  Bit position to saturate to (1..32)
 559:Drivers/CMSIS/Include/cmsis_gcc.h ****   \return             Saturated value
 560:Drivers/CMSIS/Include/cmsis_gcc.h ****  */
 561:Drivers/CMSIS/Include/cmsis_gcc.h **** #define __SSAT(ARG1, ARG2) \
 562:Drivers/CMSIS/Include/cmsis_gcc.h **** __extension__ \
 563:Drivers/CMSIS/Include/cmsis_gcc.h **** ({                          \
 564:Drivers/CMSIS/Include/cmsis_gcc.h ****   int32_t __RES, __ARG1 = (ARG1); \
 565:Drivers/CMSIS/Include/cmsis_gcc.h ****   __ASM volatile ("ssat %0, %1, %2" : "=r" (__RES) :  "I" (ARG2), "r" (__ARG1) : "cc" ); \
 566:Drivers/CMSIS/Include/cmsis_gcc.h ****   __RES; \
 567:Drivers/CMSIS/Include/cmsis_gcc.h ****  })
 568:Drivers/CMSIS/Include/cmsis_gcc.h **** 
 569:Drivers/CMSIS/Include/cmsis_gcc.h **** 
 570:Drivers/CMSIS/Include/cmsis_gcc.h **** /**
 571:Drivers/CMSIS/Include/cmsis_gcc.h ****   \brief   Unsigned Saturate
 572:Drivers/CMSIS/Include/cmsis_gcc.h ****   \details Saturates an unsigned value.
 573:Drivers/CMSIS/Include/cmsis_gcc.h ****   \param [in]  ARG1  Value to be saturated
 574:Drivers/CMSIS/Include/cmsis_gcc.h ****   \param [in]  ARG2  Bit position to saturate to (0..31)
 575:Drivers/CMSIS/Include/cmsis_gcc.h ****   \return             Saturated value
 576:Drivers/CMSIS/Include/cmsis_gcc.h ****  */
 577:Drivers/CMSIS/Include/cmsis_gcc.h **** #define __USAT(ARG1, ARG2) \
 578:Drivers/CMSIS/Include/cmsis_gcc.h **** __extension__ \
 579:Drivers/CMSIS/Include/cmsis_gcc.h **** ({                          \
 580:Drivers/CMSIS/Include/cmsis_gcc.h ****   uint32_t __RES, __ARG1 = (ARG1); \
 581:Drivers/CMSIS/Include/cmsis_gcc.h ****   __ASM volatile ("usat %0, %1, %2" : "=r" (__RES) :  "I" (ARG2), "r" (__ARG1) : "cc" ); \
 582:Drivers/CMSIS/Include/cmsis_gcc.h ****   __RES; \
 583:Drivers/CMSIS/Include/cmsis_gcc.h ****  })
 584:Drivers/CMSIS/Include/cmsis_gcc.h **** 
 585:Drivers/CMSIS/Include/cmsis_gcc.h **** 
 586:Drivers/CMSIS/Include/cmsis_gcc.h **** /**
 587:Drivers/CMSIS/Include/cmsis_gcc.h ****   \brief   Rotate Right with Extend (32 bit)
 588:Drivers/CMSIS/Include/cmsis_gcc.h ****   \details Moves each bit of a bitstring right by one bit.
 589:Drivers/CMSIS/Include/cmsis_gcc.h ****            The carry input is shifted in at the left end of the bitstring.
 590:Drivers/CMSIS/Include/cmsis_gcc.h ****   \param [in]    value  Value to rotate
 591:Drivers/CMSIS/Include/cmsis_gcc.h ****   \return               Rotated value
 592:Drivers/CMSIS/Include/cmsis_gcc.h ****  */
 593:Drivers/CMSIS/Include/cmsis_gcc.h **** __STATIC_FORCEINLINE uint32_t __RRX(uint32_t value)
 594:Drivers/CMSIS/Include/cmsis_gcc.h **** {
 595:Drivers/CMSIS/Include/cmsis_gcc.h ****   uint32_t result;
 596:Drivers/CMSIS/Include/cmsis_gcc.h **** 
 597:Drivers/CMSIS/Include/cmsis_gcc.h ****   __ASM volatile ("rrx %0, %1" : __CMSIS_GCC_OUT_REG (result) : __CMSIS_GCC_USE_REG (value) );
 598:Drivers/CMSIS/Include/cmsis_gcc.h ****   return(result);
 599:Drivers/CMSIS/Include/cmsis_gcc.h **** }
 600:Drivers/CMSIS/Include/cmsis_gcc.h **** 
 601:Drivers/CMSIS/Include/cmsis_gcc.h **** 
 602:Drivers/CMSIS/Include/cmsis_gcc.h **** /**
 603:Drivers/CMSIS/Include/cmsis_gcc.h ****   \brief   LDRT Unprivileged (8 bit)
 604:Drivers/CMSIS/Include/cmsis_gcc.h ****   \details Executes a Unprivileged LDRT instruction for 8 bit value.
 605:Drivers/CMSIS/Include/cmsis_gcc.h ****   \param [in]    ptr  Pointer to data
 606:Drivers/CMSIS/Include/cmsis_gcc.h ****   \return             value of type uint8_t at (*ptr)
 607:Drivers/CMSIS/Include/cmsis_gcc.h ****  */
 608:Drivers/CMSIS/Include/cmsis_gcc.h **** __STATIC_FORCEINLINE uint8_t __LDRBT(volatile uint8_t *ptr)
 609:Drivers/CMSIS/Include/cmsis_gcc.h **** {
 610:Drivers/CMSIS/Include/cmsis_gcc.h ****     uint32_t result;
 611:Drivers/CMSIS/Include/cmsis_gcc.h **** 
 612:Drivers/CMSIS/Include/cmsis_gcc.h **** #if (__GNUC__ > 4) || (__GNUC__ == 4 && __GNUC_MINOR__ >= 8)
 613:Drivers/CMSIS/Include/cmsis_gcc.h ****    __ASM volatile ("ldrbt %0, %1" : "=r" (result) : "Q" (*ptr) );
 614:Drivers/CMSIS/Include/cmsis_gcc.h **** #else
ARM GAS  D:\software\msy64\tmp\ccpdUyAe.s 			page 19


 615:Drivers/CMSIS/Include/cmsis_gcc.h ****     /* Prior to GCC 4.8, "Q" will be expanded to [rx, #0] which is not
 616:Drivers/CMSIS/Include/cmsis_gcc.h ****        accepted by assembler. So has to use following less efficient pattern.
 617:Drivers/CMSIS/Include/cmsis_gcc.h ****     */
 618:Drivers/CMSIS/Include/cmsis_gcc.h ****    __ASM volatile ("ldrbt %0, [%1]" : "=r" (result) : "r" (ptr) : "memory" );
 619:Drivers/CMSIS/Include/cmsis_gcc.h **** #endif
 620:Drivers/CMSIS/Include/cmsis_gcc.h ****    return ((uint8_t) result);    /* Add explicit type cast here */
 621:Drivers/CMSIS/Include/cmsis_gcc.h **** }
 622:Drivers/CMSIS/Include/cmsis_gcc.h **** 
 623:Drivers/CMSIS/Include/cmsis_gcc.h **** 
 624:Drivers/CMSIS/Include/cmsis_gcc.h **** /**
 625:Drivers/CMSIS/Include/cmsis_gcc.h ****   \brief   LDRT Unprivileged (16 bit)
 626:Drivers/CMSIS/Include/cmsis_gcc.h ****   \details Executes a Unprivileged LDRT instruction for 16 bit values.
 627:Drivers/CMSIS/Include/cmsis_gcc.h ****   \param [in]    ptr  Pointer to data
 628:Drivers/CMSIS/Include/cmsis_gcc.h ****   \return        value of type uint16_t at (*ptr)
 629:Drivers/CMSIS/Include/cmsis_gcc.h ****  */
 630:Drivers/CMSIS/Include/cmsis_gcc.h **** __STATIC_FORCEINLINE uint16_t __LDRHT(volatile uint16_t *ptr)
 631:Drivers/CMSIS/Include/cmsis_gcc.h **** {
 632:Drivers/CMSIS/Include/cmsis_gcc.h ****     uint32_t result;
 633:Drivers/CMSIS/Include/cmsis_gcc.h **** 
 634:Drivers/CMSIS/Include/cmsis_gcc.h **** #if (__GNUC__ > 4) || (__GNUC__ == 4 && __GNUC_MINOR__ >= 8)
 635:Drivers/CMSIS/Include/cmsis_gcc.h ****    __ASM volatile ("ldrht %0, %1" : "=r" (result) : "Q" (*ptr) );
 636:Drivers/CMSIS/Include/cmsis_gcc.h **** #else
 637:Drivers/CMSIS/Include/cmsis_gcc.h ****     /* Prior to GCC 4.8, "Q" will be expanded to [rx, #0] which is not
 638:Drivers/CMSIS/Include/cmsis_gcc.h ****        accepted by assembler. So has to use following less efficient pattern.
 639:Drivers/CMSIS/Include/cmsis_gcc.h ****     */
 640:Drivers/CMSIS/Include/cmsis_gcc.h ****    __ASM volatile ("ldrht %0, [%1]" : "=r" (result) : "r" (ptr) : "memory" );
 641:Drivers/CMSIS/Include/cmsis_gcc.h **** #endif
 642:Drivers/CMSIS/Include/cmsis_gcc.h ****    return ((uint16_t) result);    /* Add explicit type cast here */
 643:Drivers/CMSIS/Include/cmsis_gcc.h **** }
 644:Drivers/CMSIS/Include/cmsis_gcc.h **** 
 645:Drivers/CMSIS/Include/cmsis_gcc.h **** 
 646:Drivers/CMSIS/Include/cmsis_gcc.h **** /**
 647:Drivers/CMSIS/Include/cmsis_gcc.h ****   \brief   LDRT Unprivileged (32 bit)
 648:Drivers/CMSIS/Include/cmsis_gcc.h ****   \details Executes a Unprivileged LDRT instruction for 32 bit values.
 649:Drivers/CMSIS/Include/cmsis_gcc.h ****   \param [in]    ptr  Pointer to data
 650:Drivers/CMSIS/Include/cmsis_gcc.h ****   \return        value of type uint32_t at (*ptr)
 651:Drivers/CMSIS/Include/cmsis_gcc.h ****  */
 652:Drivers/CMSIS/Include/cmsis_gcc.h **** __STATIC_FORCEINLINE uint32_t __LDRT(volatile uint32_t *ptr)
 653:Drivers/CMSIS/Include/cmsis_gcc.h **** {
 654:Drivers/CMSIS/Include/cmsis_gcc.h ****     uint32_t result;
 655:Drivers/CMSIS/Include/cmsis_gcc.h **** 
 656:Drivers/CMSIS/Include/cmsis_gcc.h ****    __ASM volatile ("ldrt %0, %1" : "=r" (result) : "Q" (*ptr) );
 657:Drivers/CMSIS/Include/cmsis_gcc.h ****    return(result);
 658:Drivers/CMSIS/Include/cmsis_gcc.h **** }
 659:Drivers/CMSIS/Include/cmsis_gcc.h **** 
 660:Drivers/CMSIS/Include/cmsis_gcc.h **** 
 661:Drivers/CMSIS/Include/cmsis_gcc.h **** /**
 662:Drivers/CMSIS/Include/cmsis_gcc.h ****   \brief   STRT Unprivileged (8 bit)
 663:Drivers/CMSIS/Include/cmsis_gcc.h ****   \details Executes a Unprivileged STRT instruction for 8 bit values.
 664:Drivers/CMSIS/Include/cmsis_gcc.h ****   \param [in]  value  Value to store
 665:Drivers/CMSIS/Include/cmsis_gcc.h ****   \param [in]    ptr  Pointer to location
 666:Drivers/CMSIS/Include/cmsis_gcc.h ****  */
 667:Drivers/CMSIS/Include/cmsis_gcc.h **** __STATIC_FORCEINLINE void __STRBT(uint8_t value, volatile uint8_t *ptr)
 668:Drivers/CMSIS/Include/cmsis_gcc.h **** {
 669:Drivers/CMSIS/Include/cmsis_gcc.h ****    __ASM volatile ("strbt %1, %0" : "=Q" (*ptr) : "r" ((uint32_t)value) );
 670:Drivers/CMSIS/Include/cmsis_gcc.h **** }
 671:Drivers/CMSIS/Include/cmsis_gcc.h **** 
ARM GAS  D:\software\msy64\tmp\ccpdUyAe.s 			page 20


 672:Drivers/CMSIS/Include/cmsis_gcc.h **** 
 673:Drivers/CMSIS/Include/cmsis_gcc.h **** /**
 674:Drivers/CMSIS/Include/cmsis_gcc.h ****   \brief   STRT Unprivileged (16 bit)
 675:Drivers/CMSIS/Include/cmsis_gcc.h ****   \details Executes a Unprivileged STRT instruction for 16 bit values.
 676:Drivers/CMSIS/Include/cmsis_gcc.h ****   \param [in]  value  Value to store
 677:Drivers/CMSIS/Include/cmsis_gcc.h ****   \param [in]    ptr  Pointer to location
 678:Drivers/CMSIS/Include/cmsis_gcc.h ****  */
 679:Drivers/CMSIS/Include/cmsis_gcc.h **** __STATIC_FORCEINLINE void __STRHT(uint16_t value, volatile uint16_t *ptr)
 680:Drivers/CMSIS/Include/cmsis_gcc.h **** {
 681:Drivers/CMSIS/Include/cmsis_gcc.h ****    __ASM volatile ("strht %1, %0" : "=Q" (*ptr) : "r" ((uint32_t)value) );
 682:Drivers/CMSIS/Include/cmsis_gcc.h **** }
 683:Drivers/CMSIS/Include/cmsis_gcc.h **** 
 684:Drivers/CMSIS/Include/cmsis_gcc.h **** 
 685:Drivers/CMSIS/Include/cmsis_gcc.h **** /**
 686:Drivers/CMSIS/Include/cmsis_gcc.h ****   \brief   STRT Unprivileged (32 bit)
 687:Drivers/CMSIS/Include/cmsis_gcc.h ****   \details Executes a Unprivileged STRT instruction for 32 bit values.
 688:Drivers/CMSIS/Include/cmsis_gcc.h ****   \param [in]  value  Value to store
 689:Drivers/CMSIS/Include/cmsis_gcc.h ****   \param [in]    ptr  Pointer to location
 690:Drivers/CMSIS/Include/cmsis_gcc.h ****  */
 691:Drivers/CMSIS/Include/cmsis_gcc.h **** __STATIC_FORCEINLINE void __STRT(uint32_t value, volatile uint32_t *ptr)
 692:Drivers/CMSIS/Include/cmsis_gcc.h **** {
 693:Drivers/CMSIS/Include/cmsis_gcc.h ****    __ASM volatile ("strt %1, %0" : "=Q" (*ptr) : "r" (value) );
 694:Drivers/CMSIS/Include/cmsis_gcc.h **** }
 695:Drivers/CMSIS/Include/cmsis_gcc.h **** 
 696:Drivers/CMSIS/Include/cmsis_gcc.h **** #else  /* ((defined (__ARM_ARCH_7M__      ) && (__ARM_ARCH_7M__      == 1)) || \
 697:Drivers/CMSIS/Include/cmsis_gcc.h ****            (defined (__ARM_ARCH_7EM__     ) && (__ARM_ARCH_7EM__     == 1)) || \
 698:Drivers/CMSIS/Include/cmsis_gcc.h ****            (defined (__ARM_ARCH_8M_MAIN__ ) && (__ARM_ARCH_8M_MAIN__ == 1))    ) */
 699:Drivers/CMSIS/Include/cmsis_gcc.h **** 
 700:Drivers/CMSIS/Include/cmsis_gcc.h **** /**
 701:Drivers/CMSIS/Include/cmsis_gcc.h ****   \brief   Signed Saturate
 702:Drivers/CMSIS/Include/cmsis_gcc.h ****   \details Saturates a signed value.
 703:Drivers/CMSIS/Include/cmsis_gcc.h ****   \param [in]  value  Value to be saturated
 704:Drivers/CMSIS/Include/cmsis_gcc.h ****   \param [in]    sat  Bit position to saturate to (1..32)
 705:Drivers/CMSIS/Include/cmsis_gcc.h ****   \return             Saturated value
 706:Drivers/CMSIS/Include/cmsis_gcc.h ****  */
 707:Drivers/CMSIS/Include/cmsis_gcc.h **** __STATIC_FORCEINLINE int32_t __SSAT(int32_t val, uint32_t sat)
 708:Drivers/CMSIS/Include/cmsis_gcc.h **** {
 709:Drivers/CMSIS/Include/cmsis_gcc.h ****   if ((sat >= 1U) && (sat <= 32U))
 710:Drivers/CMSIS/Include/cmsis_gcc.h ****   {
 711:Drivers/CMSIS/Include/cmsis_gcc.h ****     const int32_t max = (int32_t)((1U << (sat - 1U)) - 1U);
 712:Drivers/CMSIS/Include/cmsis_gcc.h ****     const int32_t min = -1 - max ;
 713:Drivers/CMSIS/Include/cmsis_gcc.h ****     if (val > max)
 714:Drivers/CMSIS/Include/cmsis_gcc.h ****     {
 715:Drivers/CMSIS/Include/cmsis_gcc.h ****       return max;
 716:Drivers/CMSIS/Include/cmsis_gcc.h ****     }
 717:Drivers/CMSIS/Include/cmsis_gcc.h ****     else if (val < min)
 718:Drivers/CMSIS/Include/cmsis_gcc.h ****     {
 719:Drivers/CMSIS/Include/cmsis_gcc.h ****       return min;
 720:Drivers/CMSIS/Include/cmsis_gcc.h ****     }
 721:Drivers/CMSIS/Include/cmsis_gcc.h ****   }
 722:Drivers/CMSIS/Include/cmsis_gcc.h ****   return val;
 723:Drivers/CMSIS/Include/cmsis_gcc.h **** }
 724:Drivers/CMSIS/Include/cmsis_gcc.h **** 
 725:Drivers/CMSIS/Include/cmsis_gcc.h **** /**
 726:Drivers/CMSIS/Include/cmsis_gcc.h ****   \brief   Unsigned Saturate
 727:Drivers/CMSIS/Include/cmsis_gcc.h ****   \details Saturates an unsigned value.
 728:Drivers/CMSIS/Include/cmsis_gcc.h ****   \param [in]  value  Value to be saturated
ARM GAS  D:\software\msy64\tmp\ccpdUyAe.s 			page 21


 729:Drivers/CMSIS/Include/cmsis_gcc.h ****   \param [in]    sat  Bit position to saturate to (0..31)
 730:Drivers/CMSIS/Include/cmsis_gcc.h ****   \return             Saturated value
 731:Drivers/CMSIS/Include/cmsis_gcc.h ****  */
 732:Drivers/CMSIS/Include/cmsis_gcc.h **** __STATIC_FORCEINLINE uint32_t __USAT(int32_t val, uint32_t sat)
 733:Drivers/CMSIS/Include/cmsis_gcc.h **** {
 734:Drivers/CMSIS/Include/cmsis_gcc.h ****   if (sat <= 31U)
 735:Drivers/CMSIS/Include/cmsis_gcc.h ****   {
 736:Drivers/CMSIS/Include/cmsis_gcc.h ****     const uint32_t max = ((1U << sat) - 1U);
 737:Drivers/CMSIS/Include/cmsis_gcc.h ****     if (val > (int32_t)max)
 738:Drivers/CMSIS/Include/cmsis_gcc.h ****     {
 739:Drivers/CMSIS/Include/cmsis_gcc.h ****       return max;
 740:Drivers/CMSIS/Include/cmsis_gcc.h ****     }
 741:Drivers/CMSIS/Include/cmsis_gcc.h ****     else if (val < 0)
 742:Drivers/CMSIS/Include/cmsis_gcc.h ****     {
 743:Drivers/CMSIS/Include/cmsis_gcc.h ****       return 0U;
 744:Drivers/CMSIS/Include/cmsis_gcc.h ****     }
 745:Drivers/CMSIS/Include/cmsis_gcc.h ****   }
 746:Drivers/CMSIS/Include/cmsis_gcc.h ****   return (uint32_t)val;
 747:Drivers/CMSIS/Include/cmsis_gcc.h **** }
 748:Drivers/CMSIS/Include/cmsis_gcc.h **** 
 749:Drivers/CMSIS/Include/cmsis_gcc.h **** #endif /* ((defined (__ARM_ARCH_7M__      ) && (__ARM_ARCH_7M__      == 1)) || \
 750:Drivers/CMSIS/Include/cmsis_gcc.h ****            (defined (__ARM_ARCH_7EM__     ) && (__ARM_ARCH_7EM__     == 1)) || \
 751:Drivers/CMSIS/Include/cmsis_gcc.h ****            (defined (__ARM_ARCH_8M_MAIN__ ) && (__ARM_ARCH_8M_MAIN__ == 1))    ) */
 752:Drivers/CMSIS/Include/cmsis_gcc.h **** 
 753:Drivers/CMSIS/Include/cmsis_gcc.h **** 
 754:Drivers/CMSIS/Include/cmsis_gcc.h **** #if ((defined (__ARM_ARCH_8M_MAIN__ ) && (__ARM_ARCH_8M_MAIN__ == 1)) || \
 755:Drivers/CMSIS/Include/cmsis_gcc.h ****      (defined (__ARM_ARCH_8M_BASE__ ) && (__ARM_ARCH_8M_BASE__ == 1))    )
 756:Drivers/CMSIS/Include/cmsis_gcc.h **** /**
 757:Drivers/CMSIS/Include/cmsis_gcc.h ****   \brief   Load-Acquire (8 bit)
 758:Drivers/CMSIS/Include/cmsis_gcc.h ****   \details Executes a LDAB instruction for 8 bit value.
 759:Drivers/CMSIS/Include/cmsis_gcc.h ****   \param [in]    ptr  Pointer to data
 760:Drivers/CMSIS/Include/cmsis_gcc.h ****   \return             value of type uint8_t at (*ptr)
 761:Drivers/CMSIS/Include/cmsis_gcc.h ****  */
 762:Drivers/CMSIS/Include/cmsis_gcc.h **** __STATIC_FORCEINLINE uint8_t __LDAB(volatile uint8_t *ptr)
 763:Drivers/CMSIS/Include/cmsis_gcc.h **** {
 764:Drivers/CMSIS/Include/cmsis_gcc.h ****     uint32_t result;
 765:Drivers/CMSIS/Include/cmsis_gcc.h **** 
 766:Drivers/CMSIS/Include/cmsis_gcc.h ****    __ASM volatile ("ldab %0, %1" : "=r" (result) : "Q" (*ptr) : "memory" );
 767:Drivers/CMSIS/Include/cmsis_gcc.h ****    return ((uint8_t) result);
 768:Drivers/CMSIS/Include/cmsis_gcc.h **** }
 769:Drivers/CMSIS/Include/cmsis_gcc.h **** 
 770:Drivers/CMSIS/Include/cmsis_gcc.h **** 
 771:Drivers/CMSIS/Include/cmsis_gcc.h **** /**
 772:Drivers/CMSIS/Include/cmsis_gcc.h ****   \brief   Load-Acquire (16 bit)
 773:Drivers/CMSIS/Include/cmsis_gcc.h ****   \details Executes a LDAH instruction for 16 bit values.
 774:Drivers/CMSIS/Include/cmsis_gcc.h ****   \param [in]    ptr  Pointer to data
 775:Drivers/CMSIS/Include/cmsis_gcc.h ****   \return        value of type uint16_t at (*ptr)
 776:Drivers/CMSIS/Include/cmsis_gcc.h ****  */
 777:Drivers/CMSIS/Include/cmsis_gcc.h **** __STATIC_FORCEINLINE uint16_t __LDAH(volatile uint16_t *ptr)
 778:Drivers/CMSIS/Include/cmsis_gcc.h **** {
 779:Drivers/CMSIS/Include/cmsis_gcc.h ****     uint32_t result;
 780:Drivers/CMSIS/Include/cmsis_gcc.h **** 
 781:Drivers/CMSIS/Include/cmsis_gcc.h ****    __ASM volatile ("ldah %0, %1" : "=r" (result) : "Q" (*ptr) : "memory" );
 782:Drivers/CMSIS/Include/cmsis_gcc.h ****    return ((uint16_t) result);
 783:Drivers/CMSIS/Include/cmsis_gcc.h **** }
 784:Drivers/CMSIS/Include/cmsis_gcc.h **** 
 785:Drivers/CMSIS/Include/cmsis_gcc.h **** 
ARM GAS  D:\software\msy64\tmp\ccpdUyAe.s 			page 22


 786:Drivers/CMSIS/Include/cmsis_gcc.h **** /**
 787:Drivers/CMSIS/Include/cmsis_gcc.h ****   \brief   Load-Acquire (32 bit)
 788:Drivers/CMSIS/Include/cmsis_gcc.h ****   \details Executes a LDA instruction for 32 bit values.
 789:Drivers/CMSIS/Include/cmsis_gcc.h ****   \param [in]    ptr  Pointer to data
 790:Drivers/CMSIS/Include/cmsis_gcc.h ****   \return        value of type uint32_t at (*ptr)
 791:Drivers/CMSIS/Include/cmsis_gcc.h ****  */
 792:Drivers/CMSIS/Include/cmsis_gcc.h **** __STATIC_FORCEINLINE uint32_t __LDA(volatile uint32_t *ptr)
 793:Drivers/CMSIS/Include/cmsis_gcc.h **** {
 794:Drivers/CMSIS/Include/cmsis_gcc.h ****     uint32_t result;
 795:Drivers/CMSIS/Include/cmsis_gcc.h **** 
 796:Drivers/CMSIS/Include/cmsis_gcc.h ****    __ASM volatile ("lda %0, %1" : "=r" (result) : "Q" (*ptr) : "memory" );
 797:Drivers/CMSIS/Include/cmsis_gcc.h ****    return(result);
 798:Drivers/CMSIS/Include/cmsis_gcc.h **** }
 799:Drivers/CMSIS/Include/cmsis_gcc.h **** 
 800:Drivers/CMSIS/Include/cmsis_gcc.h **** 
 801:Drivers/CMSIS/Include/cmsis_gcc.h **** /**
 802:Drivers/CMSIS/Include/cmsis_gcc.h ****   \brief   Store-Release (8 bit)
 803:Drivers/CMSIS/Include/cmsis_gcc.h ****   \details Executes a STLB instruction for 8 bit values.
 804:Drivers/CMSIS/Include/cmsis_gcc.h ****   \param [in]  value  Value to store
 805:Drivers/CMSIS/Include/cmsis_gcc.h ****   \param [in]    ptr  Pointer to location
 806:Drivers/CMSIS/Include/cmsis_gcc.h ****  */
 807:Drivers/CMSIS/Include/cmsis_gcc.h **** __STATIC_FORCEINLINE void __STLB(uint8_t value, volatile uint8_t *ptr)
 808:Drivers/CMSIS/Include/cmsis_gcc.h **** {
 809:Drivers/CMSIS/Include/cmsis_gcc.h ****    __ASM volatile ("stlb %1, %0" : "=Q" (*ptr) : "r" ((uint32_t)value) : "memory" );
 810:Drivers/CMSIS/Include/cmsis_gcc.h **** }
 811:Drivers/CMSIS/Include/cmsis_gcc.h **** 
 812:Drivers/CMSIS/Include/cmsis_gcc.h **** 
 813:Drivers/CMSIS/Include/cmsis_gcc.h **** /**
 814:Drivers/CMSIS/Include/cmsis_gcc.h ****   \brief   Store-Release (16 bit)
 815:Drivers/CMSIS/Include/cmsis_gcc.h ****   \details Executes a STLH instruction for 16 bit values.
 816:Drivers/CMSIS/Include/cmsis_gcc.h ****   \param [in]  value  Value to store
 817:Drivers/CMSIS/Include/cmsis_gcc.h ****   \param [in]    ptr  Pointer to location
 818:Drivers/CMSIS/Include/cmsis_gcc.h ****  */
 819:Drivers/CMSIS/Include/cmsis_gcc.h **** __STATIC_FORCEINLINE void __STLH(uint16_t value, volatile uint16_t *ptr)
 820:Drivers/CMSIS/Include/cmsis_gcc.h **** {
 821:Drivers/CMSIS/Include/cmsis_gcc.h ****    __ASM volatile ("stlh %1, %0" : "=Q" (*ptr) : "r" ((uint32_t)value) : "memory" );
 822:Drivers/CMSIS/Include/cmsis_gcc.h **** }
 823:Drivers/CMSIS/Include/cmsis_gcc.h **** 
 824:Drivers/CMSIS/Include/cmsis_gcc.h **** 
 825:Drivers/CMSIS/Include/cmsis_gcc.h **** /**
 826:Drivers/CMSIS/Include/cmsis_gcc.h ****   \brief   Store-Release (32 bit)
 827:Drivers/CMSIS/Include/cmsis_gcc.h ****   \details Executes a STL instruction for 32 bit values.
 828:Drivers/CMSIS/Include/cmsis_gcc.h ****   \param [in]  value  Value to store
 829:Drivers/CMSIS/Include/cmsis_gcc.h ****   \param [in]    ptr  Pointer to location
 830:Drivers/CMSIS/Include/cmsis_gcc.h ****  */
 831:Drivers/CMSIS/Include/cmsis_gcc.h **** __STATIC_FORCEINLINE void __STL(uint32_t value, volatile uint32_t *ptr)
 832:Drivers/CMSIS/Include/cmsis_gcc.h **** {
 833:Drivers/CMSIS/Include/cmsis_gcc.h ****    __ASM volatile ("stl %1, %0" : "=Q" (*ptr) : "r" ((uint32_t)value) : "memory" );
 834:Drivers/CMSIS/Include/cmsis_gcc.h **** }
 835:Drivers/CMSIS/Include/cmsis_gcc.h **** 
 836:Drivers/CMSIS/Include/cmsis_gcc.h **** 
 837:Drivers/CMSIS/Include/cmsis_gcc.h **** /**
 838:Drivers/CMSIS/Include/cmsis_gcc.h ****   \brief   Load-Acquire Exclusive (8 bit)
 839:Drivers/CMSIS/Include/cmsis_gcc.h ****   \details Executes a LDAB exclusive instruction for 8 bit value.
 840:Drivers/CMSIS/Include/cmsis_gcc.h ****   \param [in]    ptr  Pointer to data
 841:Drivers/CMSIS/Include/cmsis_gcc.h ****   \return             value of type uint8_t at (*ptr)
 842:Drivers/CMSIS/Include/cmsis_gcc.h ****  */
ARM GAS  D:\software\msy64\tmp\ccpdUyAe.s 			page 23


 843:Drivers/CMSIS/Include/cmsis_gcc.h **** __STATIC_FORCEINLINE uint8_t __LDAEXB(volatile uint8_t *ptr)
 844:Drivers/CMSIS/Include/cmsis_gcc.h **** {
 845:Drivers/CMSIS/Include/cmsis_gcc.h ****     uint32_t result;
 846:Drivers/CMSIS/Include/cmsis_gcc.h **** 
 847:Drivers/CMSIS/Include/cmsis_gcc.h ****    __ASM volatile ("ldaexb %0, %1" : "=r" (result) : "Q" (*ptr) : "memory" );
 848:Drivers/CMSIS/Include/cmsis_gcc.h ****    return ((uint8_t) result);
 849:Drivers/CMSIS/Include/cmsis_gcc.h **** }
 850:Drivers/CMSIS/Include/cmsis_gcc.h **** 
 851:Drivers/CMSIS/Include/cmsis_gcc.h **** 
 852:Drivers/CMSIS/Include/cmsis_gcc.h **** /**
 853:Drivers/CMSIS/Include/cmsis_gcc.h ****   \brief   Load-Acquire Exclusive (16 bit)
 854:Drivers/CMSIS/Include/cmsis_gcc.h ****   \details Executes a LDAH exclusive instruction for 16 bit values.
 855:Drivers/CMSIS/Include/cmsis_gcc.h ****   \param [in]    ptr  Pointer to data
 856:Drivers/CMSIS/Include/cmsis_gcc.h ****   \return        value of type uint16_t at (*ptr)
 857:Drivers/CMSIS/Include/cmsis_gcc.h ****  */
 858:Drivers/CMSIS/Include/cmsis_gcc.h **** __STATIC_FORCEINLINE uint16_t __LDAEXH(volatile uint16_t *ptr)
 859:Drivers/CMSIS/Include/cmsis_gcc.h **** {
 860:Drivers/CMSIS/Include/cmsis_gcc.h ****     uint32_t result;
 861:Drivers/CMSIS/Include/cmsis_gcc.h **** 
 862:Drivers/CMSIS/Include/cmsis_gcc.h ****    __ASM volatile ("ldaexh %0, %1" : "=r" (result) : "Q" (*ptr) : "memory" );
 863:Drivers/CMSIS/Include/cmsis_gcc.h ****    return ((uint16_t) result);
 864:Drivers/CMSIS/Include/cmsis_gcc.h **** }
 865:Drivers/CMSIS/Include/cmsis_gcc.h **** 
 866:Drivers/CMSIS/Include/cmsis_gcc.h **** 
 867:Drivers/CMSIS/Include/cmsis_gcc.h **** /**
 868:Drivers/CMSIS/Include/cmsis_gcc.h ****   \brief   Load-Acquire Exclusive (32 bit)
 869:Drivers/CMSIS/Include/cmsis_gcc.h ****   \details Executes a LDA exclusive instruction for 32 bit values.
 870:Drivers/CMSIS/Include/cmsis_gcc.h ****   \param [in]    ptr  Pointer to data
 871:Drivers/CMSIS/Include/cmsis_gcc.h ****   \return        value of type uint32_t at (*ptr)
 872:Drivers/CMSIS/Include/cmsis_gcc.h ****  */
 873:Drivers/CMSIS/Include/cmsis_gcc.h **** __STATIC_FORCEINLINE uint32_t __LDAEX(volatile uint32_t *ptr)
 874:Drivers/CMSIS/Include/cmsis_gcc.h **** {
 875:Drivers/CMSIS/Include/cmsis_gcc.h ****     uint32_t result;
 876:Drivers/CMSIS/Include/cmsis_gcc.h **** 
 877:Drivers/CMSIS/Include/cmsis_gcc.h ****    __ASM volatile ("ldaex %0, %1" : "=r" (result) : "Q" (*ptr) : "memory" );
 878:Drivers/CMSIS/Include/cmsis_gcc.h ****    return(result);
 879:Drivers/CMSIS/Include/cmsis_gcc.h **** }
 880:Drivers/CMSIS/Include/cmsis_gcc.h **** 
 881:Drivers/CMSIS/Include/cmsis_gcc.h **** 
 882:Drivers/CMSIS/Include/cmsis_gcc.h **** /**
 883:Drivers/CMSIS/Include/cmsis_gcc.h ****   \brief   Store-Release Exclusive (8 bit)
 884:Drivers/CMSIS/Include/cmsis_gcc.h ****   \details Executes a STLB exclusive instruction for 8 bit values.
 885:Drivers/CMSIS/Include/cmsis_gcc.h ****   \param [in]  value  Value to store
 886:Drivers/CMSIS/Include/cmsis_gcc.h ****   \param [in]    ptr  Pointer to location
 887:Drivers/CMSIS/Include/cmsis_gcc.h ****   \return          0  Function succeeded
 888:Drivers/CMSIS/Include/cmsis_gcc.h ****   \return          1  Function failed
 889:Drivers/CMSIS/Include/cmsis_gcc.h ****  */
 890:Drivers/CMSIS/Include/cmsis_gcc.h **** __STATIC_FORCEINLINE uint32_t __STLEXB(uint8_t value, volatile uint8_t *ptr)
 891:Drivers/CMSIS/Include/cmsis_gcc.h **** {
 892:Drivers/CMSIS/Include/cmsis_gcc.h ****    uint32_t result;
 893:Drivers/CMSIS/Include/cmsis_gcc.h **** 
 894:Drivers/CMSIS/Include/cmsis_gcc.h ****    __ASM volatile ("stlexb %0, %2, %1" : "=&r" (result), "=Q" (*ptr) : "r" ((uint32_t)value) : "mem
 895:Drivers/CMSIS/Include/cmsis_gcc.h ****    return(result);
 896:Drivers/CMSIS/Include/cmsis_gcc.h **** }
 897:Drivers/CMSIS/Include/cmsis_gcc.h **** 
 898:Drivers/CMSIS/Include/cmsis_gcc.h **** 
 899:Drivers/CMSIS/Include/cmsis_gcc.h **** /**
ARM GAS  D:\software\msy64\tmp\ccpdUyAe.s 			page 24


 900:Drivers/CMSIS/Include/cmsis_gcc.h ****   \brief   Store-Release Exclusive (16 bit)
 901:Drivers/CMSIS/Include/cmsis_gcc.h ****   \details Executes a STLH exclusive instruction for 16 bit values.
 902:Drivers/CMSIS/Include/cmsis_gcc.h ****   \param [in]  value  Value to store
 903:Drivers/CMSIS/Include/cmsis_gcc.h ****   \param [in]    ptr  Pointer to location
 904:Drivers/CMSIS/Include/cmsis_gcc.h ****   \return          0  Function succeeded
 905:Drivers/CMSIS/Include/cmsis_gcc.h ****   \return          1  Function failed
 906:Drivers/CMSIS/Include/cmsis_gcc.h ****  */
 907:Drivers/CMSIS/Include/cmsis_gcc.h **** __STATIC_FORCEINLINE uint32_t __STLEXH(uint16_t value, volatile uint16_t *ptr)
 908:Drivers/CMSIS/Include/cmsis_gcc.h **** {
 909:Drivers/CMSIS/Include/cmsis_gcc.h ****    uint32_t result;
 910:Drivers/CMSIS/Include/cmsis_gcc.h **** 
 911:Drivers/CMSIS/Include/cmsis_gcc.h ****    __ASM volatile ("stlexh %0, %2, %1" : "=&r" (result), "=Q" (*ptr) : "r" ((uint32_t)value) : "mem
 912:Drivers/CMSIS/Include/cmsis_gcc.h ****    return(result);
 913:Drivers/CMSIS/Include/cmsis_gcc.h **** }
 914:Drivers/CMSIS/Include/cmsis_gcc.h **** 
 915:Drivers/CMSIS/Include/cmsis_gcc.h **** 
 916:Drivers/CMSIS/Include/cmsis_gcc.h **** /**
 917:Drivers/CMSIS/Include/cmsis_gcc.h ****   \brief   Store-Release Exclusive (32 bit)
 918:Drivers/CMSIS/Include/cmsis_gcc.h ****   \details Executes a STL exclusive instruction for 32 bit values.
 919:Drivers/CMSIS/Include/cmsis_gcc.h ****   \param [in]  value  Value to store
 920:Drivers/CMSIS/Include/cmsis_gcc.h ****   \param [in]    ptr  Pointer to location
 921:Drivers/CMSIS/Include/cmsis_gcc.h ****   \return          0  Function succeeded
 922:Drivers/CMSIS/Include/cmsis_gcc.h ****   \return          1  Function failed
 923:Drivers/CMSIS/Include/cmsis_gcc.h ****  */
 924:Drivers/CMSIS/Include/cmsis_gcc.h **** __STATIC_FORCEINLINE uint32_t __STLEX(uint32_t value, volatile uint32_t *ptr)
 925:Drivers/CMSIS/Include/cmsis_gcc.h **** {
 926:Drivers/CMSIS/Include/cmsis_gcc.h ****    uint32_t result;
 927:Drivers/CMSIS/Include/cmsis_gcc.h **** 
 928:Drivers/CMSIS/Include/cmsis_gcc.h ****    __ASM volatile ("stlex %0, %2, %1" : "=&r" (result), "=Q" (*ptr) : "r" ((uint32_t)value) : "memo
 929:Drivers/CMSIS/Include/cmsis_gcc.h ****    return(result);
 930:Drivers/CMSIS/Include/cmsis_gcc.h **** }
 931:Drivers/CMSIS/Include/cmsis_gcc.h **** 
 932:Drivers/CMSIS/Include/cmsis_gcc.h **** #endif /* ((defined (__ARM_ARCH_8M_MAIN__ ) && (__ARM_ARCH_8M_MAIN__ == 1)) || \
 933:Drivers/CMSIS/Include/cmsis_gcc.h ****            (defined (__ARM_ARCH_8M_BASE__ ) && (__ARM_ARCH_8M_BASE__ == 1))    ) */
 934:Drivers/CMSIS/Include/cmsis_gcc.h **** 
 935:Drivers/CMSIS/Include/cmsis_gcc.h **** /*@}*/ /* end of group CMSIS_Core_InstructionInterface */
 936:Drivers/CMSIS/Include/cmsis_gcc.h **** 
 937:Drivers/CMSIS/Include/cmsis_gcc.h **** 
 938:Drivers/CMSIS/Include/cmsis_gcc.h **** /* ###########################  Core Function Access  ########################### */
 939:Drivers/CMSIS/Include/cmsis_gcc.h **** /** \ingroup  CMSIS_Core_FunctionInterface
 940:Drivers/CMSIS/Include/cmsis_gcc.h ****     \defgroup CMSIS_Core_RegAccFunctions CMSIS Core Register Access Functions
 941:Drivers/CMSIS/Include/cmsis_gcc.h ****   @{
 942:Drivers/CMSIS/Include/cmsis_gcc.h ****  */
 943:Drivers/CMSIS/Include/cmsis_gcc.h **** 
 944:Drivers/CMSIS/Include/cmsis_gcc.h **** /**
 945:Drivers/CMSIS/Include/cmsis_gcc.h ****   \brief   Enable IRQ Interrupts
 946:Drivers/CMSIS/Include/cmsis_gcc.h ****   \details Enables IRQ interrupts by clearing special-purpose register PRIMASK.
 947:Drivers/CMSIS/Include/cmsis_gcc.h ****            Can only be executed in Privileged modes.
 948:Drivers/CMSIS/Include/cmsis_gcc.h ****  */
 949:Drivers/CMSIS/Include/cmsis_gcc.h **** __STATIC_FORCEINLINE void __enable_irq(void)
 950:Drivers/CMSIS/Include/cmsis_gcc.h **** {
 951:Drivers/CMSIS/Include/cmsis_gcc.h ****   __ASM volatile ("cpsie i" : : : "memory");
 952:Drivers/CMSIS/Include/cmsis_gcc.h **** }
 953:Drivers/CMSIS/Include/cmsis_gcc.h **** 
 954:Drivers/CMSIS/Include/cmsis_gcc.h **** 
 955:Drivers/CMSIS/Include/cmsis_gcc.h **** /**
 956:Drivers/CMSIS/Include/cmsis_gcc.h ****   \brief   Disable IRQ Interrupts
ARM GAS  D:\software\msy64\tmp\ccpdUyAe.s 			page 25


 957:Drivers/CMSIS/Include/cmsis_gcc.h ****   \details Disables IRQ interrupts by setting special-purpose register PRIMASK.
 958:Drivers/CMSIS/Include/cmsis_gcc.h ****            Can only be executed in Privileged modes.
 959:Drivers/CMSIS/Include/cmsis_gcc.h ****  */
 960:Drivers/CMSIS/Include/cmsis_gcc.h **** __STATIC_FORCEINLINE void __disable_irq(void)
 141              		.loc 2 960 27 view .LVU21
 142              	.LBB5:
 961:Drivers/CMSIS/Include/cmsis_gcc.h **** {
 962:Drivers/CMSIS/Include/cmsis_gcc.h ****   __ASM volatile ("cpsid i" : : : "memory");
 143              		.loc 2 962 3 view .LVU22
 144              		.syntax unified
 145              	@ 962 "Drivers/CMSIS/Include/cmsis_gcc.h" 1
 146 0000 72B6     		cpsid i
 147              	@ 0 "" 2
 148              		.thumb
 149              		.syntax unified
 150              	.L12:
 151              	.LBE5:
 152              	.LBE4:
 269:Core/Src/main.c ****   while (1)
 153              		.loc 1 269 3 view .LVU23
 270:Core/Src/main.c ****   {
 271:Core/Src/main.c ****   }
 154              		.loc 1 271 3 view .LVU24
 269:Core/Src/main.c ****   while (1)
 155              		.loc 1 269 9 view .LVU25
 156 0002 FEE7     		b	.L12
 157              		.cfi_endproc
 158              	.LFE138:
 160              		.section	.text.SystemClock_Config,"ax",%progbits
 161              		.align	1
 162              		.global	SystemClock_Config
 163              		.syntax unified
 164              		.thumb
 165              		.thumb_func
 167              	SystemClock_Config:
 168              	.LFB137:
 216:Core/Src/main.c ****   RCC_OscInitTypeDef RCC_OscInitStruct = {0};
 169              		.loc 1 216 1 view -0
 170              		.cfi_startproc
 171              		@ args = 0, pretend = 0, frame = 80
 172              		@ frame_needed = 0, uses_anonymous_args = 0
 173 0000 00B5     		push	{lr}
 174              	.LCFI2:
 175              		.cfi_def_cfa_offset 4
 176              		.cfi_offset 14, -4
 177 0002 95B0     		sub	sp, sp, #84
 178              	.LCFI3:
 179              		.cfi_def_cfa_offset 88
 217:Core/Src/main.c ****   RCC_ClkInitTypeDef RCC_ClkInitStruct = {0};
 180              		.loc 1 217 3 view .LVU27
 217:Core/Src/main.c ****   RCC_ClkInitTypeDef RCC_ClkInitStruct = {0};
 181              		.loc 1 217 22 is_stmt 0 view .LVU28
 182 0004 3022     		movs	r2, #48
 183 0006 0021     		movs	r1, #0
 184 0008 08A8     		add	r0, sp, #32
 185 000a FFF7FEFF 		bl	memset
 186              	.LVL7:
ARM GAS  D:\software\msy64\tmp\ccpdUyAe.s 			page 26


 218:Core/Src/main.c **** 
 187              		.loc 1 218 3 is_stmt 1 view .LVU29
 218:Core/Src/main.c **** 
 188              		.loc 1 218 22 is_stmt 0 view .LVU30
 189 000e 0023     		movs	r3, #0
 190 0010 0393     		str	r3, [sp, #12]
 191 0012 0493     		str	r3, [sp, #16]
 192 0014 0593     		str	r3, [sp, #20]
 193 0016 0693     		str	r3, [sp, #24]
 194 0018 0793     		str	r3, [sp, #28]
 222:Core/Src/main.c ****   __HAL_PWR_VOLTAGESCALING_CONFIG(PWR_REGULATOR_VOLTAGE_SCALE1);
 195              		.loc 1 222 3 is_stmt 1 view .LVU31
 196              	.LBB6:
 222:Core/Src/main.c ****   __HAL_PWR_VOLTAGESCALING_CONFIG(PWR_REGULATOR_VOLTAGE_SCALE1);
 197              		.loc 1 222 3 view .LVU32
 198 001a 0193     		str	r3, [sp, #4]
 222:Core/Src/main.c ****   __HAL_PWR_VOLTAGESCALING_CONFIG(PWR_REGULATOR_VOLTAGE_SCALE1);
 199              		.loc 1 222 3 view .LVU33
 200 001c 1E4A     		ldr	r2, .L19
 201 001e 116C     		ldr	r1, [r2, #64]
 202 0020 41F08051 		orr	r1, r1, #268435456
 203 0024 1164     		str	r1, [r2, #64]
 222:Core/Src/main.c ****   __HAL_PWR_VOLTAGESCALING_CONFIG(PWR_REGULATOR_VOLTAGE_SCALE1);
 204              		.loc 1 222 3 view .LVU34
 205 0026 126C     		ldr	r2, [r2, #64]
 206 0028 02F08052 		and	r2, r2, #268435456
 207 002c 0192     		str	r2, [sp, #4]
 222:Core/Src/main.c ****   __HAL_PWR_VOLTAGESCALING_CONFIG(PWR_REGULATOR_VOLTAGE_SCALE1);
 208              		.loc 1 222 3 view .LVU35
 209 002e 019A     		ldr	r2, [sp, #4]
 210              	.LBE6:
 222:Core/Src/main.c ****   __HAL_PWR_VOLTAGESCALING_CONFIG(PWR_REGULATOR_VOLTAGE_SCALE1);
 211              		.loc 1 222 3 view .LVU36
 223:Core/Src/main.c **** 
 212              		.loc 1 223 3 view .LVU37
 213              	.LBB7:
 223:Core/Src/main.c **** 
 214              		.loc 1 223 3 view .LVU38
 215 0030 0293     		str	r3, [sp, #8]
 223:Core/Src/main.c **** 
 216              		.loc 1 223 3 view .LVU39
 217 0032 1A4B     		ldr	r3, .L19+4
 218 0034 1A68     		ldr	r2, [r3]
 219 0036 42F48042 		orr	r2, r2, #16384
 220 003a 1A60     		str	r2, [r3]
 223:Core/Src/main.c **** 
 221              		.loc 1 223 3 view .LVU40
 222 003c 1B68     		ldr	r3, [r3]
 223 003e 03F48043 		and	r3, r3, #16384
 224 0042 0293     		str	r3, [sp, #8]
 223:Core/Src/main.c **** 
 225              		.loc 1 223 3 view .LVU41
 226 0044 029B     		ldr	r3, [sp, #8]
 227              	.LBE7:
 223:Core/Src/main.c **** 
 228              		.loc 1 223 3 view .LVU42
 228:Core/Src/main.c ****   RCC_OscInitStruct.HSEState = RCC_HSE_ON;
ARM GAS  D:\software\msy64\tmp\ccpdUyAe.s 			page 27


 229              		.loc 1 228 3 view .LVU43
 228:Core/Src/main.c ****   RCC_OscInitStruct.HSEState = RCC_HSE_ON;
 230              		.loc 1 228 36 is_stmt 0 view .LVU44
 231 0046 0123     		movs	r3, #1
 232 0048 0893     		str	r3, [sp, #32]
 229:Core/Src/main.c ****   RCC_OscInitStruct.PLL.PLLState = RCC_PLL_ON;
 233              		.loc 1 229 3 is_stmt 1 view .LVU45
 229:Core/Src/main.c ****   RCC_OscInitStruct.PLL.PLLState = RCC_PLL_ON;
 234              		.loc 1 229 30 is_stmt 0 view .LVU46
 235 004a 4FF48033 		mov	r3, #65536
 236 004e 0993     		str	r3, [sp, #36]
 230:Core/Src/main.c ****   RCC_OscInitStruct.PLL.PLLSource = RCC_PLLSOURCE_HSE;
 237              		.loc 1 230 3 is_stmt 1 view .LVU47
 230:Core/Src/main.c ****   RCC_OscInitStruct.PLL.PLLSource = RCC_PLLSOURCE_HSE;
 238              		.loc 1 230 34 is_stmt 0 view .LVU48
 239 0050 0222     		movs	r2, #2
 240 0052 0E92     		str	r2, [sp, #56]
 231:Core/Src/main.c ****   RCC_OscInitStruct.PLL.PLLM = 4;
 241              		.loc 1 231 3 is_stmt 1 view .LVU49
 231:Core/Src/main.c ****   RCC_OscInitStruct.PLL.PLLM = 4;
 242              		.loc 1 231 35 is_stmt 0 view .LVU50
 243 0054 4FF48003 		mov	r3, #4194304
 244 0058 0F93     		str	r3, [sp, #60]
 232:Core/Src/main.c ****   RCC_OscInitStruct.PLL.PLLN = 72;
 245              		.loc 1 232 3 is_stmt 1 view .LVU51
 232:Core/Src/main.c ****   RCC_OscInitStruct.PLL.PLLN = 72;
 246              		.loc 1 232 30 is_stmt 0 view .LVU52
 247 005a 0423     		movs	r3, #4
 248 005c 1093     		str	r3, [sp, #64]
 233:Core/Src/main.c ****   RCC_OscInitStruct.PLL.PLLP = RCC_PLLP_DIV2;
 249              		.loc 1 233 3 is_stmt 1 view .LVU53
 233:Core/Src/main.c ****   RCC_OscInitStruct.PLL.PLLP = RCC_PLLP_DIV2;
 250              		.loc 1 233 30 is_stmt 0 view .LVU54
 251 005e 4821     		movs	r1, #72
 252 0060 1191     		str	r1, [sp, #68]
 234:Core/Src/main.c ****   RCC_OscInitStruct.PLL.PLLQ = 4;
 253              		.loc 1 234 3 is_stmt 1 view .LVU55
 234:Core/Src/main.c ****   RCC_OscInitStruct.PLL.PLLQ = 4;
 254              		.loc 1 234 30 is_stmt 0 view .LVU56
 255 0062 1292     		str	r2, [sp, #72]
 235:Core/Src/main.c ****   if (HAL_RCC_OscConfig(&RCC_OscInitStruct) != HAL_OK)
 256              		.loc 1 235 3 is_stmt 1 view .LVU57
 235:Core/Src/main.c ****   if (HAL_RCC_OscConfig(&RCC_OscInitStruct) != HAL_OK)
 257              		.loc 1 235 30 is_stmt 0 view .LVU58
 258 0064 1393     		str	r3, [sp, #76]
 236:Core/Src/main.c ****   {
 259              		.loc 1 236 3 is_stmt 1 view .LVU59
 236:Core/Src/main.c ****   {
 260              		.loc 1 236 7 is_stmt 0 view .LVU60
 261 0066 08A8     		add	r0, sp, #32
 262 0068 FFF7FEFF 		bl	HAL_RCC_OscConfig
 263              	.LVL8:
 236:Core/Src/main.c ****   {
 264              		.loc 1 236 6 discriminator 1 view .LVU61
 265 006c 80B9     		cbnz	r0, .L17
 243:Core/Src/main.c ****                               |RCC_CLOCKTYPE_PCLK1|RCC_CLOCKTYPE_PCLK2;
 266              		.loc 1 243 3 is_stmt 1 view .LVU62
ARM GAS  D:\software\msy64\tmp\ccpdUyAe.s 			page 28


 243:Core/Src/main.c ****                               |RCC_CLOCKTYPE_PCLK1|RCC_CLOCKTYPE_PCLK2;
 267              		.loc 1 243 31 is_stmt 0 view .LVU63
 268 006e 0F23     		movs	r3, #15
 269 0070 0393     		str	r3, [sp, #12]
 245:Core/Src/main.c ****   RCC_ClkInitStruct.AHBCLKDivider = RCC_SYSCLK_DIV1;
 270              		.loc 1 245 3 is_stmt 1 view .LVU64
 245:Core/Src/main.c ****   RCC_ClkInitStruct.AHBCLKDivider = RCC_SYSCLK_DIV1;
 271              		.loc 1 245 34 is_stmt 0 view .LVU65
 272 0072 0221     		movs	r1, #2
 273 0074 0491     		str	r1, [sp, #16]
 246:Core/Src/main.c ****   RCC_ClkInitStruct.APB1CLKDivider = RCC_HCLK_DIV2;
 274              		.loc 1 246 3 is_stmt 1 view .LVU66
 246:Core/Src/main.c ****   RCC_ClkInitStruct.APB1CLKDivider = RCC_HCLK_DIV2;
 275              		.loc 1 246 35 is_stmt 0 view .LVU67
 276 0076 0023     		movs	r3, #0
 277 0078 0593     		str	r3, [sp, #20]
 247:Core/Src/main.c ****   RCC_ClkInitStruct.APB2CLKDivider = RCC_HCLK_DIV1;
 278              		.loc 1 247 3 is_stmt 1 view .LVU68
 247:Core/Src/main.c ****   RCC_ClkInitStruct.APB2CLKDivider = RCC_HCLK_DIV1;
 279              		.loc 1 247 36 is_stmt 0 view .LVU69
 280 007a 4FF48052 		mov	r2, #4096
 281 007e 0692     		str	r2, [sp, #24]
 248:Core/Src/main.c **** 
 282              		.loc 1 248 3 is_stmt 1 view .LVU70
 248:Core/Src/main.c **** 
 283              		.loc 1 248 36 is_stmt 0 view .LVU71
 284 0080 0793     		str	r3, [sp, #28]
 250:Core/Src/main.c ****   {
 285              		.loc 1 250 3 is_stmt 1 view .LVU72
 250:Core/Src/main.c ****   {
 286              		.loc 1 250 7 is_stmt 0 view .LVU73
 287 0082 03A8     		add	r0, sp, #12
 288 0084 FFF7FEFF 		bl	HAL_RCC_ClockConfig
 289              	.LVL9:
 250:Core/Src/main.c ****   {
 290              		.loc 1 250 6 discriminator 1 view .LVU74
 291 0088 20B9     		cbnz	r0, .L18
 254:Core/Src/main.c **** 
 292              		.loc 1 254 1 view .LVU75
 293 008a 15B0     		add	sp, sp, #84
 294              	.LCFI4:
 295              		.cfi_remember_state
 296              		.cfi_def_cfa_offset 4
 297              		@ sp needed
 298 008c 5DF804FB 		ldr	pc, [sp], #4
 299              	.L17:
 300              	.LCFI5:
 301              		.cfi_restore_state
 238:Core/Src/main.c ****   }
 302              		.loc 1 238 5 is_stmt 1 view .LVU76
 303 0090 FFF7FEFF 		bl	Error_Handler
 304              	.LVL10:
 305              	.L18:
 252:Core/Src/main.c ****   }
 306              		.loc 1 252 5 view .LVU77
 307 0094 FFF7FEFF 		bl	Error_Handler
 308              	.LVL11:
ARM GAS  D:\software\msy64\tmp\ccpdUyAe.s 			page 29


 309              	.L20:
 310              		.align	2
 311              	.L19:
 312 0098 00380240 		.word	1073887232
 313 009c 00700040 		.word	1073770496
 314              		.cfi_endproc
 315              	.LFE137:
 317              		.section	.text.main,"ax",%progbits
 318              		.align	1
 319              		.global	main
 320              		.syntax unified
 321              		.thumb
 322              		.thumb_func
 324              	main:
 325              	.LFB136:
 121:Core/Src/main.c **** 
 326              		.loc 1 121 1 view -0
 327              		.cfi_startproc
 328              		@ Volatile: function does not return.
 329              		@ args = 0, pretend = 0, frame = 24
 330              		@ frame_needed = 0, uses_anonymous_args = 0
 331 0000 00B5     		push	{lr}
 332              	.LCFI6:
 333              		.cfi_def_cfa_offset 4
 334              		.cfi_offset 14, -4
 335 0002 87B0     		sub	sp, sp, #28
 336              	.LCFI7:
 337              		.cfi_def_cfa_offset 32
 130:Core/Src/main.c **** 
 338              		.loc 1 130 3 view .LVU79
 339 0004 FFF7FEFF 		bl	HAL_Init
 340              	.LVL12:
 137:Core/Src/main.c **** 
 341              		.loc 1 137 3 view .LVU80
 342 0008 FFF7FEFF 		bl	SystemClock_Config
 343              	.LVL13:
 144:Core/Src/main.c ****   MX_DMA_Init();
 344              		.loc 1 144 3 view .LVU81
 345 000c FFF7FEFF 		bl	MX_GPIO_Init
 346              	.LVL14:
 145:Core/Src/main.c ****   MX_USART1_UART_Init();
 347              		.loc 1 145 3 view .LVU82
 348 0010 FFF7FEFF 		bl	MX_DMA_Init
 349              	.LVL15:
 146:Core/Src/main.c ****   MX_I2C1_Init();
 350              		.loc 1 146 3 view .LVU83
 351 0014 FFF7FEFF 		bl	MX_USART1_UART_Init
 352              	.LVL16:
 147:Core/Src/main.c ****   MX_TIM3_Init();
 353              		.loc 1 147 3 view .LVU84
 354 0018 FFF7FEFF 		bl	MX_I2C1_Init
 355              	.LVL17:
 148:Core/Src/main.c ****   MX_USART2_UART_Init();
 356              		.loc 1 148 3 view .LVU85
 357 001c FFF7FEFF 		bl	MX_TIM3_Init
 358              	.LVL18:
 149:Core/Src/main.c ****   /* USER CODE BEGIN 2 */
ARM GAS  D:\software\msy64\tmp\ccpdUyAe.s 			page 30


 359              		.loc 1 149 3 view .LVU86
 360 0020 FFF7FEFF 		bl	MX_USART2_UART_Init
 361              	.LVL19:
 151:Core/Src/main.c **** 
 362              		.loc 1 151 3 view .LVU87
 363 0024 FFF7FEFF 		bl	Motor_Init
 364              	.LVL20:
 162:Core/Src/main.c ****   float temp[6] = { 1.0892242055348749, -0.17332101096690133, 1.0859638345521907, -0.00022042666860
 365              		.loc 1 162 3 view .LVU88
 366 0028 1322     		movs	r2, #19
 367 002a 1249     		ldr	r1, .L25
 368 002c 1248     		ldr	r0, .L25+4
 369 002e FFF7FEFF 		bl	HAL_UARTEx_ReceiveToIdle_DMA
 370              	.LVL21:
 163:Core/Src/main.c ****   // 1.0892242055348749, -0.17332101096690133, 1.0859638345521907, -0.00022042666860048007, 1.88292
 371              		.loc 1 163 3 view .LVU89
 163:Core/Src/main.c ****   // 1.0892242055348749, -0.17332101096690133, 1.0859638345521907, -0.00022042666860048007, 1.88292
 372              		.loc 1 163 9 is_stmt 0 view .LVU90
 373 0032 6C46     		mov	r4, sp
 374 0034 114D     		ldr	r5, .L25+8
 375 0036 0FCD     		ldmia	r5!, {r0, r1, r2, r3}
 376 0038 0FC4     		stmia	r4!, {r0, r1, r2, r3}
 377 003a 95E80300 		ldm	r5, {r0, r1}
 378 003e 84E80300 		stm	r4, {r0, r1}
 379              	.L22:
 171:Core/Src/main.c ****   {
 380              		.loc 1 171 3 is_stmt 1 view .LVU91
 174:Core/Src/main.c ****     {
 381              		.loc 1 174 5 view .LVU92
 174:Core/Src/main.c ****     {
 382              		.loc 1 174 14 is_stmt 0 view .LVU93
 383 0042 0F4B     		ldr	r3, .L25+12
 384 0044 1B78     		ldrb	r3, [r3]	@ zero_extendqisi2
 174:Core/Src/main.c ****     {
 385              		.loc 1 174 8 view .LVU94
 386 0046 012B     		cmp	r3, #1
 387 0048 FBD1     		bne	.L22
 180:Core/Src/main.c ****       //   new_data_available = 0; // 重置标志位
 388              		.loc 1 180 9 is_stmt 1 view .LVU95
 389 004a 0E4D     		ldr	r5, .L25+16
 390 004c 2A46     		mov	r2, r5
 391 004e 0A49     		ldr	r1, .L25+4
 392 0050 0848     		ldr	r0, .L25
 393 0052 FFF7FEFF 		bl	usartReceiveOneData
 394              	.LVL22:
 183:Core/Src/main.c ****       Motor_Dir();
 395              		.loc 1 183 7 view .LVU96
 396 0056 0C4C     		ldr	r4, .L25+20
 397 0058 2146     		mov	r1, r4
 398 005a 2846     		mov	r0, r5
 399 005c FFF7FEFF 		bl	motor_cal
 400              	.LVL23:
 184:Core/Src/main.c ****       Motor_Move(step);
 401              		.loc 1 184 7 view .LVU97
 402 0060 FFF7FEFF 		bl	Motor_Dir
 403              	.LVL24:
 185:Core/Src/main.c ****       Flag = STOP; // 重置标志位
ARM GAS  D:\software\msy64\tmp\ccpdUyAe.s 			page 31


 404              		.loc 1 185 7 view .LVU98
 405 0064 2046     		mov	r0, r4
 406 0066 FFF7FEFF 		bl	Motor_Move
 407              	.LVL25:
 186:Core/Src/main.c ****     }
 408              		.loc 1 186 7 view .LVU99
 186:Core/Src/main.c ****     }
 409              		.loc 1 186 12 is_stmt 0 view .LVU100
 410 006a 054B     		ldr	r3, .L25+12
 411 006c 0022     		movs	r2, #0
 412 006e 1A70     		strb	r2, [r3]
 413 0070 E7E7     		b	.L22
 414              	.L26:
 415 0072 00BF     		.align	2
 416              	.L25:
 417 0074 00000000 		.word	dma_test
 418 0078 00000000 		.word	huart1
 419 007c 00000000 		.word	.LANCHOR0
 420 0080 00000000 		.word	Flag
 421 0084 00000000 		.word	angleset
 422 0088 00000000 		.word	step
 423              		.cfi_endproc
 424              	.LFE136:
 426              		.section	.text.assert_failed,"ax",%progbits
 427              		.align	1
 428              		.global	assert_failed
 429              		.syntax unified
 430              		.thumb
 431              		.thumb_func
 433              	assert_failed:
 434              	.LVL26:
 435              	.LFB139:
 272:Core/Src/main.c ****   /* USER CODE END Error_Handler_Debug */
 273:Core/Src/main.c **** }
 274:Core/Src/main.c **** 
 275:Core/Src/main.c **** #ifdef  USE_FULL_ASSERT
 276:Core/Src/main.c **** /**
 277:Core/Src/main.c ****   * @brief  Reports the name of the source file and the source line number
 278:Core/Src/main.c ****   *         where the assert_param error has occurred.
 279:Core/Src/main.c ****   * @param  file: pointer to the source file name
 280:Core/Src/main.c ****   * @param  line: assert_param error line source number
 281:Core/Src/main.c ****   * @retval None
 282:Core/Src/main.c ****   */
 283:Core/Src/main.c **** void assert_failed(uint8_t *file, uint32_t line)
 284:Core/Src/main.c **** {
 436              		.loc 1 284 1 is_stmt 1 view -0
 437              		.cfi_startproc
 438              		@ args = 0, pretend = 0, frame = 0
 439              		@ frame_needed = 0, uses_anonymous_args = 0
 440              		@ link register save eliminated.
 285:Core/Src/main.c ****   /* USER CODE BEGIN 6 */
 286:Core/Src/main.c ****   /* User can add his own implementation to report the file name and line number,
 287:Core/Src/main.c ****      ex: printf("Wrong parameters value: file %s on line %d\r\n", file, line) */
 288:Core/Src/main.c ****   /* USER CODE END 6 */
 289:Core/Src/main.c **** }
 441              		.loc 1 289 1 view .LVU102
 442 0000 7047     		bx	lr
ARM GAS  D:\software\msy64\tmp\ccpdUyAe.s 			page 32


 443              		.cfi_endproc
 444              	.LFE139:
 446              		.global	new_data_available
 447              		.section	.bss.new_data_available,"aw",%nobits
 450              	new_data_available:
 451 0000 00       		.space	1
 452              		.global	last_received_size
 453              		.section	.bss.last_received_size,"aw",%nobits
 454              		.align	1
 457              	last_received_size:
 458 0000 0000     		.space	2
 459              		.global	current_active_buffer
 460              		.section	.bss.current_active_buffer,"aw",%nobits
 463              	current_active_buffer:
 464 0000 00       		.space	1
 465              		.global	dma_buffer2
 466              		.section	.bss.dma_buffer2,"aw",%nobits
 467              		.align	2
 470              	dma_buffer2:
 471 0000 00000000 		.space	95
 471      00000000 
 471      00000000 
 471      00000000 
 471      00000000 
 472              		.global	dma_buffer1
 473              		.section	.bss.dma_buffer1,"aw",%nobits
 474              		.align	2
 477              	dma_buffer1:
 478 0000 00000000 		.space	95
 478      00000000 
 478      00000000 
 478      00000000 
 478      00000000 
 479              		.global	dma_test
 480              		.section	.bss.dma_test,"aw",%nobits
 481              		.align	2
 484              	dma_test:
 485 0000 00000000 		.space	19
 485      00000000 
 485      00000000 
 485      00000000 
 485      000000
 486              		.global	angleset
 487              		.section	.bss.angleset,"aw",%nobits
 488              		.align	2
 491              	angleset:
 492 0000 00000000 		.space	28
 492      00000000 
 492      00000000 
 492      00000000 
 492      00000000 
 493              		.global	step
 494              		.section	.bss.step,"aw",%nobits
 495              		.align	2
 498              	step:
 499 0000 00000000 		.space	24
 499      00000000 
ARM GAS  D:\software\msy64\tmp\ccpdUyAe.s 			page 33


 499      00000000 
 499      00000000 
 499      00000000 
 500              		.global	test_flag
 501              		.section	.bss.test_flag,"aw",%nobits
 504              	test_flag:
 505 0000 00       		.space	1
 506              		.global	test_data
 507              		.section	.bss.test_data,"aw",%nobits
 508              		.align	2
 511              	test_data:
 512 0000 000000   		.space	3
 513              		.global	Flag
 514              		.section	.bss.Flag,"aw",%nobits
 517              	Flag:
 518 0000 00       		.space	1
 519              		.global	Rec_Data
 520              		.section	.bss.Rec_Data,"aw",%nobits
 521              		.align	2
 524              	Rec_Data:
 525 0000 00000000 		.space	19
 525      00000000 
 525      00000000 
 525      00000000 
 525      000000
 526              		.section	.rodata
 527              		.align	2
 528              		.set	.LANCHOR0,. + 0
 529              	.LC0:
 530 0000 B36B8B3F 		.word	1066101683
 531 0004 107B31BE 		.word	-1104053488
 532 0008 DD008B3F 		.word	1066074333
 533 000c 552267B9 		.word	-1184423339
 534 0010 BB03F13F 		.word	1072759739
 535 0014 6C18F7BE 		.word	-1091102612
 536              		.text
 537              	.Letext0:
 538              		.file 3 "D:/software/msy64/mingw64/arm-none-eabi/include/machine/_default_types.h"
 539              		.file 4 "D:/software/msy64/mingw64/arm-none-eabi/include/sys/_stdint.h"
 540              		.file 5 "Drivers/CMSIS/Device/ST/STM32F4xx/Include/stm32f407xx.h"
 541              		.file 6 "Drivers/STM32F4xx_HAL_Driver/Inc/stm32f4xx_hal_def.h"
 542              		.file 7 "Drivers/STM32F4xx_HAL_Driver/Inc/stm32f4xx_hal_rcc_ex.h"
 543              		.file 8 "Drivers/STM32F4xx_HAL_Driver/Inc/stm32f4xx_hal_rcc.h"
 544              		.file 9 "Drivers/STM32F4xx_HAL_Driver/Inc/stm32f4xx_hal_dma.h"
 545              		.file 10 "Drivers/STM32F4xx_HAL_Driver/Inc/stm32f4xx_hal_uart.h"
 546              		.file 11 "Core/Inc/usart.h"
 547              		.file 12 "Core/Inc/motor.h"
 548              		.file 13 "Core/Inc/data_cal.h"
 549              		.file 14 "Core/Inc/tim.h"
 550              		.file 15 "Core/Inc/i2c.h"
 551              		.file 16 "Core/Inc/dma.h"
 552              		.file 17 "Core/Inc/gpio.h"
 553              		.file 18 "Drivers/STM32F4xx_HAL_Driver/Inc/stm32f4xx_hal_gpio.h"
 554              		.file 19 "Core/Inc/main.h"
 555              		.file 20 "Drivers/STM32F4xx_HAL_Driver/Inc/stm32f4xx_hal.h"
 556              		.file 21 "<built-in>"
ARM GAS  D:\software\msy64\tmp\ccpdUyAe.s 			page 34


DEFINED SYMBOLS
                            *ABS*:00000000 main.c
D:\software\msy64\tmp\ccpdUyAe.s:21     .text.HAL_UARTEx_RxEventCallback:00000000 $t
D:\software\msy64\tmp\ccpdUyAe.s:27     .text.HAL_UARTEx_RxEventCallback:00000000 HAL_UARTEx_RxEventCallback
D:\software\msy64\tmp\ccpdUyAe.s:81     .text.HAL_UARTEx_RxEventCallback:00000028 $d
D:\software\msy64\tmp\ccpdUyAe.s:457    .bss.last_received_size:00000000 last_received_size
D:\software\msy64\tmp\ccpdUyAe.s:484    .bss.dma_test:00000000 dma_test
D:\software\msy64\tmp\ccpdUyAe.s:517    .bss.Flag:00000000 Flag
D:\software\msy64\tmp\ccpdUyAe.s:450    .bss.new_data_available:00000000 new_data_available
D:\software\msy64\tmp\ccpdUyAe.s:91     .text.function:00000000 $t
D:\software\msy64\tmp\ccpdUyAe.s:97     .text.function:00000000 function
D:\software\msy64\tmp\ccpdUyAe.s:118    .text.function:0000000c $d
D:\software\msy64\tmp\ccpdUyAe.s:123    .text.Error_Handler:00000000 $t
D:\software\msy64\tmp\ccpdUyAe.s:129    .text.Error_Handler:00000000 Error_Handler
D:\software\msy64\tmp\ccpdUyAe.s:161    .text.SystemClock_Config:00000000 $t
D:\software\msy64\tmp\ccpdUyAe.s:167    .text.SystemClock_Config:00000000 SystemClock_Config
D:\software\msy64\tmp\ccpdUyAe.s:312    .text.SystemClock_Config:00000098 $d
D:\software\msy64\tmp\ccpdUyAe.s:318    .text.main:00000000 $t
D:\software\msy64\tmp\ccpdUyAe.s:324    .text.main:00000000 main
D:\software\msy64\tmp\ccpdUyAe.s:417    .text.main:00000074 $d
D:\software\msy64\tmp\ccpdUyAe.s:491    .bss.angleset:00000000 angleset
D:\software\msy64\tmp\ccpdUyAe.s:498    .bss.step:00000000 step
D:\software\msy64\tmp\ccpdUyAe.s:427    .text.assert_failed:00000000 $t
D:\software\msy64\tmp\ccpdUyAe.s:433    .text.assert_failed:00000000 assert_failed
D:\software\msy64\tmp\ccpdUyAe.s:451    .bss.new_data_available:00000000 $d
D:\software\msy64\tmp\ccpdUyAe.s:454    .bss.last_received_size:00000000 $d
D:\software\msy64\tmp\ccpdUyAe.s:463    .bss.current_active_buffer:00000000 current_active_buffer
D:\software\msy64\tmp\ccpdUyAe.s:464    .bss.current_active_buffer:00000000 $d
D:\software\msy64\tmp\ccpdUyAe.s:470    .bss.dma_buffer2:00000000 dma_buffer2
D:\software\msy64\tmp\ccpdUyAe.s:467    .bss.dma_buffer2:00000000 $d
D:\software\msy64\tmp\ccpdUyAe.s:477    .bss.dma_buffer1:00000000 dma_buffer1
D:\software\msy64\tmp\ccpdUyAe.s:474    .bss.dma_buffer1:00000000 $d
D:\software\msy64\tmp\ccpdUyAe.s:481    .bss.dma_test:00000000 $d
D:\software\msy64\tmp\ccpdUyAe.s:488    .bss.angleset:00000000 $d
D:\software\msy64\tmp\ccpdUyAe.s:495    .bss.step:00000000 $d
D:\software\msy64\tmp\ccpdUyAe.s:504    .bss.test_flag:00000000 test_flag
D:\software\msy64\tmp\ccpdUyAe.s:505    .bss.test_flag:00000000 $d
D:\software\msy64\tmp\ccpdUyAe.s:511    .bss.test_data:00000000 test_data
D:\software\msy64\tmp\ccpdUyAe.s:508    .bss.test_data:00000000 $d
D:\software\msy64\tmp\ccpdUyAe.s:518    .bss.Flag:00000000 $d
D:\software\msy64\tmp\ccpdUyAe.s:524    .bss.Rec_Data:00000000 Rec_Data
D:\software\msy64\tmp\ccpdUyAe.s:521    .bss.Rec_Data:00000000 $d
D:\software\msy64\tmp\ccpdUyAe.s:527    .rodata:00000000 $d

UNDEFINED SYMBOLS
HAL_UARTEx_ReceiveToIdle_DMA
huart1
HAL_GPIO_TogglePin
memset
HAL_RCC_OscConfig
HAL_RCC_ClockConfig
HAL_Init
MX_GPIO_Init
MX_DMA_Init
MX_USART1_UART_Init
MX_I2C1_Init
MX_TIM3_Init
ARM GAS  D:\software\msy64\tmp\ccpdUyAe.s 			page 35


MX_USART2_UART_Init
Motor_Init
usartReceiveOneData
motor_cal
Motor_Dir
Motor_Move
