ARM GAS  C:\Users\guoch\AppData\Local\Temp\cc44Pyrd.s 			page 1


   1              		.cpu cortex-m4
   2              		.arch armv7e-m
   3              		.fpu fpv4-sp-d16
   4              		.eabi_attribute 27, 1
   5              		.eabi_attribute 28, 1
   6              		.eabi_attribute 20, 1
   7              		.eabi_attribute 21, 1
   8              		.eabi_attribute 23, 3
   9              		.eabi_attribute 24, 1
  10              		.eabi_attribute 25, 1
  11              		.eabi_attribute 26, 1
  12              		.eabi_attribute 30, 1
  13              		.eabi_attribute 34, 1
  14              		.eabi_attribute 18, 4
  15              		.file	"stm32f4xx_hal_flash.c"
  16              		.text
  17              	.Ltext0:
  18              		.cfi_sections	.debug_frame
  19              		.section	.text.FLASH_SetErrorCode,"ax",%progbits
  20              		.align	1
  21              		.syntax unified
  22              		.thumb
  23              		.thumb_func
  25              	FLASH_SetErrorCode:
  26              	.LFB150:
  27              		.file 1 "Drivers/STM32F4xx_HAL_Driver/Src/stm32f4xx_hal_flash.c"
   1:Drivers/STM32F4xx_HAL_Driver/Src/stm32f4xx_hal_flash.c **** /**
   2:Drivers/STM32F4xx_HAL_Driver/Src/stm32f4xx_hal_flash.c ****   ******************************************************************************
   3:Drivers/STM32F4xx_HAL_Driver/Src/stm32f4xx_hal_flash.c ****   * @file    stm32f4xx_hal_flash.c
   4:Drivers/STM32F4xx_HAL_Driver/Src/stm32f4xx_hal_flash.c ****   * @author  MCD Application Team
   5:Drivers/STM32F4xx_HAL_Driver/Src/stm32f4xx_hal_flash.c ****   * @brief   FLASH HAL module driver.
   6:Drivers/STM32F4xx_HAL_Driver/Src/stm32f4xx_hal_flash.c ****   *          This file provides firmware functions to manage the following
   7:Drivers/STM32F4xx_HAL_Driver/Src/stm32f4xx_hal_flash.c ****   *          functionalities of the internal FLASH memory:
   8:Drivers/STM32F4xx_HAL_Driver/Src/stm32f4xx_hal_flash.c ****   *           + Program operations functions
   9:Drivers/STM32F4xx_HAL_Driver/Src/stm32f4xx_hal_flash.c ****   *           + Memory Control functions
  10:Drivers/STM32F4xx_HAL_Driver/Src/stm32f4xx_hal_flash.c ****   *           + Peripheral Errors functions
  11:Drivers/STM32F4xx_HAL_Driver/Src/stm32f4xx_hal_flash.c ****   *
  12:Drivers/STM32F4xx_HAL_Driver/Src/stm32f4xx_hal_flash.c ****   @verbatim
  13:Drivers/STM32F4xx_HAL_Driver/Src/stm32f4xx_hal_flash.c ****   ==============================================================================
  14:Drivers/STM32F4xx_HAL_Driver/Src/stm32f4xx_hal_flash.c ****                         ##### FLASH peripheral features #####
  15:Drivers/STM32F4xx_HAL_Driver/Src/stm32f4xx_hal_flash.c ****   ==============================================================================
  16:Drivers/STM32F4xx_HAL_Driver/Src/stm32f4xx_hal_flash.c **** 
  17:Drivers/STM32F4xx_HAL_Driver/Src/stm32f4xx_hal_flash.c ****   [..] The Flash memory interface manages CPU AHB I-Code and D-Code accesses
  18:Drivers/STM32F4xx_HAL_Driver/Src/stm32f4xx_hal_flash.c ****        to the Flash memory. It implements the erase and program Flash memory operations
  19:Drivers/STM32F4xx_HAL_Driver/Src/stm32f4xx_hal_flash.c ****        and the read and write protection mechanisms.
  20:Drivers/STM32F4xx_HAL_Driver/Src/stm32f4xx_hal_flash.c **** 
  21:Drivers/STM32F4xx_HAL_Driver/Src/stm32f4xx_hal_flash.c ****   [..] The Flash memory interface accelerates code execution with a system of instruction
  22:Drivers/STM32F4xx_HAL_Driver/Src/stm32f4xx_hal_flash.c ****        prefetch and cache lines.
  23:Drivers/STM32F4xx_HAL_Driver/Src/stm32f4xx_hal_flash.c **** 
  24:Drivers/STM32F4xx_HAL_Driver/Src/stm32f4xx_hal_flash.c ****   [..] The FLASH main features are:
  25:Drivers/STM32F4xx_HAL_Driver/Src/stm32f4xx_hal_flash.c ****       (+) Flash memory read operations
  26:Drivers/STM32F4xx_HAL_Driver/Src/stm32f4xx_hal_flash.c ****       (+) Flash memory program/erase operations
  27:Drivers/STM32F4xx_HAL_Driver/Src/stm32f4xx_hal_flash.c ****       (+) Read / write protections
  28:Drivers/STM32F4xx_HAL_Driver/Src/stm32f4xx_hal_flash.c ****       (+) Prefetch on I-Code
  29:Drivers/STM32F4xx_HAL_Driver/Src/stm32f4xx_hal_flash.c ****       (+) 64 cache lines of 128 bits on I-Code
  30:Drivers/STM32F4xx_HAL_Driver/Src/stm32f4xx_hal_flash.c ****       (+) 8 cache lines of 128 bits on D-Code
  31:Drivers/STM32F4xx_HAL_Driver/Src/stm32f4xx_hal_flash.c **** 
ARM GAS  C:\Users\guoch\AppData\Local\Temp\cc44Pyrd.s 			page 2


  32:Drivers/STM32F4xx_HAL_Driver/Src/stm32f4xx_hal_flash.c **** 
  33:Drivers/STM32F4xx_HAL_Driver/Src/stm32f4xx_hal_flash.c ****                      ##### How to use this driver #####
  34:Drivers/STM32F4xx_HAL_Driver/Src/stm32f4xx_hal_flash.c ****   ==============================================================================
  35:Drivers/STM32F4xx_HAL_Driver/Src/stm32f4xx_hal_flash.c ****     [..]
  36:Drivers/STM32F4xx_HAL_Driver/Src/stm32f4xx_hal_flash.c ****       This driver provides functions and macros to configure and program the FLASH
  37:Drivers/STM32F4xx_HAL_Driver/Src/stm32f4xx_hal_flash.c ****       memory of all STM32F4xx devices.
  38:Drivers/STM32F4xx_HAL_Driver/Src/stm32f4xx_hal_flash.c **** 
  39:Drivers/STM32F4xx_HAL_Driver/Src/stm32f4xx_hal_flash.c ****       (#) FLASH Memory IO Programming functions:
  40:Drivers/STM32F4xx_HAL_Driver/Src/stm32f4xx_hal_flash.c ****            (++) Lock and Unlock the FLASH interface using HAL_FLASH_Unlock() and
  41:Drivers/STM32F4xx_HAL_Driver/Src/stm32f4xx_hal_flash.c ****                 HAL_FLASH_Lock() functions
  42:Drivers/STM32F4xx_HAL_Driver/Src/stm32f4xx_hal_flash.c ****            (++) Program functions: byte, half word, word and double word
  43:Drivers/STM32F4xx_HAL_Driver/Src/stm32f4xx_hal_flash.c ****            (++) There Two modes of programming :
  44:Drivers/STM32F4xx_HAL_Driver/Src/stm32f4xx_hal_flash.c ****             (+++) Polling mode using HAL_FLASH_Program() function
  45:Drivers/STM32F4xx_HAL_Driver/Src/stm32f4xx_hal_flash.c ****             (+++) Interrupt mode using HAL_FLASH_Program_IT() function
  46:Drivers/STM32F4xx_HAL_Driver/Src/stm32f4xx_hal_flash.c **** 
  47:Drivers/STM32F4xx_HAL_Driver/Src/stm32f4xx_hal_flash.c ****       (#) Interrupts and flags management functions :
  48:Drivers/STM32F4xx_HAL_Driver/Src/stm32f4xx_hal_flash.c ****            (++) Handle FLASH interrupts by calling HAL_FLASH_IRQHandler()
  49:Drivers/STM32F4xx_HAL_Driver/Src/stm32f4xx_hal_flash.c ****            (++) Wait for last FLASH operation according to its status
  50:Drivers/STM32F4xx_HAL_Driver/Src/stm32f4xx_hal_flash.c ****            (++) Get error flag status by calling HAL_SetErrorCode()
  51:Drivers/STM32F4xx_HAL_Driver/Src/stm32f4xx_hal_flash.c **** 
  52:Drivers/STM32F4xx_HAL_Driver/Src/stm32f4xx_hal_flash.c ****     [..]
  53:Drivers/STM32F4xx_HAL_Driver/Src/stm32f4xx_hal_flash.c ****       In addition to these functions, this driver includes a set of macros allowing
  54:Drivers/STM32F4xx_HAL_Driver/Src/stm32f4xx_hal_flash.c ****       to handle the following operations:
  55:Drivers/STM32F4xx_HAL_Driver/Src/stm32f4xx_hal_flash.c ****        (+) Set the latency
  56:Drivers/STM32F4xx_HAL_Driver/Src/stm32f4xx_hal_flash.c ****        (+) Enable/Disable the prefetch buffer
  57:Drivers/STM32F4xx_HAL_Driver/Src/stm32f4xx_hal_flash.c ****        (+) Enable/Disable the Instruction cache and the Data cache
  58:Drivers/STM32F4xx_HAL_Driver/Src/stm32f4xx_hal_flash.c ****        (+) Reset the Instruction cache and the Data cache
  59:Drivers/STM32F4xx_HAL_Driver/Src/stm32f4xx_hal_flash.c ****        (+) Enable/Disable the FLASH interrupts
  60:Drivers/STM32F4xx_HAL_Driver/Src/stm32f4xx_hal_flash.c ****        (+) Monitor the FLASH flags status
  61:Drivers/STM32F4xx_HAL_Driver/Src/stm32f4xx_hal_flash.c **** 
  62:Drivers/STM32F4xx_HAL_Driver/Src/stm32f4xx_hal_flash.c ****   @endverbatim
  63:Drivers/STM32F4xx_HAL_Driver/Src/stm32f4xx_hal_flash.c ****   ******************************************************************************
  64:Drivers/STM32F4xx_HAL_Driver/Src/stm32f4xx_hal_flash.c ****   * @attention
  65:Drivers/STM32F4xx_HAL_Driver/Src/stm32f4xx_hal_flash.c ****   *
  66:Drivers/STM32F4xx_HAL_Driver/Src/stm32f4xx_hal_flash.c ****   * Copyright (c) 2017 STMicroelectronics.
  67:Drivers/STM32F4xx_HAL_Driver/Src/stm32f4xx_hal_flash.c ****   * All rights reserved.
  68:Drivers/STM32F4xx_HAL_Driver/Src/stm32f4xx_hal_flash.c ****   *
  69:Drivers/STM32F4xx_HAL_Driver/Src/stm32f4xx_hal_flash.c ****   * This software is licensed under terms that can be found in the LICENSE file in
  70:Drivers/STM32F4xx_HAL_Driver/Src/stm32f4xx_hal_flash.c ****   * the root directory of this software component.
  71:Drivers/STM32F4xx_HAL_Driver/Src/stm32f4xx_hal_flash.c ****   * If no LICENSE file comes with this software, it is provided AS-IS.
  72:Drivers/STM32F4xx_HAL_Driver/Src/stm32f4xx_hal_flash.c ****   ******************************************************************************
  73:Drivers/STM32F4xx_HAL_Driver/Src/stm32f4xx_hal_flash.c ****   */
  74:Drivers/STM32F4xx_HAL_Driver/Src/stm32f4xx_hal_flash.c **** 
  75:Drivers/STM32F4xx_HAL_Driver/Src/stm32f4xx_hal_flash.c **** /* Includes ------------------------------------------------------------------*/
  76:Drivers/STM32F4xx_HAL_Driver/Src/stm32f4xx_hal_flash.c **** #include "stm32f4xx_hal.h"
  77:Drivers/STM32F4xx_HAL_Driver/Src/stm32f4xx_hal_flash.c **** 
  78:Drivers/STM32F4xx_HAL_Driver/Src/stm32f4xx_hal_flash.c **** /** @addtogroup STM32F4xx_HAL_Driver
  79:Drivers/STM32F4xx_HAL_Driver/Src/stm32f4xx_hal_flash.c ****   * @{
  80:Drivers/STM32F4xx_HAL_Driver/Src/stm32f4xx_hal_flash.c ****   */
  81:Drivers/STM32F4xx_HAL_Driver/Src/stm32f4xx_hal_flash.c **** 
  82:Drivers/STM32F4xx_HAL_Driver/Src/stm32f4xx_hal_flash.c **** /** @defgroup FLASH FLASH
  83:Drivers/STM32F4xx_HAL_Driver/Src/stm32f4xx_hal_flash.c ****   * @brief FLASH HAL module driver
  84:Drivers/STM32F4xx_HAL_Driver/Src/stm32f4xx_hal_flash.c ****   * @{
  85:Drivers/STM32F4xx_HAL_Driver/Src/stm32f4xx_hal_flash.c ****   */
  86:Drivers/STM32F4xx_HAL_Driver/Src/stm32f4xx_hal_flash.c **** 
  87:Drivers/STM32F4xx_HAL_Driver/Src/stm32f4xx_hal_flash.c **** #ifdef HAL_FLASH_MODULE_ENABLED
  88:Drivers/STM32F4xx_HAL_Driver/Src/stm32f4xx_hal_flash.c **** 
ARM GAS  C:\Users\guoch\AppData\Local\Temp\cc44Pyrd.s 			page 3


  89:Drivers/STM32F4xx_HAL_Driver/Src/stm32f4xx_hal_flash.c **** /* Private typedef -----------------------------------------------------------*/
  90:Drivers/STM32F4xx_HAL_Driver/Src/stm32f4xx_hal_flash.c **** /* Private define ------------------------------------------------------------*/
  91:Drivers/STM32F4xx_HAL_Driver/Src/stm32f4xx_hal_flash.c **** /** @addtogroup FLASH_Private_Constants
  92:Drivers/STM32F4xx_HAL_Driver/Src/stm32f4xx_hal_flash.c ****   * @{
  93:Drivers/STM32F4xx_HAL_Driver/Src/stm32f4xx_hal_flash.c ****   */
  94:Drivers/STM32F4xx_HAL_Driver/Src/stm32f4xx_hal_flash.c **** #define FLASH_TIMEOUT_VALUE       50000U /* 50 s */
  95:Drivers/STM32F4xx_HAL_Driver/Src/stm32f4xx_hal_flash.c **** /**
  96:Drivers/STM32F4xx_HAL_Driver/Src/stm32f4xx_hal_flash.c ****   * @}
  97:Drivers/STM32F4xx_HAL_Driver/Src/stm32f4xx_hal_flash.c ****   */
  98:Drivers/STM32F4xx_HAL_Driver/Src/stm32f4xx_hal_flash.c **** /* Private macro -------------------------------------------------------------*/
  99:Drivers/STM32F4xx_HAL_Driver/Src/stm32f4xx_hal_flash.c **** /* Private variables ---------------------------------------------------------*/
 100:Drivers/STM32F4xx_HAL_Driver/Src/stm32f4xx_hal_flash.c **** /** @addtogroup FLASH_Private_Variables
 101:Drivers/STM32F4xx_HAL_Driver/Src/stm32f4xx_hal_flash.c ****   * @{
 102:Drivers/STM32F4xx_HAL_Driver/Src/stm32f4xx_hal_flash.c ****   */
 103:Drivers/STM32F4xx_HAL_Driver/Src/stm32f4xx_hal_flash.c **** /* Variable used for Erase sectors under interruption */
 104:Drivers/STM32F4xx_HAL_Driver/Src/stm32f4xx_hal_flash.c **** FLASH_ProcessTypeDef pFlash;
 105:Drivers/STM32F4xx_HAL_Driver/Src/stm32f4xx_hal_flash.c **** /**
 106:Drivers/STM32F4xx_HAL_Driver/Src/stm32f4xx_hal_flash.c ****   * @}
 107:Drivers/STM32F4xx_HAL_Driver/Src/stm32f4xx_hal_flash.c ****   */
 108:Drivers/STM32F4xx_HAL_Driver/Src/stm32f4xx_hal_flash.c **** 
 109:Drivers/STM32F4xx_HAL_Driver/Src/stm32f4xx_hal_flash.c **** /* Private function prototypes -----------------------------------------------*/
 110:Drivers/STM32F4xx_HAL_Driver/Src/stm32f4xx_hal_flash.c **** /** @addtogroup FLASH_Private_Functions
 111:Drivers/STM32F4xx_HAL_Driver/Src/stm32f4xx_hal_flash.c ****   * @{
 112:Drivers/STM32F4xx_HAL_Driver/Src/stm32f4xx_hal_flash.c ****   */
 113:Drivers/STM32F4xx_HAL_Driver/Src/stm32f4xx_hal_flash.c **** /* Program operations */
 114:Drivers/STM32F4xx_HAL_Driver/Src/stm32f4xx_hal_flash.c **** static void   FLASH_Program_DoubleWord(uint32_t Address, uint64_t Data);
 115:Drivers/STM32F4xx_HAL_Driver/Src/stm32f4xx_hal_flash.c **** static void   FLASH_Program_Word(uint32_t Address, uint32_t Data);
 116:Drivers/STM32F4xx_HAL_Driver/Src/stm32f4xx_hal_flash.c **** static void   FLASH_Program_HalfWord(uint32_t Address, uint16_t Data);
 117:Drivers/STM32F4xx_HAL_Driver/Src/stm32f4xx_hal_flash.c **** static void   FLASH_Program_Byte(uint32_t Address, uint8_t Data);
 118:Drivers/STM32F4xx_HAL_Driver/Src/stm32f4xx_hal_flash.c **** static void   FLASH_SetErrorCode(void);
 119:Drivers/STM32F4xx_HAL_Driver/Src/stm32f4xx_hal_flash.c **** 
 120:Drivers/STM32F4xx_HAL_Driver/Src/stm32f4xx_hal_flash.c **** HAL_StatusTypeDef FLASH_WaitForLastOperation(uint32_t Timeout);
 121:Drivers/STM32F4xx_HAL_Driver/Src/stm32f4xx_hal_flash.c **** /**
 122:Drivers/STM32F4xx_HAL_Driver/Src/stm32f4xx_hal_flash.c ****   * @}
 123:Drivers/STM32F4xx_HAL_Driver/Src/stm32f4xx_hal_flash.c ****   */
 124:Drivers/STM32F4xx_HAL_Driver/Src/stm32f4xx_hal_flash.c **** 
 125:Drivers/STM32F4xx_HAL_Driver/Src/stm32f4xx_hal_flash.c **** /* Exported functions --------------------------------------------------------*/
 126:Drivers/STM32F4xx_HAL_Driver/Src/stm32f4xx_hal_flash.c **** /** @defgroup FLASH_Exported_Functions FLASH Exported Functions
 127:Drivers/STM32F4xx_HAL_Driver/Src/stm32f4xx_hal_flash.c ****   * @{
 128:Drivers/STM32F4xx_HAL_Driver/Src/stm32f4xx_hal_flash.c ****   */
 129:Drivers/STM32F4xx_HAL_Driver/Src/stm32f4xx_hal_flash.c **** 
 130:Drivers/STM32F4xx_HAL_Driver/Src/stm32f4xx_hal_flash.c **** /** @defgroup FLASH_Exported_Functions_Group1 Programming operation functions
 131:Drivers/STM32F4xx_HAL_Driver/Src/stm32f4xx_hal_flash.c ****   *  @brief   Programming operation functions
 132:Drivers/STM32F4xx_HAL_Driver/Src/stm32f4xx_hal_flash.c ****   *
 133:Drivers/STM32F4xx_HAL_Driver/Src/stm32f4xx_hal_flash.c **** @verbatim
 134:Drivers/STM32F4xx_HAL_Driver/Src/stm32f4xx_hal_flash.c ****  ===============================================================================
 135:Drivers/STM32F4xx_HAL_Driver/Src/stm32f4xx_hal_flash.c ****                   ##### Programming operation functions #####
 136:Drivers/STM32F4xx_HAL_Driver/Src/stm32f4xx_hal_flash.c ****  ===============================================================================
 137:Drivers/STM32F4xx_HAL_Driver/Src/stm32f4xx_hal_flash.c ****     [..]
 138:Drivers/STM32F4xx_HAL_Driver/Src/stm32f4xx_hal_flash.c ****     This subsection provides a set of functions allowing to manage the FLASH
 139:Drivers/STM32F4xx_HAL_Driver/Src/stm32f4xx_hal_flash.c ****     program operations.
 140:Drivers/STM32F4xx_HAL_Driver/Src/stm32f4xx_hal_flash.c **** 
 141:Drivers/STM32F4xx_HAL_Driver/Src/stm32f4xx_hal_flash.c **** @endverbatim
 142:Drivers/STM32F4xx_HAL_Driver/Src/stm32f4xx_hal_flash.c ****   * @{
 143:Drivers/STM32F4xx_HAL_Driver/Src/stm32f4xx_hal_flash.c ****   */
 144:Drivers/STM32F4xx_HAL_Driver/Src/stm32f4xx_hal_flash.c **** 
 145:Drivers/STM32F4xx_HAL_Driver/Src/stm32f4xx_hal_flash.c **** /**
ARM GAS  C:\Users\guoch\AppData\Local\Temp\cc44Pyrd.s 			page 4


 146:Drivers/STM32F4xx_HAL_Driver/Src/stm32f4xx_hal_flash.c ****   * @brief  Program byte, halfword, word or double word at a specified address
 147:Drivers/STM32F4xx_HAL_Driver/Src/stm32f4xx_hal_flash.c ****   * @param  TypeProgram  Indicate the way to program at a specified address.
 148:Drivers/STM32F4xx_HAL_Driver/Src/stm32f4xx_hal_flash.c ****   *                           This parameter can be a value of @ref FLASH_Type_Program
 149:Drivers/STM32F4xx_HAL_Driver/Src/stm32f4xx_hal_flash.c ****   * @param  Address  specifies the address to be programmed.
 150:Drivers/STM32F4xx_HAL_Driver/Src/stm32f4xx_hal_flash.c ****   * @param  Data specifies the data to be programmed
 151:Drivers/STM32F4xx_HAL_Driver/Src/stm32f4xx_hal_flash.c ****   *
 152:Drivers/STM32F4xx_HAL_Driver/Src/stm32f4xx_hal_flash.c ****   * @retval HAL_StatusTypeDef HAL Status
 153:Drivers/STM32F4xx_HAL_Driver/Src/stm32f4xx_hal_flash.c ****   */
 154:Drivers/STM32F4xx_HAL_Driver/Src/stm32f4xx_hal_flash.c **** HAL_StatusTypeDef HAL_FLASH_Program(uint32_t TypeProgram, uint32_t Address, uint64_t Data)
 155:Drivers/STM32F4xx_HAL_Driver/Src/stm32f4xx_hal_flash.c **** {
 156:Drivers/STM32F4xx_HAL_Driver/Src/stm32f4xx_hal_flash.c ****   HAL_StatusTypeDef status;
 157:Drivers/STM32F4xx_HAL_Driver/Src/stm32f4xx_hal_flash.c **** 
 158:Drivers/STM32F4xx_HAL_Driver/Src/stm32f4xx_hal_flash.c ****   /* Process Locked */
 159:Drivers/STM32F4xx_HAL_Driver/Src/stm32f4xx_hal_flash.c ****   __HAL_LOCK(&pFlash);
 160:Drivers/STM32F4xx_HAL_Driver/Src/stm32f4xx_hal_flash.c **** 
 161:Drivers/STM32F4xx_HAL_Driver/Src/stm32f4xx_hal_flash.c ****   /* Check the parameters */
 162:Drivers/STM32F4xx_HAL_Driver/Src/stm32f4xx_hal_flash.c ****   assert_param(IS_FLASH_TYPEPROGRAM(TypeProgram));
 163:Drivers/STM32F4xx_HAL_Driver/Src/stm32f4xx_hal_flash.c **** 
 164:Drivers/STM32F4xx_HAL_Driver/Src/stm32f4xx_hal_flash.c ****   /* Wait for last operation to be completed */
 165:Drivers/STM32F4xx_HAL_Driver/Src/stm32f4xx_hal_flash.c ****   status = FLASH_WaitForLastOperation((uint32_t)FLASH_TIMEOUT_VALUE);
 166:Drivers/STM32F4xx_HAL_Driver/Src/stm32f4xx_hal_flash.c **** 
 167:Drivers/STM32F4xx_HAL_Driver/Src/stm32f4xx_hal_flash.c ****   if (status == HAL_OK)
 168:Drivers/STM32F4xx_HAL_Driver/Src/stm32f4xx_hal_flash.c ****   {
 169:Drivers/STM32F4xx_HAL_Driver/Src/stm32f4xx_hal_flash.c ****     if (TypeProgram == FLASH_TYPEPROGRAM_BYTE)
 170:Drivers/STM32F4xx_HAL_Driver/Src/stm32f4xx_hal_flash.c ****     {
 171:Drivers/STM32F4xx_HAL_Driver/Src/stm32f4xx_hal_flash.c ****       /*Program byte (8-bit) at a specified address.*/
 172:Drivers/STM32F4xx_HAL_Driver/Src/stm32f4xx_hal_flash.c ****       FLASH_Program_Byte(Address, (uint8_t) Data);
 173:Drivers/STM32F4xx_HAL_Driver/Src/stm32f4xx_hal_flash.c ****     }
 174:Drivers/STM32F4xx_HAL_Driver/Src/stm32f4xx_hal_flash.c ****     else if (TypeProgram == FLASH_TYPEPROGRAM_HALFWORD)
 175:Drivers/STM32F4xx_HAL_Driver/Src/stm32f4xx_hal_flash.c ****     {
 176:Drivers/STM32F4xx_HAL_Driver/Src/stm32f4xx_hal_flash.c ****       /*Program halfword (16-bit) at a specified address.*/
 177:Drivers/STM32F4xx_HAL_Driver/Src/stm32f4xx_hal_flash.c ****       FLASH_Program_HalfWord(Address, (uint16_t) Data);
 178:Drivers/STM32F4xx_HAL_Driver/Src/stm32f4xx_hal_flash.c ****     }
 179:Drivers/STM32F4xx_HAL_Driver/Src/stm32f4xx_hal_flash.c ****     else if (TypeProgram == FLASH_TYPEPROGRAM_WORD)
 180:Drivers/STM32F4xx_HAL_Driver/Src/stm32f4xx_hal_flash.c ****     {
 181:Drivers/STM32F4xx_HAL_Driver/Src/stm32f4xx_hal_flash.c ****       /*Program word (32-bit) at a specified address.*/
 182:Drivers/STM32F4xx_HAL_Driver/Src/stm32f4xx_hal_flash.c ****       FLASH_Program_Word(Address, (uint32_t) Data);
 183:Drivers/STM32F4xx_HAL_Driver/Src/stm32f4xx_hal_flash.c ****     }
 184:Drivers/STM32F4xx_HAL_Driver/Src/stm32f4xx_hal_flash.c ****     else
 185:Drivers/STM32F4xx_HAL_Driver/Src/stm32f4xx_hal_flash.c ****     {
 186:Drivers/STM32F4xx_HAL_Driver/Src/stm32f4xx_hal_flash.c ****       /*Program double word (64-bit) at a specified address.*/
 187:Drivers/STM32F4xx_HAL_Driver/Src/stm32f4xx_hal_flash.c ****       FLASH_Program_DoubleWord(Address, Data);
 188:Drivers/STM32F4xx_HAL_Driver/Src/stm32f4xx_hal_flash.c ****     }
 189:Drivers/STM32F4xx_HAL_Driver/Src/stm32f4xx_hal_flash.c **** 
 190:Drivers/STM32F4xx_HAL_Driver/Src/stm32f4xx_hal_flash.c ****     /* Wait for last operation to be completed */
 191:Drivers/STM32F4xx_HAL_Driver/Src/stm32f4xx_hal_flash.c ****     status = FLASH_WaitForLastOperation((uint32_t)FLASH_TIMEOUT_VALUE);
 192:Drivers/STM32F4xx_HAL_Driver/Src/stm32f4xx_hal_flash.c **** 
 193:Drivers/STM32F4xx_HAL_Driver/Src/stm32f4xx_hal_flash.c ****     /* If the program operation is completed, disable the PG Bit */
 194:Drivers/STM32F4xx_HAL_Driver/Src/stm32f4xx_hal_flash.c ****     FLASH->CR &= (~FLASH_CR_PG);
 195:Drivers/STM32F4xx_HAL_Driver/Src/stm32f4xx_hal_flash.c ****   }
 196:Drivers/STM32F4xx_HAL_Driver/Src/stm32f4xx_hal_flash.c **** 
 197:Drivers/STM32F4xx_HAL_Driver/Src/stm32f4xx_hal_flash.c ****   /* Process Unlocked */
 198:Drivers/STM32F4xx_HAL_Driver/Src/stm32f4xx_hal_flash.c ****   __HAL_UNLOCK(&pFlash);
 199:Drivers/STM32F4xx_HAL_Driver/Src/stm32f4xx_hal_flash.c **** 
 200:Drivers/STM32F4xx_HAL_Driver/Src/stm32f4xx_hal_flash.c ****   return status;
 201:Drivers/STM32F4xx_HAL_Driver/Src/stm32f4xx_hal_flash.c **** }
 202:Drivers/STM32F4xx_HAL_Driver/Src/stm32f4xx_hal_flash.c **** 
ARM GAS  C:\Users\guoch\AppData\Local\Temp\cc44Pyrd.s 			page 5


 203:Drivers/STM32F4xx_HAL_Driver/Src/stm32f4xx_hal_flash.c **** /**
 204:Drivers/STM32F4xx_HAL_Driver/Src/stm32f4xx_hal_flash.c ****   * @brief   Program byte, halfword, word or double word at a specified address  with interrupt ena
 205:Drivers/STM32F4xx_HAL_Driver/Src/stm32f4xx_hal_flash.c ****   * @param  TypeProgram  Indicate the way to program at a specified address.
 206:Drivers/STM32F4xx_HAL_Driver/Src/stm32f4xx_hal_flash.c ****   *                           This parameter can be a value of @ref FLASH_Type_Program
 207:Drivers/STM32F4xx_HAL_Driver/Src/stm32f4xx_hal_flash.c ****   * @param  Address  specifies the address to be programmed.
 208:Drivers/STM32F4xx_HAL_Driver/Src/stm32f4xx_hal_flash.c ****   * @param  Data specifies the data to be programmed
 209:Drivers/STM32F4xx_HAL_Driver/Src/stm32f4xx_hal_flash.c ****   *
 210:Drivers/STM32F4xx_HAL_Driver/Src/stm32f4xx_hal_flash.c ****   * @retval HAL Status
 211:Drivers/STM32F4xx_HAL_Driver/Src/stm32f4xx_hal_flash.c ****   */
 212:Drivers/STM32F4xx_HAL_Driver/Src/stm32f4xx_hal_flash.c **** HAL_StatusTypeDef HAL_FLASH_Program_IT(uint32_t TypeProgram, uint32_t Address, uint64_t Data)
 213:Drivers/STM32F4xx_HAL_Driver/Src/stm32f4xx_hal_flash.c **** {
 214:Drivers/STM32F4xx_HAL_Driver/Src/stm32f4xx_hal_flash.c ****   HAL_StatusTypeDef status = HAL_OK;
 215:Drivers/STM32F4xx_HAL_Driver/Src/stm32f4xx_hal_flash.c **** 
 216:Drivers/STM32F4xx_HAL_Driver/Src/stm32f4xx_hal_flash.c ****   /* Check the parameters */
 217:Drivers/STM32F4xx_HAL_Driver/Src/stm32f4xx_hal_flash.c ****   assert_param(IS_FLASH_TYPEPROGRAM(TypeProgram));
 218:Drivers/STM32F4xx_HAL_Driver/Src/stm32f4xx_hal_flash.c **** 
 219:Drivers/STM32F4xx_HAL_Driver/Src/stm32f4xx_hal_flash.c ****   /* Enable End of FLASH Operation interrupt */
 220:Drivers/STM32F4xx_HAL_Driver/Src/stm32f4xx_hal_flash.c ****   __HAL_FLASH_ENABLE_IT(FLASH_IT_EOP);
 221:Drivers/STM32F4xx_HAL_Driver/Src/stm32f4xx_hal_flash.c **** 
 222:Drivers/STM32F4xx_HAL_Driver/Src/stm32f4xx_hal_flash.c ****   /* Enable Error source interrupt */
 223:Drivers/STM32F4xx_HAL_Driver/Src/stm32f4xx_hal_flash.c ****   __HAL_FLASH_ENABLE_IT(FLASH_IT_ERR);
 224:Drivers/STM32F4xx_HAL_Driver/Src/stm32f4xx_hal_flash.c **** 
 225:Drivers/STM32F4xx_HAL_Driver/Src/stm32f4xx_hal_flash.c ****   pFlash.ProcedureOnGoing = FLASH_PROC_PROGRAM;
 226:Drivers/STM32F4xx_HAL_Driver/Src/stm32f4xx_hal_flash.c ****   pFlash.Address = Address;
 227:Drivers/STM32F4xx_HAL_Driver/Src/stm32f4xx_hal_flash.c **** 
 228:Drivers/STM32F4xx_HAL_Driver/Src/stm32f4xx_hal_flash.c ****   if (TypeProgram == FLASH_TYPEPROGRAM_BYTE)
 229:Drivers/STM32F4xx_HAL_Driver/Src/stm32f4xx_hal_flash.c ****   {
 230:Drivers/STM32F4xx_HAL_Driver/Src/stm32f4xx_hal_flash.c ****     /*Program byte (8-bit) at a specified address.*/
 231:Drivers/STM32F4xx_HAL_Driver/Src/stm32f4xx_hal_flash.c ****     FLASH_Program_Byte(Address, (uint8_t) Data);
 232:Drivers/STM32F4xx_HAL_Driver/Src/stm32f4xx_hal_flash.c ****   }
 233:Drivers/STM32F4xx_HAL_Driver/Src/stm32f4xx_hal_flash.c ****   else if (TypeProgram == FLASH_TYPEPROGRAM_HALFWORD)
 234:Drivers/STM32F4xx_HAL_Driver/Src/stm32f4xx_hal_flash.c ****   {
 235:Drivers/STM32F4xx_HAL_Driver/Src/stm32f4xx_hal_flash.c ****     /*Program halfword (16-bit) at a specified address.*/
 236:Drivers/STM32F4xx_HAL_Driver/Src/stm32f4xx_hal_flash.c ****     FLASH_Program_HalfWord(Address, (uint16_t) Data);
 237:Drivers/STM32F4xx_HAL_Driver/Src/stm32f4xx_hal_flash.c ****   }
 238:Drivers/STM32F4xx_HAL_Driver/Src/stm32f4xx_hal_flash.c ****   else if (TypeProgram == FLASH_TYPEPROGRAM_WORD)
 239:Drivers/STM32F4xx_HAL_Driver/Src/stm32f4xx_hal_flash.c ****   {
 240:Drivers/STM32F4xx_HAL_Driver/Src/stm32f4xx_hal_flash.c ****     /*Program word (32-bit) at a specified address.*/
 241:Drivers/STM32F4xx_HAL_Driver/Src/stm32f4xx_hal_flash.c ****     FLASH_Program_Word(Address, (uint32_t) Data);
 242:Drivers/STM32F4xx_HAL_Driver/Src/stm32f4xx_hal_flash.c ****   }
 243:Drivers/STM32F4xx_HAL_Driver/Src/stm32f4xx_hal_flash.c ****   else
 244:Drivers/STM32F4xx_HAL_Driver/Src/stm32f4xx_hal_flash.c ****   {
 245:Drivers/STM32F4xx_HAL_Driver/Src/stm32f4xx_hal_flash.c ****     /*Program double word (64-bit) at a specified address.*/
 246:Drivers/STM32F4xx_HAL_Driver/Src/stm32f4xx_hal_flash.c ****     FLASH_Program_DoubleWord(Address, Data);
 247:Drivers/STM32F4xx_HAL_Driver/Src/stm32f4xx_hal_flash.c ****   }
 248:Drivers/STM32F4xx_HAL_Driver/Src/stm32f4xx_hal_flash.c **** 
 249:Drivers/STM32F4xx_HAL_Driver/Src/stm32f4xx_hal_flash.c ****   return status;
 250:Drivers/STM32F4xx_HAL_Driver/Src/stm32f4xx_hal_flash.c **** }
 251:Drivers/STM32F4xx_HAL_Driver/Src/stm32f4xx_hal_flash.c **** 
 252:Drivers/STM32F4xx_HAL_Driver/Src/stm32f4xx_hal_flash.c **** /**
 253:Drivers/STM32F4xx_HAL_Driver/Src/stm32f4xx_hal_flash.c ****   * @brief This function handles FLASH interrupt request.
 254:Drivers/STM32F4xx_HAL_Driver/Src/stm32f4xx_hal_flash.c ****   * @retval None
 255:Drivers/STM32F4xx_HAL_Driver/Src/stm32f4xx_hal_flash.c ****   */
 256:Drivers/STM32F4xx_HAL_Driver/Src/stm32f4xx_hal_flash.c **** void HAL_FLASH_IRQHandler(void)
 257:Drivers/STM32F4xx_HAL_Driver/Src/stm32f4xx_hal_flash.c **** {
 258:Drivers/STM32F4xx_HAL_Driver/Src/stm32f4xx_hal_flash.c ****   uint32_t addresstmp = 0U;
 259:Drivers/STM32F4xx_HAL_Driver/Src/stm32f4xx_hal_flash.c **** 
ARM GAS  C:\Users\guoch\AppData\Local\Temp\cc44Pyrd.s 			page 6


 260:Drivers/STM32F4xx_HAL_Driver/Src/stm32f4xx_hal_flash.c ****   /* Check FLASH operation error flags */
 261:Drivers/STM32F4xx_HAL_Driver/Src/stm32f4xx_hal_flash.c **** #if defined(FLASH_SR_RDERR)
 262:Drivers/STM32F4xx_HAL_Driver/Src/stm32f4xx_hal_flash.c ****   if (__HAL_FLASH_GET_FLAG((FLASH_FLAG_OPERR | FLASH_FLAG_WRPERR | FLASH_FLAG_PGAERR | \
 263:Drivers/STM32F4xx_HAL_Driver/Src/stm32f4xx_hal_flash.c ****                             FLASH_FLAG_PGPERR | FLASH_FLAG_PGSERR | FLASH_FLAG_RDERR)) != RESET)
 264:Drivers/STM32F4xx_HAL_Driver/Src/stm32f4xx_hal_flash.c **** #else
 265:Drivers/STM32F4xx_HAL_Driver/Src/stm32f4xx_hal_flash.c ****   if (__HAL_FLASH_GET_FLAG((FLASH_FLAG_OPERR | FLASH_FLAG_WRPERR | FLASH_FLAG_PGAERR | \
 266:Drivers/STM32F4xx_HAL_Driver/Src/stm32f4xx_hal_flash.c ****                             FLASH_FLAG_PGPERR | FLASH_FLAG_PGSERR)) != RESET)
 267:Drivers/STM32F4xx_HAL_Driver/Src/stm32f4xx_hal_flash.c **** #endif /* FLASH_SR_RDERR */
 268:Drivers/STM32F4xx_HAL_Driver/Src/stm32f4xx_hal_flash.c ****   {
 269:Drivers/STM32F4xx_HAL_Driver/Src/stm32f4xx_hal_flash.c ****     if (pFlash.ProcedureOnGoing == FLASH_PROC_SECTERASE)
 270:Drivers/STM32F4xx_HAL_Driver/Src/stm32f4xx_hal_flash.c ****     {
 271:Drivers/STM32F4xx_HAL_Driver/Src/stm32f4xx_hal_flash.c ****       /*return the faulty sector*/
 272:Drivers/STM32F4xx_HAL_Driver/Src/stm32f4xx_hal_flash.c ****       addresstmp = pFlash.Sector;
 273:Drivers/STM32F4xx_HAL_Driver/Src/stm32f4xx_hal_flash.c ****       pFlash.Sector = 0xFFFFFFFFU;
 274:Drivers/STM32F4xx_HAL_Driver/Src/stm32f4xx_hal_flash.c ****     }
 275:Drivers/STM32F4xx_HAL_Driver/Src/stm32f4xx_hal_flash.c ****     else if (pFlash.ProcedureOnGoing == FLASH_PROC_MASSERASE)
 276:Drivers/STM32F4xx_HAL_Driver/Src/stm32f4xx_hal_flash.c ****     {
 277:Drivers/STM32F4xx_HAL_Driver/Src/stm32f4xx_hal_flash.c ****       /*return the faulty bank*/
 278:Drivers/STM32F4xx_HAL_Driver/Src/stm32f4xx_hal_flash.c ****       addresstmp = pFlash.Bank;
 279:Drivers/STM32F4xx_HAL_Driver/Src/stm32f4xx_hal_flash.c ****     }
 280:Drivers/STM32F4xx_HAL_Driver/Src/stm32f4xx_hal_flash.c ****     else
 281:Drivers/STM32F4xx_HAL_Driver/Src/stm32f4xx_hal_flash.c ****     {
 282:Drivers/STM32F4xx_HAL_Driver/Src/stm32f4xx_hal_flash.c ****       /*return the faulty address*/
 283:Drivers/STM32F4xx_HAL_Driver/Src/stm32f4xx_hal_flash.c ****       addresstmp = pFlash.Address;
 284:Drivers/STM32F4xx_HAL_Driver/Src/stm32f4xx_hal_flash.c ****     }
 285:Drivers/STM32F4xx_HAL_Driver/Src/stm32f4xx_hal_flash.c **** 
 286:Drivers/STM32F4xx_HAL_Driver/Src/stm32f4xx_hal_flash.c ****     /*Save the Error code*/
 287:Drivers/STM32F4xx_HAL_Driver/Src/stm32f4xx_hal_flash.c ****     FLASH_SetErrorCode();
 288:Drivers/STM32F4xx_HAL_Driver/Src/stm32f4xx_hal_flash.c **** 
 289:Drivers/STM32F4xx_HAL_Driver/Src/stm32f4xx_hal_flash.c ****     /* FLASH error interrupt user callback */
 290:Drivers/STM32F4xx_HAL_Driver/Src/stm32f4xx_hal_flash.c ****     HAL_FLASH_OperationErrorCallback(addresstmp);
 291:Drivers/STM32F4xx_HAL_Driver/Src/stm32f4xx_hal_flash.c **** 
 292:Drivers/STM32F4xx_HAL_Driver/Src/stm32f4xx_hal_flash.c ****     /*Stop the procedure ongoing*/
 293:Drivers/STM32F4xx_HAL_Driver/Src/stm32f4xx_hal_flash.c ****     pFlash.ProcedureOnGoing = FLASH_PROC_NONE;
 294:Drivers/STM32F4xx_HAL_Driver/Src/stm32f4xx_hal_flash.c ****   }
 295:Drivers/STM32F4xx_HAL_Driver/Src/stm32f4xx_hal_flash.c **** 
 296:Drivers/STM32F4xx_HAL_Driver/Src/stm32f4xx_hal_flash.c ****   /* Check FLASH End of Operation flag  */
 297:Drivers/STM32F4xx_HAL_Driver/Src/stm32f4xx_hal_flash.c ****   if (__HAL_FLASH_GET_FLAG(FLASH_FLAG_EOP) != RESET)
 298:Drivers/STM32F4xx_HAL_Driver/Src/stm32f4xx_hal_flash.c ****   {
 299:Drivers/STM32F4xx_HAL_Driver/Src/stm32f4xx_hal_flash.c ****     /* Clear FLASH End of Operation pending bit */
 300:Drivers/STM32F4xx_HAL_Driver/Src/stm32f4xx_hal_flash.c ****     __HAL_FLASH_CLEAR_FLAG(FLASH_FLAG_EOP);
 301:Drivers/STM32F4xx_HAL_Driver/Src/stm32f4xx_hal_flash.c **** 
 302:Drivers/STM32F4xx_HAL_Driver/Src/stm32f4xx_hal_flash.c ****     if (pFlash.ProcedureOnGoing == FLASH_PROC_SECTERASE)
 303:Drivers/STM32F4xx_HAL_Driver/Src/stm32f4xx_hal_flash.c ****     {
 304:Drivers/STM32F4xx_HAL_Driver/Src/stm32f4xx_hal_flash.c ****       /*Nb of sector to erased can be decreased*/
 305:Drivers/STM32F4xx_HAL_Driver/Src/stm32f4xx_hal_flash.c ****       pFlash.NbSectorsToErase--;
 306:Drivers/STM32F4xx_HAL_Driver/Src/stm32f4xx_hal_flash.c **** 
 307:Drivers/STM32F4xx_HAL_Driver/Src/stm32f4xx_hal_flash.c ****       /* Check if there are still sectors to erase*/
 308:Drivers/STM32F4xx_HAL_Driver/Src/stm32f4xx_hal_flash.c ****       if (pFlash.NbSectorsToErase != 0U)
 309:Drivers/STM32F4xx_HAL_Driver/Src/stm32f4xx_hal_flash.c ****       {
 310:Drivers/STM32F4xx_HAL_Driver/Src/stm32f4xx_hal_flash.c ****         addresstmp = pFlash.Sector;
 311:Drivers/STM32F4xx_HAL_Driver/Src/stm32f4xx_hal_flash.c ****         /*Indicate user which sector has been erased*/
 312:Drivers/STM32F4xx_HAL_Driver/Src/stm32f4xx_hal_flash.c ****         HAL_FLASH_EndOfOperationCallback(addresstmp);
 313:Drivers/STM32F4xx_HAL_Driver/Src/stm32f4xx_hal_flash.c **** 
 314:Drivers/STM32F4xx_HAL_Driver/Src/stm32f4xx_hal_flash.c ****         /*Increment sector number*/
 315:Drivers/STM32F4xx_HAL_Driver/Src/stm32f4xx_hal_flash.c ****         pFlash.Sector++;
 316:Drivers/STM32F4xx_HAL_Driver/Src/stm32f4xx_hal_flash.c ****         addresstmp = pFlash.Sector;
ARM GAS  C:\Users\guoch\AppData\Local\Temp\cc44Pyrd.s 			page 7


 317:Drivers/STM32F4xx_HAL_Driver/Src/stm32f4xx_hal_flash.c ****         FLASH_Erase_Sector(addresstmp, pFlash.VoltageForErase);
 318:Drivers/STM32F4xx_HAL_Driver/Src/stm32f4xx_hal_flash.c ****       }
 319:Drivers/STM32F4xx_HAL_Driver/Src/stm32f4xx_hal_flash.c ****       else
 320:Drivers/STM32F4xx_HAL_Driver/Src/stm32f4xx_hal_flash.c ****       {
 321:Drivers/STM32F4xx_HAL_Driver/Src/stm32f4xx_hal_flash.c ****         /*No more sectors to Erase, user callback can be called.*/
 322:Drivers/STM32F4xx_HAL_Driver/Src/stm32f4xx_hal_flash.c ****         /*Reset Sector and stop Erase sectors procedure*/
 323:Drivers/STM32F4xx_HAL_Driver/Src/stm32f4xx_hal_flash.c ****         pFlash.Sector = addresstmp = 0xFFFFFFFFU;
 324:Drivers/STM32F4xx_HAL_Driver/Src/stm32f4xx_hal_flash.c ****         pFlash.ProcedureOnGoing = FLASH_PROC_NONE;
 325:Drivers/STM32F4xx_HAL_Driver/Src/stm32f4xx_hal_flash.c **** 
 326:Drivers/STM32F4xx_HAL_Driver/Src/stm32f4xx_hal_flash.c ****         /* Flush the caches to be sure of the data consistency */
 327:Drivers/STM32F4xx_HAL_Driver/Src/stm32f4xx_hal_flash.c ****         FLASH_FlushCaches();
 328:Drivers/STM32F4xx_HAL_Driver/Src/stm32f4xx_hal_flash.c **** 
 329:Drivers/STM32F4xx_HAL_Driver/Src/stm32f4xx_hal_flash.c ****         /* FLASH EOP interrupt user callback */
 330:Drivers/STM32F4xx_HAL_Driver/Src/stm32f4xx_hal_flash.c ****         HAL_FLASH_EndOfOperationCallback(addresstmp);
 331:Drivers/STM32F4xx_HAL_Driver/Src/stm32f4xx_hal_flash.c ****       }
 332:Drivers/STM32F4xx_HAL_Driver/Src/stm32f4xx_hal_flash.c ****     }
 333:Drivers/STM32F4xx_HAL_Driver/Src/stm32f4xx_hal_flash.c ****     else
 334:Drivers/STM32F4xx_HAL_Driver/Src/stm32f4xx_hal_flash.c ****     {
 335:Drivers/STM32F4xx_HAL_Driver/Src/stm32f4xx_hal_flash.c ****       if (pFlash.ProcedureOnGoing == FLASH_PROC_MASSERASE)
 336:Drivers/STM32F4xx_HAL_Driver/Src/stm32f4xx_hal_flash.c ****       {
 337:Drivers/STM32F4xx_HAL_Driver/Src/stm32f4xx_hal_flash.c ****         /* MassErase ended. Return the selected bank */
 338:Drivers/STM32F4xx_HAL_Driver/Src/stm32f4xx_hal_flash.c ****         /* Flush the caches to be sure of the data consistency */
 339:Drivers/STM32F4xx_HAL_Driver/Src/stm32f4xx_hal_flash.c ****         FLASH_FlushCaches();
 340:Drivers/STM32F4xx_HAL_Driver/Src/stm32f4xx_hal_flash.c **** 
 341:Drivers/STM32F4xx_HAL_Driver/Src/stm32f4xx_hal_flash.c ****         /* FLASH EOP interrupt user callback */
 342:Drivers/STM32F4xx_HAL_Driver/Src/stm32f4xx_hal_flash.c ****         HAL_FLASH_EndOfOperationCallback(pFlash.Bank);
 343:Drivers/STM32F4xx_HAL_Driver/Src/stm32f4xx_hal_flash.c ****       }
 344:Drivers/STM32F4xx_HAL_Driver/Src/stm32f4xx_hal_flash.c ****       else
 345:Drivers/STM32F4xx_HAL_Driver/Src/stm32f4xx_hal_flash.c ****       {
 346:Drivers/STM32F4xx_HAL_Driver/Src/stm32f4xx_hal_flash.c ****         /*Program ended. Return the selected address*/
 347:Drivers/STM32F4xx_HAL_Driver/Src/stm32f4xx_hal_flash.c ****         /* FLASH EOP interrupt user callback */
 348:Drivers/STM32F4xx_HAL_Driver/Src/stm32f4xx_hal_flash.c ****         HAL_FLASH_EndOfOperationCallback(pFlash.Address);
 349:Drivers/STM32F4xx_HAL_Driver/Src/stm32f4xx_hal_flash.c ****       }
 350:Drivers/STM32F4xx_HAL_Driver/Src/stm32f4xx_hal_flash.c ****       pFlash.ProcedureOnGoing = FLASH_PROC_NONE;
 351:Drivers/STM32F4xx_HAL_Driver/Src/stm32f4xx_hal_flash.c ****     }
 352:Drivers/STM32F4xx_HAL_Driver/Src/stm32f4xx_hal_flash.c ****   }
 353:Drivers/STM32F4xx_HAL_Driver/Src/stm32f4xx_hal_flash.c **** 
 354:Drivers/STM32F4xx_HAL_Driver/Src/stm32f4xx_hal_flash.c ****   if (pFlash.ProcedureOnGoing == FLASH_PROC_NONE)
 355:Drivers/STM32F4xx_HAL_Driver/Src/stm32f4xx_hal_flash.c ****   {
 356:Drivers/STM32F4xx_HAL_Driver/Src/stm32f4xx_hal_flash.c ****     /* Operation is completed, disable the PG, SER, SNB and MER Bits */
 357:Drivers/STM32F4xx_HAL_Driver/Src/stm32f4xx_hal_flash.c ****     CLEAR_BIT(FLASH->CR, (FLASH_CR_PG | FLASH_CR_SER | FLASH_CR_SNB | FLASH_MER_BIT));
 358:Drivers/STM32F4xx_HAL_Driver/Src/stm32f4xx_hal_flash.c **** 
 359:Drivers/STM32F4xx_HAL_Driver/Src/stm32f4xx_hal_flash.c ****     /* Disable End of FLASH Operation interrupt */
 360:Drivers/STM32F4xx_HAL_Driver/Src/stm32f4xx_hal_flash.c ****     __HAL_FLASH_DISABLE_IT(FLASH_IT_EOP);
 361:Drivers/STM32F4xx_HAL_Driver/Src/stm32f4xx_hal_flash.c **** 
 362:Drivers/STM32F4xx_HAL_Driver/Src/stm32f4xx_hal_flash.c ****     /* Disable Error source interrupt */
 363:Drivers/STM32F4xx_HAL_Driver/Src/stm32f4xx_hal_flash.c ****     __HAL_FLASH_DISABLE_IT(FLASH_IT_ERR);
 364:Drivers/STM32F4xx_HAL_Driver/Src/stm32f4xx_hal_flash.c ****   }
 365:Drivers/STM32F4xx_HAL_Driver/Src/stm32f4xx_hal_flash.c **** }
 366:Drivers/STM32F4xx_HAL_Driver/Src/stm32f4xx_hal_flash.c **** 
 367:Drivers/STM32F4xx_HAL_Driver/Src/stm32f4xx_hal_flash.c **** /**
 368:Drivers/STM32F4xx_HAL_Driver/Src/stm32f4xx_hal_flash.c ****   * @brief  FLASH end of operation interrupt callback
 369:Drivers/STM32F4xx_HAL_Driver/Src/stm32f4xx_hal_flash.c ****   * @param  ReturnValue The value saved in this parameter depends on the ongoing procedure
 370:Drivers/STM32F4xx_HAL_Driver/Src/stm32f4xx_hal_flash.c ****   *                  Mass Erase: Bank number which has been requested to erase
 371:Drivers/STM32F4xx_HAL_Driver/Src/stm32f4xx_hal_flash.c ****   *                  Sectors Erase: Sector which has been erased
 372:Drivers/STM32F4xx_HAL_Driver/Src/stm32f4xx_hal_flash.c ****   *                    (if 0xFFFFFFFFU, it means that all the selected sectors have been erased)
 373:Drivers/STM32F4xx_HAL_Driver/Src/stm32f4xx_hal_flash.c ****   *                  Program: Address which was selected for data program
ARM GAS  C:\Users\guoch\AppData\Local\Temp\cc44Pyrd.s 			page 8


 374:Drivers/STM32F4xx_HAL_Driver/Src/stm32f4xx_hal_flash.c ****   * @retval None
 375:Drivers/STM32F4xx_HAL_Driver/Src/stm32f4xx_hal_flash.c ****   */
 376:Drivers/STM32F4xx_HAL_Driver/Src/stm32f4xx_hal_flash.c **** __weak void HAL_FLASH_EndOfOperationCallback(uint32_t ReturnValue)
 377:Drivers/STM32F4xx_HAL_Driver/Src/stm32f4xx_hal_flash.c **** {
 378:Drivers/STM32F4xx_HAL_Driver/Src/stm32f4xx_hal_flash.c ****   /* Prevent unused argument(s) compilation warning */
 379:Drivers/STM32F4xx_HAL_Driver/Src/stm32f4xx_hal_flash.c ****   UNUSED(ReturnValue);
 380:Drivers/STM32F4xx_HAL_Driver/Src/stm32f4xx_hal_flash.c ****   /* NOTE : This function Should not be modified, when the callback is needed,
 381:Drivers/STM32F4xx_HAL_Driver/Src/stm32f4xx_hal_flash.c ****             the HAL_FLASH_EndOfOperationCallback could be implemented in the user file
 382:Drivers/STM32F4xx_HAL_Driver/Src/stm32f4xx_hal_flash.c ****    */
 383:Drivers/STM32F4xx_HAL_Driver/Src/stm32f4xx_hal_flash.c **** }
 384:Drivers/STM32F4xx_HAL_Driver/Src/stm32f4xx_hal_flash.c **** 
 385:Drivers/STM32F4xx_HAL_Driver/Src/stm32f4xx_hal_flash.c **** /**
 386:Drivers/STM32F4xx_HAL_Driver/Src/stm32f4xx_hal_flash.c ****   * @brief  FLASH operation error interrupt callback
 387:Drivers/STM32F4xx_HAL_Driver/Src/stm32f4xx_hal_flash.c ****   * @param  ReturnValue The value saved in this parameter depends on the ongoing procedure
 388:Drivers/STM32F4xx_HAL_Driver/Src/stm32f4xx_hal_flash.c ****   *                 Mass Erase: Bank number which has been requested to erase
 389:Drivers/STM32F4xx_HAL_Driver/Src/stm32f4xx_hal_flash.c ****   *                 Sectors Erase: Sector number which returned an error
 390:Drivers/STM32F4xx_HAL_Driver/Src/stm32f4xx_hal_flash.c ****   *                 Program: Address which was selected for data program
 391:Drivers/STM32F4xx_HAL_Driver/Src/stm32f4xx_hal_flash.c ****   * @retval None
 392:Drivers/STM32F4xx_HAL_Driver/Src/stm32f4xx_hal_flash.c ****   */
 393:Drivers/STM32F4xx_HAL_Driver/Src/stm32f4xx_hal_flash.c **** __weak void HAL_FLASH_OperationErrorCallback(uint32_t ReturnValue)
 394:Drivers/STM32F4xx_HAL_Driver/Src/stm32f4xx_hal_flash.c **** {
 395:Drivers/STM32F4xx_HAL_Driver/Src/stm32f4xx_hal_flash.c ****   /* Prevent unused argument(s) compilation warning */
 396:Drivers/STM32F4xx_HAL_Driver/Src/stm32f4xx_hal_flash.c ****   UNUSED(ReturnValue);
 397:Drivers/STM32F4xx_HAL_Driver/Src/stm32f4xx_hal_flash.c ****   /* NOTE : This function Should not be modified, when the callback is needed,
 398:Drivers/STM32F4xx_HAL_Driver/Src/stm32f4xx_hal_flash.c ****             the HAL_FLASH_OperationErrorCallback could be implemented in the user file
 399:Drivers/STM32F4xx_HAL_Driver/Src/stm32f4xx_hal_flash.c ****    */
 400:Drivers/STM32F4xx_HAL_Driver/Src/stm32f4xx_hal_flash.c **** }
 401:Drivers/STM32F4xx_HAL_Driver/Src/stm32f4xx_hal_flash.c **** 
 402:Drivers/STM32F4xx_HAL_Driver/Src/stm32f4xx_hal_flash.c **** /**
 403:Drivers/STM32F4xx_HAL_Driver/Src/stm32f4xx_hal_flash.c ****   * @}
 404:Drivers/STM32F4xx_HAL_Driver/Src/stm32f4xx_hal_flash.c ****   */
 405:Drivers/STM32F4xx_HAL_Driver/Src/stm32f4xx_hal_flash.c **** 
 406:Drivers/STM32F4xx_HAL_Driver/Src/stm32f4xx_hal_flash.c **** /** @defgroup FLASH_Exported_Functions_Group2 Peripheral Control functions
 407:Drivers/STM32F4xx_HAL_Driver/Src/stm32f4xx_hal_flash.c ****   *  @brief   management functions
 408:Drivers/STM32F4xx_HAL_Driver/Src/stm32f4xx_hal_flash.c ****   *
 409:Drivers/STM32F4xx_HAL_Driver/Src/stm32f4xx_hal_flash.c **** @verbatim
 410:Drivers/STM32F4xx_HAL_Driver/Src/stm32f4xx_hal_flash.c ****  ===============================================================================
 411:Drivers/STM32F4xx_HAL_Driver/Src/stm32f4xx_hal_flash.c ****                       ##### Peripheral Control functions #####
 412:Drivers/STM32F4xx_HAL_Driver/Src/stm32f4xx_hal_flash.c ****  ===============================================================================
 413:Drivers/STM32F4xx_HAL_Driver/Src/stm32f4xx_hal_flash.c ****     [..]
 414:Drivers/STM32F4xx_HAL_Driver/Src/stm32f4xx_hal_flash.c ****     This subsection provides a set of functions allowing to control the FLASH
 415:Drivers/STM32F4xx_HAL_Driver/Src/stm32f4xx_hal_flash.c ****     memory operations.
 416:Drivers/STM32F4xx_HAL_Driver/Src/stm32f4xx_hal_flash.c **** 
 417:Drivers/STM32F4xx_HAL_Driver/Src/stm32f4xx_hal_flash.c **** @endverbatim
 418:Drivers/STM32F4xx_HAL_Driver/Src/stm32f4xx_hal_flash.c ****   * @{
 419:Drivers/STM32F4xx_HAL_Driver/Src/stm32f4xx_hal_flash.c ****   */
 420:Drivers/STM32F4xx_HAL_Driver/Src/stm32f4xx_hal_flash.c **** 
 421:Drivers/STM32F4xx_HAL_Driver/Src/stm32f4xx_hal_flash.c **** /**
 422:Drivers/STM32F4xx_HAL_Driver/Src/stm32f4xx_hal_flash.c ****   * @brief  Unlock the FLASH control register access
 423:Drivers/STM32F4xx_HAL_Driver/Src/stm32f4xx_hal_flash.c ****   * @retval HAL Status
 424:Drivers/STM32F4xx_HAL_Driver/Src/stm32f4xx_hal_flash.c ****   */
 425:Drivers/STM32F4xx_HAL_Driver/Src/stm32f4xx_hal_flash.c **** HAL_StatusTypeDef HAL_FLASH_Unlock(void)
 426:Drivers/STM32F4xx_HAL_Driver/Src/stm32f4xx_hal_flash.c **** {
 427:Drivers/STM32F4xx_HAL_Driver/Src/stm32f4xx_hal_flash.c ****   HAL_StatusTypeDef status = HAL_OK;
 428:Drivers/STM32F4xx_HAL_Driver/Src/stm32f4xx_hal_flash.c **** 
 429:Drivers/STM32F4xx_HAL_Driver/Src/stm32f4xx_hal_flash.c ****   if (READ_BIT(FLASH->CR, FLASH_CR_LOCK) != RESET)
 430:Drivers/STM32F4xx_HAL_Driver/Src/stm32f4xx_hal_flash.c ****   {
ARM GAS  C:\Users\guoch\AppData\Local\Temp\cc44Pyrd.s 			page 9


 431:Drivers/STM32F4xx_HAL_Driver/Src/stm32f4xx_hal_flash.c ****     /* Authorize the FLASH Registers access */
 432:Drivers/STM32F4xx_HAL_Driver/Src/stm32f4xx_hal_flash.c ****     WRITE_REG(FLASH->KEYR, FLASH_KEY1);
 433:Drivers/STM32F4xx_HAL_Driver/Src/stm32f4xx_hal_flash.c ****     WRITE_REG(FLASH->KEYR, FLASH_KEY2);
 434:Drivers/STM32F4xx_HAL_Driver/Src/stm32f4xx_hal_flash.c **** 
 435:Drivers/STM32F4xx_HAL_Driver/Src/stm32f4xx_hal_flash.c ****     /* Verify Flash is unlocked */
 436:Drivers/STM32F4xx_HAL_Driver/Src/stm32f4xx_hal_flash.c ****     if (READ_BIT(FLASH->CR, FLASH_CR_LOCK) != RESET)
 437:Drivers/STM32F4xx_HAL_Driver/Src/stm32f4xx_hal_flash.c ****     {
 438:Drivers/STM32F4xx_HAL_Driver/Src/stm32f4xx_hal_flash.c ****       status = HAL_ERROR;
 439:Drivers/STM32F4xx_HAL_Driver/Src/stm32f4xx_hal_flash.c ****     }
 440:Drivers/STM32F4xx_HAL_Driver/Src/stm32f4xx_hal_flash.c ****   }
 441:Drivers/STM32F4xx_HAL_Driver/Src/stm32f4xx_hal_flash.c **** 
 442:Drivers/STM32F4xx_HAL_Driver/Src/stm32f4xx_hal_flash.c ****   return status;
 443:Drivers/STM32F4xx_HAL_Driver/Src/stm32f4xx_hal_flash.c **** }
 444:Drivers/STM32F4xx_HAL_Driver/Src/stm32f4xx_hal_flash.c **** 
 445:Drivers/STM32F4xx_HAL_Driver/Src/stm32f4xx_hal_flash.c **** /**
 446:Drivers/STM32F4xx_HAL_Driver/Src/stm32f4xx_hal_flash.c ****   * @brief  Locks the FLASH control register access
 447:Drivers/STM32F4xx_HAL_Driver/Src/stm32f4xx_hal_flash.c ****   * @retval HAL Status
 448:Drivers/STM32F4xx_HAL_Driver/Src/stm32f4xx_hal_flash.c ****   */
 449:Drivers/STM32F4xx_HAL_Driver/Src/stm32f4xx_hal_flash.c **** HAL_StatusTypeDef HAL_FLASH_Lock(void)
 450:Drivers/STM32F4xx_HAL_Driver/Src/stm32f4xx_hal_flash.c **** {
 451:Drivers/STM32F4xx_HAL_Driver/Src/stm32f4xx_hal_flash.c ****   /* Set the LOCK Bit to lock the FLASH Registers access */
 452:Drivers/STM32F4xx_HAL_Driver/Src/stm32f4xx_hal_flash.c ****   FLASH->CR |= FLASH_CR_LOCK;
 453:Drivers/STM32F4xx_HAL_Driver/Src/stm32f4xx_hal_flash.c **** 
 454:Drivers/STM32F4xx_HAL_Driver/Src/stm32f4xx_hal_flash.c ****   return HAL_OK;
 455:Drivers/STM32F4xx_HAL_Driver/Src/stm32f4xx_hal_flash.c **** }
 456:Drivers/STM32F4xx_HAL_Driver/Src/stm32f4xx_hal_flash.c **** 
 457:Drivers/STM32F4xx_HAL_Driver/Src/stm32f4xx_hal_flash.c **** /**
 458:Drivers/STM32F4xx_HAL_Driver/Src/stm32f4xx_hal_flash.c ****   * @brief  Unlock the FLASH Option Control Registers access.
 459:Drivers/STM32F4xx_HAL_Driver/Src/stm32f4xx_hal_flash.c ****   * @retval HAL Status
 460:Drivers/STM32F4xx_HAL_Driver/Src/stm32f4xx_hal_flash.c ****   */
 461:Drivers/STM32F4xx_HAL_Driver/Src/stm32f4xx_hal_flash.c **** HAL_StatusTypeDef HAL_FLASH_OB_Unlock(void)
 462:Drivers/STM32F4xx_HAL_Driver/Src/stm32f4xx_hal_flash.c **** {
 463:Drivers/STM32F4xx_HAL_Driver/Src/stm32f4xx_hal_flash.c ****   if ((FLASH->OPTCR & FLASH_OPTCR_OPTLOCK) != RESET)
 464:Drivers/STM32F4xx_HAL_Driver/Src/stm32f4xx_hal_flash.c ****   {
 465:Drivers/STM32F4xx_HAL_Driver/Src/stm32f4xx_hal_flash.c ****     /* Authorizes the Option Byte register programming */
 466:Drivers/STM32F4xx_HAL_Driver/Src/stm32f4xx_hal_flash.c ****     FLASH->OPTKEYR = FLASH_OPT_KEY1;
 467:Drivers/STM32F4xx_HAL_Driver/Src/stm32f4xx_hal_flash.c ****     FLASH->OPTKEYR = FLASH_OPT_KEY2;
 468:Drivers/STM32F4xx_HAL_Driver/Src/stm32f4xx_hal_flash.c ****   }
 469:Drivers/STM32F4xx_HAL_Driver/Src/stm32f4xx_hal_flash.c ****   else
 470:Drivers/STM32F4xx_HAL_Driver/Src/stm32f4xx_hal_flash.c ****   {
 471:Drivers/STM32F4xx_HAL_Driver/Src/stm32f4xx_hal_flash.c ****     return HAL_ERROR;
 472:Drivers/STM32F4xx_HAL_Driver/Src/stm32f4xx_hal_flash.c ****   }
 473:Drivers/STM32F4xx_HAL_Driver/Src/stm32f4xx_hal_flash.c **** 
 474:Drivers/STM32F4xx_HAL_Driver/Src/stm32f4xx_hal_flash.c ****   return HAL_OK;
 475:Drivers/STM32F4xx_HAL_Driver/Src/stm32f4xx_hal_flash.c **** }
 476:Drivers/STM32F4xx_HAL_Driver/Src/stm32f4xx_hal_flash.c **** 
 477:Drivers/STM32F4xx_HAL_Driver/Src/stm32f4xx_hal_flash.c **** /**
 478:Drivers/STM32F4xx_HAL_Driver/Src/stm32f4xx_hal_flash.c ****   * @brief  Lock the FLASH Option Control Registers access.
 479:Drivers/STM32F4xx_HAL_Driver/Src/stm32f4xx_hal_flash.c ****   * @retval HAL Status
 480:Drivers/STM32F4xx_HAL_Driver/Src/stm32f4xx_hal_flash.c ****   */
 481:Drivers/STM32F4xx_HAL_Driver/Src/stm32f4xx_hal_flash.c **** HAL_StatusTypeDef HAL_FLASH_OB_Lock(void)
 482:Drivers/STM32F4xx_HAL_Driver/Src/stm32f4xx_hal_flash.c **** {
 483:Drivers/STM32F4xx_HAL_Driver/Src/stm32f4xx_hal_flash.c ****   /* Set the OPTLOCK Bit to lock the FLASH Option Byte Registers access */
 484:Drivers/STM32F4xx_HAL_Driver/Src/stm32f4xx_hal_flash.c ****   FLASH->OPTCR |= FLASH_OPTCR_OPTLOCK;
 485:Drivers/STM32F4xx_HAL_Driver/Src/stm32f4xx_hal_flash.c **** 
 486:Drivers/STM32F4xx_HAL_Driver/Src/stm32f4xx_hal_flash.c ****   return HAL_OK;
 487:Drivers/STM32F4xx_HAL_Driver/Src/stm32f4xx_hal_flash.c **** }
ARM GAS  C:\Users\guoch\AppData\Local\Temp\cc44Pyrd.s 			page 10


 488:Drivers/STM32F4xx_HAL_Driver/Src/stm32f4xx_hal_flash.c **** 
 489:Drivers/STM32F4xx_HAL_Driver/Src/stm32f4xx_hal_flash.c **** /**
 490:Drivers/STM32F4xx_HAL_Driver/Src/stm32f4xx_hal_flash.c ****   * @brief  Launch the option byte loading.
 491:Drivers/STM32F4xx_HAL_Driver/Src/stm32f4xx_hal_flash.c ****   * @retval HAL Status
 492:Drivers/STM32F4xx_HAL_Driver/Src/stm32f4xx_hal_flash.c ****   */
 493:Drivers/STM32F4xx_HAL_Driver/Src/stm32f4xx_hal_flash.c **** HAL_StatusTypeDef HAL_FLASH_OB_Launch(void)
 494:Drivers/STM32F4xx_HAL_Driver/Src/stm32f4xx_hal_flash.c **** {
 495:Drivers/STM32F4xx_HAL_Driver/Src/stm32f4xx_hal_flash.c ****   /* Set the OPTSTRT bit in OPTCR register */
 496:Drivers/STM32F4xx_HAL_Driver/Src/stm32f4xx_hal_flash.c ****   *(__IO uint8_t *)OPTCR_BYTE0_ADDRESS |= FLASH_OPTCR_OPTSTRT;
 497:Drivers/STM32F4xx_HAL_Driver/Src/stm32f4xx_hal_flash.c **** 
 498:Drivers/STM32F4xx_HAL_Driver/Src/stm32f4xx_hal_flash.c ****   /* Wait for last operation to be completed */
 499:Drivers/STM32F4xx_HAL_Driver/Src/stm32f4xx_hal_flash.c ****   return (FLASH_WaitForLastOperation((uint32_t)FLASH_TIMEOUT_VALUE));
 500:Drivers/STM32F4xx_HAL_Driver/Src/stm32f4xx_hal_flash.c **** }
 501:Drivers/STM32F4xx_HAL_Driver/Src/stm32f4xx_hal_flash.c **** 
 502:Drivers/STM32F4xx_HAL_Driver/Src/stm32f4xx_hal_flash.c **** /**
 503:Drivers/STM32F4xx_HAL_Driver/Src/stm32f4xx_hal_flash.c ****   * @}
 504:Drivers/STM32F4xx_HAL_Driver/Src/stm32f4xx_hal_flash.c ****   */
 505:Drivers/STM32F4xx_HAL_Driver/Src/stm32f4xx_hal_flash.c **** 
 506:Drivers/STM32F4xx_HAL_Driver/Src/stm32f4xx_hal_flash.c **** /** @defgroup FLASH_Exported_Functions_Group3 Peripheral State and Errors functions
 507:Drivers/STM32F4xx_HAL_Driver/Src/stm32f4xx_hal_flash.c ****   *  @brief   Peripheral Errors functions
 508:Drivers/STM32F4xx_HAL_Driver/Src/stm32f4xx_hal_flash.c ****   *
 509:Drivers/STM32F4xx_HAL_Driver/Src/stm32f4xx_hal_flash.c **** @verbatim
 510:Drivers/STM32F4xx_HAL_Driver/Src/stm32f4xx_hal_flash.c ****  ===============================================================================
 511:Drivers/STM32F4xx_HAL_Driver/Src/stm32f4xx_hal_flash.c ****                 ##### Peripheral Errors functions #####
 512:Drivers/STM32F4xx_HAL_Driver/Src/stm32f4xx_hal_flash.c ****  ===============================================================================
 513:Drivers/STM32F4xx_HAL_Driver/Src/stm32f4xx_hal_flash.c ****     [..]
 514:Drivers/STM32F4xx_HAL_Driver/Src/stm32f4xx_hal_flash.c ****     This subsection permits to get in run-time Errors of the FLASH peripheral.
 515:Drivers/STM32F4xx_HAL_Driver/Src/stm32f4xx_hal_flash.c **** 
 516:Drivers/STM32F4xx_HAL_Driver/Src/stm32f4xx_hal_flash.c **** @endverbatim
 517:Drivers/STM32F4xx_HAL_Driver/Src/stm32f4xx_hal_flash.c ****   * @{
 518:Drivers/STM32F4xx_HAL_Driver/Src/stm32f4xx_hal_flash.c ****   */
 519:Drivers/STM32F4xx_HAL_Driver/Src/stm32f4xx_hal_flash.c **** 
 520:Drivers/STM32F4xx_HAL_Driver/Src/stm32f4xx_hal_flash.c **** /**
 521:Drivers/STM32F4xx_HAL_Driver/Src/stm32f4xx_hal_flash.c ****   * @brief  Get the specific FLASH error flag.
 522:Drivers/STM32F4xx_HAL_Driver/Src/stm32f4xx_hal_flash.c ****   * @retval FLASH_ErrorCode: The returned value can be a combination of:
 523:Drivers/STM32F4xx_HAL_Driver/Src/stm32f4xx_hal_flash.c ****   *            @arg HAL_FLASH_ERROR_RD: FLASH Read Protection error flag (PCROP)
 524:Drivers/STM32F4xx_HAL_Driver/Src/stm32f4xx_hal_flash.c ****   *            @arg HAL_FLASH_ERROR_PGS: FLASH Programming Sequence error flag
 525:Drivers/STM32F4xx_HAL_Driver/Src/stm32f4xx_hal_flash.c ****   *            @arg HAL_FLASH_ERROR_PGP: FLASH Programming Parallelism error flag
 526:Drivers/STM32F4xx_HAL_Driver/Src/stm32f4xx_hal_flash.c ****   *            @arg HAL_FLASH_ERROR_PGA: FLASH Programming Alignment error flag
 527:Drivers/STM32F4xx_HAL_Driver/Src/stm32f4xx_hal_flash.c ****   *            @arg HAL_FLASH_ERROR_WRP: FLASH Write protected error flag
 528:Drivers/STM32F4xx_HAL_Driver/Src/stm32f4xx_hal_flash.c ****   *            @arg HAL_FLASH_ERROR_OPERATION: FLASH operation Error flag
 529:Drivers/STM32F4xx_HAL_Driver/Src/stm32f4xx_hal_flash.c ****   */
 530:Drivers/STM32F4xx_HAL_Driver/Src/stm32f4xx_hal_flash.c **** uint32_t HAL_FLASH_GetError(void)
 531:Drivers/STM32F4xx_HAL_Driver/Src/stm32f4xx_hal_flash.c **** {
 532:Drivers/STM32F4xx_HAL_Driver/Src/stm32f4xx_hal_flash.c ****   return pFlash.ErrorCode;
 533:Drivers/STM32F4xx_HAL_Driver/Src/stm32f4xx_hal_flash.c **** }
 534:Drivers/STM32F4xx_HAL_Driver/Src/stm32f4xx_hal_flash.c **** 
 535:Drivers/STM32F4xx_HAL_Driver/Src/stm32f4xx_hal_flash.c **** /**
 536:Drivers/STM32F4xx_HAL_Driver/Src/stm32f4xx_hal_flash.c ****   * @}
 537:Drivers/STM32F4xx_HAL_Driver/Src/stm32f4xx_hal_flash.c ****   */
 538:Drivers/STM32F4xx_HAL_Driver/Src/stm32f4xx_hal_flash.c **** 
 539:Drivers/STM32F4xx_HAL_Driver/Src/stm32f4xx_hal_flash.c **** /**
 540:Drivers/STM32F4xx_HAL_Driver/Src/stm32f4xx_hal_flash.c ****   * @brief  Wait for a FLASH operation to complete.
 541:Drivers/STM32F4xx_HAL_Driver/Src/stm32f4xx_hal_flash.c ****   * @param  Timeout maximum flash operationtimeout
 542:Drivers/STM32F4xx_HAL_Driver/Src/stm32f4xx_hal_flash.c ****   * @retval HAL Status
 543:Drivers/STM32F4xx_HAL_Driver/Src/stm32f4xx_hal_flash.c ****   */
 544:Drivers/STM32F4xx_HAL_Driver/Src/stm32f4xx_hal_flash.c **** HAL_StatusTypeDef FLASH_WaitForLastOperation(uint32_t Timeout)
ARM GAS  C:\Users\guoch\AppData\Local\Temp\cc44Pyrd.s 			page 11


 545:Drivers/STM32F4xx_HAL_Driver/Src/stm32f4xx_hal_flash.c **** {
 546:Drivers/STM32F4xx_HAL_Driver/Src/stm32f4xx_hal_flash.c ****   uint32_t tickstart = 0U;
 547:Drivers/STM32F4xx_HAL_Driver/Src/stm32f4xx_hal_flash.c **** 
 548:Drivers/STM32F4xx_HAL_Driver/Src/stm32f4xx_hal_flash.c ****   /* Clear Error Code */
 549:Drivers/STM32F4xx_HAL_Driver/Src/stm32f4xx_hal_flash.c ****   pFlash.ErrorCode = HAL_FLASH_ERROR_NONE;
 550:Drivers/STM32F4xx_HAL_Driver/Src/stm32f4xx_hal_flash.c **** 
 551:Drivers/STM32F4xx_HAL_Driver/Src/stm32f4xx_hal_flash.c ****   /* Wait for the FLASH operation to complete by polling on BUSY flag to be reset.
 552:Drivers/STM32F4xx_HAL_Driver/Src/stm32f4xx_hal_flash.c ****      Even if the FLASH operation fails, the BUSY flag will be reset and an error
 553:Drivers/STM32F4xx_HAL_Driver/Src/stm32f4xx_hal_flash.c ****      flag will be set */
 554:Drivers/STM32F4xx_HAL_Driver/Src/stm32f4xx_hal_flash.c ****   /* Get tick */
 555:Drivers/STM32F4xx_HAL_Driver/Src/stm32f4xx_hal_flash.c ****   tickstart = HAL_GetTick();
 556:Drivers/STM32F4xx_HAL_Driver/Src/stm32f4xx_hal_flash.c **** 
 557:Drivers/STM32F4xx_HAL_Driver/Src/stm32f4xx_hal_flash.c ****   while (__HAL_FLASH_GET_FLAG(FLASH_FLAG_BSY) != RESET)
 558:Drivers/STM32F4xx_HAL_Driver/Src/stm32f4xx_hal_flash.c ****   {
 559:Drivers/STM32F4xx_HAL_Driver/Src/stm32f4xx_hal_flash.c ****     if (Timeout != HAL_MAX_DELAY)
 560:Drivers/STM32F4xx_HAL_Driver/Src/stm32f4xx_hal_flash.c ****     {
 561:Drivers/STM32F4xx_HAL_Driver/Src/stm32f4xx_hal_flash.c ****       if ((Timeout == 0U) || ((HAL_GetTick() - tickstart) > Timeout))
 562:Drivers/STM32F4xx_HAL_Driver/Src/stm32f4xx_hal_flash.c ****       {
 563:Drivers/STM32F4xx_HAL_Driver/Src/stm32f4xx_hal_flash.c ****         return HAL_TIMEOUT;
 564:Drivers/STM32F4xx_HAL_Driver/Src/stm32f4xx_hal_flash.c ****       }
 565:Drivers/STM32F4xx_HAL_Driver/Src/stm32f4xx_hal_flash.c ****     }
 566:Drivers/STM32F4xx_HAL_Driver/Src/stm32f4xx_hal_flash.c ****   }
 567:Drivers/STM32F4xx_HAL_Driver/Src/stm32f4xx_hal_flash.c **** 
 568:Drivers/STM32F4xx_HAL_Driver/Src/stm32f4xx_hal_flash.c ****   /* Check FLASH End of Operation flag  */
 569:Drivers/STM32F4xx_HAL_Driver/Src/stm32f4xx_hal_flash.c ****   if (__HAL_FLASH_GET_FLAG(FLASH_FLAG_EOP) != RESET)
 570:Drivers/STM32F4xx_HAL_Driver/Src/stm32f4xx_hal_flash.c ****   {
 571:Drivers/STM32F4xx_HAL_Driver/Src/stm32f4xx_hal_flash.c ****     /* Clear FLASH End of Operation pending bit */
 572:Drivers/STM32F4xx_HAL_Driver/Src/stm32f4xx_hal_flash.c ****     __HAL_FLASH_CLEAR_FLAG(FLASH_FLAG_EOP);
 573:Drivers/STM32F4xx_HAL_Driver/Src/stm32f4xx_hal_flash.c ****   }
 574:Drivers/STM32F4xx_HAL_Driver/Src/stm32f4xx_hal_flash.c **** #if defined(FLASH_SR_RDERR)
 575:Drivers/STM32F4xx_HAL_Driver/Src/stm32f4xx_hal_flash.c ****   if (__HAL_FLASH_GET_FLAG((FLASH_FLAG_OPERR | FLASH_FLAG_WRPERR | FLASH_FLAG_PGAERR | \
 576:Drivers/STM32F4xx_HAL_Driver/Src/stm32f4xx_hal_flash.c ****                             FLASH_FLAG_PGPERR | FLASH_FLAG_PGSERR | FLASH_FLAG_RDERR)) != RESET)
 577:Drivers/STM32F4xx_HAL_Driver/Src/stm32f4xx_hal_flash.c **** #else
 578:Drivers/STM32F4xx_HAL_Driver/Src/stm32f4xx_hal_flash.c ****   if (__HAL_FLASH_GET_FLAG((FLASH_FLAG_OPERR | FLASH_FLAG_WRPERR | FLASH_FLAG_PGAERR | \
 579:Drivers/STM32F4xx_HAL_Driver/Src/stm32f4xx_hal_flash.c ****                             FLASH_FLAG_PGPERR | FLASH_FLAG_PGSERR)) != RESET)
 580:Drivers/STM32F4xx_HAL_Driver/Src/stm32f4xx_hal_flash.c **** #endif /* FLASH_SR_RDERR */
 581:Drivers/STM32F4xx_HAL_Driver/Src/stm32f4xx_hal_flash.c ****   {
 582:Drivers/STM32F4xx_HAL_Driver/Src/stm32f4xx_hal_flash.c ****     /*Save the error code*/
 583:Drivers/STM32F4xx_HAL_Driver/Src/stm32f4xx_hal_flash.c ****     FLASH_SetErrorCode();
 584:Drivers/STM32F4xx_HAL_Driver/Src/stm32f4xx_hal_flash.c ****     return HAL_ERROR;
 585:Drivers/STM32F4xx_HAL_Driver/Src/stm32f4xx_hal_flash.c ****   }
 586:Drivers/STM32F4xx_HAL_Driver/Src/stm32f4xx_hal_flash.c **** 
 587:Drivers/STM32F4xx_HAL_Driver/Src/stm32f4xx_hal_flash.c ****   /* If there is no error flag set */
 588:Drivers/STM32F4xx_HAL_Driver/Src/stm32f4xx_hal_flash.c ****   return HAL_OK;
 589:Drivers/STM32F4xx_HAL_Driver/Src/stm32f4xx_hal_flash.c **** 
 590:Drivers/STM32F4xx_HAL_Driver/Src/stm32f4xx_hal_flash.c **** }
 591:Drivers/STM32F4xx_HAL_Driver/Src/stm32f4xx_hal_flash.c **** 
 592:Drivers/STM32F4xx_HAL_Driver/Src/stm32f4xx_hal_flash.c **** /**
 593:Drivers/STM32F4xx_HAL_Driver/Src/stm32f4xx_hal_flash.c ****   * @brief  Program a double word (64-bit) at a specified address.
 594:Drivers/STM32F4xx_HAL_Driver/Src/stm32f4xx_hal_flash.c ****   * @note   This function must be used when the device voltage range is from
 595:Drivers/STM32F4xx_HAL_Driver/Src/stm32f4xx_hal_flash.c ****   *         2.7V to 3.6V and Vpp in the range 7V to 9V.
 596:Drivers/STM32F4xx_HAL_Driver/Src/stm32f4xx_hal_flash.c ****   *
 597:Drivers/STM32F4xx_HAL_Driver/Src/stm32f4xx_hal_flash.c ****   * @note   If an erase and a program operations are requested simultaneously,
 598:Drivers/STM32F4xx_HAL_Driver/Src/stm32f4xx_hal_flash.c ****   *         the erase operation is performed before the program one.
 599:Drivers/STM32F4xx_HAL_Driver/Src/stm32f4xx_hal_flash.c ****   *
 600:Drivers/STM32F4xx_HAL_Driver/Src/stm32f4xx_hal_flash.c ****   * @param  Address specifies the address to be programmed.
 601:Drivers/STM32F4xx_HAL_Driver/Src/stm32f4xx_hal_flash.c ****   * @param  Data specifies the data to be programmed.
ARM GAS  C:\Users\guoch\AppData\Local\Temp\cc44Pyrd.s 			page 12


 602:Drivers/STM32F4xx_HAL_Driver/Src/stm32f4xx_hal_flash.c ****   * @retval None
 603:Drivers/STM32F4xx_HAL_Driver/Src/stm32f4xx_hal_flash.c ****   */
 604:Drivers/STM32F4xx_HAL_Driver/Src/stm32f4xx_hal_flash.c **** static void FLASH_Program_DoubleWord(uint32_t Address, uint64_t Data)
 605:Drivers/STM32F4xx_HAL_Driver/Src/stm32f4xx_hal_flash.c **** {
 606:Drivers/STM32F4xx_HAL_Driver/Src/stm32f4xx_hal_flash.c ****   /* Check the parameters */
 607:Drivers/STM32F4xx_HAL_Driver/Src/stm32f4xx_hal_flash.c ****   assert_param(IS_FLASH_ADDRESS(Address));
 608:Drivers/STM32F4xx_HAL_Driver/Src/stm32f4xx_hal_flash.c **** 
 609:Drivers/STM32F4xx_HAL_Driver/Src/stm32f4xx_hal_flash.c ****   /* If the previous operation is completed, proceed to program the new data */
 610:Drivers/STM32F4xx_HAL_Driver/Src/stm32f4xx_hal_flash.c ****   CLEAR_BIT(FLASH->CR, FLASH_CR_PSIZE);
 611:Drivers/STM32F4xx_HAL_Driver/Src/stm32f4xx_hal_flash.c ****   FLASH->CR |= FLASH_PSIZE_DOUBLE_WORD;
 612:Drivers/STM32F4xx_HAL_Driver/Src/stm32f4xx_hal_flash.c ****   FLASH->CR |= FLASH_CR_PG;
 613:Drivers/STM32F4xx_HAL_Driver/Src/stm32f4xx_hal_flash.c **** 
 614:Drivers/STM32F4xx_HAL_Driver/Src/stm32f4xx_hal_flash.c ****   /* Program first word */
 615:Drivers/STM32F4xx_HAL_Driver/Src/stm32f4xx_hal_flash.c ****   *(__IO uint32_t *)Address = (uint32_t)Data;
 616:Drivers/STM32F4xx_HAL_Driver/Src/stm32f4xx_hal_flash.c **** 
 617:Drivers/STM32F4xx_HAL_Driver/Src/stm32f4xx_hal_flash.c ****   /* Barrier to ensure programming is performed in 2 steps, in right order
 618:Drivers/STM32F4xx_HAL_Driver/Src/stm32f4xx_hal_flash.c ****     (independently of compiler optimization behavior) */
 619:Drivers/STM32F4xx_HAL_Driver/Src/stm32f4xx_hal_flash.c ****   __ISB();
 620:Drivers/STM32F4xx_HAL_Driver/Src/stm32f4xx_hal_flash.c **** 
 621:Drivers/STM32F4xx_HAL_Driver/Src/stm32f4xx_hal_flash.c ****   /* Program second word */
 622:Drivers/STM32F4xx_HAL_Driver/Src/stm32f4xx_hal_flash.c ****   *(__IO uint32_t *)(Address + 4) = (uint32_t)(Data >> 32);
 623:Drivers/STM32F4xx_HAL_Driver/Src/stm32f4xx_hal_flash.c **** }
 624:Drivers/STM32F4xx_HAL_Driver/Src/stm32f4xx_hal_flash.c **** 
 625:Drivers/STM32F4xx_HAL_Driver/Src/stm32f4xx_hal_flash.c **** 
 626:Drivers/STM32F4xx_HAL_Driver/Src/stm32f4xx_hal_flash.c **** /**
 627:Drivers/STM32F4xx_HAL_Driver/Src/stm32f4xx_hal_flash.c ****   * @brief  Program word (32-bit) at a specified address.
 628:Drivers/STM32F4xx_HAL_Driver/Src/stm32f4xx_hal_flash.c ****   * @note   This function must be used when the device voltage range is from
 629:Drivers/STM32F4xx_HAL_Driver/Src/stm32f4xx_hal_flash.c ****   *         2.7V to 3.6V.
 630:Drivers/STM32F4xx_HAL_Driver/Src/stm32f4xx_hal_flash.c ****   *
 631:Drivers/STM32F4xx_HAL_Driver/Src/stm32f4xx_hal_flash.c ****   * @note   If an erase and a program operations are requested simultaneously,
 632:Drivers/STM32F4xx_HAL_Driver/Src/stm32f4xx_hal_flash.c ****   *         the erase operation is performed before the program one.
 633:Drivers/STM32F4xx_HAL_Driver/Src/stm32f4xx_hal_flash.c ****   *
 634:Drivers/STM32F4xx_HAL_Driver/Src/stm32f4xx_hal_flash.c ****   * @param  Address specifies the address to be programmed.
 635:Drivers/STM32F4xx_HAL_Driver/Src/stm32f4xx_hal_flash.c ****   * @param  Data specifies the data to be programmed.
 636:Drivers/STM32F4xx_HAL_Driver/Src/stm32f4xx_hal_flash.c ****   * @retval None
 637:Drivers/STM32F4xx_HAL_Driver/Src/stm32f4xx_hal_flash.c ****   */
 638:Drivers/STM32F4xx_HAL_Driver/Src/stm32f4xx_hal_flash.c **** static void FLASH_Program_Word(uint32_t Address, uint32_t Data)
 639:Drivers/STM32F4xx_HAL_Driver/Src/stm32f4xx_hal_flash.c **** {
 640:Drivers/STM32F4xx_HAL_Driver/Src/stm32f4xx_hal_flash.c ****   /* Check the parameters */
 641:Drivers/STM32F4xx_HAL_Driver/Src/stm32f4xx_hal_flash.c ****   assert_param(IS_FLASH_ADDRESS(Address));
 642:Drivers/STM32F4xx_HAL_Driver/Src/stm32f4xx_hal_flash.c **** 
 643:Drivers/STM32F4xx_HAL_Driver/Src/stm32f4xx_hal_flash.c ****   /* If the previous operation is completed, proceed to program the new data */
 644:Drivers/STM32F4xx_HAL_Driver/Src/stm32f4xx_hal_flash.c ****   CLEAR_BIT(FLASH->CR, FLASH_CR_PSIZE);
 645:Drivers/STM32F4xx_HAL_Driver/Src/stm32f4xx_hal_flash.c ****   FLASH->CR |= FLASH_PSIZE_WORD;
 646:Drivers/STM32F4xx_HAL_Driver/Src/stm32f4xx_hal_flash.c ****   FLASH->CR |= FLASH_CR_PG;
 647:Drivers/STM32F4xx_HAL_Driver/Src/stm32f4xx_hal_flash.c **** 
 648:Drivers/STM32F4xx_HAL_Driver/Src/stm32f4xx_hal_flash.c ****   *(__IO uint32_t *)Address = Data;
 649:Drivers/STM32F4xx_HAL_Driver/Src/stm32f4xx_hal_flash.c **** }
 650:Drivers/STM32F4xx_HAL_Driver/Src/stm32f4xx_hal_flash.c **** 
 651:Drivers/STM32F4xx_HAL_Driver/Src/stm32f4xx_hal_flash.c **** /**
 652:Drivers/STM32F4xx_HAL_Driver/Src/stm32f4xx_hal_flash.c ****   * @brief  Program a half-word (16-bit) at a specified address.
 653:Drivers/STM32F4xx_HAL_Driver/Src/stm32f4xx_hal_flash.c ****   * @note   This function must be used when the device voltage range is from
 654:Drivers/STM32F4xx_HAL_Driver/Src/stm32f4xx_hal_flash.c ****   *         2.1V to 3.6V.
 655:Drivers/STM32F4xx_HAL_Driver/Src/stm32f4xx_hal_flash.c ****   *
 656:Drivers/STM32F4xx_HAL_Driver/Src/stm32f4xx_hal_flash.c ****   * @note   If an erase and a program operations are requested simultaneously,
 657:Drivers/STM32F4xx_HAL_Driver/Src/stm32f4xx_hal_flash.c ****   *         the erase operation is performed before the program one.
 658:Drivers/STM32F4xx_HAL_Driver/Src/stm32f4xx_hal_flash.c ****   *
ARM GAS  C:\Users\guoch\AppData\Local\Temp\cc44Pyrd.s 			page 13


 659:Drivers/STM32F4xx_HAL_Driver/Src/stm32f4xx_hal_flash.c ****   * @param  Address specifies the address to be programmed.
 660:Drivers/STM32F4xx_HAL_Driver/Src/stm32f4xx_hal_flash.c ****   * @param  Data specifies the data to be programmed.
 661:Drivers/STM32F4xx_HAL_Driver/Src/stm32f4xx_hal_flash.c ****   * @retval None
 662:Drivers/STM32F4xx_HAL_Driver/Src/stm32f4xx_hal_flash.c ****   */
 663:Drivers/STM32F4xx_HAL_Driver/Src/stm32f4xx_hal_flash.c **** static void FLASH_Program_HalfWord(uint32_t Address, uint16_t Data)
 664:Drivers/STM32F4xx_HAL_Driver/Src/stm32f4xx_hal_flash.c **** {
 665:Drivers/STM32F4xx_HAL_Driver/Src/stm32f4xx_hal_flash.c ****   /* Check the parameters */
 666:Drivers/STM32F4xx_HAL_Driver/Src/stm32f4xx_hal_flash.c ****   assert_param(IS_FLASH_ADDRESS(Address));
 667:Drivers/STM32F4xx_HAL_Driver/Src/stm32f4xx_hal_flash.c **** 
 668:Drivers/STM32F4xx_HAL_Driver/Src/stm32f4xx_hal_flash.c ****   /* If the previous operation is completed, proceed to program the new data */
 669:Drivers/STM32F4xx_HAL_Driver/Src/stm32f4xx_hal_flash.c ****   CLEAR_BIT(FLASH->CR, FLASH_CR_PSIZE);
 670:Drivers/STM32F4xx_HAL_Driver/Src/stm32f4xx_hal_flash.c ****   FLASH->CR |= FLASH_PSIZE_HALF_WORD;
 671:Drivers/STM32F4xx_HAL_Driver/Src/stm32f4xx_hal_flash.c ****   FLASH->CR |= FLASH_CR_PG;
 672:Drivers/STM32F4xx_HAL_Driver/Src/stm32f4xx_hal_flash.c **** 
 673:Drivers/STM32F4xx_HAL_Driver/Src/stm32f4xx_hal_flash.c ****   *(__IO uint16_t *)Address = Data;
 674:Drivers/STM32F4xx_HAL_Driver/Src/stm32f4xx_hal_flash.c **** }
 675:Drivers/STM32F4xx_HAL_Driver/Src/stm32f4xx_hal_flash.c **** 
 676:Drivers/STM32F4xx_HAL_Driver/Src/stm32f4xx_hal_flash.c **** /**
 677:Drivers/STM32F4xx_HAL_Driver/Src/stm32f4xx_hal_flash.c ****   * @brief  Program byte (8-bit) at a specified address.
 678:Drivers/STM32F4xx_HAL_Driver/Src/stm32f4xx_hal_flash.c ****   * @note   This function must be used when the device voltage range is from
 679:Drivers/STM32F4xx_HAL_Driver/Src/stm32f4xx_hal_flash.c ****   *         1.8V to 3.6V.
 680:Drivers/STM32F4xx_HAL_Driver/Src/stm32f4xx_hal_flash.c ****   *
 681:Drivers/STM32F4xx_HAL_Driver/Src/stm32f4xx_hal_flash.c ****   * @note   If an erase and a program operations are requested simultaneously,
 682:Drivers/STM32F4xx_HAL_Driver/Src/stm32f4xx_hal_flash.c ****   *         the erase operation is performed before the program one.
 683:Drivers/STM32F4xx_HAL_Driver/Src/stm32f4xx_hal_flash.c ****   *
 684:Drivers/STM32F4xx_HAL_Driver/Src/stm32f4xx_hal_flash.c ****   * @param  Address specifies the address to be programmed.
 685:Drivers/STM32F4xx_HAL_Driver/Src/stm32f4xx_hal_flash.c ****   * @param  Data specifies the data to be programmed.
 686:Drivers/STM32F4xx_HAL_Driver/Src/stm32f4xx_hal_flash.c ****   * @retval None
 687:Drivers/STM32F4xx_HAL_Driver/Src/stm32f4xx_hal_flash.c ****   */
 688:Drivers/STM32F4xx_HAL_Driver/Src/stm32f4xx_hal_flash.c **** static void FLASH_Program_Byte(uint32_t Address, uint8_t Data)
 689:Drivers/STM32F4xx_HAL_Driver/Src/stm32f4xx_hal_flash.c **** {
 690:Drivers/STM32F4xx_HAL_Driver/Src/stm32f4xx_hal_flash.c ****   /* Check the parameters */
 691:Drivers/STM32F4xx_HAL_Driver/Src/stm32f4xx_hal_flash.c ****   assert_param(IS_FLASH_ADDRESS(Address));
 692:Drivers/STM32F4xx_HAL_Driver/Src/stm32f4xx_hal_flash.c **** 
 693:Drivers/STM32F4xx_HAL_Driver/Src/stm32f4xx_hal_flash.c ****   /* If the previous operation is completed, proceed to program the new data */
 694:Drivers/STM32F4xx_HAL_Driver/Src/stm32f4xx_hal_flash.c ****   CLEAR_BIT(FLASH->CR, FLASH_CR_PSIZE);
 695:Drivers/STM32F4xx_HAL_Driver/Src/stm32f4xx_hal_flash.c ****   FLASH->CR |= FLASH_PSIZE_BYTE;
 696:Drivers/STM32F4xx_HAL_Driver/Src/stm32f4xx_hal_flash.c ****   FLASH->CR |= FLASH_CR_PG;
 697:Drivers/STM32F4xx_HAL_Driver/Src/stm32f4xx_hal_flash.c **** 
 698:Drivers/STM32F4xx_HAL_Driver/Src/stm32f4xx_hal_flash.c ****   *(__IO uint8_t *)Address = Data;
 699:Drivers/STM32F4xx_HAL_Driver/Src/stm32f4xx_hal_flash.c **** }
 700:Drivers/STM32F4xx_HAL_Driver/Src/stm32f4xx_hal_flash.c **** 
 701:Drivers/STM32F4xx_HAL_Driver/Src/stm32f4xx_hal_flash.c **** /**
 702:Drivers/STM32F4xx_HAL_Driver/Src/stm32f4xx_hal_flash.c ****   * @brief  Set the specific FLASH error flag.
 703:Drivers/STM32F4xx_HAL_Driver/Src/stm32f4xx_hal_flash.c ****   * @retval None
 704:Drivers/STM32F4xx_HAL_Driver/Src/stm32f4xx_hal_flash.c ****   */
 705:Drivers/STM32F4xx_HAL_Driver/Src/stm32f4xx_hal_flash.c **** static void FLASH_SetErrorCode(void)
 706:Drivers/STM32F4xx_HAL_Driver/Src/stm32f4xx_hal_flash.c **** {
  28              		.loc 1 706 1 view -0
  29              		.cfi_startproc
  30              		@ args = 0, pretend = 0, frame = 0
  31              		@ frame_needed = 0, uses_anonymous_args = 0
  32              		@ link register save eliminated.
 707:Drivers/STM32F4xx_HAL_Driver/Src/stm32f4xx_hal_flash.c ****   if (__HAL_FLASH_GET_FLAG(FLASH_FLAG_WRPERR) != RESET)
  33              		.loc 1 707 3 view .LVU1
  34              		.loc 1 707 7 is_stmt 0 view .LVU2
  35 0000 204B     		ldr	r3, .L7
ARM GAS  C:\Users\guoch\AppData\Local\Temp\cc44Pyrd.s 			page 14


  36 0002 DB68     		ldr	r3, [r3, #12]
  37              		.loc 1 707 6 view .LVU3
  38 0004 13F0100F 		tst	r3, #16
  39 0008 07D0     		beq	.L2
 708:Drivers/STM32F4xx_HAL_Driver/Src/stm32f4xx_hal_flash.c ****   {
 709:Drivers/STM32F4xx_HAL_Driver/Src/stm32f4xx_hal_flash.c ****     pFlash.ErrorCode |= HAL_FLASH_ERROR_WRP;
  40              		.loc 1 709 5 is_stmt 1 view .LVU4
  41              		.loc 1 709 22 is_stmt 0 view .LVU5
  42 000a 1F4A     		ldr	r2, .L7+4
  43 000c D369     		ldr	r3, [r2, #28]
  44 000e 43F01003 		orr	r3, r3, #16
  45 0012 D361     		str	r3, [r2, #28]
 710:Drivers/STM32F4xx_HAL_Driver/Src/stm32f4xx_hal_flash.c **** 
 711:Drivers/STM32F4xx_HAL_Driver/Src/stm32f4xx_hal_flash.c ****     /* Clear FLASH write protection error pending bit */
 712:Drivers/STM32F4xx_HAL_Driver/Src/stm32f4xx_hal_flash.c ****     __HAL_FLASH_CLEAR_FLAG(FLASH_FLAG_WRPERR);
  46              		.loc 1 712 5 is_stmt 1 view .LVU6
  47 0014 1B4B     		ldr	r3, .L7
  48 0016 1022     		movs	r2, #16
  49 0018 DA60     		str	r2, [r3, #12]
  50              	.L2:
 713:Drivers/STM32F4xx_HAL_Driver/Src/stm32f4xx_hal_flash.c ****   }
 714:Drivers/STM32F4xx_HAL_Driver/Src/stm32f4xx_hal_flash.c **** 
 715:Drivers/STM32F4xx_HAL_Driver/Src/stm32f4xx_hal_flash.c ****   if (__HAL_FLASH_GET_FLAG(FLASH_FLAG_PGAERR) != RESET)
  51              		.loc 1 715 3 view .LVU7
  52              		.loc 1 715 7 is_stmt 0 view .LVU8
  53 001a 1A4B     		ldr	r3, .L7
  54 001c DB68     		ldr	r3, [r3, #12]
  55              		.loc 1 715 6 view .LVU9
  56 001e 13F0200F 		tst	r3, #32
  57 0022 07D0     		beq	.L3
 716:Drivers/STM32F4xx_HAL_Driver/Src/stm32f4xx_hal_flash.c ****   {
 717:Drivers/STM32F4xx_HAL_Driver/Src/stm32f4xx_hal_flash.c ****     pFlash.ErrorCode |= HAL_FLASH_ERROR_PGA;
  58              		.loc 1 717 5 is_stmt 1 view .LVU10
  59              		.loc 1 717 22 is_stmt 0 view .LVU11
  60 0024 184A     		ldr	r2, .L7+4
  61 0026 D369     		ldr	r3, [r2, #28]
  62 0028 43F00803 		orr	r3, r3, #8
  63 002c D361     		str	r3, [r2, #28]
 718:Drivers/STM32F4xx_HAL_Driver/Src/stm32f4xx_hal_flash.c **** 
 719:Drivers/STM32F4xx_HAL_Driver/Src/stm32f4xx_hal_flash.c ****     /* Clear FLASH Programming alignment error pending bit */
 720:Drivers/STM32F4xx_HAL_Driver/Src/stm32f4xx_hal_flash.c ****     __HAL_FLASH_CLEAR_FLAG(FLASH_FLAG_PGAERR);
  64              		.loc 1 720 5 is_stmt 1 view .LVU12
  65 002e 154B     		ldr	r3, .L7
  66 0030 2022     		movs	r2, #32
  67 0032 DA60     		str	r2, [r3, #12]
  68              	.L3:
 721:Drivers/STM32F4xx_HAL_Driver/Src/stm32f4xx_hal_flash.c ****   }
 722:Drivers/STM32F4xx_HAL_Driver/Src/stm32f4xx_hal_flash.c **** 
 723:Drivers/STM32F4xx_HAL_Driver/Src/stm32f4xx_hal_flash.c ****   if (__HAL_FLASH_GET_FLAG(FLASH_FLAG_PGPERR) != RESET)
  69              		.loc 1 723 3 view .LVU13
  70              		.loc 1 723 7 is_stmt 0 view .LVU14
  71 0034 134B     		ldr	r3, .L7
  72 0036 DB68     		ldr	r3, [r3, #12]
  73              		.loc 1 723 6 view .LVU15
  74 0038 13F0400F 		tst	r3, #64
  75 003c 07D0     		beq	.L4
 724:Drivers/STM32F4xx_HAL_Driver/Src/stm32f4xx_hal_flash.c ****   {
ARM GAS  C:\Users\guoch\AppData\Local\Temp\cc44Pyrd.s 			page 15


 725:Drivers/STM32F4xx_HAL_Driver/Src/stm32f4xx_hal_flash.c ****     pFlash.ErrorCode |= HAL_FLASH_ERROR_PGP;
  76              		.loc 1 725 5 is_stmt 1 view .LVU16
  77              		.loc 1 725 22 is_stmt 0 view .LVU17
  78 003e 124A     		ldr	r2, .L7+4
  79 0040 D369     		ldr	r3, [r2, #28]
  80 0042 43F00403 		orr	r3, r3, #4
  81 0046 D361     		str	r3, [r2, #28]
 726:Drivers/STM32F4xx_HAL_Driver/Src/stm32f4xx_hal_flash.c **** 
 727:Drivers/STM32F4xx_HAL_Driver/Src/stm32f4xx_hal_flash.c ****     /* Clear FLASH Programming parallelism error pending bit */
 728:Drivers/STM32F4xx_HAL_Driver/Src/stm32f4xx_hal_flash.c ****     __HAL_FLASH_CLEAR_FLAG(FLASH_FLAG_PGPERR);
  82              		.loc 1 728 5 is_stmt 1 view .LVU18
  83 0048 0E4B     		ldr	r3, .L7
  84 004a 4022     		movs	r2, #64
  85 004c DA60     		str	r2, [r3, #12]
  86              	.L4:
 729:Drivers/STM32F4xx_HAL_Driver/Src/stm32f4xx_hal_flash.c ****   }
 730:Drivers/STM32F4xx_HAL_Driver/Src/stm32f4xx_hal_flash.c **** 
 731:Drivers/STM32F4xx_HAL_Driver/Src/stm32f4xx_hal_flash.c ****   if (__HAL_FLASH_GET_FLAG(FLASH_FLAG_PGSERR) != RESET)
  87              		.loc 1 731 3 view .LVU19
  88              		.loc 1 731 7 is_stmt 0 view .LVU20
  89 004e 0D4B     		ldr	r3, .L7
  90 0050 DB68     		ldr	r3, [r3, #12]
  91              		.loc 1 731 6 view .LVU21
  92 0052 13F0800F 		tst	r3, #128
  93 0056 07D0     		beq	.L5
 732:Drivers/STM32F4xx_HAL_Driver/Src/stm32f4xx_hal_flash.c ****   {
 733:Drivers/STM32F4xx_HAL_Driver/Src/stm32f4xx_hal_flash.c ****     pFlash.ErrorCode |= HAL_FLASH_ERROR_PGS;
  94              		.loc 1 733 5 is_stmt 1 view .LVU22
  95              		.loc 1 733 22 is_stmt 0 view .LVU23
  96 0058 0B4A     		ldr	r2, .L7+4
  97 005a D369     		ldr	r3, [r2, #28]
  98 005c 43F00203 		orr	r3, r3, #2
  99 0060 D361     		str	r3, [r2, #28]
 734:Drivers/STM32F4xx_HAL_Driver/Src/stm32f4xx_hal_flash.c **** 
 735:Drivers/STM32F4xx_HAL_Driver/Src/stm32f4xx_hal_flash.c ****     /* Clear FLASH Programming sequence error pending bit */
 736:Drivers/STM32F4xx_HAL_Driver/Src/stm32f4xx_hal_flash.c ****     __HAL_FLASH_CLEAR_FLAG(FLASH_FLAG_PGSERR);
 100              		.loc 1 736 5 is_stmt 1 view .LVU24
 101 0062 084B     		ldr	r3, .L7
 102 0064 8022     		movs	r2, #128
 103 0066 DA60     		str	r2, [r3, #12]
 104              	.L5:
 737:Drivers/STM32F4xx_HAL_Driver/Src/stm32f4xx_hal_flash.c ****   }
 738:Drivers/STM32F4xx_HAL_Driver/Src/stm32f4xx_hal_flash.c **** #if defined(FLASH_SR_RDERR)
 739:Drivers/STM32F4xx_HAL_Driver/Src/stm32f4xx_hal_flash.c ****   if (__HAL_FLASH_GET_FLAG(FLASH_FLAG_RDERR) != RESET)
 740:Drivers/STM32F4xx_HAL_Driver/Src/stm32f4xx_hal_flash.c ****   {
 741:Drivers/STM32F4xx_HAL_Driver/Src/stm32f4xx_hal_flash.c ****     pFlash.ErrorCode |= HAL_FLASH_ERROR_RD;
 742:Drivers/STM32F4xx_HAL_Driver/Src/stm32f4xx_hal_flash.c **** 
 743:Drivers/STM32F4xx_HAL_Driver/Src/stm32f4xx_hal_flash.c ****     /* Clear FLASH Proprietary readout protection error pending bit */
 744:Drivers/STM32F4xx_HAL_Driver/Src/stm32f4xx_hal_flash.c ****     __HAL_FLASH_CLEAR_FLAG(FLASH_FLAG_RDERR);
 745:Drivers/STM32F4xx_HAL_Driver/Src/stm32f4xx_hal_flash.c ****   }
 746:Drivers/STM32F4xx_HAL_Driver/Src/stm32f4xx_hal_flash.c **** #endif /* FLASH_SR_RDERR */
 747:Drivers/STM32F4xx_HAL_Driver/Src/stm32f4xx_hal_flash.c ****   if (__HAL_FLASH_GET_FLAG(FLASH_FLAG_OPERR) != RESET)
 105              		.loc 1 747 3 view .LVU25
 106              		.loc 1 747 7 is_stmt 0 view .LVU26
 107 0068 064B     		ldr	r3, .L7
 108 006a DB68     		ldr	r3, [r3, #12]
 109              		.loc 1 747 6 view .LVU27
ARM GAS  C:\Users\guoch\AppData\Local\Temp\cc44Pyrd.s 			page 16


 110 006c 13F0020F 		tst	r3, #2
 111 0070 07D0     		beq	.L1
 748:Drivers/STM32F4xx_HAL_Driver/Src/stm32f4xx_hal_flash.c ****   {
 749:Drivers/STM32F4xx_HAL_Driver/Src/stm32f4xx_hal_flash.c ****     pFlash.ErrorCode |= HAL_FLASH_ERROR_OPERATION;
 112              		.loc 1 749 5 is_stmt 1 view .LVU28
 113              		.loc 1 749 22 is_stmt 0 view .LVU29
 114 0072 054A     		ldr	r2, .L7+4
 115 0074 D369     		ldr	r3, [r2, #28]
 116 0076 43F02003 		orr	r3, r3, #32
 117 007a D361     		str	r3, [r2, #28]
 750:Drivers/STM32F4xx_HAL_Driver/Src/stm32f4xx_hal_flash.c **** 
 751:Drivers/STM32F4xx_HAL_Driver/Src/stm32f4xx_hal_flash.c ****     /* Clear FLASH Operation error pending bit */
 752:Drivers/STM32F4xx_HAL_Driver/Src/stm32f4xx_hal_flash.c ****     __HAL_FLASH_CLEAR_FLAG(FLASH_FLAG_OPERR);
 118              		.loc 1 752 5 is_stmt 1 view .LVU30
 119 007c 014B     		ldr	r3, .L7
 120 007e 0222     		movs	r2, #2
 121 0080 DA60     		str	r2, [r3, #12]
 122              	.L1:
 753:Drivers/STM32F4xx_HAL_Driver/Src/stm32f4xx_hal_flash.c ****   }
 754:Drivers/STM32F4xx_HAL_Driver/Src/stm32f4xx_hal_flash.c **** }
 123              		.loc 1 754 1 is_stmt 0 view .LVU31
 124 0082 7047     		bx	lr
 125              	.L8:
 126              		.align	2
 127              	.L7:
 128 0084 003C0240 		.word	1073888256
 129 0088 00000000 		.word	.LANCHOR0
 130              		.cfi_endproc
 131              	.LFE150:
 133              		.section	.rodata.FLASH_Program_Byte.str1.4,"aMS",%progbits,1
 134              		.align	2
 135              	.LC0:
 136 0000 44726976 		.ascii	"Drivers/STM32F4xx_HAL_Driver/Src/stm32f4xx_hal_flas"
 136      6572732F 
 136      53544D33 
 136      32463478 
 136      785F4841 
 137 0033 682E6300 		.ascii	"h.c\000"
 138              		.section	.text.FLASH_Program_Byte,"ax",%progbits
 139              		.align	1
 140              		.syntax unified
 141              		.thumb
 142              		.thumb_func
 144              	FLASH_Program_Byte:
 145              	.LVL0:
 146              	.LFB149:
 689:Drivers/STM32F4xx_HAL_Driver/Src/stm32f4xx_hal_flash.c ****   /* Check the parameters */
 147              		.loc 1 689 1 is_stmt 1 view -0
 148              		.cfi_startproc
 149              		@ args = 0, pretend = 0, frame = 0
 150              		@ frame_needed = 0, uses_anonymous_args = 0
 689:Drivers/STM32F4xx_HAL_Driver/Src/stm32f4xx_hal_flash.c ****   /* Check the parameters */
 151              		.loc 1 689 1 is_stmt 0 view .LVU33
 152 0000 38B5     		push	{r3, r4, r5, lr}
 153              	.LCFI0:
 154              		.cfi_def_cfa_offset 16
 155              		.cfi_offset 3, -16
ARM GAS  C:\Users\guoch\AppData\Local\Temp\cc44Pyrd.s 			page 17


 156              		.cfi_offset 4, -12
 157              		.cfi_offset 5, -8
 158              		.cfi_offset 14, -4
 159 0002 0446     		mov	r4, r0
 160 0004 0D46     		mov	r5, r1
 691:Drivers/STM32F4xx_HAL_Driver/Src/stm32f4xx_hal_flash.c **** 
 161              		.loc 1 691 3 is_stmt 1 view .LVU34
 162 0006 00F17843 		add	r3, r0, #-134217728
 163 000a B3F5801F 		cmp	r3, #1048576
 164 000e 06D3     		bcc	.L10
 691:Drivers/STM32F4xx_HAL_Driver/Src/stm32f4xx_hal_flash.c **** 
 165              		.loc 1 691 3 is_stmt 0 discriminator 1 view .LVU35
 166 0010 00F16043 		add	r3, r0, #-536870912
 167 0014 03F50843 		add	r3, r3, #34816
 168 0018 B3F5047F 		cmp	r3, #528
 169 001c 0CD2     		bcs	.L12
 170              	.LVL1:
 171              	.L10:
 694:Drivers/STM32F4xx_HAL_Driver/Src/stm32f4xx_hal_flash.c ****   FLASH->CR |= FLASH_PSIZE_BYTE;
 172              		.loc 1 694 3 is_stmt 1 view .LVU36
 173 001e 094B     		ldr	r3, .L13
 174 0020 1A69     		ldr	r2, [r3, #16]
 175 0022 22F44072 		bic	r2, r2, #768
 176 0026 1A61     		str	r2, [r3, #16]
 695:Drivers/STM32F4xx_HAL_Driver/Src/stm32f4xx_hal_flash.c ****   FLASH->CR |= FLASH_CR_PG;
 177              		.loc 1 695 3 view .LVU37
 695:Drivers/STM32F4xx_HAL_Driver/Src/stm32f4xx_hal_flash.c ****   FLASH->CR |= FLASH_CR_PG;
 178              		.loc 1 695 13 is_stmt 0 view .LVU38
 179 0028 1A69     		ldr	r2, [r3, #16]
 180 002a 1A61     		str	r2, [r3, #16]
 696:Drivers/STM32F4xx_HAL_Driver/Src/stm32f4xx_hal_flash.c **** 
 181              		.loc 1 696 3 is_stmt 1 view .LVU39
 696:Drivers/STM32F4xx_HAL_Driver/Src/stm32f4xx_hal_flash.c **** 
 182              		.loc 1 696 13 is_stmt 0 view .LVU40
 183 002c 1A69     		ldr	r2, [r3, #16]
 184 002e 42F00102 		orr	r2, r2, #1
 185 0032 1A61     		str	r2, [r3, #16]
 698:Drivers/STM32F4xx_HAL_Driver/Src/stm32f4xx_hal_flash.c **** }
 186              		.loc 1 698 3 is_stmt 1 view .LVU41
 698:Drivers/STM32F4xx_HAL_Driver/Src/stm32f4xx_hal_flash.c **** }
 187              		.loc 1 698 28 is_stmt 0 view .LVU42
 188 0034 2570     		strb	r5, [r4]
 699:Drivers/STM32F4xx_HAL_Driver/Src/stm32f4xx_hal_flash.c **** 
 189              		.loc 1 699 1 view .LVU43
 190 0036 38BD     		pop	{r3, r4, r5, pc}
 191              	.LVL2:
 192              	.L12:
 691:Drivers/STM32F4xx_HAL_Driver/Src/stm32f4xx_hal_flash.c **** 
 193              		.loc 1 691 3 discriminator 2 view .LVU44
 194 0038 40F2B321 		movw	r1, #691
 195              	.LVL3:
 691:Drivers/STM32F4xx_HAL_Driver/Src/stm32f4xx_hal_flash.c **** 
 196              		.loc 1 691 3 discriminator 2 view .LVU45
 197 003c 0248     		ldr	r0, .L13+4
 198              	.LVL4:
 691:Drivers/STM32F4xx_HAL_Driver/Src/stm32f4xx_hal_flash.c **** 
 199              		.loc 1 691 3 discriminator 2 view .LVU46
ARM GAS  C:\Users\guoch\AppData\Local\Temp\cc44Pyrd.s 			page 18


 200 003e FFF7FEFF 		bl	assert_failed
 201              	.LVL5:
 202 0042 ECE7     		b	.L10
 203              	.L14:
 204              		.align	2
 205              	.L13:
 206 0044 003C0240 		.word	1073888256
 207 0048 00000000 		.word	.LC0
 208              		.cfi_endproc
 209              	.LFE149:
 211              		.section	.text.FLASH_Program_HalfWord,"ax",%progbits
 212              		.align	1
 213              		.syntax unified
 214              		.thumb
 215              		.thumb_func
 217              	FLASH_Program_HalfWord:
 218              	.LVL6:
 219              	.LFB148:
 664:Drivers/STM32F4xx_HAL_Driver/Src/stm32f4xx_hal_flash.c ****   /* Check the parameters */
 220              		.loc 1 664 1 is_stmt 1 view -0
 221              		.cfi_startproc
 222              		@ args = 0, pretend = 0, frame = 0
 223              		@ frame_needed = 0, uses_anonymous_args = 0
 664:Drivers/STM32F4xx_HAL_Driver/Src/stm32f4xx_hal_flash.c ****   /* Check the parameters */
 224              		.loc 1 664 1 is_stmt 0 view .LVU48
 225 0000 38B5     		push	{r3, r4, r5, lr}
 226              	.LCFI1:
 227              		.cfi_def_cfa_offset 16
 228              		.cfi_offset 3, -16
 229              		.cfi_offset 4, -12
 230              		.cfi_offset 5, -8
 231              		.cfi_offset 14, -4
 232 0002 0446     		mov	r4, r0
 233 0004 0D46     		mov	r5, r1
 666:Drivers/STM32F4xx_HAL_Driver/Src/stm32f4xx_hal_flash.c **** 
 234              		.loc 1 666 3 is_stmt 1 view .LVU49
 235 0006 00F17843 		add	r3, r0, #-134217728
 236 000a B3F5801F 		cmp	r3, #1048576
 237 000e 06D3     		bcc	.L16
 666:Drivers/STM32F4xx_HAL_Driver/Src/stm32f4xx_hal_flash.c **** 
 238              		.loc 1 666 3 is_stmt 0 discriminator 1 view .LVU50
 239 0010 00F16043 		add	r3, r0, #-536870912
 240 0014 03F50843 		add	r3, r3, #34816
 241 0018 B3F5047F 		cmp	r3, #528
 242 001c 0ED2     		bcs	.L18
 243              	.LVL7:
 244              	.L16:
 669:Drivers/STM32F4xx_HAL_Driver/Src/stm32f4xx_hal_flash.c ****   FLASH->CR |= FLASH_PSIZE_HALF_WORD;
 245              		.loc 1 669 3 is_stmt 1 view .LVU51
 246 001e 0A4B     		ldr	r3, .L19
 247 0020 1A69     		ldr	r2, [r3, #16]
 248 0022 22F44072 		bic	r2, r2, #768
 249 0026 1A61     		str	r2, [r3, #16]
 670:Drivers/STM32F4xx_HAL_Driver/Src/stm32f4xx_hal_flash.c ****   FLASH->CR |= FLASH_CR_PG;
 250              		.loc 1 670 3 view .LVU52
 670:Drivers/STM32F4xx_HAL_Driver/Src/stm32f4xx_hal_flash.c ****   FLASH->CR |= FLASH_CR_PG;
 251              		.loc 1 670 13 is_stmt 0 view .LVU53
ARM GAS  C:\Users\guoch\AppData\Local\Temp\cc44Pyrd.s 			page 19


 252 0028 1A69     		ldr	r2, [r3, #16]
 253 002a 42F48072 		orr	r2, r2, #256
 254 002e 1A61     		str	r2, [r3, #16]
 671:Drivers/STM32F4xx_HAL_Driver/Src/stm32f4xx_hal_flash.c **** 
 255              		.loc 1 671 3 is_stmt 1 view .LVU54
 671:Drivers/STM32F4xx_HAL_Driver/Src/stm32f4xx_hal_flash.c **** 
 256              		.loc 1 671 13 is_stmt 0 view .LVU55
 257 0030 1A69     		ldr	r2, [r3, #16]
 258 0032 42F00102 		orr	r2, r2, #1
 259 0036 1A61     		str	r2, [r3, #16]
 673:Drivers/STM32F4xx_HAL_Driver/Src/stm32f4xx_hal_flash.c **** }
 260              		.loc 1 673 3 is_stmt 1 view .LVU56
 673:Drivers/STM32F4xx_HAL_Driver/Src/stm32f4xx_hal_flash.c **** }
 261              		.loc 1 673 29 is_stmt 0 view .LVU57
 262 0038 2580     		strh	r5, [r4]	@ movhi
 674:Drivers/STM32F4xx_HAL_Driver/Src/stm32f4xx_hal_flash.c **** 
 263              		.loc 1 674 1 view .LVU58
 264 003a 38BD     		pop	{r3, r4, r5, pc}
 265              	.LVL8:
 266              	.L18:
 666:Drivers/STM32F4xx_HAL_Driver/Src/stm32f4xx_hal_flash.c **** 
 267              		.loc 1 666 3 discriminator 2 view .LVU59
 268 003c 40F29A21 		movw	r1, #666
 269              	.LVL9:
 666:Drivers/STM32F4xx_HAL_Driver/Src/stm32f4xx_hal_flash.c **** 
 270              		.loc 1 666 3 discriminator 2 view .LVU60
 271 0040 0248     		ldr	r0, .L19+4
 272              	.LVL10:
 666:Drivers/STM32F4xx_HAL_Driver/Src/stm32f4xx_hal_flash.c **** 
 273              		.loc 1 666 3 discriminator 2 view .LVU61
 274 0042 FFF7FEFF 		bl	assert_failed
 275              	.LVL11:
 276 0046 EAE7     		b	.L16
 277              	.L20:
 278              		.align	2
 279              	.L19:
 280 0048 003C0240 		.word	1073888256
 281 004c 00000000 		.word	.LC0
 282              		.cfi_endproc
 283              	.LFE148:
 285              		.section	.text.FLASH_Program_Word,"ax",%progbits
 286              		.align	1
 287              		.syntax unified
 288              		.thumb
 289              		.thumb_func
 291              	FLASH_Program_Word:
 292              	.LVL12:
 293              	.LFB147:
 639:Drivers/STM32F4xx_HAL_Driver/Src/stm32f4xx_hal_flash.c ****   /* Check the parameters */
 294              		.loc 1 639 1 is_stmt 1 view -0
 295              		.cfi_startproc
 296              		@ args = 0, pretend = 0, frame = 0
 297              		@ frame_needed = 0, uses_anonymous_args = 0
 639:Drivers/STM32F4xx_HAL_Driver/Src/stm32f4xx_hal_flash.c ****   /* Check the parameters */
 298              		.loc 1 639 1 is_stmt 0 view .LVU63
 299 0000 38B5     		push	{r3, r4, r5, lr}
 300              	.LCFI2:
ARM GAS  C:\Users\guoch\AppData\Local\Temp\cc44Pyrd.s 			page 20


 301              		.cfi_def_cfa_offset 16
 302              		.cfi_offset 3, -16
 303              		.cfi_offset 4, -12
 304              		.cfi_offset 5, -8
 305              		.cfi_offset 14, -4
 306 0002 0446     		mov	r4, r0
 307 0004 0D46     		mov	r5, r1
 641:Drivers/STM32F4xx_HAL_Driver/Src/stm32f4xx_hal_flash.c **** 
 308              		.loc 1 641 3 is_stmt 1 view .LVU64
 309 0006 00F17843 		add	r3, r0, #-134217728
 310 000a B3F5801F 		cmp	r3, #1048576
 311 000e 06D3     		bcc	.L22
 641:Drivers/STM32F4xx_HAL_Driver/Src/stm32f4xx_hal_flash.c **** 
 312              		.loc 1 641 3 is_stmt 0 discriminator 1 view .LVU65
 313 0010 00F16043 		add	r3, r0, #-536870912
 314 0014 03F50843 		add	r3, r3, #34816
 315 0018 B3F5047F 		cmp	r3, #528
 316 001c 0ED2     		bcs	.L24
 317              	.LVL13:
 318              	.L22:
 644:Drivers/STM32F4xx_HAL_Driver/Src/stm32f4xx_hal_flash.c ****   FLASH->CR |= FLASH_PSIZE_WORD;
 319              		.loc 1 644 3 is_stmt 1 view .LVU66
 320 001e 0A4B     		ldr	r3, .L25
 321 0020 1A69     		ldr	r2, [r3, #16]
 322 0022 22F44072 		bic	r2, r2, #768
 323 0026 1A61     		str	r2, [r3, #16]
 645:Drivers/STM32F4xx_HAL_Driver/Src/stm32f4xx_hal_flash.c ****   FLASH->CR |= FLASH_CR_PG;
 324              		.loc 1 645 3 view .LVU67
 645:Drivers/STM32F4xx_HAL_Driver/Src/stm32f4xx_hal_flash.c ****   FLASH->CR |= FLASH_CR_PG;
 325              		.loc 1 645 13 is_stmt 0 view .LVU68
 326 0028 1A69     		ldr	r2, [r3, #16]
 327 002a 42F40072 		orr	r2, r2, #512
 328 002e 1A61     		str	r2, [r3, #16]
 646:Drivers/STM32F4xx_HAL_Driver/Src/stm32f4xx_hal_flash.c **** 
 329              		.loc 1 646 3 is_stmt 1 view .LVU69
 646:Drivers/STM32F4xx_HAL_Driver/Src/stm32f4xx_hal_flash.c **** 
 330              		.loc 1 646 13 is_stmt 0 view .LVU70
 331 0030 1A69     		ldr	r2, [r3, #16]
 332 0032 42F00102 		orr	r2, r2, #1
 333 0036 1A61     		str	r2, [r3, #16]
 648:Drivers/STM32F4xx_HAL_Driver/Src/stm32f4xx_hal_flash.c **** }
 334              		.loc 1 648 3 is_stmt 1 view .LVU71
 648:Drivers/STM32F4xx_HAL_Driver/Src/stm32f4xx_hal_flash.c **** }
 335              		.loc 1 648 29 is_stmt 0 view .LVU72
 336 0038 2560     		str	r5, [r4]
 649:Drivers/STM32F4xx_HAL_Driver/Src/stm32f4xx_hal_flash.c **** 
 337              		.loc 1 649 1 view .LVU73
 338 003a 38BD     		pop	{r3, r4, r5, pc}
 339              	.LVL14:
 340              	.L24:
 641:Drivers/STM32F4xx_HAL_Driver/Src/stm32f4xx_hal_flash.c **** 
 341              		.loc 1 641 3 discriminator 2 view .LVU74
 342 003c 40F28121 		movw	r1, #641
 343              	.LVL15:
 641:Drivers/STM32F4xx_HAL_Driver/Src/stm32f4xx_hal_flash.c **** 
 344              		.loc 1 641 3 discriminator 2 view .LVU75
 345 0040 0248     		ldr	r0, .L25+4
ARM GAS  C:\Users\guoch\AppData\Local\Temp\cc44Pyrd.s 			page 21


 346              	.LVL16:
 641:Drivers/STM32F4xx_HAL_Driver/Src/stm32f4xx_hal_flash.c **** 
 347              		.loc 1 641 3 discriminator 2 view .LVU76
 348 0042 FFF7FEFF 		bl	assert_failed
 349              	.LVL17:
 350 0046 EAE7     		b	.L22
 351              	.L26:
 352              		.align	2
 353              	.L25:
 354 0048 003C0240 		.word	1073888256
 355 004c 00000000 		.word	.LC0
 356              		.cfi_endproc
 357              	.LFE147:
 359              		.section	.text.FLASH_Program_DoubleWord,"ax",%progbits
 360              		.align	1
 361              		.syntax unified
 362              		.thumb
 363              		.thumb_func
 365              	FLASH_Program_DoubleWord:
 366              	.LVL18:
 367              	.LFB146:
 605:Drivers/STM32F4xx_HAL_Driver/Src/stm32f4xx_hal_flash.c ****   /* Check the parameters */
 368              		.loc 1 605 1 is_stmt 1 view -0
 369              		.cfi_startproc
 370              		@ args = 0, pretend = 0, frame = 0
 371              		@ frame_needed = 0, uses_anonymous_args = 0
 605:Drivers/STM32F4xx_HAL_Driver/Src/stm32f4xx_hal_flash.c ****   /* Check the parameters */
 372              		.loc 1 605 1 is_stmt 0 view .LVU78
 373 0000 70B5     		push	{r4, r5, r6, lr}
 374              	.LCFI3:
 375              		.cfi_def_cfa_offset 16
 376              		.cfi_offset 4, -16
 377              		.cfi_offset 5, -12
 378              		.cfi_offset 6, -8
 379              		.cfi_offset 14, -4
 380 0002 0446     		mov	r4, r0
 381 0004 1646     		mov	r6, r2
 382 0006 1D46     		mov	r5, r3
 607:Drivers/STM32F4xx_HAL_Driver/Src/stm32f4xx_hal_flash.c **** 
 383              		.loc 1 607 3 is_stmt 1 view .LVU79
 384 0008 00F17843 		add	r3, r0, #-134217728
 385 000c B3F5801F 		cmp	r3, #1048576
 386 0010 06D3     		bcc	.L28
 607:Drivers/STM32F4xx_HAL_Driver/Src/stm32f4xx_hal_flash.c **** 
 387              		.loc 1 607 3 is_stmt 0 discriminator 1 view .LVU80
 388 0012 00F16043 		add	r3, r0, #-536870912
 389 0016 03F50843 		add	r3, r3, #34816
 390 001a B3F5047F 		cmp	r3, #528
 391 001e 11D2     		bcs	.L30
 392              	.LVL19:
 393              	.L28:
 610:Drivers/STM32F4xx_HAL_Driver/Src/stm32f4xx_hal_flash.c ****   FLASH->CR |= FLASH_PSIZE_DOUBLE_WORD;
 394              		.loc 1 610 3 is_stmt 1 view .LVU81
 395 0020 0B49     		ldr	r1, .L31
 396 0022 0B69     		ldr	r3, [r1, #16]
 397 0024 23F44073 		bic	r3, r3, #768
 398 0028 0B61     		str	r3, [r1, #16]
ARM GAS  C:\Users\guoch\AppData\Local\Temp\cc44Pyrd.s 			page 22


 611:Drivers/STM32F4xx_HAL_Driver/Src/stm32f4xx_hal_flash.c ****   FLASH->CR |= FLASH_CR_PG;
 399              		.loc 1 611 3 view .LVU82
 611:Drivers/STM32F4xx_HAL_Driver/Src/stm32f4xx_hal_flash.c ****   FLASH->CR |= FLASH_CR_PG;
 400              		.loc 1 611 13 is_stmt 0 view .LVU83
 401 002a 0B69     		ldr	r3, [r1, #16]
 402 002c 43F44073 		orr	r3, r3, #768
 403 0030 0B61     		str	r3, [r1, #16]
 612:Drivers/STM32F4xx_HAL_Driver/Src/stm32f4xx_hal_flash.c **** 
 404              		.loc 1 612 3 is_stmt 1 view .LVU84
 612:Drivers/STM32F4xx_HAL_Driver/Src/stm32f4xx_hal_flash.c **** 
 405              		.loc 1 612 13 is_stmt 0 view .LVU85
 406 0032 0B69     		ldr	r3, [r1, #16]
 407 0034 43F00103 		orr	r3, r3, #1
 408 0038 0B61     		str	r3, [r1, #16]
 615:Drivers/STM32F4xx_HAL_Driver/Src/stm32f4xx_hal_flash.c **** 
 409              		.loc 1 615 3 is_stmt 1 view .LVU86
 615:Drivers/STM32F4xx_HAL_Driver/Src/stm32f4xx_hal_flash.c **** 
 410              		.loc 1 615 29 is_stmt 0 view .LVU87
 411 003a 2660     		str	r6, [r4]
 619:Drivers/STM32F4xx_HAL_Driver/Src/stm32f4xx_hal_flash.c **** 
 412              		.loc 1 619 3 is_stmt 1 view .LVU88
 413              	.LBB4:
 414              	.LBI4:
 415              		.file 2 "Drivers/CMSIS/Include/cmsis_gcc.h"
   1:Drivers/CMSIS/Include/cmsis_gcc.h **** /**************************************************************************//**
   2:Drivers/CMSIS/Include/cmsis_gcc.h ****  * @file     cmsis_gcc.h
   3:Drivers/CMSIS/Include/cmsis_gcc.h ****  * @brief    CMSIS compiler GCC header file
   4:Drivers/CMSIS/Include/cmsis_gcc.h ****  * @version  V5.4.1
   5:Drivers/CMSIS/Include/cmsis_gcc.h ****  * @date     27. May 2021
   6:Drivers/CMSIS/Include/cmsis_gcc.h ****  ******************************************************************************/
   7:Drivers/CMSIS/Include/cmsis_gcc.h **** /*
   8:Drivers/CMSIS/Include/cmsis_gcc.h ****  * Copyright (c) 2009-2021 Arm Limited. All rights reserved.
   9:Drivers/CMSIS/Include/cmsis_gcc.h ****  *
  10:Drivers/CMSIS/Include/cmsis_gcc.h ****  * SPDX-License-Identifier: Apache-2.0
  11:Drivers/CMSIS/Include/cmsis_gcc.h ****  *
  12:Drivers/CMSIS/Include/cmsis_gcc.h ****  * Licensed under the Apache License, Version 2.0 (the License); you may
  13:Drivers/CMSIS/Include/cmsis_gcc.h ****  * not use this file except in compliance with the License.
  14:Drivers/CMSIS/Include/cmsis_gcc.h ****  * You may obtain a copy of the License at
  15:Drivers/CMSIS/Include/cmsis_gcc.h ****  *
  16:Drivers/CMSIS/Include/cmsis_gcc.h ****  * www.apache.org/licenses/LICENSE-2.0
  17:Drivers/CMSIS/Include/cmsis_gcc.h ****  *
  18:Drivers/CMSIS/Include/cmsis_gcc.h ****  * Unless required by applicable law or agreed to in writing, software
  19:Drivers/CMSIS/Include/cmsis_gcc.h ****  * distributed under the License is distributed on an AS IS BASIS, WITHOUT
  20:Drivers/CMSIS/Include/cmsis_gcc.h ****  * WARRANTIES OR CONDITIONS OF ANY KIND, either express or implied.
  21:Drivers/CMSIS/Include/cmsis_gcc.h ****  * See the License for the specific language governing permissions and
  22:Drivers/CMSIS/Include/cmsis_gcc.h ****  * limitations under the License.
  23:Drivers/CMSIS/Include/cmsis_gcc.h ****  */
  24:Drivers/CMSIS/Include/cmsis_gcc.h **** 
  25:Drivers/CMSIS/Include/cmsis_gcc.h **** #ifndef __CMSIS_GCC_H
  26:Drivers/CMSIS/Include/cmsis_gcc.h **** #define __CMSIS_GCC_H
  27:Drivers/CMSIS/Include/cmsis_gcc.h **** 
  28:Drivers/CMSIS/Include/cmsis_gcc.h **** /* ignore some GCC warnings */
  29:Drivers/CMSIS/Include/cmsis_gcc.h **** #pragma GCC diagnostic push
  30:Drivers/CMSIS/Include/cmsis_gcc.h **** #pragma GCC diagnostic ignored "-Wsign-conversion"
  31:Drivers/CMSIS/Include/cmsis_gcc.h **** #pragma GCC diagnostic ignored "-Wconversion"
  32:Drivers/CMSIS/Include/cmsis_gcc.h **** #pragma GCC diagnostic ignored "-Wunused-parameter"
  33:Drivers/CMSIS/Include/cmsis_gcc.h **** 
ARM GAS  C:\Users\guoch\AppData\Local\Temp\cc44Pyrd.s 			page 23


  34:Drivers/CMSIS/Include/cmsis_gcc.h **** /* Fallback for __has_builtin */
  35:Drivers/CMSIS/Include/cmsis_gcc.h **** #ifndef __has_builtin
  36:Drivers/CMSIS/Include/cmsis_gcc.h ****   #define __has_builtin(x) (0)
  37:Drivers/CMSIS/Include/cmsis_gcc.h **** #endif
  38:Drivers/CMSIS/Include/cmsis_gcc.h **** 
  39:Drivers/CMSIS/Include/cmsis_gcc.h **** /* CMSIS compiler specific defines */
  40:Drivers/CMSIS/Include/cmsis_gcc.h **** #ifndef   __ASM
  41:Drivers/CMSIS/Include/cmsis_gcc.h ****   #define __ASM                                  __asm
  42:Drivers/CMSIS/Include/cmsis_gcc.h **** #endif
  43:Drivers/CMSIS/Include/cmsis_gcc.h **** #ifndef   __INLINE
  44:Drivers/CMSIS/Include/cmsis_gcc.h ****   #define __INLINE                               inline
  45:Drivers/CMSIS/Include/cmsis_gcc.h **** #endif
  46:Drivers/CMSIS/Include/cmsis_gcc.h **** #ifndef   __STATIC_INLINE
  47:Drivers/CMSIS/Include/cmsis_gcc.h ****   #define __STATIC_INLINE                        static inline
  48:Drivers/CMSIS/Include/cmsis_gcc.h **** #endif
  49:Drivers/CMSIS/Include/cmsis_gcc.h **** #ifndef   __STATIC_FORCEINLINE
  50:Drivers/CMSIS/Include/cmsis_gcc.h ****   #define __STATIC_FORCEINLINE                   __attribute__((always_inline)) static inline
  51:Drivers/CMSIS/Include/cmsis_gcc.h **** #endif
  52:Drivers/CMSIS/Include/cmsis_gcc.h **** #ifndef   __NO_RETURN
  53:Drivers/CMSIS/Include/cmsis_gcc.h ****   #define __NO_RETURN                            __attribute__((__noreturn__))
  54:Drivers/CMSIS/Include/cmsis_gcc.h **** #endif
  55:Drivers/CMSIS/Include/cmsis_gcc.h **** #ifndef   __USED
  56:Drivers/CMSIS/Include/cmsis_gcc.h ****   #define __USED                                 __attribute__((used))
  57:Drivers/CMSIS/Include/cmsis_gcc.h **** #endif
  58:Drivers/CMSIS/Include/cmsis_gcc.h **** #ifndef   __WEAK
  59:Drivers/CMSIS/Include/cmsis_gcc.h ****   #define __WEAK                                 __attribute__((weak))
  60:Drivers/CMSIS/Include/cmsis_gcc.h **** #endif
  61:Drivers/CMSIS/Include/cmsis_gcc.h **** #ifndef   __PACKED
  62:Drivers/CMSIS/Include/cmsis_gcc.h ****   #define __PACKED                               __attribute__((packed, aligned(1)))
  63:Drivers/CMSIS/Include/cmsis_gcc.h **** #endif
  64:Drivers/CMSIS/Include/cmsis_gcc.h **** #ifndef   __PACKED_STRUCT
  65:Drivers/CMSIS/Include/cmsis_gcc.h ****   #define __PACKED_STRUCT                        struct __attribute__((packed, aligned(1)))
  66:Drivers/CMSIS/Include/cmsis_gcc.h **** #endif
  67:Drivers/CMSIS/Include/cmsis_gcc.h **** #ifndef   __PACKED_UNION
  68:Drivers/CMSIS/Include/cmsis_gcc.h ****   #define __PACKED_UNION                         union __attribute__((packed, aligned(1)))
  69:Drivers/CMSIS/Include/cmsis_gcc.h **** #endif
  70:Drivers/CMSIS/Include/cmsis_gcc.h **** #ifndef   __UNALIGNED_UINT32        /* deprecated */
  71:Drivers/CMSIS/Include/cmsis_gcc.h ****   #pragma GCC diagnostic push
  72:Drivers/CMSIS/Include/cmsis_gcc.h ****   #pragma GCC diagnostic ignored "-Wpacked"
  73:Drivers/CMSIS/Include/cmsis_gcc.h ****   #pragma GCC diagnostic ignored "-Wattributes"
  74:Drivers/CMSIS/Include/cmsis_gcc.h ****   struct __attribute__((packed)) T_UINT32 { uint32_t v; };
  75:Drivers/CMSIS/Include/cmsis_gcc.h ****   #pragma GCC diagnostic pop
  76:Drivers/CMSIS/Include/cmsis_gcc.h ****   #define __UNALIGNED_UINT32(x)                  (((struct T_UINT32 *)(x))->v)
  77:Drivers/CMSIS/Include/cmsis_gcc.h **** #endif
  78:Drivers/CMSIS/Include/cmsis_gcc.h **** #ifndef   __UNALIGNED_UINT16_WRITE
  79:Drivers/CMSIS/Include/cmsis_gcc.h ****   #pragma GCC diagnostic push
  80:Drivers/CMSIS/Include/cmsis_gcc.h ****   #pragma GCC diagnostic ignored "-Wpacked"
  81:Drivers/CMSIS/Include/cmsis_gcc.h ****   #pragma GCC diagnostic ignored "-Wattributes"
  82:Drivers/CMSIS/Include/cmsis_gcc.h ****   __PACKED_STRUCT T_UINT16_WRITE { uint16_t v; };
  83:Drivers/CMSIS/Include/cmsis_gcc.h ****   #pragma GCC diagnostic pop
  84:Drivers/CMSIS/Include/cmsis_gcc.h ****   #define __UNALIGNED_UINT16_WRITE(addr, val)    (void)((((struct T_UINT16_WRITE *)(void *)(addr))-
  85:Drivers/CMSIS/Include/cmsis_gcc.h **** #endif
  86:Drivers/CMSIS/Include/cmsis_gcc.h **** #ifndef   __UNALIGNED_UINT16_READ
  87:Drivers/CMSIS/Include/cmsis_gcc.h ****   #pragma GCC diagnostic push
  88:Drivers/CMSIS/Include/cmsis_gcc.h ****   #pragma GCC diagnostic ignored "-Wpacked"
  89:Drivers/CMSIS/Include/cmsis_gcc.h ****   #pragma GCC diagnostic ignored "-Wattributes"
  90:Drivers/CMSIS/Include/cmsis_gcc.h ****   __PACKED_STRUCT T_UINT16_READ { uint16_t v; };
ARM GAS  C:\Users\guoch\AppData\Local\Temp\cc44Pyrd.s 			page 24


  91:Drivers/CMSIS/Include/cmsis_gcc.h ****   #pragma GCC diagnostic pop
  92:Drivers/CMSIS/Include/cmsis_gcc.h ****   #define __UNALIGNED_UINT16_READ(addr)          (((const struct T_UINT16_READ *)(const void *)(add
  93:Drivers/CMSIS/Include/cmsis_gcc.h **** #endif
  94:Drivers/CMSIS/Include/cmsis_gcc.h **** #ifndef   __UNALIGNED_UINT32_WRITE
  95:Drivers/CMSIS/Include/cmsis_gcc.h ****   #pragma GCC diagnostic push
  96:Drivers/CMSIS/Include/cmsis_gcc.h ****   #pragma GCC diagnostic ignored "-Wpacked"
  97:Drivers/CMSIS/Include/cmsis_gcc.h ****   #pragma GCC diagnostic ignored "-Wattributes"
  98:Drivers/CMSIS/Include/cmsis_gcc.h ****   __PACKED_STRUCT T_UINT32_WRITE { uint32_t v; };
  99:Drivers/CMSIS/Include/cmsis_gcc.h ****   #pragma GCC diagnostic pop
 100:Drivers/CMSIS/Include/cmsis_gcc.h ****   #define __UNALIGNED_UINT32_WRITE(addr, val)    (void)((((struct T_UINT32_WRITE *)(void *)(addr))-
 101:Drivers/CMSIS/Include/cmsis_gcc.h **** #endif
 102:Drivers/CMSIS/Include/cmsis_gcc.h **** #ifndef   __UNALIGNED_UINT32_READ
 103:Drivers/CMSIS/Include/cmsis_gcc.h ****   #pragma GCC diagnostic push
 104:Drivers/CMSIS/Include/cmsis_gcc.h ****   #pragma GCC diagnostic ignored "-Wpacked"
 105:Drivers/CMSIS/Include/cmsis_gcc.h ****   #pragma GCC diagnostic ignored "-Wattributes"
 106:Drivers/CMSIS/Include/cmsis_gcc.h ****   __PACKED_STRUCT T_UINT32_READ { uint32_t v; };
 107:Drivers/CMSIS/Include/cmsis_gcc.h ****   #pragma GCC diagnostic pop
 108:Drivers/CMSIS/Include/cmsis_gcc.h ****   #define __UNALIGNED_UINT32_READ(addr)          (((const struct T_UINT32_READ *)(const void *)(add
 109:Drivers/CMSIS/Include/cmsis_gcc.h **** #endif
 110:Drivers/CMSIS/Include/cmsis_gcc.h **** #ifndef   __ALIGNED
 111:Drivers/CMSIS/Include/cmsis_gcc.h ****   #define __ALIGNED(x)                           __attribute__((aligned(x)))
 112:Drivers/CMSIS/Include/cmsis_gcc.h **** #endif
 113:Drivers/CMSIS/Include/cmsis_gcc.h **** #ifndef   __RESTRICT
 114:Drivers/CMSIS/Include/cmsis_gcc.h ****   #define __RESTRICT                             __restrict
 115:Drivers/CMSIS/Include/cmsis_gcc.h **** #endif
 116:Drivers/CMSIS/Include/cmsis_gcc.h **** #ifndef   __COMPILER_BARRIER
 117:Drivers/CMSIS/Include/cmsis_gcc.h ****   #define __COMPILER_BARRIER()                   __ASM volatile("":::"memory")
 118:Drivers/CMSIS/Include/cmsis_gcc.h **** #endif
 119:Drivers/CMSIS/Include/cmsis_gcc.h **** 
 120:Drivers/CMSIS/Include/cmsis_gcc.h **** /* #########################  Startup and Lowlevel Init  ######################## */
 121:Drivers/CMSIS/Include/cmsis_gcc.h **** 
 122:Drivers/CMSIS/Include/cmsis_gcc.h **** #ifndef __PROGRAM_START
 123:Drivers/CMSIS/Include/cmsis_gcc.h **** 
 124:Drivers/CMSIS/Include/cmsis_gcc.h **** /**
 125:Drivers/CMSIS/Include/cmsis_gcc.h ****   \brief   Initializes data and bss sections
 126:Drivers/CMSIS/Include/cmsis_gcc.h ****   \details This default implementations initialized all data and additional bss
 127:Drivers/CMSIS/Include/cmsis_gcc.h ****            sections relying on .copy.table and .zero.table specified properly
 128:Drivers/CMSIS/Include/cmsis_gcc.h ****            in the used linker script.
 129:Drivers/CMSIS/Include/cmsis_gcc.h **** 
 130:Drivers/CMSIS/Include/cmsis_gcc.h ****  */
 131:Drivers/CMSIS/Include/cmsis_gcc.h **** __STATIC_FORCEINLINE __NO_RETURN void __cmsis_start(void)
 132:Drivers/CMSIS/Include/cmsis_gcc.h **** {
 133:Drivers/CMSIS/Include/cmsis_gcc.h ****   extern void _start(void) __NO_RETURN;
 134:Drivers/CMSIS/Include/cmsis_gcc.h **** 
 135:Drivers/CMSIS/Include/cmsis_gcc.h ****   typedef struct {
 136:Drivers/CMSIS/Include/cmsis_gcc.h ****     uint32_t const* src;
 137:Drivers/CMSIS/Include/cmsis_gcc.h ****     uint32_t* dest;
 138:Drivers/CMSIS/Include/cmsis_gcc.h ****     uint32_t  wlen;
 139:Drivers/CMSIS/Include/cmsis_gcc.h ****   } __copy_table_t;
 140:Drivers/CMSIS/Include/cmsis_gcc.h **** 
 141:Drivers/CMSIS/Include/cmsis_gcc.h ****   typedef struct {
 142:Drivers/CMSIS/Include/cmsis_gcc.h ****     uint32_t* dest;
 143:Drivers/CMSIS/Include/cmsis_gcc.h ****     uint32_t  wlen;
 144:Drivers/CMSIS/Include/cmsis_gcc.h ****   } __zero_table_t;
 145:Drivers/CMSIS/Include/cmsis_gcc.h **** 
 146:Drivers/CMSIS/Include/cmsis_gcc.h ****   extern const __copy_table_t __copy_table_start__;
 147:Drivers/CMSIS/Include/cmsis_gcc.h ****   extern const __copy_table_t __copy_table_end__;
ARM GAS  C:\Users\guoch\AppData\Local\Temp\cc44Pyrd.s 			page 25


 148:Drivers/CMSIS/Include/cmsis_gcc.h ****   extern const __zero_table_t __zero_table_start__;
 149:Drivers/CMSIS/Include/cmsis_gcc.h ****   extern const __zero_table_t __zero_table_end__;
 150:Drivers/CMSIS/Include/cmsis_gcc.h **** 
 151:Drivers/CMSIS/Include/cmsis_gcc.h ****   for (__copy_table_t const* pTable = &__copy_table_start__; pTable < &__copy_table_end__; ++pTable
 152:Drivers/CMSIS/Include/cmsis_gcc.h ****     for(uint32_t i=0u; i<pTable->wlen; ++i) {
 153:Drivers/CMSIS/Include/cmsis_gcc.h ****       pTable->dest[i] = pTable->src[i];
 154:Drivers/CMSIS/Include/cmsis_gcc.h ****     }
 155:Drivers/CMSIS/Include/cmsis_gcc.h ****   }
 156:Drivers/CMSIS/Include/cmsis_gcc.h **** 
 157:Drivers/CMSIS/Include/cmsis_gcc.h ****   for (__zero_table_t const* pTable = &__zero_table_start__; pTable < &__zero_table_end__; ++pTable
 158:Drivers/CMSIS/Include/cmsis_gcc.h ****     for(uint32_t i=0u; i<pTable->wlen; ++i) {
 159:Drivers/CMSIS/Include/cmsis_gcc.h ****       pTable->dest[i] = 0u;
 160:Drivers/CMSIS/Include/cmsis_gcc.h ****     }
 161:Drivers/CMSIS/Include/cmsis_gcc.h ****   }
 162:Drivers/CMSIS/Include/cmsis_gcc.h **** 
 163:Drivers/CMSIS/Include/cmsis_gcc.h ****   _start();
 164:Drivers/CMSIS/Include/cmsis_gcc.h **** }
 165:Drivers/CMSIS/Include/cmsis_gcc.h **** 
 166:Drivers/CMSIS/Include/cmsis_gcc.h **** #define __PROGRAM_START           __cmsis_start
 167:Drivers/CMSIS/Include/cmsis_gcc.h **** #endif
 168:Drivers/CMSIS/Include/cmsis_gcc.h **** 
 169:Drivers/CMSIS/Include/cmsis_gcc.h **** #ifndef __INITIAL_SP
 170:Drivers/CMSIS/Include/cmsis_gcc.h **** #define __INITIAL_SP              __StackTop
 171:Drivers/CMSIS/Include/cmsis_gcc.h **** #endif
 172:Drivers/CMSIS/Include/cmsis_gcc.h **** 
 173:Drivers/CMSIS/Include/cmsis_gcc.h **** #ifndef __STACK_LIMIT
 174:Drivers/CMSIS/Include/cmsis_gcc.h **** #define __STACK_LIMIT             __StackLimit
 175:Drivers/CMSIS/Include/cmsis_gcc.h **** #endif
 176:Drivers/CMSIS/Include/cmsis_gcc.h **** 
 177:Drivers/CMSIS/Include/cmsis_gcc.h **** #ifndef __VECTOR_TABLE
 178:Drivers/CMSIS/Include/cmsis_gcc.h **** #define __VECTOR_TABLE            __Vectors
 179:Drivers/CMSIS/Include/cmsis_gcc.h **** #endif
 180:Drivers/CMSIS/Include/cmsis_gcc.h **** 
 181:Drivers/CMSIS/Include/cmsis_gcc.h **** #ifndef __VECTOR_TABLE_ATTRIBUTE
 182:Drivers/CMSIS/Include/cmsis_gcc.h **** #define __VECTOR_TABLE_ATTRIBUTE  __attribute__((used, section(".vectors")))
 183:Drivers/CMSIS/Include/cmsis_gcc.h **** #endif
 184:Drivers/CMSIS/Include/cmsis_gcc.h **** 
 185:Drivers/CMSIS/Include/cmsis_gcc.h **** #if defined (__ARM_FEATURE_CMSE) && (__ARM_FEATURE_CMSE == 3U)
 186:Drivers/CMSIS/Include/cmsis_gcc.h **** #ifndef __STACK_SEAL
 187:Drivers/CMSIS/Include/cmsis_gcc.h **** #define __STACK_SEAL              __StackSeal
 188:Drivers/CMSIS/Include/cmsis_gcc.h **** #endif
 189:Drivers/CMSIS/Include/cmsis_gcc.h **** 
 190:Drivers/CMSIS/Include/cmsis_gcc.h **** #ifndef __TZ_STACK_SEAL_SIZE
 191:Drivers/CMSIS/Include/cmsis_gcc.h **** #define __TZ_STACK_SEAL_SIZE      8U
 192:Drivers/CMSIS/Include/cmsis_gcc.h **** #endif
 193:Drivers/CMSIS/Include/cmsis_gcc.h **** 
 194:Drivers/CMSIS/Include/cmsis_gcc.h **** #ifndef __TZ_STACK_SEAL_VALUE
 195:Drivers/CMSIS/Include/cmsis_gcc.h **** #define __TZ_STACK_SEAL_VALUE     0xFEF5EDA5FEF5EDA5ULL
 196:Drivers/CMSIS/Include/cmsis_gcc.h **** #endif
 197:Drivers/CMSIS/Include/cmsis_gcc.h **** 
 198:Drivers/CMSIS/Include/cmsis_gcc.h **** 
 199:Drivers/CMSIS/Include/cmsis_gcc.h **** __STATIC_FORCEINLINE void __TZ_set_STACKSEAL_S (uint32_t* stackTop) {
 200:Drivers/CMSIS/Include/cmsis_gcc.h ****   *((uint64_t *)stackTop) = __TZ_STACK_SEAL_VALUE;
 201:Drivers/CMSIS/Include/cmsis_gcc.h **** }
 202:Drivers/CMSIS/Include/cmsis_gcc.h **** #endif
 203:Drivers/CMSIS/Include/cmsis_gcc.h **** 
 204:Drivers/CMSIS/Include/cmsis_gcc.h **** 
ARM GAS  C:\Users\guoch\AppData\Local\Temp\cc44Pyrd.s 			page 26


 205:Drivers/CMSIS/Include/cmsis_gcc.h **** /* ##########################  Core Instruction Access  ######################### */
 206:Drivers/CMSIS/Include/cmsis_gcc.h **** /** \defgroup CMSIS_Core_InstructionInterface CMSIS Core Instruction Interface
 207:Drivers/CMSIS/Include/cmsis_gcc.h ****   Access to dedicated instructions
 208:Drivers/CMSIS/Include/cmsis_gcc.h ****   @{
 209:Drivers/CMSIS/Include/cmsis_gcc.h **** */
 210:Drivers/CMSIS/Include/cmsis_gcc.h **** 
 211:Drivers/CMSIS/Include/cmsis_gcc.h **** /* Define macros for porting to both thumb1 and thumb2.
 212:Drivers/CMSIS/Include/cmsis_gcc.h ****  * For thumb1, use low register (r0-r7), specified by constraint "l"
 213:Drivers/CMSIS/Include/cmsis_gcc.h ****  * Otherwise, use general registers, specified by constraint "r" */
 214:Drivers/CMSIS/Include/cmsis_gcc.h **** #if defined (__thumb__) && !defined (__thumb2__)
 215:Drivers/CMSIS/Include/cmsis_gcc.h **** #define __CMSIS_GCC_OUT_REG(r) "=l" (r)
 216:Drivers/CMSIS/Include/cmsis_gcc.h **** #define __CMSIS_GCC_RW_REG(r) "+l" (r)
 217:Drivers/CMSIS/Include/cmsis_gcc.h **** #define __CMSIS_GCC_USE_REG(r) "l" (r)
 218:Drivers/CMSIS/Include/cmsis_gcc.h **** #else
 219:Drivers/CMSIS/Include/cmsis_gcc.h **** #define __CMSIS_GCC_OUT_REG(r) "=r" (r)
 220:Drivers/CMSIS/Include/cmsis_gcc.h **** #define __CMSIS_GCC_RW_REG(r) "+r" (r)
 221:Drivers/CMSIS/Include/cmsis_gcc.h **** #define __CMSIS_GCC_USE_REG(r) "r" (r)
 222:Drivers/CMSIS/Include/cmsis_gcc.h **** #endif
 223:Drivers/CMSIS/Include/cmsis_gcc.h **** 
 224:Drivers/CMSIS/Include/cmsis_gcc.h **** /**
 225:Drivers/CMSIS/Include/cmsis_gcc.h ****   \brief   No Operation
 226:Drivers/CMSIS/Include/cmsis_gcc.h ****   \details No Operation does nothing. This instruction can be used for code alignment purposes.
 227:Drivers/CMSIS/Include/cmsis_gcc.h ****  */
 228:Drivers/CMSIS/Include/cmsis_gcc.h **** #define __NOP()                             __ASM volatile ("nop")
 229:Drivers/CMSIS/Include/cmsis_gcc.h **** 
 230:Drivers/CMSIS/Include/cmsis_gcc.h **** /**
 231:Drivers/CMSIS/Include/cmsis_gcc.h ****   \brief   Wait For Interrupt
 232:Drivers/CMSIS/Include/cmsis_gcc.h ****   \details Wait For Interrupt is a hint instruction that suspends execution until one of a number o
 233:Drivers/CMSIS/Include/cmsis_gcc.h ****  */
 234:Drivers/CMSIS/Include/cmsis_gcc.h **** #define __WFI()                             __ASM volatile ("wfi":::"memory")
 235:Drivers/CMSIS/Include/cmsis_gcc.h **** 
 236:Drivers/CMSIS/Include/cmsis_gcc.h **** 
 237:Drivers/CMSIS/Include/cmsis_gcc.h **** /**
 238:Drivers/CMSIS/Include/cmsis_gcc.h ****   \brief   Wait For Event
 239:Drivers/CMSIS/Include/cmsis_gcc.h ****   \details Wait For Event is a hint instruction that permits the processor to enter
 240:Drivers/CMSIS/Include/cmsis_gcc.h ****            a low-power state until one of a number of events occurs.
 241:Drivers/CMSIS/Include/cmsis_gcc.h ****  */
 242:Drivers/CMSIS/Include/cmsis_gcc.h **** #define __WFE()                             __ASM volatile ("wfe":::"memory")
 243:Drivers/CMSIS/Include/cmsis_gcc.h **** 
 244:Drivers/CMSIS/Include/cmsis_gcc.h **** 
 245:Drivers/CMSIS/Include/cmsis_gcc.h **** /**
 246:Drivers/CMSIS/Include/cmsis_gcc.h ****   \brief   Send Event
 247:Drivers/CMSIS/Include/cmsis_gcc.h ****   \details Send Event is a hint instruction. It causes an event to be signaled to the CPU.
 248:Drivers/CMSIS/Include/cmsis_gcc.h ****  */
 249:Drivers/CMSIS/Include/cmsis_gcc.h **** #define __SEV()                             __ASM volatile ("sev")
 250:Drivers/CMSIS/Include/cmsis_gcc.h **** 
 251:Drivers/CMSIS/Include/cmsis_gcc.h **** 
 252:Drivers/CMSIS/Include/cmsis_gcc.h **** /**
 253:Drivers/CMSIS/Include/cmsis_gcc.h ****   \brief   Instruction Synchronization Barrier
 254:Drivers/CMSIS/Include/cmsis_gcc.h ****   \details Instruction Synchronization Barrier flushes the pipeline in the processor,
 255:Drivers/CMSIS/Include/cmsis_gcc.h ****            so that all instructions following the ISB are fetched from cache or memory,
 256:Drivers/CMSIS/Include/cmsis_gcc.h ****            after the instruction has been completed.
 257:Drivers/CMSIS/Include/cmsis_gcc.h ****  */
 258:Drivers/CMSIS/Include/cmsis_gcc.h **** __STATIC_FORCEINLINE void __ISB(void)
 416              		.loc 2 258 27 view .LVU89
 417              	.LBB5:
 259:Drivers/CMSIS/Include/cmsis_gcc.h **** {
ARM GAS  C:\Users\guoch\AppData\Local\Temp\cc44Pyrd.s 			page 27


 260:Drivers/CMSIS/Include/cmsis_gcc.h ****   __ASM volatile ("isb 0xF":::"memory");
 418              		.loc 2 260 3 view .LVU90
 419              		.syntax unified
 420              	@ 260 "Drivers/CMSIS/Include/cmsis_gcc.h" 1
 421 003c BFF36F8F 		isb 0xF
 422              	@ 0 "" 2
 423              		.thumb
 424              		.syntax unified
 425              	.LBE5:
 426              	.LBE4:
 622:Drivers/STM32F4xx_HAL_Driver/Src/stm32f4xx_hal_flash.c **** }
 427              		.loc 1 622 3 view .LVU91
 622:Drivers/STM32F4xx_HAL_Driver/Src/stm32f4xx_hal_flash.c **** }
 428              		.loc 1 622 35 is_stmt 0 view .LVU92
 429 0040 6560     		str	r5, [r4, #4]
 623:Drivers/STM32F4xx_HAL_Driver/Src/stm32f4xx_hal_flash.c **** 
 430              		.loc 1 623 1 view .LVU93
 431 0042 70BD     		pop	{r4, r5, r6, pc}
 432              	.LVL20:
 433              	.L30:
 607:Drivers/STM32F4xx_HAL_Driver/Src/stm32f4xx_hal_flash.c **** 
 434              		.loc 1 607 3 discriminator 2 view .LVU94
 435 0044 40F25F21 		movw	r1, #607
 436 0048 0248     		ldr	r0, .L31+4
 437              	.LVL21:
 607:Drivers/STM32F4xx_HAL_Driver/Src/stm32f4xx_hal_flash.c **** 
 438              		.loc 1 607 3 discriminator 2 view .LVU95
 439 004a FFF7FEFF 		bl	assert_failed
 440              	.LVL22:
 607:Drivers/STM32F4xx_HAL_Driver/Src/stm32f4xx_hal_flash.c **** 
 441              		.loc 1 607 3 discriminator 2 view .LVU96
 442 004e E7E7     		b	.L28
 443              	.L32:
 444              		.align	2
 445              	.L31:
 446 0050 003C0240 		.word	1073888256
 447 0054 00000000 		.word	.LC0
 448              		.cfi_endproc
 449              	.LFE146:
 451              		.section	.text.HAL_FLASH_Program_IT,"ax",%progbits
 452              		.align	1
 453              		.global	HAL_FLASH_Program_IT
 454              		.syntax unified
 455              		.thumb
 456              		.thumb_func
 458              	HAL_FLASH_Program_IT:
 459              	.LVL23:
 460              	.LFB135:
 213:Drivers/STM32F4xx_HAL_Driver/Src/stm32f4xx_hal_flash.c ****   HAL_StatusTypeDef status = HAL_OK;
 461              		.loc 1 213 1 is_stmt 1 view -0
 462              		.cfi_startproc
 463              		@ args = 0, pretend = 0, frame = 0
 464              		@ frame_needed = 0, uses_anonymous_args = 0
 213:Drivers/STM32F4xx_HAL_Driver/Src/stm32f4xx_hal_flash.c ****   HAL_StatusTypeDef status = HAL_OK;
 465              		.loc 1 213 1 is_stmt 0 view .LVU98
 466 0000 2DE9F041 		push	{r4, r5, r6, r7, r8, lr}
 467              	.LCFI4:
ARM GAS  C:\Users\guoch\AppData\Local\Temp\cc44Pyrd.s 			page 28


 468              		.cfi_def_cfa_offset 24
 469              		.cfi_offset 4, -24
 470              		.cfi_offset 5, -20
 471              		.cfi_offset 6, -16
 472              		.cfi_offset 7, -12
 473              		.cfi_offset 8, -8
 474              		.cfi_offset 14, -4
 475 0004 0446     		mov	r4, r0
 476 0006 0E46     		mov	r6, r1
 477 0008 1746     		mov	r7, r2
 478 000a 9846     		mov	r8, r3
 214:Drivers/STM32F4xx_HAL_Driver/Src/stm32f4xx_hal_flash.c **** 
 479              		.loc 1 214 3 is_stmt 1 view .LVU99
 480              	.LVL24:
 217:Drivers/STM32F4xx_HAL_Driver/Src/stm32f4xx_hal_flash.c **** 
 481              		.loc 1 217 3 view .LVU100
 482 000c 0328     		cmp	r0, #3
 483 000e 19D8     		bhi	.L40
 484              	.LVL25:
 485              	.L34:
 220:Drivers/STM32F4xx_HAL_Driver/Src/stm32f4xx_hal_flash.c **** 
 486              		.loc 1 220 3 view .LVU101
 487 0010 164D     		ldr	r5, .L44
 488 0012 2869     		ldr	r0, [r5, #16]
 489 0014 40F08070 		orr	r0, r0, #16777216
 490 0018 2861     		str	r0, [r5, #16]
 223:Drivers/STM32F4xx_HAL_Driver/Src/stm32f4xx_hal_flash.c **** 
 491              		.loc 1 223 3 view .LVU102
 492 001a 2869     		ldr	r0, [r5, #16]
 493 001c 40F00070 		orr	r0, r0, #33554432
 494 0020 2861     		str	r0, [r5, #16]
 225:Drivers/STM32F4xx_HAL_Driver/Src/stm32f4xx_hal_flash.c ****   pFlash.Address = Address;
 495              		.loc 1 225 3 view .LVU103
 225:Drivers/STM32F4xx_HAL_Driver/Src/stm32f4xx_hal_flash.c ****   pFlash.Address = Address;
 496              		.loc 1 225 27 is_stmt 0 view .LVU104
 497 0022 134B     		ldr	r3, .L44+4
 498 0024 0322     		movs	r2, #3
 499 0026 1A70     		strb	r2, [r3]
 226:Drivers/STM32F4xx_HAL_Driver/Src/stm32f4xx_hal_flash.c **** 
 500              		.loc 1 226 3 is_stmt 1 view .LVU105
 226:Drivers/STM32F4xx_HAL_Driver/Src/stm32f4xx_hal_flash.c **** 
 501              		.loc 1 226 18 is_stmt 0 view .LVU106
 502 0028 5E61     		str	r6, [r3, #20]
 228:Drivers/STM32F4xx_HAL_Driver/Src/stm32f4xx_hal_flash.c ****   {
 503              		.loc 1 228 3 is_stmt 1 view .LVU107
 228:Drivers/STM32F4xx_HAL_Driver/Src/stm32f4xx_hal_flash.c ****   {
 504              		.loc 1 228 6 is_stmt 0 view .LVU108
 505 002a 84B1     		cbz	r4, .L41
 233:Drivers/STM32F4xx_HAL_Driver/Src/stm32f4xx_hal_flash.c ****   {
 506              		.loc 1 233 8 is_stmt 1 view .LVU109
 233:Drivers/STM32F4xx_HAL_Driver/Src/stm32f4xx_hal_flash.c ****   {
 507              		.loc 1 233 11 is_stmt 0 view .LVU110
 508 002c 012C     		cmp	r4, #1
 509 002e 13D0     		beq	.L42
 238:Drivers/STM32F4xx_HAL_Driver/Src/stm32f4xx_hal_flash.c ****   {
 510              		.loc 1 238 8 is_stmt 1 view .LVU111
 238:Drivers/STM32F4xx_HAL_Driver/Src/stm32f4xx_hal_flash.c ****   {
ARM GAS  C:\Users\guoch\AppData\Local\Temp\cc44Pyrd.s 			page 29


 511              		.loc 1 238 11 is_stmt 0 view .LVU112
 512 0030 022C     		cmp	r4, #2
 513 0032 16D0     		beq	.L43
 246:Drivers/STM32F4xx_HAL_Driver/Src/stm32f4xx_hal_flash.c ****   }
 514              		.loc 1 246 5 is_stmt 1 view .LVU113
 515 0034 3A46     		mov	r2, r7
 516 0036 4346     		mov	r3, r8
 517 0038 3046     		mov	r0, r6
 518 003a FFF7FEFF 		bl	FLASH_Program_DoubleWord
 519              	.LVL26:
 520              	.L36:
 249:Drivers/STM32F4xx_HAL_Driver/Src/stm32f4xx_hal_flash.c **** }
 521              		.loc 1 249 3 view .LVU114
 250:Drivers/STM32F4xx_HAL_Driver/Src/stm32f4xx_hal_flash.c **** 
 522              		.loc 1 250 1 is_stmt 0 view .LVU115
 523 003e 0020     		movs	r0, #0
 524 0040 BDE8F081 		pop	{r4, r5, r6, r7, r8, pc}
 525              	.LVL27:
 526              	.L40:
 217:Drivers/STM32F4xx_HAL_Driver/Src/stm32f4xx_hal_flash.c **** 
 527              		.loc 1 217 3 discriminator 1 view .LVU116
 528 0044 D921     		movs	r1, #217
 529              	.LVL28:
 217:Drivers/STM32F4xx_HAL_Driver/Src/stm32f4xx_hal_flash.c **** 
 530              		.loc 1 217 3 discriminator 1 view .LVU117
 531 0046 0B48     		ldr	r0, .L44+8
 532              	.LVL29:
 217:Drivers/STM32F4xx_HAL_Driver/Src/stm32f4xx_hal_flash.c **** 
 533              		.loc 1 217 3 discriminator 1 view .LVU118
 534 0048 FFF7FEFF 		bl	assert_failed
 535              	.LVL30:
 217:Drivers/STM32F4xx_HAL_Driver/Src/stm32f4xx_hal_flash.c **** 
 536              		.loc 1 217 3 discriminator 1 view .LVU119
 537 004c E0E7     		b	.L34
 538              	.L41:
 231:Drivers/STM32F4xx_HAL_Driver/Src/stm32f4xx_hal_flash.c ****   }
 539              		.loc 1 231 5 is_stmt 1 view .LVU120
 540 004e F9B2     		uxtb	r1, r7
 541 0050 3046     		mov	r0, r6
 542 0052 FFF7FEFF 		bl	FLASH_Program_Byte
 543              	.LVL31:
 544 0056 F2E7     		b	.L36
 545              	.L42:
 236:Drivers/STM32F4xx_HAL_Driver/Src/stm32f4xx_hal_flash.c ****   }
 546              		.loc 1 236 5 view .LVU121
 547 0058 B9B2     		uxth	r1, r7
 548 005a 3046     		mov	r0, r6
 549 005c FFF7FEFF 		bl	FLASH_Program_HalfWord
 550              	.LVL32:
 551 0060 EDE7     		b	.L36
 552              	.L43:
 241:Drivers/STM32F4xx_HAL_Driver/Src/stm32f4xx_hal_flash.c ****   }
 553              		.loc 1 241 5 view .LVU122
 554 0062 3946     		mov	r1, r7
 555 0064 3046     		mov	r0, r6
 556 0066 FFF7FEFF 		bl	FLASH_Program_Word
 557              	.LVL33:
ARM GAS  C:\Users\guoch\AppData\Local\Temp\cc44Pyrd.s 			page 30


 558 006a E8E7     		b	.L36
 559              	.L45:
 560              		.align	2
 561              	.L44:
 562 006c 003C0240 		.word	1073888256
 563 0070 00000000 		.word	.LANCHOR0
 564 0074 00000000 		.word	.LC0
 565              		.cfi_endproc
 566              	.LFE135:
 568              		.section	.text.HAL_FLASH_EndOfOperationCallback,"ax",%progbits
 569              		.align	1
 570              		.weak	HAL_FLASH_EndOfOperationCallback
 571              		.syntax unified
 572              		.thumb
 573              		.thumb_func
 575              	HAL_FLASH_EndOfOperationCallback:
 576              	.LVL34:
 577              	.LFB137:
 377:Drivers/STM32F4xx_HAL_Driver/Src/stm32f4xx_hal_flash.c ****   /* Prevent unused argument(s) compilation warning */
 578              		.loc 1 377 1 view -0
 579              		.cfi_startproc
 580              		@ args = 0, pretend = 0, frame = 0
 581              		@ frame_needed = 0, uses_anonymous_args = 0
 582              		@ link register save eliminated.
 379:Drivers/STM32F4xx_HAL_Driver/Src/stm32f4xx_hal_flash.c ****   /* NOTE : This function Should not be modified, when the callback is needed,
 583              		.loc 1 379 3 view .LVU124
 383:Drivers/STM32F4xx_HAL_Driver/Src/stm32f4xx_hal_flash.c **** 
 584              		.loc 1 383 1 is_stmt 0 view .LVU125
 585 0000 7047     		bx	lr
 586              		.cfi_endproc
 587              	.LFE137:
 589              		.section	.text.HAL_FLASH_OperationErrorCallback,"ax",%progbits
 590              		.align	1
 591              		.weak	HAL_FLASH_OperationErrorCallback
 592              		.syntax unified
 593              		.thumb
 594              		.thumb_func
 596              	HAL_FLASH_OperationErrorCallback:
 597              	.LVL35:
 598              	.LFB138:
 394:Drivers/STM32F4xx_HAL_Driver/Src/stm32f4xx_hal_flash.c ****   /* Prevent unused argument(s) compilation warning */
 599              		.loc 1 394 1 is_stmt 1 view -0
 600              		.cfi_startproc
 601              		@ args = 0, pretend = 0, frame = 0
 602              		@ frame_needed = 0, uses_anonymous_args = 0
 603              		@ link register save eliminated.
 396:Drivers/STM32F4xx_HAL_Driver/Src/stm32f4xx_hal_flash.c ****   /* NOTE : This function Should not be modified, when the callback is needed,
 604              		.loc 1 396 3 view .LVU127
 400:Drivers/STM32F4xx_HAL_Driver/Src/stm32f4xx_hal_flash.c **** 
 605              		.loc 1 400 1 is_stmt 0 view .LVU128
 606 0000 7047     		bx	lr
 607              		.cfi_endproc
 608              	.LFE138:
 610              		.section	.text.HAL_FLASH_IRQHandler,"ax",%progbits
 611              		.align	1
 612              		.global	HAL_FLASH_IRQHandler
 613              		.syntax unified
ARM GAS  C:\Users\guoch\AppData\Local\Temp\cc44Pyrd.s 			page 31


 614              		.thumb
 615              		.thumb_func
 617              	HAL_FLASH_IRQHandler:
 618              	.LFB136:
 257:Drivers/STM32F4xx_HAL_Driver/Src/stm32f4xx_hal_flash.c ****   uint32_t addresstmp = 0U;
 619              		.loc 1 257 1 is_stmt 1 view -0
 620              		.cfi_startproc
 621              		@ args = 0, pretend = 0, frame = 0
 622              		@ frame_needed = 0, uses_anonymous_args = 0
 623 0000 10B5     		push	{r4, lr}
 624              	.LCFI5:
 625              		.cfi_def_cfa_offset 8
 626              		.cfi_offset 4, -8
 627              		.cfi_offset 14, -4
 258:Drivers/STM32F4xx_HAL_Driver/Src/stm32f4xx_hal_flash.c **** 
 628              		.loc 1 258 3 view .LVU130
 629              	.LVL36:
 265:Drivers/STM32F4xx_HAL_Driver/Src/stm32f4xx_hal_flash.c ****                             FLASH_FLAG_PGPERR | FLASH_FLAG_PGSERR)) != RESET)
 630              		.loc 1 265 3 view .LVU131
 265:Drivers/STM32F4xx_HAL_Driver/Src/stm32f4xx_hal_flash.c ****                             FLASH_FLAG_PGPERR | FLASH_FLAG_PGSERR)) != RESET)
 631              		.loc 1 265 7 is_stmt 0 view .LVU132
 632 0002 384B     		ldr	r3, .L64
 633 0004 DB68     		ldr	r3, [r3, #12]
 265:Drivers/STM32F4xx_HAL_Driver/Src/stm32f4xx_hal_flash.c ****                             FLASH_FLAG_PGPERR | FLASH_FLAG_PGSERR)) != RESET)
 634              		.loc 1 265 6 view .LVU133
 635 0006 13F0F20F 		tst	r3, #242
 636 000a 13D0     		beq	.L49
 269:Drivers/STM32F4xx_HAL_Driver/Src/stm32f4xx_hal_flash.c ****     {
 637              		.loc 1 269 5 is_stmt 1 view .LVU134
 269:Drivers/STM32F4xx_HAL_Driver/Src/stm32f4xx_hal_flash.c ****     {
 638              		.loc 1 269 15 is_stmt 0 view .LVU135
 639 000c 364B     		ldr	r3, .L64+4
 640 000e 1B78     		ldrb	r3, [r3]	@ zero_extendqisi2
 641 0010 DBB2     		uxtb	r3, r3
 269:Drivers/STM32F4xx_HAL_Driver/Src/stm32f4xx_hal_flash.c ****     {
 642              		.loc 1 269 8 view .LVU136
 643 0012 012B     		cmp	r3, #1
 644 0014 38D0     		beq	.L60
 275:Drivers/STM32F4xx_HAL_Driver/Src/stm32f4xx_hal_flash.c ****     {
 645              		.loc 1 275 10 is_stmt 1 view .LVU137
 275:Drivers/STM32F4xx_HAL_Driver/Src/stm32f4xx_hal_flash.c ****     {
 646              		.loc 1 275 20 is_stmt 0 view .LVU138
 647 0016 344B     		ldr	r3, .L64+4
 648 0018 1B78     		ldrb	r3, [r3]	@ zero_extendqisi2
 649 001a DBB2     		uxtb	r3, r3
 275:Drivers/STM32F4xx_HAL_Driver/Src/stm32f4xx_hal_flash.c ****     {
 650              		.loc 1 275 13 view .LVU139
 651 001c 022B     		cmp	r3, #2
 652 001e 39D0     		beq	.L61
 283:Drivers/STM32F4xx_HAL_Driver/Src/stm32f4xx_hal_flash.c ****     }
 653              		.loc 1 283 7 is_stmt 1 view .LVU140
 283:Drivers/STM32F4xx_HAL_Driver/Src/stm32f4xx_hal_flash.c ****     }
 654              		.loc 1 283 18 is_stmt 0 view .LVU141
 655 0020 314B     		ldr	r3, .L64+4
 656 0022 5C69     		ldr	r4, [r3, #20]
 657              	.LVL37:
 658              	.L51:
ARM GAS  C:\Users\guoch\AppData\Local\Temp\cc44Pyrd.s 			page 32


 287:Drivers/STM32F4xx_HAL_Driver/Src/stm32f4xx_hal_flash.c **** 
 659              		.loc 1 287 5 is_stmt 1 view .LVU142
 660 0024 FFF7FEFF 		bl	FLASH_SetErrorCode
 661              	.LVL38:
 290:Drivers/STM32F4xx_HAL_Driver/Src/stm32f4xx_hal_flash.c **** 
 662              		.loc 1 290 5 view .LVU143
 663 0028 2046     		mov	r0, r4
 664 002a FFF7FEFF 		bl	HAL_FLASH_OperationErrorCallback
 665              	.LVL39:
 293:Drivers/STM32F4xx_HAL_Driver/Src/stm32f4xx_hal_flash.c ****   }
 666              		.loc 1 293 5 view .LVU144
 293:Drivers/STM32F4xx_HAL_Driver/Src/stm32f4xx_hal_flash.c ****   }
 667              		.loc 1 293 29 is_stmt 0 view .LVU145
 668 002e 2E4B     		ldr	r3, .L64+4
 669 0030 0022     		movs	r2, #0
 670 0032 1A70     		strb	r2, [r3]
 671              	.LVL40:
 672              	.L49:
 297:Drivers/STM32F4xx_HAL_Driver/Src/stm32f4xx_hal_flash.c ****   {
 673              		.loc 1 297 3 is_stmt 1 view .LVU146
 297:Drivers/STM32F4xx_HAL_Driver/Src/stm32f4xx_hal_flash.c ****   {
 674              		.loc 1 297 7 is_stmt 0 view .LVU147
 675 0034 2B4B     		ldr	r3, .L64
 676 0036 DB68     		ldr	r3, [r3, #12]
 297:Drivers/STM32F4xx_HAL_Driver/Src/stm32f4xx_hal_flash.c ****   {
 677              		.loc 1 297 6 view .LVU148
 678 0038 13F0010F 		tst	r3, #1
 679 003c 13D0     		beq	.L53
 300:Drivers/STM32F4xx_HAL_Driver/Src/stm32f4xx_hal_flash.c **** 
 680              		.loc 1 300 5 is_stmt 1 view .LVU149
 681 003e 294B     		ldr	r3, .L64
 682 0040 0122     		movs	r2, #1
 683 0042 DA60     		str	r2, [r3, #12]
 302:Drivers/STM32F4xx_HAL_Driver/Src/stm32f4xx_hal_flash.c ****     {
 684              		.loc 1 302 5 view .LVU150
 302:Drivers/STM32F4xx_HAL_Driver/Src/stm32f4xx_hal_flash.c ****     {
 685              		.loc 1 302 15 is_stmt 0 view .LVU151
 686 0044 284B     		ldr	r3, .L64+4
 687 0046 1B78     		ldrb	r3, [r3]	@ zero_extendqisi2
 688 0048 DBB2     		uxtb	r3, r3
 302:Drivers/STM32F4xx_HAL_Driver/Src/stm32f4xx_hal_flash.c ****     {
 689              		.loc 1 302 8 view .LVU152
 690 004a 9342     		cmp	r3, r2
 691 004c 25D0     		beq	.L62
 335:Drivers/STM32F4xx_HAL_Driver/Src/stm32f4xx_hal_flash.c ****       {
 692              		.loc 1 335 7 is_stmt 1 view .LVU153
 335:Drivers/STM32F4xx_HAL_Driver/Src/stm32f4xx_hal_flash.c ****       {
 693              		.loc 1 335 17 is_stmt 0 view .LVU154
 694 004e 264B     		ldr	r3, .L64+4
 695 0050 1B78     		ldrb	r3, [r3]	@ zero_extendqisi2
 696 0052 DBB2     		uxtb	r3, r3
 335:Drivers/STM32F4xx_HAL_Driver/Src/stm32f4xx_hal_flash.c ****       {
 697              		.loc 1 335 10 view .LVU155
 698 0054 022B     		cmp	r3, #2
 699 0056 3ED0     		beq	.L63
 348:Drivers/STM32F4xx_HAL_Driver/Src/stm32f4xx_hal_flash.c ****       }
 700              		.loc 1 348 9 is_stmt 1 view .LVU156
ARM GAS  C:\Users\guoch\AppData\Local\Temp\cc44Pyrd.s 			page 33


 701 0058 234B     		ldr	r3, .L64+4
 702 005a 5869     		ldr	r0, [r3, #20]
 703 005c FFF7FEFF 		bl	HAL_FLASH_EndOfOperationCallback
 704              	.LVL41:
 705              	.L57:
 350:Drivers/STM32F4xx_HAL_Driver/Src/stm32f4xx_hal_flash.c ****     }
 706              		.loc 1 350 7 view .LVU157
 350:Drivers/STM32F4xx_HAL_Driver/Src/stm32f4xx_hal_flash.c ****     }
 707              		.loc 1 350 31 is_stmt 0 view .LVU158
 708 0060 214B     		ldr	r3, .L64+4
 709 0062 0022     		movs	r2, #0
 710 0064 1A70     		strb	r2, [r3]
 711              	.L53:
 354:Drivers/STM32F4xx_HAL_Driver/Src/stm32f4xx_hal_flash.c ****   {
 712              		.loc 1 354 3 is_stmt 1 view .LVU159
 354:Drivers/STM32F4xx_HAL_Driver/Src/stm32f4xx_hal_flash.c ****   {
 713              		.loc 1 354 13 is_stmt 0 view .LVU160
 714 0066 204B     		ldr	r3, .L64+4
 715 0068 1B78     		ldrb	r3, [r3]	@ zero_extendqisi2
 354:Drivers/STM32F4xx_HAL_Driver/Src/stm32f4xx_hal_flash.c ****   {
 716              		.loc 1 354 6 view .LVU161
 717 006a 63B9     		cbnz	r3, .L48
 357:Drivers/STM32F4xx_HAL_Driver/Src/stm32f4xx_hal_flash.c **** 
 718              		.loc 1 357 5 is_stmt 1 view .LVU162
 719 006c 1D4B     		ldr	r3, .L64
 720 006e 1A69     		ldr	r2, [r3, #16]
 721 0070 22F07F02 		bic	r2, r2, #127
 722 0074 1A61     		str	r2, [r3, #16]
 360:Drivers/STM32F4xx_HAL_Driver/Src/stm32f4xx_hal_flash.c **** 
 723              		.loc 1 360 5 view .LVU163
 724 0076 1A69     		ldr	r2, [r3, #16]
 725 0078 22F08072 		bic	r2, r2, #16777216
 726 007c 1A61     		str	r2, [r3, #16]
 363:Drivers/STM32F4xx_HAL_Driver/Src/stm32f4xx_hal_flash.c ****   }
 727              		.loc 1 363 5 view .LVU164
 728 007e 1A69     		ldr	r2, [r3, #16]
 729 0080 22F00072 		bic	r2, r2, #33554432
 730 0084 1A61     		str	r2, [r3, #16]
 731              	.L48:
 365:Drivers/STM32F4xx_HAL_Driver/Src/stm32f4xx_hal_flash.c **** 
 732              		.loc 1 365 1 is_stmt 0 view .LVU165
 733 0086 10BD     		pop	{r4, pc}
 734              	.LVL42:
 735              	.L60:
 272:Drivers/STM32F4xx_HAL_Driver/Src/stm32f4xx_hal_flash.c ****       pFlash.Sector = 0xFFFFFFFFU;
 736              		.loc 1 272 7 is_stmt 1 view .LVU166
 272:Drivers/STM32F4xx_HAL_Driver/Src/stm32f4xx_hal_flash.c ****       pFlash.Sector = 0xFFFFFFFFU;
 737              		.loc 1 272 18 is_stmt 0 view .LVU167
 738 0088 174B     		ldr	r3, .L64+4
 739 008a DC68     		ldr	r4, [r3, #12]
 740              	.LVL43:
 273:Drivers/STM32F4xx_HAL_Driver/Src/stm32f4xx_hal_flash.c ****     }
 741              		.loc 1 273 7 is_stmt 1 view .LVU168
 273:Drivers/STM32F4xx_HAL_Driver/Src/stm32f4xx_hal_flash.c ****     }
 742              		.loc 1 273 21 is_stmt 0 view .LVU169
 743 008c 4FF0FF32 		mov	r2, #-1
 744 0090 DA60     		str	r2, [r3, #12]
ARM GAS  C:\Users\guoch\AppData\Local\Temp\cc44Pyrd.s 			page 34


 745 0092 C7E7     		b	.L51
 746              	.LVL44:
 747              	.L61:
 278:Drivers/STM32F4xx_HAL_Driver/Src/stm32f4xx_hal_flash.c ****     }
 748              		.loc 1 278 7 is_stmt 1 view .LVU170
 278:Drivers/STM32F4xx_HAL_Driver/Src/stm32f4xx_hal_flash.c ****     }
 749              		.loc 1 278 18 is_stmt 0 view .LVU171
 750 0094 144B     		ldr	r3, .L64+4
 751 0096 1C69     		ldr	r4, [r3, #16]
 752              	.LVL45:
 278:Drivers/STM32F4xx_HAL_Driver/Src/stm32f4xx_hal_flash.c ****     }
 753              		.loc 1 278 18 view .LVU172
 754 0098 C4E7     		b	.L51
 755              	.LVL46:
 756              	.L62:
 305:Drivers/STM32F4xx_HAL_Driver/Src/stm32f4xx_hal_flash.c **** 
 757              		.loc 1 305 7 is_stmt 1 view .LVU173
 305:Drivers/STM32F4xx_HAL_Driver/Src/stm32f4xx_hal_flash.c **** 
 758              		.loc 1 305 13 is_stmt 0 view .LVU174
 759 009a 134B     		ldr	r3, .L64+4
 760 009c 5A68     		ldr	r2, [r3, #4]
 305:Drivers/STM32F4xx_HAL_Driver/Src/stm32f4xx_hal_flash.c **** 
 761              		.loc 1 305 30 view .LVU175
 762 009e 013A     		subs	r2, r2, #1
 763 00a0 5A60     		str	r2, [r3, #4]
 308:Drivers/STM32F4xx_HAL_Driver/Src/stm32f4xx_hal_flash.c ****       {
 764              		.loc 1 308 7 is_stmt 1 view .LVU176
 308:Drivers/STM32F4xx_HAL_Driver/Src/stm32f4xx_hal_flash.c ****       {
 765              		.loc 1 308 17 is_stmt 0 view .LVU177
 766 00a2 5B68     		ldr	r3, [r3, #4]
 308:Drivers/STM32F4xx_HAL_Driver/Src/stm32f4xx_hal_flash.c ****       {
 767              		.loc 1 308 10 view .LVU178
 768 00a4 5BB1     		cbz	r3, .L55
 310:Drivers/STM32F4xx_HAL_Driver/Src/stm32f4xx_hal_flash.c ****         /*Indicate user which sector has been erased*/
 769              		.loc 1 310 9 is_stmt 1 view .LVU179
 310:Drivers/STM32F4xx_HAL_Driver/Src/stm32f4xx_hal_flash.c ****         /*Indicate user which sector has been erased*/
 770              		.loc 1 310 20 is_stmt 0 view .LVU180
 771 00a6 104C     		ldr	r4, .L64+4
 772 00a8 E068     		ldr	r0, [r4, #12]
 773              	.LVL47:
 312:Drivers/STM32F4xx_HAL_Driver/Src/stm32f4xx_hal_flash.c **** 
 774              		.loc 1 312 9 is_stmt 1 view .LVU181
 775 00aa FFF7FEFF 		bl	HAL_FLASH_EndOfOperationCallback
 776              	.LVL48:
 315:Drivers/STM32F4xx_HAL_Driver/Src/stm32f4xx_hal_flash.c ****         addresstmp = pFlash.Sector;
 777              		.loc 1 315 9 view .LVU182
 315:Drivers/STM32F4xx_HAL_Driver/Src/stm32f4xx_hal_flash.c ****         addresstmp = pFlash.Sector;
 778              		.loc 1 315 15 is_stmt 0 view .LVU183
 779 00ae E368     		ldr	r3, [r4, #12]
 315:Drivers/STM32F4xx_HAL_Driver/Src/stm32f4xx_hal_flash.c ****         addresstmp = pFlash.Sector;
 780              		.loc 1 315 22 view .LVU184
 781 00b0 0133     		adds	r3, r3, #1
 782 00b2 E360     		str	r3, [r4, #12]
 316:Drivers/STM32F4xx_HAL_Driver/Src/stm32f4xx_hal_flash.c ****         FLASH_Erase_Sector(addresstmp, pFlash.VoltageForErase);
 783              		.loc 1 316 9 is_stmt 1 view .LVU185
 316:Drivers/STM32F4xx_HAL_Driver/Src/stm32f4xx_hal_flash.c ****         FLASH_Erase_Sector(addresstmp, pFlash.VoltageForErase);
 784              		.loc 1 316 20 is_stmt 0 view .LVU186
ARM GAS  C:\Users\guoch\AppData\Local\Temp\cc44Pyrd.s 			page 35


 785 00b4 E068     		ldr	r0, [r4, #12]
 786              	.LVL49:
 317:Drivers/STM32F4xx_HAL_Driver/Src/stm32f4xx_hal_flash.c ****       }
 787              		.loc 1 317 9 is_stmt 1 view .LVU187
 788 00b6 217A     		ldrb	r1, [r4, #8]	@ zero_extendqisi2
 789 00b8 FFF7FEFF 		bl	FLASH_Erase_Sector
 790              	.LVL50:
 317:Drivers/STM32F4xx_HAL_Driver/Src/stm32f4xx_hal_flash.c ****       }
 791              		.loc 1 317 9 is_stmt 0 view .LVU188
 792 00bc D3E7     		b	.L53
 793              	.L55:
 323:Drivers/STM32F4xx_HAL_Driver/Src/stm32f4xx_hal_flash.c ****         pFlash.ProcedureOnGoing = FLASH_PROC_NONE;
 794              		.loc 1 323 9 is_stmt 1 view .LVU189
 795              	.LVL51:
 323:Drivers/STM32F4xx_HAL_Driver/Src/stm32f4xx_hal_flash.c ****         pFlash.ProcedureOnGoing = FLASH_PROC_NONE;
 796              		.loc 1 323 23 is_stmt 0 view .LVU190
 797 00be 0A4B     		ldr	r3, .L64+4
 798 00c0 4FF0FF34 		mov	r4, #-1
 799 00c4 DC60     		str	r4, [r3, #12]
 324:Drivers/STM32F4xx_HAL_Driver/Src/stm32f4xx_hal_flash.c **** 
 800              		.loc 1 324 9 is_stmt 1 view .LVU191
 324:Drivers/STM32F4xx_HAL_Driver/Src/stm32f4xx_hal_flash.c **** 
 801              		.loc 1 324 33 is_stmt 0 view .LVU192
 802 00c6 0022     		movs	r2, #0
 803 00c8 1A70     		strb	r2, [r3]
 327:Drivers/STM32F4xx_HAL_Driver/Src/stm32f4xx_hal_flash.c **** 
 804              		.loc 1 327 9 is_stmt 1 view .LVU193
 805 00ca FFF7FEFF 		bl	FLASH_FlushCaches
 806              	.LVL52:
 330:Drivers/STM32F4xx_HAL_Driver/Src/stm32f4xx_hal_flash.c ****       }
 807              		.loc 1 330 9 view .LVU194
 808 00ce 2046     		mov	r0, r4
 809 00d0 FFF7FEFF 		bl	HAL_FLASH_EndOfOperationCallback
 810              	.LVL53:
 811 00d4 C7E7     		b	.L53
 812              	.LVL54:
 813              	.L63:
 339:Drivers/STM32F4xx_HAL_Driver/Src/stm32f4xx_hal_flash.c **** 
 814              		.loc 1 339 9 view .LVU195
 815 00d6 FFF7FEFF 		bl	FLASH_FlushCaches
 816              	.LVL55:
 342:Drivers/STM32F4xx_HAL_Driver/Src/stm32f4xx_hal_flash.c ****       }
 817              		.loc 1 342 9 view .LVU196
 818 00da 034B     		ldr	r3, .L64+4
 819 00dc 1869     		ldr	r0, [r3, #16]
 820 00de FFF7FEFF 		bl	HAL_FLASH_EndOfOperationCallback
 821              	.LVL56:
 822 00e2 BDE7     		b	.L57
 823              	.L65:
 824              		.align	2
 825              	.L64:
 826 00e4 003C0240 		.word	1073888256
 827 00e8 00000000 		.word	.LANCHOR0
 828              		.cfi_endproc
 829              	.LFE136:
 831              		.section	.text.HAL_FLASH_Unlock,"ax",%progbits
 832              		.align	1
ARM GAS  C:\Users\guoch\AppData\Local\Temp\cc44Pyrd.s 			page 36


 833              		.global	HAL_FLASH_Unlock
 834              		.syntax unified
 835              		.thumb
 836              		.thumb_func
 838              	HAL_FLASH_Unlock:
 839              	.LFB139:
 426:Drivers/STM32F4xx_HAL_Driver/Src/stm32f4xx_hal_flash.c ****   HAL_StatusTypeDef status = HAL_OK;
 840              		.loc 1 426 1 view -0
 841              		.cfi_startproc
 842              		@ args = 0, pretend = 0, frame = 0
 843              		@ frame_needed = 0, uses_anonymous_args = 0
 844              		@ link register save eliminated.
 427:Drivers/STM32F4xx_HAL_Driver/Src/stm32f4xx_hal_flash.c **** 
 845              		.loc 1 427 3 view .LVU198
 846              	.LVL57:
 429:Drivers/STM32F4xx_HAL_Driver/Src/stm32f4xx_hal_flash.c ****   {
 847              		.loc 1 429 3 view .LVU199
 429:Drivers/STM32F4xx_HAL_Driver/Src/stm32f4xx_hal_flash.c ****   {
 848              		.loc 1 429 7 is_stmt 0 view .LVU200
 849 0000 094B     		ldr	r3, .L71
 850 0002 1B69     		ldr	r3, [r3, #16]
 429:Drivers/STM32F4xx_HAL_Driver/Src/stm32f4xx_hal_flash.c ****   {
 851              		.loc 1 429 6 view .LVU201
 852 0004 002B     		cmp	r3, #0
 853 0006 01DB     		blt	.L70
 427:Drivers/STM32F4xx_HAL_Driver/Src/stm32f4xx_hal_flash.c **** 
 854              		.loc 1 427 21 view .LVU202
 855 0008 0020     		movs	r0, #0
 856 000a 7047     		bx	lr
 857              	.L70:
 432:Drivers/STM32F4xx_HAL_Driver/Src/stm32f4xx_hal_flash.c ****     WRITE_REG(FLASH->KEYR, FLASH_KEY2);
 858              		.loc 1 432 5 is_stmt 1 view .LVU203
 859 000c 064B     		ldr	r3, .L71
 860 000e 074A     		ldr	r2, .L71+4
 861 0010 5A60     		str	r2, [r3, #4]
 433:Drivers/STM32F4xx_HAL_Driver/Src/stm32f4xx_hal_flash.c **** 
 862              		.loc 1 433 5 view .LVU204
 863 0012 02F18832 		add	r2, r2, #-2004318072
 864 0016 5A60     		str	r2, [r3, #4]
 436:Drivers/STM32F4xx_HAL_Driver/Src/stm32f4xx_hal_flash.c ****     {
 865              		.loc 1 436 5 view .LVU205
 436:Drivers/STM32F4xx_HAL_Driver/Src/stm32f4xx_hal_flash.c ****     {
 866              		.loc 1 436 9 is_stmt 0 view .LVU206
 867 0018 1B69     		ldr	r3, [r3, #16]
 436:Drivers/STM32F4xx_HAL_Driver/Src/stm32f4xx_hal_flash.c ****     {
 868              		.loc 1 436 8 view .LVU207
 869 001a 002B     		cmp	r3, #0
 870 001c 01DB     		blt	.L69
 427:Drivers/STM32F4xx_HAL_Driver/Src/stm32f4xx_hal_flash.c **** 
 871              		.loc 1 427 21 view .LVU208
 872 001e 0020     		movs	r0, #0
 873 0020 7047     		bx	lr
 874              	.L69:
 438:Drivers/STM32F4xx_HAL_Driver/Src/stm32f4xx_hal_flash.c ****     }
 875              		.loc 1 438 14 view .LVU209
 876 0022 0120     		movs	r0, #1
 877              	.LVL58:
ARM GAS  C:\Users\guoch\AppData\Local\Temp\cc44Pyrd.s 			page 37


 442:Drivers/STM32F4xx_HAL_Driver/Src/stm32f4xx_hal_flash.c **** }
 878              		.loc 1 442 3 is_stmt 1 view .LVU210
 443:Drivers/STM32F4xx_HAL_Driver/Src/stm32f4xx_hal_flash.c **** 
 879              		.loc 1 443 1 is_stmt 0 view .LVU211
 880 0024 7047     		bx	lr
 881              	.L72:
 882 0026 00BF     		.align	2
 883              	.L71:
 884 0028 003C0240 		.word	1073888256
 885 002c 23016745 		.word	1164378403
 886              		.cfi_endproc
 887              	.LFE139:
 889              		.section	.text.HAL_FLASH_Lock,"ax",%progbits
 890              		.align	1
 891              		.global	HAL_FLASH_Lock
 892              		.syntax unified
 893              		.thumb
 894              		.thumb_func
 896              	HAL_FLASH_Lock:
 897              	.LFB140:
 450:Drivers/STM32F4xx_HAL_Driver/Src/stm32f4xx_hal_flash.c ****   /* Set the LOCK Bit to lock the FLASH Registers access */
 898              		.loc 1 450 1 is_stmt 1 view -0
 899              		.cfi_startproc
 900              		@ args = 0, pretend = 0, frame = 0
 901              		@ frame_needed = 0, uses_anonymous_args = 0
 902              		@ link register save eliminated.
 452:Drivers/STM32F4xx_HAL_Driver/Src/stm32f4xx_hal_flash.c **** 
 903              		.loc 1 452 3 view .LVU213
 452:Drivers/STM32F4xx_HAL_Driver/Src/stm32f4xx_hal_flash.c **** 
 904              		.loc 1 452 13 is_stmt 0 view .LVU214
 905 0000 034A     		ldr	r2, .L74
 906 0002 1369     		ldr	r3, [r2, #16]
 907 0004 43F00043 		orr	r3, r3, #-2147483648
 908 0008 1361     		str	r3, [r2, #16]
 454:Drivers/STM32F4xx_HAL_Driver/Src/stm32f4xx_hal_flash.c **** }
 909              		.loc 1 454 3 is_stmt 1 view .LVU215
 455:Drivers/STM32F4xx_HAL_Driver/Src/stm32f4xx_hal_flash.c **** 
 910              		.loc 1 455 1 is_stmt 0 view .LVU216
 911 000a 0020     		movs	r0, #0
 912 000c 7047     		bx	lr
 913              	.L75:
 914 000e 00BF     		.align	2
 915              	.L74:
 916 0010 003C0240 		.word	1073888256
 917              		.cfi_endproc
 918              	.LFE140:
 920              		.section	.text.HAL_FLASH_OB_Unlock,"ax",%progbits
 921              		.align	1
 922              		.global	HAL_FLASH_OB_Unlock
 923              		.syntax unified
 924              		.thumb
 925              		.thumb_func
 927              	HAL_FLASH_OB_Unlock:
 928              	.LFB141:
 462:Drivers/STM32F4xx_HAL_Driver/Src/stm32f4xx_hal_flash.c ****   if ((FLASH->OPTCR & FLASH_OPTCR_OPTLOCK) != RESET)
 929              		.loc 1 462 1 is_stmt 1 view -0
 930              		.cfi_startproc
ARM GAS  C:\Users\guoch\AppData\Local\Temp\cc44Pyrd.s 			page 38


 931              		@ args = 0, pretend = 0, frame = 0
 932              		@ frame_needed = 0, uses_anonymous_args = 0
 933              		@ link register save eliminated.
 463:Drivers/STM32F4xx_HAL_Driver/Src/stm32f4xx_hal_flash.c ****   {
 934              		.loc 1 463 3 view .LVU218
 463:Drivers/STM32F4xx_HAL_Driver/Src/stm32f4xx_hal_flash.c ****   {
 935              		.loc 1 463 13 is_stmt 0 view .LVU219
 936 0000 074B     		ldr	r3, .L79
 937 0002 5B69     		ldr	r3, [r3, #20]
 463:Drivers/STM32F4xx_HAL_Driver/Src/stm32f4xx_hal_flash.c ****   {
 938              		.loc 1 463 6 view .LVU220
 939 0004 13F0010F 		tst	r3, #1
 940 0008 07D0     		beq	.L78
 466:Drivers/STM32F4xx_HAL_Driver/Src/stm32f4xx_hal_flash.c ****     FLASH->OPTKEYR = FLASH_OPT_KEY2;
 941              		.loc 1 466 5 is_stmt 1 view .LVU221
 466:Drivers/STM32F4xx_HAL_Driver/Src/stm32f4xx_hal_flash.c ****     FLASH->OPTKEYR = FLASH_OPT_KEY2;
 942              		.loc 1 466 20 is_stmt 0 view .LVU222
 943 000a 054B     		ldr	r3, .L79
 944 000c 054A     		ldr	r2, .L79+4
 945 000e 9A60     		str	r2, [r3, #8]
 467:Drivers/STM32F4xx_HAL_Driver/Src/stm32f4xx_hal_flash.c ****   }
 946              		.loc 1 467 5 is_stmt 1 view .LVU223
 467:Drivers/STM32F4xx_HAL_Driver/Src/stm32f4xx_hal_flash.c ****   }
 947              		.loc 1 467 20 is_stmt 0 view .LVU224
 948 0010 02F14432 		add	r2, r2, #1145324612
 949 0014 9A60     		str	r2, [r3, #8]
 474:Drivers/STM32F4xx_HAL_Driver/Src/stm32f4xx_hal_flash.c **** }
 950              		.loc 1 474 3 is_stmt 1 view .LVU225
 474:Drivers/STM32F4xx_HAL_Driver/Src/stm32f4xx_hal_flash.c **** }
 951              		.loc 1 474 10 is_stmt 0 view .LVU226
 952 0016 0020     		movs	r0, #0
 953 0018 7047     		bx	lr
 954              	.L78:
 471:Drivers/STM32F4xx_HAL_Driver/Src/stm32f4xx_hal_flash.c ****   }
 955              		.loc 1 471 12 view .LVU227
 956 001a 0120     		movs	r0, #1
 475:Drivers/STM32F4xx_HAL_Driver/Src/stm32f4xx_hal_flash.c **** 
 957              		.loc 1 475 1 view .LVU228
 958 001c 7047     		bx	lr
 959              	.L80:
 960 001e 00BF     		.align	2
 961              	.L79:
 962 0020 003C0240 		.word	1073888256
 963 0024 3B2A1908 		.word	135866939
 964              		.cfi_endproc
 965              	.LFE141:
 967              		.section	.text.HAL_FLASH_OB_Lock,"ax",%progbits
 968              		.align	1
 969              		.global	HAL_FLASH_OB_Lock
 970              		.syntax unified
 971              		.thumb
 972              		.thumb_func
 974              	HAL_FLASH_OB_Lock:
 975              	.LFB142:
 482:Drivers/STM32F4xx_HAL_Driver/Src/stm32f4xx_hal_flash.c ****   /* Set the OPTLOCK Bit to lock the FLASH Option Byte Registers access */
 976              		.loc 1 482 1 is_stmt 1 view -0
 977              		.cfi_startproc
ARM GAS  C:\Users\guoch\AppData\Local\Temp\cc44Pyrd.s 			page 39


 978              		@ args = 0, pretend = 0, frame = 0
 979              		@ frame_needed = 0, uses_anonymous_args = 0
 980              		@ link register save eliminated.
 484:Drivers/STM32F4xx_HAL_Driver/Src/stm32f4xx_hal_flash.c **** 
 981              		.loc 1 484 3 view .LVU230
 484:Drivers/STM32F4xx_HAL_Driver/Src/stm32f4xx_hal_flash.c **** 
 982              		.loc 1 484 16 is_stmt 0 view .LVU231
 983 0000 034A     		ldr	r2, .L82
 984 0002 5369     		ldr	r3, [r2, #20]
 985 0004 43F00103 		orr	r3, r3, #1
 986 0008 5361     		str	r3, [r2, #20]
 486:Drivers/STM32F4xx_HAL_Driver/Src/stm32f4xx_hal_flash.c **** }
 987              		.loc 1 486 3 is_stmt 1 view .LVU232
 487:Drivers/STM32F4xx_HAL_Driver/Src/stm32f4xx_hal_flash.c **** 
 988              		.loc 1 487 1 is_stmt 0 view .LVU233
 989 000a 0020     		movs	r0, #0
 990 000c 7047     		bx	lr
 991              	.L83:
 992 000e 00BF     		.align	2
 993              	.L82:
 994 0010 003C0240 		.word	1073888256
 995              		.cfi_endproc
 996              	.LFE142:
 998              		.section	.text.HAL_FLASH_GetError,"ax",%progbits
 999              		.align	1
 1000              		.global	HAL_FLASH_GetError
 1001              		.syntax unified
 1002              		.thumb
 1003              		.thumb_func
 1005              	HAL_FLASH_GetError:
 1006              	.LFB144:
 531:Drivers/STM32F4xx_HAL_Driver/Src/stm32f4xx_hal_flash.c ****   return pFlash.ErrorCode;
 1007              		.loc 1 531 1 is_stmt 1 view -0
 1008              		.cfi_startproc
 1009              		@ args = 0, pretend = 0, frame = 0
 1010              		@ frame_needed = 0, uses_anonymous_args = 0
 1011              		@ link register save eliminated.
 532:Drivers/STM32F4xx_HAL_Driver/Src/stm32f4xx_hal_flash.c **** }
 1012              		.loc 1 532 3 view .LVU235
 532:Drivers/STM32F4xx_HAL_Driver/Src/stm32f4xx_hal_flash.c **** }
 1013              		.loc 1 532 16 is_stmt 0 view .LVU236
 1014 0000 014B     		ldr	r3, .L85
 1015 0002 D869     		ldr	r0, [r3, #28]
 533:Drivers/STM32F4xx_HAL_Driver/Src/stm32f4xx_hal_flash.c **** 
 1016              		.loc 1 533 1 view .LVU237
 1017 0004 7047     		bx	lr
 1018              	.L86:
 1019 0006 00BF     		.align	2
 1020              	.L85:
 1021 0008 00000000 		.word	.LANCHOR0
 1022              		.cfi_endproc
 1023              	.LFE144:
 1025              		.section	.text.FLASH_WaitForLastOperation,"ax",%progbits
 1026              		.align	1
 1027              		.global	FLASH_WaitForLastOperation
 1028              		.syntax unified
 1029              		.thumb
ARM GAS  C:\Users\guoch\AppData\Local\Temp\cc44Pyrd.s 			page 40


 1030              		.thumb_func
 1032              	FLASH_WaitForLastOperation:
 1033              	.LVL59:
 1034              	.LFB145:
 545:Drivers/STM32F4xx_HAL_Driver/Src/stm32f4xx_hal_flash.c ****   uint32_t tickstart = 0U;
 1035              		.loc 1 545 1 is_stmt 1 view -0
 1036              		.cfi_startproc
 1037              		@ args = 0, pretend = 0, frame = 0
 1038              		@ frame_needed = 0, uses_anonymous_args = 0
 545:Drivers/STM32F4xx_HAL_Driver/Src/stm32f4xx_hal_flash.c ****   uint32_t tickstart = 0U;
 1039              		.loc 1 545 1 is_stmt 0 view .LVU239
 1040 0000 38B5     		push	{r3, r4, r5, lr}
 1041              	.LCFI6:
 1042              		.cfi_def_cfa_offset 16
 1043              		.cfi_offset 3, -16
 1044              		.cfi_offset 4, -12
 1045              		.cfi_offset 5, -8
 1046              		.cfi_offset 14, -4
 1047 0002 0446     		mov	r4, r0
 546:Drivers/STM32F4xx_HAL_Driver/Src/stm32f4xx_hal_flash.c **** 
 1048              		.loc 1 546 3 is_stmt 1 view .LVU240
 1049              	.LVL60:
 549:Drivers/STM32F4xx_HAL_Driver/Src/stm32f4xx_hal_flash.c **** 
 1050              		.loc 1 549 3 view .LVU241
 549:Drivers/STM32F4xx_HAL_Driver/Src/stm32f4xx_hal_flash.c **** 
 1051              		.loc 1 549 20 is_stmt 0 view .LVU242
 1052 0004 144B     		ldr	r3, .L98
 1053 0006 0022     		movs	r2, #0
 1054 0008 DA61     		str	r2, [r3, #28]
 555:Drivers/STM32F4xx_HAL_Driver/Src/stm32f4xx_hal_flash.c **** 
 1055              		.loc 1 555 3 is_stmt 1 view .LVU243
 555:Drivers/STM32F4xx_HAL_Driver/Src/stm32f4xx_hal_flash.c **** 
 1056              		.loc 1 555 15 is_stmt 0 view .LVU244
 1057 000a FFF7FEFF 		bl	HAL_GetTick
 1058              	.LVL61:
 555:Drivers/STM32F4xx_HAL_Driver/Src/stm32f4xx_hal_flash.c **** 
 1059              		.loc 1 555 15 view .LVU245
 1060 000e 0546     		mov	r5, r0
 1061              	.LVL62:
 557:Drivers/STM32F4xx_HAL_Driver/Src/stm32f4xx_hal_flash.c ****   {
 1062              		.loc 1 557 3 is_stmt 1 view .LVU246
 1063              	.L89:
 557:Drivers/STM32F4xx_HAL_Driver/Src/stm32f4xx_hal_flash.c ****   {
 1064              		.loc 1 557 9 view .LVU247
 557:Drivers/STM32F4xx_HAL_Driver/Src/stm32f4xx_hal_flash.c ****   {
 1065              		.loc 1 557 10 is_stmt 0 view .LVU248
 1066 0010 124B     		ldr	r3, .L98+4
 1067 0012 DB68     		ldr	r3, [r3, #12]
 557:Drivers/STM32F4xx_HAL_Driver/Src/stm32f4xx_hal_flash.c ****   {
 1068              		.loc 1 557 9 view .LVU249
 1069 0014 13F4803F 		tst	r3, #65536
 1070 0018 0AD0     		beq	.L96
 559:Drivers/STM32F4xx_HAL_Driver/Src/stm32f4xx_hal_flash.c ****     {
 1071              		.loc 1 559 5 is_stmt 1 view .LVU250
 559:Drivers/STM32F4xx_HAL_Driver/Src/stm32f4xx_hal_flash.c ****     {
 1072              		.loc 1 559 8 is_stmt 0 view .LVU251
 1073 001a B4F1FF3F 		cmp	r4, #-1
ARM GAS  C:\Users\guoch\AppData\Local\Temp\cc44Pyrd.s 			page 41


 1074 001e F7D0     		beq	.L89
 561:Drivers/STM32F4xx_HAL_Driver/Src/stm32f4xx_hal_flash.c ****       {
 1075              		.loc 1 561 7 is_stmt 1 view .LVU252
 561:Drivers/STM32F4xx_HAL_Driver/Src/stm32f4xx_hal_flash.c ****       {
 1076              		.loc 1 561 10 is_stmt 0 view .LVU253
 1077 0020 24B1     		cbz	r4, .L90
 561:Drivers/STM32F4xx_HAL_Driver/Src/stm32f4xx_hal_flash.c ****       {
 1078              		.loc 1 561 32 discriminator 1 view .LVU254
 1079 0022 FFF7FEFF 		bl	HAL_GetTick
 1080              	.LVL63:
 561:Drivers/STM32F4xx_HAL_Driver/Src/stm32f4xx_hal_flash.c ****       {
 1081              		.loc 1 561 46 discriminator 1 view .LVU255
 1082 0026 401B     		subs	r0, r0, r5
 561:Drivers/STM32F4xx_HAL_Driver/Src/stm32f4xx_hal_flash.c ****       {
 1083              		.loc 1 561 27 discriminator 1 view .LVU256
 1084 0028 A042     		cmp	r0, r4
 1085 002a F1D9     		bls	.L89
 1086              	.L90:
 563:Drivers/STM32F4xx_HAL_Driver/Src/stm32f4xx_hal_flash.c ****       }
 1087              		.loc 1 563 9 is_stmt 1 view .LVU257
 563:Drivers/STM32F4xx_HAL_Driver/Src/stm32f4xx_hal_flash.c ****       }
 1088              		.loc 1 563 16 is_stmt 0 view .LVU258
 1089 002c 0320     		movs	r0, #3
 1090 002e 0DE0     		b	.L91
 1091              	.L96:
 569:Drivers/STM32F4xx_HAL_Driver/Src/stm32f4xx_hal_flash.c ****   {
 1092              		.loc 1 569 3 is_stmt 1 view .LVU259
 569:Drivers/STM32F4xx_HAL_Driver/Src/stm32f4xx_hal_flash.c ****   {
 1093              		.loc 1 569 7 is_stmt 0 view .LVU260
 1094 0030 0A4B     		ldr	r3, .L98+4
 1095 0032 DB68     		ldr	r3, [r3, #12]
 569:Drivers/STM32F4xx_HAL_Driver/Src/stm32f4xx_hal_flash.c ****   {
 1096              		.loc 1 569 6 view .LVU261
 1097 0034 13F0010F 		tst	r3, #1
 1098 0038 02D0     		beq	.L93
 572:Drivers/STM32F4xx_HAL_Driver/Src/stm32f4xx_hal_flash.c ****   }
 1099              		.loc 1 572 5 is_stmt 1 view .LVU262
 1100 003a 084B     		ldr	r3, .L98+4
 1101 003c 0122     		movs	r2, #1
 1102 003e DA60     		str	r2, [r3, #12]
 1103              	.L93:
 578:Drivers/STM32F4xx_HAL_Driver/Src/stm32f4xx_hal_flash.c ****                             FLASH_FLAG_PGPERR | FLASH_FLAG_PGSERR)) != RESET)
 1104              		.loc 1 578 3 view .LVU263
 578:Drivers/STM32F4xx_HAL_Driver/Src/stm32f4xx_hal_flash.c ****                             FLASH_FLAG_PGPERR | FLASH_FLAG_PGSERR)) != RESET)
 1105              		.loc 1 578 7 is_stmt 0 view .LVU264
 1106 0040 064B     		ldr	r3, .L98+4
 1107 0042 DB68     		ldr	r3, [r3, #12]
 578:Drivers/STM32F4xx_HAL_Driver/Src/stm32f4xx_hal_flash.c ****                             FLASH_FLAG_PGPERR | FLASH_FLAG_PGSERR)) != RESET)
 1108              		.loc 1 578 6 view .LVU265
 1109 0044 13F0F20F 		tst	r3, #242
 1110 0048 01D1     		bne	.L97
 588:Drivers/STM32F4xx_HAL_Driver/Src/stm32f4xx_hal_flash.c **** 
 1111              		.loc 1 588 10 view .LVU266
 1112 004a 0020     		movs	r0, #0
 1113              	.L91:
 590:Drivers/STM32F4xx_HAL_Driver/Src/stm32f4xx_hal_flash.c **** 
 1114              		.loc 1 590 1 view .LVU267
ARM GAS  C:\Users\guoch\AppData\Local\Temp\cc44Pyrd.s 			page 42


 1115 004c 38BD     		pop	{r3, r4, r5, pc}
 1116              	.LVL64:
 1117              	.L97:
 583:Drivers/STM32F4xx_HAL_Driver/Src/stm32f4xx_hal_flash.c ****     return HAL_ERROR;
 1118              		.loc 1 583 5 is_stmt 1 view .LVU268
 1119 004e FFF7FEFF 		bl	FLASH_SetErrorCode
 1120              	.LVL65:
 584:Drivers/STM32F4xx_HAL_Driver/Src/stm32f4xx_hal_flash.c ****   }
 1121              		.loc 1 584 5 view .LVU269
 584:Drivers/STM32F4xx_HAL_Driver/Src/stm32f4xx_hal_flash.c ****   }
 1122              		.loc 1 584 12 is_stmt 0 view .LVU270
 1123 0052 0120     		movs	r0, #1
 1124 0054 FAE7     		b	.L91
 1125              	.L99:
 1126 0056 00BF     		.align	2
 1127              	.L98:
 1128 0058 00000000 		.word	.LANCHOR0
 1129 005c 003C0240 		.word	1073888256
 1130              		.cfi_endproc
 1131              	.LFE145:
 1133              		.section	.text.HAL_FLASH_Program,"ax",%progbits
 1134              		.align	1
 1135              		.global	HAL_FLASH_Program
 1136              		.syntax unified
 1137              		.thumb
 1138              		.thumb_func
 1140              	HAL_FLASH_Program:
 1141              	.LVL66:
 1142              	.LFB134:
 155:Drivers/STM32F4xx_HAL_Driver/Src/stm32f4xx_hal_flash.c ****   HAL_StatusTypeDef status;
 1143              		.loc 1 155 1 is_stmt 1 view -0
 1144              		.cfi_startproc
 1145              		@ args = 0, pretend = 0, frame = 0
 1146              		@ frame_needed = 0, uses_anonymous_args = 0
 155:Drivers/STM32F4xx_HAL_Driver/Src/stm32f4xx_hal_flash.c ****   HAL_StatusTypeDef status;
 1147              		.loc 1 155 1 is_stmt 0 view .LVU272
 1148 0000 F8B5     		push	{r3, r4, r5, r6, r7, lr}
 1149              	.LCFI7:
 1150              		.cfi_def_cfa_offset 24
 1151              		.cfi_offset 3, -24
 1152              		.cfi_offset 4, -20
 1153              		.cfi_offset 5, -16
 1154              		.cfi_offset 6, -12
 1155              		.cfi_offset 7, -8
 1156              		.cfi_offset 14, -4
 1157 0002 1646     		mov	r6, r2
 156:Drivers/STM32F4xx_HAL_Driver/Src/stm32f4xx_hal_flash.c **** 
 1158              		.loc 1 156 3 is_stmt 1 view .LVU273
 159:Drivers/STM32F4xx_HAL_Driver/Src/stm32f4xx_hal_flash.c **** 
 1159              		.loc 1 159 3 view .LVU274
 159:Drivers/STM32F4xx_HAL_Driver/Src/stm32f4xx_hal_flash.c **** 
 1160              		.loc 1 159 3 view .LVU275
 1161 0004 1E4A     		ldr	r2, .L114
 1162              	.LVL67:
 159:Drivers/STM32F4xx_HAL_Driver/Src/stm32f4xx_hal_flash.c **** 
 1163              		.loc 1 159 3 is_stmt 0 view .LVU276
 1164 0006 127E     		ldrb	r2, [r2, #24]	@ zero_extendqisi2
ARM GAS  C:\Users\guoch\AppData\Local\Temp\cc44Pyrd.s 			page 43


 1165 0008 012A     		cmp	r2, #1
 1166 000a 37D0     		beq	.L108
 1167 000c 0446     		mov	r4, r0
 1168 000e 0D46     		mov	r5, r1
 1169 0010 1F46     		mov	r7, r3
 159:Drivers/STM32F4xx_HAL_Driver/Src/stm32f4xx_hal_flash.c **** 
 1170              		.loc 1 159 3 is_stmt 1 discriminator 2 view .LVU277
 1171 0012 1B4B     		ldr	r3, .L114
 1172 0014 0122     		movs	r2, #1
 1173 0016 1A76     		strb	r2, [r3, #24]
 159:Drivers/STM32F4xx_HAL_Driver/Src/stm32f4xx_hal_flash.c **** 
 1174              		.loc 1 159 3 discriminator 2 view .LVU278
 162:Drivers/STM32F4xx_HAL_Driver/Src/stm32f4xx_hal_flash.c **** 
 1175              		.loc 1 162 3 discriminator 2 view .LVU279
 1176 0018 0328     		cmp	r0, #3
 1177 001a 1BD8     		bhi	.L110
 1178              	.LVL68:
 1179              	.L102:
 165:Drivers/STM32F4xx_HAL_Driver/Src/stm32f4xx_hal_flash.c **** 
 1180              		.loc 1 165 3 view .LVU280
 165:Drivers/STM32F4xx_HAL_Driver/Src/stm32f4xx_hal_flash.c **** 
 1181              		.loc 1 165 12 is_stmt 0 view .LVU281
 1182 001c 4CF25030 		movw	r0, #50000
 1183 0020 FFF7FEFF 		bl	FLASH_WaitForLastOperation
 1184              	.LVL69:
 167:Drivers/STM32F4xx_HAL_Driver/Src/stm32f4xx_hal_flash.c ****   {
 1185              		.loc 1 167 3 is_stmt 1 view .LVU282
 167:Drivers/STM32F4xx_HAL_Driver/Src/stm32f4xx_hal_flash.c ****   {
 1186              		.loc 1 167 6 is_stmt 0 view .LVU283
 1187 0024 90B9     		cbnz	r0, .L103
 169:Drivers/STM32F4xx_HAL_Driver/Src/stm32f4xx_hal_flash.c ****     {
 1188              		.loc 1 169 5 is_stmt 1 view .LVU284
 169:Drivers/STM32F4xx_HAL_Driver/Src/stm32f4xx_hal_flash.c ****     {
 1189              		.loc 1 169 8 is_stmt 0 view .LVU285
 1190 0026 D4B1     		cbz	r4, .L111
 174:Drivers/STM32F4xx_HAL_Driver/Src/stm32f4xx_hal_flash.c ****     {
 1191              		.loc 1 174 10 is_stmt 1 view .LVU286
 174:Drivers/STM32F4xx_HAL_Driver/Src/stm32f4xx_hal_flash.c ****     {
 1192              		.loc 1 174 13 is_stmt 0 view .LVU287
 1193 0028 012C     		cmp	r4, #1
 1194 002a 1DD0     		beq	.L112
 179:Drivers/STM32F4xx_HAL_Driver/Src/stm32f4xx_hal_flash.c ****     {
 1195              		.loc 1 179 10 is_stmt 1 view .LVU288
 179:Drivers/STM32F4xx_HAL_Driver/Src/stm32f4xx_hal_flash.c ****     {
 1196              		.loc 1 179 13 is_stmt 0 view .LVU289
 1197 002c 022C     		cmp	r4, #2
 1198 002e 20D0     		beq	.L113
 187:Drivers/STM32F4xx_HAL_Driver/Src/stm32f4xx_hal_flash.c ****     }
 1199              		.loc 1 187 7 is_stmt 1 view .LVU290
 1200 0030 3246     		mov	r2, r6
 1201 0032 3B46     		mov	r3, r7
 1202 0034 2846     		mov	r0, r5
 1203              	.LVL70:
 187:Drivers/STM32F4xx_HAL_Driver/Src/stm32f4xx_hal_flash.c ****     }
 1204              		.loc 1 187 7 is_stmt 0 view .LVU291
 1205 0036 FFF7FEFF 		bl	FLASH_Program_DoubleWord
 1206              	.LVL71:
ARM GAS  C:\Users\guoch\AppData\Local\Temp\cc44Pyrd.s 			page 44


 1207              	.L105:
 191:Drivers/STM32F4xx_HAL_Driver/Src/stm32f4xx_hal_flash.c **** 
 1208              		.loc 1 191 5 is_stmt 1 view .LVU292
 191:Drivers/STM32F4xx_HAL_Driver/Src/stm32f4xx_hal_flash.c **** 
 1209              		.loc 1 191 14 is_stmt 0 view .LVU293
 1210 003a 4CF25030 		movw	r0, #50000
 1211 003e FFF7FEFF 		bl	FLASH_WaitForLastOperation
 1212              	.LVL72:
 194:Drivers/STM32F4xx_HAL_Driver/Src/stm32f4xx_hal_flash.c ****   }
 1213              		.loc 1 194 5 is_stmt 1 view .LVU294
 194:Drivers/STM32F4xx_HAL_Driver/Src/stm32f4xx_hal_flash.c ****   }
 1214              		.loc 1 194 15 is_stmt 0 view .LVU295
 1215 0042 104A     		ldr	r2, .L114+4
 1216 0044 1369     		ldr	r3, [r2, #16]
 1217 0046 23F00103 		bic	r3, r3, #1
 1218 004a 1361     		str	r3, [r2, #16]
 1219              	.L103:
 198:Drivers/STM32F4xx_HAL_Driver/Src/stm32f4xx_hal_flash.c **** 
 1220              		.loc 1 198 3 is_stmt 1 view .LVU296
 198:Drivers/STM32F4xx_HAL_Driver/Src/stm32f4xx_hal_flash.c **** 
 1221              		.loc 1 198 3 view .LVU297
 1222 004c 0C4B     		ldr	r3, .L114
 1223 004e 0022     		movs	r2, #0
 1224 0050 1A76     		strb	r2, [r3, #24]
 198:Drivers/STM32F4xx_HAL_Driver/Src/stm32f4xx_hal_flash.c **** 
 1225              		.loc 1 198 3 view .LVU298
 200:Drivers/STM32F4xx_HAL_Driver/Src/stm32f4xx_hal_flash.c **** }
 1226              		.loc 1 200 3 view .LVU299
 1227              	.LVL73:
 1228              	.L101:
 201:Drivers/STM32F4xx_HAL_Driver/Src/stm32f4xx_hal_flash.c **** 
 1229              		.loc 1 201 1 is_stmt 0 view .LVU300
 1230 0052 F8BD     		pop	{r3, r4, r5, r6, r7, pc}
 1231              	.LVL74:
 1232              	.L110:
 162:Drivers/STM32F4xx_HAL_Driver/Src/stm32f4xx_hal_flash.c **** 
 1233              		.loc 1 162 3 discriminator 1 view .LVU301
 1234 0054 A221     		movs	r1, #162
 1235              	.LVL75:
 162:Drivers/STM32F4xx_HAL_Driver/Src/stm32f4xx_hal_flash.c **** 
 1236              		.loc 1 162 3 discriminator 1 view .LVU302
 1237 0056 0C48     		ldr	r0, .L114+8
 1238              	.LVL76:
 162:Drivers/STM32F4xx_HAL_Driver/Src/stm32f4xx_hal_flash.c **** 
 1239              		.loc 1 162 3 discriminator 1 view .LVU303
 1240 0058 FFF7FEFF 		bl	assert_failed
 1241              	.LVL77:
 1242 005c DEE7     		b	.L102
 1243              	.LVL78:
 1244              	.L111:
 172:Drivers/STM32F4xx_HAL_Driver/Src/stm32f4xx_hal_flash.c ****     }
 1245              		.loc 1 172 7 is_stmt 1 view .LVU304
 1246 005e F1B2     		uxtb	r1, r6
 1247 0060 2846     		mov	r0, r5
 1248              	.LVL79:
 172:Drivers/STM32F4xx_HAL_Driver/Src/stm32f4xx_hal_flash.c ****     }
 1249              		.loc 1 172 7 is_stmt 0 view .LVU305
ARM GAS  C:\Users\guoch\AppData\Local\Temp\cc44Pyrd.s 			page 45


 1250 0062 FFF7FEFF 		bl	FLASH_Program_Byte
 1251              	.LVL80:
 1252 0066 E8E7     		b	.L105
 1253              	.LVL81:
 1254              	.L112:
 177:Drivers/STM32F4xx_HAL_Driver/Src/stm32f4xx_hal_flash.c ****     }
 1255              		.loc 1 177 7 is_stmt 1 view .LVU306
 1256 0068 B1B2     		uxth	r1, r6
 1257 006a 2846     		mov	r0, r5
 1258              	.LVL82:
 177:Drivers/STM32F4xx_HAL_Driver/Src/stm32f4xx_hal_flash.c ****     }
 1259              		.loc 1 177 7 is_stmt 0 view .LVU307
 1260 006c FFF7FEFF 		bl	FLASH_Program_HalfWord
 1261              	.LVL83:
 1262 0070 E3E7     		b	.L105
 1263              	.LVL84:
 1264              	.L113:
 182:Drivers/STM32F4xx_HAL_Driver/Src/stm32f4xx_hal_flash.c ****     }
 1265              		.loc 1 182 7 is_stmt 1 view .LVU308
 1266 0072 3146     		mov	r1, r6
 1267 0074 2846     		mov	r0, r5
 1268              	.LVL85:
 182:Drivers/STM32F4xx_HAL_Driver/Src/stm32f4xx_hal_flash.c ****     }
 1269              		.loc 1 182 7 is_stmt 0 view .LVU309
 1270 0076 FFF7FEFF 		bl	FLASH_Program_Word
 1271              	.LVL86:
 1272 007a DEE7     		b	.L105
 1273              	.LVL87:
 1274              	.L108:
 159:Drivers/STM32F4xx_HAL_Driver/Src/stm32f4xx_hal_flash.c **** 
 1275              		.loc 1 159 3 view .LVU310
 1276 007c 0220     		movs	r0, #2
 1277              	.LVL88:
 159:Drivers/STM32F4xx_HAL_Driver/Src/stm32f4xx_hal_flash.c **** 
 1278              		.loc 1 159 3 view .LVU311
 1279 007e E8E7     		b	.L101
 1280              	.L115:
 1281              		.align	2
 1282              	.L114:
 1283 0080 00000000 		.word	.LANCHOR0
 1284 0084 003C0240 		.word	1073888256
 1285 0088 00000000 		.word	.LC0
 1286              		.cfi_endproc
 1287              	.LFE134:
 1289              		.section	.text.HAL_FLASH_OB_Launch,"ax",%progbits
 1290              		.align	1
 1291              		.global	HAL_FLASH_OB_Launch
 1292              		.syntax unified
 1293              		.thumb
 1294              		.thumb_func
 1296              	HAL_FLASH_OB_Launch:
 1297              	.LFB143:
 494:Drivers/STM32F4xx_HAL_Driver/Src/stm32f4xx_hal_flash.c ****   /* Set the OPTSTRT bit in OPTCR register */
 1298              		.loc 1 494 1 is_stmt 1 view -0
 1299              		.cfi_startproc
 1300              		@ args = 0, pretend = 0, frame = 0
 1301              		@ frame_needed = 0, uses_anonymous_args = 0
ARM GAS  C:\Users\guoch\AppData\Local\Temp\cc44Pyrd.s 			page 46


 1302 0000 08B5     		push	{r3, lr}
 1303              	.LCFI8:
 1304              		.cfi_def_cfa_offset 8
 1305              		.cfi_offset 3, -8
 1306              		.cfi_offset 14, -4
 496:Drivers/STM32F4xx_HAL_Driver/Src/stm32f4xx_hal_flash.c **** 
 1307              		.loc 1 496 3 view .LVU313
 496:Drivers/STM32F4xx_HAL_Driver/Src/stm32f4xx_hal_flash.c **** 
 1308              		.loc 1 496 40 is_stmt 0 view .LVU314
 1309 0002 054A     		ldr	r2, .L118
 1310 0004 137D     		ldrb	r3, [r2, #20]	@ zero_extendqisi2
 1311 0006 43F00203 		orr	r3, r3, #2
 1312 000a 1375     		strb	r3, [r2, #20]
 499:Drivers/STM32F4xx_HAL_Driver/Src/stm32f4xx_hal_flash.c **** }
 1313              		.loc 1 499 3 is_stmt 1 view .LVU315
 499:Drivers/STM32F4xx_HAL_Driver/Src/stm32f4xx_hal_flash.c **** }
 1314              		.loc 1 499 11 is_stmt 0 view .LVU316
 1315 000c 4CF25030 		movw	r0, #50000
 1316 0010 FFF7FEFF 		bl	FLASH_WaitForLastOperation
 1317              	.LVL89:
 500:Drivers/STM32F4xx_HAL_Driver/Src/stm32f4xx_hal_flash.c **** 
 1318              		.loc 1 500 1 view .LVU317
 1319 0014 08BD     		pop	{r3, pc}
 1320              	.L119:
 1321 0016 00BF     		.align	2
 1322              	.L118:
 1323 0018 003C0240 		.word	1073888256
 1324              		.cfi_endproc
 1325              	.LFE143:
 1327              		.global	pFlash
 1328              		.section	.bss.pFlash,"aw",%nobits
 1329              		.align	2
 1330              		.set	.LANCHOR0,. + 0
 1333              	pFlash:
 1334 0000 00000000 		.space	32
 1334      00000000 
 1334      00000000 
 1334      00000000 
 1334      00000000 
 1335              		.text
 1336              	.Letext0:
 1337              		.file 3 "d:\\software\\stm32-for-vscode-tool\\gcc-arm-none-eabi-10.3-2021.10\\arm-none-eabi\\inclu
 1338              		.file 4 "d:\\software\\stm32-for-vscode-tool\\gcc-arm-none-eabi-10.3-2021.10\\arm-none-eabi\\inclu
 1339              		.file 5 "Drivers/CMSIS/Device/ST/STM32F4xx/Include/stm32f407xx.h"
 1340              		.file 6 "Drivers/CMSIS/Device/ST/STM32F4xx/Include/stm32f4xx.h"
 1341              		.file 7 "Drivers/STM32F4xx_HAL_Driver/Inc/stm32f4xx_hal_def.h"
 1342              		.file 8 "Drivers/STM32F4xx_HAL_Driver/Inc/stm32f4xx_hal_flash.h"
 1343              		.file 9 "Core/Inc/stm32f4xx_hal_conf.h"
 1344              		.file 10 "Drivers/STM32F4xx_HAL_Driver/Inc/stm32f4xx_hal.h"
 1345              		.file 11 "Drivers/STM32F4xx_HAL_Driver/Inc/stm32f4xx_hal_flash_ex.h"
ARM GAS  C:\Users\guoch\AppData\Local\Temp\cc44Pyrd.s 			page 47


DEFINED SYMBOLS
                            *ABS*:00000000 stm32f4xx_hal_flash.c
C:\Users\guoch\AppData\Local\Temp\cc44Pyrd.s:20     .text.FLASH_SetErrorCode:00000000 $t
C:\Users\guoch\AppData\Local\Temp\cc44Pyrd.s:25     .text.FLASH_SetErrorCode:00000000 FLASH_SetErrorCode
C:\Users\guoch\AppData\Local\Temp\cc44Pyrd.s:128    .text.FLASH_SetErrorCode:00000084 $d
C:\Users\guoch\AppData\Local\Temp\cc44Pyrd.s:134    .rodata.FLASH_Program_Byte.str1.4:00000000 $d
C:\Users\guoch\AppData\Local\Temp\cc44Pyrd.s:139    .text.FLASH_Program_Byte:00000000 $t
C:\Users\guoch\AppData\Local\Temp\cc44Pyrd.s:144    .text.FLASH_Program_Byte:00000000 FLASH_Program_Byte
C:\Users\guoch\AppData\Local\Temp\cc44Pyrd.s:206    .text.FLASH_Program_Byte:00000044 $d
C:\Users\guoch\AppData\Local\Temp\cc44Pyrd.s:212    .text.FLASH_Program_HalfWord:00000000 $t
C:\Users\guoch\AppData\Local\Temp\cc44Pyrd.s:217    .text.FLASH_Program_HalfWord:00000000 FLASH_Program_HalfWord
C:\Users\guoch\AppData\Local\Temp\cc44Pyrd.s:280    .text.FLASH_Program_HalfWord:00000048 $d
C:\Users\guoch\AppData\Local\Temp\cc44Pyrd.s:286    .text.FLASH_Program_Word:00000000 $t
C:\Users\guoch\AppData\Local\Temp\cc44Pyrd.s:291    .text.FLASH_Program_Word:00000000 FLASH_Program_Word
C:\Users\guoch\AppData\Local\Temp\cc44Pyrd.s:354    .text.FLASH_Program_Word:00000048 $d
C:\Users\guoch\AppData\Local\Temp\cc44Pyrd.s:360    .text.FLASH_Program_DoubleWord:00000000 $t
C:\Users\guoch\AppData\Local\Temp\cc44Pyrd.s:365    .text.FLASH_Program_DoubleWord:00000000 FLASH_Program_DoubleWord
C:\Users\guoch\AppData\Local\Temp\cc44Pyrd.s:446    .text.FLASH_Program_DoubleWord:00000050 $d
C:\Users\guoch\AppData\Local\Temp\cc44Pyrd.s:452    .text.HAL_FLASH_Program_IT:00000000 $t
C:\Users\guoch\AppData\Local\Temp\cc44Pyrd.s:458    .text.HAL_FLASH_Program_IT:00000000 HAL_FLASH_Program_IT
C:\Users\guoch\AppData\Local\Temp\cc44Pyrd.s:562    .text.HAL_FLASH_Program_IT:0000006c $d
C:\Users\guoch\AppData\Local\Temp\cc44Pyrd.s:569    .text.HAL_FLASH_EndOfOperationCallback:00000000 $t
C:\Users\guoch\AppData\Local\Temp\cc44Pyrd.s:575    .text.HAL_FLASH_EndOfOperationCallback:00000000 HAL_FLASH_EndOfOperationCallback
C:\Users\guoch\AppData\Local\Temp\cc44Pyrd.s:590    .text.HAL_FLASH_OperationErrorCallback:00000000 $t
C:\Users\guoch\AppData\Local\Temp\cc44Pyrd.s:596    .text.HAL_FLASH_OperationErrorCallback:00000000 HAL_FLASH_OperationErrorCallback
C:\Users\guoch\AppData\Local\Temp\cc44Pyrd.s:611    .text.HAL_FLASH_IRQHandler:00000000 $t
C:\Users\guoch\AppData\Local\Temp\cc44Pyrd.s:617    .text.HAL_FLASH_IRQHandler:00000000 HAL_FLASH_IRQHandler
C:\Users\guoch\AppData\Local\Temp\cc44Pyrd.s:826    .text.HAL_FLASH_IRQHandler:000000e4 $d
C:\Users\guoch\AppData\Local\Temp\cc44Pyrd.s:832    .text.HAL_FLASH_Unlock:00000000 $t
C:\Users\guoch\AppData\Local\Temp\cc44Pyrd.s:838    .text.HAL_FLASH_Unlock:00000000 HAL_FLASH_Unlock
C:\Users\guoch\AppData\Local\Temp\cc44Pyrd.s:884    .text.HAL_FLASH_Unlock:00000028 $d
C:\Users\guoch\AppData\Local\Temp\cc44Pyrd.s:890    .text.HAL_FLASH_Lock:00000000 $t
C:\Users\guoch\AppData\Local\Temp\cc44Pyrd.s:896    .text.HAL_FLASH_Lock:00000000 HAL_FLASH_Lock
C:\Users\guoch\AppData\Local\Temp\cc44Pyrd.s:916    .text.HAL_FLASH_Lock:00000010 $d
C:\Users\guoch\AppData\Local\Temp\cc44Pyrd.s:921    .text.HAL_FLASH_OB_Unlock:00000000 $t
C:\Users\guoch\AppData\Local\Temp\cc44Pyrd.s:927    .text.HAL_FLASH_OB_Unlock:00000000 HAL_FLASH_OB_Unlock
C:\Users\guoch\AppData\Local\Temp\cc44Pyrd.s:962    .text.HAL_FLASH_OB_Unlock:00000020 $d
C:\Users\guoch\AppData\Local\Temp\cc44Pyrd.s:968    .text.HAL_FLASH_OB_Lock:00000000 $t
C:\Users\guoch\AppData\Local\Temp\cc44Pyrd.s:974    .text.HAL_FLASH_OB_Lock:00000000 HAL_FLASH_OB_Lock
C:\Users\guoch\AppData\Local\Temp\cc44Pyrd.s:994    .text.HAL_FLASH_OB_Lock:00000010 $d
C:\Users\guoch\AppData\Local\Temp\cc44Pyrd.s:999    .text.HAL_FLASH_GetError:00000000 $t
C:\Users\guoch\AppData\Local\Temp\cc44Pyrd.s:1005   .text.HAL_FLASH_GetError:00000000 HAL_FLASH_GetError
C:\Users\guoch\AppData\Local\Temp\cc44Pyrd.s:1021   .text.HAL_FLASH_GetError:00000008 $d
C:\Users\guoch\AppData\Local\Temp\cc44Pyrd.s:1026   .text.FLASH_WaitForLastOperation:00000000 $t
C:\Users\guoch\AppData\Local\Temp\cc44Pyrd.s:1032   .text.FLASH_WaitForLastOperation:00000000 FLASH_WaitForLastOperation
C:\Users\guoch\AppData\Local\Temp\cc44Pyrd.s:1128   .text.FLASH_WaitForLastOperation:00000058 $d
C:\Users\guoch\AppData\Local\Temp\cc44Pyrd.s:1134   .text.HAL_FLASH_Program:00000000 $t
C:\Users\guoch\AppData\Local\Temp\cc44Pyrd.s:1140   .text.HAL_FLASH_Program:00000000 HAL_FLASH_Program
C:\Users\guoch\AppData\Local\Temp\cc44Pyrd.s:1283   .text.HAL_FLASH_Program:00000080 $d
C:\Users\guoch\AppData\Local\Temp\cc44Pyrd.s:1290   .text.HAL_FLASH_OB_Launch:00000000 $t
C:\Users\guoch\AppData\Local\Temp\cc44Pyrd.s:1296   .text.HAL_FLASH_OB_Launch:00000000 HAL_FLASH_OB_Launch
C:\Users\guoch\AppData\Local\Temp\cc44Pyrd.s:1323   .text.HAL_FLASH_OB_Launch:00000018 $d
C:\Users\guoch\AppData\Local\Temp\cc44Pyrd.s:1333   .bss.pFlash:00000000 pFlash
C:\Users\guoch\AppData\Local\Temp\cc44Pyrd.s:1329   .bss.pFlash:00000000 $d

UNDEFINED SYMBOLS
assert_failed
ARM GAS  C:\Users\guoch\AppData\Local\Temp\cc44Pyrd.s 			page 48


FLASH_Erase_Sector
FLASH_FlushCaches
HAL_GetTick
