ARM GAS  C:\Users\guoch\AppData\Local\Temp\cc1ofrmC.s 			page 1


   1              		.cpu cortex-m4
   2              		.arch armv7e-m
   3              		.fpu fpv4-sp-d16
   4              		.eabi_attribute 27, 1
   5              		.eabi_attribute 28, 1
   6              		.eabi_attribute 20, 1
   7              		.eabi_attribute 21, 1
   8              		.eabi_attribute 23, 3
   9              		.eabi_attribute 24, 1
  10              		.eabi_attribute 25, 1
  11              		.eabi_attribute 26, 1
  12              		.eabi_attribute 30, 1
  13              		.eabi_attribute 34, 1
  14              		.eabi_attribute 18, 4
  15              		.file	"stm32f4xx_hal_rcc.c"
  16              		.text
  17              	.Ltext0:
  18              		.cfi_sections	.debug_frame
  19              		.section	.text.HAL_RCC_DeInit,"ax",%progbits
  20              		.align	1
  21              		.weak	HAL_RCC_DeInit
  22              		.syntax unified
  23              		.thumb
  24              		.thumb_func
  26              	HAL_RCC_DeInit:
  27              	.LFB134:
  28              		.file 1 "Drivers/STM32F4xx_HAL_Driver/Src/stm32f4xx_hal_rcc.c"
   1:Drivers/STM32F4xx_HAL_Driver/Src/stm32f4xx_hal_rcc.c **** /**
   2:Drivers/STM32F4xx_HAL_Driver/Src/stm32f4xx_hal_rcc.c ****   ******************************************************************************
   3:Drivers/STM32F4xx_HAL_Driver/Src/stm32f4xx_hal_rcc.c ****   * @file    stm32f4xx_hal_rcc.c
   4:Drivers/STM32F4xx_HAL_Driver/Src/stm32f4xx_hal_rcc.c ****   * @author  MCD Application Team
   5:Drivers/STM32F4xx_HAL_Driver/Src/stm32f4xx_hal_rcc.c ****   * @brief   RCC HAL module driver.
   6:Drivers/STM32F4xx_HAL_Driver/Src/stm32f4xx_hal_rcc.c ****   *          This file provides firmware functions to manage the following
   7:Drivers/STM32F4xx_HAL_Driver/Src/stm32f4xx_hal_rcc.c ****   *          functionalities of the Reset and Clock Control (RCC) peripheral:
   8:Drivers/STM32F4xx_HAL_Driver/Src/stm32f4xx_hal_rcc.c ****   *           + Initialization and de-initialization functions
   9:Drivers/STM32F4xx_HAL_Driver/Src/stm32f4xx_hal_rcc.c ****   *           + Peripheral Control functions
  10:Drivers/STM32F4xx_HAL_Driver/Src/stm32f4xx_hal_rcc.c ****   *
  11:Drivers/STM32F4xx_HAL_Driver/Src/stm32f4xx_hal_rcc.c ****   @verbatim
  12:Drivers/STM32F4xx_HAL_Driver/Src/stm32f4xx_hal_rcc.c ****   ==============================================================================
  13:Drivers/STM32F4xx_HAL_Driver/Src/stm32f4xx_hal_rcc.c ****                       ##### RCC specific features #####
  14:Drivers/STM32F4xx_HAL_Driver/Src/stm32f4xx_hal_rcc.c ****   ==============================================================================
  15:Drivers/STM32F4xx_HAL_Driver/Src/stm32f4xx_hal_rcc.c ****     [..]
  16:Drivers/STM32F4xx_HAL_Driver/Src/stm32f4xx_hal_rcc.c ****       After reset the device is running from Internal High Speed oscillator
  17:Drivers/STM32F4xx_HAL_Driver/Src/stm32f4xx_hal_rcc.c ****       (HSI 16MHz) with Flash 0 wait state, Flash prefetch buffer, D-Cache
  18:Drivers/STM32F4xx_HAL_Driver/Src/stm32f4xx_hal_rcc.c ****       and I-Cache are disabled, and all peripherals are off except internal
  19:Drivers/STM32F4xx_HAL_Driver/Src/stm32f4xx_hal_rcc.c ****       SRAM, Flash and JTAG.
  20:Drivers/STM32F4xx_HAL_Driver/Src/stm32f4xx_hal_rcc.c ****       (+) There is no prescaler on High speed (AHB) and Low speed (APB) busses;
  21:Drivers/STM32F4xx_HAL_Driver/Src/stm32f4xx_hal_rcc.c ****           all peripherals mapped on these busses are running at HSI speed.
  22:Drivers/STM32F4xx_HAL_Driver/Src/stm32f4xx_hal_rcc.c ****       (+) The clock for all peripherals is switched off, except the SRAM and FLASH.
  23:Drivers/STM32F4xx_HAL_Driver/Src/stm32f4xx_hal_rcc.c ****       (+) All GPIOs are in input floating state, except the JTAG pins which
  24:Drivers/STM32F4xx_HAL_Driver/Src/stm32f4xx_hal_rcc.c ****           are assigned to be used for debug purpose.
  25:Drivers/STM32F4xx_HAL_Driver/Src/stm32f4xx_hal_rcc.c **** 
  26:Drivers/STM32F4xx_HAL_Driver/Src/stm32f4xx_hal_rcc.c ****     [..]
  27:Drivers/STM32F4xx_HAL_Driver/Src/stm32f4xx_hal_rcc.c ****       Once the device started from reset, the user application has to:
  28:Drivers/STM32F4xx_HAL_Driver/Src/stm32f4xx_hal_rcc.c ****       (+) Configure the clock source to be used to drive the System clock
  29:Drivers/STM32F4xx_HAL_Driver/Src/stm32f4xx_hal_rcc.c ****           (if the application needs higher frequency/performance)
  30:Drivers/STM32F4xx_HAL_Driver/Src/stm32f4xx_hal_rcc.c ****       (+) Configure the System clock frequency and Flash settings
ARM GAS  C:\Users\guoch\AppData\Local\Temp\cc1ofrmC.s 			page 2


  31:Drivers/STM32F4xx_HAL_Driver/Src/stm32f4xx_hal_rcc.c ****       (+) Configure the AHB and APB busses prescalers
  32:Drivers/STM32F4xx_HAL_Driver/Src/stm32f4xx_hal_rcc.c ****       (+) Enable the clock for the peripheral(s) to be used
  33:Drivers/STM32F4xx_HAL_Driver/Src/stm32f4xx_hal_rcc.c ****       (+) Configure the clock source(s) for peripherals which clocks are not
  34:Drivers/STM32F4xx_HAL_Driver/Src/stm32f4xx_hal_rcc.c ****           derived from the System clock (I2S, RTC, ADC, USB OTG FS/SDIO/RNG)
  35:Drivers/STM32F4xx_HAL_Driver/Src/stm32f4xx_hal_rcc.c **** 
  36:Drivers/STM32F4xx_HAL_Driver/Src/stm32f4xx_hal_rcc.c ****                       ##### RCC Limitations #####
  37:Drivers/STM32F4xx_HAL_Driver/Src/stm32f4xx_hal_rcc.c ****   ==============================================================================
  38:Drivers/STM32F4xx_HAL_Driver/Src/stm32f4xx_hal_rcc.c ****     [..]
  39:Drivers/STM32F4xx_HAL_Driver/Src/stm32f4xx_hal_rcc.c ****       A delay between an RCC peripheral clock enable and the effective peripheral
  40:Drivers/STM32F4xx_HAL_Driver/Src/stm32f4xx_hal_rcc.c ****       enabling should be taken into account in order to manage the peripheral read/write
  41:Drivers/STM32F4xx_HAL_Driver/Src/stm32f4xx_hal_rcc.c ****       from/to registers.
  42:Drivers/STM32F4xx_HAL_Driver/Src/stm32f4xx_hal_rcc.c ****       (+) This delay depends on the peripheral mapping.
  43:Drivers/STM32F4xx_HAL_Driver/Src/stm32f4xx_hal_rcc.c ****       (+) If peripheral is mapped on AHB: the delay is 2 AHB clock cycle
  44:Drivers/STM32F4xx_HAL_Driver/Src/stm32f4xx_hal_rcc.c ****           after the clock enable bit is set on the hardware register
  45:Drivers/STM32F4xx_HAL_Driver/Src/stm32f4xx_hal_rcc.c ****       (+) If peripheral is mapped on APB: the delay is 2 APB clock cycle
  46:Drivers/STM32F4xx_HAL_Driver/Src/stm32f4xx_hal_rcc.c ****           after the clock enable bit is set on the hardware register
  47:Drivers/STM32F4xx_HAL_Driver/Src/stm32f4xx_hal_rcc.c **** 
  48:Drivers/STM32F4xx_HAL_Driver/Src/stm32f4xx_hal_rcc.c ****     [..]
  49:Drivers/STM32F4xx_HAL_Driver/Src/stm32f4xx_hal_rcc.c ****       Implemented Workaround:
  50:Drivers/STM32F4xx_HAL_Driver/Src/stm32f4xx_hal_rcc.c ****       (+) For AHB & APB peripherals, a dummy read to the peripheral register has been
  51:Drivers/STM32F4xx_HAL_Driver/Src/stm32f4xx_hal_rcc.c ****           inserted in each __HAL_RCC_PPP_CLK_ENABLE() macro.
  52:Drivers/STM32F4xx_HAL_Driver/Src/stm32f4xx_hal_rcc.c **** 
  53:Drivers/STM32F4xx_HAL_Driver/Src/stm32f4xx_hal_rcc.c ****   @endverbatim
  54:Drivers/STM32F4xx_HAL_Driver/Src/stm32f4xx_hal_rcc.c ****   ******************************************************************************
  55:Drivers/STM32F4xx_HAL_Driver/Src/stm32f4xx_hal_rcc.c ****   * @attention
  56:Drivers/STM32F4xx_HAL_Driver/Src/stm32f4xx_hal_rcc.c ****   *
  57:Drivers/STM32F4xx_HAL_Driver/Src/stm32f4xx_hal_rcc.c ****   * Copyright (c) 2017 STMicroelectronics.
  58:Drivers/STM32F4xx_HAL_Driver/Src/stm32f4xx_hal_rcc.c ****   * All rights reserved.
  59:Drivers/STM32F4xx_HAL_Driver/Src/stm32f4xx_hal_rcc.c ****   *
  60:Drivers/STM32F4xx_HAL_Driver/Src/stm32f4xx_hal_rcc.c ****   * This software is licensed under terms that can be found in the LICENSE file in
  61:Drivers/STM32F4xx_HAL_Driver/Src/stm32f4xx_hal_rcc.c ****   * the root directory of this software component.
  62:Drivers/STM32F4xx_HAL_Driver/Src/stm32f4xx_hal_rcc.c ****   * If no LICENSE file comes with this software, it is provided AS-IS.
  63:Drivers/STM32F4xx_HAL_Driver/Src/stm32f4xx_hal_rcc.c ****   ******************************************************************************
  64:Drivers/STM32F4xx_HAL_Driver/Src/stm32f4xx_hal_rcc.c ****   */
  65:Drivers/STM32F4xx_HAL_Driver/Src/stm32f4xx_hal_rcc.c **** 
  66:Drivers/STM32F4xx_HAL_Driver/Src/stm32f4xx_hal_rcc.c **** /* Includes ------------------------------------------------------------------*/
  67:Drivers/STM32F4xx_HAL_Driver/Src/stm32f4xx_hal_rcc.c **** #include "stm32f4xx_hal.h"
  68:Drivers/STM32F4xx_HAL_Driver/Src/stm32f4xx_hal_rcc.c **** 
  69:Drivers/STM32F4xx_HAL_Driver/Src/stm32f4xx_hal_rcc.c **** /** @addtogroup STM32F4xx_HAL_Driver
  70:Drivers/STM32F4xx_HAL_Driver/Src/stm32f4xx_hal_rcc.c ****   * @{
  71:Drivers/STM32F4xx_HAL_Driver/Src/stm32f4xx_hal_rcc.c ****   */
  72:Drivers/STM32F4xx_HAL_Driver/Src/stm32f4xx_hal_rcc.c **** 
  73:Drivers/STM32F4xx_HAL_Driver/Src/stm32f4xx_hal_rcc.c **** /** @defgroup RCC RCC
  74:Drivers/STM32F4xx_HAL_Driver/Src/stm32f4xx_hal_rcc.c ****   * @brief RCC HAL module driver
  75:Drivers/STM32F4xx_HAL_Driver/Src/stm32f4xx_hal_rcc.c ****   * @{
  76:Drivers/STM32F4xx_HAL_Driver/Src/stm32f4xx_hal_rcc.c ****   */
  77:Drivers/STM32F4xx_HAL_Driver/Src/stm32f4xx_hal_rcc.c **** 
  78:Drivers/STM32F4xx_HAL_Driver/Src/stm32f4xx_hal_rcc.c **** #ifdef HAL_RCC_MODULE_ENABLED
  79:Drivers/STM32F4xx_HAL_Driver/Src/stm32f4xx_hal_rcc.c **** 
  80:Drivers/STM32F4xx_HAL_Driver/Src/stm32f4xx_hal_rcc.c **** /* Private typedef -----------------------------------------------------------*/
  81:Drivers/STM32F4xx_HAL_Driver/Src/stm32f4xx_hal_rcc.c **** /* Private define ------------------------------------------------------------*/
  82:Drivers/STM32F4xx_HAL_Driver/Src/stm32f4xx_hal_rcc.c **** /** @addtogroup RCC_Private_Constants
  83:Drivers/STM32F4xx_HAL_Driver/Src/stm32f4xx_hal_rcc.c ****   * @{
  84:Drivers/STM32F4xx_HAL_Driver/Src/stm32f4xx_hal_rcc.c ****   */
  85:Drivers/STM32F4xx_HAL_Driver/Src/stm32f4xx_hal_rcc.c **** 
  86:Drivers/STM32F4xx_HAL_Driver/Src/stm32f4xx_hal_rcc.c **** /* Private macro -------------------------------------------------------------*/
  87:Drivers/STM32F4xx_HAL_Driver/Src/stm32f4xx_hal_rcc.c **** #define __MCO1_CLK_ENABLE()   __HAL_RCC_GPIOA_CLK_ENABLE()
ARM GAS  C:\Users\guoch\AppData\Local\Temp\cc1ofrmC.s 			page 3


  88:Drivers/STM32F4xx_HAL_Driver/Src/stm32f4xx_hal_rcc.c **** #define MCO1_GPIO_PORT        GPIOA
  89:Drivers/STM32F4xx_HAL_Driver/Src/stm32f4xx_hal_rcc.c **** #define MCO1_PIN              GPIO_PIN_8
  90:Drivers/STM32F4xx_HAL_Driver/Src/stm32f4xx_hal_rcc.c **** 
  91:Drivers/STM32F4xx_HAL_Driver/Src/stm32f4xx_hal_rcc.c **** #define __MCO2_CLK_ENABLE()   __HAL_RCC_GPIOC_CLK_ENABLE()
  92:Drivers/STM32F4xx_HAL_Driver/Src/stm32f4xx_hal_rcc.c **** #define MCO2_GPIO_PORT         GPIOC
  93:Drivers/STM32F4xx_HAL_Driver/Src/stm32f4xx_hal_rcc.c **** #define MCO2_PIN               GPIO_PIN_9
  94:Drivers/STM32F4xx_HAL_Driver/Src/stm32f4xx_hal_rcc.c **** /**
  95:Drivers/STM32F4xx_HAL_Driver/Src/stm32f4xx_hal_rcc.c ****   * @}
  96:Drivers/STM32F4xx_HAL_Driver/Src/stm32f4xx_hal_rcc.c ****   */
  97:Drivers/STM32F4xx_HAL_Driver/Src/stm32f4xx_hal_rcc.c **** 
  98:Drivers/STM32F4xx_HAL_Driver/Src/stm32f4xx_hal_rcc.c **** /* Private variables ---------------------------------------------------------*/
  99:Drivers/STM32F4xx_HAL_Driver/Src/stm32f4xx_hal_rcc.c **** /** @defgroup RCC_Private_Variables RCC Private Variables
 100:Drivers/STM32F4xx_HAL_Driver/Src/stm32f4xx_hal_rcc.c ****   * @{
 101:Drivers/STM32F4xx_HAL_Driver/Src/stm32f4xx_hal_rcc.c ****   */
 102:Drivers/STM32F4xx_HAL_Driver/Src/stm32f4xx_hal_rcc.c **** /**
 103:Drivers/STM32F4xx_HAL_Driver/Src/stm32f4xx_hal_rcc.c ****   * @}
 104:Drivers/STM32F4xx_HAL_Driver/Src/stm32f4xx_hal_rcc.c ****   */
 105:Drivers/STM32F4xx_HAL_Driver/Src/stm32f4xx_hal_rcc.c **** /* Private function prototypes -----------------------------------------------*/
 106:Drivers/STM32F4xx_HAL_Driver/Src/stm32f4xx_hal_rcc.c **** /* Private functions ---------------------------------------------------------*/
 107:Drivers/STM32F4xx_HAL_Driver/Src/stm32f4xx_hal_rcc.c **** 
 108:Drivers/STM32F4xx_HAL_Driver/Src/stm32f4xx_hal_rcc.c **** /** @defgroup RCC_Exported_Functions RCC Exported Functions
 109:Drivers/STM32F4xx_HAL_Driver/Src/stm32f4xx_hal_rcc.c ****   *  @{
 110:Drivers/STM32F4xx_HAL_Driver/Src/stm32f4xx_hal_rcc.c ****   */
 111:Drivers/STM32F4xx_HAL_Driver/Src/stm32f4xx_hal_rcc.c **** 
 112:Drivers/STM32F4xx_HAL_Driver/Src/stm32f4xx_hal_rcc.c **** /** @defgroup RCC_Exported_Functions_Group1 Initialization and de-initialization functions
 113:Drivers/STM32F4xx_HAL_Driver/Src/stm32f4xx_hal_rcc.c ****   *  @brief    Initialization and Configuration functions
 114:Drivers/STM32F4xx_HAL_Driver/Src/stm32f4xx_hal_rcc.c ****   *
 115:Drivers/STM32F4xx_HAL_Driver/Src/stm32f4xx_hal_rcc.c **** @verbatim
 116:Drivers/STM32F4xx_HAL_Driver/Src/stm32f4xx_hal_rcc.c ****  ===============================================================================
 117:Drivers/STM32F4xx_HAL_Driver/Src/stm32f4xx_hal_rcc.c ****            ##### Initialization and de-initialization functions #####
 118:Drivers/STM32F4xx_HAL_Driver/Src/stm32f4xx_hal_rcc.c ****  ===============================================================================
 119:Drivers/STM32F4xx_HAL_Driver/Src/stm32f4xx_hal_rcc.c ****     [..]
 120:Drivers/STM32F4xx_HAL_Driver/Src/stm32f4xx_hal_rcc.c ****       This section provides functions allowing to configure the internal/external oscillators
 121:Drivers/STM32F4xx_HAL_Driver/Src/stm32f4xx_hal_rcc.c ****       (HSE, HSI, LSE, LSI, PLL, CSS and MCO) and the System busses clocks (SYSCLK, AHB, APB1
 122:Drivers/STM32F4xx_HAL_Driver/Src/stm32f4xx_hal_rcc.c ****        and APB2).
 123:Drivers/STM32F4xx_HAL_Driver/Src/stm32f4xx_hal_rcc.c **** 
 124:Drivers/STM32F4xx_HAL_Driver/Src/stm32f4xx_hal_rcc.c ****     [..] Internal/external clock and PLL configuration
 125:Drivers/STM32F4xx_HAL_Driver/Src/stm32f4xx_hal_rcc.c ****          (#) HSI (high-speed internal), 16 MHz factory-trimmed RC used directly or through
 126:Drivers/STM32F4xx_HAL_Driver/Src/stm32f4xx_hal_rcc.c ****              the PLL as System clock source.
 127:Drivers/STM32F4xx_HAL_Driver/Src/stm32f4xx_hal_rcc.c **** 
 128:Drivers/STM32F4xx_HAL_Driver/Src/stm32f4xx_hal_rcc.c ****          (#) LSI (low-speed internal), 32 KHz low consumption RC used as IWDG and/or RTC
 129:Drivers/STM32F4xx_HAL_Driver/Src/stm32f4xx_hal_rcc.c ****              clock source.
 130:Drivers/STM32F4xx_HAL_Driver/Src/stm32f4xx_hal_rcc.c **** 
 131:Drivers/STM32F4xx_HAL_Driver/Src/stm32f4xx_hal_rcc.c ****          (#) HSE (high-speed external), 4 to 26 MHz crystal oscillator used directly or
 132:Drivers/STM32F4xx_HAL_Driver/Src/stm32f4xx_hal_rcc.c ****              through the PLL as System clock source. Can be used also as RTC clock source.
 133:Drivers/STM32F4xx_HAL_Driver/Src/stm32f4xx_hal_rcc.c **** 
 134:Drivers/STM32F4xx_HAL_Driver/Src/stm32f4xx_hal_rcc.c ****          (#) LSE (low-speed external), 32 KHz oscillator used as RTC clock source.
 135:Drivers/STM32F4xx_HAL_Driver/Src/stm32f4xx_hal_rcc.c **** 
 136:Drivers/STM32F4xx_HAL_Driver/Src/stm32f4xx_hal_rcc.c ****          (#) PLL (clocked by HSI or HSE), featuring two different output clocks:
 137:Drivers/STM32F4xx_HAL_Driver/Src/stm32f4xx_hal_rcc.c ****            (++) The first output is used to generate the high speed system clock (up to 168 MHz)
 138:Drivers/STM32F4xx_HAL_Driver/Src/stm32f4xx_hal_rcc.c ****            (++) The second output is used to generate the clock for the USB OTG FS (48 MHz),
 139:Drivers/STM32F4xx_HAL_Driver/Src/stm32f4xx_hal_rcc.c ****                 the random analog generator (<=48 MHz) and the SDIO (<= 48 MHz).
 140:Drivers/STM32F4xx_HAL_Driver/Src/stm32f4xx_hal_rcc.c **** 
 141:Drivers/STM32F4xx_HAL_Driver/Src/stm32f4xx_hal_rcc.c ****          (#) CSS (Clock security system), once enable using the macro __HAL_RCC_CSS_ENABLE()
 142:Drivers/STM32F4xx_HAL_Driver/Src/stm32f4xx_hal_rcc.c ****              and if a HSE clock failure occurs(HSE used directly or through PLL as System
 143:Drivers/STM32F4xx_HAL_Driver/Src/stm32f4xx_hal_rcc.c ****              clock source), the System clocks automatically switched to HSI and an interrupt
 144:Drivers/STM32F4xx_HAL_Driver/Src/stm32f4xx_hal_rcc.c ****              is generated if enabled. The interrupt is linked to the Cortex-M4 NMI
ARM GAS  C:\Users\guoch\AppData\Local\Temp\cc1ofrmC.s 			page 4


 145:Drivers/STM32F4xx_HAL_Driver/Src/stm32f4xx_hal_rcc.c ****              (Non-Maskable Interrupt) exception vector.
 146:Drivers/STM32F4xx_HAL_Driver/Src/stm32f4xx_hal_rcc.c **** 
 147:Drivers/STM32F4xx_HAL_Driver/Src/stm32f4xx_hal_rcc.c ****          (#) MCO1 (microcontroller clock output), used to output HSI, LSE, HSE or PLL
 148:Drivers/STM32F4xx_HAL_Driver/Src/stm32f4xx_hal_rcc.c ****              clock (through a configurable prescaler) on PA8 pin.
 149:Drivers/STM32F4xx_HAL_Driver/Src/stm32f4xx_hal_rcc.c **** 
 150:Drivers/STM32F4xx_HAL_Driver/Src/stm32f4xx_hal_rcc.c ****          (#) MCO2 (microcontroller clock output), used to output HSE, PLL, SYSCLK or PLLI2S
 151:Drivers/STM32F4xx_HAL_Driver/Src/stm32f4xx_hal_rcc.c ****              clock (through a configurable prescaler) on PC9 pin.
 152:Drivers/STM32F4xx_HAL_Driver/Src/stm32f4xx_hal_rcc.c **** 
 153:Drivers/STM32F4xx_HAL_Driver/Src/stm32f4xx_hal_rcc.c ****     [..] System, AHB and APB busses clocks configuration
 154:Drivers/STM32F4xx_HAL_Driver/Src/stm32f4xx_hal_rcc.c ****          (#) Several clock sources can be used to drive the System clock (SYSCLK): HSI,
 155:Drivers/STM32F4xx_HAL_Driver/Src/stm32f4xx_hal_rcc.c ****              HSE and PLL.
 156:Drivers/STM32F4xx_HAL_Driver/Src/stm32f4xx_hal_rcc.c ****              The AHB clock (HCLK) is derived from System clock through configurable
 157:Drivers/STM32F4xx_HAL_Driver/Src/stm32f4xx_hal_rcc.c ****              prescaler and used to clock the CPU, memory and peripherals mapped
 158:Drivers/STM32F4xx_HAL_Driver/Src/stm32f4xx_hal_rcc.c ****              on AHB bus (DMA, GPIO...). APB1 (PCLK1) and APB2 (PCLK2) clocks are derived
 159:Drivers/STM32F4xx_HAL_Driver/Src/stm32f4xx_hal_rcc.c ****              from AHB clock through configurable prescalers and used to clock
 160:Drivers/STM32F4xx_HAL_Driver/Src/stm32f4xx_hal_rcc.c ****              the peripherals mapped on these busses. You can use
 161:Drivers/STM32F4xx_HAL_Driver/Src/stm32f4xx_hal_rcc.c ****              "HAL_RCC_GetSysClockFreq()" function to retrieve the frequencies of these clocks.
 162:Drivers/STM32F4xx_HAL_Driver/Src/stm32f4xx_hal_rcc.c **** 
 163:Drivers/STM32F4xx_HAL_Driver/Src/stm32f4xx_hal_rcc.c ****          (#) For the STM32F405xx/07xx and STM32F415xx/17xx devices, the maximum
 164:Drivers/STM32F4xx_HAL_Driver/Src/stm32f4xx_hal_rcc.c ****              frequency of the SYSCLK and HCLK is 168 MHz, PCLK2 84 MHz and PCLK1 42 MHz.
 165:Drivers/STM32F4xx_HAL_Driver/Src/stm32f4xx_hal_rcc.c ****              Depending on the device voltage range, the maximum frequency should
 166:Drivers/STM32F4xx_HAL_Driver/Src/stm32f4xx_hal_rcc.c ****              be adapted accordingly (refer to the product datasheets for more details).
 167:Drivers/STM32F4xx_HAL_Driver/Src/stm32f4xx_hal_rcc.c **** 
 168:Drivers/STM32F4xx_HAL_Driver/Src/stm32f4xx_hal_rcc.c ****          (#) For the STM32F42xxx, STM32F43xxx, STM32F446xx, STM32F469xx and STM32F479xx devices,
 169:Drivers/STM32F4xx_HAL_Driver/Src/stm32f4xx_hal_rcc.c ****              the maximum frequency of the SYSCLK and HCLK is 180 MHz, PCLK2 90 MHz and PCLK1 45 MHz
 170:Drivers/STM32F4xx_HAL_Driver/Src/stm32f4xx_hal_rcc.c ****              Depending on the device voltage range, the maximum frequency should
 171:Drivers/STM32F4xx_HAL_Driver/Src/stm32f4xx_hal_rcc.c ****              be adapted accordingly (refer to the product datasheets for more details).
 172:Drivers/STM32F4xx_HAL_Driver/Src/stm32f4xx_hal_rcc.c **** 
 173:Drivers/STM32F4xx_HAL_Driver/Src/stm32f4xx_hal_rcc.c ****          (#) For the STM32F401xx, the maximum frequency of the SYSCLK and HCLK is 84 MHz,
 174:Drivers/STM32F4xx_HAL_Driver/Src/stm32f4xx_hal_rcc.c ****              PCLK2 84 MHz and PCLK1 42 MHz.
 175:Drivers/STM32F4xx_HAL_Driver/Src/stm32f4xx_hal_rcc.c ****              Depending on the device voltage range, the maximum frequency should
 176:Drivers/STM32F4xx_HAL_Driver/Src/stm32f4xx_hal_rcc.c ****              be adapted accordingly (refer to the product datasheets for more details).
 177:Drivers/STM32F4xx_HAL_Driver/Src/stm32f4xx_hal_rcc.c **** 
 178:Drivers/STM32F4xx_HAL_Driver/Src/stm32f4xx_hal_rcc.c ****          (#) For the STM32F41xxx, the maximum frequency of the SYSCLK and HCLK is 100 MHz,
 179:Drivers/STM32F4xx_HAL_Driver/Src/stm32f4xx_hal_rcc.c ****              PCLK2 100 MHz and PCLK1 50 MHz.
 180:Drivers/STM32F4xx_HAL_Driver/Src/stm32f4xx_hal_rcc.c ****              Depending on the device voltage range, the maximum frequency should
 181:Drivers/STM32F4xx_HAL_Driver/Src/stm32f4xx_hal_rcc.c ****              be adapted accordingly (refer to the product datasheets for more details).
 182:Drivers/STM32F4xx_HAL_Driver/Src/stm32f4xx_hal_rcc.c **** 
 183:Drivers/STM32F4xx_HAL_Driver/Src/stm32f4xx_hal_rcc.c **** @endverbatim
 184:Drivers/STM32F4xx_HAL_Driver/Src/stm32f4xx_hal_rcc.c ****   * @{
 185:Drivers/STM32F4xx_HAL_Driver/Src/stm32f4xx_hal_rcc.c ****   */
 186:Drivers/STM32F4xx_HAL_Driver/Src/stm32f4xx_hal_rcc.c **** 
 187:Drivers/STM32F4xx_HAL_Driver/Src/stm32f4xx_hal_rcc.c **** /**
 188:Drivers/STM32F4xx_HAL_Driver/Src/stm32f4xx_hal_rcc.c ****   * @brief  Resets the RCC clock configuration to the default reset state.
 189:Drivers/STM32F4xx_HAL_Driver/Src/stm32f4xx_hal_rcc.c ****   * @note   The default reset state of the clock configuration is given below:
 190:Drivers/STM32F4xx_HAL_Driver/Src/stm32f4xx_hal_rcc.c ****   *            - HSI ON and used as system clock source
 191:Drivers/STM32F4xx_HAL_Driver/Src/stm32f4xx_hal_rcc.c ****   *            - HSE and PLL OFF
 192:Drivers/STM32F4xx_HAL_Driver/Src/stm32f4xx_hal_rcc.c ****   *            - AHB, APB1 and APB2 prescaler set to 1.
 193:Drivers/STM32F4xx_HAL_Driver/Src/stm32f4xx_hal_rcc.c ****   *            - CSS, MCO1 and MCO2 OFF
 194:Drivers/STM32F4xx_HAL_Driver/Src/stm32f4xx_hal_rcc.c ****   *            - All interrupts disabled
 195:Drivers/STM32F4xx_HAL_Driver/Src/stm32f4xx_hal_rcc.c ****   * @note   This function doesn't modify the configuration of the
 196:Drivers/STM32F4xx_HAL_Driver/Src/stm32f4xx_hal_rcc.c ****   *            - Peripheral clocks
 197:Drivers/STM32F4xx_HAL_Driver/Src/stm32f4xx_hal_rcc.c ****   *            - LSI, LSE and RTC clocks
 198:Drivers/STM32F4xx_HAL_Driver/Src/stm32f4xx_hal_rcc.c ****   * @retval HAL status
 199:Drivers/STM32F4xx_HAL_Driver/Src/stm32f4xx_hal_rcc.c ****   */
 200:Drivers/STM32F4xx_HAL_Driver/Src/stm32f4xx_hal_rcc.c **** __weak HAL_StatusTypeDef HAL_RCC_DeInit(void)
 201:Drivers/STM32F4xx_HAL_Driver/Src/stm32f4xx_hal_rcc.c **** {
ARM GAS  C:\Users\guoch\AppData\Local\Temp\cc1ofrmC.s 			page 5


  29              		.loc 1 201 1 view -0
  30              		.cfi_startproc
  31              		@ args = 0, pretend = 0, frame = 0
  32              		@ frame_needed = 0, uses_anonymous_args = 0
  33              		@ link register save eliminated.
 202:Drivers/STM32F4xx_HAL_Driver/Src/stm32f4xx_hal_rcc.c ****   return HAL_OK;
  34              		.loc 1 202 3 view .LVU1
 203:Drivers/STM32F4xx_HAL_Driver/Src/stm32f4xx_hal_rcc.c **** }
  35              		.loc 1 203 1 is_stmt 0 view .LVU2
  36 0000 0020     		movs	r0, #0
  37 0002 7047     		bx	lr
  38              		.cfi_endproc
  39              	.LFE134:
  41              		.section	.rodata.HAL_RCC_OscConfig.str1.4,"aMS",%progbits,1
  42              		.align	2
  43              	.LC0:
  44 0000 44726976 		.ascii	"Drivers/STM32F4xx_HAL_Driver/Src/stm32f4xx_hal_rcc."
  44      6572732F 
  44      53544D33 
  44      32463478 
  44      785F4841 
  45 0033 6300     		.ascii	"c\000"
  46              		.section	.text.HAL_RCC_OscConfig,"ax",%progbits
  47              		.align	1
  48              		.weak	HAL_RCC_OscConfig
  49              		.syntax unified
  50              		.thumb
  51              		.thumb_func
  53              	HAL_RCC_OscConfig:
  54              	.LVL0:
  55              	.LFB135:
 204:Drivers/STM32F4xx_HAL_Driver/Src/stm32f4xx_hal_rcc.c **** 
 205:Drivers/STM32F4xx_HAL_Driver/Src/stm32f4xx_hal_rcc.c **** /**
 206:Drivers/STM32F4xx_HAL_Driver/Src/stm32f4xx_hal_rcc.c ****   * @brief  Initializes the RCC Oscillators according to the specified parameters in the
 207:Drivers/STM32F4xx_HAL_Driver/Src/stm32f4xx_hal_rcc.c ****   *         RCC_OscInitTypeDef.
 208:Drivers/STM32F4xx_HAL_Driver/Src/stm32f4xx_hal_rcc.c ****   * @param  RCC_OscInitStruct pointer to an RCC_OscInitTypeDef structure that
 209:Drivers/STM32F4xx_HAL_Driver/Src/stm32f4xx_hal_rcc.c ****   *         contains the configuration information for the RCC Oscillators.
 210:Drivers/STM32F4xx_HAL_Driver/Src/stm32f4xx_hal_rcc.c ****   * @note   The PLL is not disabled when used as system clock.
 211:Drivers/STM32F4xx_HAL_Driver/Src/stm32f4xx_hal_rcc.c ****   * @note   Transitions LSE Bypass to LSE On and LSE On to LSE Bypass are not
 212:Drivers/STM32F4xx_HAL_Driver/Src/stm32f4xx_hal_rcc.c ****   *         supported by this API. User should request a transition to LSE Off
 213:Drivers/STM32F4xx_HAL_Driver/Src/stm32f4xx_hal_rcc.c ****   *         first and then LSE On or LSE Bypass.
 214:Drivers/STM32F4xx_HAL_Driver/Src/stm32f4xx_hal_rcc.c ****   * @note   Transition HSE Bypass to HSE On and HSE On to HSE Bypass are not
 215:Drivers/STM32F4xx_HAL_Driver/Src/stm32f4xx_hal_rcc.c ****   *         supported by this API. User should request a transition to HSE Off
 216:Drivers/STM32F4xx_HAL_Driver/Src/stm32f4xx_hal_rcc.c ****   *         first and then HSE On or HSE Bypass.
 217:Drivers/STM32F4xx_HAL_Driver/Src/stm32f4xx_hal_rcc.c ****   * @retval HAL status
 218:Drivers/STM32F4xx_HAL_Driver/Src/stm32f4xx_hal_rcc.c ****   */
 219:Drivers/STM32F4xx_HAL_Driver/Src/stm32f4xx_hal_rcc.c **** __weak HAL_StatusTypeDef HAL_RCC_OscConfig(const RCC_OscInitTypeDef  *RCC_OscInitStruct)
 220:Drivers/STM32F4xx_HAL_Driver/Src/stm32f4xx_hal_rcc.c **** {
  56              		.loc 1 220 1 is_stmt 1 view -0
  57              		.cfi_startproc
  58              		@ args = 0, pretend = 0, frame = 8
  59              		@ frame_needed = 0, uses_anonymous_args = 0
 221:Drivers/STM32F4xx_HAL_Driver/Src/stm32f4xx_hal_rcc.c ****   uint32_t tickstart;
  60              		.loc 1 221 3 view .LVU4
 222:Drivers/STM32F4xx_HAL_Driver/Src/stm32f4xx_hal_rcc.c ****   uint32_t pll_config;
  61              		.loc 1 222 3 view .LVU5
 223:Drivers/STM32F4xx_HAL_Driver/Src/stm32f4xx_hal_rcc.c ****   /* Check Null pointer */
ARM GAS  C:\Users\guoch\AppData\Local\Temp\cc1ofrmC.s 			page 6


 224:Drivers/STM32F4xx_HAL_Driver/Src/stm32f4xx_hal_rcc.c ****   if (RCC_OscInitStruct == NULL)
  62              		.loc 1 224 3 view .LVU6
  63              		.loc 1 224 6 is_stmt 0 view .LVU7
  64 0000 0028     		cmp	r0, #0
  65 0002 00F05E82 		beq	.L64
 220:Drivers/STM32F4xx_HAL_Driver/Src/stm32f4xx_hal_rcc.c ****   uint32_t tickstart;
  66              		.loc 1 220 1 view .LVU8
  67 0006 70B5     		push	{r4, r5, r6, lr}
  68              	.LCFI0:
  69              		.cfi_def_cfa_offset 16
  70              		.cfi_offset 4, -16
  71              		.cfi_offset 5, -12
  72              		.cfi_offset 6, -8
  73              		.cfi_offset 14, -4
  74 0008 82B0     		sub	sp, sp, #8
  75              	.LCFI1:
  76              		.cfi_def_cfa_offset 24
  77 000a 0446     		mov	r4, r0
 225:Drivers/STM32F4xx_HAL_Driver/Src/stm32f4xx_hal_rcc.c ****   {
 226:Drivers/STM32F4xx_HAL_Driver/Src/stm32f4xx_hal_rcc.c ****     return HAL_ERROR;
 227:Drivers/STM32F4xx_HAL_Driver/Src/stm32f4xx_hal_rcc.c ****   }
 228:Drivers/STM32F4xx_HAL_Driver/Src/stm32f4xx_hal_rcc.c **** 
 229:Drivers/STM32F4xx_HAL_Driver/Src/stm32f4xx_hal_rcc.c ****   /* Check the parameters */
 230:Drivers/STM32F4xx_HAL_Driver/Src/stm32f4xx_hal_rcc.c ****   assert_param(IS_RCC_OSCILLATORTYPE(RCC_OscInitStruct->OscillatorType));
  78              		.loc 1 230 3 is_stmt 1 view .LVU9
  79 000c 0368     		ldr	r3, [r0]
  80 000e 0F2B     		cmp	r3, #15
  81 0010 39D8     		bhi	.L91
  82              	.LVL1:
  83              	.L4:
 231:Drivers/STM32F4xx_HAL_Driver/Src/stm32f4xx_hal_rcc.c ****   /*------------------------------- HSE Configuration ------------------------*/
 232:Drivers/STM32F4xx_HAL_Driver/Src/stm32f4xx_hal_rcc.c ****   if (((RCC_OscInitStruct->OscillatorType) & RCC_OSCILLATORTYPE_HSE) == RCC_OSCILLATORTYPE_HSE)
  84              		.loc 1 232 3 view .LVU10
  85              		.loc 1 232 26 is_stmt 0 view .LVU11
  86 0012 2368     		ldr	r3, [r4]
  87              		.loc 1 232 6 view .LVU12
  88 0014 13F0010F 		tst	r3, #1
  89 0018 4DD0     		beq	.L5
 233:Drivers/STM32F4xx_HAL_Driver/Src/stm32f4xx_hal_rcc.c ****   {
 234:Drivers/STM32F4xx_HAL_Driver/Src/stm32f4xx_hal_rcc.c ****     /* Check the parameters */
 235:Drivers/STM32F4xx_HAL_Driver/Src/stm32f4xx_hal_rcc.c ****     assert_param(IS_RCC_HSE(RCC_OscInitStruct->HSEState));
  90              		.loc 1 235 5 is_stmt 1 view .LVU13
  91 001a 6368     		ldr	r3, [r4, #4]
  92 001c 2BB1     		cbz	r3, .L6
  93              		.loc 1 235 5 is_stmt 0 discriminator 1 view .LVU14
  94 001e B3F5803F 		cmp	r3, #65536
  95 0022 02D0     		beq	.L6
  96              		.loc 1 235 5 discriminator 2 view .LVU15
  97 0024 B3F5A02F 		cmp	r3, #327680
  98 0028 32D1     		bne	.L92
  99              	.L6:
 236:Drivers/STM32F4xx_HAL_Driver/Src/stm32f4xx_hal_rcc.c ****     /* When the HSE is used as system clock or clock source for PLL in these cases HSE will not dis
 237:Drivers/STM32F4xx_HAL_Driver/Src/stm32f4xx_hal_rcc.c ****     if ((__HAL_RCC_GET_SYSCLK_SOURCE() == RCC_CFGR_SWS_HSE) || \
 100              		.loc 1 237 5 is_stmt 1 view .LVU16
 101              		.loc 1 237 10 is_stmt 0 view .LVU17
 102 002a 804B     		ldr	r3, .L116
 103 002c 9B68     		ldr	r3, [r3, #8]
ARM GAS  C:\Users\guoch\AppData\Local\Temp\cc1ofrmC.s 			page 7


 104 002e 03F00C03 		and	r3, r3, #12
 105              		.loc 1 237 8 view .LVU18
 106 0032 042B     		cmp	r3, #4
 107 0034 36D0     		beq	.L7
 238:Drivers/STM32F4xx_HAL_Driver/Src/stm32f4xx_hal_rcc.c ****         ((__HAL_RCC_GET_SYSCLK_SOURCE() == RCC_CFGR_SWS_PLL) && ((RCC->PLLCFGR & RCC_PLLCFGR_PLLSRC
 108              		.loc 1 238 11 discriminator 1 view .LVU19
 109 0036 7D4B     		ldr	r3, .L116
 110 0038 9B68     		ldr	r3, [r3, #8]
 111 003a 03F00C03 		and	r3, r3, #12
 237:Drivers/STM32F4xx_HAL_Driver/Src/stm32f4xx_hal_rcc.c ****         ((__HAL_RCC_GET_SYSCLK_SOURCE() == RCC_CFGR_SWS_PLL) && ((RCC->PLLCFGR & RCC_PLLCFGR_PLLSRC
 112              		.loc 1 237 61 discriminator 1 view .LVU20
 113 003e 082B     		cmp	r3, #8
 114 0040 2BD0     		beq	.L93
 115              	.L8:
 239:Drivers/STM32F4xx_HAL_Driver/Src/stm32f4xx_hal_rcc.c ****     {
 240:Drivers/STM32F4xx_HAL_Driver/Src/stm32f4xx_hal_rcc.c ****       if ((__HAL_RCC_GET_FLAG(RCC_FLAG_HSERDY) != RESET) && (RCC_OscInitStruct->HSEState == RCC_HSE
 241:Drivers/STM32F4xx_HAL_Driver/Src/stm32f4xx_hal_rcc.c ****       {
 242:Drivers/STM32F4xx_HAL_Driver/Src/stm32f4xx_hal_rcc.c ****         return HAL_ERROR;
 243:Drivers/STM32F4xx_HAL_Driver/Src/stm32f4xx_hal_rcc.c ****       }
 244:Drivers/STM32F4xx_HAL_Driver/Src/stm32f4xx_hal_rcc.c ****     }
 245:Drivers/STM32F4xx_HAL_Driver/Src/stm32f4xx_hal_rcc.c ****     else
 246:Drivers/STM32F4xx_HAL_Driver/Src/stm32f4xx_hal_rcc.c ****     {
 247:Drivers/STM32F4xx_HAL_Driver/Src/stm32f4xx_hal_rcc.c ****       /* Set the new HSE configuration ---------------------------------------*/
 248:Drivers/STM32F4xx_HAL_Driver/Src/stm32f4xx_hal_rcc.c ****       __HAL_RCC_HSE_CONFIG(RCC_OscInitStruct->HSEState);
 116              		.loc 1 248 7 is_stmt 1 view .LVU21
 117              		.loc 1 248 7 view .LVU22
 118 0042 6368     		ldr	r3, [r4, #4]
 119 0044 B3F5803F 		cmp	r3, #65536
 120 0048 5FD0     		beq	.L94
 121              		.loc 1 248 7 discriminator 2 view .LVU23
 122 004a B3F5A02F 		cmp	r3, #327680
 123 004e 62D0     		beq	.L95
 124              		.loc 1 248 7 discriminator 5 view .LVU24
 125 0050 764B     		ldr	r3, .L116
 126 0052 1A68     		ldr	r2, [r3]
 127 0054 22F48032 		bic	r2, r2, #65536
 128 0058 1A60     		str	r2, [r3]
 129              		.loc 1 248 7 discriminator 5 view .LVU25
 130 005a 1A68     		ldr	r2, [r3]
 131 005c 22F48022 		bic	r2, r2, #262144
 132 0060 1A60     		str	r2, [r3]
 133              	.L10:
 134              		.loc 1 248 7 discriminator 7 view .LVU26
 249:Drivers/STM32F4xx_HAL_Driver/Src/stm32f4xx_hal_rcc.c **** 
 250:Drivers/STM32F4xx_HAL_Driver/Src/stm32f4xx_hal_rcc.c ****       /* Check the HSE State */
 251:Drivers/STM32F4xx_HAL_Driver/Src/stm32f4xx_hal_rcc.c ****       if ((RCC_OscInitStruct->HSEState) != RCC_HSE_OFF)
 135              		.loc 1 251 7 discriminator 7 view .LVU27
 136              		.loc 1 251 29 is_stmt 0 discriminator 7 view .LVU28
 137 0062 6368     		ldr	r3, [r4, #4]
 138              		.loc 1 251 10 discriminator 7 view .LVU29
 139 0064 002B     		cmp	r3, #0
 140 0066 60D0     		beq	.L12
 252:Drivers/STM32F4xx_HAL_Driver/Src/stm32f4xx_hal_rcc.c ****       {
 253:Drivers/STM32F4xx_HAL_Driver/Src/stm32f4xx_hal_rcc.c ****         /* Get Start Tick */
 254:Drivers/STM32F4xx_HAL_Driver/Src/stm32f4xx_hal_rcc.c ****         tickstart = HAL_GetTick();
 141              		.loc 1 254 9 is_stmt 1 view .LVU30
 142              		.loc 1 254 21 is_stmt 0 view .LVU31
ARM GAS  C:\Users\guoch\AppData\Local\Temp\cc1ofrmC.s 			page 8


 143 0068 FFF7FEFF 		bl	HAL_GetTick
 144              	.LVL2:
 145 006c 0546     		mov	r5, r0
 146              	.LVL3:
 255:Drivers/STM32F4xx_HAL_Driver/Src/stm32f4xx_hal_rcc.c **** 
 256:Drivers/STM32F4xx_HAL_Driver/Src/stm32f4xx_hal_rcc.c ****         /* Wait till HSE is ready */
 257:Drivers/STM32F4xx_HAL_Driver/Src/stm32f4xx_hal_rcc.c ****         while (__HAL_RCC_GET_FLAG(RCC_FLAG_HSERDY) == RESET)
 147              		.loc 1 257 9 is_stmt 1 view .LVU32
 148              	.L13:
 149              		.loc 1 257 15 view .LVU33
 150              		.loc 1 257 16 is_stmt 0 view .LVU34
 151 006e 6F4B     		ldr	r3, .L116
 152 0070 1B68     		ldr	r3, [r3]
 153              		.loc 1 257 15 view .LVU35
 154 0072 13F4003F 		tst	r3, #131072
 155 0076 1ED1     		bne	.L5
 258:Drivers/STM32F4xx_HAL_Driver/Src/stm32f4xx_hal_rcc.c ****         {
 259:Drivers/STM32F4xx_HAL_Driver/Src/stm32f4xx_hal_rcc.c ****           if ((HAL_GetTick() - tickstart) > HSE_TIMEOUT_VALUE)
 156              		.loc 1 259 11 is_stmt 1 view .LVU36
 157              		.loc 1 259 16 is_stmt 0 view .LVU37
 158 0078 FFF7FEFF 		bl	HAL_GetTick
 159              	.LVL4:
 160              		.loc 1 259 30 view .LVU38
 161 007c 401B     		subs	r0, r0, r5
 162              		.loc 1 259 14 view .LVU39
 163 007e 6428     		cmp	r0, #100
 164 0080 F5D9     		bls	.L13
 260:Drivers/STM32F4xx_HAL_Driver/Src/stm32f4xx_hal_rcc.c ****           {
 261:Drivers/STM32F4xx_HAL_Driver/Src/stm32f4xx_hal_rcc.c ****             return HAL_TIMEOUT;
 165              		.loc 1 261 20 view .LVU40
 166 0082 0320     		movs	r0, #3
 167 0084 24E2     		b	.L3
 168              	.LVL5:
 169              	.L91:
 230:Drivers/STM32F4xx_HAL_Driver/Src/stm32f4xx_hal_rcc.c ****   /*------------------------------- HSE Configuration ------------------------*/
 170              		.loc 1 230 3 discriminator 1 view .LVU41
 171 0086 E621     		movs	r1, #230
 172 0088 6948     		ldr	r0, .L116+4
 173              	.LVL6:
 230:Drivers/STM32F4xx_HAL_Driver/Src/stm32f4xx_hal_rcc.c ****   /*------------------------------- HSE Configuration ------------------------*/
 174              		.loc 1 230 3 discriminator 1 view .LVU42
 175 008a FFF7FEFF 		bl	assert_failed
 176              	.LVL7:
 177 008e C0E7     		b	.L4
 178              	.L92:
 235:Drivers/STM32F4xx_HAL_Driver/Src/stm32f4xx_hal_rcc.c ****     /* When the HSE is used as system clock or clock source for PLL in these cases HSE will not dis
 179              		.loc 1 235 5 discriminator 3 view .LVU43
 180 0090 EB21     		movs	r1, #235
 181 0092 6748     		ldr	r0, .L116+4
 182 0094 FFF7FEFF 		bl	assert_failed
 183              	.LVL8:
 184 0098 C7E7     		b	.L6
 185              	.L93:
 238:Drivers/STM32F4xx_HAL_Driver/Src/stm32f4xx_hal_rcc.c ****     {
 186              		.loc 1 238 70 view .LVU44
 187 009a 644B     		ldr	r3, .L116
 188 009c 5B68     		ldr	r3, [r3, #4]
ARM GAS  C:\Users\guoch\AppData\Local\Temp\cc1ofrmC.s 			page 9


 238:Drivers/STM32F4xx_HAL_Driver/Src/stm32f4xx_hal_rcc.c ****     {
 189              		.loc 1 238 62 view .LVU45
 190 009e 13F4800F 		tst	r3, #4194304
 191 00a2 CED0     		beq	.L8
 192              	.L7:
 240:Drivers/STM32F4xx_HAL_Driver/Src/stm32f4xx_hal_rcc.c ****       {
 193              		.loc 1 240 7 is_stmt 1 view .LVU46
 240:Drivers/STM32F4xx_HAL_Driver/Src/stm32f4xx_hal_rcc.c ****       {
 194              		.loc 1 240 12 is_stmt 0 view .LVU47
 195 00a4 614B     		ldr	r3, .L116
 196 00a6 1B68     		ldr	r3, [r3]
 240:Drivers/STM32F4xx_HAL_Driver/Src/stm32f4xx_hal_rcc.c ****       {
 197              		.loc 1 240 10 view .LVU48
 198 00a8 13F4003F 		tst	r3, #131072
 199 00ac 03D0     		beq	.L5
 240:Drivers/STM32F4xx_HAL_Driver/Src/stm32f4xx_hal_rcc.c ****       {
 200              		.loc 1 240 79 discriminator 1 view .LVU49
 201 00ae 6368     		ldr	r3, [r4, #4]
 240:Drivers/STM32F4xx_HAL_Driver/Src/stm32f4xx_hal_rcc.c ****       {
 202              		.loc 1 240 58 discriminator 1 view .LVU50
 203 00b0 002B     		cmp	r3, #0
 204 00b2 00F00882 		beq	.L96
 205              	.L5:
 262:Drivers/STM32F4xx_HAL_Driver/Src/stm32f4xx_hal_rcc.c ****           }
 263:Drivers/STM32F4xx_HAL_Driver/Src/stm32f4xx_hal_rcc.c ****         }
 264:Drivers/STM32F4xx_HAL_Driver/Src/stm32f4xx_hal_rcc.c ****       }
 265:Drivers/STM32F4xx_HAL_Driver/Src/stm32f4xx_hal_rcc.c ****       else
 266:Drivers/STM32F4xx_HAL_Driver/Src/stm32f4xx_hal_rcc.c ****       {
 267:Drivers/STM32F4xx_HAL_Driver/Src/stm32f4xx_hal_rcc.c ****         /* Get Start Tick */
 268:Drivers/STM32F4xx_HAL_Driver/Src/stm32f4xx_hal_rcc.c ****         tickstart = HAL_GetTick();
 269:Drivers/STM32F4xx_HAL_Driver/Src/stm32f4xx_hal_rcc.c **** 
 270:Drivers/STM32F4xx_HAL_Driver/Src/stm32f4xx_hal_rcc.c ****         /* Wait till HSE is bypassed or disabled */
 271:Drivers/STM32F4xx_HAL_Driver/Src/stm32f4xx_hal_rcc.c ****         while (__HAL_RCC_GET_FLAG(RCC_FLAG_HSERDY) != RESET)
 272:Drivers/STM32F4xx_HAL_Driver/Src/stm32f4xx_hal_rcc.c ****         {
 273:Drivers/STM32F4xx_HAL_Driver/Src/stm32f4xx_hal_rcc.c ****           if ((HAL_GetTick() - tickstart) > HSE_TIMEOUT_VALUE)
 274:Drivers/STM32F4xx_HAL_Driver/Src/stm32f4xx_hal_rcc.c ****           {
 275:Drivers/STM32F4xx_HAL_Driver/Src/stm32f4xx_hal_rcc.c ****             return HAL_TIMEOUT;
 276:Drivers/STM32F4xx_HAL_Driver/Src/stm32f4xx_hal_rcc.c ****           }
 277:Drivers/STM32F4xx_HAL_Driver/Src/stm32f4xx_hal_rcc.c ****         }
 278:Drivers/STM32F4xx_HAL_Driver/Src/stm32f4xx_hal_rcc.c ****       }
 279:Drivers/STM32F4xx_HAL_Driver/Src/stm32f4xx_hal_rcc.c ****     }
 280:Drivers/STM32F4xx_HAL_Driver/Src/stm32f4xx_hal_rcc.c ****   }
 281:Drivers/STM32F4xx_HAL_Driver/Src/stm32f4xx_hal_rcc.c ****   /*----------------------------- HSI Configuration --------------------------*/
 282:Drivers/STM32F4xx_HAL_Driver/Src/stm32f4xx_hal_rcc.c ****   if (((RCC_OscInitStruct->OscillatorType) & RCC_OSCILLATORTYPE_HSI) == RCC_OSCILLATORTYPE_HSI)
 206              		.loc 1 282 3 is_stmt 1 view .LVU51
 207              		.loc 1 282 26 is_stmt 0 view .LVU52
 208 00b6 2368     		ldr	r3, [r4]
 209              		.loc 1 282 6 view .LVU53
 210 00b8 13F0020F 		tst	r3, #2
 211 00bc 66D0     		beq	.L17
 283:Drivers/STM32F4xx_HAL_Driver/Src/stm32f4xx_hal_rcc.c ****   {
 284:Drivers/STM32F4xx_HAL_Driver/Src/stm32f4xx_hal_rcc.c ****     /* Check the parameters */
 285:Drivers/STM32F4xx_HAL_Driver/Src/stm32f4xx_hal_rcc.c ****     assert_param(IS_RCC_HSI(RCC_OscInitStruct->HSIState));
 212              		.loc 1 285 5 is_stmt 1 view .LVU54
 213 00be E368     		ldr	r3, [r4, #12]
 214 00c0 012B     		cmp	r3, #1
 215 00c2 41D8     		bhi	.L97
ARM GAS  C:\Users\guoch\AppData\Local\Temp\cc1ofrmC.s 			page 10


 216              	.L18:
 286:Drivers/STM32F4xx_HAL_Driver/Src/stm32f4xx_hal_rcc.c ****     assert_param(IS_RCC_CALIBRATION_VALUE(RCC_OscInitStruct->HSICalibrationValue));
 217              		.loc 1 286 5 view .LVU55
 218 00c4 2369     		ldr	r3, [r4, #16]
 219 00c6 1F2B     		cmp	r3, #31
 220 00c8 44D8     		bhi	.L98
 221              	.L19:
 287:Drivers/STM32F4xx_HAL_Driver/Src/stm32f4xx_hal_rcc.c **** 
 288:Drivers/STM32F4xx_HAL_Driver/Src/stm32f4xx_hal_rcc.c ****     /* Check if HSI is used as system clock or as PLL source when PLL is selected as system clock *
 289:Drivers/STM32F4xx_HAL_Driver/Src/stm32f4xx_hal_rcc.c ****     if ((__HAL_RCC_GET_SYSCLK_SOURCE() == RCC_CFGR_SWS_HSI) || \
 222              		.loc 1 289 5 view .LVU56
 223              		.loc 1 289 10 is_stmt 0 view .LVU57
 224 00ca 584B     		ldr	r3, .L116
 225 00cc 9B68     		ldr	r3, [r3, #8]
 226              		.loc 1 289 8 view .LVU58
 227 00ce 13F00C0F 		tst	r3, #12
 228 00d2 4AD0     		beq	.L20
 290:Drivers/STM32F4xx_HAL_Driver/Src/stm32f4xx_hal_rcc.c ****         ((__HAL_RCC_GET_SYSCLK_SOURCE() == RCC_CFGR_SWS_PLL) && ((RCC->PLLCFGR & RCC_PLLCFGR_PLLSRC
 229              		.loc 1 290 11 discriminator 1 view .LVU59
 230 00d4 554B     		ldr	r3, .L116
 231 00d6 9B68     		ldr	r3, [r3, #8]
 232 00d8 03F00C03 		and	r3, r3, #12
 289:Drivers/STM32F4xx_HAL_Driver/Src/stm32f4xx_hal_rcc.c ****         ((__HAL_RCC_GET_SYSCLK_SOURCE() == RCC_CFGR_SWS_PLL) && ((RCC->PLLCFGR & RCC_PLLCFGR_PLLSRC
 233              		.loc 1 289 61 discriminator 1 view .LVU60
 234 00dc 082B     		cmp	r3, #8
 235 00de 3FD0     		beq	.L99
 236              	.L21:
 291:Drivers/STM32F4xx_HAL_Driver/Src/stm32f4xx_hal_rcc.c ****     {
 292:Drivers/STM32F4xx_HAL_Driver/Src/stm32f4xx_hal_rcc.c ****       /* When HSI is used as system clock it will not disabled */
 293:Drivers/STM32F4xx_HAL_Driver/Src/stm32f4xx_hal_rcc.c ****       if ((__HAL_RCC_GET_FLAG(RCC_FLAG_HSIRDY) != RESET) && (RCC_OscInitStruct->HSIState != RCC_HSI
 294:Drivers/STM32F4xx_HAL_Driver/Src/stm32f4xx_hal_rcc.c ****       {
 295:Drivers/STM32F4xx_HAL_Driver/Src/stm32f4xx_hal_rcc.c ****         return HAL_ERROR;
 296:Drivers/STM32F4xx_HAL_Driver/Src/stm32f4xx_hal_rcc.c ****       }
 297:Drivers/STM32F4xx_HAL_Driver/Src/stm32f4xx_hal_rcc.c ****       /* Otherwise, just the calibration is allowed */
 298:Drivers/STM32F4xx_HAL_Driver/Src/stm32f4xx_hal_rcc.c ****       else
 299:Drivers/STM32F4xx_HAL_Driver/Src/stm32f4xx_hal_rcc.c ****       {
 300:Drivers/STM32F4xx_HAL_Driver/Src/stm32f4xx_hal_rcc.c ****         /* Adjusts the Internal High Speed oscillator (HSI) calibration value.*/
 301:Drivers/STM32F4xx_HAL_Driver/Src/stm32f4xx_hal_rcc.c ****         __HAL_RCC_HSI_CALIBRATIONVALUE_ADJUST(RCC_OscInitStruct->HSICalibrationValue);
 302:Drivers/STM32F4xx_HAL_Driver/Src/stm32f4xx_hal_rcc.c ****       }
 303:Drivers/STM32F4xx_HAL_Driver/Src/stm32f4xx_hal_rcc.c ****     }
 304:Drivers/STM32F4xx_HAL_Driver/Src/stm32f4xx_hal_rcc.c ****     else
 305:Drivers/STM32F4xx_HAL_Driver/Src/stm32f4xx_hal_rcc.c ****     {
 306:Drivers/STM32F4xx_HAL_Driver/Src/stm32f4xx_hal_rcc.c ****       /* Check the HSI State */
 307:Drivers/STM32F4xx_HAL_Driver/Src/stm32f4xx_hal_rcc.c ****       if ((RCC_OscInitStruct->HSIState) != RCC_HSI_OFF)
 237              		.loc 1 307 7 is_stmt 1 view .LVU61
 238              		.loc 1 307 29 is_stmt 0 view .LVU62
 239 00e0 E368     		ldr	r3, [r4, #12]
 240              		.loc 1 307 10 view .LVU63
 241 00e2 002B     		cmp	r3, #0
 242 00e4 77D0     		beq	.L23
 308:Drivers/STM32F4xx_HAL_Driver/Src/stm32f4xx_hal_rcc.c ****       {
 309:Drivers/STM32F4xx_HAL_Driver/Src/stm32f4xx_hal_rcc.c ****         /* Enable the Internal High Speed oscillator (HSI). */
 310:Drivers/STM32F4xx_HAL_Driver/Src/stm32f4xx_hal_rcc.c ****         __HAL_RCC_HSI_ENABLE();
 243              		.loc 1 310 9 is_stmt 1 view .LVU64
 244 00e6 534B     		ldr	r3, .L116+8
 245 00e8 0122     		movs	r2, #1
 246 00ea 1A60     		str	r2, [r3]
ARM GAS  C:\Users\guoch\AppData\Local\Temp\cc1ofrmC.s 			page 11


 311:Drivers/STM32F4xx_HAL_Driver/Src/stm32f4xx_hal_rcc.c **** 
 312:Drivers/STM32F4xx_HAL_Driver/Src/stm32f4xx_hal_rcc.c ****         /* Get Start Tick*/
 313:Drivers/STM32F4xx_HAL_Driver/Src/stm32f4xx_hal_rcc.c ****         tickstart = HAL_GetTick();
 247              		.loc 1 313 9 view .LVU65
 248              		.loc 1 313 21 is_stmt 0 view .LVU66
 249 00ec FFF7FEFF 		bl	HAL_GetTick
 250              	.LVL9:
 251 00f0 0546     		mov	r5, r0
 252              	.LVL10:
 314:Drivers/STM32F4xx_HAL_Driver/Src/stm32f4xx_hal_rcc.c **** 
 315:Drivers/STM32F4xx_HAL_Driver/Src/stm32f4xx_hal_rcc.c ****         /* Wait till HSI is ready */
 316:Drivers/STM32F4xx_HAL_Driver/Src/stm32f4xx_hal_rcc.c ****         while (__HAL_RCC_GET_FLAG(RCC_FLAG_HSIRDY) == RESET)
 253              		.loc 1 316 9 is_stmt 1 view .LVU67
 254              	.L24:
 255              		.loc 1 316 15 view .LVU68
 256              		.loc 1 316 16 is_stmt 0 view .LVU69
 257 00f2 4E4B     		ldr	r3, .L116
 258 00f4 1B68     		ldr	r3, [r3]
 259              		.loc 1 316 15 view .LVU70
 260 00f6 13F0020F 		tst	r3, #2
 261 00fa 63D1     		bne	.L100
 317:Drivers/STM32F4xx_HAL_Driver/Src/stm32f4xx_hal_rcc.c ****         {
 318:Drivers/STM32F4xx_HAL_Driver/Src/stm32f4xx_hal_rcc.c ****           if ((HAL_GetTick() - tickstart) > HSI_TIMEOUT_VALUE)
 262              		.loc 1 318 11 is_stmt 1 view .LVU71
 263              		.loc 1 318 16 is_stmt 0 view .LVU72
 264 00fc FFF7FEFF 		bl	HAL_GetTick
 265              	.LVL11:
 266              		.loc 1 318 30 view .LVU73
 267 0100 401B     		subs	r0, r0, r5
 268              		.loc 1 318 14 view .LVU74
 269 0102 0228     		cmp	r0, #2
 270 0104 F5D9     		bls	.L24
 319:Drivers/STM32F4xx_HAL_Driver/Src/stm32f4xx_hal_rcc.c ****           {
 320:Drivers/STM32F4xx_HAL_Driver/Src/stm32f4xx_hal_rcc.c ****             return HAL_TIMEOUT;
 271              		.loc 1 320 20 view .LVU75
 272 0106 0320     		movs	r0, #3
 273 0108 E2E1     		b	.L3
 274              	.LVL12:
 275              	.L94:
 248:Drivers/STM32F4xx_HAL_Driver/Src/stm32f4xx_hal_rcc.c **** 
 276              		.loc 1 248 7 is_stmt 1 discriminator 1 view .LVU76
 277 010a 484A     		ldr	r2, .L116
 278 010c 1368     		ldr	r3, [r2]
 279 010e 43F48033 		orr	r3, r3, #65536
 280 0112 1360     		str	r3, [r2]
 281 0114 A5E7     		b	.L10
 282              	.L95:
 248:Drivers/STM32F4xx_HAL_Driver/Src/stm32f4xx_hal_rcc.c **** 
 283              		.loc 1 248 7 discriminator 4 view .LVU77
 284 0116 454B     		ldr	r3, .L116
 285 0118 1A68     		ldr	r2, [r3]
 286 011a 42F48022 		orr	r2, r2, #262144
 287 011e 1A60     		str	r2, [r3]
 248:Drivers/STM32F4xx_HAL_Driver/Src/stm32f4xx_hal_rcc.c **** 
 288              		.loc 1 248 7 discriminator 4 view .LVU78
 289 0120 1A68     		ldr	r2, [r3]
 290 0122 42F48032 		orr	r2, r2, #65536
ARM GAS  C:\Users\guoch\AppData\Local\Temp\cc1ofrmC.s 			page 12


 291 0126 1A60     		str	r2, [r3]
 292 0128 9BE7     		b	.L10
 293              	.L12:
 268:Drivers/STM32F4xx_HAL_Driver/Src/stm32f4xx_hal_rcc.c **** 
 294              		.loc 1 268 9 view .LVU79
 268:Drivers/STM32F4xx_HAL_Driver/Src/stm32f4xx_hal_rcc.c **** 
 295              		.loc 1 268 21 is_stmt 0 view .LVU80
 296 012a FFF7FEFF 		bl	HAL_GetTick
 297              	.LVL13:
 298 012e 0546     		mov	r5, r0
 299              	.LVL14:
 271:Drivers/STM32F4xx_HAL_Driver/Src/stm32f4xx_hal_rcc.c ****         {
 300              		.loc 1 271 9 is_stmt 1 view .LVU81
 301              	.L15:
 271:Drivers/STM32F4xx_HAL_Driver/Src/stm32f4xx_hal_rcc.c ****         {
 302              		.loc 1 271 15 view .LVU82
 271:Drivers/STM32F4xx_HAL_Driver/Src/stm32f4xx_hal_rcc.c ****         {
 303              		.loc 1 271 16 is_stmt 0 view .LVU83
 304 0130 3E4B     		ldr	r3, .L116
 305 0132 1B68     		ldr	r3, [r3]
 271:Drivers/STM32F4xx_HAL_Driver/Src/stm32f4xx_hal_rcc.c ****         {
 306              		.loc 1 271 15 view .LVU84
 307 0134 13F4003F 		tst	r3, #131072
 308 0138 BDD0     		beq	.L5
 273:Drivers/STM32F4xx_HAL_Driver/Src/stm32f4xx_hal_rcc.c ****           {
 309              		.loc 1 273 11 is_stmt 1 view .LVU85
 273:Drivers/STM32F4xx_HAL_Driver/Src/stm32f4xx_hal_rcc.c ****           {
 310              		.loc 1 273 16 is_stmt 0 view .LVU86
 311 013a FFF7FEFF 		bl	HAL_GetTick
 312              	.LVL15:
 273:Drivers/STM32F4xx_HAL_Driver/Src/stm32f4xx_hal_rcc.c ****           {
 313              		.loc 1 273 30 view .LVU87
 314 013e 401B     		subs	r0, r0, r5
 273:Drivers/STM32F4xx_HAL_Driver/Src/stm32f4xx_hal_rcc.c ****           {
 315              		.loc 1 273 14 view .LVU88
 316 0140 6428     		cmp	r0, #100
 317 0142 F5D9     		bls	.L15
 275:Drivers/STM32F4xx_HAL_Driver/Src/stm32f4xx_hal_rcc.c ****           }
 318              		.loc 1 275 20 view .LVU89
 319 0144 0320     		movs	r0, #3
 320 0146 C3E1     		b	.L3
 321              	.LVL16:
 322              	.L97:
 285:Drivers/STM32F4xx_HAL_Driver/Src/stm32f4xx_hal_rcc.c ****     assert_param(IS_RCC_CALIBRATION_VALUE(RCC_OscInitStruct->HSICalibrationValue));
 323              		.loc 1 285 5 discriminator 1 view .LVU90
 324 0148 40F21D11 		movw	r1, #285
 325 014c 3848     		ldr	r0, .L116+4
 326 014e FFF7FEFF 		bl	assert_failed
 327              	.LVL17:
 328 0152 B7E7     		b	.L18
 329              	.L98:
 286:Drivers/STM32F4xx_HAL_Driver/Src/stm32f4xx_hal_rcc.c **** 
 330              		.loc 1 286 5 discriminator 1 view .LVU91
 331 0154 4FF48F71 		mov	r1, #286
 332 0158 3548     		ldr	r0, .L116+4
 333 015a FFF7FEFF 		bl	assert_failed
 334              	.LVL18:
ARM GAS  C:\Users\guoch\AppData\Local\Temp\cc1ofrmC.s 			page 13


 335 015e B4E7     		b	.L19
 336              	.L99:
 290:Drivers/STM32F4xx_HAL_Driver/Src/stm32f4xx_hal_rcc.c ****     {
 337              		.loc 1 290 70 view .LVU92
 338 0160 324B     		ldr	r3, .L116
 339 0162 5B68     		ldr	r3, [r3, #4]
 290:Drivers/STM32F4xx_HAL_Driver/Src/stm32f4xx_hal_rcc.c ****     {
 340              		.loc 1 290 62 view .LVU93
 341 0164 13F4800F 		tst	r3, #4194304
 342 0168 BAD1     		bne	.L21
 343              	.L20:
 293:Drivers/STM32F4xx_HAL_Driver/Src/stm32f4xx_hal_rcc.c ****       {
 344              		.loc 1 293 7 is_stmt 1 view .LVU94
 293:Drivers/STM32F4xx_HAL_Driver/Src/stm32f4xx_hal_rcc.c ****       {
 345              		.loc 1 293 12 is_stmt 0 view .LVU95
 346 016a 304B     		ldr	r3, .L116
 347 016c 1B68     		ldr	r3, [r3]
 293:Drivers/STM32F4xx_HAL_Driver/Src/stm32f4xx_hal_rcc.c ****       {
 348              		.loc 1 293 10 view .LVU96
 349 016e 13F0020F 		tst	r3, #2
 350 0172 03D0     		beq	.L22
 293:Drivers/STM32F4xx_HAL_Driver/Src/stm32f4xx_hal_rcc.c ****       {
 351              		.loc 1 293 79 discriminator 1 view .LVU97
 352 0174 E368     		ldr	r3, [r4, #12]
 293:Drivers/STM32F4xx_HAL_Driver/Src/stm32f4xx_hal_rcc.c ****       {
 353              		.loc 1 293 58 discriminator 1 view .LVU98
 354 0176 012B     		cmp	r3, #1
 355 0178 40F0A781 		bne	.L68
 356              	.L22:
 301:Drivers/STM32F4xx_HAL_Driver/Src/stm32f4xx_hal_rcc.c ****       }
 357              		.loc 1 301 9 is_stmt 1 view .LVU99
 358 017c 2B4A     		ldr	r2, .L116
 359 017e 1368     		ldr	r3, [r2]
 360 0180 23F0F803 		bic	r3, r3, #248
 361 0184 2169     		ldr	r1, [r4, #16]
 362 0186 43EAC103 		orr	r3, r3, r1, lsl #3
 363 018a 1360     		str	r3, [r2]
 364              	.L17:
 321:Drivers/STM32F4xx_HAL_Driver/Src/stm32f4xx_hal_rcc.c ****           }
 322:Drivers/STM32F4xx_HAL_Driver/Src/stm32f4xx_hal_rcc.c ****         }
 323:Drivers/STM32F4xx_HAL_Driver/Src/stm32f4xx_hal_rcc.c **** 
 324:Drivers/STM32F4xx_HAL_Driver/Src/stm32f4xx_hal_rcc.c ****         /* Adjusts the Internal High Speed oscillator (HSI) calibration value. */
 325:Drivers/STM32F4xx_HAL_Driver/Src/stm32f4xx_hal_rcc.c ****         __HAL_RCC_HSI_CALIBRATIONVALUE_ADJUST(RCC_OscInitStruct->HSICalibrationValue);
 326:Drivers/STM32F4xx_HAL_Driver/Src/stm32f4xx_hal_rcc.c ****       }
 327:Drivers/STM32F4xx_HAL_Driver/Src/stm32f4xx_hal_rcc.c ****       else
 328:Drivers/STM32F4xx_HAL_Driver/Src/stm32f4xx_hal_rcc.c ****       {
 329:Drivers/STM32F4xx_HAL_Driver/Src/stm32f4xx_hal_rcc.c ****         /* Disable the Internal High Speed oscillator (HSI). */
 330:Drivers/STM32F4xx_HAL_Driver/Src/stm32f4xx_hal_rcc.c ****         __HAL_RCC_HSI_DISABLE();
 331:Drivers/STM32F4xx_HAL_Driver/Src/stm32f4xx_hal_rcc.c **** 
 332:Drivers/STM32F4xx_HAL_Driver/Src/stm32f4xx_hal_rcc.c ****         /* Get Start Tick*/
 333:Drivers/STM32F4xx_HAL_Driver/Src/stm32f4xx_hal_rcc.c ****         tickstart = HAL_GetTick();
 334:Drivers/STM32F4xx_HAL_Driver/Src/stm32f4xx_hal_rcc.c **** 
 335:Drivers/STM32F4xx_HAL_Driver/Src/stm32f4xx_hal_rcc.c ****         /* Wait till HSI is ready */
 336:Drivers/STM32F4xx_HAL_Driver/Src/stm32f4xx_hal_rcc.c ****         while (__HAL_RCC_GET_FLAG(RCC_FLAG_HSIRDY) != RESET)
 337:Drivers/STM32F4xx_HAL_Driver/Src/stm32f4xx_hal_rcc.c ****         {
 338:Drivers/STM32F4xx_HAL_Driver/Src/stm32f4xx_hal_rcc.c ****           if ((HAL_GetTick() - tickstart) > HSI_TIMEOUT_VALUE)
 339:Drivers/STM32F4xx_HAL_Driver/Src/stm32f4xx_hal_rcc.c ****           {
ARM GAS  C:\Users\guoch\AppData\Local\Temp\cc1ofrmC.s 			page 14


 340:Drivers/STM32F4xx_HAL_Driver/Src/stm32f4xx_hal_rcc.c ****             return HAL_TIMEOUT;
 341:Drivers/STM32F4xx_HAL_Driver/Src/stm32f4xx_hal_rcc.c ****           }
 342:Drivers/STM32F4xx_HAL_Driver/Src/stm32f4xx_hal_rcc.c ****         }
 343:Drivers/STM32F4xx_HAL_Driver/Src/stm32f4xx_hal_rcc.c ****       }
 344:Drivers/STM32F4xx_HAL_Driver/Src/stm32f4xx_hal_rcc.c ****     }
 345:Drivers/STM32F4xx_HAL_Driver/Src/stm32f4xx_hal_rcc.c ****   }
 346:Drivers/STM32F4xx_HAL_Driver/Src/stm32f4xx_hal_rcc.c ****   /*------------------------------ LSI Configuration -------------------------*/
 347:Drivers/STM32F4xx_HAL_Driver/Src/stm32f4xx_hal_rcc.c ****   if (((RCC_OscInitStruct->OscillatorType) & RCC_OSCILLATORTYPE_LSI) == RCC_OSCILLATORTYPE_LSI)
 365              		.loc 1 347 3 view .LVU100
 366              		.loc 1 347 26 is_stmt 0 view .LVU101
 367 018c 2368     		ldr	r3, [r4]
 368              		.loc 1 347 6 view .LVU102
 369 018e 13F0080F 		tst	r3, #8
 370 0192 51D0     		beq	.L28
 348:Drivers/STM32F4xx_HAL_Driver/Src/stm32f4xx_hal_rcc.c ****   {
 349:Drivers/STM32F4xx_HAL_Driver/Src/stm32f4xx_hal_rcc.c ****     /* Check the parameters */
 350:Drivers/STM32F4xx_HAL_Driver/Src/stm32f4xx_hal_rcc.c ****     assert_param(IS_RCC_LSI(RCC_OscInitStruct->LSIState));
 371              		.loc 1 350 5 is_stmt 1 view .LVU103
 372 0194 6369     		ldr	r3, [r4, #20]
 373 0196 012B     		cmp	r3, #1
 374 0198 2FD8     		bhi	.L101
 375              	.L29:
 351:Drivers/STM32F4xx_HAL_Driver/Src/stm32f4xx_hal_rcc.c **** 
 352:Drivers/STM32F4xx_HAL_Driver/Src/stm32f4xx_hal_rcc.c ****     /* Check the LSI State */
 353:Drivers/STM32F4xx_HAL_Driver/Src/stm32f4xx_hal_rcc.c ****     if ((RCC_OscInitStruct->LSIState) != RCC_LSI_OFF)
 376              		.loc 1 353 5 view .LVU104
 377              		.loc 1 353 27 is_stmt 0 view .LVU105
 378 019a 6369     		ldr	r3, [r4, #20]
 379              		.loc 1 353 8 view .LVU106
 380 019c 9BB3     		cbz	r3, .L30
 354:Drivers/STM32F4xx_HAL_Driver/Src/stm32f4xx_hal_rcc.c ****     {
 355:Drivers/STM32F4xx_HAL_Driver/Src/stm32f4xx_hal_rcc.c ****       /* Enable the Internal Low Speed oscillator (LSI). */
 356:Drivers/STM32F4xx_HAL_Driver/Src/stm32f4xx_hal_rcc.c ****       __HAL_RCC_LSI_ENABLE();
 381              		.loc 1 356 7 is_stmt 1 view .LVU107
 382 019e 254B     		ldr	r3, .L116+8
 383 01a0 0122     		movs	r2, #1
 384 01a2 C3F8802E 		str	r2, [r3, #3712]
 357:Drivers/STM32F4xx_HAL_Driver/Src/stm32f4xx_hal_rcc.c **** 
 358:Drivers/STM32F4xx_HAL_Driver/Src/stm32f4xx_hal_rcc.c ****       /* Get Start Tick*/
 359:Drivers/STM32F4xx_HAL_Driver/Src/stm32f4xx_hal_rcc.c ****       tickstart = HAL_GetTick();
 385              		.loc 1 359 7 view .LVU108
 386              		.loc 1 359 19 is_stmt 0 view .LVU109
 387 01a6 FFF7FEFF 		bl	HAL_GetTick
 388              	.LVL19:
 389 01aa 0546     		mov	r5, r0
 390              	.LVL20:
 360:Drivers/STM32F4xx_HAL_Driver/Src/stm32f4xx_hal_rcc.c **** 
 361:Drivers/STM32F4xx_HAL_Driver/Src/stm32f4xx_hal_rcc.c ****       /* Wait till LSI is ready */
 362:Drivers/STM32F4xx_HAL_Driver/Src/stm32f4xx_hal_rcc.c ****       while (__HAL_RCC_GET_FLAG(RCC_FLAG_LSIRDY) == RESET)
 391              		.loc 1 362 7 is_stmt 1 view .LVU110
 392              	.L31:
 393              		.loc 1 362 13 view .LVU111
 394              		.loc 1 362 14 is_stmt 0 view .LVU112
 395 01ac 1F4B     		ldr	r3, .L116
 396 01ae 5B6F     		ldr	r3, [r3, #116]
 397              		.loc 1 362 13 view .LVU113
 398 01b0 13F0020F 		tst	r3, #2
ARM GAS  C:\Users\guoch\AppData\Local\Temp\cc1ofrmC.s 			page 15


 399 01b4 40D1     		bne	.L28
 363:Drivers/STM32F4xx_HAL_Driver/Src/stm32f4xx_hal_rcc.c ****       {
 364:Drivers/STM32F4xx_HAL_Driver/Src/stm32f4xx_hal_rcc.c ****         if ((HAL_GetTick() - tickstart) > LSI_TIMEOUT_VALUE)
 400              		.loc 1 364 9 is_stmt 1 view .LVU114
 401              		.loc 1 364 14 is_stmt 0 view .LVU115
 402 01b6 FFF7FEFF 		bl	HAL_GetTick
 403              	.LVL21:
 404              		.loc 1 364 28 view .LVU116
 405 01ba 401B     		subs	r0, r0, r5
 406              		.loc 1 364 12 view .LVU117
 407 01bc 0228     		cmp	r0, #2
 408 01be F5D9     		bls	.L31
 365:Drivers/STM32F4xx_HAL_Driver/Src/stm32f4xx_hal_rcc.c ****         {
 366:Drivers/STM32F4xx_HAL_Driver/Src/stm32f4xx_hal_rcc.c ****           return HAL_TIMEOUT;
 409              		.loc 1 366 18 view .LVU118
 410 01c0 0320     		movs	r0, #3
 411 01c2 85E1     		b	.L3
 412              	.L100:
 325:Drivers/STM32F4xx_HAL_Driver/Src/stm32f4xx_hal_rcc.c ****       }
 413              		.loc 1 325 9 is_stmt 1 view .LVU119
 414 01c4 194A     		ldr	r2, .L116
 415 01c6 1368     		ldr	r3, [r2]
 416 01c8 23F0F803 		bic	r3, r3, #248
 417 01cc 2169     		ldr	r1, [r4, #16]
 418 01ce 43EAC103 		orr	r3, r3, r1, lsl #3
 419 01d2 1360     		str	r3, [r2]
 420 01d4 DAE7     		b	.L17
 421              	.LVL22:
 422              	.L23:
 330:Drivers/STM32F4xx_HAL_Driver/Src/stm32f4xx_hal_rcc.c **** 
 423              		.loc 1 330 9 view .LVU120
 424 01d6 174B     		ldr	r3, .L116+8
 425 01d8 0022     		movs	r2, #0
 426 01da 1A60     		str	r2, [r3]
 333:Drivers/STM32F4xx_HAL_Driver/Src/stm32f4xx_hal_rcc.c **** 
 427              		.loc 1 333 9 view .LVU121
 333:Drivers/STM32F4xx_HAL_Driver/Src/stm32f4xx_hal_rcc.c **** 
 428              		.loc 1 333 21 is_stmt 0 view .LVU122
 429 01dc FFF7FEFF 		bl	HAL_GetTick
 430              	.LVL23:
 431 01e0 0546     		mov	r5, r0
 432              	.LVL24:
 336:Drivers/STM32F4xx_HAL_Driver/Src/stm32f4xx_hal_rcc.c ****         {
 433              		.loc 1 336 9 is_stmt 1 view .LVU123
 434              	.L26:
 336:Drivers/STM32F4xx_HAL_Driver/Src/stm32f4xx_hal_rcc.c ****         {
 435              		.loc 1 336 15 view .LVU124
 336:Drivers/STM32F4xx_HAL_Driver/Src/stm32f4xx_hal_rcc.c ****         {
 436              		.loc 1 336 16 is_stmt 0 view .LVU125
 437 01e2 124B     		ldr	r3, .L116
 438 01e4 1B68     		ldr	r3, [r3]
 336:Drivers/STM32F4xx_HAL_Driver/Src/stm32f4xx_hal_rcc.c ****         {
 439              		.loc 1 336 15 view .LVU126
 440 01e6 13F0020F 		tst	r3, #2
 441 01ea CFD0     		beq	.L17
 338:Drivers/STM32F4xx_HAL_Driver/Src/stm32f4xx_hal_rcc.c ****           {
 442              		.loc 1 338 11 is_stmt 1 view .LVU127
ARM GAS  C:\Users\guoch\AppData\Local\Temp\cc1ofrmC.s 			page 16


 338:Drivers/STM32F4xx_HAL_Driver/Src/stm32f4xx_hal_rcc.c ****           {
 443              		.loc 1 338 16 is_stmt 0 view .LVU128
 444 01ec FFF7FEFF 		bl	HAL_GetTick
 445              	.LVL25:
 338:Drivers/STM32F4xx_HAL_Driver/Src/stm32f4xx_hal_rcc.c ****           {
 446              		.loc 1 338 30 view .LVU129
 447 01f0 401B     		subs	r0, r0, r5
 338:Drivers/STM32F4xx_HAL_Driver/Src/stm32f4xx_hal_rcc.c ****           {
 448              		.loc 1 338 14 view .LVU130
 449 01f2 0228     		cmp	r0, #2
 450 01f4 F5D9     		bls	.L26
 340:Drivers/STM32F4xx_HAL_Driver/Src/stm32f4xx_hal_rcc.c ****           }
 451              		.loc 1 340 20 view .LVU131
 452 01f6 0320     		movs	r0, #3
 453 01f8 6AE1     		b	.L3
 454              	.LVL26:
 455              	.L101:
 350:Drivers/STM32F4xx_HAL_Driver/Src/stm32f4xx_hal_rcc.c **** 
 456              		.loc 1 350 5 discriminator 1 view .LVU132
 457 01fa 4FF4AF71 		mov	r1, #350
 458 01fe 0C48     		ldr	r0, .L116+4
 459 0200 FFF7FEFF 		bl	assert_failed
 460              	.LVL27:
 461 0204 C9E7     		b	.L29
 462              	.L30:
 367:Drivers/STM32F4xx_HAL_Driver/Src/stm32f4xx_hal_rcc.c ****         }
 368:Drivers/STM32F4xx_HAL_Driver/Src/stm32f4xx_hal_rcc.c ****       }
 369:Drivers/STM32F4xx_HAL_Driver/Src/stm32f4xx_hal_rcc.c ****     }
 370:Drivers/STM32F4xx_HAL_Driver/Src/stm32f4xx_hal_rcc.c ****     else
 371:Drivers/STM32F4xx_HAL_Driver/Src/stm32f4xx_hal_rcc.c ****     {
 372:Drivers/STM32F4xx_HAL_Driver/Src/stm32f4xx_hal_rcc.c ****       /* Disable the Internal Low Speed oscillator (LSI). */
 373:Drivers/STM32F4xx_HAL_Driver/Src/stm32f4xx_hal_rcc.c ****       __HAL_RCC_LSI_DISABLE();
 463              		.loc 1 373 7 is_stmt 1 view .LVU133
 464 0206 0B4B     		ldr	r3, .L116+8
 465 0208 0022     		movs	r2, #0
 466 020a C3F8802E 		str	r2, [r3, #3712]
 374:Drivers/STM32F4xx_HAL_Driver/Src/stm32f4xx_hal_rcc.c **** 
 375:Drivers/STM32F4xx_HAL_Driver/Src/stm32f4xx_hal_rcc.c ****       /* Get Start Tick */
 376:Drivers/STM32F4xx_HAL_Driver/Src/stm32f4xx_hal_rcc.c ****       tickstart = HAL_GetTick();
 467              		.loc 1 376 7 view .LVU134
 468              		.loc 1 376 19 is_stmt 0 view .LVU135
 469 020e FFF7FEFF 		bl	HAL_GetTick
 470              	.LVL28:
 471 0212 0546     		mov	r5, r0
 472              	.LVL29:
 377:Drivers/STM32F4xx_HAL_Driver/Src/stm32f4xx_hal_rcc.c **** 
 378:Drivers/STM32F4xx_HAL_Driver/Src/stm32f4xx_hal_rcc.c ****       /* Wait till LSI is ready */
 379:Drivers/STM32F4xx_HAL_Driver/Src/stm32f4xx_hal_rcc.c ****       while (__HAL_RCC_GET_FLAG(RCC_FLAG_LSIRDY) != RESET)
 473              		.loc 1 379 7 is_stmt 1 view .LVU136
 474              	.L33:
 475              		.loc 1 379 13 view .LVU137
 476              		.loc 1 379 14 is_stmt 0 view .LVU138
 477 0214 054B     		ldr	r3, .L116
 478 0216 5B6F     		ldr	r3, [r3, #116]
 479              		.loc 1 379 13 view .LVU139
 480 0218 13F0020F 		tst	r3, #2
 481 021c 0CD0     		beq	.L28
ARM GAS  C:\Users\guoch\AppData\Local\Temp\cc1ofrmC.s 			page 17


 380:Drivers/STM32F4xx_HAL_Driver/Src/stm32f4xx_hal_rcc.c ****       {
 381:Drivers/STM32F4xx_HAL_Driver/Src/stm32f4xx_hal_rcc.c ****         if ((HAL_GetTick() - tickstart) > LSI_TIMEOUT_VALUE)
 482              		.loc 1 381 9 is_stmt 1 view .LVU140
 483              		.loc 1 381 14 is_stmt 0 view .LVU141
 484 021e FFF7FEFF 		bl	HAL_GetTick
 485              	.LVL30:
 486              		.loc 1 381 28 view .LVU142
 487 0222 401B     		subs	r0, r0, r5
 488              		.loc 1 381 12 view .LVU143
 489 0224 0228     		cmp	r0, #2
 490 0226 F5D9     		bls	.L33
 382:Drivers/STM32F4xx_HAL_Driver/Src/stm32f4xx_hal_rcc.c ****         {
 383:Drivers/STM32F4xx_HAL_Driver/Src/stm32f4xx_hal_rcc.c ****           return HAL_TIMEOUT;
 491              		.loc 1 383 18 view .LVU144
 492 0228 0320     		movs	r0, #3
 493 022a 51E1     		b	.L3
 494              	.L117:
 495              		.align	2
 496              	.L116:
 497 022c 00380240 		.word	1073887232
 498 0230 00000000 		.word	.LC0
 499 0234 00004742 		.word	1111949312
 500              	.LVL31:
 501              	.L28:
 384:Drivers/STM32F4xx_HAL_Driver/Src/stm32f4xx_hal_rcc.c ****         }
 385:Drivers/STM32F4xx_HAL_Driver/Src/stm32f4xx_hal_rcc.c ****       }
 386:Drivers/STM32F4xx_HAL_Driver/Src/stm32f4xx_hal_rcc.c ****     }
 387:Drivers/STM32F4xx_HAL_Driver/Src/stm32f4xx_hal_rcc.c ****   }
 388:Drivers/STM32F4xx_HAL_Driver/Src/stm32f4xx_hal_rcc.c ****   /*------------------------------ LSE Configuration -------------------------*/
 389:Drivers/STM32F4xx_HAL_Driver/Src/stm32f4xx_hal_rcc.c ****   if (((RCC_OscInitStruct->OscillatorType) & RCC_OSCILLATORTYPE_LSE) == RCC_OSCILLATORTYPE_LSE)
 502              		.loc 1 389 3 is_stmt 1 view .LVU145
 503              		.loc 1 389 26 is_stmt 0 view .LVU146
 504 0238 2368     		ldr	r3, [r4]
 505              		.loc 1 389 6 view .LVU147
 506 023a 13F0040F 		tst	r3, #4
 507 023e 7CD0     		beq	.L35
 508              	.LBB2:
 390:Drivers/STM32F4xx_HAL_Driver/Src/stm32f4xx_hal_rcc.c ****   {
 391:Drivers/STM32F4xx_HAL_Driver/Src/stm32f4xx_hal_rcc.c ****     FlagStatus       pwrclkchanged = RESET;
 509              		.loc 1 391 5 is_stmt 1 view .LVU148
 510              	.LVL32:
 392:Drivers/STM32F4xx_HAL_Driver/Src/stm32f4xx_hal_rcc.c **** 
 393:Drivers/STM32F4xx_HAL_Driver/Src/stm32f4xx_hal_rcc.c ****     /* Check the parameters */
 394:Drivers/STM32F4xx_HAL_Driver/Src/stm32f4xx_hal_rcc.c ****     assert_param(IS_RCC_LSE(RCC_OscInitStruct->LSEState));
 511              		.loc 1 394 5 view .LVU149
 512 0240 A368     		ldr	r3, [r4, #8]
 513 0242 012B     		cmp	r3, #1
 514 0244 01D9     		bls	.L36
 515              		.loc 1 394 5 is_stmt 0 discriminator 1 view .LVU150
 516 0246 052B     		cmp	r3, #5
 517 0248 38D1     		bne	.L102
 518              	.L36:
 395:Drivers/STM32F4xx_HAL_Driver/Src/stm32f4xx_hal_rcc.c **** 
 396:Drivers/STM32F4xx_HAL_Driver/Src/stm32f4xx_hal_rcc.c ****     /* Update LSE configuration in Backup Domain control register    */
 397:Drivers/STM32F4xx_HAL_Driver/Src/stm32f4xx_hal_rcc.c ****     /* Requires to enable write access to Backup Domain of necessary */
 398:Drivers/STM32F4xx_HAL_Driver/Src/stm32f4xx_hal_rcc.c ****     if (__HAL_RCC_PWR_IS_CLK_DISABLED())
 519              		.loc 1 398 5 is_stmt 1 view .LVU151
ARM GAS  C:\Users\guoch\AppData\Local\Temp\cc1ofrmC.s 			page 18


 520              		.loc 1 398 9 is_stmt 0 view .LVU152
 521 024a A44B     		ldr	r3, .L118
 522 024c 1B6C     		ldr	r3, [r3, #64]
 523              		.loc 1 398 8 view .LVU153
 524 024e 13F0805F 		tst	r3, #268435456
 525 0252 39D1     		bne	.L73
 399:Drivers/STM32F4xx_HAL_Driver/Src/stm32f4xx_hal_rcc.c ****     {
 400:Drivers/STM32F4xx_HAL_Driver/Src/stm32f4xx_hal_rcc.c ****       __HAL_RCC_PWR_CLK_ENABLE();
 526              		.loc 1 400 7 is_stmt 1 view .LVU154
 527              	.LBB3:
 528              		.loc 1 400 7 view .LVU155
 529 0254 0023     		movs	r3, #0
 530 0256 0193     		str	r3, [sp, #4]
 531              		.loc 1 400 7 view .LVU156
 532 0258 A04B     		ldr	r3, .L118
 533 025a 1A6C     		ldr	r2, [r3, #64]
 534 025c 42F08052 		orr	r2, r2, #268435456
 535 0260 1A64     		str	r2, [r3, #64]
 536              		.loc 1 400 7 view .LVU157
 537 0262 1B6C     		ldr	r3, [r3, #64]
 538 0264 03F08053 		and	r3, r3, #268435456
 539 0268 0193     		str	r3, [sp, #4]
 540              		.loc 1 400 7 view .LVU158
 541 026a 019B     		ldr	r3, [sp, #4]
 542              	.LBE3:
 543              		.loc 1 400 7 view .LVU159
 401:Drivers/STM32F4xx_HAL_Driver/Src/stm32f4xx_hal_rcc.c ****       pwrclkchanged = SET;
 544              		.loc 1 401 7 view .LVU160
 545              	.LVL33:
 546              		.loc 1 401 21 is_stmt 0 view .LVU161
 547 026c 0125     		movs	r5, #1
 548              	.LVL34:
 549              	.L37:
 402:Drivers/STM32F4xx_HAL_Driver/Src/stm32f4xx_hal_rcc.c ****     }
 403:Drivers/STM32F4xx_HAL_Driver/Src/stm32f4xx_hal_rcc.c **** 
 404:Drivers/STM32F4xx_HAL_Driver/Src/stm32f4xx_hal_rcc.c ****     if (HAL_IS_BIT_CLR(PWR->CR, PWR_CR_DBP))
 550              		.loc 1 404 5 is_stmt 1 view .LVU162
 551              		.loc 1 404 9 is_stmt 0 view .LVU163
 552 026e 9C4B     		ldr	r3, .L118+4
 553 0270 1B68     		ldr	r3, [r3]
 554              		.loc 1 404 8 view .LVU164
 555 0272 13F4807F 		tst	r3, #256
 556 0276 29D0     		beq	.L103
 557              	.L38:
 405:Drivers/STM32F4xx_HAL_Driver/Src/stm32f4xx_hal_rcc.c ****     {
 406:Drivers/STM32F4xx_HAL_Driver/Src/stm32f4xx_hal_rcc.c ****       /* Enable write access to Backup domain */
 407:Drivers/STM32F4xx_HAL_Driver/Src/stm32f4xx_hal_rcc.c ****       SET_BIT(PWR->CR, PWR_CR_DBP);
 408:Drivers/STM32F4xx_HAL_Driver/Src/stm32f4xx_hal_rcc.c **** 
 409:Drivers/STM32F4xx_HAL_Driver/Src/stm32f4xx_hal_rcc.c ****       /* Wait for Backup domain Write protection disable */
 410:Drivers/STM32F4xx_HAL_Driver/Src/stm32f4xx_hal_rcc.c ****       tickstart = HAL_GetTick();
 411:Drivers/STM32F4xx_HAL_Driver/Src/stm32f4xx_hal_rcc.c **** 
 412:Drivers/STM32F4xx_HAL_Driver/Src/stm32f4xx_hal_rcc.c ****       while (HAL_IS_BIT_CLR(PWR->CR, PWR_CR_DBP))
 413:Drivers/STM32F4xx_HAL_Driver/Src/stm32f4xx_hal_rcc.c ****       {
 414:Drivers/STM32F4xx_HAL_Driver/Src/stm32f4xx_hal_rcc.c ****         if ((HAL_GetTick() - tickstart) > RCC_DBP_TIMEOUT_VALUE)
 415:Drivers/STM32F4xx_HAL_Driver/Src/stm32f4xx_hal_rcc.c ****         {
 416:Drivers/STM32F4xx_HAL_Driver/Src/stm32f4xx_hal_rcc.c ****           return HAL_TIMEOUT;
 417:Drivers/STM32F4xx_HAL_Driver/Src/stm32f4xx_hal_rcc.c ****         }
ARM GAS  C:\Users\guoch\AppData\Local\Temp\cc1ofrmC.s 			page 19


 418:Drivers/STM32F4xx_HAL_Driver/Src/stm32f4xx_hal_rcc.c ****       }
 419:Drivers/STM32F4xx_HAL_Driver/Src/stm32f4xx_hal_rcc.c ****     }
 420:Drivers/STM32F4xx_HAL_Driver/Src/stm32f4xx_hal_rcc.c **** 
 421:Drivers/STM32F4xx_HAL_Driver/Src/stm32f4xx_hal_rcc.c ****     /* Set the new LSE configuration -----------------------------------------*/
 422:Drivers/STM32F4xx_HAL_Driver/Src/stm32f4xx_hal_rcc.c ****     __HAL_RCC_LSE_CONFIG(RCC_OscInitStruct->LSEState);
 558              		.loc 1 422 5 is_stmt 1 view .LVU165
 559              		.loc 1 422 5 view .LVU166
 560 0278 A368     		ldr	r3, [r4, #8]
 561 027a 012B     		cmp	r3, #1
 562 027c 3AD0     		beq	.L104
 563              		.loc 1 422 5 discriminator 2 view .LVU167
 564 027e 052B     		cmp	r3, #5
 565 0280 3ED0     		beq	.L105
 566              		.loc 1 422 5 discriminator 5 view .LVU168
 567 0282 964B     		ldr	r3, .L118
 568 0284 1A6F     		ldr	r2, [r3, #112]
 569 0286 22F00102 		bic	r2, r2, #1
 570 028a 1A67     		str	r2, [r3, #112]
 571              		.loc 1 422 5 discriminator 5 view .LVU169
 572 028c 1A6F     		ldr	r2, [r3, #112]
 573 028e 22F00402 		bic	r2, r2, #4
 574 0292 1A67     		str	r2, [r3, #112]
 575              	.L42:
 576              		.loc 1 422 5 discriminator 7 view .LVU170
 423:Drivers/STM32F4xx_HAL_Driver/Src/stm32f4xx_hal_rcc.c ****     /* Check the LSE State */
 424:Drivers/STM32F4xx_HAL_Driver/Src/stm32f4xx_hal_rcc.c ****     if ((RCC_OscInitStruct->LSEState) != RCC_LSE_OFF)
 577              		.loc 1 424 5 discriminator 7 view .LVU171
 578              		.loc 1 424 27 is_stmt 0 discriminator 7 view .LVU172
 579 0294 A368     		ldr	r3, [r4, #8]
 580              		.loc 1 424 8 discriminator 7 view .LVU173
 581 0296 002B     		cmp	r3, #0
 582 0298 3CD0     		beq	.L44
 425:Drivers/STM32F4xx_HAL_Driver/Src/stm32f4xx_hal_rcc.c ****     {
 426:Drivers/STM32F4xx_HAL_Driver/Src/stm32f4xx_hal_rcc.c ****       /* Get Start Tick*/
 427:Drivers/STM32F4xx_HAL_Driver/Src/stm32f4xx_hal_rcc.c ****       tickstart = HAL_GetTick();
 583              		.loc 1 427 7 is_stmt 1 view .LVU174
 584              		.loc 1 427 19 is_stmt 0 view .LVU175
 585 029a FFF7FEFF 		bl	HAL_GetTick
 586              	.LVL35:
 587 029e 0646     		mov	r6, r0
 588              	.LVL36:
 428:Drivers/STM32F4xx_HAL_Driver/Src/stm32f4xx_hal_rcc.c **** 
 429:Drivers/STM32F4xx_HAL_Driver/Src/stm32f4xx_hal_rcc.c ****       /* Wait till LSE is ready */
 430:Drivers/STM32F4xx_HAL_Driver/Src/stm32f4xx_hal_rcc.c ****       while (__HAL_RCC_GET_FLAG(RCC_FLAG_LSERDY) == RESET)
 589              		.loc 1 430 7 is_stmt 1 view .LVU176
 590              	.L45:
 591              		.loc 1 430 13 view .LVU177
 592              		.loc 1 430 14 is_stmt 0 view .LVU178
 593 02a0 8E4B     		ldr	r3, .L118
 594 02a2 1B6F     		ldr	r3, [r3, #112]
 595              		.loc 1 430 13 view .LVU179
 596 02a4 13F0020F 		tst	r3, #2
 597 02a8 45D1     		bne	.L47
 431:Drivers/STM32F4xx_HAL_Driver/Src/stm32f4xx_hal_rcc.c ****       {
 432:Drivers/STM32F4xx_HAL_Driver/Src/stm32f4xx_hal_rcc.c ****         if ((HAL_GetTick() - tickstart) > RCC_LSE_TIMEOUT_VALUE)
 598              		.loc 1 432 9 is_stmt 1 view .LVU180
 599              		.loc 1 432 14 is_stmt 0 view .LVU181
ARM GAS  C:\Users\guoch\AppData\Local\Temp\cc1ofrmC.s 			page 20


 600 02aa FFF7FEFF 		bl	HAL_GetTick
 601              	.LVL37:
 602              		.loc 1 432 28 view .LVU182
 603 02ae 801B     		subs	r0, r0, r6
 604              		.loc 1 432 12 view .LVU183
 605 02b0 41F28833 		movw	r3, #5000
 606 02b4 9842     		cmp	r0, r3
 607 02b6 F3D9     		bls	.L45
 433:Drivers/STM32F4xx_HAL_Driver/Src/stm32f4xx_hal_rcc.c ****         {
 434:Drivers/STM32F4xx_HAL_Driver/Src/stm32f4xx_hal_rcc.c ****           return HAL_TIMEOUT;
 608              		.loc 1 434 18 view .LVU184
 609 02b8 0320     		movs	r0, #3
 610 02ba 09E1     		b	.L3
 611              	.LVL38:
 612              	.L102:
 394:Drivers/STM32F4xx_HAL_Driver/Src/stm32f4xx_hal_rcc.c **** 
 613              		.loc 1 394 5 discriminator 2 view .LVU185
 614 02bc 4FF4C571 		mov	r1, #394
 615 02c0 8848     		ldr	r0, .L118+8
 616 02c2 FFF7FEFF 		bl	assert_failed
 617              	.LVL39:
 618 02c6 C0E7     		b	.L36
 619              	.L73:
 391:Drivers/STM32F4xx_HAL_Driver/Src/stm32f4xx_hal_rcc.c **** 
 620              		.loc 1 391 22 view .LVU186
 621 02c8 0025     		movs	r5, #0
 622 02ca D0E7     		b	.L37
 623              	.LVL40:
 624              	.L103:
 407:Drivers/STM32F4xx_HAL_Driver/Src/stm32f4xx_hal_rcc.c **** 
 625              		.loc 1 407 7 is_stmt 1 view .LVU187
 626 02cc 844A     		ldr	r2, .L118+4
 627 02ce 1368     		ldr	r3, [r2]
 628 02d0 43F48073 		orr	r3, r3, #256
 629 02d4 1360     		str	r3, [r2]
 410:Drivers/STM32F4xx_HAL_Driver/Src/stm32f4xx_hal_rcc.c **** 
 630              		.loc 1 410 7 view .LVU188
 410:Drivers/STM32F4xx_HAL_Driver/Src/stm32f4xx_hal_rcc.c **** 
 631              		.loc 1 410 19 is_stmt 0 view .LVU189
 632 02d6 FFF7FEFF 		bl	HAL_GetTick
 633              	.LVL41:
 634 02da 0646     		mov	r6, r0
 635              	.LVL42:
 412:Drivers/STM32F4xx_HAL_Driver/Src/stm32f4xx_hal_rcc.c ****       {
 636              		.loc 1 412 7 is_stmt 1 view .LVU190
 637              	.L39:
 412:Drivers/STM32F4xx_HAL_Driver/Src/stm32f4xx_hal_rcc.c ****       {
 638              		.loc 1 412 13 view .LVU191
 412:Drivers/STM32F4xx_HAL_Driver/Src/stm32f4xx_hal_rcc.c ****       {
 639              		.loc 1 412 14 is_stmt 0 view .LVU192
 640 02dc 804B     		ldr	r3, .L118+4
 641 02de 1B68     		ldr	r3, [r3]
 412:Drivers/STM32F4xx_HAL_Driver/Src/stm32f4xx_hal_rcc.c ****       {
 642              		.loc 1 412 13 view .LVU193
 643 02e0 13F4807F 		tst	r3, #256
 644 02e4 C8D1     		bne	.L38
 414:Drivers/STM32F4xx_HAL_Driver/Src/stm32f4xx_hal_rcc.c ****         {
ARM GAS  C:\Users\guoch\AppData\Local\Temp\cc1ofrmC.s 			page 21


 645              		.loc 1 414 9 is_stmt 1 view .LVU194
 414:Drivers/STM32F4xx_HAL_Driver/Src/stm32f4xx_hal_rcc.c ****         {
 646              		.loc 1 414 14 is_stmt 0 view .LVU195
 647 02e6 FFF7FEFF 		bl	HAL_GetTick
 648              	.LVL43:
 414:Drivers/STM32F4xx_HAL_Driver/Src/stm32f4xx_hal_rcc.c ****         {
 649              		.loc 1 414 28 view .LVU196
 650 02ea 801B     		subs	r0, r0, r6
 414:Drivers/STM32F4xx_HAL_Driver/Src/stm32f4xx_hal_rcc.c ****         {
 651              		.loc 1 414 12 view .LVU197
 652 02ec 0228     		cmp	r0, #2
 653 02ee F5D9     		bls	.L39
 416:Drivers/STM32F4xx_HAL_Driver/Src/stm32f4xx_hal_rcc.c ****         }
 654              		.loc 1 416 18 view .LVU198
 655 02f0 0320     		movs	r0, #3
 656 02f2 EDE0     		b	.L3
 657              	.LVL44:
 658              	.L104:
 422:Drivers/STM32F4xx_HAL_Driver/Src/stm32f4xx_hal_rcc.c ****     /* Check the LSE State */
 659              		.loc 1 422 5 is_stmt 1 discriminator 1 view .LVU199
 660 02f4 794A     		ldr	r2, .L118
 661 02f6 136F     		ldr	r3, [r2, #112]
 662 02f8 43F00103 		orr	r3, r3, #1
 663 02fc 1367     		str	r3, [r2, #112]
 664 02fe C9E7     		b	.L42
 665              	.L105:
 422:Drivers/STM32F4xx_HAL_Driver/Src/stm32f4xx_hal_rcc.c ****     /* Check the LSE State */
 666              		.loc 1 422 5 discriminator 4 view .LVU200
 667 0300 764B     		ldr	r3, .L118
 668 0302 1A6F     		ldr	r2, [r3, #112]
 669 0304 42F00402 		orr	r2, r2, #4
 670 0308 1A67     		str	r2, [r3, #112]
 422:Drivers/STM32F4xx_HAL_Driver/Src/stm32f4xx_hal_rcc.c ****     /* Check the LSE State */
 671              		.loc 1 422 5 discriminator 4 view .LVU201
 672 030a 1A6F     		ldr	r2, [r3, #112]
 673 030c 42F00102 		orr	r2, r2, #1
 674 0310 1A67     		str	r2, [r3, #112]
 675 0312 BFE7     		b	.L42
 676              	.L44:
 435:Drivers/STM32F4xx_HAL_Driver/Src/stm32f4xx_hal_rcc.c ****         }
 436:Drivers/STM32F4xx_HAL_Driver/Src/stm32f4xx_hal_rcc.c ****       }
 437:Drivers/STM32F4xx_HAL_Driver/Src/stm32f4xx_hal_rcc.c ****     }
 438:Drivers/STM32F4xx_HAL_Driver/Src/stm32f4xx_hal_rcc.c ****     else
 439:Drivers/STM32F4xx_HAL_Driver/Src/stm32f4xx_hal_rcc.c ****     {
 440:Drivers/STM32F4xx_HAL_Driver/Src/stm32f4xx_hal_rcc.c ****       /* Get Start Tick */
 441:Drivers/STM32F4xx_HAL_Driver/Src/stm32f4xx_hal_rcc.c ****       tickstart = HAL_GetTick();
 677              		.loc 1 441 7 view .LVU202
 678              		.loc 1 441 19 is_stmt 0 view .LVU203
 679 0314 FFF7FEFF 		bl	HAL_GetTick
 680              	.LVL45:
 681 0318 0646     		mov	r6, r0
 682              	.LVL46:
 442:Drivers/STM32F4xx_HAL_Driver/Src/stm32f4xx_hal_rcc.c **** 
 443:Drivers/STM32F4xx_HAL_Driver/Src/stm32f4xx_hal_rcc.c ****       /* Wait till LSE is ready */
 444:Drivers/STM32F4xx_HAL_Driver/Src/stm32f4xx_hal_rcc.c ****       while (__HAL_RCC_GET_FLAG(RCC_FLAG_LSERDY) != RESET)
 683              		.loc 1 444 7 is_stmt 1 view .LVU204
 684              	.L48:
ARM GAS  C:\Users\guoch\AppData\Local\Temp\cc1ofrmC.s 			page 22


 685              		.loc 1 444 13 view .LVU205
 686              		.loc 1 444 14 is_stmt 0 view .LVU206
 687 031a 704B     		ldr	r3, .L118
 688 031c 1B6F     		ldr	r3, [r3, #112]
 689              		.loc 1 444 13 view .LVU207
 690 031e 13F0020F 		tst	r3, #2
 691 0322 08D0     		beq	.L47
 445:Drivers/STM32F4xx_HAL_Driver/Src/stm32f4xx_hal_rcc.c ****       {
 446:Drivers/STM32F4xx_HAL_Driver/Src/stm32f4xx_hal_rcc.c ****         if ((HAL_GetTick() - tickstart) > RCC_LSE_TIMEOUT_VALUE)
 692              		.loc 1 446 9 is_stmt 1 view .LVU208
 693              		.loc 1 446 14 is_stmt 0 view .LVU209
 694 0324 FFF7FEFF 		bl	HAL_GetTick
 695              	.LVL47:
 696              		.loc 1 446 28 view .LVU210
 697 0328 801B     		subs	r0, r0, r6
 698              		.loc 1 446 12 view .LVU211
 699 032a 41F28833 		movw	r3, #5000
 700 032e 9842     		cmp	r0, r3
 701 0330 F3D9     		bls	.L48
 447:Drivers/STM32F4xx_HAL_Driver/Src/stm32f4xx_hal_rcc.c ****         {
 448:Drivers/STM32F4xx_HAL_Driver/Src/stm32f4xx_hal_rcc.c ****           return HAL_TIMEOUT;
 702              		.loc 1 448 18 view .LVU212
 703 0332 0320     		movs	r0, #3
 704 0334 CCE0     		b	.L3
 705              	.L47:
 449:Drivers/STM32F4xx_HAL_Driver/Src/stm32f4xx_hal_rcc.c ****         }
 450:Drivers/STM32F4xx_HAL_Driver/Src/stm32f4xx_hal_rcc.c ****       }
 451:Drivers/STM32F4xx_HAL_Driver/Src/stm32f4xx_hal_rcc.c ****     }
 452:Drivers/STM32F4xx_HAL_Driver/Src/stm32f4xx_hal_rcc.c **** 
 453:Drivers/STM32F4xx_HAL_Driver/Src/stm32f4xx_hal_rcc.c ****     /* Restore clock configuration if changed */
 454:Drivers/STM32F4xx_HAL_Driver/Src/stm32f4xx_hal_rcc.c ****     if (pwrclkchanged == SET)
 706              		.loc 1 454 5 is_stmt 1 view .LVU213
 707              		.loc 1 454 8 is_stmt 0 view .LVU214
 708 0336 002D     		cmp	r5, #0
 709 0338 3CD1     		bne	.L106
 710              	.LVL48:
 711              	.L35:
 712              		.loc 1 454 8 view .LVU215
 713              	.LBE2:
 455:Drivers/STM32F4xx_HAL_Driver/Src/stm32f4xx_hal_rcc.c ****     {
 456:Drivers/STM32F4xx_HAL_Driver/Src/stm32f4xx_hal_rcc.c ****       __HAL_RCC_PWR_CLK_DISABLE();
 457:Drivers/STM32F4xx_HAL_Driver/Src/stm32f4xx_hal_rcc.c ****     }
 458:Drivers/STM32F4xx_HAL_Driver/Src/stm32f4xx_hal_rcc.c ****   }
 459:Drivers/STM32F4xx_HAL_Driver/Src/stm32f4xx_hal_rcc.c ****   /*-------------------------------- PLL Configuration -----------------------*/
 460:Drivers/STM32F4xx_HAL_Driver/Src/stm32f4xx_hal_rcc.c ****   /* Check the parameters */
 461:Drivers/STM32F4xx_HAL_Driver/Src/stm32f4xx_hal_rcc.c ****   assert_param(IS_RCC_PLL(RCC_OscInitStruct->PLL.PLLState));
 714              		.loc 1 461 3 is_stmt 1 view .LVU216
 715 033a A369     		ldr	r3, [r4, #24]
 716 033c 022B     		cmp	r3, #2
 717 033e 3FD8     		bhi	.L107
 718              	.L50:
 462:Drivers/STM32F4xx_HAL_Driver/Src/stm32f4xx_hal_rcc.c ****   if ((RCC_OscInitStruct->PLL.PLLState) != RCC_PLL_NONE)
 719              		.loc 1 462 3 view .LVU217
 720              		.loc 1 462 30 is_stmt 0 view .LVU218
 721 0340 A369     		ldr	r3, [r4, #24]
 722              		.loc 1 462 6 view .LVU219
 723 0342 002B     		cmp	r3, #0
ARM GAS  C:\Users\guoch\AppData\Local\Temp\cc1ofrmC.s 			page 23


 724 0344 00F0C380 		beq	.L77
 463:Drivers/STM32F4xx_HAL_Driver/Src/stm32f4xx_hal_rcc.c ****   {
 464:Drivers/STM32F4xx_HAL_Driver/Src/stm32f4xx_hal_rcc.c ****     /* Check if the PLL is used as system clock or not */
 465:Drivers/STM32F4xx_HAL_Driver/Src/stm32f4xx_hal_rcc.c ****     if (__HAL_RCC_GET_SYSCLK_SOURCE() != RCC_CFGR_SWS_PLL)
 725              		.loc 1 465 5 is_stmt 1 view .LVU220
 726              		.loc 1 465 9 is_stmt 0 view .LVU221
 727 0348 644A     		ldr	r2, .L118
 728 034a 9268     		ldr	r2, [r2, #8]
 729 034c 02F00C02 		and	r2, r2, #12
 730              		.loc 1 465 8 view .LVU222
 731 0350 082A     		cmp	r2, #8
 732 0352 00F09180 		beq	.L51
 466:Drivers/STM32F4xx_HAL_Driver/Src/stm32f4xx_hal_rcc.c ****     {
 467:Drivers/STM32F4xx_HAL_Driver/Src/stm32f4xx_hal_rcc.c ****       if ((RCC_OscInitStruct->PLL.PLLState) == RCC_PLL_ON)
 733              		.loc 1 467 7 is_stmt 1 view .LVU223
 734              		.loc 1 467 10 is_stmt 0 view .LVU224
 735 0356 022B     		cmp	r3, #2
 736 0358 7AD1     		bne	.L52
 468:Drivers/STM32F4xx_HAL_Driver/Src/stm32f4xx_hal_rcc.c ****       {
 469:Drivers/STM32F4xx_HAL_Driver/Src/stm32f4xx_hal_rcc.c ****         /* Check the parameters */
 470:Drivers/STM32F4xx_HAL_Driver/Src/stm32f4xx_hal_rcc.c ****         assert_param(IS_RCC_PLLSOURCE(RCC_OscInitStruct->PLL.PLLSource));
 737              		.loc 1 470 9 is_stmt 1 view .LVU225
 738 035a E369     		ldr	r3, [r4, #28]
 739 035c 13B1     		cbz	r3, .L53
 740              		.loc 1 470 9 is_stmt 0 discriminator 1 view .LVU226
 741 035e B3F5800F 		cmp	r3, #4194304
 742 0362 33D1     		bne	.L108
 743              	.L53:
 471:Drivers/STM32F4xx_HAL_Driver/Src/stm32f4xx_hal_rcc.c ****         assert_param(IS_RCC_PLLM_VALUE(RCC_OscInitStruct->PLL.PLLM));
 744              		.loc 1 471 9 is_stmt 1 view .LVU227
 745 0364 236A     		ldr	r3, [r4, #32]
 746 0366 023B     		subs	r3, r3, #2
 747 0368 3D2B     		cmp	r3, #61
 748 036a 35D8     		bhi	.L109
 749              	.L54:
 472:Drivers/STM32F4xx_HAL_Driver/Src/stm32f4xx_hal_rcc.c ****         assert_param(IS_RCC_PLLN_VALUE(RCC_OscInitStruct->PLL.PLLN));
 750              		.loc 1 472 9 view .LVU228
 751 036c 636A     		ldr	r3, [r4, #36]
 752 036e 323B     		subs	r3, r3, #50
 753 0370 B3F5BF7F 		cmp	r3, #382
 754 0374 36D8     		bhi	.L110
 755              	.L55:
 473:Drivers/STM32F4xx_HAL_Driver/Src/stm32f4xx_hal_rcc.c ****         assert_param(IS_RCC_PLLP_VALUE(RCC_OscInitStruct->PLL.PLLP));
 756              		.loc 1 473 9 view .LVU229
 757 0376 A36A     		ldr	r3, [r4, #40]
 758 0378 022B     		cmp	r3, #2
 759 037a 05D0     		beq	.L56
 760              		.loc 1 473 9 is_stmt 0 discriminator 1 view .LVU230
 761 037c 042B     		cmp	r3, #4
 762 037e 03D0     		beq	.L56
 763              		.loc 1 473 9 discriminator 2 view .LVU231
 764 0380 062B     		cmp	r3, #6
 765 0382 01D0     		beq	.L56
 766              		.loc 1 473 9 discriminator 3 view .LVU232
 767 0384 082B     		cmp	r3, #8
 768 0386 33D1     		bne	.L111
 769              	.L56:
ARM GAS  C:\Users\guoch\AppData\Local\Temp\cc1ofrmC.s 			page 24


 474:Drivers/STM32F4xx_HAL_Driver/Src/stm32f4xx_hal_rcc.c ****         assert_param(IS_RCC_PLLQ_VALUE(RCC_OscInitStruct->PLL.PLLQ));
 770              		.loc 1 474 9 is_stmt 1 view .LVU233
 771 0388 E36A     		ldr	r3, [r4, #44]
 772 038a 023B     		subs	r3, r3, #2
 773 038c 0D2B     		cmp	r3, #13
 774 038e 35D8     		bhi	.L112
 775              	.L57:
 475:Drivers/STM32F4xx_HAL_Driver/Src/stm32f4xx_hal_rcc.c **** 
 476:Drivers/STM32F4xx_HAL_Driver/Src/stm32f4xx_hal_rcc.c ****         /* Disable the main PLL. */
 477:Drivers/STM32F4xx_HAL_Driver/Src/stm32f4xx_hal_rcc.c ****         __HAL_RCC_PLL_DISABLE();
 776              		.loc 1 477 9 view .LVU234
 777 0390 554B     		ldr	r3, .L118+12
 778 0392 0022     		movs	r2, #0
 779 0394 1A66     		str	r2, [r3, #96]
 478:Drivers/STM32F4xx_HAL_Driver/Src/stm32f4xx_hal_rcc.c **** 
 479:Drivers/STM32F4xx_HAL_Driver/Src/stm32f4xx_hal_rcc.c ****         /* Get Start Tick */
 480:Drivers/STM32F4xx_HAL_Driver/Src/stm32f4xx_hal_rcc.c ****         tickstart = HAL_GetTick();
 780              		.loc 1 480 9 view .LVU235
 781              		.loc 1 480 21 is_stmt 0 view .LVU236
 782 0396 FFF7FEFF 		bl	HAL_GetTick
 783              	.LVL49:
 784 039a 0546     		mov	r5, r0
 785              	.LVL50:
 481:Drivers/STM32F4xx_HAL_Driver/Src/stm32f4xx_hal_rcc.c **** 
 482:Drivers/STM32F4xx_HAL_Driver/Src/stm32f4xx_hal_rcc.c ****         /* Wait till PLL is disabled */
 483:Drivers/STM32F4xx_HAL_Driver/Src/stm32f4xx_hal_rcc.c ****         while (__HAL_RCC_GET_FLAG(RCC_FLAG_PLLRDY) != RESET)
 786              		.loc 1 483 9 is_stmt 1 view .LVU237
 787              	.L58:
 788              		.loc 1 483 15 view .LVU238
 789              		.loc 1 483 16 is_stmt 0 view .LVU239
 790 039c 4F4B     		ldr	r3, .L118
 791 039e 1B68     		ldr	r3, [r3]
 792              		.loc 1 483 15 view .LVU240
 793 03a0 13F0007F 		tst	r3, #33554432
 794 03a4 30D0     		beq	.L113
 484:Drivers/STM32F4xx_HAL_Driver/Src/stm32f4xx_hal_rcc.c ****         {
 485:Drivers/STM32F4xx_HAL_Driver/Src/stm32f4xx_hal_rcc.c ****           if ((HAL_GetTick() - tickstart) > PLL_TIMEOUT_VALUE)
 795              		.loc 1 485 11 is_stmt 1 view .LVU241
 796              		.loc 1 485 16 is_stmt 0 view .LVU242
 797 03a6 FFF7FEFF 		bl	HAL_GetTick
 798              	.LVL51:
 799              		.loc 1 485 30 view .LVU243
 800 03aa 401B     		subs	r0, r0, r5
 801              		.loc 1 485 14 view .LVU244
 802 03ac 0228     		cmp	r0, #2
 803 03ae F5D9     		bls	.L58
 486:Drivers/STM32F4xx_HAL_Driver/Src/stm32f4xx_hal_rcc.c ****           {
 487:Drivers/STM32F4xx_HAL_Driver/Src/stm32f4xx_hal_rcc.c ****             return HAL_TIMEOUT;
 804              		.loc 1 487 20 view .LVU245
 805 03b0 0320     		movs	r0, #3
 806 03b2 8DE0     		b	.L3
 807              	.LVL52:
 808              	.L106:
 809              	.LBB4:
 456:Drivers/STM32F4xx_HAL_Driver/Src/stm32f4xx_hal_rcc.c ****     }
 810              		.loc 1 456 7 is_stmt 1 view .LVU246
 811 03b4 494A     		ldr	r2, .L118
ARM GAS  C:\Users\guoch\AppData\Local\Temp\cc1ofrmC.s 			page 25


 812 03b6 136C     		ldr	r3, [r2, #64]
 813 03b8 23F08053 		bic	r3, r3, #268435456
 814 03bc 1364     		str	r3, [r2, #64]
 815 03be BCE7     		b	.L35
 816              	.LVL53:
 817              	.L107:
 456:Drivers/STM32F4xx_HAL_Driver/Src/stm32f4xx_hal_rcc.c ****     }
 818              		.loc 1 456 7 is_stmt 0 view .LVU247
 819              	.LBE4:
 461:Drivers/STM32F4xx_HAL_Driver/Src/stm32f4xx_hal_rcc.c ****   if ((RCC_OscInitStruct->PLL.PLLState) != RCC_PLL_NONE)
 820              		.loc 1 461 3 discriminator 1 view .LVU248
 821 03c0 40F2CD11 		movw	r1, #461
 822 03c4 4748     		ldr	r0, .L118+8
 823 03c6 FFF7FEFF 		bl	assert_failed
 824              	.LVL54:
 825 03ca B9E7     		b	.L50
 826              	.L108:
 470:Drivers/STM32F4xx_HAL_Driver/Src/stm32f4xx_hal_rcc.c ****         assert_param(IS_RCC_PLLM_VALUE(RCC_OscInitStruct->PLL.PLLM));
 827              		.loc 1 470 9 discriminator 2 view .LVU249
 828 03cc 4FF4EB71 		mov	r1, #470
 829 03d0 4448     		ldr	r0, .L118+8
 830 03d2 FFF7FEFF 		bl	assert_failed
 831              	.LVL55:
 832 03d6 C5E7     		b	.L53
 833              	.L109:
 471:Drivers/STM32F4xx_HAL_Driver/Src/stm32f4xx_hal_rcc.c ****         assert_param(IS_RCC_PLLN_VALUE(RCC_OscInitStruct->PLL.PLLN));
 834              		.loc 1 471 9 discriminator 1 view .LVU250
 835 03d8 40F2D711 		movw	r1, #471
 836 03dc 4148     		ldr	r0, .L118+8
 837 03de FFF7FEFF 		bl	assert_failed
 838              	.LVL56:
 839 03e2 C3E7     		b	.L54
 840              	.L110:
 472:Drivers/STM32F4xx_HAL_Driver/Src/stm32f4xx_hal_rcc.c ****         assert_param(IS_RCC_PLLP_VALUE(RCC_OscInitStruct->PLL.PLLP));
 841              		.loc 1 472 9 discriminator 1 view .LVU251
 842 03e4 4FF4EC71 		mov	r1, #472
 843 03e8 3E48     		ldr	r0, .L118+8
 844 03ea FFF7FEFF 		bl	assert_failed
 845              	.LVL57:
 846 03ee C2E7     		b	.L55
 847              	.L111:
 473:Drivers/STM32F4xx_HAL_Driver/Src/stm32f4xx_hal_rcc.c ****         assert_param(IS_RCC_PLLQ_VALUE(RCC_OscInitStruct->PLL.PLLQ));
 848              		.loc 1 473 9 discriminator 4 view .LVU252
 849 03f0 40F2D911 		movw	r1, #473
 850 03f4 3B48     		ldr	r0, .L118+8
 851 03f6 FFF7FEFF 		bl	assert_failed
 852              	.LVL58:
 853 03fa C5E7     		b	.L56
 854              	.L112:
 474:Drivers/STM32F4xx_HAL_Driver/Src/stm32f4xx_hal_rcc.c **** 
 855              		.loc 1 474 9 discriminator 1 view .LVU253
 856 03fc 4FF4ED71 		mov	r1, #474
 857 0400 3848     		ldr	r0, .L118+8
 858 0402 FFF7FEFF 		bl	assert_failed
 859              	.LVL59:
 860 0406 C3E7     		b	.L57
 861              	.LVL60:
ARM GAS  C:\Users\guoch\AppData\Local\Temp\cc1ofrmC.s 			page 26


 862              	.L113:
 488:Drivers/STM32F4xx_HAL_Driver/Src/stm32f4xx_hal_rcc.c ****           }
 489:Drivers/STM32F4xx_HAL_Driver/Src/stm32f4xx_hal_rcc.c ****         }
 490:Drivers/STM32F4xx_HAL_Driver/Src/stm32f4xx_hal_rcc.c **** 
 491:Drivers/STM32F4xx_HAL_Driver/Src/stm32f4xx_hal_rcc.c ****         /* Configure the main PLL clock source, multiplication and division factors. */
 492:Drivers/STM32F4xx_HAL_Driver/Src/stm32f4xx_hal_rcc.c ****         WRITE_REG(RCC->PLLCFGR, (RCC_OscInitStruct->PLL.PLLSource                                  
 863              		.loc 1 492 9 is_stmt 1 view .LVU254
 864 0408 E369     		ldr	r3, [r4, #28]
 865 040a 226A     		ldr	r2, [r4, #32]
 866 040c 1343     		orrs	r3, r3, r2
 867 040e 626A     		ldr	r2, [r4, #36]
 868 0410 43EA8213 		orr	r3, r3, r2, lsl #6
 869 0414 A26A     		ldr	r2, [r4, #40]
 870 0416 5208     		lsrs	r2, r2, #1
 871 0418 013A     		subs	r2, r2, #1
 872 041a 43EA0243 		orr	r3, r3, r2, lsl #16
 873 041e E26A     		ldr	r2, [r4, #44]
 874 0420 43EA0263 		orr	r3, r3, r2, lsl #24
 875 0424 2D4A     		ldr	r2, .L118
 876 0426 5360     		str	r3, [r2, #4]
 493:Drivers/STM32F4xx_HAL_Driver/Src/stm32f4xx_hal_rcc.c ****                                  RCC_OscInitStruct->PLL.PLLM                                       
 494:Drivers/STM32F4xx_HAL_Driver/Src/stm32f4xx_hal_rcc.c ****                                  (RCC_OscInitStruct->PLL.PLLN << RCC_PLLCFGR_PLLN_Pos)             
 495:Drivers/STM32F4xx_HAL_Driver/Src/stm32f4xx_hal_rcc.c ****                                  (((RCC_OscInitStruct->PLL.PLLP >> 1U) - 1U) << RCC_PLLCFGR_PLLP_Po
 496:Drivers/STM32F4xx_HAL_Driver/Src/stm32f4xx_hal_rcc.c ****                                  (RCC_OscInitStruct->PLL.PLLQ << RCC_PLLCFGR_PLLQ_Pos)));
 497:Drivers/STM32F4xx_HAL_Driver/Src/stm32f4xx_hal_rcc.c ****         /* Enable the main PLL. */
 498:Drivers/STM32F4xx_HAL_Driver/Src/stm32f4xx_hal_rcc.c ****         __HAL_RCC_PLL_ENABLE();
 877              		.loc 1 498 9 view .LVU255
 878 0428 2F4B     		ldr	r3, .L118+12
 879 042a 0122     		movs	r2, #1
 880 042c 1A66     		str	r2, [r3, #96]
 499:Drivers/STM32F4xx_HAL_Driver/Src/stm32f4xx_hal_rcc.c **** 
 500:Drivers/STM32F4xx_HAL_Driver/Src/stm32f4xx_hal_rcc.c ****         /* Get Start Tick */
 501:Drivers/STM32F4xx_HAL_Driver/Src/stm32f4xx_hal_rcc.c ****         tickstart = HAL_GetTick();
 881              		.loc 1 501 9 view .LVU256
 882              		.loc 1 501 21 is_stmt 0 view .LVU257
 883 042e FFF7FEFF 		bl	HAL_GetTick
 884              	.LVL61:
 885 0432 0446     		mov	r4, r0
 886              	.LVL62:
 502:Drivers/STM32F4xx_HAL_Driver/Src/stm32f4xx_hal_rcc.c **** 
 503:Drivers/STM32F4xx_HAL_Driver/Src/stm32f4xx_hal_rcc.c ****         /* Wait till PLL is ready */
 504:Drivers/STM32F4xx_HAL_Driver/Src/stm32f4xx_hal_rcc.c ****         while (__HAL_RCC_GET_FLAG(RCC_FLAG_PLLRDY) == RESET)
 887              		.loc 1 504 9 is_stmt 1 view .LVU258
 888              	.L60:
 889              		.loc 1 504 15 view .LVU259
 890              		.loc 1 504 16 is_stmt 0 view .LVU260
 891 0434 294B     		ldr	r3, .L118
 892 0436 1B68     		ldr	r3, [r3]
 893              		.loc 1 504 15 view .LVU261
 894 0438 13F0007F 		tst	r3, #33554432
 895 043c 06D1     		bne	.L114
 505:Drivers/STM32F4xx_HAL_Driver/Src/stm32f4xx_hal_rcc.c ****         {
 506:Drivers/STM32F4xx_HAL_Driver/Src/stm32f4xx_hal_rcc.c ****           if ((HAL_GetTick() - tickstart) > PLL_TIMEOUT_VALUE)
 896              		.loc 1 506 11 is_stmt 1 view .LVU262
 897              		.loc 1 506 16 is_stmt 0 view .LVU263
 898 043e FFF7FEFF 		bl	HAL_GetTick
 899              	.LVL63:
ARM GAS  C:\Users\guoch\AppData\Local\Temp\cc1ofrmC.s 			page 27


 900              		.loc 1 506 30 view .LVU264
 901 0442 001B     		subs	r0, r0, r4
 902              		.loc 1 506 14 view .LVU265
 903 0444 0228     		cmp	r0, #2
 904 0446 F5D9     		bls	.L60
 507:Drivers/STM32F4xx_HAL_Driver/Src/stm32f4xx_hal_rcc.c ****           {
 508:Drivers/STM32F4xx_HAL_Driver/Src/stm32f4xx_hal_rcc.c ****             return HAL_TIMEOUT;
 905              		.loc 1 508 20 view .LVU266
 906 0448 0320     		movs	r0, #3
 907 044a 41E0     		b	.L3
 908              	.L114:
 509:Drivers/STM32F4xx_HAL_Driver/Src/stm32f4xx_hal_rcc.c ****           }
 510:Drivers/STM32F4xx_HAL_Driver/Src/stm32f4xx_hal_rcc.c ****         }
 511:Drivers/STM32F4xx_HAL_Driver/Src/stm32f4xx_hal_rcc.c ****       }
 512:Drivers/STM32F4xx_HAL_Driver/Src/stm32f4xx_hal_rcc.c ****       else
 513:Drivers/STM32F4xx_HAL_Driver/Src/stm32f4xx_hal_rcc.c ****       {
 514:Drivers/STM32F4xx_HAL_Driver/Src/stm32f4xx_hal_rcc.c ****         /* Disable the main PLL. */
 515:Drivers/STM32F4xx_HAL_Driver/Src/stm32f4xx_hal_rcc.c ****         __HAL_RCC_PLL_DISABLE();
 516:Drivers/STM32F4xx_HAL_Driver/Src/stm32f4xx_hal_rcc.c **** 
 517:Drivers/STM32F4xx_HAL_Driver/Src/stm32f4xx_hal_rcc.c ****         /* Get Start Tick */
 518:Drivers/STM32F4xx_HAL_Driver/Src/stm32f4xx_hal_rcc.c ****         tickstart = HAL_GetTick();
 519:Drivers/STM32F4xx_HAL_Driver/Src/stm32f4xx_hal_rcc.c **** 
 520:Drivers/STM32F4xx_HAL_Driver/Src/stm32f4xx_hal_rcc.c ****         /* Wait till PLL is disabled */
 521:Drivers/STM32F4xx_HAL_Driver/Src/stm32f4xx_hal_rcc.c ****         while (__HAL_RCC_GET_FLAG(RCC_FLAG_PLLRDY) != RESET)
 522:Drivers/STM32F4xx_HAL_Driver/Src/stm32f4xx_hal_rcc.c ****         {
 523:Drivers/STM32F4xx_HAL_Driver/Src/stm32f4xx_hal_rcc.c ****           if ((HAL_GetTick() - tickstart) > PLL_TIMEOUT_VALUE)
 524:Drivers/STM32F4xx_HAL_Driver/Src/stm32f4xx_hal_rcc.c ****           {
 525:Drivers/STM32F4xx_HAL_Driver/Src/stm32f4xx_hal_rcc.c ****             return HAL_TIMEOUT;
 526:Drivers/STM32F4xx_HAL_Driver/Src/stm32f4xx_hal_rcc.c ****           }
 527:Drivers/STM32F4xx_HAL_Driver/Src/stm32f4xx_hal_rcc.c ****         }
 528:Drivers/STM32F4xx_HAL_Driver/Src/stm32f4xx_hal_rcc.c ****       }
 529:Drivers/STM32F4xx_HAL_Driver/Src/stm32f4xx_hal_rcc.c ****     }
 530:Drivers/STM32F4xx_HAL_Driver/Src/stm32f4xx_hal_rcc.c ****     else
 531:Drivers/STM32F4xx_HAL_Driver/Src/stm32f4xx_hal_rcc.c ****     {
 532:Drivers/STM32F4xx_HAL_Driver/Src/stm32f4xx_hal_rcc.c ****       /* Check if there is a request to disable the PLL used as System clock source */
 533:Drivers/STM32F4xx_HAL_Driver/Src/stm32f4xx_hal_rcc.c ****       if ((RCC_OscInitStruct->PLL.PLLState) == RCC_PLL_OFF)
 534:Drivers/STM32F4xx_HAL_Driver/Src/stm32f4xx_hal_rcc.c ****       {
 535:Drivers/STM32F4xx_HAL_Driver/Src/stm32f4xx_hal_rcc.c ****         return HAL_ERROR;
 536:Drivers/STM32F4xx_HAL_Driver/Src/stm32f4xx_hal_rcc.c ****       }
 537:Drivers/STM32F4xx_HAL_Driver/Src/stm32f4xx_hal_rcc.c ****       else
 538:Drivers/STM32F4xx_HAL_Driver/Src/stm32f4xx_hal_rcc.c ****       {
 539:Drivers/STM32F4xx_HAL_Driver/Src/stm32f4xx_hal_rcc.c ****         /* Do not return HAL_ERROR if request repeats the current configuration */
 540:Drivers/STM32F4xx_HAL_Driver/Src/stm32f4xx_hal_rcc.c ****         pll_config = RCC->PLLCFGR;
 541:Drivers/STM32F4xx_HAL_Driver/Src/stm32f4xx_hal_rcc.c **** #if defined (RCC_PLLCFGR_PLLR)
 542:Drivers/STM32F4xx_HAL_Driver/Src/stm32f4xx_hal_rcc.c ****         if (((RCC_OscInitStruct->PLL.PLLState) == RCC_PLL_OFF) ||
 543:Drivers/STM32F4xx_HAL_Driver/Src/stm32f4xx_hal_rcc.c ****             (READ_BIT(pll_config, RCC_PLLCFGR_PLLSRC) != RCC_OscInitStruct->PLL.PLLSource) ||
 544:Drivers/STM32F4xx_HAL_Driver/Src/stm32f4xx_hal_rcc.c ****             (READ_BIT(pll_config, RCC_PLLCFGR_PLLM) != (RCC_OscInitStruct->PLL.PLLM) << RCC_PLLCFGR
 545:Drivers/STM32F4xx_HAL_Driver/Src/stm32f4xx_hal_rcc.c ****             (READ_BIT(pll_config, RCC_PLLCFGR_PLLN) != (RCC_OscInitStruct->PLL.PLLN) << RCC_PLLCFGR
 546:Drivers/STM32F4xx_HAL_Driver/Src/stm32f4xx_hal_rcc.c ****             (READ_BIT(pll_config, RCC_PLLCFGR_PLLP) != (((RCC_OscInitStruct->PLL.PLLP >> 1U) - 1U))
 547:Drivers/STM32F4xx_HAL_Driver/Src/stm32f4xx_hal_rcc.c ****             (READ_BIT(pll_config, RCC_PLLCFGR_PLLQ) != (RCC_OscInitStruct->PLL.PLLQ << RCC_PLLCFGR_
 548:Drivers/STM32F4xx_HAL_Driver/Src/stm32f4xx_hal_rcc.c ****             (READ_BIT(pll_config, RCC_PLLCFGR_PLLR) != (RCC_OscInitStruct->PLL.PLLR << RCC_PLLCFGR_
 549:Drivers/STM32F4xx_HAL_Driver/Src/stm32f4xx_hal_rcc.c **** #else
 550:Drivers/STM32F4xx_HAL_Driver/Src/stm32f4xx_hal_rcc.c ****         if (((RCC_OscInitStruct->PLL.PLLState) == RCC_PLL_OFF) ||
 551:Drivers/STM32F4xx_HAL_Driver/Src/stm32f4xx_hal_rcc.c ****             (READ_BIT(pll_config, RCC_PLLCFGR_PLLSRC) != RCC_OscInitStruct->PLL.PLLSource) ||
 552:Drivers/STM32F4xx_HAL_Driver/Src/stm32f4xx_hal_rcc.c ****             (READ_BIT(pll_config, RCC_PLLCFGR_PLLM) != (RCC_OscInitStruct->PLL.PLLM) << RCC_PLLCFGR
 553:Drivers/STM32F4xx_HAL_Driver/Src/stm32f4xx_hal_rcc.c ****             (READ_BIT(pll_config, RCC_PLLCFGR_PLLN) != (RCC_OscInitStruct->PLL.PLLN) << RCC_PLLCFGR
 554:Drivers/STM32F4xx_HAL_Driver/Src/stm32f4xx_hal_rcc.c ****             (READ_BIT(pll_config, RCC_PLLCFGR_PLLP) != (((RCC_OscInitStruct->PLL.PLLP >> 1U) - 1U))
ARM GAS  C:\Users\guoch\AppData\Local\Temp\cc1ofrmC.s 			page 28


 555:Drivers/STM32F4xx_HAL_Driver/Src/stm32f4xx_hal_rcc.c ****             (READ_BIT(pll_config, RCC_PLLCFGR_PLLQ) != (RCC_OscInitStruct->PLL.PLLQ << RCC_PLLCFGR_
 556:Drivers/STM32F4xx_HAL_Driver/Src/stm32f4xx_hal_rcc.c **** #endif /* RCC_PLLCFGR_PLLR */
 557:Drivers/STM32F4xx_HAL_Driver/Src/stm32f4xx_hal_rcc.c ****         {
 558:Drivers/STM32F4xx_HAL_Driver/Src/stm32f4xx_hal_rcc.c ****           return HAL_ERROR;
 559:Drivers/STM32F4xx_HAL_Driver/Src/stm32f4xx_hal_rcc.c ****         }
 560:Drivers/STM32F4xx_HAL_Driver/Src/stm32f4xx_hal_rcc.c ****       }
 561:Drivers/STM32F4xx_HAL_Driver/Src/stm32f4xx_hal_rcc.c ****     }
 562:Drivers/STM32F4xx_HAL_Driver/Src/stm32f4xx_hal_rcc.c ****   }
 563:Drivers/STM32F4xx_HAL_Driver/Src/stm32f4xx_hal_rcc.c ****   return HAL_OK;
 909              		.loc 1 563 10 view .LVU267
 910 044c 0020     		movs	r0, #0
 911 044e 3FE0     		b	.L3
 912              	.LVL64:
 913              	.L52:
 515:Drivers/STM32F4xx_HAL_Driver/Src/stm32f4xx_hal_rcc.c **** 
 914              		.loc 1 515 9 is_stmt 1 view .LVU268
 915 0450 254B     		ldr	r3, .L118+12
 916 0452 0022     		movs	r2, #0
 917 0454 1A66     		str	r2, [r3, #96]
 518:Drivers/STM32F4xx_HAL_Driver/Src/stm32f4xx_hal_rcc.c **** 
 918              		.loc 1 518 9 view .LVU269
 518:Drivers/STM32F4xx_HAL_Driver/Src/stm32f4xx_hal_rcc.c **** 
 919              		.loc 1 518 21 is_stmt 0 view .LVU270
 920 0456 FFF7FEFF 		bl	HAL_GetTick
 921              	.LVL65:
 922 045a 0446     		mov	r4, r0
 923              	.LVL66:
 521:Drivers/STM32F4xx_HAL_Driver/Src/stm32f4xx_hal_rcc.c ****         {
 924              		.loc 1 521 9 is_stmt 1 view .LVU271
 925              	.L62:
 521:Drivers/STM32F4xx_HAL_Driver/Src/stm32f4xx_hal_rcc.c ****         {
 926              		.loc 1 521 15 view .LVU272
 521:Drivers/STM32F4xx_HAL_Driver/Src/stm32f4xx_hal_rcc.c ****         {
 927              		.loc 1 521 16 is_stmt 0 view .LVU273
 928 045c 1F4B     		ldr	r3, .L118
 929 045e 1B68     		ldr	r3, [r3]
 521:Drivers/STM32F4xx_HAL_Driver/Src/stm32f4xx_hal_rcc.c ****         {
 930              		.loc 1 521 15 view .LVU274
 931 0460 13F0007F 		tst	r3, #33554432
 932 0464 06D0     		beq	.L115
 523:Drivers/STM32F4xx_HAL_Driver/Src/stm32f4xx_hal_rcc.c ****           {
 933              		.loc 1 523 11 is_stmt 1 view .LVU275
 523:Drivers/STM32F4xx_HAL_Driver/Src/stm32f4xx_hal_rcc.c ****           {
 934              		.loc 1 523 16 is_stmt 0 view .LVU276
 935 0466 FFF7FEFF 		bl	HAL_GetTick
 936              	.LVL67:
 523:Drivers/STM32F4xx_HAL_Driver/Src/stm32f4xx_hal_rcc.c ****           {
 937              		.loc 1 523 30 view .LVU277
 938 046a 001B     		subs	r0, r0, r4
 523:Drivers/STM32F4xx_HAL_Driver/Src/stm32f4xx_hal_rcc.c ****           {
 939              		.loc 1 523 14 view .LVU278
 940 046c 0228     		cmp	r0, #2
 941 046e F5D9     		bls	.L62
 525:Drivers/STM32F4xx_HAL_Driver/Src/stm32f4xx_hal_rcc.c ****           }
 942              		.loc 1 525 20 view .LVU279
 943 0470 0320     		movs	r0, #3
 944 0472 2DE0     		b	.L3
ARM GAS  C:\Users\guoch\AppData\Local\Temp\cc1ofrmC.s 			page 29


 945              	.L115:
 946              		.loc 1 563 10 view .LVU280
 947 0474 0020     		movs	r0, #0
 948 0476 2BE0     		b	.L3
 949              	.LVL68:
 950              	.L51:
 533:Drivers/STM32F4xx_HAL_Driver/Src/stm32f4xx_hal_rcc.c ****       {
 951              		.loc 1 533 7 is_stmt 1 view .LVU281
 533:Drivers/STM32F4xx_HAL_Driver/Src/stm32f4xx_hal_rcc.c ****       {
 952              		.loc 1 533 10 is_stmt 0 view .LVU282
 953 0478 012B     		cmp	r3, #1
 954 047a 2BD0     		beq	.L81
 540:Drivers/STM32F4xx_HAL_Driver/Src/stm32f4xx_hal_rcc.c **** #if defined (RCC_PLLCFGR_PLLR)
 955              		.loc 1 540 9 is_stmt 1 view .LVU283
 540:Drivers/STM32F4xx_HAL_Driver/Src/stm32f4xx_hal_rcc.c **** #if defined (RCC_PLLCFGR_PLLR)
 956              		.loc 1 540 20 is_stmt 0 view .LVU284
 957 047c 174B     		ldr	r3, .L118
 958 047e 5B68     		ldr	r3, [r3, #4]
 959              	.LVL69:
 550:Drivers/STM32F4xx_HAL_Driver/Src/stm32f4xx_hal_rcc.c ****             (READ_BIT(pll_config, RCC_PLLCFGR_PLLSRC) != RCC_OscInitStruct->PLL.PLLSource) ||
 960              		.loc 1 550 9 is_stmt 1 view .LVU285
 551:Drivers/STM32F4xx_HAL_Driver/Src/stm32f4xx_hal_rcc.c ****             (READ_BIT(pll_config, RCC_PLLCFGR_PLLM) != (RCC_OscInitStruct->PLL.PLLM) << RCC_PLLCFGR
 961              		.loc 1 551 14 is_stmt 0 view .LVU286
 962 0480 03F48001 		and	r1, r3, #4194304
 551:Drivers/STM32F4xx_HAL_Driver/Src/stm32f4xx_hal_rcc.c ****             (READ_BIT(pll_config, RCC_PLLCFGR_PLLM) != (RCC_OscInitStruct->PLL.PLLM) << RCC_PLLCFGR
 963              		.loc 1 551 80 view .LVU287
 964 0484 E269     		ldr	r2, [r4, #28]
 550:Drivers/STM32F4xx_HAL_Driver/Src/stm32f4xx_hal_rcc.c ****             (READ_BIT(pll_config, RCC_PLLCFGR_PLLSRC) != RCC_OscInitStruct->PLL.PLLSource) ||
 965              		.loc 1 550 64 view .LVU288
 966 0486 9142     		cmp	r1, r2
 967 0488 26D1     		bne	.L82
 552:Drivers/STM32F4xx_HAL_Driver/Src/stm32f4xx_hal_rcc.c ****             (READ_BIT(pll_config, RCC_PLLCFGR_PLLN) != (RCC_OscInitStruct->PLL.PLLN) << RCC_PLLCFGR
 968              		.loc 1 552 14 view .LVU289
 969 048a 03F03F02 		and	r2, r3, #63
 552:Drivers/STM32F4xx_HAL_Driver/Src/stm32f4xx_hal_rcc.c ****             (READ_BIT(pll_config, RCC_PLLCFGR_PLLN) != (RCC_OscInitStruct->PLL.PLLN) << RCC_PLLCFGR
 970              		.loc 1 552 86 view .LVU290
 971 048e 216A     		ldr	r1, [r4, #32]
 551:Drivers/STM32F4xx_HAL_Driver/Src/stm32f4xx_hal_rcc.c ****             (READ_BIT(pll_config, RCC_PLLCFGR_PLLM) != (RCC_OscInitStruct->PLL.PLLM) << RCC_PLLCFGR
 972              		.loc 1 551 92 view .LVU291
 973 0490 8A42     		cmp	r2, r1
 974 0492 2BD1     		bne	.L83
 553:Drivers/STM32F4xx_HAL_Driver/Src/stm32f4xx_hal_rcc.c ****             (READ_BIT(pll_config, RCC_PLLCFGR_PLLP) != (((RCC_OscInitStruct->PLL.PLLP >> 1U) - 1U))
 975              		.loc 1 553 79 view .LVU292
 976 0494 616A     		ldr	r1, [r4, #36]
 552:Drivers/STM32F4xx_HAL_Driver/Src/stm32f4xx_hal_rcc.c ****             (READ_BIT(pll_config, RCC_PLLCFGR_PLLN) != (RCC_OscInitStruct->PLL.PLLN) << RCC_PLLCFGR
 977              		.loc 1 552 111 view .LVU293
 978 0496 47F6C072 		movw	r2, #32704
 979 049a 1A40     		ands	r2, r2, r3
 980 049c B2EB811F 		cmp	r2, r1, lsl #6
 981 04a0 26D1     		bne	.L84
 554:Drivers/STM32F4xx_HAL_Driver/Src/stm32f4xx_hal_rcc.c ****             (READ_BIT(pll_config, RCC_PLLCFGR_PLLQ) != (RCC_OscInitStruct->PLL.PLLQ << RCC_PLLCFGR_
 982              		.loc 1 554 14 view .LVU294
 983 04a2 03F44031 		and	r1, r3, #196608
 554:Drivers/STM32F4xx_HAL_Driver/Src/stm32f4xx_hal_rcc.c ****             (READ_BIT(pll_config, RCC_PLLCFGR_PLLQ) != (RCC_OscInitStruct->PLL.PLLQ << RCC_PLLCFGR_
 984              		.loc 1 554 81 view .LVU295
 985 04a6 A26A     		ldr	r2, [r4, #40]
 554:Drivers/STM32F4xx_HAL_Driver/Src/stm32f4xx_hal_rcc.c ****             (READ_BIT(pll_config, RCC_PLLCFGR_PLLQ) != (RCC_OscInitStruct->PLL.PLLQ << RCC_PLLCFGR_
ARM GAS  C:\Users\guoch\AppData\Local\Temp\cc1ofrmC.s 			page 30


 986              		.loc 1 554 87 view .LVU296
 987 04a8 5208     		lsrs	r2, r2, #1
 554:Drivers/STM32F4xx_HAL_Driver/Src/stm32f4xx_hal_rcc.c ****             (READ_BIT(pll_config, RCC_PLLCFGR_PLLQ) != (RCC_OscInitStruct->PLL.PLLQ << RCC_PLLCFGR_
 988              		.loc 1 554 94 view .LVU297
 989 04aa 013A     		subs	r2, r2, #1
 553:Drivers/STM32F4xx_HAL_Driver/Src/stm32f4xx_hal_rcc.c ****             (READ_BIT(pll_config, RCC_PLLCFGR_PLLP) != (((RCC_OscInitStruct->PLL.PLLP >> 1U) - 1U))
 990              		.loc 1 553 111 view .LVU298
 991 04ac B1EB024F 		cmp	r1, r2, lsl #16
 992 04b0 20D1     		bne	.L85
 555:Drivers/STM32F4xx_HAL_Driver/Src/stm32f4xx_hal_rcc.c **** #endif /* RCC_PLLCFGR_PLLR */
 993              		.loc 1 555 14 view .LVU299
 994 04b2 03F07063 		and	r3, r3, #251658240
 995              	.LVL70:
 555:Drivers/STM32F4xx_HAL_Driver/Src/stm32f4xx_hal_rcc.c **** #endif /* RCC_PLLCFGR_PLLR */
 996              		.loc 1 555 79 view .LVU300
 997 04b6 E26A     		ldr	r2, [r4, #44]
 554:Drivers/STM32F4xx_HAL_Driver/Src/stm32f4xx_hal_rcc.c ****             (READ_BIT(pll_config, RCC_PLLCFGR_PLLQ) != (RCC_OscInitStruct->PLL.PLLQ << RCC_PLLCFGR_
 998              		.loc 1 554 126 view .LVU301
 999 04b8 B3EB026F 		cmp	r3, r2, lsl #24
 1000 04bc 1CD1     		bne	.L86
 1001              		.loc 1 563 10 view .LVU302
 1002 04be 0020     		movs	r0, #0
 1003 04c0 06E0     		b	.L3
 1004              	.LVL71:
 1005              	.L64:
 1006              	.LCFI2:
 1007              		.cfi_def_cfa_offset 0
 1008              		.cfi_restore 4
 1009              		.cfi_restore 5
 1010              		.cfi_restore 6
 1011              		.cfi_restore 14
 226:Drivers/STM32F4xx_HAL_Driver/Src/stm32f4xx_hal_rcc.c ****   }
 1012              		.loc 1 226 12 view .LVU303
 1013 04c2 0120     		movs	r0, #1
 1014              	.LVL72:
 564:Drivers/STM32F4xx_HAL_Driver/Src/stm32f4xx_hal_rcc.c **** }
 1015              		.loc 1 564 1 view .LVU304
 1016 04c4 7047     		bx	lr
 1017              	.LVL73:
 1018              	.L96:
 1019              	.LCFI3:
 1020              		.cfi_def_cfa_offset 24
 1021              		.cfi_offset 4, -16
 1022              		.cfi_offset 5, -12
 1023              		.cfi_offset 6, -8
 1024              		.cfi_offset 14, -4
 242:Drivers/STM32F4xx_HAL_Driver/Src/stm32f4xx_hal_rcc.c ****       }
 1025              		.loc 1 242 16 view .LVU305
 1026 04c6 0120     		movs	r0, #1
 1027 04c8 02E0     		b	.L3
 1028              	.L68:
 295:Drivers/STM32F4xx_HAL_Driver/Src/stm32f4xx_hal_rcc.c ****       }
 1029              		.loc 1 295 16 view .LVU306
 1030 04ca 0120     		movs	r0, #1
 1031 04cc 00E0     		b	.L3
 1032              	.L77:
 563:Drivers/STM32F4xx_HAL_Driver/Src/stm32f4xx_hal_rcc.c **** }
ARM GAS  C:\Users\guoch\AppData\Local\Temp\cc1ofrmC.s 			page 31


 1033              		.loc 1 563 10 view .LVU307
 1034 04ce 0020     		movs	r0, #0
 1035              	.LVL74:
 1036              	.L3:
 1037              		.loc 1 564 1 view .LVU308
 1038 04d0 02B0     		add	sp, sp, #8
 1039              	.LCFI4:
 1040              		.cfi_remember_state
 1041              		.cfi_def_cfa_offset 16
 1042              		@ sp needed
 1043 04d2 70BD     		pop	{r4, r5, r6, pc}
 1044              	.LVL75:
 1045              	.L81:
 1046              	.LCFI5:
 1047              		.cfi_restore_state
 535:Drivers/STM32F4xx_HAL_Driver/Src/stm32f4xx_hal_rcc.c ****       }
 1048              		.loc 1 535 16 view .LVU309
 1049 04d4 0120     		movs	r0, #1
 1050 04d6 FBE7     		b	.L3
 1051              	.LVL76:
 1052              	.L82:
 558:Drivers/STM32F4xx_HAL_Driver/Src/stm32f4xx_hal_rcc.c ****         }
 1053              		.loc 1 558 18 view .LVU310
 1054 04d8 0120     		movs	r0, #1
 1055 04da F9E7     		b	.L3
 1056              	.L119:
 1057              		.align	2
 1058              	.L118:
 1059 04dc 00380240 		.word	1073887232
 1060 04e0 00700040 		.word	1073770496
 1061 04e4 00000000 		.word	.LC0
 1062 04e8 00004742 		.word	1111949312
 1063              	.L83:
 1064 04ec 0120     		movs	r0, #1
 1065 04ee EFE7     		b	.L3
 1066              	.L84:
 1067 04f0 0120     		movs	r0, #1
 1068 04f2 EDE7     		b	.L3
 1069              	.L85:
 1070 04f4 0120     		movs	r0, #1
 1071 04f6 EBE7     		b	.L3
 1072              	.LVL77:
 1073              	.L86:
 558:Drivers/STM32F4xx_HAL_Driver/Src/stm32f4xx_hal_rcc.c ****         }
 1074              		.loc 1 558 18 view .LVU311
 1075 04f8 0120     		movs	r0, #1
 1076 04fa E9E7     		b	.L3
 1077              		.cfi_endproc
 1078              	.LFE135:
 1080              		.section	.text.HAL_RCC_MCOConfig,"ax",%progbits
 1081              		.align	1
 1082              		.global	HAL_RCC_MCOConfig
 1083              		.syntax unified
 1084              		.thumb
 1085              		.thumb_func
 1087              	HAL_RCC_MCOConfig:
 1088              	.LVL78:
ARM GAS  C:\Users\guoch\AppData\Local\Temp\cc1ofrmC.s 			page 32


 1089              	.LFB137:
 565:Drivers/STM32F4xx_HAL_Driver/Src/stm32f4xx_hal_rcc.c **** 
 566:Drivers/STM32F4xx_HAL_Driver/Src/stm32f4xx_hal_rcc.c **** /**
 567:Drivers/STM32F4xx_HAL_Driver/Src/stm32f4xx_hal_rcc.c ****   * @brief  Initializes the CPU, AHB and APB busses clocks according to the specified
 568:Drivers/STM32F4xx_HAL_Driver/Src/stm32f4xx_hal_rcc.c ****   *         parameters in the RCC_ClkInitStruct.
 569:Drivers/STM32F4xx_HAL_Driver/Src/stm32f4xx_hal_rcc.c ****   * @param  RCC_ClkInitStruct pointer to an RCC_OscInitTypeDef structure that
 570:Drivers/STM32F4xx_HAL_Driver/Src/stm32f4xx_hal_rcc.c ****   *         contains the configuration information for the RCC peripheral.
 571:Drivers/STM32F4xx_HAL_Driver/Src/stm32f4xx_hal_rcc.c ****   * @param  FLatency FLASH Latency, this parameter depend on device selected
 572:Drivers/STM32F4xx_HAL_Driver/Src/stm32f4xx_hal_rcc.c ****   *
 573:Drivers/STM32F4xx_HAL_Driver/Src/stm32f4xx_hal_rcc.c ****   * @note   The SystemCoreClock CMSIS variable is used to store System Clock Frequency
 574:Drivers/STM32F4xx_HAL_Driver/Src/stm32f4xx_hal_rcc.c ****   *         and updated by HAL_RCC_GetHCLKFreq() function called within this function
 575:Drivers/STM32F4xx_HAL_Driver/Src/stm32f4xx_hal_rcc.c ****   *
 576:Drivers/STM32F4xx_HAL_Driver/Src/stm32f4xx_hal_rcc.c ****   * @note   The HSI is used (enabled by hardware) as system clock source after
 577:Drivers/STM32F4xx_HAL_Driver/Src/stm32f4xx_hal_rcc.c ****   *         startup from Reset, wake-up from STOP and STANDBY mode, or in case
 578:Drivers/STM32F4xx_HAL_Driver/Src/stm32f4xx_hal_rcc.c ****   *         of failure of the HSE used directly or indirectly as system clock
 579:Drivers/STM32F4xx_HAL_Driver/Src/stm32f4xx_hal_rcc.c ****   *         (if the Clock Security System CSS is enabled).
 580:Drivers/STM32F4xx_HAL_Driver/Src/stm32f4xx_hal_rcc.c ****   *
 581:Drivers/STM32F4xx_HAL_Driver/Src/stm32f4xx_hal_rcc.c ****   * @note   A switch from one clock source to another occurs only if the target
 582:Drivers/STM32F4xx_HAL_Driver/Src/stm32f4xx_hal_rcc.c ****   *         clock source is ready (clock stable after startup delay or PLL locked).
 583:Drivers/STM32F4xx_HAL_Driver/Src/stm32f4xx_hal_rcc.c ****   *         If a clock source which is not yet ready is selected, the switch will
 584:Drivers/STM32F4xx_HAL_Driver/Src/stm32f4xx_hal_rcc.c ****   *         occur when the clock source will be ready.
 585:Drivers/STM32F4xx_HAL_Driver/Src/stm32f4xx_hal_rcc.c ****   *
 586:Drivers/STM32F4xx_HAL_Driver/Src/stm32f4xx_hal_rcc.c ****   * @note   Depending on the device voltage range, the software has to set correctly
 587:Drivers/STM32F4xx_HAL_Driver/Src/stm32f4xx_hal_rcc.c ****   *         HPRE[3:0] bits to ensure that HCLK not exceed the maximum allowed frequency
 588:Drivers/STM32F4xx_HAL_Driver/Src/stm32f4xx_hal_rcc.c ****   *         (for more details refer to section above "Initialization/de-initialization functions")
 589:Drivers/STM32F4xx_HAL_Driver/Src/stm32f4xx_hal_rcc.c ****   * @retval None
 590:Drivers/STM32F4xx_HAL_Driver/Src/stm32f4xx_hal_rcc.c ****   */
 591:Drivers/STM32F4xx_HAL_Driver/Src/stm32f4xx_hal_rcc.c **** HAL_StatusTypeDef HAL_RCC_ClockConfig(const RCC_ClkInitTypeDef  *RCC_ClkInitStruct, uint32_t FLaten
 592:Drivers/STM32F4xx_HAL_Driver/Src/stm32f4xx_hal_rcc.c **** {
 593:Drivers/STM32F4xx_HAL_Driver/Src/stm32f4xx_hal_rcc.c ****   uint32_t tickstart;
 594:Drivers/STM32F4xx_HAL_Driver/Src/stm32f4xx_hal_rcc.c **** 
 595:Drivers/STM32F4xx_HAL_Driver/Src/stm32f4xx_hal_rcc.c ****   /* Check Null pointer */
 596:Drivers/STM32F4xx_HAL_Driver/Src/stm32f4xx_hal_rcc.c ****   if (RCC_ClkInitStruct == NULL)
 597:Drivers/STM32F4xx_HAL_Driver/Src/stm32f4xx_hal_rcc.c ****   {
 598:Drivers/STM32F4xx_HAL_Driver/Src/stm32f4xx_hal_rcc.c ****     return HAL_ERROR;
 599:Drivers/STM32F4xx_HAL_Driver/Src/stm32f4xx_hal_rcc.c ****   }
 600:Drivers/STM32F4xx_HAL_Driver/Src/stm32f4xx_hal_rcc.c **** 
 601:Drivers/STM32F4xx_HAL_Driver/Src/stm32f4xx_hal_rcc.c ****   /* Check the parameters */
 602:Drivers/STM32F4xx_HAL_Driver/Src/stm32f4xx_hal_rcc.c ****   assert_param(IS_RCC_CLOCKTYPE(RCC_ClkInitStruct->ClockType));
 603:Drivers/STM32F4xx_HAL_Driver/Src/stm32f4xx_hal_rcc.c ****   assert_param(IS_FLASH_LATENCY(FLatency));
 604:Drivers/STM32F4xx_HAL_Driver/Src/stm32f4xx_hal_rcc.c **** 
 605:Drivers/STM32F4xx_HAL_Driver/Src/stm32f4xx_hal_rcc.c ****   /* To correctly read data from FLASH memory, the number of wait states (LATENCY)
 606:Drivers/STM32F4xx_HAL_Driver/Src/stm32f4xx_hal_rcc.c ****     must be correctly programmed according to the frequency of the CPU clock
 607:Drivers/STM32F4xx_HAL_Driver/Src/stm32f4xx_hal_rcc.c ****     (HCLK) and the supply voltage of the device. */
 608:Drivers/STM32F4xx_HAL_Driver/Src/stm32f4xx_hal_rcc.c **** 
 609:Drivers/STM32F4xx_HAL_Driver/Src/stm32f4xx_hal_rcc.c ****   /* Increasing the number of wait states because of higher CPU frequency */
 610:Drivers/STM32F4xx_HAL_Driver/Src/stm32f4xx_hal_rcc.c ****   if (FLatency > __HAL_FLASH_GET_LATENCY())
 611:Drivers/STM32F4xx_HAL_Driver/Src/stm32f4xx_hal_rcc.c ****   {
 612:Drivers/STM32F4xx_HAL_Driver/Src/stm32f4xx_hal_rcc.c ****     /* Program the new number of wait states to the LATENCY bits in the FLASH_ACR register */
 613:Drivers/STM32F4xx_HAL_Driver/Src/stm32f4xx_hal_rcc.c ****     __HAL_FLASH_SET_LATENCY(FLatency);
 614:Drivers/STM32F4xx_HAL_Driver/Src/stm32f4xx_hal_rcc.c **** 
 615:Drivers/STM32F4xx_HAL_Driver/Src/stm32f4xx_hal_rcc.c ****     /* Check that the new number of wait states is taken into account to access the Flash
 616:Drivers/STM32F4xx_HAL_Driver/Src/stm32f4xx_hal_rcc.c ****     memory by reading the FLASH_ACR register */
 617:Drivers/STM32F4xx_HAL_Driver/Src/stm32f4xx_hal_rcc.c ****     if (__HAL_FLASH_GET_LATENCY() != FLatency)
 618:Drivers/STM32F4xx_HAL_Driver/Src/stm32f4xx_hal_rcc.c ****     {
 619:Drivers/STM32F4xx_HAL_Driver/Src/stm32f4xx_hal_rcc.c ****       return HAL_ERROR;
 620:Drivers/STM32F4xx_HAL_Driver/Src/stm32f4xx_hal_rcc.c ****     }
ARM GAS  C:\Users\guoch\AppData\Local\Temp\cc1ofrmC.s 			page 33


 621:Drivers/STM32F4xx_HAL_Driver/Src/stm32f4xx_hal_rcc.c ****   }
 622:Drivers/STM32F4xx_HAL_Driver/Src/stm32f4xx_hal_rcc.c **** 
 623:Drivers/STM32F4xx_HAL_Driver/Src/stm32f4xx_hal_rcc.c ****   /*-------------------------- HCLK Configuration --------------------------*/
 624:Drivers/STM32F4xx_HAL_Driver/Src/stm32f4xx_hal_rcc.c ****   if (((RCC_ClkInitStruct->ClockType) & RCC_CLOCKTYPE_HCLK) == RCC_CLOCKTYPE_HCLK)
 625:Drivers/STM32F4xx_HAL_Driver/Src/stm32f4xx_hal_rcc.c ****   {
 626:Drivers/STM32F4xx_HAL_Driver/Src/stm32f4xx_hal_rcc.c ****     /* Set the highest APBx dividers in order to ensure that we do not go through
 627:Drivers/STM32F4xx_HAL_Driver/Src/stm32f4xx_hal_rcc.c ****        a non-spec phase whatever we decrease or increase HCLK. */
 628:Drivers/STM32F4xx_HAL_Driver/Src/stm32f4xx_hal_rcc.c ****     if (((RCC_ClkInitStruct->ClockType) & RCC_CLOCKTYPE_PCLK1) == RCC_CLOCKTYPE_PCLK1)
 629:Drivers/STM32F4xx_HAL_Driver/Src/stm32f4xx_hal_rcc.c ****     {
 630:Drivers/STM32F4xx_HAL_Driver/Src/stm32f4xx_hal_rcc.c ****       MODIFY_REG(RCC->CFGR, RCC_CFGR_PPRE1, RCC_HCLK_DIV16);
 631:Drivers/STM32F4xx_HAL_Driver/Src/stm32f4xx_hal_rcc.c ****     }
 632:Drivers/STM32F4xx_HAL_Driver/Src/stm32f4xx_hal_rcc.c **** 
 633:Drivers/STM32F4xx_HAL_Driver/Src/stm32f4xx_hal_rcc.c ****     if (((RCC_ClkInitStruct->ClockType) & RCC_CLOCKTYPE_PCLK2) == RCC_CLOCKTYPE_PCLK2)
 634:Drivers/STM32F4xx_HAL_Driver/Src/stm32f4xx_hal_rcc.c ****     {
 635:Drivers/STM32F4xx_HAL_Driver/Src/stm32f4xx_hal_rcc.c ****       MODIFY_REG(RCC->CFGR, RCC_CFGR_PPRE2, (RCC_HCLK_DIV16 << 3));
 636:Drivers/STM32F4xx_HAL_Driver/Src/stm32f4xx_hal_rcc.c ****     }
 637:Drivers/STM32F4xx_HAL_Driver/Src/stm32f4xx_hal_rcc.c **** 
 638:Drivers/STM32F4xx_HAL_Driver/Src/stm32f4xx_hal_rcc.c ****     assert_param(IS_RCC_HCLK(RCC_ClkInitStruct->AHBCLKDivider));
 639:Drivers/STM32F4xx_HAL_Driver/Src/stm32f4xx_hal_rcc.c ****     MODIFY_REG(RCC->CFGR, RCC_CFGR_HPRE, RCC_ClkInitStruct->AHBCLKDivider);
 640:Drivers/STM32F4xx_HAL_Driver/Src/stm32f4xx_hal_rcc.c ****   }
 641:Drivers/STM32F4xx_HAL_Driver/Src/stm32f4xx_hal_rcc.c **** 
 642:Drivers/STM32F4xx_HAL_Driver/Src/stm32f4xx_hal_rcc.c ****   /*------------------------- SYSCLK Configuration ---------------------------*/
 643:Drivers/STM32F4xx_HAL_Driver/Src/stm32f4xx_hal_rcc.c ****   if (((RCC_ClkInitStruct->ClockType) & RCC_CLOCKTYPE_SYSCLK) == RCC_CLOCKTYPE_SYSCLK)
 644:Drivers/STM32F4xx_HAL_Driver/Src/stm32f4xx_hal_rcc.c ****   {
 645:Drivers/STM32F4xx_HAL_Driver/Src/stm32f4xx_hal_rcc.c ****     assert_param(IS_RCC_SYSCLKSOURCE(RCC_ClkInitStruct->SYSCLKSource));
 646:Drivers/STM32F4xx_HAL_Driver/Src/stm32f4xx_hal_rcc.c **** 
 647:Drivers/STM32F4xx_HAL_Driver/Src/stm32f4xx_hal_rcc.c ****     /* HSE is selected as System Clock Source */
 648:Drivers/STM32F4xx_HAL_Driver/Src/stm32f4xx_hal_rcc.c ****     if (RCC_ClkInitStruct->SYSCLKSource == RCC_SYSCLKSOURCE_HSE)
 649:Drivers/STM32F4xx_HAL_Driver/Src/stm32f4xx_hal_rcc.c ****     {
 650:Drivers/STM32F4xx_HAL_Driver/Src/stm32f4xx_hal_rcc.c ****       /* Check the HSE ready flag */
 651:Drivers/STM32F4xx_HAL_Driver/Src/stm32f4xx_hal_rcc.c ****       if (__HAL_RCC_GET_FLAG(RCC_FLAG_HSERDY) == RESET)
 652:Drivers/STM32F4xx_HAL_Driver/Src/stm32f4xx_hal_rcc.c ****       {
 653:Drivers/STM32F4xx_HAL_Driver/Src/stm32f4xx_hal_rcc.c ****         return HAL_ERROR;
 654:Drivers/STM32F4xx_HAL_Driver/Src/stm32f4xx_hal_rcc.c ****       }
 655:Drivers/STM32F4xx_HAL_Driver/Src/stm32f4xx_hal_rcc.c ****     }
 656:Drivers/STM32F4xx_HAL_Driver/Src/stm32f4xx_hal_rcc.c ****     /* PLL is selected as System Clock Source */
 657:Drivers/STM32F4xx_HAL_Driver/Src/stm32f4xx_hal_rcc.c ****     else if ((RCC_ClkInitStruct->SYSCLKSource == RCC_SYSCLKSOURCE_PLLCLK)   ||
 658:Drivers/STM32F4xx_HAL_Driver/Src/stm32f4xx_hal_rcc.c ****              (RCC_ClkInitStruct->SYSCLKSource == RCC_SYSCLKSOURCE_PLLRCLK))
 659:Drivers/STM32F4xx_HAL_Driver/Src/stm32f4xx_hal_rcc.c ****     {
 660:Drivers/STM32F4xx_HAL_Driver/Src/stm32f4xx_hal_rcc.c ****       /* Check the PLL ready flag */
 661:Drivers/STM32F4xx_HAL_Driver/Src/stm32f4xx_hal_rcc.c ****       if (__HAL_RCC_GET_FLAG(RCC_FLAG_PLLRDY) == RESET)
 662:Drivers/STM32F4xx_HAL_Driver/Src/stm32f4xx_hal_rcc.c ****       {
 663:Drivers/STM32F4xx_HAL_Driver/Src/stm32f4xx_hal_rcc.c ****         return HAL_ERROR;
 664:Drivers/STM32F4xx_HAL_Driver/Src/stm32f4xx_hal_rcc.c ****       }
 665:Drivers/STM32F4xx_HAL_Driver/Src/stm32f4xx_hal_rcc.c ****     }
 666:Drivers/STM32F4xx_HAL_Driver/Src/stm32f4xx_hal_rcc.c ****     /* HSI is selected as System Clock Source */
 667:Drivers/STM32F4xx_HAL_Driver/Src/stm32f4xx_hal_rcc.c ****     else
 668:Drivers/STM32F4xx_HAL_Driver/Src/stm32f4xx_hal_rcc.c ****     {
 669:Drivers/STM32F4xx_HAL_Driver/Src/stm32f4xx_hal_rcc.c ****       /* Check the HSI ready flag */
 670:Drivers/STM32F4xx_HAL_Driver/Src/stm32f4xx_hal_rcc.c ****       if (__HAL_RCC_GET_FLAG(RCC_FLAG_HSIRDY) == RESET)
 671:Drivers/STM32F4xx_HAL_Driver/Src/stm32f4xx_hal_rcc.c ****       {
 672:Drivers/STM32F4xx_HAL_Driver/Src/stm32f4xx_hal_rcc.c ****         return HAL_ERROR;
 673:Drivers/STM32F4xx_HAL_Driver/Src/stm32f4xx_hal_rcc.c ****       }
 674:Drivers/STM32F4xx_HAL_Driver/Src/stm32f4xx_hal_rcc.c ****     }
 675:Drivers/STM32F4xx_HAL_Driver/Src/stm32f4xx_hal_rcc.c **** 
 676:Drivers/STM32F4xx_HAL_Driver/Src/stm32f4xx_hal_rcc.c ****     __HAL_RCC_SYSCLK_CONFIG(RCC_ClkInitStruct->SYSCLKSource);
 677:Drivers/STM32F4xx_HAL_Driver/Src/stm32f4xx_hal_rcc.c **** 
ARM GAS  C:\Users\guoch\AppData\Local\Temp\cc1ofrmC.s 			page 34


 678:Drivers/STM32F4xx_HAL_Driver/Src/stm32f4xx_hal_rcc.c ****     /* Get Start Tick */
 679:Drivers/STM32F4xx_HAL_Driver/Src/stm32f4xx_hal_rcc.c ****     tickstart = HAL_GetTick();
 680:Drivers/STM32F4xx_HAL_Driver/Src/stm32f4xx_hal_rcc.c **** 
 681:Drivers/STM32F4xx_HAL_Driver/Src/stm32f4xx_hal_rcc.c ****     while (__HAL_RCC_GET_SYSCLK_SOURCE() != (RCC_ClkInitStruct->SYSCLKSource << RCC_CFGR_SWS_Pos))
 682:Drivers/STM32F4xx_HAL_Driver/Src/stm32f4xx_hal_rcc.c ****     {
 683:Drivers/STM32F4xx_HAL_Driver/Src/stm32f4xx_hal_rcc.c ****       if ((HAL_GetTick() - tickstart) > CLOCKSWITCH_TIMEOUT_VALUE)
 684:Drivers/STM32F4xx_HAL_Driver/Src/stm32f4xx_hal_rcc.c ****       {
 685:Drivers/STM32F4xx_HAL_Driver/Src/stm32f4xx_hal_rcc.c ****         return HAL_TIMEOUT;
 686:Drivers/STM32F4xx_HAL_Driver/Src/stm32f4xx_hal_rcc.c ****       }
 687:Drivers/STM32F4xx_HAL_Driver/Src/stm32f4xx_hal_rcc.c ****     }
 688:Drivers/STM32F4xx_HAL_Driver/Src/stm32f4xx_hal_rcc.c ****   }
 689:Drivers/STM32F4xx_HAL_Driver/Src/stm32f4xx_hal_rcc.c **** 
 690:Drivers/STM32F4xx_HAL_Driver/Src/stm32f4xx_hal_rcc.c ****   /* Decreasing the number of wait states because of lower CPU frequency */
 691:Drivers/STM32F4xx_HAL_Driver/Src/stm32f4xx_hal_rcc.c ****   if (FLatency < __HAL_FLASH_GET_LATENCY())
 692:Drivers/STM32F4xx_HAL_Driver/Src/stm32f4xx_hal_rcc.c ****   {
 693:Drivers/STM32F4xx_HAL_Driver/Src/stm32f4xx_hal_rcc.c ****     /* Program the new number of wait states to the LATENCY bits in the FLASH_ACR register */
 694:Drivers/STM32F4xx_HAL_Driver/Src/stm32f4xx_hal_rcc.c ****     __HAL_FLASH_SET_LATENCY(FLatency);
 695:Drivers/STM32F4xx_HAL_Driver/Src/stm32f4xx_hal_rcc.c **** 
 696:Drivers/STM32F4xx_HAL_Driver/Src/stm32f4xx_hal_rcc.c ****     /* Check that the new number of wait states is taken into account to access the Flash
 697:Drivers/STM32F4xx_HAL_Driver/Src/stm32f4xx_hal_rcc.c ****     memory by reading the FLASH_ACR register */
 698:Drivers/STM32F4xx_HAL_Driver/Src/stm32f4xx_hal_rcc.c ****     if (__HAL_FLASH_GET_LATENCY() != FLatency)
 699:Drivers/STM32F4xx_HAL_Driver/Src/stm32f4xx_hal_rcc.c ****     {
 700:Drivers/STM32F4xx_HAL_Driver/Src/stm32f4xx_hal_rcc.c ****       return HAL_ERROR;
 701:Drivers/STM32F4xx_HAL_Driver/Src/stm32f4xx_hal_rcc.c ****     }
 702:Drivers/STM32F4xx_HAL_Driver/Src/stm32f4xx_hal_rcc.c ****   }
 703:Drivers/STM32F4xx_HAL_Driver/Src/stm32f4xx_hal_rcc.c **** 
 704:Drivers/STM32F4xx_HAL_Driver/Src/stm32f4xx_hal_rcc.c ****   /*-------------------------- PCLK1 Configuration ---------------------------*/
 705:Drivers/STM32F4xx_HAL_Driver/Src/stm32f4xx_hal_rcc.c ****   if (((RCC_ClkInitStruct->ClockType) & RCC_CLOCKTYPE_PCLK1) == RCC_CLOCKTYPE_PCLK1)
 706:Drivers/STM32F4xx_HAL_Driver/Src/stm32f4xx_hal_rcc.c ****   {
 707:Drivers/STM32F4xx_HAL_Driver/Src/stm32f4xx_hal_rcc.c ****     assert_param(IS_RCC_PCLK(RCC_ClkInitStruct->APB1CLKDivider));
 708:Drivers/STM32F4xx_HAL_Driver/Src/stm32f4xx_hal_rcc.c ****     MODIFY_REG(RCC->CFGR, RCC_CFGR_PPRE1, RCC_ClkInitStruct->APB1CLKDivider);
 709:Drivers/STM32F4xx_HAL_Driver/Src/stm32f4xx_hal_rcc.c ****   }
 710:Drivers/STM32F4xx_HAL_Driver/Src/stm32f4xx_hal_rcc.c **** 
 711:Drivers/STM32F4xx_HAL_Driver/Src/stm32f4xx_hal_rcc.c ****   /*-------------------------- PCLK2 Configuration ---------------------------*/
 712:Drivers/STM32F4xx_HAL_Driver/Src/stm32f4xx_hal_rcc.c ****   if (((RCC_ClkInitStruct->ClockType) & RCC_CLOCKTYPE_PCLK2) == RCC_CLOCKTYPE_PCLK2)
 713:Drivers/STM32F4xx_HAL_Driver/Src/stm32f4xx_hal_rcc.c ****   {
 714:Drivers/STM32F4xx_HAL_Driver/Src/stm32f4xx_hal_rcc.c ****     assert_param(IS_RCC_PCLK(RCC_ClkInitStruct->APB2CLKDivider));
 715:Drivers/STM32F4xx_HAL_Driver/Src/stm32f4xx_hal_rcc.c ****     MODIFY_REG(RCC->CFGR, RCC_CFGR_PPRE2, ((RCC_ClkInitStruct->APB2CLKDivider) << 3U));
 716:Drivers/STM32F4xx_HAL_Driver/Src/stm32f4xx_hal_rcc.c ****   }
 717:Drivers/STM32F4xx_HAL_Driver/Src/stm32f4xx_hal_rcc.c **** 
 718:Drivers/STM32F4xx_HAL_Driver/Src/stm32f4xx_hal_rcc.c ****   /* Update the SystemCoreClock global variable */
 719:Drivers/STM32F4xx_HAL_Driver/Src/stm32f4xx_hal_rcc.c ****   SystemCoreClock = HAL_RCC_GetSysClockFreq() >> AHBPrescTable[(RCC->CFGR & RCC_CFGR_HPRE) >> RCC_C
 720:Drivers/STM32F4xx_HAL_Driver/Src/stm32f4xx_hal_rcc.c **** 
 721:Drivers/STM32F4xx_HAL_Driver/Src/stm32f4xx_hal_rcc.c ****   /* Configure the source of time base considering new system clocks settings */
 722:Drivers/STM32F4xx_HAL_Driver/Src/stm32f4xx_hal_rcc.c ****   HAL_InitTick(uwTickPrio);
 723:Drivers/STM32F4xx_HAL_Driver/Src/stm32f4xx_hal_rcc.c **** 
 724:Drivers/STM32F4xx_HAL_Driver/Src/stm32f4xx_hal_rcc.c ****   return HAL_OK;
 725:Drivers/STM32F4xx_HAL_Driver/Src/stm32f4xx_hal_rcc.c **** }
 726:Drivers/STM32F4xx_HAL_Driver/Src/stm32f4xx_hal_rcc.c **** 
 727:Drivers/STM32F4xx_HAL_Driver/Src/stm32f4xx_hal_rcc.c **** /**
 728:Drivers/STM32F4xx_HAL_Driver/Src/stm32f4xx_hal_rcc.c ****   * @}
 729:Drivers/STM32F4xx_HAL_Driver/Src/stm32f4xx_hal_rcc.c ****   */
 730:Drivers/STM32F4xx_HAL_Driver/Src/stm32f4xx_hal_rcc.c **** 
 731:Drivers/STM32F4xx_HAL_Driver/Src/stm32f4xx_hal_rcc.c **** /** @defgroup RCC_Exported_Functions_Group2 Peripheral Control functions
 732:Drivers/STM32F4xx_HAL_Driver/Src/stm32f4xx_hal_rcc.c ****   *  @brief   RCC clocks control functions
 733:Drivers/STM32F4xx_HAL_Driver/Src/stm32f4xx_hal_rcc.c ****   *
 734:Drivers/STM32F4xx_HAL_Driver/Src/stm32f4xx_hal_rcc.c **** @verbatim
ARM GAS  C:\Users\guoch\AppData\Local\Temp\cc1ofrmC.s 			page 35


 735:Drivers/STM32F4xx_HAL_Driver/Src/stm32f4xx_hal_rcc.c ****  ===============================================================================
 736:Drivers/STM32F4xx_HAL_Driver/Src/stm32f4xx_hal_rcc.c ****                       ##### Peripheral Control functions #####
 737:Drivers/STM32F4xx_HAL_Driver/Src/stm32f4xx_hal_rcc.c ****  ===============================================================================
 738:Drivers/STM32F4xx_HAL_Driver/Src/stm32f4xx_hal_rcc.c ****     [..]
 739:Drivers/STM32F4xx_HAL_Driver/Src/stm32f4xx_hal_rcc.c ****     This subsection provides a set of functions allowing to control the RCC Clocks
 740:Drivers/STM32F4xx_HAL_Driver/Src/stm32f4xx_hal_rcc.c ****     frequencies.
 741:Drivers/STM32F4xx_HAL_Driver/Src/stm32f4xx_hal_rcc.c **** 
 742:Drivers/STM32F4xx_HAL_Driver/Src/stm32f4xx_hal_rcc.c **** @endverbatim
 743:Drivers/STM32F4xx_HAL_Driver/Src/stm32f4xx_hal_rcc.c ****   * @{
 744:Drivers/STM32F4xx_HAL_Driver/Src/stm32f4xx_hal_rcc.c ****   */
 745:Drivers/STM32F4xx_HAL_Driver/Src/stm32f4xx_hal_rcc.c **** 
 746:Drivers/STM32F4xx_HAL_Driver/Src/stm32f4xx_hal_rcc.c **** /**
 747:Drivers/STM32F4xx_HAL_Driver/Src/stm32f4xx_hal_rcc.c ****   * @brief  Selects the clock source to output on MCO1 pin(PA8) or on MCO2 pin(PC9).
 748:Drivers/STM32F4xx_HAL_Driver/Src/stm32f4xx_hal_rcc.c ****   * @note   PA8/PC9 should be configured in alternate function mode.
 749:Drivers/STM32F4xx_HAL_Driver/Src/stm32f4xx_hal_rcc.c ****   * @param  RCC_MCOx specifies the output direction for the clock source.
 750:Drivers/STM32F4xx_HAL_Driver/Src/stm32f4xx_hal_rcc.c ****   *          This parameter can be one of the following values:
 751:Drivers/STM32F4xx_HAL_Driver/Src/stm32f4xx_hal_rcc.c ****   *            @arg RCC_MCO1: Clock source to output on MCO1 pin(PA8).
 752:Drivers/STM32F4xx_HAL_Driver/Src/stm32f4xx_hal_rcc.c ****   *            @arg RCC_MCO2: Clock source to output on MCO2 pin(PC9).
 753:Drivers/STM32F4xx_HAL_Driver/Src/stm32f4xx_hal_rcc.c ****   * @param  RCC_MCOSource specifies the clock source to output.
 754:Drivers/STM32F4xx_HAL_Driver/Src/stm32f4xx_hal_rcc.c ****   *          This parameter can be one of the following values:
 755:Drivers/STM32F4xx_HAL_Driver/Src/stm32f4xx_hal_rcc.c ****   *            @arg RCC_MCO1SOURCE_HSI: HSI clock selected as MCO1 source
 756:Drivers/STM32F4xx_HAL_Driver/Src/stm32f4xx_hal_rcc.c ****   *            @arg RCC_MCO1SOURCE_LSE: LSE clock selected as MCO1 source
 757:Drivers/STM32F4xx_HAL_Driver/Src/stm32f4xx_hal_rcc.c ****   *            @arg RCC_MCO1SOURCE_HSE: HSE clock selected as MCO1 source
 758:Drivers/STM32F4xx_HAL_Driver/Src/stm32f4xx_hal_rcc.c ****   *            @arg RCC_MCO1SOURCE_PLLCLK: main PLL clock selected as MCO1 source
 759:Drivers/STM32F4xx_HAL_Driver/Src/stm32f4xx_hal_rcc.c ****   *            @arg RCC_MCO2SOURCE_SYSCLK: System clock (SYSCLK) selected as MCO2 source
 760:Drivers/STM32F4xx_HAL_Driver/Src/stm32f4xx_hal_rcc.c ****   *            @arg RCC_MCO2SOURCE_PLLI2SCLK: PLLI2S clock selected as MCO2 source, available for a
 761:Drivers/STM32F4xx_HAL_Driver/Src/stm32f4xx_hal_rcc.c ****   *            @arg RCC_MCO2SOURCE_I2SCLK: I2SCLK clock selected as MCO2 source, available only for
 762:Drivers/STM32F4xx_HAL_Driver/Src/stm32f4xx_hal_rcc.c ****   *            @arg RCC_MCO2SOURCE_HSE: HSE clock selected as MCO2 source
 763:Drivers/STM32F4xx_HAL_Driver/Src/stm32f4xx_hal_rcc.c ****   *            @arg RCC_MCO2SOURCE_PLLCLK: main PLL clock selected as MCO2 source
 764:Drivers/STM32F4xx_HAL_Driver/Src/stm32f4xx_hal_rcc.c ****   * @param  RCC_MCODiv specifies the MCOx prescaler.
 765:Drivers/STM32F4xx_HAL_Driver/Src/stm32f4xx_hal_rcc.c ****   *          This parameter can be one of the following values:
 766:Drivers/STM32F4xx_HAL_Driver/Src/stm32f4xx_hal_rcc.c ****   *            @arg RCC_MCODIV_1: no division applied to MCOx clock
 767:Drivers/STM32F4xx_HAL_Driver/Src/stm32f4xx_hal_rcc.c ****   *            @arg RCC_MCODIV_2: division by 2 applied to MCOx clock
 768:Drivers/STM32F4xx_HAL_Driver/Src/stm32f4xx_hal_rcc.c ****   *            @arg RCC_MCODIV_3: division by 3 applied to MCOx clock
 769:Drivers/STM32F4xx_HAL_Driver/Src/stm32f4xx_hal_rcc.c ****   *            @arg RCC_MCODIV_4: division by 4 applied to MCOx clock
 770:Drivers/STM32F4xx_HAL_Driver/Src/stm32f4xx_hal_rcc.c ****   *            @arg RCC_MCODIV_5: division by 5 applied to MCOx clock
 771:Drivers/STM32F4xx_HAL_Driver/Src/stm32f4xx_hal_rcc.c ****   * @note  For STM32F410Rx devices to output I2SCLK clock on MCO2 you should have
 772:Drivers/STM32F4xx_HAL_Driver/Src/stm32f4xx_hal_rcc.c ****   *        at last one of the SPI clocks enabled (SPI1, SPI2 or SPI5).
 773:Drivers/STM32F4xx_HAL_Driver/Src/stm32f4xx_hal_rcc.c ****   * @retval None
 774:Drivers/STM32F4xx_HAL_Driver/Src/stm32f4xx_hal_rcc.c ****   */
 775:Drivers/STM32F4xx_HAL_Driver/Src/stm32f4xx_hal_rcc.c **** void HAL_RCC_MCOConfig(uint32_t RCC_MCOx, uint32_t RCC_MCOSource, uint32_t RCC_MCODiv)
 776:Drivers/STM32F4xx_HAL_Driver/Src/stm32f4xx_hal_rcc.c **** {
 1090              		.loc 1 776 1 is_stmt 1 view -0
 1091              		.cfi_startproc
 1092              		@ args = 0, pretend = 0, frame = 32
 1093              		@ frame_needed = 0, uses_anonymous_args = 0
 1094              		.loc 1 776 1 is_stmt 0 view .LVU313
 1095 0000 70B5     		push	{r4, r5, r6, lr}
 1096              	.LCFI6:
 1097              		.cfi_def_cfa_offset 16
 1098              		.cfi_offset 4, -16
 1099              		.cfi_offset 5, -12
 1100              		.cfi_offset 6, -8
 1101              		.cfi_offset 14, -4
 1102 0002 88B0     		sub	sp, sp, #32
 1103              	.LCFI7:
 1104              		.cfi_def_cfa_offset 48
ARM GAS  C:\Users\guoch\AppData\Local\Temp\cc1ofrmC.s 			page 36


 1105 0004 0646     		mov	r6, r0
 1106 0006 0D46     		mov	r5, r1
 1107 0008 1446     		mov	r4, r2
 777:Drivers/STM32F4xx_HAL_Driver/Src/stm32f4xx_hal_rcc.c ****   GPIO_InitTypeDef GPIO_InitStruct;
 1108              		.loc 1 777 3 is_stmt 1 view .LVU314
 778:Drivers/STM32F4xx_HAL_Driver/Src/stm32f4xx_hal_rcc.c ****   /* Check the parameters */
 779:Drivers/STM32F4xx_HAL_Driver/Src/stm32f4xx_hal_rcc.c ****   assert_param(IS_RCC_MCO(RCC_MCOx));
 1109              		.loc 1 779 3 view .LVU315
 1110 000a 0128     		cmp	r0, #1
 1111 000c 39D8     		bhi	.L128
 1112              	.LVL79:
 1113              	.L121:
 780:Drivers/STM32F4xx_HAL_Driver/Src/stm32f4xx_hal_rcc.c ****   assert_param(IS_RCC_MCODIV(RCC_MCODiv));
 1114              		.loc 1 780 3 view .LVU316
 1115 000e 5CB1     		cbz	r4, .L122
 1116              		.loc 1 780 3 is_stmt 0 discriminator 1 view .LVU317
 1117 0010 B4F1806F 		cmp	r4, #67108864
 1118 0014 08D0     		beq	.L122
 1119              		.loc 1 780 3 discriminator 2 view .LVU318
 1120 0016 B4F1A06F 		cmp	r4, #83886080
 1121 001a 05D0     		beq	.L122
 1122              		.loc 1 780 3 discriminator 3 view .LVU319
 1123 001c B4F1C06F 		cmp	r4, #100663296
 1124 0020 02D0     		beq	.L122
 1125              		.loc 1 780 3 discriminator 4 view .LVU320
 1126 0022 B4F1E06F 		cmp	r4, #117440512
 1127 0026 32D1     		bne	.L129
 1128              	.L122:
 781:Drivers/STM32F4xx_HAL_Driver/Src/stm32f4xx_hal_rcc.c ****   /* RCC_MCO1 */
 782:Drivers/STM32F4xx_HAL_Driver/Src/stm32f4xx_hal_rcc.c ****   if (RCC_MCOx == RCC_MCO1)
 1129              		.loc 1 782 3 is_stmt 1 view .LVU321
 1130              		.loc 1 782 6 is_stmt 0 view .LVU322
 1131 0028 002E     		cmp	r6, #0
 1132 002a 3CD1     		bne	.L123
 783:Drivers/STM32F4xx_HAL_Driver/Src/stm32f4xx_hal_rcc.c ****   {
 784:Drivers/STM32F4xx_HAL_Driver/Src/stm32f4xx_hal_rcc.c ****     assert_param(IS_RCC_MCO1SOURCE(RCC_MCOSource));
 1133              		.loc 1 784 5 is_stmt 1 view .LVU323
 1134 002c 45B1     		cbz	r5, .L124
 1135              		.loc 1 784 5 is_stmt 0 discriminator 1 view .LVU324
 1136 002e B5F5001F 		cmp	r5, #2097152
 1137 0032 05D0     		beq	.L124
 1138              		.loc 1 784 5 discriminator 2 view .LVU325
 1139 0034 B5F5800F 		cmp	r5, #4194304
 1140 0038 02D0     		beq	.L124
 1141              		.loc 1 784 5 discriminator 3 view .LVU326
 1142 003a B5F5C00F 		cmp	r5, #6291456
 1143 003e 2CD1     		bne	.L130
 1144              	.L124:
 785:Drivers/STM32F4xx_HAL_Driver/Src/stm32f4xx_hal_rcc.c **** 
 786:Drivers/STM32F4xx_HAL_Driver/Src/stm32f4xx_hal_rcc.c ****     /* MCO1 Clock Enable */
 787:Drivers/STM32F4xx_HAL_Driver/Src/stm32f4xx_hal_rcc.c ****     __MCO1_CLK_ENABLE();
 1145              		.loc 1 787 5 is_stmt 1 view .LVU327
 1146              	.LBB5:
 1147              		.loc 1 787 5 view .LVU328
 1148 0040 0023     		movs	r3, #0
 1149 0042 0193     		str	r3, [sp, #4]
 1150              		.loc 1 787 5 view .LVU329
ARM GAS  C:\Users\guoch\AppData\Local\Temp\cc1ofrmC.s 			page 37


 1151 0044 304E     		ldr	r6, .L132
 1152              	.LVL80:
 1153              		.loc 1 787 5 is_stmt 0 view .LVU330
 1154 0046 326B     		ldr	r2, [r6, #48]
 1155 0048 42F00102 		orr	r2, r2, #1
 1156 004c 3263     		str	r2, [r6, #48]
 1157              		.loc 1 787 5 is_stmt 1 view .LVU331
 1158 004e 326B     		ldr	r2, [r6, #48]
 1159 0050 02F00102 		and	r2, r2, #1
 1160 0054 0192     		str	r2, [sp, #4]
 1161              		.loc 1 787 5 view .LVU332
 1162 0056 019A     		ldr	r2, [sp, #4]
 1163              	.LBE5:
 1164              		.loc 1 787 5 view .LVU333
 788:Drivers/STM32F4xx_HAL_Driver/Src/stm32f4xx_hal_rcc.c **** 
 789:Drivers/STM32F4xx_HAL_Driver/Src/stm32f4xx_hal_rcc.c ****     /* Configure the MCO1 pin in alternate function mode */
 790:Drivers/STM32F4xx_HAL_Driver/Src/stm32f4xx_hal_rcc.c ****     GPIO_InitStruct.Pin = MCO1_PIN;
 1165              		.loc 1 790 5 view .LVU334
 1166              		.loc 1 790 25 is_stmt 0 view .LVU335
 1167 0058 4FF48072 		mov	r2, #256
 1168 005c 0392     		str	r2, [sp, #12]
 791:Drivers/STM32F4xx_HAL_Driver/Src/stm32f4xx_hal_rcc.c ****     GPIO_InitStruct.Mode = GPIO_MODE_AF_PP;
 1169              		.loc 1 791 5 is_stmt 1 view .LVU336
 1170              		.loc 1 791 26 is_stmt 0 view .LVU337
 1171 005e 0222     		movs	r2, #2
 1172 0060 0492     		str	r2, [sp, #16]
 792:Drivers/STM32F4xx_HAL_Driver/Src/stm32f4xx_hal_rcc.c ****     GPIO_InitStruct.Speed = GPIO_SPEED_FREQ_VERY_HIGH;
 1173              		.loc 1 792 5 is_stmt 1 view .LVU338
 1174              		.loc 1 792 27 is_stmt 0 view .LVU339
 1175 0062 0322     		movs	r2, #3
 1176 0064 0692     		str	r2, [sp, #24]
 793:Drivers/STM32F4xx_HAL_Driver/Src/stm32f4xx_hal_rcc.c ****     GPIO_InitStruct.Pull = GPIO_NOPULL;
 1177              		.loc 1 793 5 is_stmt 1 view .LVU340
 1178              		.loc 1 793 26 is_stmt 0 view .LVU341
 1179 0066 0593     		str	r3, [sp, #20]
 794:Drivers/STM32F4xx_HAL_Driver/Src/stm32f4xx_hal_rcc.c ****     GPIO_InitStruct.Alternate = GPIO_AF0_MCO;
 1180              		.loc 1 794 5 is_stmt 1 view .LVU342
 1181              		.loc 1 794 31 is_stmt 0 view .LVU343
 1182 0068 0793     		str	r3, [sp, #28]
 795:Drivers/STM32F4xx_HAL_Driver/Src/stm32f4xx_hal_rcc.c ****     HAL_GPIO_Init(MCO1_GPIO_PORT, &GPIO_InitStruct);
 1183              		.loc 1 795 5 is_stmt 1 view .LVU344
 1184 006a 03A9     		add	r1, sp, #12
 1185 006c 2748     		ldr	r0, .L132+4
 1186 006e FFF7FEFF 		bl	HAL_GPIO_Init
 1187              	.LVL81:
 796:Drivers/STM32F4xx_HAL_Driver/Src/stm32f4xx_hal_rcc.c **** 
 797:Drivers/STM32F4xx_HAL_Driver/Src/stm32f4xx_hal_rcc.c ****     /* Mask MCO1 and MCO1PRE[2:0] bits then Select MCO1 clock source and prescaler */
 798:Drivers/STM32F4xx_HAL_Driver/Src/stm32f4xx_hal_rcc.c ****     MODIFY_REG(RCC->CFGR, (RCC_CFGR_MCO1 | RCC_CFGR_MCO1PRE), (RCC_MCOSource | RCC_MCODiv));
 1188              		.loc 1 798 5 view .LVU345
 1189 0072 B368     		ldr	r3, [r6, #8]
 1190 0074 23F0EC63 		bic	r3, r3, #123731968
 1191 0078 2C43     		orrs	r4, r4, r5
 1192              	.LVL82:
 1193              		.loc 1 798 5 is_stmt 0 view .LVU346
 1194 007a 1C43     		orrs	r4, r4, r3
 1195 007c B460     		str	r4, [r6, #8]
 1196              	.L120:
ARM GAS  C:\Users\guoch\AppData\Local\Temp\cc1ofrmC.s 			page 38


 799:Drivers/STM32F4xx_HAL_Driver/Src/stm32f4xx_hal_rcc.c **** 
 800:Drivers/STM32F4xx_HAL_Driver/Src/stm32f4xx_hal_rcc.c ****     /* This RCC MCO1 enable feature is available only on STM32F410xx devices */
 801:Drivers/STM32F4xx_HAL_Driver/Src/stm32f4xx_hal_rcc.c **** #if defined(RCC_CFGR_MCO1EN)
 802:Drivers/STM32F4xx_HAL_Driver/Src/stm32f4xx_hal_rcc.c ****     __HAL_RCC_MCO1_ENABLE();
 803:Drivers/STM32F4xx_HAL_Driver/Src/stm32f4xx_hal_rcc.c **** #endif /* RCC_CFGR_MCO1EN */
 804:Drivers/STM32F4xx_HAL_Driver/Src/stm32f4xx_hal_rcc.c ****   }
 805:Drivers/STM32F4xx_HAL_Driver/Src/stm32f4xx_hal_rcc.c **** #if defined(RCC_CFGR_MCO2)
 806:Drivers/STM32F4xx_HAL_Driver/Src/stm32f4xx_hal_rcc.c ****   else
 807:Drivers/STM32F4xx_HAL_Driver/Src/stm32f4xx_hal_rcc.c ****   {
 808:Drivers/STM32F4xx_HAL_Driver/Src/stm32f4xx_hal_rcc.c ****     assert_param(IS_RCC_MCO2SOURCE(RCC_MCOSource));
 809:Drivers/STM32F4xx_HAL_Driver/Src/stm32f4xx_hal_rcc.c **** 
 810:Drivers/STM32F4xx_HAL_Driver/Src/stm32f4xx_hal_rcc.c ****     /* MCO2 Clock Enable */
 811:Drivers/STM32F4xx_HAL_Driver/Src/stm32f4xx_hal_rcc.c ****     __MCO2_CLK_ENABLE();
 812:Drivers/STM32F4xx_HAL_Driver/Src/stm32f4xx_hal_rcc.c **** 
 813:Drivers/STM32F4xx_HAL_Driver/Src/stm32f4xx_hal_rcc.c ****     /* Configure the MCO2 pin in alternate function mode */
 814:Drivers/STM32F4xx_HAL_Driver/Src/stm32f4xx_hal_rcc.c ****     GPIO_InitStruct.Pin = MCO2_PIN;
 815:Drivers/STM32F4xx_HAL_Driver/Src/stm32f4xx_hal_rcc.c ****     GPIO_InitStruct.Mode = GPIO_MODE_AF_PP;
 816:Drivers/STM32F4xx_HAL_Driver/Src/stm32f4xx_hal_rcc.c ****     GPIO_InitStruct.Speed = GPIO_SPEED_FREQ_VERY_HIGH;
 817:Drivers/STM32F4xx_HAL_Driver/Src/stm32f4xx_hal_rcc.c ****     GPIO_InitStruct.Pull = GPIO_NOPULL;
 818:Drivers/STM32F4xx_HAL_Driver/Src/stm32f4xx_hal_rcc.c ****     GPIO_InitStruct.Alternate = GPIO_AF0_MCO;
 819:Drivers/STM32F4xx_HAL_Driver/Src/stm32f4xx_hal_rcc.c ****     HAL_GPIO_Init(MCO2_GPIO_PORT, &GPIO_InitStruct);
 820:Drivers/STM32F4xx_HAL_Driver/Src/stm32f4xx_hal_rcc.c **** 
 821:Drivers/STM32F4xx_HAL_Driver/Src/stm32f4xx_hal_rcc.c ****     /* Mask MCO2 and MCO2PRE[2:0] bits then Select MCO2 clock source and prescaler */
 822:Drivers/STM32F4xx_HAL_Driver/Src/stm32f4xx_hal_rcc.c ****     MODIFY_REG(RCC->CFGR, (RCC_CFGR_MCO2 | RCC_CFGR_MCO2PRE), (RCC_MCOSource | (RCC_MCODiv << 3U)))
 823:Drivers/STM32F4xx_HAL_Driver/Src/stm32f4xx_hal_rcc.c **** 
 824:Drivers/STM32F4xx_HAL_Driver/Src/stm32f4xx_hal_rcc.c ****     /* This RCC MCO2 enable feature is available only on STM32F410Rx devices */
 825:Drivers/STM32F4xx_HAL_Driver/Src/stm32f4xx_hal_rcc.c **** #if defined(RCC_CFGR_MCO2EN)
 826:Drivers/STM32F4xx_HAL_Driver/Src/stm32f4xx_hal_rcc.c ****     __HAL_RCC_MCO2_ENABLE();
 827:Drivers/STM32F4xx_HAL_Driver/Src/stm32f4xx_hal_rcc.c **** #endif /* RCC_CFGR_MCO2EN */
 828:Drivers/STM32F4xx_HAL_Driver/Src/stm32f4xx_hal_rcc.c ****   }
 829:Drivers/STM32F4xx_HAL_Driver/Src/stm32f4xx_hal_rcc.c **** #endif /* RCC_CFGR_MCO2 */
 830:Drivers/STM32F4xx_HAL_Driver/Src/stm32f4xx_hal_rcc.c **** }
 1197              		.loc 1 830 1 view .LVU347
 1198 007e 08B0     		add	sp, sp, #32
 1199              	.LCFI8:
 1200              		.cfi_remember_state
 1201              		.cfi_def_cfa_offset 16
 1202              		@ sp needed
 1203 0080 70BD     		pop	{r4, r5, r6, pc}
 1204              	.LVL83:
 1205              	.L128:
 1206              	.LCFI9:
 1207              		.cfi_restore_state
 779:Drivers/STM32F4xx_HAL_Driver/Src/stm32f4xx_hal_rcc.c ****   assert_param(IS_RCC_MCODIV(RCC_MCODiv));
 1208              		.loc 1 779 3 discriminator 1 view .LVU348
 1209 0082 40F20B31 		movw	r1, #779
 1210              	.LVL84:
 779:Drivers/STM32F4xx_HAL_Driver/Src/stm32f4xx_hal_rcc.c ****   assert_param(IS_RCC_MCODIV(RCC_MCODiv));
 1211              		.loc 1 779 3 discriminator 1 view .LVU349
 1212 0086 2248     		ldr	r0, .L132+8
 1213              	.LVL85:
 779:Drivers/STM32F4xx_HAL_Driver/Src/stm32f4xx_hal_rcc.c ****   assert_param(IS_RCC_MCODIV(RCC_MCODiv));
 1214              		.loc 1 779 3 discriminator 1 view .LVU350
 1215 0088 FFF7FEFF 		bl	assert_failed
 1216              	.LVL86:
 779:Drivers/STM32F4xx_HAL_Driver/Src/stm32f4xx_hal_rcc.c ****   assert_param(IS_RCC_MCODIV(RCC_MCODiv));
 1217              		.loc 1 779 3 discriminator 1 view .LVU351
ARM GAS  C:\Users\guoch\AppData\Local\Temp\cc1ofrmC.s 			page 39


 1218 008c BFE7     		b	.L121
 1219              	.L129:
 780:Drivers/STM32F4xx_HAL_Driver/Src/stm32f4xx_hal_rcc.c ****   /* RCC_MCO1 */
 1220              		.loc 1 780 3 discriminator 5 view .LVU352
 1221 008e 4FF44371 		mov	r1, #780
 1222 0092 1F48     		ldr	r0, .L132+8
 1223 0094 FFF7FEFF 		bl	assert_failed
 1224              	.LVL87:
 1225 0098 C6E7     		b	.L122
 1226              	.L130:
 784:Drivers/STM32F4xx_HAL_Driver/Src/stm32f4xx_hal_rcc.c **** 
 1227              		.loc 1 784 5 discriminator 4 view .LVU353
 1228 009a 4FF44471 		mov	r1, #784
 1229 009e 1C48     		ldr	r0, .L132+8
 1230 00a0 FFF7FEFF 		bl	assert_failed
 1231              	.LVL88:
 1232 00a4 CCE7     		b	.L124
 1233              	.L123:
 808:Drivers/STM32F4xx_HAL_Driver/Src/stm32f4xx_hal_rcc.c **** 
 1234              		.loc 1 808 5 is_stmt 1 view .LVU354
 1235 00a6 45B1     		cbz	r5, .L126
 808:Drivers/STM32F4xx_HAL_Driver/Src/stm32f4xx_hal_rcc.c **** 
 1236              		.loc 1 808 5 is_stmt 0 discriminator 1 view .LVU355
 1237 00a8 B5F1804F 		cmp	r5, #1073741824
 1238 00ac 05D0     		beq	.L126
 808:Drivers/STM32F4xx_HAL_Driver/Src/stm32f4xx_hal_rcc.c **** 
 1239              		.loc 1 808 5 discriminator 2 view .LVU356
 1240 00ae B5F1004F 		cmp	r5, #-2147483648
 1241 00b2 02D0     		beq	.L126
 808:Drivers/STM32F4xx_HAL_Driver/Src/stm32f4xx_hal_rcc.c **** 
 1242              		.loc 1 808 5 discriminator 3 view .LVU357
 1243 00b4 B5F1404F 		cmp	r5, #-1073741824
 1244 00b8 20D1     		bne	.L131
 1245              	.L126:
 811:Drivers/STM32F4xx_HAL_Driver/Src/stm32f4xx_hal_rcc.c **** 
 1246              		.loc 1 811 5 is_stmt 1 view .LVU358
 1247              	.LBB6:
 811:Drivers/STM32F4xx_HAL_Driver/Src/stm32f4xx_hal_rcc.c **** 
 1248              		.loc 1 811 5 view .LVU359
 1249 00ba 0023     		movs	r3, #0
 1250 00bc 0293     		str	r3, [sp, #8]
 811:Drivers/STM32F4xx_HAL_Driver/Src/stm32f4xx_hal_rcc.c **** 
 1251              		.loc 1 811 5 view .LVU360
 1252 00be 124E     		ldr	r6, .L132
 1253              	.LVL89:
 811:Drivers/STM32F4xx_HAL_Driver/Src/stm32f4xx_hal_rcc.c **** 
 1254              		.loc 1 811 5 is_stmt 0 view .LVU361
 1255 00c0 326B     		ldr	r2, [r6, #48]
 1256 00c2 42F00402 		orr	r2, r2, #4
 1257 00c6 3263     		str	r2, [r6, #48]
 811:Drivers/STM32F4xx_HAL_Driver/Src/stm32f4xx_hal_rcc.c **** 
 1258              		.loc 1 811 5 is_stmt 1 view .LVU362
 1259 00c8 326B     		ldr	r2, [r6, #48]
 1260 00ca 02F00402 		and	r2, r2, #4
 1261 00ce 0292     		str	r2, [sp, #8]
 811:Drivers/STM32F4xx_HAL_Driver/Src/stm32f4xx_hal_rcc.c **** 
 1262              		.loc 1 811 5 view .LVU363
ARM GAS  C:\Users\guoch\AppData\Local\Temp\cc1ofrmC.s 			page 40


 1263 00d0 029A     		ldr	r2, [sp, #8]
 1264              	.LBE6:
 811:Drivers/STM32F4xx_HAL_Driver/Src/stm32f4xx_hal_rcc.c **** 
 1265              		.loc 1 811 5 view .LVU364
 814:Drivers/STM32F4xx_HAL_Driver/Src/stm32f4xx_hal_rcc.c ****     GPIO_InitStruct.Mode = GPIO_MODE_AF_PP;
 1266              		.loc 1 814 5 view .LVU365
 814:Drivers/STM32F4xx_HAL_Driver/Src/stm32f4xx_hal_rcc.c ****     GPIO_InitStruct.Mode = GPIO_MODE_AF_PP;
 1267              		.loc 1 814 25 is_stmt 0 view .LVU366
 1268 00d2 4FF40072 		mov	r2, #512
 1269 00d6 0392     		str	r2, [sp, #12]
 815:Drivers/STM32F4xx_HAL_Driver/Src/stm32f4xx_hal_rcc.c ****     GPIO_InitStruct.Speed = GPIO_SPEED_FREQ_VERY_HIGH;
 1270              		.loc 1 815 5 is_stmt 1 view .LVU367
 815:Drivers/STM32F4xx_HAL_Driver/Src/stm32f4xx_hal_rcc.c ****     GPIO_InitStruct.Speed = GPIO_SPEED_FREQ_VERY_HIGH;
 1271              		.loc 1 815 26 is_stmt 0 view .LVU368
 1272 00d8 0222     		movs	r2, #2
 1273 00da 0492     		str	r2, [sp, #16]
 816:Drivers/STM32F4xx_HAL_Driver/Src/stm32f4xx_hal_rcc.c ****     GPIO_InitStruct.Pull = GPIO_NOPULL;
 1274              		.loc 1 816 5 is_stmt 1 view .LVU369
 816:Drivers/STM32F4xx_HAL_Driver/Src/stm32f4xx_hal_rcc.c ****     GPIO_InitStruct.Pull = GPIO_NOPULL;
 1275              		.loc 1 816 27 is_stmt 0 view .LVU370
 1276 00dc 0322     		movs	r2, #3
 1277 00de 0692     		str	r2, [sp, #24]
 817:Drivers/STM32F4xx_HAL_Driver/Src/stm32f4xx_hal_rcc.c ****     GPIO_InitStruct.Alternate = GPIO_AF0_MCO;
 1278              		.loc 1 817 5 is_stmt 1 view .LVU371
 817:Drivers/STM32F4xx_HAL_Driver/Src/stm32f4xx_hal_rcc.c ****     GPIO_InitStruct.Alternate = GPIO_AF0_MCO;
 1279              		.loc 1 817 26 is_stmt 0 view .LVU372
 1280 00e0 0593     		str	r3, [sp, #20]
 818:Drivers/STM32F4xx_HAL_Driver/Src/stm32f4xx_hal_rcc.c ****     HAL_GPIO_Init(MCO2_GPIO_PORT, &GPIO_InitStruct);
 1281              		.loc 1 818 5 is_stmt 1 view .LVU373
 818:Drivers/STM32F4xx_HAL_Driver/Src/stm32f4xx_hal_rcc.c ****     HAL_GPIO_Init(MCO2_GPIO_PORT, &GPIO_InitStruct);
 1282              		.loc 1 818 31 is_stmt 0 view .LVU374
 1283 00e2 0793     		str	r3, [sp, #28]
 819:Drivers/STM32F4xx_HAL_Driver/Src/stm32f4xx_hal_rcc.c **** 
 1284              		.loc 1 819 5 is_stmt 1 view .LVU375
 1285 00e4 03A9     		add	r1, sp, #12
 1286 00e6 0B48     		ldr	r0, .L132+12
 1287 00e8 FFF7FEFF 		bl	HAL_GPIO_Init
 1288              	.LVL90:
 822:Drivers/STM32F4xx_HAL_Driver/Src/stm32f4xx_hal_rcc.c **** 
 1289              		.loc 1 822 5 view .LVU376
 1290 00ec B268     		ldr	r2, [r6, #8]
 1291 00ee 22F07842 		bic	r2, r2, #-134217728
 1292 00f2 45EAC404 		orr	r4, r5, r4, lsl #3
 1293              	.LVL91:
 822:Drivers/STM32F4xx_HAL_Driver/Src/stm32f4xx_hal_rcc.c **** 
 1294              		.loc 1 822 5 is_stmt 0 view .LVU377
 1295 00f6 1443     		orrs	r4, r4, r2
 1296 00f8 B460     		str	r4, [r6, #8]
 1297              		.loc 1 830 1 view .LVU378
 1298 00fa C0E7     		b	.L120
 1299              	.LVL92:
 1300              	.L131:
 808:Drivers/STM32F4xx_HAL_Driver/Src/stm32f4xx_hal_rcc.c **** 
 1301              		.loc 1 808 5 discriminator 4 view .LVU379
 1302 00fc 4FF44A71 		mov	r1, #808
 1303 0100 0348     		ldr	r0, .L132+8
 1304 0102 FFF7FEFF 		bl	assert_failed
ARM GAS  C:\Users\guoch\AppData\Local\Temp\cc1ofrmC.s 			page 41


 1305              	.LVL93:
 1306 0106 D8E7     		b	.L126
 1307              	.L133:
 1308              		.align	2
 1309              	.L132:
 1310 0108 00380240 		.word	1073887232
 1311 010c 00000240 		.word	1073872896
 1312 0110 00000000 		.word	.LC0
 1313 0114 00080240 		.word	1073874944
 1314              		.cfi_endproc
 1315              	.LFE137:
 1317              		.section	.text.HAL_RCC_EnableCSS,"ax",%progbits
 1318              		.align	1
 1319              		.global	HAL_RCC_EnableCSS
 1320              		.syntax unified
 1321              		.thumb
 1322              		.thumb_func
 1324              	HAL_RCC_EnableCSS:
 1325              	.LFB138:
 831:Drivers/STM32F4xx_HAL_Driver/Src/stm32f4xx_hal_rcc.c **** 
 832:Drivers/STM32F4xx_HAL_Driver/Src/stm32f4xx_hal_rcc.c **** /**
 833:Drivers/STM32F4xx_HAL_Driver/Src/stm32f4xx_hal_rcc.c ****   * @brief  Enables the Clock Security System.
 834:Drivers/STM32F4xx_HAL_Driver/Src/stm32f4xx_hal_rcc.c ****   * @note   If a failure is detected on the HSE oscillator clock, this oscillator
 835:Drivers/STM32F4xx_HAL_Driver/Src/stm32f4xx_hal_rcc.c ****   *         is automatically disabled and an interrupt is generated to inform the
 836:Drivers/STM32F4xx_HAL_Driver/Src/stm32f4xx_hal_rcc.c ****   *         software about the failure (Clock Security System Interrupt, CSSI),
 837:Drivers/STM32F4xx_HAL_Driver/Src/stm32f4xx_hal_rcc.c ****   *         allowing the MCU to perform rescue operations. The CSSI is linked to
 838:Drivers/STM32F4xx_HAL_Driver/Src/stm32f4xx_hal_rcc.c ****   *         the Cortex-M4 NMI (Non-Maskable Interrupt) exception vector.
 839:Drivers/STM32F4xx_HAL_Driver/Src/stm32f4xx_hal_rcc.c ****   * @retval None
 840:Drivers/STM32F4xx_HAL_Driver/Src/stm32f4xx_hal_rcc.c ****   */
 841:Drivers/STM32F4xx_HAL_Driver/Src/stm32f4xx_hal_rcc.c **** void HAL_RCC_EnableCSS(void)
 842:Drivers/STM32F4xx_HAL_Driver/Src/stm32f4xx_hal_rcc.c **** {
 1326              		.loc 1 842 1 is_stmt 1 view -0
 1327              		.cfi_startproc
 1328              		@ args = 0, pretend = 0, frame = 0
 1329              		@ frame_needed = 0, uses_anonymous_args = 0
 1330              		@ link register save eliminated.
 843:Drivers/STM32F4xx_HAL_Driver/Src/stm32f4xx_hal_rcc.c ****   *(__IO uint32_t *) RCC_CR_CSSON_BB = (uint32_t)ENABLE;
 1331              		.loc 1 843 3 view .LVU381
 1332              		.loc 1 843 38 is_stmt 0 view .LVU382
 1333 0000 014B     		ldr	r3, .L135
 1334 0002 0122     		movs	r2, #1
 1335 0004 DA64     		str	r2, [r3, #76]
 844:Drivers/STM32F4xx_HAL_Driver/Src/stm32f4xx_hal_rcc.c **** }
 1336              		.loc 1 844 1 view .LVU383
 1337 0006 7047     		bx	lr
 1338              	.L136:
 1339              		.align	2
 1340              	.L135:
 1341 0008 00004742 		.word	1111949312
 1342              		.cfi_endproc
 1343              	.LFE138:
 1345              		.section	.text.HAL_RCC_DisableCSS,"ax",%progbits
 1346              		.align	1
 1347              		.global	HAL_RCC_DisableCSS
 1348              		.syntax unified
 1349              		.thumb
 1350              		.thumb_func
ARM GAS  C:\Users\guoch\AppData\Local\Temp\cc1ofrmC.s 			page 42


 1352              	HAL_RCC_DisableCSS:
 1353              	.LFB139:
 845:Drivers/STM32F4xx_HAL_Driver/Src/stm32f4xx_hal_rcc.c **** 
 846:Drivers/STM32F4xx_HAL_Driver/Src/stm32f4xx_hal_rcc.c **** /**
 847:Drivers/STM32F4xx_HAL_Driver/Src/stm32f4xx_hal_rcc.c ****   * @brief  Disables the Clock Security System.
 848:Drivers/STM32F4xx_HAL_Driver/Src/stm32f4xx_hal_rcc.c ****   * @retval None
 849:Drivers/STM32F4xx_HAL_Driver/Src/stm32f4xx_hal_rcc.c ****   */
 850:Drivers/STM32F4xx_HAL_Driver/Src/stm32f4xx_hal_rcc.c **** void HAL_RCC_DisableCSS(void)
 851:Drivers/STM32F4xx_HAL_Driver/Src/stm32f4xx_hal_rcc.c **** {
 1354              		.loc 1 851 1 is_stmt 1 view -0
 1355              		.cfi_startproc
 1356              		@ args = 0, pretend = 0, frame = 0
 1357              		@ frame_needed = 0, uses_anonymous_args = 0
 1358              		@ link register save eliminated.
 852:Drivers/STM32F4xx_HAL_Driver/Src/stm32f4xx_hal_rcc.c ****   *(__IO uint32_t *) RCC_CR_CSSON_BB = (uint32_t)DISABLE;
 1359              		.loc 1 852 3 view .LVU385
 1360              		.loc 1 852 38 is_stmt 0 view .LVU386
 1361 0000 014B     		ldr	r3, .L138
 1362 0002 0022     		movs	r2, #0
 1363 0004 DA64     		str	r2, [r3, #76]
 853:Drivers/STM32F4xx_HAL_Driver/Src/stm32f4xx_hal_rcc.c **** }
 1364              		.loc 1 853 1 view .LVU387
 1365 0006 7047     		bx	lr
 1366              	.L139:
 1367              		.align	2
 1368              	.L138:
 1369 0008 00004742 		.word	1111949312
 1370              		.cfi_endproc
 1371              	.LFE139:
 1373              		.global	__aeabi_uldivmod
 1374              		.section	.text.HAL_RCC_GetSysClockFreq,"ax",%progbits
 1375              		.align	1
 1376              		.weak	HAL_RCC_GetSysClockFreq
 1377              		.syntax unified
 1378              		.thumb
 1379              		.thumb_func
 1381              	HAL_RCC_GetSysClockFreq:
 1382              	.LFB140:
 854:Drivers/STM32F4xx_HAL_Driver/Src/stm32f4xx_hal_rcc.c **** 
 855:Drivers/STM32F4xx_HAL_Driver/Src/stm32f4xx_hal_rcc.c **** /**
 856:Drivers/STM32F4xx_HAL_Driver/Src/stm32f4xx_hal_rcc.c ****   * @brief  Returns the SYSCLK frequency
 857:Drivers/STM32F4xx_HAL_Driver/Src/stm32f4xx_hal_rcc.c ****   *
 858:Drivers/STM32F4xx_HAL_Driver/Src/stm32f4xx_hal_rcc.c ****   * @note   The system frequency computed by this function is not the real
 859:Drivers/STM32F4xx_HAL_Driver/Src/stm32f4xx_hal_rcc.c ****   *         frequency in the chip. It is calculated based on the predefined
 860:Drivers/STM32F4xx_HAL_Driver/Src/stm32f4xx_hal_rcc.c ****   *         constant and the selected clock source:
 861:Drivers/STM32F4xx_HAL_Driver/Src/stm32f4xx_hal_rcc.c ****   * @note     If SYSCLK source is HSI, function returns values based on HSI_VALUE(*)
 862:Drivers/STM32F4xx_HAL_Driver/Src/stm32f4xx_hal_rcc.c ****   * @note     If SYSCLK source is HSE, function returns values based on HSE_VALUE(**)
 863:Drivers/STM32F4xx_HAL_Driver/Src/stm32f4xx_hal_rcc.c ****   * @note     If SYSCLK source is PLL, function returns values based on HSE_VALUE(**)
 864:Drivers/STM32F4xx_HAL_Driver/Src/stm32f4xx_hal_rcc.c ****   *           or HSI_VALUE(*) multiplied/divided by the PLL factors.
 865:Drivers/STM32F4xx_HAL_Driver/Src/stm32f4xx_hal_rcc.c ****   * @note     (*) HSI_VALUE is a constant defined in stm32f4xx_hal_conf.h file (default value
 866:Drivers/STM32F4xx_HAL_Driver/Src/stm32f4xx_hal_rcc.c ****   *               16 MHz) but the real value may vary depending on the variations
 867:Drivers/STM32F4xx_HAL_Driver/Src/stm32f4xx_hal_rcc.c ****   *               in voltage and temperature.
 868:Drivers/STM32F4xx_HAL_Driver/Src/stm32f4xx_hal_rcc.c ****   * @note     (**) HSE_VALUE is a constant defined in stm32f4xx_hal_conf.h file (default value
 869:Drivers/STM32F4xx_HAL_Driver/Src/stm32f4xx_hal_rcc.c ****   *                25 MHz), user has to ensure that HSE_VALUE is same as the real
 870:Drivers/STM32F4xx_HAL_Driver/Src/stm32f4xx_hal_rcc.c ****   *                frequency of the crystal used. Otherwise, this function may
 871:Drivers/STM32F4xx_HAL_Driver/Src/stm32f4xx_hal_rcc.c ****   *                have wrong result.
 872:Drivers/STM32F4xx_HAL_Driver/Src/stm32f4xx_hal_rcc.c ****   *
ARM GAS  C:\Users\guoch\AppData\Local\Temp\cc1ofrmC.s 			page 43


 873:Drivers/STM32F4xx_HAL_Driver/Src/stm32f4xx_hal_rcc.c ****   * @note   The result of this function could be not correct when using fractional
 874:Drivers/STM32F4xx_HAL_Driver/Src/stm32f4xx_hal_rcc.c ****   *         value for HSE crystal.
 875:Drivers/STM32F4xx_HAL_Driver/Src/stm32f4xx_hal_rcc.c ****   *
 876:Drivers/STM32F4xx_HAL_Driver/Src/stm32f4xx_hal_rcc.c ****   * @note   This function can be used by the user application to compute the
 877:Drivers/STM32F4xx_HAL_Driver/Src/stm32f4xx_hal_rcc.c ****   *         baudrate for the communication peripherals or configure other parameters.
 878:Drivers/STM32F4xx_HAL_Driver/Src/stm32f4xx_hal_rcc.c ****   *
 879:Drivers/STM32F4xx_HAL_Driver/Src/stm32f4xx_hal_rcc.c ****   * @note   Each time SYSCLK changes, this function must be called to update the
 880:Drivers/STM32F4xx_HAL_Driver/Src/stm32f4xx_hal_rcc.c ****   *         right SYSCLK value. Otherwise, any configuration based on this function will be incorre
 881:Drivers/STM32F4xx_HAL_Driver/Src/stm32f4xx_hal_rcc.c ****   *
 882:Drivers/STM32F4xx_HAL_Driver/Src/stm32f4xx_hal_rcc.c ****   *
 883:Drivers/STM32F4xx_HAL_Driver/Src/stm32f4xx_hal_rcc.c ****   * @retval SYSCLK frequency
 884:Drivers/STM32F4xx_HAL_Driver/Src/stm32f4xx_hal_rcc.c ****   */
 885:Drivers/STM32F4xx_HAL_Driver/Src/stm32f4xx_hal_rcc.c **** __weak uint32_t HAL_RCC_GetSysClockFreq(void)
 886:Drivers/STM32F4xx_HAL_Driver/Src/stm32f4xx_hal_rcc.c **** {
 1383              		.loc 1 886 1 is_stmt 1 view -0
 1384              		.cfi_startproc
 1385              		@ args = 0, pretend = 0, frame = 0
 1386              		@ frame_needed = 0, uses_anonymous_args = 0
 1387 0000 08B5     		push	{r3, lr}
 1388              	.LCFI10:
 1389              		.cfi_def_cfa_offset 8
 1390              		.cfi_offset 3, -8
 1391              		.cfi_offset 14, -4
 887:Drivers/STM32F4xx_HAL_Driver/Src/stm32f4xx_hal_rcc.c ****   uint32_t pllm = 0U;
 1392              		.loc 1 887 3 view .LVU389
 1393              	.LVL94:
 888:Drivers/STM32F4xx_HAL_Driver/Src/stm32f4xx_hal_rcc.c ****   uint32_t pllvco = 0U;
 1394              		.loc 1 888 3 view .LVU390
 889:Drivers/STM32F4xx_HAL_Driver/Src/stm32f4xx_hal_rcc.c ****   uint32_t pllp = 0U;
 1395              		.loc 1 889 3 view .LVU391
 890:Drivers/STM32F4xx_HAL_Driver/Src/stm32f4xx_hal_rcc.c ****   uint32_t sysclockfreq = 0U;
 1396              		.loc 1 890 3 view .LVU392
 891:Drivers/STM32F4xx_HAL_Driver/Src/stm32f4xx_hal_rcc.c **** 
 892:Drivers/STM32F4xx_HAL_Driver/Src/stm32f4xx_hal_rcc.c ****   /* Get SYSCLK source -------------------------------------------------------*/
 893:Drivers/STM32F4xx_HAL_Driver/Src/stm32f4xx_hal_rcc.c ****   switch (RCC->CFGR & RCC_CFGR_SWS)
 1397              		.loc 1 893 3 view .LVU393
 1398              		.loc 1 893 14 is_stmt 0 view .LVU394
 1399 0002 314B     		ldr	r3, .L147
 1400 0004 9B68     		ldr	r3, [r3, #8]
 1401              		.loc 1 893 21 view .LVU395
 1402 0006 03F00C03 		and	r3, r3, #12
 1403              		.loc 1 893 3 view .LVU396
 1404 000a 042B     		cmp	r3, #4
 1405 000c 57D0     		beq	.L144
 1406 000e 082B     		cmp	r3, #8
 1407 0010 57D1     		bne	.L145
 894:Drivers/STM32F4xx_HAL_Driver/Src/stm32f4xx_hal_rcc.c ****   {
 895:Drivers/STM32F4xx_HAL_Driver/Src/stm32f4xx_hal_rcc.c ****     case RCC_CFGR_SWS_HSI:  /* HSI used as system clock source */
 896:Drivers/STM32F4xx_HAL_Driver/Src/stm32f4xx_hal_rcc.c ****     {
 897:Drivers/STM32F4xx_HAL_Driver/Src/stm32f4xx_hal_rcc.c ****       sysclockfreq = HSI_VALUE;
 898:Drivers/STM32F4xx_HAL_Driver/Src/stm32f4xx_hal_rcc.c ****       break;
 899:Drivers/STM32F4xx_HAL_Driver/Src/stm32f4xx_hal_rcc.c ****     }
 900:Drivers/STM32F4xx_HAL_Driver/Src/stm32f4xx_hal_rcc.c ****     case RCC_CFGR_SWS_HSE:  /* HSE used as system clock  source */
 901:Drivers/STM32F4xx_HAL_Driver/Src/stm32f4xx_hal_rcc.c ****     {
 902:Drivers/STM32F4xx_HAL_Driver/Src/stm32f4xx_hal_rcc.c ****       sysclockfreq = HSE_VALUE;
 903:Drivers/STM32F4xx_HAL_Driver/Src/stm32f4xx_hal_rcc.c ****       break;
 904:Drivers/STM32F4xx_HAL_Driver/Src/stm32f4xx_hal_rcc.c ****     }
ARM GAS  C:\Users\guoch\AppData\Local\Temp\cc1ofrmC.s 			page 44


 905:Drivers/STM32F4xx_HAL_Driver/Src/stm32f4xx_hal_rcc.c ****     case RCC_CFGR_SWS_PLL:  /* PLL used as system clock  source */
 906:Drivers/STM32F4xx_HAL_Driver/Src/stm32f4xx_hal_rcc.c ****     {
 907:Drivers/STM32F4xx_HAL_Driver/Src/stm32f4xx_hal_rcc.c ****       /* PLL_VCO = (HSE_VALUE or HSI_VALUE / PLLM) * PLLN
 908:Drivers/STM32F4xx_HAL_Driver/Src/stm32f4xx_hal_rcc.c ****       SYSCLK = PLL_VCO / PLLP */
 909:Drivers/STM32F4xx_HAL_Driver/Src/stm32f4xx_hal_rcc.c ****       pllm = RCC->PLLCFGR & RCC_PLLCFGR_PLLM;
 1408              		.loc 1 909 7 is_stmt 1 view .LVU397
 1409              		.loc 1 909 17 is_stmt 0 view .LVU398
 1410 0012 2D4B     		ldr	r3, .L147
 1411 0014 5A68     		ldr	r2, [r3, #4]
 1412              		.loc 1 909 12 view .LVU399
 1413 0016 02F03F02 		and	r2, r2, #63
 1414              	.LVL95:
 910:Drivers/STM32F4xx_HAL_Driver/Src/stm32f4xx_hal_rcc.c ****       if (__HAL_RCC_GET_PLL_OSCSOURCE() != RCC_PLLSOURCE_HSI)
 1415              		.loc 1 910 7 is_stmt 1 view .LVU400
 1416              		.loc 1 910 11 is_stmt 0 view .LVU401
 1417 001a 5B68     		ldr	r3, [r3, #4]
 1418              		.loc 1 910 10 view .LVU402
 1419 001c 13F4800F 		tst	r3, #4194304
 1420 0020 2AD0     		beq	.L142
 911:Drivers/STM32F4xx_HAL_Driver/Src/stm32f4xx_hal_rcc.c ****       {
 912:Drivers/STM32F4xx_HAL_Driver/Src/stm32f4xx_hal_rcc.c ****         /* HSE used as PLL clock source */
 913:Drivers/STM32F4xx_HAL_Driver/Src/stm32f4xx_hal_rcc.c ****         pllvco = (uint32_t)((((uint64_t) HSE_VALUE * ((uint64_t)((RCC->PLLCFGR & RCC_PLLCFGR_PLLN) 
 1421              		.loc 1 913 9 is_stmt 1 view .LVU403
 1422              		.loc 1 913 70 is_stmt 0 view .LVU404
 1423 0022 294B     		ldr	r3, .L147
 1424 0024 5968     		ldr	r1, [r3, #4]
 1425              		.loc 1 913 55 view .LVU405
 1426 0026 C1F3881C 		ubfx	ip, r1, #6, #9
 1427              		.loc 1 913 52 view .LVU406
 1428 002a 4FEA4C11 		lsl	r1, ip, #5
 1429 002e B1EB0C00 		subs	r0, r1, ip
 1430 0032 6EEB0E0E 		sbc	lr, lr, lr
 1431 0036 4FEA8E13 		lsl	r3, lr, #6
 1432 003a 43EA9063 		orr	r3, r3, r0, lsr #26
 1433 003e 8101     		lsls	r1, r0, #6
 1434 0040 091A     		subs	r1, r1, r0
 1435 0042 63EB0E03 		sbc	r3, r3, lr
 1436 0046 DB00     		lsls	r3, r3, #3
 1437 0048 43EA5173 		orr	r3, r3, r1, lsr #29
 1438 004c C900     		lsls	r1, r1, #3
 1439 004e 11EB0C0C 		adds	ip, r1, ip
 1440 0052 43F10003 		adc	r3, r3, #0
 1441 0056 5902     		lsls	r1, r3, #9
 1442              		.loc 1 913 128 view .LVU407
 1443 0058 0023     		movs	r3, #0
 1444 005a 4FEA4C20 		lsl	r0, ip, #9
 1445 005e 41EADC51 		orr	r1, r1, ip, lsr #23
 1446 0062 FFF7FEFF 		bl	__aeabi_uldivmod
 1447              	.LVL96:
 1448              	.L143:
 914:Drivers/STM32F4xx_HAL_Driver/Src/stm32f4xx_hal_rcc.c ****       }
 915:Drivers/STM32F4xx_HAL_Driver/Src/stm32f4xx_hal_rcc.c ****       else
 916:Drivers/STM32F4xx_HAL_Driver/Src/stm32f4xx_hal_rcc.c ****       {
 917:Drivers/STM32F4xx_HAL_Driver/Src/stm32f4xx_hal_rcc.c ****         /* HSI used as PLL clock source */
 918:Drivers/STM32F4xx_HAL_Driver/Src/stm32f4xx_hal_rcc.c ****         pllvco = (uint32_t)((((uint64_t) HSI_VALUE * ((uint64_t)((RCC->PLLCFGR & RCC_PLLCFGR_PLLN) 
 919:Drivers/STM32F4xx_HAL_Driver/Src/stm32f4xx_hal_rcc.c ****       }
 920:Drivers/STM32F4xx_HAL_Driver/Src/stm32f4xx_hal_rcc.c ****       pllp = ((((RCC->PLLCFGR & RCC_PLLCFGR_PLLP) >> RCC_PLLCFGR_PLLP_Pos) + 1U) * 2U);
ARM GAS  C:\Users\guoch\AppData\Local\Temp\cc1ofrmC.s 			page 45


 1449              		.loc 1 920 7 is_stmt 1 view .LVU408
 1450              		.loc 1 920 21 is_stmt 0 view .LVU409
 1451 0066 184B     		ldr	r3, .L147
 1452 0068 5B68     		ldr	r3, [r3, #4]
 1453              		.loc 1 920 51 view .LVU410
 1454 006a C3F30143 		ubfx	r3, r3, #16, #2
 1455              		.loc 1 920 76 view .LVU411
 1456 006e 0133     		adds	r3, r3, #1
 1457              		.loc 1 920 12 view .LVU412
 1458 0070 5B00     		lsls	r3, r3, #1
 1459              	.LVL97:
 921:Drivers/STM32F4xx_HAL_Driver/Src/stm32f4xx_hal_rcc.c **** 
 922:Drivers/STM32F4xx_HAL_Driver/Src/stm32f4xx_hal_rcc.c ****       sysclockfreq = pllvco / pllp;
 1460              		.loc 1 922 7 is_stmt 1 view .LVU413
 1461              		.loc 1 922 20 is_stmt 0 view .LVU414
 1462 0072 B0FBF3F0 		udiv	r0, r0, r3
 1463              	.LVL98:
 923:Drivers/STM32F4xx_HAL_Driver/Src/stm32f4xx_hal_rcc.c ****       break;
 1464              		.loc 1 923 7 is_stmt 1 view .LVU415
 1465 0076 25E0     		b	.L140
 1466              	.LVL99:
 1467              	.L142:
 918:Drivers/STM32F4xx_HAL_Driver/Src/stm32f4xx_hal_rcc.c ****       }
 1468              		.loc 1 918 9 view .LVU416
 918:Drivers/STM32F4xx_HAL_Driver/Src/stm32f4xx_hal_rcc.c ****       }
 1469              		.loc 1 918 70 is_stmt 0 view .LVU417
 1470 0078 134B     		ldr	r3, .L147
 1471 007a 5968     		ldr	r1, [r3, #4]
 918:Drivers/STM32F4xx_HAL_Driver/Src/stm32f4xx_hal_rcc.c ****       }
 1472              		.loc 1 918 55 view .LVU418
 1473 007c C1F3881C 		ubfx	ip, r1, #6, #9
 918:Drivers/STM32F4xx_HAL_Driver/Src/stm32f4xx_hal_rcc.c ****       }
 1474              		.loc 1 918 52 view .LVU419
 1475 0080 4FEA4C11 		lsl	r1, ip, #5
 1476 0084 B1EB0C00 		subs	r0, r1, ip
 1477 0088 6EEB0E0E 		sbc	lr, lr, lr
 1478 008c 4FEA8E13 		lsl	r3, lr, #6
 1479 0090 43EA9063 		orr	r3, r3, r0, lsr #26
 1480 0094 8101     		lsls	r1, r0, #6
 1481 0096 091A     		subs	r1, r1, r0
 1482 0098 63EB0E03 		sbc	r3, r3, lr
 1483 009c DB00     		lsls	r3, r3, #3
 1484 009e 43EA5173 		orr	r3, r3, r1, lsr #29
 1485 00a2 C900     		lsls	r1, r1, #3
 1486 00a4 11EB0C0C 		adds	ip, r1, ip
 1487 00a8 43F10003 		adc	r3, r3, #0
 1488 00ac 9902     		lsls	r1, r3, #10
 918:Drivers/STM32F4xx_HAL_Driver/Src/stm32f4xx_hal_rcc.c ****       }
 1489              		.loc 1 918 128 view .LVU420
 1490 00ae 0023     		movs	r3, #0
 1491 00b0 4FEA8C20 		lsl	r0, ip, #10
 1492 00b4 41EA9C51 		orr	r1, r1, ip, lsr #22
 1493 00b8 FFF7FEFF 		bl	__aeabi_uldivmod
 1494              	.LVL100:
 918:Drivers/STM32F4xx_HAL_Driver/Src/stm32f4xx_hal_rcc.c ****       }
 1495              		.loc 1 918 128 view .LVU421
 1496 00bc D3E7     		b	.L143
ARM GAS  C:\Users\guoch\AppData\Local\Temp\cc1ofrmC.s 			page 46


 1497              	.LVL101:
 1498              	.L144:
 902:Drivers/STM32F4xx_HAL_Driver/Src/stm32f4xx_hal_rcc.c ****       break;
 1499              		.loc 1 902 20 view .LVU422
 1500 00be 0348     		ldr	r0, .L147+4
 1501 00c0 00E0     		b	.L140
 1502              	.L145:
 893:Drivers/STM32F4xx_HAL_Driver/Src/stm32f4xx_hal_rcc.c ****   {
 1503              		.loc 1 893 3 view .LVU423
 1504 00c2 0348     		ldr	r0, .L147+8
 1505              	.LVL102:
 924:Drivers/STM32F4xx_HAL_Driver/Src/stm32f4xx_hal_rcc.c ****     }
 925:Drivers/STM32F4xx_HAL_Driver/Src/stm32f4xx_hal_rcc.c ****     default:
 926:Drivers/STM32F4xx_HAL_Driver/Src/stm32f4xx_hal_rcc.c ****     {
 927:Drivers/STM32F4xx_HAL_Driver/Src/stm32f4xx_hal_rcc.c ****       sysclockfreq = HSI_VALUE;
 928:Drivers/STM32F4xx_HAL_Driver/Src/stm32f4xx_hal_rcc.c ****       break;
 929:Drivers/STM32F4xx_HAL_Driver/Src/stm32f4xx_hal_rcc.c ****     }
 930:Drivers/STM32F4xx_HAL_Driver/Src/stm32f4xx_hal_rcc.c ****   }
 931:Drivers/STM32F4xx_HAL_Driver/Src/stm32f4xx_hal_rcc.c ****   return sysclockfreq;
 1506              		.loc 1 931 3 is_stmt 1 view .LVU424
 1507              	.L140:
 932:Drivers/STM32F4xx_HAL_Driver/Src/stm32f4xx_hal_rcc.c **** }
 1508              		.loc 1 932 1 is_stmt 0 view .LVU425
 1509 00c4 08BD     		pop	{r3, pc}
 1510              	.L148:
 1511 00c6 00BF     		.align	2
 1512              	.L147:
 1513 00c8 00380240 		.word	1073887232
 1514 00cc 00127A00 		.word	8000000
 1515 00d0 0024F400 		.word	16000000
 1516              		.cfi_endproc
 1517              	.LFE140:
 1519              		.section	.text.HAL_RCC_ClockConfig,"ax",%progbits
 1520              		.align	1
 1521              		.global	HAL_RCC_ClockConfig
 1522              		.syntax unified
 1523              		.thumb
 1524              		.thumb_func
 1526              	HAL_RCC_ClockConfig:
 1527              	.LVL103:
 1528              	.LFB136:
 592:Drivers/STM32F4xx_HAL_Driver/Src/stm32f4xx_hal_rcc.c ****   uint32_t tickstart;
 1529              		.loc 1 592 1 is_stmt 1 view -0
 1530              		.cfi_startproc
 1531              		@ args = 0, pretend = 0, frame = 0
 1532              		@ frame_needed = 0, uses_anonymous_args = 0
 593:Drivers/STM32F4xx_HAL_Driver/Src/stm32f4xx_hal_rcc.c **** 
 1533              		.loc 1 593 3 view .LVU427
 596:Drivers/STM32F4xx_HAL_Driver/Src/stm32f4xx_hal_rcc.c ****   {
 1534              		.loc 1 596 3 view .LVU428
 596:Drivers/STM32F4xx_HAL_Driver/Src/stm32f4xx_hal_rcc.c ****   {
 1535              		.loc 1 596 6 is_stmt 0 view .LVU429
 1536 0000 0028     		cmp	r0, #0
 1537 0002 00F0F780 		beq	.L170
 592:Drivers/STM32F4xx_HAL_Driver/Src/stm32f4xx_hal_rcc.c ****   uint32_t tickstart;
 1538              		.loc 1 592 1 view .LVU430
 1539 0006 70B5     		push	{r4, r5, r6, lr}
ARM GAS  C:\Users\guoch\AppData\Local\Temp\cc1ofrmC.s 			page 47


 1540              	.LCFI11:
 1541              		.cfi_def_cfa_offset 16
 1542              		.cfi_offset 4, -16
 1543              		.cfi_offset 5, -12
 1544              		.cfi_offset 6, -8
 1545              		.cfi_offset 14, -4
 1546 0008 0D46     		mov	r5, r1
 1547 000a 0446     		mov	r4, r0
 602:Drivers/STM32F4xx_HAL_Driver/Src/stm32f4xx_hal_rcc.c ****   assert_param(IS_FLASH_LATENCY(FLatency));
 1548              		.loc 1 602 3 is_stmt 1 view .LVU431
 1549 000c 0368     		ldr	r3, [r0]
 1550 000e 013B     		subs	r3, r3, #1
 1551 0010 0E2B     		cmp	r3, #14
 1552 0012 6BD8     		bhi	.L181
 1553              	.LVL104:
 1554              	.L151:
 603:Drivers/STM32F4xx_HAL_Driver/Src/stm32f4xx_hal_rcc.c **** 
 1555              		.loc 1 603 3 view .LVU432
 1556 0014 072D     		cmp	r5, #7
 1557 0016 6FD8     		bhi	.L182
 1558              	.L152:
 610:Drivers/STM32F4xx_HAL_Driver/Src/stm32f4xx_hal_rcc.c ****   {
 1559              		.loc 1 610 3 view .LVU433
 610:Drivers/STM32F4xx_HAL_Driver/Src/stm32f4xx_hal_rcc.c ****   {
 1560              		.loc 1 610 18 is_stmt 0 view .LVU434
 1561 0018 7A4B     		ldr	r3, .L189
 1562 001a 1B68     		ldr	r3, [r3]
 1563 001c 03F00703 		and	r3, r3, #7
 610:Drivers/STM32F4xx_HAL_Driver/Src/stm32f4xx_hal_rcc.c ****   {
 1564              		.loc 1 610 6 view .LVU435
 1565 0020 AB42     		cmp	r3, r5
 1566 0022 08D2     		bcs	.L153
 613:Drivers/STM32F4xx_HAL_Driver/Src/stm32f4xx_hal_rcc.c **** 
 1567              		.loc 1 613 5 is_stmt 1 view .LVU436
 1568 0024 EBB2     		uxtb	r3, r5
 1569 0026 774A     		ldr	r2, .L189
 1570 0028 1370     		strb	r3, [r2]
 617:Drivers/STM32F4xx_HAL_Driver/Src/stm32f4xx_hal_rcc.c ****     {
 1571              		.loc 1 617 5 view .LVU437
 617:Drivers/STM32F4xx_HAL_Driver/Src/stm32f4xx_hal_rcc.c ****     {
 1572              		.loc 1 617 9 is_stmt 0 view .LVU438
 1573 002a 1368     		ldr	r3, [r2]
 1574 002c 03F00703 		and	r3, r3, #7
 617:Drivers/STM32F4xx_HAL_Driver/Src/stm32f4xx_hal_rcc.c ****     {
 1575              		.loc 1 617 8 view .LVU439
 1576 0030 AB42     		cmp	r3, r5
 1577 0032 40F0E180 		bne	.L171
 1578              	.L153:
 624:Drivers/STM32F4xx_HAL_Driver/Src/stm32f4xx_hal_rcc.c ****   {
 1579              		.loc 1 624 3 is_stmt 1 view .LVU440
 624:Drivers/STM32F4xx_HAL_Driver/Src/stm32f4xx_hal_rcc.c ****   {
 1580              		.loc 1 624 26 is_stmt 0 view .LVU441
 1581 0036 2368     		ldr	r3, [r4]
 624:Drivers/STM32F4xx_HAL_Driver/Src/stm32f4xx_hal_rcc.c ****   {
 1582              		.loc 1 624 6 view .LVU442
 1583 0038 13F0020F 		tst	r3, #2
 1584 003c 29D0     		beq	.L154
ARM GAS  C:\Users\guoch\AppData\Local\Temp\cc1ofrmC.s 			page 48


 628:Drivers/STM32F4xx_HAL_Driver/Src/stm32f4xx_hal_rcc.c ****     {
 1585              		.loc 1 628 5 is_stmt 1 view .LVU443
 628:Drivers/STM32F4xx_HAL_Driver/Src/stm32f4xx_hal_rcc.c ****     {
 1586              		.loc 1 628 8 is_stmt 0 view .LVU444
 1587 003e 13F0040F 		tst	r3, #4
 1588 0042 04D0     		beq	.L155
 630:Drivers/STM32F4xx_HAL_Driver/Src/stm32f4xx_hal_rcc.c ****     }
 1589              		.loc 1 630 7 is_stmt 1 view .LVU445
 1590 0044 704A     		ldr	r2, .L189+4
 1591 0046 9368     		ldr	r3, [r2, #8]
 1592 0048 43F4E053 		orr	r3, r3, #7168
 1593 004c 9360     		str	r3, [r2, #8]
 1594              	.L155:
 633:Drivers/STM32F4xx_HAL_Driver/Src/stm32f4xx_hal_rcc.c ****     {
 1595              		.loc 1 633 5 view .LVU446
 633:Drivers/STM32F4xx_HAL_Driver/Src/stm32f4xx_hal_rcc.c ****     {
 1596              		.loc 1 633 28 is_stmt 0 view .LVU447
 1597 004e 2368     		ldr	r3, [r4]
 633:Drivers/STM32F4xx_HAL_Driver/Src/stm32f4xx_hal_rcc.c ****     {
 1598              		.loc 1 633 8 view .LVU448
 1599 0050 13F0080F 		tst	r3, #8
 1600 0054 04D0     		beq	.L156
 635:Drivers/STM32F4xx_HAL_Driver/Src/stm32f4xx_hal_rcc.c ****     }
 1601              		.loc 1 635 7 is_stmt 1 view .LVU449
 1602 0056 6C4A     		ldr	r2, .L189+4
 1603 0058 9368     		ldr	r3, [r2, #8]
 1604 005a 43F46043 		orr	r3, r3, #57344
 1605 005e 9360     		str	r3, [r2, #8]
 1606              	.L156:
 638:Drivers/STM32F4xx_HAL_Driver/Src/stm32f4xx_hal_rcc.c ****     MODIFY_REG(RCC->CFGR, RCC_CFGR_HPRE, RCC_ClkInitStruct->AHBCLKDivider);
 1607              		.loc 1 638 5 view .LVU450
 1608 0060 A368     		ldr	r3, [r4, #8]
 1609 0062 7BB1     		cbz	r3, .L157
 638:Drivers/STM32F4xx_HAL_Driver/Src/stm32f4xx_hal_rcc.c ****     MODIFY_REG(RCC->CFGR, RCC_CFGR_HPRE, RCC_ClkInitStruct->AHBCLKDivider);
 1610              		.loc 1 638 5 is_stmt 0 discriminator 1 view .LVU451
 1611 0064 802B     		cmp	r3, #128
 1612 0066 0DD0     		beq	.L157
 638:Drivers/STM32F4xx_HAL_Driver/Src/stm32f4xx_hal_rcc.c ****     MODIFY_REG(RCC->CFGR, RCC_CFGR_HPRE, RCC_ClkInitStruct->AHBCLKDivider);
 1613              		.loc 1 638 5 discriminator 2 view .LVU452
 1614 0068 902B     		cmp	r3, #144
 1615 006a 0BD0     		beq	.L157
 638:Drivers/STM32F4xx_HAL_Driver/Src/stm32f4xx_hal_rcc.c ****     MODIFY_REG(RCC->CFGR, RCC_CFGR_HPRE, RCC_ClkInitStruct->AHBCLKDivider);
 1616              		.loc 1 638 5 discriminator 3 view .LVU453
 1617 006c A02B     		cmp	r3, #160
 1618 006e 09D0     		beq	.L157
 638:Drivers/STM32F4xx_HAL_Driver/Src/stm32f4xx_hal_rcc.c ****     MODIFY_REG(RCC->CFGR, RCC_CFGR_HPRE, RCC_ClkInitStruct->AHBCLKDivider);
 1619              		.loc 1 638 5 discriminator 4 view .LVU454
 1620 0070 B02B     		cmp	r3, #176
 1621 0072 07D0     		beq	.L157
 638:Drivers/STM32F4xx_HAL_Driver/Src/stm32f4xx_hal_rcc.c ****     MODIFY_REG(RCC->CFGR, RCC_CFGR_HPRE, RCC_ClkInitStruct->AHBCLKDivider);
 1622              		.loc 1 638 5 discriminator 5 view .LVU455
 1623 0074 C02B     		cmp	r3, #192
 1624 0076 05D0     		beq	.L157
 638:Drivers/STM32F4xx_HAL_Driver/Src/stm32f4xx_hal_rcc.c ****     MODIFY_REG(RCC->CFGR, RCC_CFGR_HPRE, RCC_ClkInitStruct->AHBCLKDivider);
 1625              		.loc 1 638 5 discriminator 6 view .LVU456
 1626 0078 D02B     		cmp	r3, #208
 1627 007a 03D0     		beq	.L157
ARM GAS  C:\Users\guoch\AppData\Local\Temp\cc1ofrmC.s 			page 49


 638:Drivers/STM32F4xx_HAL_Driver/Src/stm32f4xx_hal_rcc.c ****     MODIFY_REG(RCC->CFGR, RCC_CFGR_HPRE, RCC_ClkInitStruct->AHBCLKDivider);
 1628              		.loc 1 638 5 discriminator 7 view .LVU457
 1629 007c E02B     		cmp	r3, #224
 1630 007e 01D0     		beq	.L157
 638:Drivers/STM32F4xx_HAL_Driver/Src/stm32f4xx_hal_rcc.c ****     MODIFY_REG(RCC->CFGR, RCC_CFGR_HPRE, RCC_ClkInitStruct->AHBCLKDivider);
 1631              		.loc 1 638 5 discriminator 8 view .LVU458
 1632 0080 F02B     		cmp	r3, #240
 1633 0082 3FD1     		bne	.L183
 1634              	.L157:
 639:Drivers/STM32F4xx_HAL_Driver/Src/stm32f4xx_hal_rcc.c ****   }
 1635              		.loc 1 639 5 is_stmt 1 view .LVU459
 1636 0084 604A     		ldr	r2, .L189+4
 1637 0086 9368     		ldr	r3, [r2, #8]
 1638 0088 23F0F003 		bic	r3, r3, #240
 1639 008c A168     		ldr	r1, [r4, #8]
 1640 008e 0B43     		orrs	r3, r3, r1
 1641 0090 9360     		str	r3, [r2, #8]
 1642              	.L154:
 643:Drivers/STM32F4xx_HAL_Driver/Src/stm32f4xx_hal_rcc.c ****   {
 1643              		.loc 1 643 3 view .LVU460
 643:Drivers/STM32F4xx_HAL_Driver/Src/stm32f4xx_hal_rcc.c ****   {
 1644              		.loc 1 643 26 is_stmt 0 view .LVU461
 1645 0092 2368     		ldr	r3, [r4]
 643:Drivers/STM32F4xx_HAL_Driver/Src/stm32f4xx_hal_rcc.c ****   {
 1646              		.loc 1 643 6 view .LVU462
 1647 0094 13F0010F 		tst	r3, #1
 1648 0098 4ED0     		beq	.L158
 645:Drivers/STM32F4xx_HAL_Driver/Src/stm32f4xx_hal_rcc.c **** 
 1649              		.loc 1 645 5 is_stmt 1 view .LVU463
 1650 009a 6368     		ldr	r3, [r4, #4]
 1651 009c 032B     		cmp	r3, #3
 1652 009e 37D8     		bhi	.L184
 1653              	.L159:
 648:Drivers/STM32F4xx_HAL_Driver/Src/stm32f4xx_hal_rcc.c ****     {
 1654              		.loc 1 648 5 view .LVU464
 648:Drivers/STM32F4xx_HAL_Driver/Src/stm32f4xx_hal_rcc.c ****     {
 1655              		.loc 1 648 26 is_stmt 0 view .LVU465
 1656 00a0 6368     		ldr	r3, [r4, #4]
 648:Drivers/STM32F4xx_HAL_Driver/Src/stm32f4xx_hal_rcc.c ****     {
 1657              		.loc 1 648 8 view .LVU466
 1658 00a2 012B     		cmp	r3, #1
 1659 00a4 3AD0     		beq	.L185
 657:Drivers/STM32F4xx_HAL_Driver/Src/stm32f4xx_hal_rcc.c ****              (RCC_ClkInitStruct->SYSCLKSource == RCC_SYSCLKSOURCE_PLLRCLK))
 1660              		.loc 1 657 10 is_stmt 1 view .LVU467
 657:Drivers/STM32F4xx_HAL_Driver/Src/stm32f4xx_hal_rcc.c ****              (RCC_ClkInitStruct->SYSCLKSource == RCC_SYSCLKSOURCE_PLLRCLK))
 1661              		.loc 1 657 77 is_stmt 0 view .LVU468
 1662 00a6 9A1E     		subs	r2, r3, #2
 657:Drivers/STM32F4xx_HAL_Driver/Src/stm32f4xx_hal_rcc.c ****              (RCC_ClkInitStruct->SYSCLKSource == RCC_SYSCLKSOURCE_PLLRCLK))
 1663              		.loc 1 657 13 view .LVU469
 1664 00a8 012A     		cmp	r2, #1
 1665 00aa 3ED9     		bls	.L186
 670:Drivers/STM32F4xx_HAL_Driver/Src/stm32f4xx_hal_rcc.c ****       {
 1666              		.loc 1 670 7 is_stmt 1 view .LVU470
 670:Drivers/STM32F4xx_HAL_Driver/Src/stm32f4xx_hal_rcc.c ****       {
 1667              		.loc 1 670 11 is_stmt 0 view .LVU471
 1668 00ac 564A     		ldr	r2, .L189+4
 1669 00ae 1268     		ldr	r2, [r2]
ARM GAS  C:\Users\guoch\AppData\Local\Temp\cc1ofrmC.s 			page 50


 670:Drivers/STM32F4xx_HAL_Driver/Src/stm32f4xx_hal_rcc.c ****       {
 1670              		.loc 1 670 10 view .LVU472
 1671 00b0 12F0020F 		tst	r2, #2
 1672 00b4 00F0A280 		beq	.L174
 1673              	.L161:
 676:Drivers/STM32F4xx_HAL_Driver/Src/stm32f4xx_hal_rcc.c **** 
 1674              		.loc 1 676 5 is_stmt 1 view .LVU473
 1675 00b8 5349     		ldr	r1, .L189+4
 1676 00ba 8A68     		ldr	r2, [r1, #8]
 1677 00bc 22F00302 		bic	r2, r2, #3
 1678 00c0 1343     		orrs	r3, r3, r2
 1679 00c2 8B60     		str	r3, [r1, #8]
 679:Drivers/STM32F4xx_HAL_Driver/Src/stm32f4xx_hal_rcc.c **** 
 1680              		.loc 1 679 5 view .LVU474
 679:Drivers/STM32F4xx_HAL_Driver/Src/stm32f4xx_hal_rcc.c **** 
 1681              		.loc 1 679 17 is_stmt 0 view .LVU475
 1682 00c4 FFF7FEFF 		bl	HAL_GetTick
 1683              	.LVL105:
 1684 00c8 0646     		mov	r6, r0
 1685              	.LVL106:
 681:Drivers/STM32F4xx_HAL_Driver/Src/stm32f4xx_hal_rcc.c ****     {
 1686              		.loc 1 681 5 is_stmt 1 view .LVU476
 1687              	.L163:
 681:Drivers/STM32F4xx_HAL_Driver/Src/stm32f4xx_hal_rcc.c ****     {
 1688              		.loc 1 681 11 view .LVU477
 681:Drivers/STM32F4xx_HAL_Driver/Src/stm32f4xx_hal_rcc.c ****     {
 1689              		.loc 1 681 12 is_stmt 0 view .LVU478
 1690 00ca 4F4B     		ldr	r3, .L189+4
 1691 00cc 9B68     		ldr	r3, [r3, #8]
 1692 00ce 03F00C03 		and	r3, r3, #12
 681:Drivers/STM32F4xx_HAL_Driver/Src/stm32f4xx_hal_rcc.c ****     {
 1693              		.loc 1 681 63 view .LVU479
 1694 00d2 6268     		ldr	r2, [r4, #4]
 681:Drivers/STM32F4xx_HAL_Driver/Src/stm32f4xx_hal_rcc.c ****     {
 1695              		.loc 1 681 11 view .LVU480
 1696 00d4 B3EB820F 		cmp	r3, r2, lsl #2
 1697 00d8 2ED0     		beq	.L158
 683:Drivers/STM32F4xx_HAL_Driver/Src/stm32f4xx_hal_rcc.c ****       {
 1698              		.loc 1 683 7 is_stmt 1 view .LVU481
 683:Drivers/STM32F4xx_HAL_Driver/Src/stm32f4xx_hal_rcc.c ****       {
 1699              		.loc 1 683 12 is_stmt 0 view .LVU482
 1700 00da FFF7FEFF 		bl	HAL_GetTick
 1701              	.LVL107:
 683:Drivers/STM32F4xx_HAL_Driver/Src/stm32f4xx_hal_rcc.c ****       {
 1702              		.loc 1 683 26 view .LVU483
 1703 00de 801B     		subs	r0, r0, r6
 683:Drivers/STM32F4xx_HAL_Driver/Src/stm32f4xx_hal_rcc.c ****       {
 1704              		.loc 1 683 10 view .LVU484
 1705 00e0 41F28833 		movw	r3, #5000
 1706 00e4 9842     		cmp	r0, r3
 1707 00e6 F0D9     		bls	.L163
 685:Drivers/STM32F4xx_HAL_Driver/Src/stm32f4xx_hal_rcc.c ****       }
 1708              		.loc 1 685 16 view .LVU485
 1709 00e8 0320     		movs	r0, #3
 1710 00ea 76E0     		b	.L150
 1711              	.LVL108:
 1712              	.L181:
ARM GAS  C:\Users\guoch\AppData\Local\Temp\cc1ofrmC.s 			page 51


 602:Drivers/STM32F4xx_HAL_Driver/Src/stm32f4xx_hal_rcc.c ****   assert_param(IS_FLASH_LATENCY(FLatency));
 1713              		.loc 1 602 3 discriminator 1 view .LVU486
 1714 00ec 40F25A21 		movw	r1, #602
 1715              	.LVL109:
 602:Drivers/STM32F4xx_HAL_Driver/Src/stm32f4xx_hal_rcc.c ****   assert_param(IS_FLASH_LATENCY(FLatency));
 1716              		.loc 1 602 3 discriminator 1 view .LVU487
 1717 00f0 4648     		ldr	r0, .L189+8
 1718              	.LVL110:
 602:Drivers/STM32F4xx_HAL_Driver/Src/stm32f4xx_hal_rcc.c ****   assert_param(IS_FLASH_LATENCY(FLatency));
 1719              		.loc 1 602 3 discriminator 1 view .LVU488
 1720 00f2 FFF7FEFF 		bl	assert_failed
 1721              	.LVL111:
 1722 00f6 8DE7     		b	.L151
 1723              	.L182:
 603:Drivers/STM32F4xx_HAL_Driver/Src/stm32f4xx_hal_rcc.c **** 
 1724              		.loc 1 603 3 discriminator 1 view .LVU489
 1725 00f8 40F25B21 		movw	r1, #603
 1726 00fc 4348     		ldr	r0, .L189+8
 1727 00fe FFF7FEFF 		bl	assert_failed
 1728              	.LVL112:
 1729 0102 89E7     		b	.L152
 1730              	.L183:
 638:Drivers/STM32F4xx_HAL_Driver/Src/stm32f4xx_hal_rcc.c ****     MODIFY_REG(RCC->CFGR, RCC_CFGR_HPRE, RCC_ClkInitStruct->AHBCLKDivider);
 1731              		.loc 1 638 5 discriminator 9 view .LVU490
 1732 0104 40F27E21 		movw	r1, #638
 1733 0108 4048     		ldr	r0, .L189+8
 1734 010a FFF7FEFF 		bl	assert_failed
 1735              	.LVL113:
 1736 010e B9E7     		b	.L157
 1737              	.L184:
 645:Drivers/STM32F4xx_HAL_Driver/Src/stm32f4xx_hal_rcc.c **** 
 1738              		.loc 1 645 5 discriminator 1 view .LVU491
 1739 0110 40F28521 		movw	r1, #645
 1740 0114 3D48     		ldr	r0, .L189+8
 1741 0116 FFF7FEFF 		bl	assert_failed
 1742              	.LVL114:
 1743 011a C1E7     		b	.L159
 1744              	.L185:
 651:Drivers/STM32F4xx_HAL_Driver/Src/stm32f4xx_hal_rcc.c ****       {
 1745              		.loc 1 651 7 is_stmt 1 view .LVU492
 651:Drivers/STM32F4xx_HAL_Driver/Src/stm32f4xx_hal_rcc.c ****       {
 1746              		.loc 1 651 11 is_stmt 0 view .LVU493
 1747 011c 3A4A     		ldr	r2, .L189+4
 1748 011e 1268     		ldr	r2, [r2]
 651:Drivers/STM32F4xx_HAL_Driver/Src/stm32f4xx_hal_rcc.c ****       {
 1749              		.loc 1 651 10 view .LVU494
 1750 0120 12F4003F 		tst	r2, #131072
 1751 0124 C8D1     		bne	.L161
 653:Drivers/STM32F4xx_HAL_Driver/Src/stm32f4xx_hal_rcc.c ****       }
 1752              		.loc 1 653 16 view .LVU495
 1753 0126 0120     		movs	r0, #1
 1754 0128 57E0     		b	.L150
 1755              	.L186:
 661:Drivers/STM32F4xx_HAL_Driver/Src/stm32f4xx_hal_rcc.c ****       {
 1756              		.loc 1 661 7 is_stmt 1 view .LVU496
 661:Drivers/STM32F4xx_HAL_Driver/Src/stm32f4xx_hal_rcc.c ****       {
 1757              		.loc 1 661 11 is_stmt 0 view .LVU497
ARM GAS  C:\Users\guoch\AppData\Local\Temp\cc1ofrmC.s 			page 52


 1758 012a 374A     		ldr	r2, .L189+4
 1759 012c 1268     		ldr	r2, [r2]
 661:Drivers/STM32F4xx_HAL_Driver/Src/stm32f4xx_hal_rcc.c ****       {
 1760              		.loc 1 661 10 view .LVU498
 1761 012e 12F0007F 		tst	r2, #33554432
 1762 0132 C1D1     		bne	.L161
 663:Drivers/STM32F4xx_HAL_Driver/Src/stm32f4xx_hal_rcc.c ****       }
 1763              		.loc 1 663 16 view .LVU499
 1764 0134 0120     		movs	r0, #1
 1765 0136 50E0     		b	.L150
 1766              	.L158:
 691:Drivers/STM32F4xx_HAL_Driver/Src/stm32f4xx_hal_rcc.c ****   {
 1767              		.loc 1 691 3 is_stmt 1 view .LVU500
 691:Drivers/STM32F4xx_HAL_Driver/Src/stm32f4xx_hal_rcc.c ****   {
 1768              		.loc 1 691 18 is_stmt 0 view .LVU501
 1769 0138 324B     		ldr	r3, .L189
 1770 013a 1B68     		ldr	r3, [r3]
 1771 013c 03F00703 		and	r3, r3, #7
 691:Drivers/STM32F4xx_HAL_Driver/Src/stm32f4xx_hal_rcc.c ****   {
 1772              		.loc 1 691 6 view .LVU502
 1773 0140 AB42     		cmp	r3, r5
 1774 0142 07D9     		bls	.L165
 694:Drivers/STM32F4xx_HAL_Driver/Src/stm32f4xx_hal_rcc.c **** 
 1775              		.loc 1 694 5 is_stmt 1 view .LVU503
 1776 0144 EAB2     		uxtb	r2, r5
 1777 0146 2F4B     		ldr	r3, .L189
 1778 0148 1A70     		strb	r2, [r3]
 698:Drivers/STM32F4xx_HAL_Driver/Src/stm32f4xx_hal_rcc.c ****     {
 1779              		.loc 1 698 5 view .LVU504
 698:Drivers/STM32F4xx_HAL_Driver/Src/stm32f4xx_hal_rcc.c ****     {
 1780              		.loc 1 698 9 is_stmt 0 view .LVU505
 1781 014a 1B68     		ldr	r3, [r3]
 1782 014c 03F00703 		and	r3, r3, #7
 698:Drivers/STM32F4xx_HAL_Driver/Src/stm32f4xx_hal_rcc.c ****     {
 1783              		.loc 1 698 8 view .LVU506
 1784 0150 AB42     		cmp	r3, r5
 1785 0152 55D1     		bne	.L176
 1786              	.L165:
 705:Drivers/STM32F4xx_HAL_Driver/Src/stm32f4xx_hal_rcc.c ****   {
 1787              		.loc 1 705 3 is_stmt 1 view .LVU507
 705:Drivers/STM32F4xx_HAL_Driver/Src/stm32f4xx_hal_rcc.c ****   {
 1788              		.loc 1 705 26 is_stmt 0 view .LVU508
 1789 0154 2368     		ldr	r3, [r4]
 705:Drivers/STM32F4xx_HAL_Driver/Src/stm32f4xx_hal_rcc.c ****   {
 1790              		.loc 1 705 6 view .LVU509
 1791 0156 13F0040F 		tst	r3, #4
 1792 015a 14D0     		beq	.L166
 707:Drivers/STM32F4xx_HAL_Driver/Src/stm32f4xx_hal_rcc.c ****     MODIFY_REG(RCC->CFGR, RCC_CFGR_PPRE1, RCC_ClkInitStruct->APB1CLKDivider);
 1793              		.loc 1 707 5 is_stmt 1 view .LVU510
 1794 015c E368     		ldr	r3, [r4, #12]
 1795 015e 5BB1     		cbz	r3, .L167
 707:Drivers/STM32F4xx_HAL_Driver/Src/stm32f4xx_hal_rcc.c ****     MODIFY_REG(RCC->CFGR, RCC_CFGR_PPRE1, RCC_ClkInitStruct->APB1CLKDivider);
 1796              		.loc 1 707 5 is_stmt 0 discriminator 1 view .LVU511
 1797 0160 B3F5805F 		cmp	r3, #4096
 1798 0164 08D0     		beq	.L167
 707:Drivers/STM32F4xx_HAL_Driver/Src/stm32f4xx_hal_rcc.c ****     MODIFY_REG(RCC->CFGR, RCC_CFGR_PPRE1, RCC_ClkInitStruct->APB1CLKDivider);
 1799              		.loc 1 707 5 discriminator 2 view .LVU512
ARM GAS  C:\Users\guoch\AppData\Local\Temp\cc1ofrmC.s 			page 53


 1800 0166 B3F5A05F 		cmp	r3, #5120
 1801 016a 05D0     		beq	.L167
 707:Drivers/STM32F4xx_HAL_Driver/Src/stm32f4xx_hal_rcc.c ****     MODIFY_REG(RCC->CFGR, RCC_CFGR_PPRE1, RCC_ClkInitStruct->APB1CLKDivider);
 1802              		.loc 1 707 5 discriminator 3 view .LVU513
 1803 016c B3F5C05F 		cmp	r3, #6144
 1804 0170 02D0     		beq	.L167
 707:Drivers/STM32F4xx_HAL_Driver/Src/stm32f4xx_hal_rcc.c ****     MODIFY_REG(RCC->CFGR, RCC_CFGR_PPRE1, RCC_ClkInitStruct->APB1CLKDivider);
 1805              		.loc 1 707 5 discriminator 4 view .LVU514
 1806 0172 B3F5E05F 		cmp	r3, #7168
 1807 0176 31D1     		bne	.L187
 1808              	.L167:
 708:Drivers/STM32F4xx_HAL_Driver/Src/stm32f4xx_hal_rcc.c ****   }
 1809              		.loc 1 708 5 is_stmt 1 view .LVU515
 1810 0178 234A     		ldr	r2, .L189+4
 1811 017a 9368     		ldr	r3, [r2, #8]
 1812 017c 23F4E053 		bic	r3, r3, #7168
 1813 0180 E168     		ldr	r1, [r4, #12]
 1814 0182 0B43     		orrs	r3, r3, r1
 1815 0184 9360     		str	r3, [r2, #8]
 1816              	.L166:
 712:Drivers/STM32F4xx_HAL_Driver/Src/stm32f4xx_hal_rcc.c ****   {
 1817              		.loc 1 712 3 view .LVU516
 712:Drivers/STM32F4xx_HAL_Driver/Src/stm32f4xx_hal_rcc.c ****   {
 1818              		.loc 1 712 26 is_stmt 0 view .LVU517
 1819 0186 2368     		ldr	r3, [r4]
 712:Drivers/STM32F4xx_HAL_Driver/Src/stm32f4xx_hal_rcc.c ****   {
 1820              		.loc 1 712 6 view .LVU518
 1821 0188 13F0080F 		tst	r3, #8
 1822 018c 15D0     		beq	.L168
 714:Drivers/STM32F4xx_HAL_Driver/Src/stm32f4xx_hal_rcc.c ****     MODIFY_REG(RCC->CFGR, RCC_CFGR_PPRE2, ((RCC_ClkInitStruct->APB2CLKDivider) << 3U));
 1823              		.loc 1 714 5 is_stmt 1 view .LVU519
 1824 018e 2369     		ldr	r3, [r4, #16]
 1825 0190 5BB1     		cbz	r3, .L169
 714:Drivers/STM32F4xx_HAL_Driver/Src/stm32f4xx_hal_rcc.c ****     MODIFY_REG(RCC->CFGR, RCC_CFGR_PPRE2, ((RCC_ClkInitStruct->APB2CLKDivider) << 3U));
 1826              		.loc 1 714 5 is_stmt 0 discriminator 1 view .LVU520
 1827 0192 B3F5805F 		cmp	r3, #4096
 1828 0196 08D0     		beq	.L169
 714:Drivers/STM32F4xx_HAL_Driver/Src/stm32f4xx_hal_rcc.c ****     MODIFY_REG(RCC->CFGR, RCC_CFGR_PPRE2, ((RCC_ClkInitStruct->APB2CLKDivider) << 3U));
 1829              		.loc 1 714 5 discriminator 2 view .LVU521
 1830 0198 B3F5A05F 		cmp	r3, #5120
 1831 019c 05D0     		beq	.L169
 714:Drivers/STM32F4xx_HAL_Driver/Src/stm32f4xx_hal_rcc.c ****     MODIFY_REG(RCC->CFGR, RCC_CFGR_PPRE2, ((RCC_ClkInitStruct->APB2CLKDivider) << 3U));
 1832              		.loc 1 714 5 discriminator 3 view .LVU522
 1833 019e B3F5C05F 		cmp	r3, #6144
 1834 01a2 02D0     		beq	.L169
 714:Drivers/STM32F4xx_HAL_Driver/Src/stm32f4xx_hal_rcc.c ****     MODIFY_REG(RCC->CFGR, RCC_CFGR_PPRE2, ((RCC_ClkInitStruct->APB2CLKDivider) << 3U));
 1835              		.loc 1 714 5 discriminator 4 view .LVU523
 1836 01a4 B3F5E05F 		cmp	r3, #7168
 1837 01a8 1ED1     		bne	.L188
 1838              	.L169:
 715:Drivers/STM32F4xx_HAL_Driver/Src/stm32f4xx_hal_rcc.c ****   }
 1839              		.loc 1 715 5 is_stmt 1 view .LVU524
 1840 01aa 174A     		ldr	r2, .L189+4
 1841 01ac 9368     		ldr	r3, [r2, #8]
 1842 01ae 23F46043 		bic	r3, r3, #57344
 1843 01b2 2169     		ldr	r1, [r4, #16]
 1844 01b4 43EAC103 		orr	r3, r3, r1, lsl #3
ARM GAS  C:\Users\guoch\AppData\Local\Temp\cc1ofrmC.s 			page 54


 1845 01b8 9360     		str	r3, [r2, #8]
 1846              	.L168:
 719:Drivers/STM32F4xx_HAL_Driver/Src/stm32f4xx_hal_rcc.c **** 
 1847              		.loc 1 719 3 view .LVU525
 719:Drivers/STM32F4xx_HAL_Driver/Src/stm32f4xx_hal_rcc.c **** 
 1848              		.loc 1 719 21 is_stmt 0 view .LVU526
 1849 01ba FFF7FEFF 		bl	HAL_RCC_GetSysClockFreq
 1850              	.LVL115:
 719:Drivers/STM32F4xx_HAL_Driver/Src/stm32f4xx_hal_rcc.c **** 
 1851              		.loc 1 719 68 view .LVU527
 1852 01be 124B     		ldr	r3, .L189+4
 1853 01c0 9B68     		ldr	r3, [r3, #8]
 719:Drivers/STM32F4xx_HAL_Driver/Src/stm32f4xx_hal_rcc.c **** 
 1854              		.loc 1 719 92 view .LVU528
 1855 01c2 C3F30313 		ubfx	r3, r3, #4, #4
 719:Drivers/STM32F4xx_HAL_Driver/Src/stm32f4xx_hal_rcc.c **** 
 1856              		.loc 1 719 63 view .LVU529
 1857 01c6 124A     		ldr	r2, .L189+12
 1858 01c8 D35C     		ldrb	r3, [r2, r3]	@ zero_extendqisi2
 719:Drivers/STM32F4xx_HAL_Driver/Src/stm32f4xx_hal_rcc.c **** 
 1859              		.loc 1 719 47 view .LVU530
 1860 01ca D840     		lsrs	r0, r0, r3
 719:Drivers/STM32F4xx_HAL_Driver/Src/stm32f4xx_hal_rcc.c **** 
 1861              		.loc 1 719 19 view .LVU531
 1862 01cc 114B     		ldr	r3, .L189+16
 1863 01ce 1860     		str	r0, [r3]
 722:Drivers/STM32F4xx_HAL_Driver/Src/stm32f4xx_hal_rcc.c **** 
 1864              		.loc 1 722 3 is_stmt 1 view .LVU532
 1865 01d0 114B     		ldr	r3, .L189+20
 1866 01d2 1868     		ldr	r0, [r3]
 1867 01d4 FFF7FEFF 		bl	HAL_InitTick
 1868              	.LVL116:
 724:Drivers/STM32F4xx_HAL_Driver/Src/stm32f4xx_hal_rcc.c **** }
 1869              		.loc 1 724 3 view .LVU533
 724:Drivers/STM32F4xx_HAL_Driver/Src/stm32f4xx_hal_rcc.c **** }
 1870              		.loc 1 724 10 is_stmt 0 view .LVU534
 1871 01d8 0020     		movs	r0, #0
 1872              	.L150:
 725:Drivers/STM32F4xx_HAL_Driver/Src/stm32f4xx_hal_rcc.c **** 
 1873              		.loc 1 725 1 view .LVU535
 1874 01da 70BD     		pop	{r4, r5, r6, pc}
 1875              	.LVL117:
 1876              	.L187:
 707:Drivers/STM32F4xx_HAL_Driver/Src/stm32f4xx_hal_rcc.c ****     MODIFY_REG(RCC->CFGR, RCC_CFGR_PPRE1, RCC_ClkInitStruct->APB1CLKDivider);
 1877              		.loc 1 707 5 discriminator 5 view .LVU536
 1878 01dc 40F2C321 		movw	r1, #707
 1879 01e0 0A48     		ldr	r0, .L189+8
 1880 01e2 FFF7FEFF 		bl	assert_failed
 1881              	.LVL118:
 1882 01e6 C7E7     		b	.L167
 1883              	.L188:
 714:Drivers/STM32F4xx_HAL_Driver/Src/stm32f4xx_hal_rcc.c ****     MODIFY_REG(RCC->CFGR, RCC_CFGR_PPRE2, ((RCC_ClkInitStruct->APB2CLKDivider) << 3U));
 1884              		.loc 1 714 5 discriminator 5 view .LVU537
 1885 01e8 40F2CA21 		movw	r1, #714
 1886 01ec 0748     		ldr	r0, .L189+8
 1887 01ee FFF7FEFF 		bl	assert_failed
 1888              	.LVL119:
ARM GAS  C:\Users\guoch\AppData\Local\Temp\cc1ofrmC.s 			page 55


 1889 01f2 DAE7     		b	.L169
 1890              	.LVL120:
 1891              	.L170:
 1892              	.LCFI12:
 1893              		.cfi_def_cfa_offset 0
 1894              		.cfi_restore 4
 1895              		.cfi_restore 5
 1896              		.cfi_restore 6
 1897              		.cfi_restore 14
 598:Drivers/STM32F4xx_HAL_Driver/Src/stm32f4xx_hal_rcc.c ****   }
 1898              		.loc 1 598 12 view .LVU538
 1899 01f4 0120     		movs	r0, #1
 1900              	.LVL121:
 725:Drivers/STM32F4xx_HAL_Driver/Src/stm32f4xx_hal_rcc.c **** 
 1901              		.loc 1 725 1 view .LVU539
 1902 01f6 7047     		bx	lr
 1903              	.LVL122:
 1904              	.L171:
 1905              	.LCFI13:
 1906              		.cfi_def_cfa_offset 16
 1907              		.cfi_offset 4, -16
 1908              		.cfi_offset 5, -12
 1909              		.cfi_offset 6, -8
 1910              		.cfi_offset 14, -4
 619:Drivers/STM32F4xx_HAL_Driver/Src/stm32f4xx_hal_rcc.c ****     }
 1911              		.loc 1 619 14 view .LVU540
 1912 01f8 0120     		movs	r0, #1
 1913 01fa EEE7     		b	.L150
 1914              	.L174:
 672:Drivers/STM32F4xx_HAL_Driver/Src/stm32f4xx_hal_rcc.c ****       }
 1915              		.loc 1 672 16 view .LVU541
 1916 01fc 0120     		movs	r0, #1
 1917 01fe ECE7     		b	.L150
 1918              	.L176:
 700:Drivers/STM32F4xx_HAL_Driver/Src/stm32f4xx_hal_rcc.c ****     }
 1919              		.loc 1 700 14 view .LVU542
 1920 0200 0120     		movs	r0, #1
 1921 0202 EAE7     		b	.L150
 1922              	.L190:
 1923              		.align	2
 1924              	.L189:
 1925 0204 003C0240 		.word	1073888256
 1926 0208 00380240 		.word	1073887232
 1927 020c 00000000 		.word	.LC0
 1928 0210 00000000 		.word	AHBPrescTable
 1929 0214 00000000 		.word	SystemCoreClock
 1930 0218 00000000 		.word	uwTickPrio
 1931              		.cfi_endproc
 1932              	.LFE136:
 1934              		.section	.text.HAL_RCC_GetHCLKFreq,"ax",%progbits
 1935              		.align	1
 1936              		.global	HAL_RCC_GetHCLKFreq
 1937              		.syntax unified
 1938              		.thumb
 1939              		.thumb_func
 1941              	HAL_RCC_GetHCLKFreq:
 1942              	.LFB141:
ARM GAS  C:\Users\guoch\AppData\Local\Temp\cc1ofrmC.s 			page 56


 933:Drivers/STM32F4xx_HAL_Driver/Src/stm32f4xx_hal_rcc.c **** 
 934:Drivers/STM32F4xx_HAL_Driver/Src/stm32f4xx_hal_rcc.c **** /**
 935:Drivers/STM32F4xx_HAL_Driver/Src/stm32f4xx_hal_rcc.c ****   * @brief  Returns the HCLK frequency
 936:Drivers/STM32F4xx_HAL_Driver/Src/stm32f4xx_hal_rcc.c ****   * @note   Each time HCLK changes, this function must be called to update the
 937:Drivers/STM32F4xx_HAL_Driver/Src/stm32f4xx_hal_rcc.c ****   *         right HCLK value. Otherwise, any configuration based on this function will be incorrect
 938:Drivers/STM32F4xx_HAL_Driver/Src/stm32f4xx_hal_rcc.c ****   *
 939:Drivers/STM32F4xx_HAL_Driver/Src/stm32f4xx_hal_rcc.c ****   * @note   The SystemCoreClock CMSIS variable is used to store System Clock Frequency
 940:Drivers/STM32F4xx_HAL_Driver/Src/stm32f4xx_hal_rcc.c ****   *         and updated within this function
 941:Drivers/STM32F4xx_HAL_Driver/Src/stm32f4xx_hal_rcc.c ****   * @retval HCLK frequency
 942:Drivers/STM32F4xx_HAL_Driver/Src/stm32f4xx_hal_rcc.c ****   */
 943:Drivers/STM32F4xx_HAL_Driver/Src/stm32f4xx_hal_rcc.c **** uint32_t HAL_RCC_GetHCLKFreq(void)
 944:Drivers/STM32F4xx_HAL_Driver/Src/stm32f4xx_hal_rcc.c **** {
 1943              		.loc 1 944 1 is_stmt 1 view -0
 1944              		.cfi_startproc
 1945              		@ args = 0, pretend = 0, frame = 0
 1946              		@ frame_needed = 0, uses_anonymous_args = 0
 1947              		@ link register save eliminated.
 945:Drivers/STM32F4xx_HAL_Driver/Src/stm32f4xx_hal_rcc.c ****   return SystemCoreClock;
 1948              		.loc 1 945 3 view .LVU544
 946:Drivers/STM32F4xx_HAL_Driver/Src/stm32f4xx_hal_rcc.c **** }
 1949              		.loc 1 946 1 is_stmt 0 view .LVU545
 1950 0000 014B     		ldr	r3, .L192
 1951 0002 1868     		ldr	r0, [r3]
 1952 0004 7047     		bx	lr
 1953              	.L193:
 1954 0006 00BF     		.align	2
 1955              	.L192:
 1956 0008 00000000 		.word	SystemCoreClock
 1957              		.cfi_endproc
 1958              	.LFE141:
 1960              		.section	.text.HAL_RCC_GetPCLK1Freq,"ax",%progbits
 1961              		.align	1
 1962              		.global	HAL_RCC_GetPCLK1Freq
 1963              		.syntax unified
 1964              		.thumb
 1965              		.thumb_func
 1967              	HAL_RCC_GetPCLK1Freq:
 1968              	.LFB142:
 947:Drivers/STM32F4xx_HAL_Driver/Src/stm32f4xx_hal_rcc.c **** 
 948:Drivers/STM32F4xx_HAL_Driver/Src/stm32f4xx_hal_rcc.c **** /**
 949:Drivers/STM32F4xx_HAL_Driver/Src/stm32f4xx_hal_rcc.c ****   * @brief  Returns the PCLK1 frequency
 950:Drivers/STM32F4xx_HAL_Driver/Src/stm32f4xx_hal_rcc.c ****   * @note   Each time PCLK1 changes, this function must be called to update the
 951:Drivers/STM32F4xx_HAL_Driver/Src/stm32f4xx_hal_rcc.c ****   *         right PCLK1 value. Otherwise, any configuration based on this function will be incorrec
 952:Drivers/STM32F4xx_HAL_Driver/Src/stm32f4xx_hal_rcc.c ****   * @retval PCLK1 frequency
 953:Drivers/STM32F4xx_HAL_Driver/Src/stm32f4xx_hal_rcc.c ****   */
 954:Drivers/STM32F4xx_HAL_Driver/Src/stm32f4xx_hal_rcc.c **** uint32_t HAL_RCC_GetPCLK1Freq(void)
 955:Drivers/STM32F4xx_HAL_Driver/Src/stm32f4xx_hal_rcc.c **** {
 1969              		.loc 1 955 1 is_stmt 1 view -0
 1970              		.cfi_startproc
 1971              		@ args = 0, pretend = 0, frame = 0
 1972              		@ frame_needed = 0, uses_anonymous_args = 0
 1973 0000 08B5     		push	{r3, lr}
 1974              	.LCFI14:
 1975              		.cfi_def_cfa_offset 8
 1976              		.cfi_offset 3, -8
 1977              		.cfi_offset 14, -4
 956:Drivers/STM32F4xx_HAL_Driver/Src/stm32f4xx_hal_rcc.c ****   /* Get HCLK source and Compute PCLK1 frequency ---------------------------*/
ARM GAS  C:\Users\guoch\AppData\Local\Temp\cc1ofrmC.s 			page 57


 957:Drivers/STM32F4xx_HAL_Driver/Src/stm32f4xx_hal_rcc.c ****   return (HAL_RCC_GetHCLKFreq() >> APBPrescTable[(RCC->CFGR & RCC_CFGR_PPRE1) >> RCC_CFGR_PPRE1_Pos
 1978              		.loc 1 957 3 view .LVU547
 1979              		.loc 1 957 11 is_stmt 0 view .LVU548
 1980 0002 FFF7FEFF 		bl	HAL_RCC_GetHCLKFreq
 1981              	.LVL123:
 1982              		.loc 1 957 54 view .LVU549
 1983 0006 044B     		ldr	r3, .L196
 1984 0008 9B68     		ldr	r3, [r3, #8]
 1985              		.loc 1 957 79 view .LVU550
 1986 000a C3F38223 		ubfx	r3, r3, #10, #3
 1987              		.loc 1 957 49 view .LVU551
 1988 000e 034A     		ldr	r2, .L196+4
 1989 0010 D35C     		ldrb	r3, [r2, r3]	@ zero_extendqisi2
 958:Drivers/STM32F4xx_HAL_Driver/Src/stm32f4xx_hal_rcc.c **** }
 1990              		.loc 1 958 1 view .LVU552
 1991 0012 D840     		lsrs	r0, r0, r3
 1992 0014 08BD     		pop	{r3, pc}
 1993              	.L197:
 1994 0016 00BF     		.align	2
 1995              	.L196:
 1996 0018 00380240 		.word	1073887232
 1997 001c 00000000 		.word	APBPrescTable
 1998              		.cfi_endproc
 1999              	.LFE142:
 2001              		.section	.text.HAL_RCC_GetPCLK2Freq,"ax",%progbits
 2002              		.align	1
 2003              		.global	HAL_RCC_GetPCLK2Freq
 2004              		.syntax unified
 2005              		.thumb
 2006              		.thumb_func
 2008              	HAL_RCC_GetPCLK2Freq:
 2009              	.LFB143:
 959:Drivers/STM32F4xx_HAL_Driver/Src/stm32f4xx_hal_rcc.c **** 
 960:Drivers/STM32F4xx_HAL_Driver/Src/stm32f4xx_hal_rcc.c **** /**
 961:Drivers/STM32F4xx_HAL_Driver/Src/stm32f4xx_hal_rcc.c ****   * @brief  Returns the PCLK2 frequency
 962:Drivers/STM32F4xx_HAL_Driver/Src/stm32f4xx_hal_rcc.c ****   * @note   Each time PCLK2 changes, this function must be called to update the
 963:Drivers/STM32F4xx_HAL_Driver/Src/stm32f4xx_hal_rcc.c ****   *         right PCLK2 value. Otherwise, any configuration based on this function will be incorrec
 964:Drivers/STM32F4xx_HAL_Driver/Src/stm32f4xx_hal_rcc.c ****   * @retval PCLK2 frequency
 965:Drivers/STM32F4xx_HAL_Driver/Src/stm32f4xx_hal_rcc.c ****   */
 966:Drivers/STM32F4xx_HAL_Driver/Src/stm32f4xx_hal_rcc.c **** uint32_t HAL_RCC_GetPCLK2Freq(void)
 967:Drivers/STM32F4xx_HAL_Driver/Src/stm32f4xx_hal_rcc.c **** {
 2010              		.loc 1 967 1 is_stmt 1 view -0
 2011              		.cfi_startproc
 2012              		@ args = 0, pretend = 0, frame = 0
 2013              		@ frame_needed = 0, uses_anonymous_args = 0
 2014 0000 08B5     		push	{r3, lr}
 2015              	.LCFI15:
 2016              		.cfi_def_cfa_offset 8
 2017              		.cfi_offset 3, -8
 2018              		.cfi_offset 14, -4
 968:Drivers/STM32F4xx_HAL_Driver/Src/stm32f4xx_hal_rcc.c ****   /* Get HCLK source and Compute PCLK2 frequency ---------------------------*/
 969:Drivers/STM32F4xx_HAL_Driver/Src/stm32f4xx_hal_rcc.c ****   return (HAL_RCC_GetHCLKFreq() >> APBPrescTable[(RCC->CFGR & RCC_CFGR_PPRE2) >> RCC_CFGR_PPRE2_Pos
 2019              		.loc 1 969 3 view .LVU554
 2020              		.loc 1 969 11 is_stmt 0 view .LVU555
 2021 0002 FFF7FEFF 		bl	HAL_RCC_GetHCLKFreq
 2022              	.LVL124:
 2023              		.loc 1 969 54 view .LVU556
ARM GAS  C:\Users\guoch\AppData\Local\Temp\cc1ofrmC.s 			page 58


 2024 0006 044B     		ldr	r3, .L200
 2025 0008 9B68     		ldr	r3, [r3, #8]
 2026              		.loc 1 969 79 view .LVU557
 2027 000a C3F34233 		ubfx	r3, r3, #13, #3
 2028              		.loc 1 969 49 view .LVU558
 2029 000e 034A     		ldr	r2, .L200+4
 2030 0010 D35C     		ldrb	r3, [r2, r3]	@ zero_extendqisi2
 970:Drivers/STM32F4xx_HAL_Driver/Src/stm32f4xx_hal_rcc.c **** }
 2031              		.loc 1 970 1 view .LVU559
 2032 0012 D840     		lsrs	r0, r0, r3
 2033 0014 08BD     		pop	{r3, pc}
 2034              	.L201:
 2035 0016 00BF     		.align	2
 2036              	.L200:
 2037 0018 00380240 		.word	1073887232
 2038 001c 00000000 		.word	APBPrescTable
 2039              		.cfi_endproc
 2040              	.LFE143:
 2042              		.section	.text.HAL_RCC_GetOscConfig,"ax",%progbits
 2043              		.align	1
 2044              		.weak	HAL_RCC_GetOscConfig
 2045              		.syntax unified
 2046              		.thumb
 2047              		.thumb_func
 2049              	HAL_RCC_GetOscConfig:
 2050              	.LVL125:
 2051              	.LFB144:
 971:Drivers/STM32F4xx_HAL_Driver/Src/stm32f4xx_hal_rcc.c **** 
 972:Drivers/STM32F4xx_HAL_Driver/Src/stm32f4xx_hal_rcc.c **** /**
 973:Drivers/STM32F4xx_HAL_Driver/Src/stm32f4xx_hal_rcc.c ****   * @brief  Configures the RCC_OscInitStruct according to the internal
 974:Drivers/STM32F4xx_HAL_Driver/Src/stm32f4xx_hal_rcc.c ****   * RCC configuration registers.
 975:Drivers/STM32F4xx_HAL_Driver/Src/stm32f4xx_hal_rcc.c ****   * @param  RCC_OscInitStruct pointer to an RCC_OscInitTypeDef structure that
 976:Drivers/STM32F4xx_HAL_Driver/Src/stm32f4xx_hal_rcc.c ****   * will be configured.
 977:Drivers/STM32F4xx_HAL_Driver/Src/stm32f4xx_hal_rcc.c ****   * @retval None
 978:Drivers/STM32F4xx_HAL_Driver/Src/stm32f4xx_hal_rcc.c ****   */
 979:Drivers/STM32F4xx_HAL_Driver/Src/stm32f4xx_hal_rcc.c **** __weak void HAL_RCC_GetOscConfig(RCC_OscInitTypeDef  *RCC_OscInitStruct)
 980:Drivers/STM32F4xx_HAL_Driver/Src/stm32f4xx_hal_rcc.c **** {
 2052              		.loc 1 980 1 is_stmt 1 view -0
 2053              		.cfi_startproc
 2054              		@ args = 0, pretend = 0, frame = 0
 2055              		@ frame_needed = 0, uses_anonymous_args = 0
 2056              		@ link register save eliminated.
 981:Drivers/STM32F4xx_HAL_Driver/Src/stm32f4xx_hal_rcc.c ****   /* Set all possible values for the Oscillator type parameter ---------------*/
 982:Drivers/STM32F4xx_HAL_Driver/Src/stm32f4xx_hal_rcc.c ****   RCC_OscInitStruct->OscillatorType = RCC_OSCILLATORTYPE_HSE | RCC_OSCILLATORTYPE_HSI | RCC_OSCILLA
 2057              		.loc 1 982 3 view .LVU561
 2058              		.loc 1 982 37 is_stmt 0 view .LVU562
 2059 0000 0F23     		movs	r3, #15
 2060 0002 0360     		str	r3, [r0]
 983:Drivers/STM32F4xx_HAL_Driver/Src/stm32f4xx_hal_rcc.c **** 
 984:Drivers/STM32F4xx_HAL_Driver/Src/stm32f4xx_hal_rcc.c ****   /* Get the HSE configuration -----------------------------------------------*/
 985:Drivers/STM32F4xx_HAL_Driver/Src/stm32f4xx_hal_rcc.c ****   if ((RCC->CR & RCC_CR_HSEBYP) == RCC_CR_HSEBYP)
 2061              		.loc 1 985 3 is_stmt 1 view .LVU563
 2062              		.loc 1 985 11 is_stmt 0 view .LVU564
 2063 0004 304B     		ldr	r3, .L215
 2064 0006 1B68     		ldr	r3, [r3]
 2065              		.loc 1 985 6 view .LVU565
 2066 0008 13F4802F 		tst	r3, #262144
ARM GAS  C:\Users\guoch\AppData\Local\Temp\cc1ofrmC.s 			page 59


 2067 000c 3BD0     		beq	.L203
 986:Drivers/STM32F4xx_HAL_Driver/Src/stm32f4xx_hal_rcc.c ****   {
 987:Drivers/STM32F4xx_HAL_Driver/Src/stm32f4xx_hal_rcc.c ****     RCC_OscInitStruct->HSEState = RCC_HSE_BYPASS;
 2068              		.loc 1 987 5 is_stmt 1 view .LVU566
 2069              		.loc 1 987 33 is_stmt 0 view .LVU567
 2070 000e 4FF4A023 		mov	r3, #327680
 2071 0012 4360     		str	r3, [r0, #4]
 2072              	.L204:
 988:Drivers/STM32F4xx_HAL_Driver/Src/stm32f4xx_hal_rcc.c ****   }
 989:Drivers/STM32F4xx_HAL_Driver/Src/stm32f4xx_hal_rcc.c ****   else if ((RCC->CR & RCC_CR_HSEON) == RCC_CR_HSEON)
 990:Drivers/STM32F4xx_HAL_Driver/Src/stm32f4xx_hal_rcc.c ****   {
 991:Drivers/STM32F4xx_HAL_Driver/Src/stm32f4xx_hal_rcc.c ****     RCC_OscInitStruct->HSEState = RCC_HSE_ON;
 992:Drivers/STM32F4xx_HAL_Driver/Src/stm32f4xx_hal_rcc.c ****   }
 993:Drivers/STM32F4xx_HAL_Driver/Src/stm32f4xx_hal_rcc.c ****   else
 994:Drivers/STM32F4xx_HAL_Driver/Src/stm32f4xx_hal_rcc.c ****   {
 995:Drivers/STM32F4xx_HAL_Driver/Src/stm32f4xx_hal_rcc.c ****     RCC_OscInitStruct->HSEState = RCC_HSE_OFF;
 996:Drivers/STM32F4xx_HAL_Driver/Src/stm32f4xx_hal_rcc.c ****   }
 997:Drivers/STM32F4xx_HAL_Driver/Src/stm32f4xx_hal_rcc.c **** 
 998:Drivers/STM32F4xx_HAL_Driver/Src/stm32f4xx_hal_rcc.c ****   /* Get the HSI configuration -----------------------------------------------*/
 999:Drivers/STM32F4xx_HAL_Driver/Src/stm32f4xx_hal_rcc.c ****   if ((RCC->CR & RCC_CR_HSION) == RCC_CR_HSION)
 2073              		.loc 1 999 3 is_stmt 1 view .LVU568
 2074              		.loc 1 999 11 is_stmt 0 view .LVU569
 2075 0014 2C4B     		ldr	r3, .L215
 2076 0016 1B68     		ldr	r3, [r3]
 2077              		.loc 1 999 6 view .LVU570
 2078 0018 13F0010F 		tst	r3, #1
 2079 001c 3FD0     		beq	.L206
1000:Drivers/STM32F4xx_HAL_Driver/Src/stm32f4xx_hal_rcc.c ****   {
1001:Drivers/STM32F4xx_HAL_Driver/Src/stm32f4xx_hal_rcc.c ****     RCC_OscInitStruct->HSIState = RCC_HSI_ON;
 2080              		.loc 1 1001 5 is_stmt 1 view .LVU571
 2081              		.loc 1 1001 33 is_stmt 0 view .LVU572
 2082 001e 0123     		movs	r3, #1
 2083 0020 C360     		str	r3, [r0, #12]
 2084              	.L207:
1002:Drivers/STM32F4xx_HAL_Driver/Src/stm32f4xx_hal_rcc.c ****   }
1003:Drivers/STM32F4xx_HAL_Driver/Src/stm32f4xx_hal_rcc.c ****   else
1004:Drivers/STM32F4xx_HAL_Driver/Src/stm32f4xx_hal_rcc.c ****   {
1005:Drivers/STM32F4xx_HAL_Driver/Src/stm32f4xx_hal_rcc.c ****     RCC_OscInitStruct->HSIState = RCC_HSI_OFF;
1006:Drivers/STM32F4xx_HAL_Driver/Src/stm32f4xx_hal_rcc.c ****   }
1007:Drivers/STM32F4xx_HAL_Driver/Src/stm32f4xx_hal_rcc.c **** 
1008:Drivers/STM32F4xx_HAL_Driver/Src/stm32f4xx_hal_rcc.c ****   RCC_OscInitStruct->HSICalibrationValue = (uint32_t)((RCC->CR & RCC_CR_HSITRIM) >> RCC_CR_HSITRIM_
 2085              		.loc 1 1008 3 is_stmt 1 view .LVU573
 2086              		.loc 1 1008 59 is_stmt 0 view .LVU574
 2087 0022 294A     		ldr	r2, .L215
 2088 0024 1368     		ldr	r3, [r2]
 2089              		.loc 1 1008 44 view .LVU575
 2090 0026 C3F3C403 		ubfx	r3, r3, #3, #5
 2091              		.loc 1 1008 42 view .LVU576
 2092 002a 0361     		str	r3, [r0, #16]
1009:Drivers/STM32F4xx_HAL_Driver/Src/stm32f4xx_hal_rcc.c **** 
1010:Drivers/STM32F4xx_HAL_Driver/Src/stm32f4xx_hal_rcc.c ****   /* Get the LSE configuration -----------------------------------------------*/
1011:Drivers/STM32F4xx_HAL_Driver/Src/stm32f4xx_hal_rcc.c ****   if ((RCC->BDCR & RCC_BDCR_LSEBYP) == RCC_BDCR_LSEBYP)
 2093              		.loc 1 1011 3 is_stmt 1 view .LVU577
 2094              		.loc 1 1011 11 is_stmt 0 view .LVU578
 2095 002c 136F     		ldr	r3, [r2, #112]
 2096              		.loc 1 1011 6 view .LVU579
 2097 002e 13F0040F 		tst	r3, #4
ARM GAS  C:\Users\guoch\AppData\Local\Temp\cc1ofrmC.s 			page 60


 2098 0032 37D0     		beq	.L208
1012:Drivers/STM32F4xx_HAL_Driver/Src/stm32f4xx_hal_rcc.c ****   {
1013:Drivers/STM32F4xx_HAL_Driver/Src/stm32f4xx_hal_rcc.c ****     RCC_OscInitStruct->LSEState = RCC_LSE_BYPASS;
 2099              		.loc 1 1013 5 is_stmt 1 view .LVU580
 2100              		.loc 1 1013 33 is_stmt 0 view .LVU581
 2101 0034 0523     		movs	r3, #5
 2102 0036 8360     		str	r3, [r0, #8]
 2103              	.L209:
1014:Drivers/STM32F4xx_HAL_Driver/Src/stm32f4xx_hal_rcc.c ****   }
1015:Drivers/STM32F4xx_HAL_Driver/Src/stm32f4xx_hal_rcc.c ****   else if ((RCC->BDCR & RCC_BDCR_LSEON) == RCC_BDCR_LSEON)
1016:Drivers/STM32F4xx_HAL_Driver/Src/stm32f4xx_hal_rcc.c ****   {
1017:Drivers/STM32F4xx_HAL_Driver/Src/stm32f4xx_hal_rcc.c ****     RCC_OscInitStruct->LSEState = RCC_LSE_ON;
1018:Drivers/STM32F4xx_HAL_Driver/Src/stm32f4xx_hal_rcc.c ****   }
1019:Drivers/STM32F4xx_HAL_Driver/Src/stm32f4xx_hal_rcc.c ****   else
1020:Drivers/STM32F4xx_HAL_Driver/Src/stm32f4xx_hal_rcc.c ****   {
1021:Drivers/STM32F4xx_HAL_Driver/Src/stm32f4xx_hal_rcc.c ****     RCC_OscInitStruct->LSEState = RCC_LSE_OFF;
1022:Drivers/STM32F4xx_HAL_Driver/Src/stm32f4xx_hal_rcc.c ****   }
1023:Drivers/STM32F4xx_HAL_Driver/Src/stm32f4xx_hal_rcc.c **** 
1024:Drivers/STM32F4xx_HAL_Driver/Src/stm32f4xx_hal_rcc.c ****   /* Get the LSI configuration -----------------------------------------------*/
1025:Drivers/STM32F4xx_HAL_Driver/Src/stm32f4xx_hal_rcc.c ****   if ((RCC->CSR & RCC_CSR_LSION) == RCC_CSR_LSION)
 2104              		.loc 1 1025 3 is_stmt 1 view .LVU582
 2105              		.loc 1 1025 11 is_stmt 0 view .LVU583
 2106 0038 234B     		ldr	r3, .L215
 2107 003a 5B6F     		ldr	r3, [r3, #116]
 2108              		.loc 1 1025 6 view .LVU584
 2109 003c 13F0010F 		tst	r3, #1
 2110 0040 3BD0     		beq	.L211
1026:Drivers/STM32F4xx_HAL_Driver/Src/stm32f4xx_hal_rcc.c ****   {
1027:Drivers/STM32F4xx_HAL_Driver/Src/stm32f4xx_hal_rcc.c ****     RCC_OscInitStruct->LSIState = RCC_LSI_ON;
 2111              		.loc 1 1027 5 is_stmt 1 view .LVU585
 2112              		.loc 1 1027 33 is_stmt 0 view .LVU586
 2113 0042 0123     		movs	r3, #1
 2114 0044 4361     		str	r3, [r0, #20]
 2115              	.L212:
1028:Drivers/STM32F4xx_HAL_Driver/Src/stm32f4xx_hal_rcc.c ****   }
1029:Drivers/STM32F4xx_HAL_Driver/Src/stm32f4xx_hal_rcc.c ****   else
1030:Drivers/STM32F4xx_HAL_Driver/Src/stm32f4xx_hal_rcc.c ****   {
1031:Drivers/STM32F4xx_HAL_Driver/Src/stm32f4xx_hal_rcc.c ****     RCC_OscInitStruct->LSIState = RCC_LSI_OFF;
1032:Drivers/STM32F4xx_HAL_Driver/Src/stm32f4xx_hal_rcc.c ****   }
1033:Drivers/STM32F4xx_HAL_Driver/Src/stm32f4xx_hal_rcc.c **** 
1034:Drivers/STM32F4xx_HAL_Driver/Src/stm32f4xx_hal_rcc.c ****   /* Get the PLL configuration -----------------------------------------------*/
1035:Drivers/STM32F4xx_HAL_Driver/Src/stm32f4xx_hal_rcc.c ****   if ((RCC->CR & RCC_CR_PLLON) == RCC_CR_PLLON)
 2116              		.loc 1 1035 3 is_stmt 1 view .LVU587
 2117              		.loc 1 1035 11 is_stmt 0 view .LVU588
 2118 0046 204B     		ldr	r3, .L215
 2119 0048 1B68     		ldr	r3, [r3]
 2120              		.loc 1 1035 6 view .LVU589
 2121 004a 13F0807F 		tst	r3, #16777216
 2122 004e 37D0     		beq	.L213
1036:Drivers/STM32F4xx_HAL_Driver/Src/stm32f4xx_hal_rcc.c ****   {
1037:Drivers/STM32F4xx_HAL_Driver/Src/stm32f4xx_hal_rcc.c ****     RCC_OscInitStruct->PLL.PLLState = RCC_PLL_ON;
 2123              		.loc 1 1037 5 is_stmt 1 view .LVU590
 2124              		.loc 1 1037 37 is_stmt 0 view .LVU591
 2125 0050 0223     		movs	r3, #2
 2126 0052 8361     		str	r3, [r0, #24]
 2127              	.L214:
1038:Drivers/STM32F4xx_HAL_Driver/Src/stm32f4xx_hal_rcc.c ****   }
ARM GAS  C:\Users\guoch\AppData\Local\Temp\cc1ofrmC.s 			page 61


1039:Drivers/STM32F4xx_HAL_Driver/Src/stm32f4xx_hal_rcc.c ****   else
1040:Drivers/STM32F4xx_HAL_Driver/Src/stm32f4xx_hal_rcc.c ****   {
1041:Drivers/STM32F4xx_HAL_Driver/Src/stm32f4xx_hal_rcc.c ****     RCC_OscInitStruct->PLL.PLLState = RCC_PLL_OFF;
1042:Drivers/STM32F4xx_HAL_Driver/Src/stm32f4xx_hal_rcc.c ****   }
1043:Drivers/STM32F4xx_HAL_Driver/Src/stm32f4xx_hal_rcc.c ****   RCC_OscInitStruct->PLL.PLLSource = (uint32_t)(RCC->PLLCFGR & RCC_PLLCFGR_PLLSRC);
 2128              		.loc 1 1043 3 is_stmt 1 view .LVU592
 2129              		.loc 1 1043 52 is_stmt 0 view .LVU593
 2130 0054 1C4A     		ldr	r2, .L215
 2131 0056 5368     		ldr	r3, [r2, #4]
 2132              		.loc 1 1043 38 view .LVU594
 2133 0058 03F48003 		and	r3, r3, #4194304
 2134              		.loc 1 1043 36 view .LVU595
 2135 005c C361     		str	r3, [r0, #28]
1044:Drivers/STM32F4xx_HAL_Driver/Src/stm32f4xx_hal_rcc.c ****   RCC_OscInitStruct->PLL.PLLM = (uint32_t)(RCC->PLLCFGR & RCC_PLLCFGR_PLLM);
 2136              		.loc 1 1044 3 is_stmt 1 view .LVU596
 2137              		.loc 1 1044 47 is_stmt 0 view .LVU597
 2138 005e 5368     		ldr	r3, [r2, #4]
 2139              		.loc 1 1044 33 view .LVU598
 2140 0060 03F03F03 		and	r3, r3, #63
 2141              		.loc 1 1044 31 view .LVU599
 2142 0064 0362     		str	r3, [r0, #32]
1045:Drivers/STM32F4xx_HAL_Driver/Src/stm32f4xx_hal_rcc.c ****   RCC_OscInitStruct->PLL.PLLN = (uint32_t)((RCC->PLLCFGR & RCC_PLLCFGR_PLLN) >> RCC_PLLCFGR_PLLN_Po
 2143              		.loc 1 1045 3 is_stmt 1 view .LVU600
 2144              		.loc 1 1045 48 is_stmt 0 view .LVU601
 2145 0066 5368     		ldr	r3, [r2, #4]
 2146              		.loc 1 1045 33 view .LVU602
 2147 0068 C3F38813 		ubfx	r3, r3, #6, #9
 2148              		.loc 1 1045 31 view .LVU603
 2149 006c 4362     		str	r3, [r0, #36]
1046:Drivers/STM32F4xx_HAL_Driver/Src/stm32f4xx_hal_rcc.c ****   RCC_OscInitStruct->PLL.PLLP = (uint32_t)((((RCC->PLLCFGR & RCC_PLLCFGR_PLLP) + RCC_PLLCFGR_PLLP_0
 2150              		.loc 1 1046 3 is_stmt 1 view .LVU604
 2151              		.loc 1 1046 50 is_stmt 0 view .LVU605
 2152 006e 5368     		ldr	r3, [r2, #4]
 2153              		.loc 1 1046 60 view .LVU606
 2154 0070 03F44033 		and	r3, r3, #196608
 2155              		.loc 1 1046 80 view .LVU607
 2156 0074 03F58033 		add	r3, r3, #65536
 2157              		.loc 1 1046 33 view .LVU608
 2158 0078 DB0B     		lsrs	r3, r3, #15
 2159              		.loc 1 1046 31 view .LVU609
 2160 007a 8362     		str	r3, [r0, #40]
1047:Drivers/STM32F4xx_HAL_Driver/Src/stm32f4xx_hal_rcc.c ****   RCC_OscInitStruct->PLL.PLLQ = (uint32_t)((RCC->PLLCFGR & RCC_PLLCFGR_PLLQ) >> RCC_PLLCFGR_PLLQ_Po
 2161              		.loc 1 1047 3 is_stmt 1 view .LVU610
 2162              		.loc 1 1047 48 is_stmt 0 view .LVU611
 2163 007c 5368     		ldr	r3, [r2, #4]
 2164              		.loc 1 1047 33 view .LVU612
 2165 007e C3F30363 		ubfx	r3, r3, #24, #4
 2166              		.loc 1 1047 31 view .LVU613
 2167 0082 C362     		str	r3, [r0, #44]
1048:Drivers/STM32F4xx_HAL_Driver/Src/stm32f4xx_hal_rcc.c **** }
 2168              		.loc 1 1048 1 view .LVU614
 2169 0084 7047     		bx	lr
 2170              	.L203:
 989:Drivers/STM32F4xx_HAL_Driver/Src/stm32f4xx_hal_rcc.c ****   {
 2171              		.loc 1 989 8 is_stmt 1 view .LVU615
 989:Drivers/STM32F4xx_HAL_Driver/Src/stm32f4xx_hal_rcc.c ****   {
 2172              		.loc 1 989 16 is_stmt 0 view .LVU616
ARM GAS  C:\Users\guoch\AppData\Local\Temp\cc1ofrmC.s 			page 62


 2173 0086 104B     		ldr	r3, .L215
 2174 0088 1B68     		ldr	r3, [r3]
 989:Drivers/STM32F4xx_HAL_Driver/Src/stm32f4xx_hal_rcc.c ****   {
 2175              		.loc 1 989 11 view .LVU617
 2176 008a 13F4803F 		tst	r3, #65536
 2177 008e 03D0     		beq	.L205
 991:Drivers/STM32F4xx_HAL_Driver/Src/stm32f4xx_hal_rcc.c ****   }
 2178              		.loc 1 991 5 is_stmt 1 view .LVU618
 991:Drivers/STM32F4xx_HAL_Driver/Src/stm32f4xx_hal_rcc.c ****   }
 2179              		.loc 1 991 33 is_stmt 0 view .LVU619
 2180 0090 4FF48033 		mov	r3, #65536
 2181 0094 4360     		str	r3, [r0, #4]
 2182 0096 BDE7     		b	.L204
 2183              	.L205:
 995:Drivers/STM32F4xx_HAL_Driver/Src/stm32f4xx_hal_rcc.c ****   }
 2184              		.loc 1 995 5 is_stmt 1 view .LVU620
 995:Drivers/STM32F4xx_HAL_Driver/Src/stm32f4xx_hal_rcc.c ****   }
 2185              		.loc 1 995 33 is_stmt 0 view .LVU621
 2186 0098 0023     		movs	r3, #0
 2187 009a 4360     		str	r3, [r0, #4]
 2188 009c BAE7     		b	.L204
 2189              	.L206:
1005:Drivers/STM32F4xx_HAL_Driver/Src/stm32f4xx_hal_rcc.c ****   }
 2190              		.loc 1 1005 5 is_stmt 1 view .LVU622
1005:Drivers/STM32F4xx_HAL_Driver/Src/stm32f4xx_hal_rcc.c ****   }
 2191              		.loc 1 1005 33 is_stmt 0 view .LVU623
 2192 009e 0023     		movs	r3, #0
 2193 00a0 C360     		str	r3, [r0, #12]
 2194 00a2 BEE7     		b	.L207
 2195              	.L208:
1015:Drivers/STM32F4xx_HAL_Driver/Src/stm32f4xx_hal_rcc.c ****   {
 2196              		.loc 1 1015 8 is_stmt 1 view .LVU624
1015:Drivers/STM32F4xx_HAL_Driver/Src/stm32f4xx_hal_rcc.c ****   {
 2197              		.loc 1 1015 16 is_stmt 0 view .LVU625
 2198 00a4 084B     		ldr	r3, .L215
 2199 00a6 1B6F     		ldr	r3, [r3, #112]
1015:Drivers/STM32F4xx_HAL_Driver/Src/stm32f4xx_hal_rcc.c ****   {
 2200              		.loc 1 1015 11 view .LVU626
 2201 00a8 13F0010F 		tst	r3, #1
 2202 00ac 02D0     		beq	.L210
1017:Drivers/STM32F4xx_HAL_Driver/Src/stm32f4xx_hal_rcc.c ****   }
 2203              		.loc 1 1017 5 is_stmt 1 view .LVU627
1017:Drivers/STM32F4xx_HAL_Driver/Src/stm32f4xx_hal_rcc.c ****   }
 2204              		.loc 1 1017 33 is_stmt 0 view .LVU628
 2205 00ae 0123     		movs	r3, #1
 2206 00b0 8360     		str	r3, [r0, #8]
 2207 00b2 C1E7     		b	.L209
 2208              	.L210:
1021:Drivers/STM32F4xx_HAL_Driver/Src/stm32f4xx_hal_rcc.c ****   }
 2209              		.loc 1 1021 5 is_stmt 1 view .LVU629
1021:Drivers/STM32F4xx_HAL_Driver/Src/stm32f4xx_hal_rcc.c ****   }
 2210              		.loc 1 1021 33 is_stmt 0 view .LVU630
 2211 00b4 0023     		movs	r3, #0
 2212 00b6 8360     		str	r3, [r0, #8]
 2213 00b8 BEE7     		b	.L209
 2214              	.L211:
1031:Drivers/STM32F4xx_HAL_Driver/Src/stm32f4xx_hal_rcc.c ****   }
ARM GAS  C:\Users\guoch\AppData\Local\Temp\cc1ofrmC.s 			page 63


 2215              		.loc 1 1031 5 is_stmt 1 view .LVU631
1031:Drivers/STM32F4xx_HAL_Driver/Src/stm32f4xx_hal_rcc.c ****   }
 2216              		.loc 1 1031 33 is_stmt 0 view .LVU632
 2217 00ba 0023     		movs	r3, #0
 2218 00bc 4361     		str	r3, [r0, #20]
 2219 00be C2E7     		b	.L212
 2220              	.L213:
1041:Drivers/STM32F4xx_HAL_Driver/Src/stm32f4xx_hal_rcc.c ****   }
 2221              		.loc 1 1041 5 is_stmt 1 view .LVU633
1041:Drivers/STM32F4xx_HAL_Driver/Src/stm32f4xx_hal_rcc.c ****   }
 2222              		.loc 1 1041 37 is_stmt 0 view .LVU634
 2223 00c0 0123     		movs	r3, #1
 2224 00c2 8361     		str	r3, [r0, #24]
 2225 00c4 C6E7     		b	.L214
 2226              	.L216:
 2227 00c6 00BF     		.align	2
 2228              	.L215:
 2229 00c8 00380240 		.word	1073887232
 2230              		.cfi_endproc
 2231              	.LFE144:
 2233              		.section	.text.HAL_RCC_GetClockConfig,"ax",%progbits
 2234              		.align	1
 2235              		.global	HAL_RCC_GetClockConfig
 2236              		.syntax unified
 2237              		.thumb
 2238              		.thumb_func
 2240              	HAL_RCC_GetClockConfig:
 2241              	.LVL126:
 2242              	.LFB145:
1049:Drivers/STM32F4xx_HAL_Driver/Src/stm32f4xx_hal_rcc.c **** 
1050:Drivers/STM32F4xx_HAL_Driver/Src/stm32f4xx_hal_rcc.c **** /**
1051:Drivers/STM32F4xx_HAL_Driver/Src/stm32f4xx_hal_rcc.c ****   * @brief  Configures the RCC_ClkInitStruct according to the internal
1052:Drivers/STM32F4xx_HAL_Driver/Src/stm32f4xx_hal_rcc.c ****   * RCC configuration registers.
1053:Drivers/STM32F4xx_HAL_Driver/Src/stm32f4xx_hal_rcc.c ****   * @param  RCC_ClkInitStruct pointer to an RCC_ClkInitTypeDef structure that
1054:Drivers/STM32F4xx_HAL_Driver/Src/stm32f4xx_hal_rcc.c ****   * will be configured.
1055:Drivers/STM32F4xx_HAL_Driver/Src/stm32f4xx_hal_rcc.c ****   * @param  pFLatency Pointer on the Flash Latency.
1056:Drivers/STM32F4xx_HAL_Driver/Src/stm32f4xx_hal_rcc.c ****   * @retval None
1057:Drivers/STM32F4xx_HAL_Driver/Src/stm32f4xx_hal_rcc.c ****   */
1058:Drivers/STM32F4xx_HAL_Driver/Src/stm32f4xx_hal_rcc.c **** void HAL_RCC_GetClockConfig(RCC_ClkInitTypeDef  *RCC_ClkInitStruct, uint32_t *pFLatency)
1059:Drivers/STM32F4xx_HAL_Driver/Src/stm32f4xx_hal_rcc.c **** {
 2243              		.loc 1 1059 1 is_stmt 1 view -0
 2244              		.cfi_startproc
 2245              		@ args = 0, pretend = 0, frame = 0
 2246              		@ frame_needed = 0, uses_anonymous_args = 0
 2247              		@ link register save eliminated.
1060:Drivers/STM32F4xx_HAL_Driver/Src/stm32f4xx_hal_rcc.c ****   /* Set all possible values for the Clock type parameter --------------------*/
1061:Drivers/STM32F4xx_HAL_Driver/Src/stm32f4xx_hal_rcc.c ****   RCC_ClkInitStruct->ClockType = RCC_CLOCKTYPE_SYSCLK | RCC_CLOCKTYPE_HCLK | RCC_CLOCKTYPE_PCLK1 | 
 2248              		.loc 1 1061 3 view .LVU636
 2249              		.loc 1 1061 32 is_stmt 0 view .LVU637
 2250 0000 0F23     		movs	r3, #15
 2251 0002 0360     		str	r3, [r0]
1062:Drivers/STM32F4xx_HAL_Driver/Src/stm32f4xx_hal_rcc.c **** 
1063:Drivers/STM32F4xx_HAL_Driver/Src/stm32f4xx_hal_rcc.c ****   /* Get the SYSCLK configuration --------------------------------------------*/
1064:Drivers/STM32F4xx_HAL_Driver/Src/stm32f4xx_hal_rcc.c ****   RCC_ClkInitStruct->SYSCLKSource = (uint32_t)(RCC->CFGR & RCC_CFGR_SW);
 2252              		.loc 1 1064 3 is_stmt 1 view .LVU638
 2253              		.loc 1 1064 51 is_stmt 0 view .LVU639
 2254 0004 0B4B     		ldr	r3, .L218
ARM GAS  C:\Users\guoch\AppData\Local\Temp\cc1ofrmC.s 			page 64


 2255 0006 9A68     		ldr	r2, [r3, #8]
 2256              		.loc 1 1064 37 view .LVU640
 2257 0008 02F00302 		and	r2, r2, #3
 2258              		.loc 1 1064 35 view .LVU641
 2259 000c 4260     		str	r2, [r0, #4]
1065:Drivers/STM32F4xx_HAL_Driver/Src/stm32f4xx_hal_rcc.c **** 
1066:Drivers/STM32F4xx_HAL_Driver/Src/stm32f4xx_hal_rcc.c ****   /* Get the HCLK configuration ----------------------------------------------*/
1067:Drivers/STM32F4xx_HAL_Driver/Src/stm32f4xx_hal_rcc.c ****   RCC_ClkInitStruct->AHBCLKDivider = (uint32_t)(RCC->CFGR & RCC_CFGR_HPRE);
 2260              		.loc 1 1067 3 is_stmt 1 view .LVU642
 2261              		.loc 1 1067 52 is_stmt 0 view .LVU643
 2262 000e 9A68     		ldr	r2, [r3, #8]
 2263              		.loc 1 1067 38 view .LVU644
 2264 0010 02F0F002 		and	r2, r2, #240
 2265              		.loc 1 1067 36 view .LVU645
 2266 0014 8260     		str	r2, [r0, #8]
1068:Drivers/STM32F4xx_HAL_Driver/Src/stm32f4xx_hal_rcc.c **** 
1069:Drivers/STM32F4xx_HAL_Driver/Src/stm32f4xx_hal_rcc.c ****   /* Get the APB1 configuration ----------------------------------------------*/
1070:Drivers/STM32F4xx_HAL_Driver/Src/stm32f4xx_hal_rcc.c ****   RCC_ClkInitStruct->APB1CLKDivider = (uint32_t)(RCC->CFGR & RCC_CFGR_PPRE1);
 2267              		.loc 1 1070 3 is_stmt 1 view .LVU646
 2268              		.loc 1 1070 53 is_stmt 0 view .LVU647
 2269 0016 9A68     		ldr	r2, [r3, #8]
 2270              		.loc 1 1070 39 view .LVU648
 2271 0018 02F4E052 		and	r2, r2, #7168
 2272              		.loc 1 1070 37 view .LVU649
 2273 001c C260     		str	r2, [r0, #12]
1071:Drivers/STM32F4xx_HAL_Driver/Src/stm32f4xx_hal_rcc.c **** 
1072:Drivers/STM32F4xx_HAL_Driver/Src/stm32f4xx_hal_rcc.c ****   /* Get the APB2 configuration ----------------------------------------------*/
1073:Drivers/STM32F4xx_HAL_Driver/Src/stm32f4xx_hal_rcc.c ****   RCC_ClkInitStruct->APB2CLKDivider = (uint32_t)((RCC->CFGR & RCC_CFGR_PPRE2) >> 3U);
 2274              		.loc 1 1073 3 is_stmt 1 view .LVU650
 2275              		.loc 1 1073 54 is_stmt 0 view .LVU651
 2276 001e 9B68     		ldr	r3, [r3, #8]
 2277              		.loc 1 1073 39 view .LVU652
 2278 0020 DB08     		lsrs	r3, r3, #3
 2279 0022 03F4E053 		and	r3, r3, #7168
 2280              		.loc 1 1073 37 view .LVU653
 2281 0026 0361     		str	r3, [r0, #16]
1074:Drivers/STM32F4xx_HAL_Driver/Src/stm32f4xx_hal_rcc.c **** 
1075:Drivers/STM32F4xx_HAL_Driver/Src/stm32f4xx_hal_rcc.c ****   /* Get the Flash Wait State (Latency) configuration ------------------------*/
1076:Drivers/STM32F4xx_HAL_Driver/Src/stm32f4xx_hal_rcc.c ****   *pFLatency = (uint32_t)(FLASH->ACR & FLASH_ACR_LATENCY);
 2282              		.loc 1 1076 3 is_stmt 1 view .LVU654
 2283              		.loc 1 1076 32 is_stmt 0 view .LVU655
 2284 0028 034B     		ldr	r3, .L218+4
 2285 002a 1B68     		ldr	r3, [r3]
 2286              		.loc 1 1076 16 view .LVU656
 2287 002c 03F00703 		and	r3, r3, #7
 2288              		.loc 1 1076 14 view .LVU657
 2289 0030 0B60     		str	r3, [r1]
1077:Drivers/STM32F4xx_HAL_Driver/Src/stm32f4xx_hal_rcc.c **** }
 2290              		.loc 1 1077 1 view .LVU658
 2291 0032 7047     		bx	lr
 2292              	.L219:
 2293              		.align	2
 2294              	.L218:
 2295 0034 00380240 		.word	1073887232
 2296 0038 003C0240 		.word	1073888256
 2297              		.cfi_endproc
 2298              	.LFE145:
ARM GAS  C:\Users\guoch\AppData\Local\Temp\cc1ofrmC.s 			page 65


 2300              		.section	.text.HAL_RCC_CSSCallback,"ax",%progbits
 2301              		.align	1
 2302              		.weak	HAL_RCC_CSSCallback
 2303              		.syntax unified
 2304              		.thumb
 2305              		.thumb_func
 2307              	HAL_RCC_CSSCallback:
 2308              	.LFB147:
1078:Drivers/STM32F4xx_HAL_Driver/Src/stm32f4xx_hal_rcc.c **** 
1079:Drivers/STM32F4xx_HAL_Driver/Src/stm32f4xx_hal_rcc.c **** /**
1080:Drivers/STM32F4xx_HAL_Driver/Src/stm32f4xx_hal_rcc.c ****   * @brief This function handles the RCC CSS interrupt request.
1081:Drivers/STM32F4xx_HAL_Driver/Src/stm32f4xx_hal_rcc.c ****   * @note This API should be called under the NMI_Handler().
1082:Drivers/STM32F4xx_HAL_Driver/Src/stm32f4xx_hal_rcc.c ****   * @retval None
1083:Drivers/STM32F4xx_HAL_Driver/Src/stm32f4xx_hal_rcc.c ****   */
1084:Drivers/STM32F4xx_HAL_Driver/Src/stm32f4xx_hal_rcc.c **** void HAL_RCC_NMI_IRQHandler(void)
1085:Drivers/STM32F4xx_HAL_Driver/Src/stm32f4xx_hal_rcc.c **** {
1086:Drivers/STM32F4xx_HAL_Driver/Src/stm32f4xx_hal_rcc.c ****   /* Check RCC CSSF flag  */
1087:Drivers/STM32F4xx_HAL_Driver/Src/stm32f4xx_hal_rcc.c ****   if (__HAL_RCC_GET_IT(RCC_IT_CSS))
1088:Drivers/STM32F4xx_HAL_Driver/Src/stm32f4xx_hal_rcc.c ****   {
1089:Drivers/STM32F4xx_HAL_Driver/Src/stm32f4xx_hal_rcc.c ****     /* RCC Clock Security System interrupt user callback */
1090:Drivers/STM32F4xx_HAL_Driver/Src/stm32f4xx_hal_rcc.c ****     HAL_RCC_CSSCallback();
1091:Drivers/STM32F4xx_HAL_Driver/Src/stm32f4xx_hal_rcc.c **** 
1092:Drivers/STM32F4xx_HAL_Driver/Src/stm32f4xx_hal_rcc.c ****     /* Clear RCC CSS pending bit */
1093:Drivers/STM32F4xx_HAL_Driver/Src/stm32f4xx_hal_rcc.c ****     __HAL_RCC_CLEAR_IT(RCC_IT_CSS);
1094:Drivers/STM32F4xx_HAL_Driver/Src/stm32f4xx_hal_rcc.c ****   }
1095:Drivers/STM32F4xx_HAL_Driver/Src/stm32f4xx_hal_rcc.c **** }
1096:Drivers/STM32F4xx_HAL_Driver/Src/stm32f4xx_hal_rcc.c **** 
1097:Drivers/STM32F4xx_HAL_Driver/Src/stm32f4xx_hal_rcc.c **** /**
1098:Drivers/STM32F4xx_HAL_Driver/Src/stm32f4xx_hal_rcc.c ****   * @brief  RCC Clock Security System interrupt callback
1099:Drivers/STM32F4xx_HAL_Driver/Src/stm32f4xx_hal_rcc.c ****   * @retval None
1100:Drivers/STM32F4xx_HAL_Driver/Src/stm32f4xx_hal_rcc.c ****   */
1101:Drivers/STM32F4xx_HAL_Driver/Src/stm32f4xx_hal_rcc.c **** __weak void HAL_RCC_CSSCallback(void)
1102:Drivers/STM32F4xx_HAL_Driver/Src/stm32f4xx_hal_rcc.c **** {
 2309              		.loc 1 1102 1 is_stmt 1 view -0
 2310              		.cfi_startproc
 2311              		@ args = 0, pretend = 0, frame = 0
 2312              		@ frame_needed = 0, uses_anonymous_args = 0
 2313              		@ link register save eliminated.
1103:Drivers/STM32F4xx_HAL_Driver/Src/stm32f4xx_hal_rcc.c ****   /* NOTE : This function Should not be modified, when the callback is needed,
1104:Drivers/STM32F4xx_HAL_Driver/Src/stm32f4xx_hal_rcc.c ****             the HAL_RCC_CSSCallback could be implemented in the user file
1105:Drivers/STM32F4xx_HAL_Driver/Src/stm32f4xx_hal_rcc.c ****    */
1106:Drivers/STM32F4xx_HAL_Driver/Src/stm32f4xx_hal_rcc.c **** }
 2314              		.loc 1 1106 1 view .LVU660
 2315 0000 7047     		bx	lr
 2316              		.cfi_endproc
 2317              	.LFE147:
 2319              		.section	.text.HAL_RCC_NMI_IRQHandler,"ax",%progbits
 2320              		.align	1
 2321              		.global	HAL_RCC_NMI_IRQHandler
 2322              		.syntax unified
 2323              		.thumb
 2324              		.thumb_func
 2326              	HAL_RCC_NMI_IRQHandler:
 2327              	.LFB146:
1085:Drivers/STM32F4xx_HAL_Driver/Src/stm32f4xx_hal_rcc.c ****   /* Check RCC CSSF flag  */
 2328              		.loc 1 1085 1 view -0
 2329              		.cfi_startproc
ARM GAS  C:\Users\guoch\AppData\Local\Temp\cc1ofrmC.s 			page 66


 2330              		@ args = 0, pretend = 0, frame = 0
 2331              		@ frame_needed = 0, uses_anonymous_args = 0
 2332 0000 08B5     		push	{r3, lr}
 2333              	.LCFI16:
 2334              		.cfi_def_cfa_offset 8
 2335              		.cfi_offset 3, -8
 2336              		.cfi_offset 14, -4
1087:Drivers/STM32F4xx_HAL_Driver/Src/stm32f4xx_hal_rcc.c ****   {
 2337              		.loc 1 1087 3 view .LVU662
1087:Drivers/STM32F4xx_HAL_Driver/Src/stm32f4xx_hal_rcc.c ****   {
 2338              		.loc 1 1087 7 is_stmt 0 view .LVU663
 2339 0002 064B     		ldr	r3, .L225
 2340 0004 DB68     		ldr	r3, [r3, #12]
1087:Drivers/STM32F4xx_HAL_Driver/Src/stm32f4xx_hal_rcc.c ****   {
 2341              		.loc 1 1087 6 view .LVU664
 2342 0006 13F0800F 		tst	r3, #128
 2343 000a 00D1     		bne	.L224
 2344              	.L221:
1095:Drivers/STM32F4xx_HAL_Driver/Src/stm32f4xx_hal_rcc.c **** 
 2345              		.loc 1 1095 1 view .LVU665
 2346 000c 08BD     		pop	{r3, pc}
 2347              	.L224:
1090:Drivers/STM32F4xx_HAL_Driver/Src/stm32f4xx_hal_rcc.c **** 
 2348              		.loc 1 1090 5 is_stmt 1 view .LVU666
 2349 000e FFF7FEFF 		bl	HAL_RCC_CSSCallback
 2350              	.LVL127:
1093:Drivers/STM32F4xx_HAL_Driver/Src/stm32f4xx_hal_rcc.c ****   }
 2351              		.loc 1 1093 5 view .LVU667
 2352 0012 024B     		ldr	r3, .L225
 2353 0014 8022     		movs	r2, #128
 2354 0016 9A73     		strb	r2, [r3, #14]
1095:Drivers/STM32F4xx_HAL_Driver/Src/stm32f4xx_hal_rcc.c **** 
 2355              		.loc 1 1095 1 is_stmt 0 view .LVU668
 2356 0018 F8E7     		b	.L221
 2357              	.L226:
 2358 001a 00BF     		.align	2
 2359              	.L225:
 2360 001c 00380240 		.word	1073887232
 2361              		.cfi_endproc
 2362              	.LFE146:
 2364              		.text
 2365              	.Letext0:
 2366              		.file 2 "d:\\software\\stm32-for-vscode-tool\\gcc-arm-none-eabi-10.3-2021.10\\arm-none-eabi\\inclu
 2367              		.file 3 "d:\\software\\stm32-for-vscode-tool\\gcc-arm-none-eabi-10.3-2021.10\\arm-none-eabi\\inclu
 2368              		.file 4 "Drivers/CMSIS/Device/ST/STM32F4xx/Include/system_stm32f4xx.h"
 2369              		.file 5 "Drivers/CMSIS/Device/ST/STM32F4xx/Include/stm32f407xx.h"
 2370              		.file 6 "Drivers/CMSIS/Device/ST/STM32F4xx/Include/stm32f4xx.h"
 2371              		.file 7 "Drivers/STM32F4xx_HAL_Driver/Inc/stm32f4xx_hal_def.h"
 2372              		.file 8 "Drivers/STM32F4xx_HAL_Driver/Inc/stm32f4xx_hal_rcc_ex.h"
 2373              		.file 9 "Drivers/STM32F4xx_HAL_Driver/Inc/stm32f4xx_hal_rcc.h"
 2374              		.file 10 "Drivers/STM32F4xx_HAL_Driver/Inc/stm32f4xx_hal_gpio.h"
 2375              		.file 11 "Drivers/STM32F4xx_HAL_Driver/Inc/stm32f4xx_hal.h"
 2376              		.file 12 "Core/Inc/stm32f4xx_hal_conf.h"
ARM GAS  C:\Users\guoch\AppData\Local\Temp\cc1ofrmC.s 			page 67


DEFINED SYMBOLS
                            *ABS*:00000000 stm32f4xx_hal_rcc.c
C:\Users\guoch\AppData\Local\Temp\cc1ofrmC.s:20     .text.HAL_RCC_DeInit:00000000 $t
C:\Users\guoch\AppData\Local\Temp\cc1ofrmC.s:26     .text.HAL_RCC_DeInit:00000000 HAL_RCC_DeInit
C:\Users\guoch\AppData\Local\Temp\cc1ofrmC.s:42     .rodata.HAL_RCC_OscConfig.str1.4:00000000 $d
C:\Users\guoch\AppData\Local\Temp\cc1ofrmC.s:47     .text.HAL_RCC_OscConfig:00000000 $t
C:\Users\guoch\AppData\Local\Temp\cc1ofrmC.s:53     .text.HAL_RCC_OscConfig:00000000 HAL_RCC_OscConfig
C:\Users\guoch\AppData\Local\Temp\cc1ofrmC.s:497    .text.HAL_RCC_OscConfig:0000022c $d
C:\Users\guoch\AppData\Local\Temp\cc1ofrmC.s:504    .text.HAL_RCC_OscConfig:00000238 $t
C:\Users\guoch\AppData\Local\Temp\cc1ofrmC.s:1059   .text.HAL_RCC_OscConfig:000004dc $d
C:\Users\guoch\AppData\Local\Temp\cc1ofrmC.s:1064   .text.HAL_RCC_OscConfig:000004ec $t
C:\Users\guoch\AppData\Local\Temp\cc1ofrmC.s:1081   .text.HAL_RCC_MCOConfig:00000000 $t
C:\Users\guoch\AppData\Local\Temp\cc1ofrmC.s:1087   .text.HAL_RCC_MCOConfig:00000000 HAL_RCC_MCOConfig
C:\Users\guoch\AppData\Local\Temp\cc1ofrmC.s:1310   .text.HAL_RCC_MCOConfig:00000108 $d
C:\Users\guoch\AppData\Local\Temp\cc1ofrmC.s:1318   .text.HAL_RCC_EnableCSS:00000000 $t
C:\Users\guoch\AppData\Local\Temp\cc1ofrmC.s:1324   .text.HAL_RCC_EnableCSS:00000000 HAL_RCC_EnableCSS
C:\Users\guoch\AppData\Local\Temp\cc1ofrmC.s:1341   .text.HAL_RCC_EnableCSS:00000008 $d
C:\Users\guoch\AppData\Local\Temp\cc1ofrmC.s:1346   .text.HAL_RCC_DisableCSS:00000000 $t
C:\Users\guoch\AppData\Local\Temp\cc1ofrmC.s:1352   .text.HAL_RCC_DisableCSS:00000000 HAL_RCC_DisableCSS
C:\Users\guoch\AppData\Local\Temp\cc1ofrmC.s:1369   .text.HAL_RCC_DisableCSS:00000008 $d
C:\Users\guoch\AppData\Local\Temp\cc1ofrmC.s:1375   .text.HAL_RCC_GetSysClockFreq:00000000 $t
C:\Users\guoch\AppData\Local\Temp\cc1ofrmC.s:1381   .text.HAL_RCC_GetSysClockFreq:00000000 HAL_RCC_GetSysClockFreq
C:\Users\guoch\AppData\Local\Temp\cc1ofrmC.s:1513   .text.HAL_RCC_GetSysClockFreq:000000c8 $d
C:\Users\guoch\AppData\Local\Temp\cc1ofrmC.s:1520   .text.HAL_RCC_ClockConfig:00000000 $t
C:\Users\guoch\AppData\Local\Temp\cc1ofrmC.s:1526   .text.HAL_RCC_ClockConfig:00000000 HAL_RCC_ClockConfig
C:\Users\guoch\AppData\Local\Temp\cc1ofrmC.s:1925   .text.HAL_RCC_ClockConfig:00000204 $d
C:\Users\guoch\AppData\Local\Temp\cc1ofrmC.s:1935   .text.HAL_RCC_GetHCLKFreq:00000000 $t
C:\Users\guoch\AppData\Local\Temp\cc1ofrmC.s:1941   .text.HAL_RCC_GetHCLKFreq:00000000 HAL_RCC_GetHCLKFreq
C:\Users\guoch\AppData\Local\Temp\cc1ofrmC.s:1956   .text.HAL_RCC_GetHCLKFreq:00000008 $d
C:\Users\guoch\AppData\Local\Temp\cc1ofrmC.s:1961   .text.HAL_RCC_GetPCLK1Freq:00000000 $t
C:\Users\guoch\AppData\Local\Temp\cc1ofrmC.s:1967   .text.HAL_RCC_GetPCLK1Freq:00000000 HAL_RCC_GetPCLK1Freq
C:\Users\guoch\AppData\Local\Temp\cc1ofrmC.s:1996   .text.HAL_RCC_GetPCLK1Freq:00000018 $d
C:\Users\guoch\AppData\Local\Temp\cc1ofrmC.s:2002   .text.HAL_RCC_GetPCLK2Freq:00000000 $t
C:\Users\guoch\AppData\Local\Temp\cc1ofrmC.s:2008   .text.HAL_RCC_GetPCLK2Freq:00000000 HAL_RCC_GetPCLK2Freq
C:\Users\guoch\AppData\Local\Temp\cc1ofrmC.s:2037   .text.HAL_RCC_GetPCLK2Freq:00000018 $d
C:\Users\guoch\AppData\Local\Temp\cc1ofrmC.s:2043   .text.HAL_RCC_GetOscConfig:00000000 $t
C:\Users\guoch\AppData\Local\Temp\cc1ofrmC.s:2049   .text.HAL_RCC_GetOscConfig:00000000 HAL_RCC_GetOscConfig
C:\Users\guoch\AppData\Local\Temp\cc1ofrmC.s:2229   .text.HAL_RCC_GetOscConfig:000000c8 $d
C:\Users\guoch\AppData\Local\Temp\cc1ofrmC.s:2234   .text.HAL_RCC_GetClockConfig:00000000 $t
C:\Users\guoch\AppData\Local\Temp\cc1ofrmC.s:2240   .text.HAL_RCC_GetClockConfig:00000000 HAL_RCC_GetClockConfig
C:\Users\guoch\AppData\Local\Temp\cc1ofrmC.s:2295   .text.HAL_RCC_GetClockConfig:00000034 $d
C:\Users\guoch\AppData\Local\Temp\cc1ofrmC.s:2301   .text.HAL_RCC_CSSCallback:00000000 $t
C:\Users\guoch\AppData\Local\Temp\cc1ofrmC.s:2307   .text.HAL_RCC_CSSCallback:00000000 HAL_RCC_CSSCallback
C:\Users\guoch\AppData\Local\Temp\cc1ofrmC.s:2320   .text.HAL_RCC_NMI_IRQHandler:00000000 $t
C:\Users\guoch\AppData\Local\Temp\cc1ofrmC.s:2326   .text.HAL_RCC_NMI_IRQHandler:00000000 HAL_RCC_NMI_IRQHandler
C:\Users\guoch\AppData\Local\Temp\cc1ofrmC.s:2360   .text.HAL_RCC_NMI_IRQHandler:0000001c $d

UNDEFINED SYMBOLS
HAL_GetTick
assert_failed
HAL_GPIO_Init
__aeabi_uldivmod
HAL_InitTick
AHBPrescTable
SystemCoreClock
uwTickPrio
APBPrescTable
ARM GAS  C:\Users\guoch\AppData\Local\Temp\cc1ofrmC.s 			page 68


