ARM GAS  C:\Users\guoch\AppData\Local\Temp\ccFW0Yww.s 			page 1


   1              		.cpu cortex-m4
   2              		.arch armv7e-m
   3              		.fpu fpv4-sp-d16
   4              		.eabi_attribute 27, 1
   5              		.eabi_attribute 28, 1
   6              		.eabi_attribute 20, 1
   7              		.eabi_attribute 21, 1
   8              		.eabi_attribute 23, 3
   9              		.eabi_attribute 24, 1
  10              		.eabi_attribute 25, 1
  11              		.eabi_attribute 26, 1
  12              		.eabi_attribute 30, 1
  13              		.eabi_attribute 34, 1
  14              		.eabi_attribute 18, 4
  15              		.file	"stm32f4xx_hal_exti.c"
  16              		.text
  17              	.Ltext0:
  18              		.cfi_sections	.debug_frame
  19              		.section	.rodata.HAL_EXTI_SetConfigLine.str1.4,"aMS",%progbits,1
  20              		.align	2
  21              	.LC0:
  22 0000 44726976 		.ascii	"Drivers/STM32F4xx_HAL_Driver/Src/stm32f4xx_hal_exti"
  22      6572732F 
  22      53544D33 
  22      32463478 
  22      785F4841 
  23 0033 2E6300   		.ascii	".c\000"
  24              		.section	.text.HAL_EXTI_SetConfigLine,"ax",%progbits
  25              		.align	1
  26              		.global	HAL_EXTI_SetConfigLine
  27              		.syntax unified
  28              		.thumb
  29              		.thumb_func
  31              	HAL_EXTI_SetConfigLine:
  32              	.LVL0:
  33              	.LFB134:
  34              		.file 1 "Drivers/STM32F4xx_HAL_Driver/Src/stm32f4xx_hal_exti.c"
   1:Drivers/STM32F4xx_HAL_Driver/Src/stm32f4xx_hal_exti.c **** /**
   2:Drivers/STM32F4xx_HAL_Driver/Src/stm32f4xx_hal_exti.c ****   ******************************************************************************
   3:Drivers/STM32F4xx_HAL_Driver/Src/stm32f4xx_hal_exti.c ****   * @file    stm32f4xx_hal_exti.c
   4:Drivers/STM32F4xx_HAL_Driver/Src/stm32f4xx_hal_exti.c ****   * @author  MCD Application Team
   5:Drivers/STM32F4xx_HAL_Driver/Src/stm32f4xx_hal_exti.c ****   * @brief   EXTI HAL module driver.
   6:Drivers/STM32F4xx_HAL_Driver/Src/stm32f4xx_hal_exti.c ****   *          This file provides firmware functions to manage the following
   7:Drivers/STM32F4xx_HAL_Driver/Src/stm32f4xx_hal_exti.c ****   *          functionalities of the Extended Interrupts and events controller (EXTI) peripheral:
   8:Drivers/STM32F4xx_HAL_Driver/Src/stm32f4xx_hal_exti.c ****   *           + Initialization and de-initialization functions
   9:Drivers/STM32F4xx_HAL_Driver/Src/stm32f4xx_hal_exti.c ****   *           + IO operation functions
  10:Drivers/STM32F4xx_HAL_Driver/Src/stm32f4xx_hal_exti.c ****   *
  11:Drivers/STM32F4xx_HAL_Driver/Src/stm32f4xx_hal_exti.c ****   ******************************************************************************
  12:Drivers/STM32F4xx_HAL_Driver/Src/stm32f4xx_hal_exti.c ****   * @attention
  13:Drivers/STM32F4xx_HAL_Driver/Src/stm32f4xx_hal_exti.c ****   *
  14:Drivers/STM32F4xx_HAL_Driver/Src/stm32f4xx_hal_exti.c ****   * Copyright (c) 2018 STMicroelectronics.
  15:Drivers/STM32F4xx_HAL_Driver/Src/stm32f4xx_hal_exti.c ****   * All rights reserved.
  16:Drivers/STM32F4xx_HAL_Driver/Src/stm32f4xx_hal_exti.c ****   *
  17:Drivers/STM32F4xx_HAL_Driver/Src/stm32f4xx_hal_exti.c ****   * This software is licensed under terms that can be found in the LICENSE file
  18:Drivers/STM32F4xx_HAL_Driver/Src/stm32f4xx_hal_exti.c ****   * in the root directory of this software component.
  19:Drivers/STM32F4xx_HAL_Driver/Src/stm32f4xx_hal_exti.c ****   * If no LICENSE file comes with this software, it is provided AS-IS.
  20:Drivers/STM32F4xx_HAL_Driver/Src/stm32f4xx_hal_exti.c ****   *
ARM GAS  C:\Users\guoch\AppData\Local\Temp\ccFW0Yww.s 			page 2


  21:Drivers/STM32F4xx_HAL_Driver/Src/stm32f4xx_hal_exti.c ****   ******************************************************************************
  22:Drivers/STM32F4xx_HAL_Driver/Src/stm32f4xx_hal_exti.c ****   @verbatim
  23:Drivers/STM32F4xx_HAL_Driver/Src/stm32f4xx_hal_exti.c ****   ==============================================================================
  24:Drivers/STM32F4xx_HAL_Driver/Src/stm32f4xx_hal_exti.c ****                     ##### EXTI Peripheral features #####
  25:Drivers/STM32F4xx_HAL_Driver/Src/stm32f4xx_hal_exti.c ****   ==============================================================================
  26:Drivers/STM32F4xx_HAL_Driver/Src/stm32f4xx_hal_exti.c ****   [..]
  27:Drivers/STM32F4xx_HAL_Driver/Src/stm32f4xx_hal_exti.c ****     (+) Each Exti line can be configured within this driver.
  28:Drivers/STM32F4xx_HAL_Driver/Src/stm32f4xx_hal_exti.c **** 
  29:Drivers/STM32F4xx_HAL_Driver/Src/stm32f4xx_hal_exti.c ****     (+) Exti line can be configured in 3 different modes
  30:Drivers/STM32F4xx_HAL_Driver/Src/stm32f4xx_hal_exti.c ****         (++) Interrupt
  31:Drivers/STM32F4xx_HAL_Driver/Src/stm32f4xx_hal_exti.c ****         (++) Event
  32:Drivers/STM32F4xx_HAL_Driver/Src/stm32f4xx_hal_exti.c ****         (++) Both of them
  33:Drivers/STM32F4xx_HAL_Driver/Src/stm32f4xx_hal_exti.c **** 
  34:Drivers/STM32F4xx_HAL_Driver/Src/stm32f4xx_hal_exti.c ****     (+) Configurable Exti lines can be configured with 3 different triggers
  35:Drivers/STM32F4xx_HAL_Driver/Src/stm32f4xx_hal_exti.c ****         (++) Rising
  36:Drivers/STM32F4xx_HAL_Driver/Src/stm32f4xx_hal_exti.c ****         (++) Falling
  37:Drivers/STM32F4xx_HAL_Driver/Src/stm32f4xx_hal_exti.c ****         (++) Both of them
  38:Drivers/STM32F4xx_HAL_Driver/Src/stm32f4xx_hal_exti.c **** 
  39:Drivers/STM32F4xx_HAL_Driver/Src/stm32f4xx_hal_exti.c ****     (+) When set in interrupt mode, configurable Exti lines have two different
  40:Drivers/STM32F4xx_HAL_Driver/Src/stm32f4xx_hal_exti.c ****         interrupts pending registers which allow to distinguish which transition
  41:Drivers/STM32F4xx_HAL_Driver/Src/stm32f4xx_hal_exti.c ****         occurs:
  42:Drivers/STM32F4xx_HAL_Driver/Src/stm32f4xx_hal_exti.c ****         (++) Rising edge pending interrupt
  43:Drivers/STM32F4xx_HAL_Driver/Src/stm32f4xx_hal_exti.c ****         (++) Falling
  44:Drivers/STM32F4xx_HAL_Driver/Src/stm32f4xx_hal_exti.c **** 
  45:Drivers/STM32F4xx_HAL_Driver/Src/stm32f4xx_hal_exti.c ****     (+) Exti lines 0 to 15 are linked to gpio pin number 0 to 15. Gpio port can
  46:Drivers/STM32F4xx_HAL_Driver/Src/stm32f4xx_hal_exti.c ****         be selected through multiplexer.
  47:Drivers/STM32F4xx_HAL_Driver/Src/stm32f4xx_hal_exti.c **** 
  48:Drivers/STM32F4xx_HAL_Driver/Src/stm32f4xx_hal_exti.c ****                      ##### How to use this driver #####
  49:Drivers/STM32F4xx_HAL_Driver/Src/stm32f4xx_hal_exti.c ****   ==============================================================================
  50:Drivers/STM32F4xx_HAL_Driver/Src/stm32f4xx_hal_exti.c ****   [..]
  51:Drivers/STM32F4xx_HAL_Driver/Src/stm32f4xx_hal_exti.c **** 
  52:Drivers/STM32F4xx_HAL_Driver/Src/stm32f4xx_hal_exti.c ****     (#) Configure the EXTI line using HAL_EXTI_SetConfigLine().
  53:Drivers/STM32F4xx_HAL_Driver/Src/stm32f4xx_hal_exti.c ****         (++) Choose the interrupt line number by setting "Line" member from
  54:Drivers/STM32F4xx_HAL_Driver/Src/stm32f4xx_hal_exti.c ****              EXTI_ConfigTypeDef structure.
  55:Drivers/STM32F4xx_HAL_Driver/Src/stm32f4xx_hal_exti.c ****         (++) Configure the interrupt and/or event mode using "Mode" member from
  56:Drivers/STM32F4xx_HAL_Driver/Src/stm32f4xx_hal_exti.c ****              EXTI_ConfigTypeDef structure.
  57:Drivers/STM32F4xx_HAL_Driver/Src/stm32f4xx_hal_exti.c ****         (++) For configurable lines, configure rising and/or falling trigger
  58:Drivers/STM32F4xx_HAL_Driver/Src/stm32f4xx_hal_exti.c ****              "Trigger" member from EXTI_ConfigTypeDef structure.
  59:Drivers/STM32F4xx_HAL_Driver/Src/stm32f4xx_hal_exti.c ****         (++) For Exti lines linked to gpio, choose gpio port using "GPIOSel"
  60:Drivers/STM32F4xx_HAL_Driver/Src/stm32f4xx_hal_exti.c ****              member from GPIO_InitTypeDef structure.
  61:Drivers/STM32F4xx_HAL_Driver/Src/stm32f4xx_hal_exti.c **** 
  62:Drivers/STM32F4xx_HAL_Driver/Src/stm32f4xx_hal_exti.c ****     (#) Get current Exti configuration of a dedicated line using
  63:Drivers/STM32F4xx_HAL_Driver/Src/stm32f4xx_hal_exti.c ****         HAL_EXTI_GetConfigLine().
  64:Drivers/STM32F4xx_HAL_Driver/Src/stm32f4xx_hal_exti.c ****         (++) Provide exiting handle as parameter.
  65:Drivers/STM32F4xx_HAL_Driver/Src/stm32f4xx_hal_exti.c ****         (++) Provide pointer on EXTI_ConfigTypeDef structure as second parameter.
  66:Drivers/STM32F4xx_HAL_Driver/Src/stm32f4xx_hal_exti.c **** 
  67:Drivers/STM32F4xx_HAL_Driver/Src/stm32f4xx_hal_exti.c ****     (#) Clear Exti configuration of a dedicated line using HAL_EXTI_ClearConfigLine().
  68:Drivers/STM32F4xx_HAL_Driver/Src/stm32f4xx_hal_exti.c ****         (++) Provide exiting handle as parameter.
  69:Drivers/STM32F4xx_HAL_Driver/Src/stm32f4xx_hal_exti.c **** 
  70:Drivers/STM32F4xx_HAL_Driver/Src/stm32f4xx_hal_exti.c ****     (#) Register callback to treat Exti interrupts using HAL_EXTI_RegisterCallback().
  71:Drivers/STM32F4xx_HAL_Driver/Src/stm32f4xx_hal_exti.c ****         (++) Provide exiting handle as first parameter.
  72:Drivers/STM32F4xx_HAL_Driver/Src/stm32f4xx_hal_exti.c ****         (++) Provide which callback will be registered using one value from
  73:Drivers/STM32F4xx_HAL_Driver/Src/stm32f4xx_hal_exti.c ****              EXTI_CallbackIDTypeDef.
  74:Drivers/STM32F4xx_HAL_Driver/Src/stm32f4xx_hal_exti.c ****         (++) Provide callback function pointer.
  75:Drivers/STM32F4xx_HAL_Driver/Src/stm32f4xx_hal_exti.c **** 
  76:Drivers/STM32F4xx_HAL_Driver/Src/stm32f4xx_hal_exti.c ****     (#) Get interrupt pending bit using HAL_EXTI_GetPending().
  77:Drivers/STM32F4xx_HAL_Driver/Src/stm32f4xx_hal_exti.c **** 
ARM GAS  C:\Users\guoch\AppData\Local\Temp\ccFW0Yww.s 			page 3


  78:Drivers/STM32F4xx_HAL_Driver/Src/stm32f4xx_hal_exti.c ****     (#) Clear interrupt pending bit using HAL_EXTI_ClearPending().
  79:Drivers/STM32F4xx_HAL_Driver/Src/stm32f4xx_hal_exti.c **** 
  80:Drivers/STM32F4xx_HAL_Driver/Src/stm32f4xx_hal_exti.c ****     (#) Generate software interrupt using HAL_EXTI_GenerateSWI().
  81:Drivers/STM32F4xx_HAL_Driver/Src/stm32f4xx_hal_exti.c **** 
  82:Drivers/STM32F4xx_HAL_Driver/Src/stm32f4xx_hal_exti.c ****   @endverbatim
  83:Drivers/STM32F4xx_HAL_Driver/Src/stm32f4xx_hal_exti.c ****   */
  84:Drivers/STM32F4xx_HAL_Driver/Src/stm32f4xx_hal_exti.c **** 
  85:Drivers/STM32F4xx_HAL_Driver/Src/stm32f4xx_hal_exti.c **** /* Includes ------------------------------------------------------------------*/
  86:Drivers/STM32F4xx_HAL_Driver/Src/stm32f4xx_hal_exti.c **** #include "stm32f4xx_hal.h"
  87:Drivers/STM32F4xx_HAL_Driver/Src/stm32f4xx_hal_exti.c **** 
  88:Drivers/STM32F4xx_HAL_Driver/Src/stm32f4xx_hal_exti.c **** /** @addtogroup STM32F4xx_HAL_Driver
  89:Drivers/STM32F4xx_HAL_Driver/Src/stm32f4xx_hal_exti.c ****   * @{
  90:Drivers/STM32F4xx_HAL_Driver/Src/stm32f4xx_hal_exti.c ****   */
  91:Drivers/STM32F4xx_HAL_Driver/Src/stm32f4xx_hal_exti.c **** 
  92:Drivers/STM32F4xx_HAL_Driver/Src/stm32f4xx_hal_exti.c **** /** @addtogroup EXTI
  93:Drivers/STM32F4xx_HAL_Driver/Src/stm32f4xx_hal_exti.c ****   * @{
  94:Drivers/STM32F4xx_HAL_Driver/Src/stm32f4xx_hal_exti.c ****   */
  95:Drivers/STM32F4xx_HAL_Driver/Src/stm32f4xx_hal_exti.c **** /** MISRA C:2012 deviation rule has been granted for following rule:
  96:Drivers/STM32F4xx_HAL_Driver/Src/stm32f4xx_hal_exti.c ****   * Rule-18.1_b - Medium: Array `EXTICR' 1st subscript interval [0,7] may be out
  97:Drivers/STM32F4xx_HAL_Driver/Src/stm32f4xx_hal_exti.c ****   * of bounds [0,3] in following API :
  98:Drivers/STM32F4xx_HAL_Driver/Src/stm32f4xx_hal_exti.c ****   * HAL_EXTI_SetConfigLine
  99:Drivers/STM32F4xx_HAL_Driver/Src/stm32f4xx_hal_exti.c ****   * HAL_EXTI_GetConfigLine
 100:Drivers/STM32F4xx_HAL_Driver/Src/stm32f4xx_hal_exti.c ****   * HAL_EXTI_ClearConfigLine
 101:Drivers/STM32F4xx_HAL_Driver/Src/stm32f4xx_hal_exti.c ****   */
 102:Drivers/STM32F4xx_HAL_Driver/Src/stm32f4xx_hal_exti.c **** 
 103:Drivers/STM32F4xx_HAL_Driver/Src/stm32f4xx_hal_exti.c **** #ifdef HAL_EXTI_MODULE_ENABLED
 104:Drivers/STM32F4xx_HAL_Driver/Src/stm32f4xx_hal_exti.c **** 
 105:Drivers/STM32F4xx_HAL_Driver/Src/stm32f4xx_hal_exti.c **** /* Private typedef -----------------------------------------------------------*/
 106:Drivers/STM32F4xx_HAL_Driver/Src/stm32f4xx_hal_exti.c **** /* Private defines -----------------------------------------------------------*/
 107:Drivers/STM32F4xx_HAL_Driver/Src/stm32f4xx_hal_exti.c **** /** @defgroup EXTI_Private_Constants EXTI Private Constants
 108:Drivers/STM32F4xx_HAL_Driver/Src/stm32f4xx_hal_exti.c ****   * @{
 109:Drivers/STM32F4xx_HAL_Driver/Src/stm32f4xx_hal_exti.c ****   */
 110:Drivers/STM32F4xx_HAL_Driver/Src/stm32f4xx_hal_exti.c **** 
 111:Drivers/STM32F4xx_HAL_Driver/Src/stm32f4xx_hal_exti.c **** /**
 112:Drivers/STM32F4xx_HAL_Driver/Src/stm32f4xx_hal_exti.c ****   * @}
 113:Drivers/STM32F4xx_HAL_Driver/Src/stm32f4xx_hal_exti.c ****   */
 114:Drivers/STM32F4xx_HAL_Driver/Src/stm32f4xx_hal_exti.c **** 
 115:Drivers/STM32F4xx_HAL_Driver/Src/stm32f4xx_hal_exti.c **** /* Private macros ------------------------------------------------------------*/
 116:Drivers/STM32F4xx_HAL_Driver/Src/stm32f4xx_hal_exti.c **** /* Private variables ---------------------------------------------------------*/
 117:Drivers/STM32F4xx_HAL_Driver/Src/stm32f4xx_hal_exti.c **** /* Private function prototypes -----------------------------------------------*/
 118:Drivers/STM32F4xx_HAL_Driver/Src/stm32f4xx_hal_exti.c **** /* Exported functions --------------------------------------------------------*/
 119:Drivers/STM32F4xx_HAL_Driver/Src/stm32f4xx_hal_exti.c **** 
 120:Drivers/STM32F4xx_HAL_Driver/Src/stm32f4xx_hal_exti.c **** /** @addtogroup EXTI_Exported_Functions
 121:Drivers/STM32F4xx_HAL_Driver/Src/stm32f4xx_hal_exti.c ****   * @{
 122:Drivers/STM32F4xx_HAL_Driver/Src/stm32f4xx_hal_exti.c ****   */
 123:Drivers/STM32F4xx_HAL_Driver/Src/stm32f4xx_hal_exti.c **** 
 124:Drivers/STM32F4xx_HAL_Driver/Src/stm32f4xx_hal_exti.c **** /** @addtogroup EXTI_Exported_Functions_Group1
 125:Drivers/STM32F4xx_HAL_Driver/Src/stm32f4xx_hal_exti.c ****   *  @brief    Configuration functions
 126:Drivers/STM32F4xx_HAL_Driver/Src/stm32f4xx_hal_exti.c ****   *
 127:Drivers/STM32F4xx_HAL_Driver/Src/stm32f4xx_hal_exti.c **** @verbatim
 128:Drivers/STM32F4xx_HAL_Driver/Src/stm32f4xx_hal_exti.c ****  ===============================================================================
 129:Drivers/STM32F4xx_HAL_Driver/Src/stm32f4xx_hal_exti.c ****               ##### Configuration functions #####
 130:Drivers/STM32F4xx_HAL_Driver/Src/stm32f4xx_hal_exti.c ****  ===============================================================================
 131:Drivers/STM32F4xx_HAL_Driver/Src/stm32f4xx_hal_exti.c **** 
 132:Drivers/STM32F4xx_HAL_Driver/Src/stm32f4xx_hal_exti.c **** @endverbatim
 133:Drivers/STM32F4xx_HAL_Driver/Src/stm32f4xx_hal_exti.c ****   * @{
 134:Drivers/STM32F4xx_HAL_Driver/Src/stm32f4xx_hal_exti.c ****   */
ARM GAS  C:\Users\guoch\AppData\Local\Temp\ccFW0Yww.s 			page 4


 135:Drivers/STM32F4xx_HAL_Driver/Src/stm32f4xx_hal_exti.c **** 
 136:Drivers/STM32F4xx_HAL_Driver/Src/stm32f4xx_hal_exti.c **** /**
 137:Drivers/STM32F4xx_HAL_Driver/Src/stm32f4xx_hal_exti.c ****   * @brief  Set configuration of a dedicated Exti line.
 138:Drivers/STM32F4xx_HAL_Driver/Src/stm32f4xx_hal_exti.c ****   * @param  hexti Exti handle.
 139:Drivers/STM32F4xx_HAL_Driver/Src/stm32f4xx_hal_exti.c ****   * @param  pExtiConfig Pointer on EXTI configuration to be set.
 140:Drivers/STM32F4xx_HAL_Driver/Src/stm32f4xx_hal_exti.c ****   * @retval HAL Status.
 141:Drivers/STM32F4xx_HAL_Driver/Src/stm32f4xx_hal_exti.c ****   */
 142:Drivers/STM32F4xx_HAL_Driver/Src/stm32f4xx_hal_exti.c **** HAL_StatusTypeDef HAL_EXTI_SetConfigLine(EXTI_HandleTypeDef *hexti, EXTI_ConfigTypeDef *pExtiConfig
 143:Drivers/STM32F4xx_HAL_Driver/Src/stm32f4xx_hal_exti.c **** {
  35              		.loc 1 143 1 view -0
  36              		.cfi_startproc
  37              		@ args = 0, pretend = 0, frame = 0
  38              		@ frame_needed = 0, uses_anonymous_args = 0
 144:Drivers/STM32F4xx_HAL_Driver/Src/stm32f4xx_hal_exti.c ****   uint32_t regval;
  39              		.loc 1 144 3 view .LVU1
 145:Drivers/STM32F4xx_HAL_Driver/Src/stm32f4xx_hal_exti.c ****   uint32_t linepos;
  40              		.loc 1 145 3 view .LVU2
 146:Drivers/STM32F4xx_HAL_Driver/Src/stm32f4xx_hal_exti.c ****   uint32_t maskline;
  41              		.loc 1 146 3 view .LVU3
 147:Drivers/STM32F4xx_HAL_Driver/Src/stm32f4xx_hal_exti.c **** 
 148:Drivers/STM32F4xx_HAL_Driver/Src/stm32f4xx_hal_exti.c ****   /* Check null pointer */
 149:Drivers/STM32F4xx_HAL_Driver/Src/stm32f4xx_hal_exti.c ****   if ((hexti == NULL) || (pExtiConfig == NULL))
  42              		.loc 1 149 3 view .LVU4
  43              		.loc 1 149 6 is_stmt 0 view .LVU5
  44 0000 0028     		cmp	r0, #0
  45 0002 00F09E80 		beq	.L19
 143:Drivers/STM32F4xx_HAL_Driver/Src/stm32f4xx_hal_exti.c ****   uint32_t regval;
  46              		.loc 1 143 1 discriminator 1 view .LVU6
  47 0006 F8B5     		push	{r3, r4, r5, r6, r7, lr}
  48              	.LCFI0:
  49              		.cfi_def_cfa_offset 24
  50              		.cfi_offset 3, -24
  51              		.cfi_offset 4, -20
  52              		.cfi_offset 5, -16
  53              		.cfi_offset 6, -12
  54              		.cfi_offset 7, -8
  55              		.cfi_offset 14, -4
  56 0008 0C46     		mov	r4, r1
  57 000a 0546     		mov	r5, r0
  58              		.loc 1 149 23 discriminator 1 view .LVU7
  59 000c 0029     		cmp	r1, #0
  60 000e 00F09A80 		beq	.L20
 150:Drivers/STM32F4xx_HAL_Driver/Src/stm32f4xx_hal_exti.c ****   {
 151:Drivers/STM32F4xx_HAL_Driver/Src/stm32f4xx_hal_exti.c ****     return HAL_ERROR;
 152:Drivers/STM32F4xx_HAL_Driver/Src/stm32f4xx_hal_exti.c ****   }
 153:Drivers/STM32F4xx_HAL_Driver/Src/stm32f4xx_hal_exti.c **** 
 154:Drivers/STM32F4xx_HAL_Driver/Src/stm32f4xx_hal_exti.c ****   /* Check parameters */
 155:Drivers/STM32F4xx_HAL_Driver/Src/stm32f4xx_hal_exti.c ****   assert_param(IS_EXTI_LINE(pExtiConfig->Line));
  61              		.loc 1 155 3 is_stmt 1 view .LVU8
  62 0012 0A68     		ldr	r2, [r1]
  63 0014 22F0C063 		bic	r3, r2, #100663296
  64 0018 23F01F03 		bic	r3, r3, #31
  65 001c 3BB9     		cbnz	r3, .L3
  66              		.loc 1 155 3 is_stmt 0 discriminator 2 view .LVU9
  67 001e 02F0C063 		and	r3, r2, #100663296
  68 0022 B3F1007F 		cmp	r3, #33554432
  69 0026 46D0     		beq	.L4
ARM GAS  C:\Users\guoch\AppData\Local\Temp\ccFW0Yww.s 			page 5


  70              		.loc 1 155 3 discriminator 3 view .LVU10
  71 0028 B3F1C06F 		cmp	r3, #100663296
  72 002c 43D0     		beq	.L4
  73              	.L3:
  74              		.loc 1 155 3 discriminator 7 view .LVU11
  75 002e 9B21     		movs	r1, #155
  76              	.LVL1:
  77              		.loc 1 155 3 discriminator 7 view .LVU12
  78 0030 4648     		ldr	r0, .L29
  79              	.LVL2:
  80              		.loc 1 155 3 discriminator 7 view .LVU13
  81 0032 FFF7FEFF 		bl	assert_failed
  82              	.LVL3:
  83              	.L5:
 156:Drivers/STM32F4xx_HAL_Driver/Src/stm32f4xx_hal_exti.c ****   assert_param(IS_EXTI_MODE(pExtiConfig->Mode));
  84              		.loc 1 156 3 is_stmt 1 view .LVU14
  85 0036 6368     		ldr	r3, [r4, #4]
  86 0038 13F0030F 		tst	r3, #3
  87 003c 02D0     		beq	.L6
  88              		.loc 1 156 3 is_stmt 0 discriminator 2 view .LVU15
  89 003e 33F00303 		bics	r3, r3, #3
  90 0042 03D0     		beq	.L7
  91              	.L6:
  92              		.loc 1 156 3 discriminator 3 view .LVU16
  93 0044 9C21     		movs	r1, #156
  94 0046 4148     		ldr	r0, .L29
  95 0048 FFF7FEFF 		bl	assert_failed
  96              	.LVL4:
  97              	.L7:
 157:Drivers/STM32F4xx_HAL_Driver/Src/stm32f4xx_hal_exti.c **** 
 158:Drivers/STM32F4xx_HAL_Driver/Src/stm32f4xx_hal_exti.c ****   /* Assign line number to handle */
 159:Drivers/STM32F4xx_HAL_Driver/Src/stm32f4xx_hal_exti.c ****   hexti->Line = pExtiConfig->Line;
  98              		.loc 1 159 3 is_stmt 1 view .LVU17
  99              		.loc 1 159 28 is_stmt 0 view .LVU18
 100 004c 2668     		ldr	r6, [r4]
 101              		.loc 1 159 15 view .LVU19
 102 004e 2E60     		str	r6, [r5]
 160:Drivers/STM32F4xx_HAL_Driver/Src/stm32f4xx_hal_exti.c **** 
 161:Drivers/STM32F4xx_HAL_Driver/Src/stm32f4xx_hal_exti.c ****   /* Compute line mask */
 162:Drivers/STM32F4xx_HAL_Driver/Src/stm32f4xx_hal_exti.c ****   linepos = (pExtiConfig->Line & EXTI_PIN_MASK);
 103              		.loc 1 162 3 is_stmt 1 view .LVU20
 104              		.loc 1 162 11 is_stmt 0 view .LVU21
 105 0050 06F01F07 		and	r7, r6, #31
 106              	.LVL5:
 163:Drivers/STM32F4xx_HAL_Driver/Src/stm32f4xx_hal_exti.c ****   maskline = (1uL << linepos);
 107              		.loc 1 163 3 is_stmt 1 view .LVU22
 108              		.loc 1 163 12 is_stmt 0 view .LVU23
 109 0054 0125     		movs	r5, #1
 110              	.LVL6:
 111              		.loc 1 163 12 view .LVU24
 112 0056 BD40     		lsls	r5, r5, r7
 113              	.LVL7:
 164:Drivers/STM32F4xx_HAL_Driver/Src/stm32f4xx_hal_exti.c **** 
 165:Drivers/STM32F4xx_HAL_Driver/Src/stm32f4xx_hal_exti.c ****   /* Configure triggers for configurable lines */
 166:Drivers/STM32F4xx_HAL_Driver/Src/stm32f4xx_hal_exti.c ****   if ((pExtiConfig->Line & EXTI_CONFIG) != 0x00u)
 114              		.loc 1 166 3 is_stmt 1 view .LVU25
 115              		.loc 1 166 6 is_stmt 0 view .LVU26
ARM GAS  C:\Users\guoch\AppData\Local\Temp\ccFW0Yww.s 			page 6


 116 0058 16F0007F 		tst	r6, #33554432
 117 005c 19D0     		beq	.L8
 167:Drivers/STM32F4xx_HAL_Driver/Src/stm32f4xx_hal_exti.c ****   {
 168:Drivers/STM32F4xx_HAL_Driver/Src/stm32f4xx_hal_exti.c ****     assert_param(IS_EXTI_TRIGGER(pExtiConfig->Trigger));
 118              		.loc 1 168 5 is_stmt 1 view .LVU27
 119 005e A368     		ldr	r3, [r4, #8]
 120 0060 33F00303 		bics	r3, r3, #3
 121 0064 2CD1     		bne	.L25
 122              	.L9:
 169:Drivers/STM32F4xx_HAL_Driver/Src/stm32f4xx_hal_exti.c **** 
 170:Drivers/STM32F4xx_HAL_Driver/Src/stm32f4xx_hal_exti.c ****     /* Configure rising trigger */
 171:Drivers/STM32F4xx_HAL_Driver/Src/stm32f4xx_hal_exti.c ****     /* Mask or set line */
 172:Drivers/STM32F4xx_HAL_Driver/Src/stm32f4xx_hal_exti.c ****     if ((pExtiConfig->Trigger & EXTI_TRIGGER_RISING) != 0x00u)
 123              		.loc 1 172 5 view .LVU28
 124              		.loc 1 172 21 is_stmt 0 view .LVU29
 125 0066 A368     		ldr	r3, [r4, #8]
 126              		.loc 1 172 8 view .LVU30
 127 0068 13F0010F 		tst	r3, #1
 128 006c 2DD0     		beq	.L10
 173:Drivers/STM32F4xx_HAL_Driver/Src/stm32f4xx_hal_exti.c ****     {
 174:Drivers/STM32F4xx_HAL_Driver/Src/stm32f4xx_hal_exti.c ****       EXTI->RTSR |= maskline;
 129              		.loc 1 174 7 is_stmt 1 view .LVU31
 130              		.loc 1 174 18 is_stmt 0 view .LVU32
 131 006e 384A     		ldr	r2, .L29+4
 132 0070 9368     		ldr	r3, [r2, #8]
 133 0072 2B43     		orrs	r3, r3, r5
 134 0074 9360     		str	r3, [r2, #8]
 135              	.L11:
 175:Drivers/STM32F4xx_HAL_Driver/Src/stm32f4xx_hal_exti.c ****     }
 176:Drivers/STM32F4xx_HAL_Driver/Src/stm32f4xx_hal_exti.c ****     else
 177:Drivers/STM32F4xx_HAL_Driver/Src/stm32f4xx_hal_exti.c ****     {
 178:Drivers/STM32F4xx_HAL_Driver/Src/stm32f4xx_hal_exti.c ****       EXTI->RTSR &= ~maskline;
 179:Drivers/STM32F4xx_HAL_Driver/Src/stm32f4xx_hal_exti.c ****     }
 180:Drivers/STM32F4xx_HAL_Driver/Src/stm32f4xx_hal_exti.c **** 
 181:Drivers/STM32F4xx_HAL_Driver/Src/stm32f4xx_hal_exti.c ****     /* Configure falling trigger */
 182:Drivers/STM32F4xx_HAL_Driver/Src/stm32f4xx_hal_exti.c ****     /* Mask or set line */
 183:Drivers/STM32F4xx_HAL_Driver/Src/stm32f4xx_hal_exti.c ****     if ((pExtiConfig->Trigger & EXTI_TRIGGER_FALLING) != 0x00u)
 136              		.loc 1 183 5 is_stmt 1 view .LVU33
 137              		.loc 1 183 21 is_stmt 0 view .LVU34
 138 0076 A368     		ldr	r3, [r4, #8]
 139              		.loc 1 183 8 view .LVU35
 140 0078 13F0020F 		tst	r3, #2
 141 007c 2BD0     		beq	.L12
 184:Drivers/STM32F4xx_HAL_Driver/Src/stm32f4xx_hal_exti.c ****     {
 185:Drivers/STM32F4xx_HAL_Driver/Src/stm32f4xx_hal_exti.c ****       EXTI->FTSR |= maskline;
 142              		.loc 1 185 7 is_stmt 1 view .LVU36
 143              		.loc 1 185 18 is_stmt 0 view .LVU37
 144 007e 344A     		ldr	r2, .L29+4
 145 0080 D368     		ldr	r3, [r2, #12]
 146 0082 2B43     		orrs	r3, r3, r5
 147 0084 D360     		str	r3, [r2, #12]
 148              	.L13:
 186:Drivers/STM32F4xx_HAL_Driver/Src/stm32f4xx_hal_exti.c ****     }
 187:Drivers/STM32F4xx_HAL_Driver/Src/stm32f4xx_hal_exti.c ****     else
 188:Drivers/STM32F4xx_HAL_Driver/Src/stm32f4xx_hal_exti.c ****     {
 189:Drivers/STM32F4xx_HAL_Driver/Src/stm32f4xx_hal_exti.c ****       EXTI->FTSR &= ~maskline;
 190:Drivers/STM32F4xx_HAL_Driver/Src/stm32f4xx_hal_exti.c ****     }
ARM GAS  C:\Users\guoch\AppData\Local\Temp\ccFW0Yww.s 			page 7


 191:Drivers/STM32F4xx_HAL_Driver/Src/stm32f4xx_hal_exti.c **** 
 192:Drivers/STM32F4xx_HAL_Driver/Src/stm32f4xx_hal_exti.c **** 
 193:Drivers/STM32F4xx_HAL_Driver/Src/stm32f4xx_hal_exti.c ****     /* Configure gpio port selection in case of gpio exti line */
 194:Drivers/STM32F4xx_HAL_Driver/Src/stm32f4xx_hal_exti.c ****     if ((pExtiConfig->Line & EXTI_GPIO) == EXTI_GPIO)
 149              		.loc 1 194 5 is_stmt 1 view .LVU38
 150              		.loc 1 194 21 is_stmt 0 view .LVU39
 151 0086 2368     		ldr	r3, [r4]
 152              		.loc 1 194 28 view .LVU40
 153 0088 03F0C063 		and	r3, r3, #100663296
 154              		.loc 1 194 8 view .LVU41
 155 008c B3F1C06F 		cmp	r3, #100663296
 156 0090 27D0     		beq	.L26
 157              	.LVL8:
 158              	.L8:
 195:Drivers/STM32F4xx_HAL_Driver/Src/stm32f4xx_hal_exti.c ****     {
 196:Drivers/STM32F4xx_HAL_Driver/Src/stm32f4xx_hal_exti.c ****       assert_param(IS_EXTI_GPIO_PORT(pExtiConfig->GPIOSel));
 197:Drivers/STM32F4xx_HAL_Driver/Src/stm32f4xx_hal_exti.c ****       assert_param(IS_EXTI_GPIO_PIN(linepos));
 198:Drivers/STM32F4xx_HAL_Driver/Src/stm32f4xx_hal_exti.c **** 
 199:Drivers/STM32F4xx_HAL_Driver/Src/stm32f4xx_hal_exti.c ****       regval = SYSCFG->EXTICR[linepos >> 2u];
 200:Drivers/STM32F4xx_HAL_Driver/Src/stm32f4xx_hal_exti.c ****       regval &= ~(SYSCFG_EXTICR1_EXTI0 << (SYSCFG_EXTICR1_EXTI1_Pos * (linepos & 0x03u)));
 201:Drivers/STM32F4xx_HAL_Driver/Src/stm32f4xx_hal_exti.c ****       regval |= (pExtiConfig->GPIOSel << (SYSCFG_EXTICR1_EXTI1_Pos * (linepos & 0x03u)));
 202:Drivers/STM32F4xx_HAL_Driver/Src/stm32f4xx_hal_exti.c ****       SYSCFG->EXTICR[linepos >> 2u] = regval;
 203:Drivers/STM32F4xx_HAL_Driver/Src/stm32f4xx_hal_exti.c ****     }
 204:Drivers/STM32F4xx_HAL_Driver/Src/stm32f4xx_hal_exti.c ****   }
 205:Drivers/STM32F4xx_HAL_Driver/Src/stm32f4xx_hal_exti.c **** 
 206:Drivers/STM32F4xx_HAL_Driver/Src/stm32f4xx_hal_exti.c ****   /* Configure interrupt mode : read current mode */
 207:Drivers/STM32F4xx_HAL_Driver/Src/stm32f4xx_hal_exti.c ****   /* Mask or set line */
 208:Drivers/STM32F4xx_HAL_Driver/Src/stm32f4xx_hal_exti.c ****   if ((pExtiConfig->Mode & EXTI_MODE_INTERRUPT) != 0x00u)
 159              		.loc 1 208 3 is_stmt 1 view .LVU42
 160              		.loc 1 208 19 is_stmt 0 view .LVU43
 161 0092 6368     		ldr	r3, [r4, #4]
 162              		.loc 1 208 6 view .LVU44
 163 0094 13F0010F 		tst	r3, #1
 164 0098 46D0     		beq	.L16
 209:Drivers/STM32F4xx_HAL_Driver/Src/stm32f4xx_hal_exti.c ****   {
 210:Drivers/STM32F4xx_HAL_Driver/Src/stm32f4xx_hal_exti.c ****     EXTI->IMR |= maskline;
 165              		.loc 1 210 5 is_stmt 1 view .LVU45
 166              		.loc 1 210 15 is_stmt 0 view .LVU46
 167 009a 2D4A     		ldr	r2, .L29+4
 168 009c 1368     		ldr	r3, [r2]
 169 009e 2B43     		orrs	r3, r3, r5
 170 00a0 1360     		str	r3, [r2]
 171              	.L17:
 211:Drivers/STM32F4xx_HAL_Driver/Src/stm32f4xx_hal_exti.c ****   }
 212:Drivers/STM32F4xx_HAL_Driver/Src/stm32f4xx_hal_exti.c ****   else
 213:Drivers/STM32F4xx_HAL_Driver/Src/stm32f4xx_hal_exti.c ****   {
 214:Drivers/STM32F4xx_HAL_Driver/Src/stm32f4xx_hal_exti.c ****     EXTI->IMR &= ~maskline;
 215:Drivers/STM32F4xx_HAL_Driver/Src/stm32f4xx_hal_exti.c ****   }
 216:Drivers/STM32F4xx_HAL_Driver/Src/stm32f4xx_hal_exti.c **** 
 217:Drivers/STM32F4xx_HAL_Driver/Src/stm32f4xx_hal_exti.c ****   /* Configure event mode : read current mode */
 218:Drivers/STM32F4xx_HAL_Driver/Src/stm32f4xx_hal_exti.c ****   /* Mask or set line */
 219:Drivers/STM32F4xx_HAL_Driver/Src/stm32f4xx_hal_exti.c ****   if ((pExtiConfig->Mode & EXTI_MODE_EVENT) != 0x00u)
 172              		.loc 1 219 3 is_stmt 1 view .LVU47
 173              		.loc 1 219 19 is_stmt 0 view .LVU48
 174 00a2 6368     		ldr	r3, [r4, #4]
 175              		.loc 1 219 6 view .LVU49
 176 00a4 13F0020F 		tst	r3, #2
ARM GAS  C:\Users\guoch\AppData\Local\Temp\ccFW0Yww.s 			page 8


 177 00a8 44D0     		beq	.L18
 220:Drivers/STM32F4xx_HAL_Driver/Src/stm32f4xx_hal_exti.c ****   {
 221:Drivers/STM32F4xx_HAL_Driver/Src/stm32f4xx_hal_exti.c ****     EXTI->EMR |= maskline;
 178              		.loc 1 221 5 is_stmt 1 view .LVU50
 179              		.loc 1 221 15 is_stmt 0 view .LVU51
 180 00aa 294A     		ldr	r2, .L29+4
 181 00ac 5368     		ldr	r3, [r2, #4]
 182 00ae 1D43     		orrs	r5, r5, r3
 183              	.LVL9:
 184              		.loc 1 221 15 view .LVU52
 185 00b0 5560     		str	r5, [r2, #4]
 222:Drivers/STM32F4xx_HAL_Driver/Src/stm32f4xx_hal_exti.c ****   }
 223:Drivers/STM32F4xx_HAL_Driver/Src/stm32f4xx_hal_exti.c ****   else
 224:Drivers/STM32F4xx_HAL_Driver/Src/stm32f4xx_hal_exti.c ****   {
 225:Drivers/STM32F4xx_HAL_Driver/Src/stm32f4xx_hal_exti.c ****     EXTI->EMR &= ~maskline;
 226:Drivers/STM32F4xx_HAL_Driver/Src/stm32f4xx_hal_exti.c ****   }
 227:Drivers/STM32F4xx_HAL_Driver/Src/stm32f4xx_hal_exti.c **** 
 228:Drivers/STM32F4xx_HAL_Driver/Src/stm32f4xx_hal_exti.c ****   return HAL_OK;
 186              		.loc 1 228 10 view .LVU53
 187 00b2 0020     		movs	r0, #0
 188              	.L2:
 229:Drivers/STM32F4xx_HAL_Driver/Src/stm32f4xx_hal_exti.c **** }
 189              		.loc 1 229 1 view .LVU54
 190 00b4 F8BD     		pop	{r3, r4, r5, r6, r7, pc}
 191              	.LVL10:
 192              	.L4:
 155:Drivers/STM32F4xx_HAL_Driver/Src/stm32f4xx_hal_exti.c ****   assert_param(IS_EXTI_MODE(pExtiConfig->Mode));
 193              		.loc 1 155 3 discriminator 6 view .LVU55
 194 00b6 02F01F02 		and	r2, r2, #31
 195 00ba 162A     		cmp	r2, #22
 196 00bc BBD9     		bls	.L5
 197 00be B6E7     		b	.L3
 198              	.LVL11:
 199              	.L25:
 168:Drivers/STM32F4xx_HAL_Driver/Src/stm32f4xx_hal_exti.c **** 
 200              		.loc 1 168 5 discriminator 1 view .LVU56
 201 00c0 A821     		movs	r1, #168
 202 00c2 2248     		ldr	r0, .L29
 203 00c4 FFF7FEFF 		bl	assert_failed
 204              	.LVL12:
 205 00c8 CDE7     		b	.L9
 206              	.L10:
 178:Drivers/STM32F4xx_HAL_Driver/Src/stm32f4xx_hal_exti.c ****     }
 207              		.loc 1 178 7 is_stmt 1 view .LVU57
 178:Drivers/STM32F4xx_HAL_Driver/Src/stm32f4xx_hal_exti.c ****     }
 208              		.loc 1 178 18 is_stmt 0 view .LVU58
 209 00ca 214A     		ldr	r2, .L29+4
 210 00cc 9368     		ldr	r3, [r2, #8]
 211 00ce 23EA0503 		bic	r3, r3, r5
 212 00d2 9360     		str	r3, [r2, #8]
 213 00d4 CFE7     		b	.L11
 214              	.L12:
 189:Drivers/STM32F4xx_HAL_Driver/Src/stm32f4xx_hal_exti.c ****     }
 215              		.loc 1 189 7 is_stmt 1 view .LVU59
 189:Drivers/STM32F4xx_HAL_Driver/Src/stm32f4xx_hal_exti.c ****     }
 216              		.loc 1 189 18 is_stmt 0 view .LVU60
 217 00d6 1E4A     		ldr	r2, .L29+4
ARM GAS  C:\Users\guoch\AppData\Local\Temp\ccFW0Yww.s 			page 9


 218 00d8 D368     		ldr	r3, [r2, #12]
 219 00da 23EA0503 		bic	r3, r3, r5
 220 00de D360     		str	r3, [r2, #12]
 221 00e0 D1E7     		b	.L13
 222              	.L26:
 196:Drivers/STM32F4xx_HAL_Driver/Src/stm32f4xx_hal_exti.c ****       assert_param(IS_EXTI_GPIO_PIN(linepos));
 223              		.loc 1 196 7 is_stmt 1 view .LVU61
 224 00e2 E368     		ldr	r3, [r4, #12]
 225 00e4 082B     		cmp	r3, #8
 226 00e6 15D8     		bhi	.L27
 227              	.L14:
 197:Drivers/STM32F4xx_HAL_Driver/Src/stm32f4xx_hal_exti.c **** 
 228              		.loc 1 197 7 view .LVU62
 229 00e8 16F0100F 		tst	r6, #16
 230 00ec 17D1     		bne	.L28
 231              	.L15:
 199:Drivers/STM32F4xx_HAL_Driver/Src/stm32f4xx_hal_exti.c ****       regval &= ~(SYSCFG_EXTICR1_EXTI0 << (SYSCFG_EXTICR1_EXTI1_Pos * (linepos & 0x03u)));
 232              		.loc 1 199 7 view .LVU63
 199:Drivers/STM32F4xx_HAL_Driver/Src/stm32f4xx_hal_exti.c ****       regval &= ~(SYSCFG_EXTICR1_EXTI0 << (SYSCFG_EXTICR1_EXTI1_Pos * (linepos & 0x03u)));
 233              		.loc 1 199 39 is_stmt 0 view .LVU64
 234 00ee BF08     		lsrs	r7, r7, #2
 235              	.LVL13:
 199:Drivers/STM32F4xx_HAL_Driver/Src/stm32f4xx_hal_exti.c ****       regval &= ~(SYSCFG_EXTICR1_EXTI0 << (SYSCFG_EXTICR1_EXTI1_Pos * (linepos & 0x03u)));
 236              		.loc 1 199 14 view .LVU65
 237 00f0 1849     		ldr	r1, .L29+8
 238 00f2 0237     		adds	r7, r7, #2
 239 00f4 51F82720 		ldr	r2, [r1, r7, lsl #2]
 240              	.LVL14:
 200:Drivers/STM32F4xx_HAL_Driver/Src/stm32f4xx_hal_exti.c ****       regval |= (pExtiConfig->GPIOSel << (SYSCFG_EXTICR1_EXTI1_Pos * (linepos & 0x03u)));
 241              		.loc 1 200 7 is_stmt 1 view .LVU66
 200:Drivers/STM32F4xx_HAL_Driver/Src/stm32f4xx_hal_exti.c ****       regval |= (pExtiConfig->GPIOSel << (SYSCFG_EXTICR1_EXTI1_Pos * (linepos & 0x03u)));
 242              		.loc 1 200 80 is_stmt 0 view .LVU67
 243 00f8 06F00306 		and	r6, r6, #3
 244              	.LVL15:
 200:Drivers/STM32F4xx_HAL_Driver/Src/stm32f4xx_hal_exti.c ****       regval |= (pExtiConfig->GPIOSel << (SYSCFG_EXTICR1_EXTI1_Pos * (linepos & 0x03u)));
 245              		.loc 1 200 69 view .LVU68
 246 00fc B600     		lsls	r6, r6, #2
 200:Drivers/STM32F4xx_HAL_Driver/Src/stm32f4xx_hal_exti.c ****       regval |= (pExtiConfig->GPIOSel << (SYSCFG_EXTICR1_EXTI1_Pos * (linepos & 0x03u)));
 247              		.loc 1 200 40 view .LVU69
 248 00fe 0F23     		movs	r3, #15
 249 0100 B340     		lsls	r3, r3, r6
 200:Drivers/STM32F4xx_HAL_Driver/Src/stm32f4xx_hal_exti.c ****       regval |= (pExtiConfig->GPIOSel << (SYSCFG_EXTICR1_EXTI1_Pos * (linepos & 0x03u)));
 250              		.loc 1 200 14 view .LVU70
 251 0102 22EA0302 		bic	r2, r2, r3
 252              	.LVL16:
 201:Drivers/STM32F4xx_HAL_Driver/Src/stm32f4xx_hal_exti.c ****       SYSCFG->EXTICR[linepos >> 2u] = regval;
 253              		.loc 1 201 7 is_stmt 1 view .LVU71
 201:Drivers/STM32F4xx_HAL_Driver/Src/stm32f4xx_hal_exti.c ****       SYSCFG->EXTICR[linepos >> 2u] = regval;
 254              		.loc 1 201 29 is_stmt 0 view .LVU72
 255 0106 E368     		ldr	r3, [r4, #12]
 201:Drivers/STM32F4xx_HAL_Driver/Src/stm32f4xx_hal_exti.c ****       SYSCFG->EXTICR[linepos >> 2u] = regval;
 256              		.loc 1 201 39 view .LVU73
 257 0108 03FA06F6 		lsl	r6, r3, r6
 201:Drivers/STM32F4xx_HAL_Driver/Src/stm32f4xx_hal_exti.c ****       SYSCFG->EXTICR[linepos >> 2u] = regval;
 258              		.loc 1 201 14 view .LVU74
 259 010c 1643     		orrs	r6, r6, r2
 260              	.LVL17:
ARM GAS  C:\Users\guoch\AppData\Local\Temp\ccFW0Yww.s 			page 10


 202:Drivers/STM32F4xx_HAL_Driver/Src/stm32f4xx_hal_exti.c ****     }
 261              		.loc 1 202 7 is_stmt 1 view .LVU75
 202:Drivers/STM32F4xx_HAL_Driver/Src/stm32f4xx_hal_exti.c ****     }
 262              		.loc 1 202 37 is_stmt 0 view .LVU76
 263 010e 41F82760 		str	r6, [r1, r7, lsl #2]
 264 0112 BEE7     		b	.L8
 265              	.LVL18:
 266              	.L27:
 196:Drivers/STM32F4xx_HAL_Driver/Src/stm32f4xx_hal_exti.c ****       assert_param(IS_EXTI_GPIO_PIN(linepos));
 267              		.loc 1 196 7 discriminator 1 view .LVU77
 268 0114 C421     		movs	r1, #196
 269 0116 0D48     		ldr	r0, .L29
 270 0118 FFF7FEFF 		bl	assert_failed
 271              	.LVL19:
 272 011c E4E7     		b	.L14
 273              	.L28:
 197:Drivers/STM32F4xx_HAL_Driver/Src/stm32f4xx_hal_exti.c **** 
 274              		.loc 1 197 7 discriminator 1 view .LVU78
 275 011e C521     		movs	r1, #197
 276 0120 0A48     		ldr	r0, .L29
 277 0122 FFF7FEFF 		bl	assert_failed
 278              	.LVL20:
 279 0126 E2E7     		b	.L15
 280              	.LVL21:
 281              	.L16:
 214:Drivers/STM32F4xx_HAL_Driver/Src/stm32f4xx_hal_exti.c ****   }
 282              		.loc 1 214 5 is_stmt 1 view .LVU79
 214:Drivers/STM32F4xx_HAL_Driver/Src/stm32f4xx_hal_exti.c ****   }
 283              		.loc 1 214 15 is_stmt 0 view .LVU80
 284 0128 094A     		ldr	r2, .L29+4
 285 012a 1368     		ldr	r3, [r2]
 286 012c 23EA0503 		bic	r3, r3, r5
 287 0130 1360     		str	r3, [r2]
 288 0132 B6E7     		b	.L17
 289              	.L18:
 225:Drivers/STM32F4xx_HAL_Driver/Src/stm32f4xx_hal_exti.c ****   }
 290              		.loc 1 225 5 is_stmt 1 view .LVU81
 225:Drivers/STM32F4xx_HAL_Driver/Src/stm32f4xx_hal_exti.c ****   }
 291              		.loc 1 225 15 is_stmt 0 view .LVU82
 292 0134 064A     		ldr	r2, .L29+4
 293 0136 5368     		ldr	r3, [r2, #4]
 294 0138 23EA0505 		bic	r5, r3, r5
 295              	.LVL22:
 225:Drivers/STM32F4xx_HAL_Driver/Src/stm32f4xx_hal_exti.c ****   }
 296              		.loc 1 225 15 view .LVU83
 297 013c 5560     		str	r5, [r2, #4]
 228:Drivers/STM32F4xx_HAL_Driver/Src/stm32f4xx_hal_exti.c **** }
 298              		.loc 1 228 10 view .LVU84
 299 013e 0020     		movs	r0, #0
 300 0140 B8E7     		b	.L2
 301              	.LVL23:
 302              	.L19:
 303              	.LCFI1:
 304              		.cfi_def_cfa_offset 0
 305              		.cfi_restore 3
 306              		.cfi_restore 4
 307              		.cfi_restore 5
ARM GAS  C:\Users\guoch\AppData\Local\Temp\ccFW0Yww.s 			page 11


 308              		.cfi_restore 6
 309              		.cfi_restore 7
 310              		.cfi_restore 14
 151:Drivers/STM32F4xx_HAL_Driver/Src/stm32f4xx_hal_exti.c ****   }
 311              		.loc 1 151 12 view .LVU85
 312 0142 0120     		movs	r0, #1
 313              	.LVL24:
 314              		.loc 1 229 1 view .LVU86
 315 0144 7047     		bx	lr
 316              	.LVL25:
 317              	.L20:
 318              	.LCFI2:
 319              		.cfi_def_cfa_offset 24
 320              		.cfi_offset 3, -24
 321              		.cfi_offset 4, -20
 322              		.cfi_offset 5, -16
 323              		.cfi_offset 6, -12
 324              		.cfi_offset 7, -8
 325              		.cfi_offset 14, -4
 151:Drivers/STM32F4xx_HAL_Driver/Src/stm32f4xx_hal_exti.c ****   }
 326              		.loc 1 151 12 view .LVU87
 327 0146 0120     		movs	r0, #1
 328              	.LVL26:
 151:Drivers/STM32F4xx_HAL_Driver/Src/stm32f4xx_hal_exti.c ****   }
 329              		.loc 1 151 12 view .LVU88
 330 0148 B4E7     		b	.L2
 331              	.L30:
 332 014a 00BF     		.align	2
 333              	.L29:
 334 014c 00000000 		.word	.LC0
 335 0150 003C0140 		.word	1073822720
 336 0154 00380140 		.word	1073821696
 337              		.cfi_endproc
 338              	.LFE134:
 340              		.section	.text.HAL_EXTI_GetConfigLine,"ax",%progbits
 341              		.align	1
 342              		.global	HAL_EXTI_GetConfigLine
 343              		.syntax unified
 344              		.thumb
 345              		.thumb_func
 347              	HAL_EXTI_GetConfigLine:
 348              	.LVL27:
 349              	.LFB135:
 230:Drivers/STM32F4xx_HAL_Driver/Src/stm32f4xx_hal_exti.c **** 
 231:Drivers/STM32F4xx_HAL_Driver/Src/stm32f4xx_hal_exti.c **** /**
 232:Drivers/STM32F4xx_HAL_Driver/Src/stm32f4xx_hal_exti.c ****   * @brief  Get configuration of a dedicated Exti line.
 233:Drivers/STM32F4xx_HAL_Driver/Src/stm32f4xx_hal_exti.c ****   * @param  hexti Exti handle.
 234:Drivers/STM32F4xx_HAL_Driver/Src/stm32f4xx_hal_exti.c ****   * @param  pExtiConfig Pointer on structure to store Exti configuration.
 235:Drivers/STM32F4xx_HAL_Driver/Src/stm32f4xx_hal_exti.c ****   * @retval HAL Status.
 236:Drivers/STM32F4xx_HAL_Driver/Src/stm32f4xx_hal_exti.c ****   */
 237:Drivers/STM32F4xx_HAL_Driver/Src/stm32f4xx_hal_exti.c **** HAL_StatusTypeDef HAL_EXTI_GetConfigLine(EXTI_HandleTypeDef *hexti, EXTI_ConfigTypeDef *pExtiConfig
 238:Drivers/STM32F4xx_HAL_Driver/Src/stm32f4xx_hal_exti.c **** {
 350              		.loc 1 238 1 is_stmt 1 view -0
 351              		.cfi_startproc
 352              		@ args = 0, pretend = 0, frame = 0
 353              		@ frame_needed = 0, uses_anonymous_args = 0
 239:Drivers/STM32F4xx_HAL_Driver/Src/stm32f4xx_hal_exti.c ****   uint32_t regval;
ARM GAS  C:\Users\guoch\AppData\Local\Temp\ccFW0Yww.s 			page 12


 354              		.loc 1 239 3 view .LVU90
 240:Drivers/STM32F4xx_HAL_Driver/Src/stm32f4xx_hal_exti.c ****   uint32_t linepos;
 355              		.loc 1 240 3 view .LVU91
 241:Drivers/STM32F4xx_HAL_Driver/Src/stm32f4xx_hal_exti.c ****   uint32_t maskline;
 356              		.loc 1 241 3 view .LVU92
 242:Drivers/STM32F4xx_HAL_Driver/Src/stm32f4xx_hal_exti.c **** 
 243:Drivers/STM32F4xx_HAL_Driver/Src/stm32f4xx_hal_exti.c ****   /* Check null pointer */
 244:Drivers/STM32F4xx_HAL_Driver/Src/stm32f4xx_hal_exti.c ****   if ((hexti == NULL) || (pExtiConfig == NULL))
 357              		.loc 1 244 3 view .LVU93
 358              		.loc 1 244 6 is_stmt 0 view .LVU94
 359 0000 0028     		cmp	r0, #0
 360 0002 65D0     		beq	.L42
 238:Drivers/STM32F4xx_HAL_Driver/Src/stm32f4xx_hal_exti.c ****   uint32_t regval;
 361              		.loc 1 238 1 discriminator 1 view .LVU95
 362 0004 70B5     		push	{r4, r5, r6, lr}
 363              	.LCFI3:
 364              		.cfi_def_cfa_offset 16
 365              		.cfi_offset 4, -16
 366              		.cfi_offset 5, -12
 367              		.cfi_offset 6, -8
 368              		.cfi_offset 14, -4
 369 0006 0C46     		mov	r4, r1
 370 0008 0546     		mov	r5, r0
 371              		.loc 1 244 23 discriminator 1 view .LVU96
 372 000a 0029     		cmp	r1, #0
 373 000c 62D0     		beq	.L43
 245:Drivers/STM32F4xx_HAL_Driver/Src/stm32f4xx_hal_exti.c ****   {
 246:Drivers/STM32F4xx_HAL_Driver/Src/stm32f4xx_hal_exti.c ****     return HAL_ERROR;
 247:Drivers/STM32F4xx_HAL_Driver/Src/stm32f4xx_hal_exti.c ****   }
 248:Drivers/STM32F4xx_HAL_Driver/Src/stm32f4xx_hal_exti.c **** 
 249:Drivers/STM32F4xx_HAL_Driver/Src/stm32f4xx_hal_exti.c ****   /* Check the parameter */
 250:Drivers/STM32F4xx_HAL_Driver/Src/stm32f4xx_hal_exti.c ****   assert_param(IS_EXTI_LINE(hexti->Line));
 374              		.loc 1 250 3 is_stmt 1 view .LVU97
 375 000e 0268     		ldr	r2, [r0]
 376 0010 22F0C063 		bic	r3, r2, #100663296
 377 0014 23F01F03 		bic	r3, r3, #31
 378 0018 3BB9     		cbnz	r3, .L33
 379              		.loc 1 250 3 is_stmt 0 discriminator 2 view .LVU98
 380 001a 02F0C063 		and	r3, r2, #100663296
 381 001e B3F1007F 		cmp	r3, #33554432
 382 0022 35D0     		beq	.L34
 383              		.loc 1 250 3 discriminator 3 view .LVU99
 384 0024 B3F1C06F 		cmp	r3, #100663296
 385 0028 32D0     		beq	.L34
 386              	.L33:
 387              		.loc 1 250 3 discriminator 7 view .LVU100
 388 002a FA21     		movs	r1, #250
 389              	.LVL28:
 390              		.loc 1 250 3 discriminator 7 view .LVU101
 391 002c 2B48     		ldr	r0, .L52
 392              	.LVL29:
 393              		.loc 1 250 3 discriminator 7 view .LVU102
 394 002e FFF7FEFF 		bl	assert_failed
 395              	.LVL30:
 396              	.L35:
 251:Drivers/STM32F4xx_HAL_Driver/Src/stm32f4xx_hal_exti.c **** 
 252:Drivers/STM32F4xx_HAL_Driver/Src/stm32f4xx_hal_exti.c ****   /* Store handle line number to configuration structure */
ARM GAS  C:\Users\guoch\AppData\Local\Temp\ccFW0Yww.s 			page 13


 253:Drivers/STM32F4xx_HAL_Driver/Src/stm32f4xx_hal_exti.c ****   pExtiConfig->Line = hexti->Line;
 397              		.loc 1 253 3 is_stmt 1 view .LVU103
 398              		.loc 1 253 28 is_stmt 0 view .LVU104
 399 0032 2D68     		ldr	r5, [r5]
 400              	.LVL31:
 401              		.loc 1 253 21 view .LVU105
 402 0034 2560     		str	r5, [r4]
 254:Drivers/STM32F4xx_HAL_Driver/Src/stm32f4xx_hal_exti.c **** 
 255:Drivers/STM32F4xx_HAL_Driver/Src/stm32f4xx_hal_exti.c ****   /* Compute line mask */
 256:Drivers/STM32F4xx_HAL_Driver/Src/stm32f4xx_hal_exti.c ****   linepos = (pExtiConfig->Line & EXTI_PIN_MASK);
 403              		.loc 1 256 3 is_stmt 1 view .LVU106
 404              		.loc 1 256 11 is_stmt 0 view .LVU107
 405 0036 05F01F06 		and	r6, r5, #31
 406              	.LVL32:
 257:Drivers/STM32F4xx_HAL_Driver/Src/stm32f4xx_hal_exti.c ****   maskline = (1uL << linepos);
 407              		.loc 1 257 3 is_stmt 1 view .LVU108
 408              		.loc 1 257 12 is_stmt 0 view .LVU109
 409 003a 0123     		movs	r3, #1
 410 003c B340     		lsls	r3, r3, r6
 411              	.LVL33:
 258:Drivers/STM32F4xx_HAL_Driver/Src/stm32f4xx_hal_exti.c **** 
 259:Drivers/STM32F4xx_HAL_Driver/Src/stm32f4xx_hal_exti.c ****   /* 1] Get core mode : interrupt */
 260:Drivers/STM32F4xx_HAL_Driver/Src/stm32f4xx_hal_exti.c **** 
 261:Drivers/STM32F4xx_HAL_Driver/Src/stm32f4xx_hal_exti.c ****   /* Check if selected line is enable */
 262:Drivers/STM32F4xx_HAL_Driver/Src/stm32f4xx_hal_exti.c ****   if ((EXTI->IMR & maskline) != 0x00u)
 412              		.loc 1 262 3 is_stmt 1 view .LVU110
 413              		.loc 1 262 12 is_stmt 0 view .LVU111
 414 003e 284A     		ldr	r2, .L52+4
 415 0040 1268     		ldr	r2, [r2]
 416              		.loc 1 262 6 view .LVU112
 417 0042 1A42     		tst	r2, r3
 418 0044 29D0     		beq	.L36
 263:Drivers/STM32F4xx_HAL_Driver/Src/stm32f4xx_hal_exti.c ****   {
 264:Drivers/STM32F4xx_HAL_Driver/Src/stm32f4xx_hal_exti.c ****     pExtiConfig->Mode = EXTI_MODE_INTERRUPT;
 419              		.loc 1 264 5 is_stmt 1 view .LVU113
 420              		.loc 1 264 23 is_stmt 0 view .LVU114
 421 0046 0122     		movs	r2, #1
 422 0048 6260     		str	r2, [r4, #4]
 423              	.L37:
 265:Drivers/STM32F4xx_HAL_Driver/Src/stm32f4xx_hal_exti.c ****   }
 266:Drivers/STM32F4xx_HAL_Driver/Src/stm32f4xx_hal_exti.c ****   else
 267:Drivers/STM32F4xx_HAL_Driver/Src/stm32f4xx_hal_exti.c ****   {
 268:Drivers/STM32F4xx_HAL_Driver/Src/stm32f4xx_hal_exti.c ****     pExtiConfig->Mode = EXTI_MODE_NONE;
 269:Drivers/STM32F4xx_HAL_Driver/Src/stm32f4xx_hal_exti.c ****   }
 270:Drivers/STM32F4xx_HAL_Driver/Src/stm32f4xx_hal_exti.c **** 
 271:Drivers/STM32F4xx_HAL_Driver/Src/stm32f4xx_hal_exti.c ****   /* Get event mode */
 272:Drivers/STM32F4xx_HAL_Driver/Src/stm32f4xx_hal_exti.c ****   /* Check if selected line is enable */
 273:Drivers/STM32F4xx_HAL_Driver/Src/stm32f4xx_hal_exti.c ****   if ((EXTI->EMR & maskline) != 0x00u)
 424              		.loc 1 273 3 is_stmt 1 view .LVU115
 425              		.loc 1 273 12 is_stmt 0 view .LVU116
 426 004a 254A     		ldr	r2, .L52+4
 427 004c 5268     		ldr	r2, [r2, #4]
 428              		.loc 1 273 6 view .LVU117
 429 004e 1A42     		tst	r2, r3
 430 0050 03D0     		beq	.L38
 274:Drivers/STM32F4xx_HAL_Driver/Src/stm32f4xx_hal_exti.c ****   {
 275:Drivers/STM32F4xx_HAL_Driver/Src/stm32f4xx_hal_exti.c ****     pExtiConfig->Mode |= EXTI_MODE_EVENT;
ARM GAS  C:\Users\guoch\AppData\Local\Temp\ccFW0Yww.s 			page 14


 431              		.loc 1 275 5 is_stmt 1 view .LVU118
 432              		.loc 1 275 23 is_stmt 0 view .LVU119
 433 0052 6268     		ldr	r2, [r4, #4]
 434 0054 42F00202 		orr	r2, r2, #2
 435 0058 6260     		str	r2, [r4, #4]
 436              	.L38:
 276:Drivers/STM32F4xx_HAL_Driver/Src/stm32f4xx_hal_exti.c ****   }
 277:Drivers/STM32F4xx_HAL_Driver/Src/stm32f4xx_hal_exti.c **** 
 278:Drivers/STM32F4xx_HAL_Driver/Src/stm32f4xx_hal_exti.c ****   /* Get default Trigger and GPIOSel configuration */
 279:Drivers/STM32F4xx_HAL_Driver/Src/stm32f4xx_hal_exti.c ****   pExtiConfig->Trigger = EXTI_TRIGGER_NONE;
 437              		.loc 1 279 3 is_stmt 1 view .LVU120
 438              		.loc 1 279 24 is_stmt 0 view .LVU121
 439 005a 0022     		movs	r2, #0
 440 005c A260     		str	r2, [r4, #8]
 280:Drivers/STM32F4xx_HAL_Driver/Src/stm32f4xx_hal_exti.c ****   pExtiConfig->GPIOSel = 0x00u;
 441              		.loc 1 280 3 is_stmt 1 view .LVU122
 442              		.loc 1 280 24 is_stmt 0 view .LVU123
 443 005e E260     		str	r2, [r4, #12]
 281:Drivers/STM32F4xx_HAL_Driver/Src/stm32f4xx_hal_exti.c **** 
 282:Drivers/STM32F4xx_HAL_Driver/Src/stm32f4xx_hal_exti.c ****   /* 2] Get trigger for configurable lines : rising */
 283:Drivers/STM32F4xx_HAL_Driver/Src/stm32f4xx_hal_exti.c ****   if ((pExtiConfig->Line & EXTI_CONFIG) != 0x00u)
 444              		.loc 1 283 3 is_stmt 1 view .LVU124
 445              		.loc 1 283 6 is_stmt 0 view .LVU125
 446 0060 15F0007F 		tst	r5, #33554432
 447 0064 38D0     		beq	.L44
 284:Drivers/STM32F4xx_HAL_Driver/Src/stm32f4xx_hal_exti.c ****   {
 285:Drivers/STM32F4xx_HAL_Driver/Src/stm32f4xx_hal_exti.c ****     /* Check if configuration of selected line is enable */
 286:Drivers/STM32F4xx_HAL_Driver/Src/stm32f4xx_hal_exti.c ****     if ((EXTI->RTSR & maskline) != 0x00u)
 448              		.loc 1 286 5 is_stmt 1 view .LVU126
 449              		.loc 1 286 14 is_stmt 0 view .LVU127
 450 0066 1E4A     		ldr	r2, .L52+4
 451 0068 9268     		ldr	r2, [r2, #8]
 452              		.loc 1 286 8 view .LVU128
 453 006a 1A42     		tst	r2, r3
 454 006c 01D0     		beq	.L39
 287:Drivers/STM32F4xx_HAL_Driver/Src/stm32f4xx_hal_exti.c ****     {
 288:Drivers/STM32F4xx_HAL_Driver/Src/stm32f4xx_hal_exti.c ****       pExtiConfig->Trigger = EXTI_TRIGGER_RISING;
 455              		.loc 1 288 7 is_stmt 1 view .LVU129
 456              		.loc 1 288 28 is_stmt 0 view .LVU130
 457 006e 0122     		movs	r2, #1
 458 0070 A260     		str	r2, [r4, #8]
 459              	.L39:
 289:Drivers/STM32F4xx_HAL_Driver/Src/stm32f4xx_hal_exti.c ****     }
 290:Drivers/STM32F4xx_HAL_Driver/Src/stm32f4xx_hal_exti.c **** 
 291:Drivers/STM32F4xx_HAL_Driver/Src/stm32f4xx_hal_exti.c ****     /* Get falling configuration */
 292:Drivers/STM32F4xx_HAL_Driver/Src/stm32f4xx_hal_exti.c ****     /* Check if configuration of selected line is enable */
 293:Drivers/STM32F4xx_HAL_Driver/Src/stm32f4xx_hal_exti.c ****     if ((EXTI->FTSR & maskline) != 0x00u)
 460              		.loc 1 293 5 is_stmt 1 view .LVU131
 461              		.loc 1 293 14 is_stmt 0 view .LVU132
 462 0072 1B4A     		ldr	r2, .L52+4
 463 0074 D268     		ldr	r2, [r2, #12]
 464              		.loc 1 293 8 view .LVU133
 465 0076 1A42     		tst	r2, r3
 466 0078 03D0     		beq	.L40
 294:Drivers/STM32F4xx_HAL_Driver/Src/stm32f4xx_hal_exti.c ****     {
 295:Drivers/STM32F4xx_HAL_Driver/Src/stm32f4xx_hal_exti.c ****       pExtiConfig->Trigger |= EXTI_TRIGGER_FALLING;
 467              		.loc 1 295 7 is_stmt 1 view .LVU134
ARM GAS  C:\Users\guoch\AppData\Local\Temp\ccFW0Yww.s 			page 15


 468              		.loc 1 295 28 is_stmt 0 view .LVU135
 469 007a A368     		ldr	r3, [r4, #8]
 470              	.LVL34:
 471              		.loc 1 295 28 view .LVU136
 472 007c 43F00203 		orr	r3, r3, #2
 473 0080 A360     		str	r3, [r4, #8]
 474              	.L40:
 296:Drivers/STM32F4xx_HAL_Driver/Src/stm32f4xx_hal_exti.c ****     }
 297:Drivers/STM32F4xx_HAL_Driver/Src/stm32f4xx_hal_exti.c **** 
 298:Drivers/STM32F4xx_HAL_Driver/Src/stm32f4xx_hal_exti.c ****     /* Get Gpio port selection for gpio lines */
 299:Drivers/STM32F4xx_HAL_Driver/Src/stm32f4xx_hal_exti.c ****     if ((pExtiConfig->Line & EXTI_GPIO) == EXTI_GPIO)
 475              		.loc 1 299 5 is_stmt 1 view .LVU137
 476              		.loc 1 299 28 is_stmt 0 view .LVU138
 477 0082 05F0C063 		and	r3, r5, #100663296
 478              		.loc 1 299 8 view .LVU139
 479 0086 B3F1C06F 		cmp	r3, #100663296
 480 008a 09D0     		beq	.L50
 300:Drivers/STM32F4xx_HAL_Driver/Src/stm32f4xx_hal_exti.c ****     {
 301:Drivers/STM32F4xx_HAL_Driver/Src/stm32f4xx_hal_exti.c ****       assert_param(IS_EXTI_GPIO_PIN(linepos));
 302:Drivers/STM32F4xx_HAL_Driver/Src/stm32f4xx_hal_exti.c **** 
 303:Drivers/STM32F4xx_HAL_Driver/Src/stm32f4xx_hal_exti.c ****       regval = SYSCFG->EXTICR[linepos >> 2u];
 304:Drivers/STM32F4xx_HAL_Driver/Src/stm32f4xx_hal_exti.c ****       pExtiConfig->GPIOSel = (regval >> (SYSCFG_EXTICR1_EXTI1_Pos * (linepos & 0x03u))) & SYSCFG_EX
 305:Drivers/STM32F4xx_HAL_Driver/Src/stm32f4xx_hal_exti.c ****     }
 306:Drivers/STM32F4xx_HAL_Driver/Src/stm32f4xx_hal_exti.c ****   }
 307:Drivers/STM32F4xx_HAL_Driver/Src/stm32f4xx_hal_exti.c **** 
 308:Drivers/STM32F4xx_HAL_Driver/Src/stm32f4xx_hal_exti.c ****   return HAL_OK;
 481              		.loc 1 308 10 view .LVU140
 482 008c 0020     		movs	r0, #0
 483 008e 24E0     		b	.L32
 484              	.LVL35:
 485              	.L34:
 250:Drivers/STM32F4xx_HAL_Driver/Src/stm32f4xx_hal_exti.c **** 
 486              		.loc 1 250 3 discriminator 6 view .LVU141
 487 0090 02F01F02 		and	r2, r2, #31
 488 0094 162A     		cmp	r2, #22
 489 0096 CCD9     		bls	.L35
 490 0098 C7E7     		b	.L33
 491              	.LVL36:
 492              	.L36:
 268:Drivers/STM32F4xx_HAL_Driver/Src/stm32f4xx_hal_exti.c ****   }
 493              		.loc 1 268 5 is_stmt 1 view .LVU142
 268:Drivers/STM32F4xx_HAL_Driver/Src/stm32f4xx_hal_exti.c ****   }
 494              		.loc 1 268 23 is_stmt 0 view .LVU143
 495 009a 0022     		movs	r2, #0
 496 009c 6260     		str	r2, [r4, #4]
 497 009e D4E7     		b	.L37
 498              	.LVL37:
 499              	.L50:
 301:Drivers/STM32F4xx_HAL_Driver/Src/stm32f4xx_hal_exti.c **** 
 500              		.loc 1 301 7 is_stmt 1 view .LVU144
 501 00a0 15F0100F 		tst	r5, #16
 502 00a4 0ED1     		bne	.L51
 503              	.L41:
 303:Drivers/STM32F4xx_HAL_Driver/Src/stm32f4xx_hal_exti.c ****       pExtiConfig->GPIOSel = (regval >> (SYSCFG_EXTICR1_EXTI1_Pos * (linepos & 0x03u))) & SYSCFG_EX
 504              		.loc 1 303 7 view .LVU145
 303:Drivers/STM32F4xx_HAL_Driver/Src/stm32f4xx_hal_exti.c ****       pExtiConfig->GPIOSel = (regval >> (SYSCFG_EXTICR1_EXTI1_Pos * (linepos & 0x03u))) & SYSCFG_EX
 505              		.loc 1 303 39 is_stmt 0 view .LVU146
ARM GAS  C:\Users\guoch\AppData\Local\Temp\ccFW0Yww.s 			page 16


 506 00a6 B608     		lsrs	r6, r6, #2
 507              	.LVL38:
 303:Drivers/STM32F4xx_HAL_Driver/Src/stm32f4xx_hal_exti.c ****       pExtiConfig->GPIOSel = (regval >> (SYSCFG_EXTICR1_EXTI1_Pos * (linepos & 0x03u))) & SYSCFG_EX
 508              		.loc 1 303 14 view .LVU147
 509 00a8 0236     		adds	r6, r6, #2
 510 00aa 0E4B     		ldr	r3, .L52+8
 511 00ac 53F82630 		ldr	r3, [r3, r6, lsl #2]
 512              	.LVL39:
 304:Drivers/STM32F4xx_HAL_Driver/Src/stm32f4xx_hal_exti.c ****     }
 513              		.loc 1 304 7 is_stmt 1 view .LVU148
 304:Drivers/STM32F4xx_HAL_Driver/Src/stm32f4xx_hal_exti.c ****     }
 514              		.loc 1 304 78 is_stmt 0 view .LVU149
 515 00b0 05F00305 		and	r5, r5, #3
 516              	.LVL40:
 304:Drivers/STM32F4xx_HAL_Driver/Src/stm32f4xx_hal_exti.c ****     }
 517              		.loc 1 304 67 view .LVU150
 518 00b4 AD00     		lsls	r5, r5, #2
 304:Drivers/STM32F4xx_HAL_Driver/Src/stm32f4xx_hal_exti.c ****     }
 519              		.loc 1 304 38 view .LVU151
 520 00b6 23FA05F5 		lsr	r5, r3, r5
 304:Drivers/STM32F4xx_HAL_Driver/Src/stm32f4xx_hal_exti.c ****     }
 521              		.loc 1 304 89 view .LVU152
 522 00ba 05F00F05 		and	r5, r5, #15
 304:Drivers/STM32F4xx_HAL_Driver/Src/stm32f4xx_hal_exti.c ****     }
 523              		.loc 1 304 28 view .LVU153
 524 00be E560     		str	r5, [r4, #12]
 525              		.loc 1 308 10 view .LVU154
 526 00c0 0020     		movs	r0, #0
 527 00c2 0AE0     		b	.L32
 528              	.LVL41:
 529              	.L51:
 301:Drivers/STM32F4xx_HAL_Driver/Src/stm32f4xx_hal_exti.c **** 
 530              		.loc 1 301 7 discriminator 1 view .LVU155
 531 00c4 40F22D11 		movw	r1, #301
 532 00c8 0448     		ldr	r0, .L52
 533 00ca FFF7FEFF 		bl	assert_failed
 534              	.LVL42:
 535 00ce EAE7     		b	.L41
 536              	.LVL43:
 537              	.L42:
 538              	.LCFI4:
 539              		.cfi_def_cfa_offset 0
 540              		.cfi_restore 4
 541              		.cfi_restore 5
 542              		.cfi_restore 6
 543              		.cfi_restore 14
 246:Drivers/STM32F4xx_HAL_Driver/Src/stm32f4xx_hal_exti.c ****   }
 544              		.loc 1 246 12 view .LVU156
 545 00d0 0120     		movs	r0, #1
 546              	.LVL44:
 309:Drivers/STM32F4xx_HAL_Driver/Src/stm32f4xx_hal_exti.c **** }
 547              		.loc 1 309 1 view .LVU157
 548 00d2 7047     		bx	lr
 549              	.LVL45:
 550              	.L43:
 551              	.LCFI5:
 552              		.cfi_def_cfa_offset 16
ARM GAS  C:\Users\guoch\AppData\Local\Temp\ccFW0Yww.s 			page 17


 553              		.cfi_offset 4, -16
 554              		.cfi_offset 5, -12
 555              		.cfi_offset 6, -8
 556              		.cfi_offset 14, -4
 246:Drivers/STM32F4xx_HAL_Driver/Src/stm32f4xx_hal_exti.c ****   }
 557              		.loc 1 246 12 view .LVU158
 558 00d4 0120     		movs	r0, #1
 559              	.LVL46:
 246:Drivers/STM32F4xx_HAL_Driver/Src/stm32f4xx_hal_exti.c ****   }
 560              		.loc 1 246 12 view .LVU159
 561 00d6 00E0     		b	.L32
 562              	.LVL47:
 563              	.L44:
 308:Drivers/STM32F4xx_HAL_Driver/Src/stm32f4xx_hal_exti.c **** }
 564              		.loc 1 308 10 view .LVU160
 565 00d8 0020     		movs	r0, #0
 566              	.LVL48:
 567              	.L32:
 568              		.loc 1 309 1 view .LVU161
 569 00da 70BD     		pop	{r4, r5, r6, pc}
 570              	.LVL49:
 571              	.L53:
 572              		.loc 1 309 1 view .LVU162
 573              		.align	2
 574              	.L52:
 575 00dc 00000000 		.word	.LC0
 576 00e0 003C0140 		.word	1073822720
 577 00e4 00380140 		.word	1073821696
 578              		.cfi_endproc
 579              	.LFE135:
 581              		.section	.text.HAL_EXTI_ClearConfigLine,"ax",%progbits
 582              		.align	1
 583              		.global	HAL_EXTI_ClearConfigLine
 584              		.syntax unified
 585              		.thumb
 586              		.thumb_func
 588              	HAL_EXTI_ClearConfigLine:
 589              	.LVL50:
 590              	.LFB136:
 310:Drivers/STM32F4xx_HAL_Driver/Src/stm32f4xx_hal_exti.c **** 
 311:Drivers/STM32F4xx_HAL_Driver/Src/stm32f4xx_hal_exti.c **** /**
 312:Drivers/STM32F4xx_HAL_Driver/Src/stm32f4xx_hal_exti.c ****   * @brief  Clear whole configuration of a dedicated Exti line.
 313:Drivers/STM32F4xx_HAL_Driver/Src/stm32f4xx_hal_exti.c ****   * @param  hexti Exti handle.
 314:Drivers/STM32F4xx_HAL_Driver/Src/stm32f4xx_hal_exti.c ****   * @retval HAL Status.
 315:Drivers/STM32F4xx_HAL_Driver/Src/stm32f4xx_hal_exti.c ****   */
 316:Drivers/STM32F4xx_HAL_Driver/Src/stm32f4xx_hal_exti.c **** HAL_StatusTypeDef HAL_EXTI_ClearConfigLine(EXTI_HandleTypeDef *hexti)
 317:Drivers/STM32F4xx_HAL_Driver/Src/stm32f4xx_hal_exti.c **** {
 591              		.loc 1 317 1 is_stmt 1 view -0
 592              		.cfi_startproc
 593              		@ args = 0, pretend = 0, frame = 0
 594              		@ frame_needed = 0, uses_anonymous_args = 0
 318:Drivers/STM32F4xx_HAL_Driver/Src/stm32f4xx_hal_exti.c ****   uint32_t regval;
 595              		.loc 1 318 3 view .LVU164
 319:Drivers/STM32F4xx_HAL_Driver/Src/stm32f4xx_hal_exti.c ****   uint32_t linepos;
 596              		.loc 1 319 3 view .LVU165
 320:Drivers/STM32F4xx_HAL_Driver/Src/stm32f4xx_hal_exti.c ****   uint32_t maskline;
 597              		.loc 1 320 3 view .LVU166
ARM GAS  C:\Users\guoch\AppData\Local\Temp\ccFW0Yww.s 			page 18


 321:Drivers/STM32F4xx_HAL_Driver/Src/stm32f4xx_hal_exti.c **** 
 322:Drivers/STM32F4xx_HAL_Driver/Src/stm32f4xx_hal_exti.c ****   /* Check null pointer */
 323:Drivers/STM32F4xx_HAL_Driver/Src/stm32f4xx_hal_exti.c ****   if (hexti == NULL)
 598              		.loc 1 323 3 view .LVU167
 599              		.loc 1 323 6 is_stmt 0 view .LVU168
 600 0000 0028     		cmp	r0, #0
 601 0002 55D0     		beq	.L60
 317:Drivers/STM32F4xx_HAL_Driver/Src/stm32f4xx_hal_exti.c ****   uint32_t regval;
 602              		.loc 1 317 1 view .LVU169
 603 0004 70B5     		push	{r4, r5, r6, lr}
 604              	.LCFI6:
 605              		.cfi_def_cfa_offset 16
 606              		.cfi_offset 4, -16
 607              		.cfi_offset 5, -12
 608              		.cfi_offset 6, -8
 609              		.cfi_offset 14, -4
 610 0006 0446     		mov	r4, r0
 324:Drivers/STM32F4xx_HAL_Driver/Src/stm32f4xx_hal_exti.c ****   {
 325:Drivers/STM32F4xx_HAL_Driver/Src/stm32f4xx_hal_exti.c ****     return HAL_ERROR;
 326:Drivers/STM32F4xx_HAL_Driver/Src/stm32f4xx_hal_exti.c ****   }
 327:Drivers/STM32F4xx_HAL_Driver/Src/stm32f4xx_hal_exti.c **** 
 328:Drivers/STM32F4xx_HAL_Driver/Src/stm32f4xx_hal_exti.c ****   /* Check the parameter */
 329:Drivers/STM32F4xx_HAL_Driver/Src/stm32f4xx_hal_exti.c ****   assert_param(IS_EXTI_LINE(hexti->Line));
 611              		.loc 1 329 3 is_stmt 1 view .LVU170
 612 0008 0268     		ldr	r2, [r0]
 613 000a 22F0C063 		bic	r3, r2, #100663296
 614 000e 23F01F03 		bic	r3, r3, #31
 615 0012 3BB9     		cbnz	r3, .L56
 616              		.loc 1 329 3 is_stmt 0 discriminator 2 view .LVU171
 617 0014 02F0C063 		and	r3, r2, #100663296
 618 0018 B3F1007F 		cmp	r3, #33554432
 619 001c 29D0     		beq	.L57
 620              		.loc 1 329 3 discriminator 3 view .LVU172
 621 001e B3F1C06F 		cmp	r3, #100663296
 622 0022 26D0     		beq	.L57
 623              	.L56:
 624              		.loc 1 329 3 discriminator 7 view .LVU173
 625 0024 40F24911 		movw	r1, #329
 626 0028 2348     		ldr	r0, .L69
 627              	.LVL51:
 628              		.loc 1 329 3 discriminator 7 view .LVU174
 629 002a FFF7FEFF 		bl	assert_failed
 630              	.LVL52:
 631              	.L58:
 330:Drivers/STM32F4xx_HAL_Driver/Src/stm32f4xx_hal_exti.c **** 
 331:Drivers/STM32F4xx_HAL_Driver/Src/stm32f4xx_hal_exti.c ****   /* compute line mask */
 332:Drivers/STM32F4xx_HAL_Driver/Src/stm32f4xx_hal_exti.c ****   linepos = (hexti->Line & EXTI_PIN_MASK);
 632              		.loc 1 332 3 is_stmt 1 view .LVU175
 633              		.loc 1 332 19 is_stmt 0 view .LVU176
 634 002e 2668     		ldr	r6, [r4]
 635              		.loc 1 332 11 view .LVU177
 636 0030 06F01F05 		and	r5, r6, #31
 637              	.LVL53:
 333:Drivers/STM32F4xx_HAL_Driver/Src/stm32f4xx_hal_exti.c ****   maskline = (1uL << linepos);
 638              		.loc 1 333 3 is_stmt 1 view .LVU178
 639              		.loc 1 333 12 is_stmt 0 view .LVU179
 640 0034 0123     		movs	r3, #1
ARM GAS  C:\Users\guoch\AppData\Local\Temp\ccFW0Yww.s 			page 19


 641 0036 AB40     		lsls	r3, r3, r5
 642              	.LVL54:
 334:Drivers/STM32F4xx_HAL_Driver/Src/stm32f4xx_hal_exti.c **** 
 335:Drivers/STM32F4xx_HAL_Driver/Src/stm32f4xx_hal_exti.c ****   /* 1] Clear interrupt mode */
 336:Drivers/STM32F4xx_HAL_Driver/Src/stm32f4xx_hal_exti.c ****   EXTI->IMR = (EXTI->IMR & ~maskline);
 643              		.loc 1 336 3 is_stmt 1 view .LVU180
 644              		.loc 1 336 20 is_stmt 0 view .LVU181
 645 0038 204A     		ldr	r2, .L69+4
 646 003a 1168     		ldr	r1, [r2]
 647              		.loc 1 336 28 view .LVU182
 648 003c D843     		mvns	r0, r3
 649              		.loc 1 336 26 view .LVU183
 650 003e 21EA0301 		bic	r1, r1, r3
 651              		.loc 1 336 13 view .LVU184
 652 0042 1160     		str	r1, [r2]
 337:Drivers/STM32F4xx_HAL_Driver/Src/stm32f4xx_hal_exti.c **** 
 338:Drivers/STM32F4xx_HAL_Driver/Src/stm32f4xx_hal_exti.c ****   /* 2] Clear event mode */
 339:Drivers/STM32F4xx_HAL_Driver/Src/stm32f4xx_hal_exti.c ****   EXTI->EMR = (EXTI->EMR & ~maskline);
 653              		.loc 1 339 3 is_stmt 1 view .LVU185
 654              		.loc 1 339 20 is_stmt 0 view .LVU186
 655 0044 5168     		ldr	r1, [r2, #4]
 656              		.loc 1 339 26 view .LVU187
 657 0046 21EA0303 		bic	r3, r1, r3
 658              	.LVL55:
 659              		.loc 1 339 13 view .LVU188
 660 004a 5360     		str	r3, [r2, #4]
 340:Drivers/STM32F4xx_HAL_Driver/Src/stm32f4xx_hal_exti.c **** 
 341:Drivers/STM32F4xx_HAL_Driver/Src/stm32f4xx_hal_exti.c ****   /* 3] Clear triggers in case of configurable lines */
 342:Drivers/STM32F4xx_HAL_Driver/Src/stm32f4xx_hal_exti.c ****   if ((hexti->Line & EXTI_CONFIG) != 0x00u)
 661              		.loc 1 342 3 is_stmt 1 view .LVU189
 662              		.loc 1 342 13 is_stmt 0 view .LVU190
 663 004c 2368     		ldr	r3, [r4]
 664              		.loc 1 342 6 view .LVU191
 665 004e 13F0007F 		tst	r3, #33554432
 666 0052 2FD0     		beq	.L61
 343:Drivers/STM32F4xx_HAL_Driver/Src/stm32f4xx_hal_exti.c ****   {
 344:Drivers/STM32F4xx_HAL_Driver/Src/stm32f4xx_hal_exti.c ****     EXTI->RTSR = (EXTI->RTSR & ~maskline);
 667              		.loc 1 344 5 is_stmt 1 view .LVU192
 668              		.loc 1 344 23 is_stmt 0 view .LVU193
 669 0054 1346     		mov	r3, r2
 670 0056 9268     		ldr	r2, [r2, #8]
 671              		.loc 1 344 30 view .LVU194
 672 0058 0240     		ands	r2, r2, r0
 673              		.loc 1 344 16 view .LVU195
 674 005a 9A60     		str	r2, [r3, #8]
 345:Drivers/STM32F4xx_HAL_Driver/Src/stm32f4xx_hal_exti.c ****     EXTI->FTSR = (EXTI->FTSR & ~maskline);
 675              		.loc 1 345 5 is_stmt 1 view .LVU196
 676              		.loc 1 345 23 is_stmt 0 view .LVU197
 677 005c DA68     		ldr	r2, [r3, #12]
 678              		.loc 1 345 30 view .LVU198
 679 005e 1040     		ands	r0, r0, r2
 680              	.LVL56:
 681              		.loc 1 345 16 view .LVU199
 682 0060 D860     		str	r0, [r3, #12]
 346:Drivers/STM32F4xx_HAL_Driver/Src/stm32f4xx_hal_exti.c **** 
 347:Drivers/STM32F4xx_HAL_Driver/Src/stm32f4xx_hal_exti.c ****     /* Get Gpio port selection for gpio lines */
 348:Drivers/STM32F4xx_HAL_Driver/Src/stm32f4xx_hal_exti.c ****     if ((hexti->Line & EXTI_GPIO) == EXTI_GPIO)
ARM GAS  C:\Users\guoch\AppData\Local\Temp\ccFW0Yww.s 			page 20


 683              		.loc 1 348 5 is_stmt 1 view .LVU200
 684              		.loc 1 348 15 is_stmt 0 view .LVU201
 685 0062 2368     		ldr	r3, [r4]
 686              		.loc 1 348 22 view .LVU202
 687 0064 03F0C063 		and	r3, r3, #100663296
 688              		.loc 1 348 8 view .LVU203
 689 0068 B3F1C06F 		cmp	r3, #100663296
 690 006c 06D0     		beq	.L67
 349:Drivers/STM32F4xx_HAL_Driver/Src/stm32f4xx_hal_exti.c ****     {
 350:Drivers/STM32F4xx_HAL_Driver/Src/stm32f4xx_hal_exti.c ****       assert_param(IS_EXTI_GPIO_PIN(linepos));
 351:Drivers/STM32F4xx_HAL_Driver/Src/stm32f4xx_hal_exti.c **** 
 352:Drivers/STM32F4xx_HAL_Driver/Src/stm32f4xx_hal_exti.c ****       regval = SYSCFG->EXTICR[linepos >> 2u];
 353:Drivers/STM32F4xx_HAL_Driver/Src/stm32f4xx_hal_exti.c ****       regval &= ~(SYSCFG_EXTICR1_EXTI0 << (SYSCFG_EXTICR1_EXTI1_Pos * (linepos & 0x03u)));
 354:Drivers/STM32F4xx_HAL_Driver/Src/stm32f4xx_hal_exti.c ****       SYSCFG->EXTICR[linepos >> 2u] = regval;
 355:Drivers/STM32F4xx_HAL_Driver/Src/stm32f4xx_hal_exti.c ****     }
 356:Drivers/STM32F4xx_HAL_Driver/Src/stm32f4xx_hal_exti.c ****   }
 357:Drivers/STM32F4xx_HAL_Driver/Src/stm32f4xx_hal_exti.c **** 
 358:Drivers/STM32F4xx_HAL_Driver/Src/stm32f4xx_hal_exti.c ****   return HAL_OK;
 691              		.loc 1 358 10 view .LVU204
 692 006e 0020     		movs	r0, #0
 693 0070 21E0     		b	.L55
 694              	.LVL57:
 695              	.L57:
 329:Drivers/STM32F4xx_HAL_Driver/Src/stm32f4xx_hal_exti.c **** 
 696              		.loc 1 329 3 discriminator 6 view .LVU205
 697 0072 02F01F02 		and	r2, r2, #31
 698 0076 162A     		cmp	r2, #22
 699 0078 D9D9     		bls	.L58
 700 007a D3E7     		b	.L56
 701              	.LVL58:
 702              	.L67:
 350:Drivers/STM32F4xx_HAL_Driver/Src/stm32f4xx_hal_exti.c **** 
 703              		.loc 1 350 7 is_stmt 1 view .LVU206
 704 007c 16F0100F 		tst	r6, #16
 705 0080 10D1     		bne	.L68
 706              	.L59:
 352:Drivers/STM32F4xx_HAL_Driver/Src/stm32f4xx_hal_exti.c ****       regval &= ~(SYSCFG_EXTICR1_EXTI0 << (SYSCFG_EXTICR1_EXTI1_Pos * (linepos & 0x03u)));
 707              		.loc 1 352 7 view .LVU207
 352:Drivers/STM32F4xx_HAL_Driver/Src/stm32f4xx_hal_exti.c ****       regval &= ~(SYSCFG_EXTICR1_EXTI0 << (SYSCFG_EXTICR1_EXTI1_Pos * (linepos & 0x03u)));
 708              		.loc 1 352 39 is_stmt 0 view .LVU208
 709 0082 AD08     		lsrs	r5, r5, #2
 710              	.LVL59:
 352:Drivers/STM32F4xx_HAL_Driver/Src/stm32f4xx_hal_exti.c ****       regval &= ~(SYSCFG_EXTICR1_EXTI0 << (SYSCFG_EXTICR1_EXTI1_Pos * (linepos & 0x03u)));
 711              		.loc 1 352 14 view .LVU209
 712 0084 0E49     		ldr	r1, .L69+8
 713 0086 0235     		adds	r5, r5, #2
 714 0088 51F82530 		ldr	r3, [r1, r5, lsl #2]
 715              	.LVL60:
 353:Drivers/STM32F4xx_HAL_Driver/Src/stm32f4xx_hal_exti.c ****       SYSCFG->EXTICR[linepos >> 2u] = regval;
 716              		.loc 1 353 7 is_stmt 1 view .LVU210
 353:Drivers/STM32F4xx_HAL_Driver/Src/stm32f4xx_hal_exti.c ****       SYSCFG->EXTICR[linepos >> 2u] = regval;
 717              		.loc 1 353 80 is_stmt 0 view .LVU211
 718 008c 06F00306 		and	r6, r6, #3
 719              	.LVL61:
 353:Drivers/STM32F4xx_HAL_Driver/Src/stm32f4xx_hal_exti.c ****       SYSCFG->EXTICR[linepos >> 2u] = regval;
 720              		.loc 1 353 69 view .LVU212
 721 0090 B600     		lsls	r6, r6, #2
ARM GAS  C:\Users\guoch\AppData\Local\Temp\ccFW0Yww.s 			page 21


 353:Drivers/STM32F4xx_HAL_Driver/Src/stm32f4xx_hal_exti.c ****       SYSCFG->EXTICR[linepos >> 2u] = regval;
 722              		.loc 1 353 40 view .LVU213
 723 0092 0F22     		movs	r2, #15
 724 0094 02FA06F6 		lsl	r6, r2, r6
 353:Drivers/STM32F4xx_HAL_Driver/Src/stm32f4xx_hal_exti.c ****       SYSCFG->EXTICR[linepos >> 2u] = regval;
 725              		.loc 1 353 14 view .LVU214
 726 0098 23EA0606 		bic	r6, r3, r6
 727              	.LVL62:
 354:Drivers/STM32F4xx_HAL_Driver/Src/stm32f4xx_hal_exti.c ****     }
 728              		.loc 1 354 7 is_stmt 1 view .LVU215
 354:Drivers/STM32F4xx_HAL_Driver/Src/stm32f4xx_hal_exti.c ****     }
 729              		.loc 1 354 37 is_stmt 0 view .LVU216
 730 009c 41F82560 		str	r6, [r1, r5, lsl #2]
 731              		.loc 1 358 10 view .LVU217
 732 00a0 0020     		movs	r0, #0
 733 00a2 08E0     		b	.L55
 734              	.LVL63:
 735              	.L68:
 350:Drivers/STM32F4xx_HAL_Driver/Src/stm32f4xx_hal_exti.c **** 
 736              		.loc 1 350 7 discriminator 1 view .LVU218
 737 00a4 4FF4AF71 		mov	r1, #350
 738 00a8 0348     		ldr	r0, .L69
 739 00aa FFF7FEFF 		bl	assert_failed
 740              	.LVL64:
 741 00ae E8E7     		b	.L59
 742              	.LVL65:
 743              	.L60:
 744              	.LCFI7:
 745              		.cfi_def_cfa_offset 0
 746              		.cfi_restore 4
 747              		.cfi_restore 5
 748              		.cfi_restore 6
 749              		.cfi_restore 14
 325:Drivers/STM32F4xx_HAL_Driver/Src/stm32f4xx_hal_exti.c ****   }
 750              		.loc 1 325 12 view .LVU219
 751 00b0 0120     		movs	r0, #1
 752              	.LVL66:
 359:Drivers/STM32F4xx_HAL_Driver/Src/stm32f4xx_hal_exti.c **** }
 753              		.loc 1 359 1 view .LVU220
 754 00b2 7047     		bx	lr
 755              	.LVL67:
 756              	.L61:
 757              	.LCFI8:
 758              		.cfi_def_cfa_offset 16
 759              		.cfi_offset 4, -16
 760              		.cfi_offset 5, -12
 761              		.cfi_offset 6, -8
 762              		.cfi_offset 14, -4
 358:Drivers/STM32F4xx_HAL_Driver/Src/stm32f4xx_hal_exti.c **** }
 763              		.loc 1 358 10 view .LVU221
 764 00b4 0020     		movs	r0, #0
 765              	.LVL68:
 766              	.L55:
 767              		.loc 1 359 1 view .LVU222
 768 00b6 70BD     		pop	{r4, r5, r6, pc}
 769              	.LVL69:
 770              	.L70:
ARM GAS  C:\Users\guoch\AppData\Local\Temp\ccFW0Yww.s 			page 22


 771              		.loc 1 359 1 view .LVU223
 772              		.align	2
 773              	.L69:
 774 00b8 00000000 		.word	.LC0
 775 00bc 003C0140 		.word	1073822720
 776 00c0 00380140 		.word	1073821696
 777              		.cfi_endproc
 778              	.LFE136:
 780              		.section	.text.HAL_EXTI_RegisterCallback,"ax",%progbits
 781              		.align	1
 782              		.global	HAL_EXTI_RegisterCallback
 783              		.syntax unified
 784              		.thumb
 785              		.thumb_func
 787              	HAL_EXTI_RegisterCallback:
 788              	.LVL70:
 789              	.LFB137:
 360:Drivers/STM32F4xx_HAL_Driver/Src/stm32f4xx_hal_exti.c **** 
 361:Drivers/STM32F4xx_HAL_Driver/Src/stm32f4xx_hal_exti.c **** /**
 362:Drivers/STM32F4xx_HAL_Driver/Src/stm32f4xx_hal_exti.c ****   * @brief  Register callback for a dedicated Exti line.
 363:Drivers/STM32F4xx_HAL_Driver/Src/stm32f4xx_hal_exti.c ****   * @param  hexti Exti handle.
 364:Drivers/STM32F4xx_HAL_Driver/Src/stm32f4xx_hal_exti.c ****   * @param  CallbackID User callback identifier.
 365:Drivers/STM32F4xx_HAL_Driver/Src/stm32f4xx_hal_exti.c ****   *         This parameter can be one of @arg @ref EXTI_CallbackIDTypeDef values.
 366:Drivers/STM32F4xx_HAL_Driver/Src/stm32f4xx_hal_exti.c ****   * @param  pPendingCbfn function pointer to be stored as callback.
 367:Drivers/STM32F4xx_HAL_Driver/Src/stm32f4xx_hal_exti.c ****   * @retval HAL Status.
 368:Drivers/STM32F4xx_HAL_Driver/Src/stm32f4xx_hal_exti.c ****   */
 369:Drivers/STM32F4xx_HAL_Driver/Src/stm32f4xx_hal_exti.c **** HAL_StatusTypeDef HAL_EXTI_RegisterCallback(EXTI_HandleTypeDef *hexti, EXTI_CallbackIDTypeDef Callb
 370:Drivers/STM32F4xx_HAL_Driver/Src/stm32f4xx_hal_exti.c **** {
 790              		.loc 1 370 1 is_stmt 1 view -0
 791              		.cfi_startproc
 792              		@ args = 0, pretend = 0, frame = 0
 793              		@ frame_needed = 0, uses_anonymous_args = 0
 794              		@ link register save eliminated.
 795              		.loc 1 370 1 is_stmt 0 view .LVU225
 796 0000 0346     		mov	r3, r0
 371:Drivers/STM32F4xx_HAL_Driver/Src/stm32f4xx_hal_exti.c ****   HAL_StatusTypeDef status = HAL_OK;
 797              		.loc 1 371 3 is_stmt 1 view .LVU226
 798              	.LVL71:
 372:Drivers/STM32F4xx_HAL_Driver/Src/stm32f4xx_hal_exti.c **** 
 373:Drivers/STM32F4xx_HAL_Driver/Src/stm32f4xx_hal_exti.c ****   switch (CallbackID)
 799              		.loc 1 373 3 view .LVU227
 800 0002 0846     		mov	r0, r1
 801              	.LVL72:
 802              		.loc 1 373 3 is_stmt 0 view .LVU228
 803 0004 09B9     		cbnz	r1, .L73
 374:Drivers/STM32F4xx_HAL_Driver/Src/stm32f4xx_hal_exti.c ****   {
 375:Drivers/STM32F4xx_HAL_Driver/Src/stm32f4xx_hal_exti.c ****     case  HAL_EXTI_COMMON_CB_ID:
 376:Drivers/STM32F4xx_HAL_Driver/Src/stm32f4xx_hal_exti.c ****       hexti->PendingCallback = pPendingCbfn;
 804              		.loc 1 376 7 is_stmt 1 view .LVU229
 805              		.loc 1 376 30 is_stmt 0 view .LVU230
 806 0006 5A60     		str	r2, [r3, #4]
 377:Drivers/STM32F4xx_HAL_Driver/Src/stm32f4xx_hal_exti.c ****       break;
 807              		.loc 1 377 7 is_stmt 1 view .LVU231
 808 0008 7047     		bx	lr
 809              	.L73:
 378:Drivers/STM32F4xx_HAL_Driver/Src/stm32f4xx_hal_exti.c **** 
 379:Drivers/STM32F4xx_HAL_Driver/Src/stm32f4xx_hal_exti.c ****     default:
ARM GAS  C:\Users\guoch\AppData\Local\Temp\ccFW0Yww.s 			page 23


 380:Drivers/STM32F4xx_HAL_Driver/Src/stm32f4xx_hal_exti.c ****       status = HAL_ERROR;
 810              		.loc 1 380 14 is_stmt 0 view .LVU232
 811 000a 0120     		movs	r0, #1
 812              	.LVL73:
 381:Drivers/STM32F4xx_HAL_Driver/Src/stm32f4xx_hal_exti.c ****       break;
 382:Drivers/STM32F4xx_HAL_Driver/Src/stm32f4xx_hal_exti.c ****   }
 383:Drivers/STM32F4xx_HAL_Driver/Src/stm32f4xx_hal_exti.c **** 
 384:Drivers/STM32F4xx_HAL_Driver/Src/stm32f4xx_hal_exti.c ****   return status;
 813              		.loc 1 384 3 is_stmt 1 view .LVU233
 385:Drivers/STM32F4xx_HAL_Driver/Src/stm32f4xx_hal_exti.c **** }
 814              		.loc 1 385 1 is_stmt 0 view .LVU234
 815 000c 7047     		bx	lr
 816              		.cfi_endproc
 817              	.LFE137:
 819              		.section	.text.HAL_EXTI_GetHandle,"ax",%progbits
 820              		.align	1
 821              		.global	HAL_EXTI_GetHandle
 822              		.syntax unified
 823              		.thumb
 824              		.thumb_func
 826              	HAL_EXTI_GetHandle:
 827              	.LVL74:
 828              	.LFB138:
 386:Drivers/STM32F4xx_HAL_Driver/Src/stm32f4xx_hal_exti.c **** 
 387:Drivers/STM32F4xx_HAL_Driver/Src/stm32f4xx_hal_exti.c **** /**
 388:Drivers/STM32F4xx_HAL_Driver/Src/stm32f4xx_hal_exti.c ****   * @brief  Store line number as handle private field.
 389:Drivers/STM32F4xx_HAL_Driver/Src/stm32f4xx_hal_exti.c ****   * @param  hexti Exti handle.
 390:Drivers/STM32F4xx_HAL_Driver/Src/stm32f4xx_hal_exti.c ****   * @param  ExtiLine Exti line number.
 391:Drivers/STM32F4xx_HAL_Driver/Src/stm32f4xx_hal_exti.c ****   *         This parameter can be from 0 to @ref EXTI_LINE_NB.
 392:Drivers/STM32F4xx_HAL_Driver/Src/stm32f4xx_hal_exti.c ****   * @retval HAL Status.
 393:Drivers/STM32F4xx_HAL_Driver/Src/stm32f4xx_hal_exti.c ****   */
 394:Drivers/STM32F4xx_HAL_Driver/Src/stm32f4xx_hal_exti.c **** HAL_StatusTypeDef HAL_EXTI_GetHandle(EXTI_HandleTypeDef *hexti, uint32_t ExtiLine)
 395:Drivers/STM32F4xx_HAL_Driver/Src/stm32f4xx_hal_exti.c **** {
 829              		.loc 1 395 1 is_stmt 1 view -0
 830              		.cfi_startproc
 831              		@ args = 0, pretend = 0, frame = 0
 832              		@ frame_needed = 0, uses_anonymous_args = 0
 833              		.loc 1 395 1 is_stmt 0 view .LVU236
 834 0000 38B5     		push	{r3, r4, r5, lr}
 835              	.LCFI9:
 836              		.cfi_def_cfa_offset 16
 837              		.cfi_offset 3, -16
 838              		.cfi_offset 4, -12
 839              		.cfi_offset 5, -8
 840              		.cfi_offset 14, -4
 841 0002 0546     		mov	r5, r0
 842 0004 0C46     		mov	r4, r1
 396:Drivers/STM32F4xx_HAL_Driver/Src/stm32f4xx_hal_exti.c ****   /* Check the parameters */
 397:Drivers/STM32F4xx_HAL_Driver/Src/stm32f4xx_hal_exti.c ****   assert_param(IS_EXTI_LINE(ExtiLine));
 843              		.loc 1 397 3 is_stmt 1 view .LVU237
 844 0006 21F0C063 		bic	r3, r1, #100663296
 845 000a 23F01F03 		bic	r3, r3, #31
 846 000e 3BB9     		cbnz	r3, .L75
 847              		.loc 1 397 3 is_stmt 0 discriminator 2 view .LVU238
 848 0010 01F0C063 		and	r3, r1, #100663296
 849 0014 B3F1007F 		cmp	r3, #33554432
 850 0018 0BD0     		beq	.L76
ARM GAS  C:\Users\guoch\AppData\Local\Temp\ccFW0Yww.s 			page 24


 851              		.loc 1 397 3 discriminator 3 view .LVU239
 852 001a B3F1C06F 		cmp	r3, #100663296
 853 001e 08D0     		beq	.L76
 854              	.L75:
 855              		.loc 1 397 3 discriminator 7 view .LVU240
 856 0020 40F28D11 		movw	r1, #397
 857              	.LVL75:
 858              		.loc 1 397 3 discriminator 7 view .LVU241
 859 0024 0648     		ldr	r0, .L81
 860              	.LVL76:
 861              		.loc 1 397 3 discriminator 7 view .LVU242
 862 0026 FFF7FEFF 		bl	assert_failed
 863              	.LVL77:
 864              	.L77:
 398:Drivers/STM32F4xx_HAL_Driver/Src/stm32f4xx_hal_exti.c **** 
 399:Drivers/STM32F4xx_HAL_Driver/Src/stm32f4xx_hal_exti.c ****   /* Check null pointer */
 400:Drivers/STM32F4xx_HAL_Driver/Src/stm32f4xx_hal_exti.c ****   if (hexti == NULL)
 865              		.loc 1 400 3 is_stmt 1 view .LVU243
 866              		.loc 1 400 6 is_stmt 0 view .LVU244
 867 002a 3DB1     		cbz	r5, .L79
 401:Drivers/STM32F4xx_HAL_Driver/Src/stm32f4xx_hal_exti.c ****   {
 402:Drivers/STM32F4xx_HAL_Driver/Src/stm32f4xx_hal_exti.c ****     return HAL_ERROR;
 403:Drivers/STM32F4xx_HAL_Driver/Src/stm32f4xx_hal_exti.c ****   }
 404:Drivers/STM32F4xx_HAL_Driver/Src/stm32f4xx_hal_exti.c ****   else
 405:Drivers/STM32F4xx_HAL_Driver/Src/stm32f4xx_hal_exti.c ****   {
 406:Drivers/STM32F4xx_HAL_Driver/Src/stm32f4xx_hal_exti.c ****     /* Store line number as handle private field */
 407:Drivers/STM32F4xx_HAL_Driver/Src/stm32f4xx_hal_exti.c ****     hexti->Line = ExtiLine;
 868              		.loc 1 407 5 is_stmt 1 view .LVU245
 869              		.loc 1 407 17 is_stmt 0 view .LVU246
 870 002c 2C60     		str	r4, [r5]
 408:Drivers/STM32F4xx_HAL_Driver/Src/stm32f4xx_hal_exti.c **** 
 409:Drivers/STM32F4xx_HAL_Driver/Src/stm32f4xx_hal_exti.c ****     return HAL_OK;
 871              		.loc 1 409 5 is_stmt 1 view .LVU247
 872              		.loc 1 409 12 is_stmt 0 view .LVU248
 873 002e 0020     		movs	r0, #0
 874              	.L78:
 410:Drivers/STM32F4xx_HAL_Driver/Src/stm32f4xx_hal_exti.c ****   }
 411:Drivers/STM32F4xx_HAL_Driver/Src/stm32f4xx_hal_exti.c **** }
 875              		.loc 1 411 1 view .LVU249
 876 0030 38BD     		pop	{r3, r4, r5, pc}
 877              	.LVL78:
 878              	.L76:
 397:Drivers/STM32F4xx_HAL_Driver/Src/stm32f4xx_hal_exti.c **** 
 879              		.loc 1 397 3 discriminator 6 view .LVU250
 880 0032 04F01F03 		and	r3, r4, #31
 881 0036 162B     		cmp	r3, #22
 882 0038 F7D9     		bls	.L77
 883 003a F1E7     		b	.L75
 884              	.LVL79:
 885              	.L79:
 402:Drivers/STM32F4xx_HAL_Driver/Src/stm32f4xx_hal_exti.c ****   }
 886              		.loc 1 402 12 view .LVU251
 887 003c 0120     		movs	r0, #1
 888 003e F7E7     		b	.L78
 889              	.L82:
 890              		.align	2
 891              	.L81:
ARM GAS  C:\Users\guoch\AppData\Local\Temp\ccFW0Yww.s 			page 25


 892 0040 00000000 		.word	.LC0
 893              		.cfi_endproc
 894              	.LFE138:
 896              		.section	.text.HAL_EXTI_IRQHandler,"ax",%progbits
 897              		.align	1
 898              		.global	HAL_EXTI_IRQHandler
 899              		.syntax unified
 900              		.thumb
 901              		.thumb_func
 903              	HAL_EXTI_IRQHandler:
 904              	.LVL80:
 905              	.LFB139:
 412:Drivers/STM32F4xx_HAL_Driver/Src/stm32f4xx_hal_exti.c **** 
 413:Drivers/STM32F4xx_HAL_Driver/Src/stm32f4xx_hal_exti.c **** /**
 414:Drivers/STM32F4xx_HAL_Driver/Src/stm32f4xx_hal_exti.c ****   * @}
 415:Drivers/STM32F4xx_HAL_Driver/Src/stm32f4xx_hal_exti.c ****   */
 416:Drivers/STM32F4xx_HAL_Driver/Src/stm32f4xx_hal_exti.c **** 
 417:Drivers/STM32F4xx_HAL_Driver/Src/stm32f4xx_hal_exti.c **** /** @addtogroup EXTI_Exported_Functions_Group2
 418:Drivers/STM32F4xx_HAL_Driver/Src/stm32f4xx_hal_exti.c ****   *  @brief EXTI IO functions.
 419:Drivers/STM32F4xx_HAL_Driver/Src/stm32f4xx_hal_exti.c ****   *
 420:Drivers/STM32F4xx_HAL_Driver/Src/stm32f4xx_hal_exti.c **** @verbatim
 421:Drivers/STM32F4xx_HAL_Driver/Src/stm32f4xx_hal_exti.c ****  ===============================================================================
 422:Drivers/STM32F4xx_HAL_Driver/Src/stm32f4xx_hal_exti.c ****                        ##### IO operation functions #####
 423:Drivers/STM32F4xx_HAL_Driver/Src/stm32f4xx_hal_exti.c ****  ===============================================================================
 424:Drivers/STM32F4xx_HAL_Driver/Src/stm32f4xx_hal_exti.c **** 
 425:Drivers/STM32F4xx_HAL_Driver/Src/stm32f4xx_hal_exti.c **** @endverbatim
 426:Drivers/STM32F4xx_HAL_Driver/Src/stm32f4xx_hal_exti.c ****   * @{
 427:Drivers/STM32F4xx_HAL_Driver/Src/stm32f4xx_hal_exti.c ****   */
 428:Drivers/STM32F4xx_HAL_Driver/Src/stm32f4xx_hal_exti.c **** 
 429:Drivers/STM32F4xx_HAL_Driver/Src/stm32f4xx_hal_exti.c **** /**
 430:Drivers/STM32F4xx_HAL_Driver/Src/stm32f4xx_hal_exti.c ****   * @brief  Handle EXTI interrupt request.
 431:Drivers/STM32F4xx_HAL_Driver/Src/stm32f4xx_hal_exti.c ****   * @param  hexti Exti handle.
 432:Drivers/STM32F4xx_HAL_Driver/Src/stm32f4xx_hal_exti.c ****   * @retval none.
 433:Drivers/STM32F4xx_HAL_Driver/Src/stm32f4xx_hal_exti.c ****   */
 434:Drivers/STM32F4xx_HAL_Driver/Src/stm32f4xx_hal_exti.c **** void HAL_EXTI_IRQHandler(EXTI_HandleTypeDef *hexti)
 435:Drivers/STM32F4xx_HAL_Driver/Src/stm32f4xx_hal_exti.c **** {
 906              		.loc 1 435 1 is_stmt 1 view -0
 907              		.cfi_startproc
 908              		@ args = 0, pretend = 0, frame = 0
 909              		@ frame_needed = 0, uses_anonymous_args = 0
 910              		.loc 1 435 1 is_stmt 0 view .LVU253
 911 0000 08B5     		push	{r3, lr}
 912              	.LCFI10:
 913              		.cfi_def_cfa_offset 8
 914              		.cfi_offset 3, -8
 915              		.cfi_offset 14, -4
 436:Drivers/STM32F4xx_HAL_Driver/Src/stm32f4xx_hal_exti.c ****   uint32_t regval;
 916              		.loc 1 436 3 is_stmt 1 view .LVU254
 437:Drivers/STM32F4xx_HAL_Driver/Src/stm32f4xx_hal_exti.c ****   uint32_t maskline;
 917              		.loc 1 437 3 view .LVU255
 438:Drivers/STM32F4xx_HAL_Driver/Src/stm32f4xx_hal_exti.c **** 
 439:Drivers/STM32F4xx_HAL_Driver/Src/stm32f4xx_hal_exti.c ****   /* Compute line mask */
 440:Drivers/STM32F4xx_HAL_Driver/Src/stm32f4xx_hal_exti.c ****   maskline = (1uL << (hexti->Line & EXTI_PIN_MASK));
 918              		.loc 1 440 3 view .LVU256
 919              		.loc 1 440 28 is_stmt 0 view .LVU257
 920 0002 0368     		ldr	r3, [r0]
 921              		.loc 1 440 35 view .LVU258
ARM GAS  C:\Users\guoch\AppData\Local\Temp\ccFW0Yww.s 			page 26


 922 0004 03F01F02 		and	r2, r3, #31
 923              		.loc 1 440 12 view .LVU259
 924 0008 0123     		movs	r3, #1
 925 000a 9340     		lsls	r3, r3, r2
 926              	.LVL81:
 441:Drivers/STM32F4xx_HAL_Driver/Src/stm32f4xx_hal_exti.c **** 
 442:Drivers/STM32F4xx_HAL_Driver/Src/stm32f4xx_hal_exti.c ****   /* Get pending bit  */
 443:Drivers/STM32F4xx_HAL_Driver/Src/stm32f4xx_hal_exti.c ****   regval = (EXTI->PR & maskline);
 927              		.loc 1 443 3 is_stmt 1 view .LVU260
 928              		.loc 1 443 17 is_stmt 0 view .LVU261
 929 000c 044A     		ldr	r2, .L86
 930 000e 5269     		ldr	r2, [r2, #20]
 931              	.LVL82:
 444:Drivers/STM32F4xx_HAL_Driver/Src/stm32f4xx_hal_exti.c ****   if (regval != 0x00u)
 932              		.loc 1 444 3 is_stmt 1 view .LVU262
 933              		.loc 1 444 6 is_stmt 0 view .LVU263
 934 0010 1A42     		tst	r2, r3
 935 0012 04D0     		beq	.L83
 445:Drivers/STM32F4xx_HAL_Driver/Src/stm32f4xx_hal_exti.c ****   {
 446:Drivers/STM32F4xx_HAL_Driver/Src/stm32f4xx_hal_exti.c ****     /* Clear pending bit */
 447:Drivers/STM32F4xx_HAL_Driver/Src/stm32f4xx_hal_exti.c ****     EXTI->PR = maskline;
 936              		.loc 1 447 5 is_stmt 1 view .LVU264
 937              		.loc 1 447 14 is_stmt 0 view .LVU265
 938 0014 024A     		ldr	r2, .L86
 939              	.LVL83:
 940              		.loc 1 447 14 view .LVU266
 941 0016 5361     		str	r3, [r2, #20]
 448:Drivers/STM32F4xx_HAL_Driver/Src/stm32f4xx_hal_exti.c **** 
 449:Drivers/STM32F4xx_HAL_Driver/Src/stm32f4xx_hal_exti.c ****     /* Call callback */
 450:Drivers/STM32F4xx_HAL_Driver/Src/stm32f4xx_hal_exti.c ****     if (hexti->PendingCallback != NULL)
 942              		.loc 1 450 5 is_stmt 1 view .LVU267
 943              		.loc 1 450 14 is_stmt 0 view .LVU268
 944 0018 4368     		ldr	r3, [r0, #4]
 945              	.LVL84:
 946              		.loc 1 450 8 view .LVU269
 947 001a 03B1     		cbz	r3, .L83
 451:Drivers/STM32F4xx_HAL_Driver/Src/stm32f4xx_hal_exti.c ****     {
 452:Drivers/STM32F4xx_HAL_Driver/Src/stm32f4xx_hal_exti.c ****       hexti->PendingCallback();
 948              		.loc 1 452 7 is_stmt 1 view .LVU270
 949 001c 9847     		blx	r3
 950              	.LVL85:
 951              	.L83:
 453:Drivers/STM32F4xx_HAL_Driver/Src/stm32f4xx_hal_exti.c ****     }
 454:Drivers/STM32F4xx_HAL_Driver/Src/stm32f4xx_hal_exti.c ****   }
 455:Drivers/STM32F4xx_HAL_Driver/Src/stm32f4xx_hal_exti.c **** }
 952              		.loc 1 455 1 is_stmt 0 view .LVU271
 953 001e 08BD     		pop	{r3, pc}
 954              	.L87:
 955              		.align	2
 956              	.L86:
 957 0020 003C0140 		.word	1073822720
 958              		.cfi_endproc
 959              	.LFE139:
 961              		.section	.text.HAL_EXTI_GetPending,"ax",%progbits
 962              		.align	1
 963              		.global	HAL_EXTI_GetPending
 964              		.syntax unified
ARM GAS  C:\Users\guoch\AppData\Local\Temp\ccFW0Yww.s 			page 27


 965              		.thumb
 966              		.thumb_func
 968              	HAL_EXTI_GetPending:
 969              	.LVL86:
 970              	.LFB140:
 456:Drivers/STM32F4xx_HAL_Driver/Src/stm32f4xx_hal_exti.c **** 
 457:Drivers/STM32F4xx_HAL_Driver/Src/stm32f4xx_hal_exti.c **** /**
 458:Drivers/STM32F4xx_HAL_Driver/Src/stm32f4xx_hal_exti.c ****   * @brief  Get interrupt pending bit of a dedicated line.
 459:Drivers/STM32F4xx_HAL_Driver/Src/stm32f4xx_hal_exti.c ****   * @param  hexti Exti handle.
 460:Drivers/STM32F4xx_HAL_Driver/Src/stm32f4xx_hal_exti.c ****   * @param  Edge Specify which pending edge as to be checked.
 461:Drivers/STM32F4xx_HAL_Driver/Src/stm32f4xx_hal_exti.c ****   *         This parameter can be one of the following values:
 462:Drivers/STM32F4xx_HAL_Driver/Src/stm32f4xx_hal_exti.c ****   *           @arg @ref EXTI_TRIGGER_RISING_FALLING
 463:Drivers/STM32F4xx_HAL_Driver/Src/stm32f4xx_hal_exti.c ****   *         This parameter is kept for compatibility with other series.
 464:Drivers/STM32F4xx_HAL_Driver/Src/stm32f4xx_hal_exti.c ****   * @retval 1 if interrupt is pending else 0.
 465:Drivers/STM32F4xx_HAL_Driver/Src/stm32f4xx_hal_exti.c ****   */
 466:Drivers/STM32F4xx_HAL_Driver/Src/stm32f4xx_hal_exti.c **** uint32_t HAL_EXTI_GetPending(EXTI_HandleTypeDef *hexti, uint32_t Edge)
 467:Drivers/STM32F4xx_HAL_Driver/Src/stm32f4xx_hal_exti.c **** {
 971              		.loc 1 467 1 is_stmt 1 view -0
 972              		.cfi_startproc
 973              		@ args = 0, pretend = 0, frame = 0
 974              		@ frame_needed = 0, uses_anonymous_args = 0
 975              		.loc 1 467 1 is_stmt 0 view .LVU273
 976 0000 38B5     		push	{r3, r4, r5, lr}
 977              	.LCFI11:
 978              		.cfi_def_cfa_offset 16
 979              		.cfi_offset 3, -16
 980              		.cfi_offset 4, -12
 981              		.cfi_offset 5, -8
 982              		.cfi_offset 14, -4
 983 0002 0446     		mov	r4, r0
 984 0004 0D46     		mov	r5, r1
 468:Drivers/STM32F4xx_HAL_Driver/Src/stm32f4xx_hal_exti.c ****   uint32_t regval;
 985              		.loc 1 468 3 is_stmt 1 view .LVU274
 469:Drivers/STM32F4xx_HAL_Driver/Src/stm32f4xx_hal_exti.c ****   uint32_t linepos;
 986              		.loc 1 469 3 view .LVU275
 470:Drivers/STM32F4xx_HAL_Driver/Src/stm32f4xx_hal_exti.c ****   uint32_t maskline;
 987              		.loc 1 470 3 view .LVU276
 471:Drivers/STM32F4xx_HAL_Driver/Src/stm32f4xx_hal_exti.c **** 
 472:Drivers/STM32F4xx_HAL_Driver/Src/stm32f4xx_hal_exti.c ****   /* Prevent unused argument(s) compilation warning */
 473:Drivers/STM32F4xx_HAL_Driver/Src/stm32f4xx_hal_exti.c ****   UNUSED(Edge);
 988              		.loc 1 473 3 view .LVU277
 474:Drivers/STM32F4xx_HAL_Driver/Src/stm32f4xx_hal_exti.c **** 
 475:Drivers/STM32F4xx_HAL_Driver/Src/stm32f4xx_hal_exti.c ****   /* Check parameters */
 476:Drivers/STM32F4xx_HAL_Driver/Src/stm32f4xx_hal_exti.c ****   assert_param(IS_EXTI_LINE(hexti->Line));
 989              		.loc 1 476 3 view .LVU278
 990 0006 0268     		ldr	r2, [r0]
 991 0008 22F0C063 		bic	r3, r2, #100663296
 992 000c 23F01F03 		bic	r3, r3, #31
 993 0010 3BB9     		cbnz	r3, .L89
 994              		.loc 1 476 3 is_stmt 0 discriminator 2 view .LVU279
 995 0012 02F0C063 		and	r3, r2, #100663296
 996 0016 B3F1007F 		cmp	r3, #33554432
 997 001a 18D0     		beq	.L90
 998              		.loc 1 476 3 discriminator 3 view .LVU280
 999 001c B3F1C06F 		cmp	r3, #100663296
 1000 0020 15D0     		beq	.L90
 1001              	.L89:
ARM GAS  C:\Users\guoch\AppData\Local\Temp\ccFW0Yww.s 			page 28


 1002              		.loc 1 476 3 discriminator 7 view .LVU281
 1003 0022 4FF4EE71 		mov	r1, #476
 1004              	.LVL87:
 1005              		.loc 1 476 3 discriminator 7 view .LVU282
 1006 0026 1248     		ldr	r0, .L97
 1007              	.LVL88:
 1008              		.loc 1 476 3 discriminator 7 view .LVU283
 1009 0028 FFF7FEFF 		bl	assert_failed
 1010              	.LVL89:
 1011              	.L91:
 477:Drivers/STM32F4xx_HAL_Driver/Src/stm32f4xx_hal_exti.c ****   assert_param(IS_EXTI_CONFIG_LINE(hexti->Line));
 1012              		.loc 1 477 3 is_stmt 1 view .LVU284
 1013 002c 2368     		ldr	r3, [r4]
 1014 002e 13F0007F 		tst	r3, #33554432
 1015 0032 11D0     		beq	.L95
 1016              	.L92:
 478:Drivers/STM32F4xx_HAL_Driver/Src/stm32f4xx_hal_exti.c ****   assert_param(IS_EXTI_PENDING_EDGE(Edge));
 1017              		.loc 1 478 3 view .LVU285
 1018 0034 032D     		cmp	r5, #3
 1019 0036 15D1     		bne	.L96
 1020              	.L93:
 479:Drivers/STM32F4xx_HAL_Driver/Src/stm32f4xx_hal_exti.c **** 
 480:Drivers/STM32F4xx_HAL_Driver/Src/stm32f4xx_hal_exti.c ****   /* Compute line mask */
 481:Drivers/STM32F4xx_HAL_Driver/Src/stm32f4xx_hal_exti.c ****   linepos = (hexti->Line & EXTI_PIN_MASK);
 1021              		.loc 1 481 3 view .LVU286
 1022              		.loc 1 481 19 is_stmt 0 view .LVU287
 1023 0038 2368     		ldr	r3, [r4]
 1024              		.loc 1 481 11 view .LVU288
 1025 003a 03F01F03 		and	r3, r3, #31
 1026              	.LVL90:
 482:Drivers/STM32F4xx_HAL_Driver/Src/stm32f4xx_hal_exti.c ****   maskline = (1uL << linepos);
 1027              		.loc 1 482 3 is_stmt 1 view .LVU289
 1028              		.loc 1 482 12 is_stmt 0 view .LVU290
 1029 003e 0120     		movs	r0, #1
 1030 0040 00FA03F2 		lsl	r2, r0, r3
 1031              	.LVL91:
 483:Drivers/STM32F4xx_HAL_Driver/Src/stm32f4xx_hal_exti.c **** 
 484:Drivers/STM32F4xx_HAL_Driver/Src/stm32f4xx_hal_exti.c ****   /* return 1 if bit is set else 0 */
 485:Drivers/STM32F4xx_HAL_Driver/Src/stm32f4xx_hal_exti.c ****   regval = ((EXTI->PR & maskline) >> linepos);
 1032              		.loc 1 485 3 is_stmt 1 view .LVU291
 1033              		.loc 1 485 18 is_stmt 0 view .LVU292
 1034 0044 0B49     		ldr	r1, .L97+4
 1035 0046 4869     		ldr	r0, [r1, #20]
 1036              		.loc 1 485 23 view .LVU293
 1037 0048 1040     		ands	r0, r0, r2
 1038              	.LVL92:
 486:Drivers/STM32F4xx_HAL_Driver/Src/stm32f4xx_hal_exti.c ****   return regval;
 1039              		.loc 1 486 3 is_stmt 1 view .LVU294
 487:Drivers/STM32F4xx_HAL_Driver/Src/stm32f4xx_hal_exti.c **** }
 1040              		.loc 1 487 1 is_stmt 0 view .LVU295
 1041 004a D840     		lsrs	r0, r0, r3
 1042              	.LVL93:
 1043              		.loc 1 487 1 view .LVU296
 1044 004c 38BD     		pop	{r3, r4, r5, pc}
 1045              	.LVL94:
 1046              	.L90:
 476:Drivers/STM32F4xx_HAL_Driver/Src/stm32f4xx_hal_exti.c ****   assert_param(IS_EXTI_CONFIG_LINE(hexti->Line));
ARM GAS  C:\Users\guoch\AppData\Local\Temp\ccFW0Yww.s 			page 29


 1047              		.loc 1 476 3 discriminator 6 view .LVU297
 1048 004e 02F01F02 		and	r2, r2, #31
 1049 0052 162A     		cmp	r2, #22
 1050 0054 EAD9     		bls	.L91
 1051 0056 E4E7     		b	.L89
 1052              	.LVL95:
 1053              	.L95:
 477:Drivers/STM32F4xx_HAL_Driver/Src/stm32f4xx_hal_exti.c ****   assert_param(IS_EXTI_PENDING_EDGE(Edge));
 1054              		.loc 1 477 3 discriminator 1 view .LVU298
 1055 0058 40F2DD11 		movw	r1, #477
 1056 005c 0448     		ldr	r0, .L97
 1057 005e FFF7FEFF 		bl	assert_failed
 1058              	.LVL96:
 1059 0062 E7E7     		b	.L92
 1060              	.L96:
 478:Drivers/STM32F4xx_HAL_Driver/Src/stm32f4xx_hal_exti.c **** 
 1061              		.loc 1 478 3 discriminator 1 view .LVU299
 1062 0064 4FF4EF71 		mov	r1, #478
 1063 0068 0148     		ldr	r0, .L97
 1064 006a FFF7FEFF 		bl	assert_failed
 1065              	.LVL97:
 1066 006e E3E7     		b	.L93
 1067              	.L98:
 1068              		.align	2
 1069              	.L97:
 1070 0070 00000000 		.word	.LC0
 1071 0074 003C0140 		.word	1073822720
 1072              		.cfi_endproc
 1073              	.LFE140:
 1075              		.section	.text.HAL_EXTI_ClearPending,"ax",%progbits
 1076              		.align	1
 1077              		.global	HAL_EXTI_ClearPending
 1078              		.syntax unified
 1079              		.thumb
 1080              		.thumb_func
 1082              	HAL_EXTI_ClearPending:
 1083              	.LVL98:
 1084              	.LFB141:
 488:Drivers/STM32F4xx_HAL_Driver/Src/stm32f4xx_hal_exti.c **** 
 489:Drivers/STM32F4xx_HAL_Driver/Src/stm32f4xx_hal_exti.c **** /**
 490:Drivers/STM32F4xx_HAL_Driver/Src/stm32f4xx_hal_exti.c ****   * @brief  Clear interrupt pending bit of a dedicated line.
 491:Drivers/STM32F4xx_HAL_Driver/Src/stm32f4xx_hal_exti.c ****   * @param  hexti Exti handle.
 492:Drivers/STM32F4xx_HAL_Driver/Src/stm32f4xx_hal_exti.c ****   * @param  Edge Specify which pending edge as to be clear.
 493:Drivers/STM32F4xx_HAL_Driver/Src/stm32f4xx_hal_exti.c ****   *         This parameter can be one of the following values:
 494:Drivers/STM32F4xx_HAL_Driver/Src/stm32f4xx_hal_exti.c ****   *           @arg @ref EXTI_TRIGGER_RISING_FALLING
 495:Drivers/STM32F4xx_HAL_Driver/Src/stm32f4xx_hal_exti.c ****   *         This parameter is kept for compatibility with other series.
 496:Drivers/STM32F4xx_HAL_Driver/Src/stm32f4xx_hal_exti.c ****   * @retval None.
 497:Drivers/STM32F4xx_HAL_Driver/Src/stm32f4xx_hal_exti.c ****   */
 498:Drivers/STM32F4xx_HAL_Driver/Src/stm32f4xx_hal_exti.c **** void HAL_EXTI_ClearPending(EXTI_HandleTypeDef *hexti, uint32_t Edge)
 499:Drivers/STM32F4xx_HAL_Driver/Src/stm32f4xx_hal_exti.c **** {
 1085              		.loc 1 499 1 is_stmt 1 view -0
 1086              		.cfi_startproc
 1087              		@ args = 0, pretend = 0, frame = 0
 1088              		@ frame_needed = 0, uses_anonymous_args = 0
 1089              		.loc 1 499 1 is_stmt 0 view .LVU301
 1090 0000 38B5     		push	{r3, r4, r5, lr}
 1091              	.LCFI12:
ARM GAS  C:\Users\guoch\AppData\Local\Temp\ccFW0Yww.s 			page 30


 1092              		.cfi_def_cfa_offset 16
 1093              		.cfi_offset 3, -16
 1094              		.cfi_offset 4, -12
 1095              		.cfi_offset 5, -8
 1096              		.cfi_offset 14, -4
 1097 0002 0446     		mov	r4, r0
 1098 0004 0D46     		mov	r5, r1
 500:Drivers/STM32F4xx_HAL_Driver/Src/stm32f4xx_hal_exti.c ****   uint32_t maskline;
 1099              		.loc 1 500 3 is_stmt 1 view .LVU302
 501:Drivers/STM32F4xx_HAL_Driver/Src/stm32f4xx_hal_exti.c **** 
 502:Drivers/STM32F4xx_HAL_Driver/Src/stm32f4xx_hal_exti.c ****   /* Prevent unused argument(s) compilation warning */
 503:Drivers/STM32F4xx_HAL_Driver/Src/stm32f4xx_hal_exti.c ****   UNUSED(Edge);
 1100              		.loc 1 503 3 view .LVU303
 504:Drivers/STM32F4xx_HAL_Driver/Src/stm32f4xx_hal_exti.c **** 
 505:Drivers/STM32F4xx_HAL_Driver/Src/stm32f4xx_hal_exti.c ****   /* Check parameters */
 506:Drivers/STM32F4xx_HAL_Driver/Src/stm32f4xx_hal_exti.c ****   assert_param(IS_EXTI_LINE(hexti->Line));
 1101              		.loc 1 506 3 view .LVU304
 1102 0006 0268     		ldr	r2, [r0]
 1103 0008 22F0C063 		bic	r3, r2, #100663296
 1104 000c 23F01F03 		bic	r3, r3, #31
 1105 0010 3BB9     		cbnz	r3, .L100
 1106              		.loc 1 506 3 is_stmt 0 discriminator 2 view .LVU305
 1107 0012 02F0C063 		and	r3, r2, #100663296
 1108 0016 B3F1007F 		cmp	r3, #33554432
 1109 001a 15D0     		beq	.L101
 1110              		.loc 1 506 3 discriminator 3 view .LVU306
 1111 001c B3F1C06F 		cmp	r3, #100663296
 1112 0020 12D0     		beq	.L101
 1113              	.L100:
 1114              		.loc 1 506 3 discriminator 7 view .LVU307
 1115 0022 4FF4FD71 		mov	r1, #506
 1116              	.LVL99:
 1117              		.loc 1 506 3 discriminator 7 view .LVU308
 1118 0026 1148     		ldr	r0, .L108
 1119              	.LVL100:
 1120              		.loc 1 506 3 discriminator 7 view .LVU309
 1121 0028 FFF7FEFF 		bl	assert_failed
 1122              	.LVL101:
 1123              	.L102:
 507:Drivers/STM32F4xx_HAL_Driver/Src/stm32f4xx_hal_exti.c ****   assert_param(IS_EXTI_CONFIG_LINE(hexti->Line));
 1124              		.loc 1 507 3 is_stmt 1 view .LVU310
 1125 002c 2368     		ldr	r3, [r4]
 1126 002e 13F0007F 		tst	r3, #33554432
 1127 0032 0ED0     		beq	.L106
 1128              	.L103:
 508:Drivers/STM32F4xx_HAL_Driver/Src/stm32f4xx_hal_exti.c ****   assert_param(IS_EXTI_PENDING_EDGE(Edge));
 1129              		.loc 1 508 3 view .LVU311
 1130 0034 032D     		cmp	r5, #3
 1131 0036 12D1     		bne	.L107
 1132              	.L104:
 509:Drivers/STM32F4xx_HAL_Driver/Src/stm32f4xx_hal_exti.c **** 
 510:Drivers/STM32F4xx_HAL_Driver/Src/stm32f4xx_hal_exti.c ****   /* Compute line mask */
 511:Drivers/STM32F4xx_HAL_Driver/Src/stm32f4xx_hal_exti.c ****   maskline = (1uL << (hexti->Line & EXTI_PIN_MASK));
 1133              		.loc 1 511 3 view .LVU312
 1134              		.loc 1 511 28 is_stmt 0 view .LVU313
 1135 0038 2268     		ldr	r2, [r4]
 1136              		.loc 1 511 35 view .LVU314
ARM GAS  C:\Users\guoch\AppData\Local\Temp\ccFW0Yww.s 			page 31


 1137 003a 02F01F02 		and	r2, r2, #31
 1138              		.loc 1 511 12 view .LVU315
 1139 003e 0123     		movs	r3, #1
 1140 0040 9340     		lsls	r3, r3, r2
 1141              	.LVL102:
 512:Drivers/STM32F4xx_HAL_Driver/Src/stm32f4xx_hal_exti.c **** 
 513:Drivers/STM32F4xx_HAL_Driver/Src/stm32f4xx_hal_exti.c ****   /* Clear Pending bit */
 514:Drivers/STM32F4xx_HAL_Driver/Src/stm32f4xx_hal_exti.c ****   EXTI->PR =  maskline;
 1142              		.loc 1 514 3 is_stmt 1 view .LVU316
 1143              		.loc 1 514 12 is_stmt 0 view .LVU317
 1144 0042 0B4A     		ldr	r2, .L108+4
 1145 0044 5361     		str	r3, [r2, #20]
 515:Drivers/STM32F4xx_HAL_Driver/Src/stm32f4xx_hal_exti.c **** }
 1146              		.loc 1 515 1 view .LVU318
 1147 0046 38BD     		pop	{r3, r4, r5, pc}
 1148              	.LVL103:
 1149              	.L101:
 506:Drivers/STM32F4xx_HAL_Driver/Src/stm32f4xx_hal_exti.c ****   assert_param(IS_EXTI_CONFIG_LINE(hexti->Line));
 1150              		.loc 1 506 3 discriminator 6 view .LVU319
 1151 0048 02F01F02 		and	r2, r2, #31
 1152 004c 162A     		cmp	r2, #22
 1153 004e EDD9     		bls	.L102
 1154 0050 E7E7     		b	.L100
 1155              	.LVL104:
 1156              	.L106:
 507:Drivers/STM32F4xx_HAL_Driver/Src/stm32f4xx_hal_exti.c ****   assert_param(IS_EXTI_PENDING_EDGE(Edge));
 1157              		.loc 1 507 3 discriminator 1 view .LVU320
 1158 0052 40F2FB11 		movw	r1, #507
 1159 0056 0548     		ldr	r0, .L108
 1160 0058 FFF7FEFF 		bl	assert_failed
 1161              	.LVL105:
 1162 005c EAE7     		b	.L103
 1163              	.L107:
 508:Drivers/STM32F4xx_HAL_Driver/Src/stm32f4xx_hal_exti.c **** 
 1164              		.loc 1 508 3 discriminator 1 view .LVU321
 1165 005e 4FF4FE71 		mov	r1, #508
 1166 0062 0248     		ldr	r0, .L108
 1167 0064 FFF7FEFF 		bl	assert_failed
 1168              	.LVL106:
 1169 0068 E6E7     		b	.L104
 1170              	.L109:
 1171 006a 00BF     		.align	2
 1172              	.L108:
 1173 006c 00000000 		.word	.LC0
 1174 0070 003C0140 		.word	1073822720
 1175              		.cfi_endproc
 1176              	.LFE141:
 1178              		.section	.text.HAL_EXTI_GenerateSWI,"ax",%progbits
 1179              		.align	1
 1180              		.global	HAL_EXTI_GenerateSWI
 1181              		.syntax unified
 1182              		.thumb
 1183              		.thumb_func
 1185              	HAL_EXTI_GenerateSWI:
 1186              	.LVL107:
 1187              	.LFB142:
 516:Drivers/STM32F4xx_HAL_Driver/Src/stm32f4xx_hal_exti.c **** 
ARM GAS  C:\Users\guoch\AppData\Local\Temp\ccFW0Yww.s 			page 32


 517:Drivers/STM32F4xx_HAL_Driver/Src/stm32f4xx_hal_exti.c **** /**
 518:Drivers/STM32F4xx_HAL_Driver/Src/stm32f4xx_hal_exti.c ****   * @brief  Generate a software interrupt for a dedicated line.
 519:Drivers/STM32F4xx_HAL_Driver/Src/stm32f4xx_hal_exti.c ****   * @param  hexti Exti handle.
 520:Drivers/STM32F4xx_HAL_Driver/Src/stm32f4xx_hal_exti.c ****   * @retval None.
 521:Drivers/STM32F4xx_HAL_Driver/Src/stm32f4xx_hal_exti.c ****   */
 522:Drivers/STM32F4xx_HAL_Driver/Src/stm32f4xx_hal_exti.c **** void HAL_EXTI_GenerateSWI(EXTI_HandleTypeDef *hexti)
 523:Drivers/STM32F4xx_HAL_Driver/Src/stm32f4xx_hal_exti.c **** {
 1188              		.loc 1 523 1 is_stmt 1 view -0
 1189              		.cfi_startproc
 1190              		@ args = 0, pretend = 0, frame = 0
 1191              		@ frame_needed = 0, uses_anonymous_args = 0
 1192              		.loc 1 523 1 is_stmt 0 view .LVU323
 1193 0000 10B5     		push	{r4, lr}
 1194              	.LCFI13:
 1195              		.cfi_def_cfa_offset 8
 1196              		.cfi_offset 4, -8
 1197              		.cfi_offset 14, -4
 1198 0002 0446     		mov	r4, r0
 524:Drivers/STM32F4xx_HAL_Driver/Src/stm32f4xx_hal_exti.c ****   uint32_t maskline;
 1199              		.loc 1 524 3 is_stmt 1 view .LVU324
 525:Drivers/STM32F4xx_HAL_Driver/Src/stm32f4xx_hal_exti.c **** 
 526:Drivers/STM32F4xx_HAL_Driver/Src/stm32f4xx_hal_exti.c ****   /* Check parameters */
 527:Drivers/STM32F4xx_HAL_Driver/Src/stm32f4xx_hal_exti.c ****   assert_param(IS_EXTI_LINE(hexti->Line));
 1200              		.loc 1 527 3 view .LVU325
 1201 0004 0268     		ldr	r2, [r0]
 1202 0006 22F0C063 		bic	r3, r2, #100663296
 1203 000a 23F01F03 		bic	r3, r3, #31
 1204 000e 3BB9     		cbnz	r3, .L111
 1205              		.loc 1 527 3 is_stmt 0 discriminator 2 view .LVU326
 1206 0010 02F0C063 		and	r3, r2, #100663296
 1207 0014 B3F1007F 		cmp	r3, #33554432
 1208 0018 13D0     		beq	.L112
 1209              		.loc 1 527 3 discriminator 3 view .LVU327
 1210 001a B3F1C06F 		cmp	r3, #100663296
 1211 001e 10D0     		beq	.L112
 1212              	.L111:
 1213              		.loc 1 527 3 discriminator 7 view .LVU328
 1214 0020 40F20F21 		movw	r1, #527
 1215 0024 0C48     		ldr	r0, .L117
 1216              	.LVL108:
 1217              		.loc 1 527 3 discriminator 7 view .LVU329
 1218 0026 FFF7FEFF 		bl	assert_failed
 1219              	.LVL109:
 1220              	.L113:
 528:Drivers/STM32F4xx_HAL_Driver/Src/stm32f4xx_hal_exti.c ****   assert_param(IS_EXTI_CONFIG_LINE(hexti->Line));
 1221              		.loc 1 528 3 is_stmt 1 view .LVU330
 1222 002a 2368     		ldr	r3, [r4]
 1223 002c 13F0007F 		tst	r3, #33554432
 1224 0030 0CD0     		beq	.L116
 1225              	.L114:
 529:Drivers/STM32F4xx_HAL_Driver/Src/stm32f4xx_hal_exti.c **** 
 530:Drivers/STM32F4xx_HAL_Driver/Src/stm32f4xx_hal_exti.c ****   /* Compute line mask */
 531:Drivers/STM32F4xx_HAL_Driver/Src/stm32f4xx_hal_exti.c ****   maskline = (1uL << (hexti->Line & EXTI_PIN_MASK));
 1226              		.loc 1 531 3 view .LVU331
 1227              		.loc 1 531 28 is_stmt 0 view .LVU332
 1228 0032 2268     		ldr	r2, [r4]
 1229              		.loc 1 531 35 view .LVU333
ARM GAS  C:\Users\guoch\AppData\Local\Temp\ccFW0Yww.s 			page 33


 1230 0034 02F01F02 		and	r2, r2, #31
 1231              		.loc 1 531 12 view .LVU334
 1232 0038 0123     		movs	r3, #1
 1233 003a 9340     		lsls	r3, r3, r2
 1234              	.LVL110:
 532:Drivers/STM32F4xx_HAL_Driver/Src/stm32f4xx_hal_exti.c **** 
 533:Drivers/STM32F4xx_HAL_Driver/Src/stm32f4xx_hal_exti.c ****   /* Generate Software interrupt */
 534:Drivers/STM32F4xx_HAL_Driver/Src/stm32f4xx_hal_exti.c ****   EXTI->SWIER = maskline;
 1235              		.loc 1 534 3 is_stmt 1 view .LVU335
 1236              		.loc 1 534 15 is_stmt 0 view .LVU336
 1237 003c 074A     		ldr	r2, .L117+4
 1238 003e 1361     		str	r3, [r2, #16]
 535:Drivers/STM32F4xx_HAL_Driver/Src/stm32f4xx_hal_exti.c **** }
 1239              		.loc 1 535 1 view .LVU337
 1240 0040 10BD     		pop	{r4, pc}
 1241              	.LVL111:
 1242              	.L112:
 527:Drivers/STM32F4xx_HAL_Driver/Src/stm32f4xx_hal_exti.c ****   assert_param(IS_EXTI_CONFIG_LINE(hexti->Line));
 1243              		.loc 1 527 3 discriminator 6 view .LVU338
 1244 0042 02F01F02 		and	r2, r2, #31
 1245 0046 162A     		cmp	r2, #22
 1246 0048 EFD9     		bls	.L113
 1247 004a E9E7     		b	.L111
 1248              	.LVL112:
 1249              	.L116:
 528:Drivers/STM32F4xx_HAL_Driver/Src/stm32f4xx_hal_exti.c **** 
 1250              		.loc 1 528 3 discriminator 1 view .LVU339
 1251 004c 4FF40471 		mov	r1, #528
 1252 0050 0148     		ldr	r0, .L117
 1253 0052 FFF7FEFF 		bl	assert_failed
 1254              	.LVL113:
 1255 0056 ECE7     		b	.L114
 1256              	.L118:
 1257              		.align	2
 1258              	.L117:
 1259 0058 00000000 		.word	.LC0
 1260 005c 003C0140 		.word	1073822720
 1261              		.cfi_endproc
 1262              	.LFE142:
 1264              		.text
 1265              	.Letext0:
 1266              		.file 2 "d:\\software\\stm32-for-vscode-tool\\gcc-arm-none-eabi-10.3-2021.10\\arm-none-eabi\\inclu
 1267              		.file 3 "d:\\software\\stm32-for-vscode-tool\\gcc-arm-none-eabi-10.3-2021.10\\arm-none-eabi\\inclu
 1268              		.file 4 "Drivers/CMSIS/Device/ST/STM32F4xx/Include/stm32f407xx.h"
 1269              		.file 5 "Drivers/STM32F4xx_HAL_Driver/Inc/stm32f4xx_hal_def.h"
 1270              		.file 6 "Drivers/STM32F4xx_HAL_Driver/Inc/stm32f4xx_hal_exti.h"
 1271              		.file 7 "Core/Inc/stm32f4xx_hal_conf.h"
ARM GAS  C:\Users\guoch\AppData\Local\Temp\ccFW0Yww.s 			page 34


DEFINED SYMBOLS
                            *ABS*:00000000 stm32f4xx_hal_exti.c
C:\Users\guoch\AppData\Local\Temp\ccFW0Yww.s:20     .rodata.HAL_EXTI_SetConfigLine.str1.4:00000000 $d
C:\Users\guoch\AppData\Local\Temp\ccFW0Yww.s:25     .text.HAL_EXTI_SetConfigLine:00000000 $t
C:\Users\guoch\AppData\Local\Temp\ccFW0Yww.s:31     .text.HAL_EXTI_SetConfigLine:00000000 HAL_EXTI_SetConfigLine
C:\Users\guoch\AppData\Local\Temp\ccFW0Yww.s:334    .text.HAL_EXTI_SetConfigLine:0000014c $d
C:\Users\guoch\AppData\Local\Temp\ccFW0Yww.s:341    .text.HAL_EXTI_GetConfigLine:00000000 $t
C:\Users\guoch\AppData\Local\Temp\ccFW0Yww.s:347    .text.HAL_EXTI_GetConfigLine:00000000 HAL_EXTI_GetConfigLine
C:\Users\guoch\AppData\Local\Temp\ccFW0Yww.s:575    .text.HAL_EXTI_GetConfigLine:000000dc $d
C:\Users\guoch\AppData\Local\Temp\ccFW0Yww.s:582    .text.HAL_EXTI_ClearConfigLine:00000000 $t
C:\Users\guoch\AppData\Local\Temp\ccFW0Yww.s:588    .text.HAL_EXTI_ClearConfigLine:00000000 HAL_EXTI_ClearConfigLine
C:\Users\guoch\AppData\Local\Temp\ccFW0Yww.s:774    .text.HAL_EXTI_ClearConfigLine:000000b8 $d
C:\Users\guoch\AppData\Local\Temp\ccFW0Yww.s:781    .text.HAL_EXTI_RegisterCallback:00000000 $t
C:\Users\guoch\AppData\Local\Temp\ccFW0Yww.s:787    .text.HAL_EXTI_RegisterCallback:00000000 HAL_EXTI_RegisterCallback
C:\Users\guoch\AppData\Local\Temp\ccFW0Yww.s:820    .text.HAL_EXTI_GetHandle:00000000 $t
C:\Users\guoch\AppData\Local\Temp\ccFW0Yww.s:826    .text.HAL_EXTI_GetHandle:00000000 HAL_EXTI_GetHandle
C:\Users\guoch\AppData\Local\Temp\ccFW0Yww.s:892    .text.HAL_EXTI_GetHandle:00000040 $d
C:\Users\guoch\AppData\Local\Temp\ccFW0Yww.s:897    .text.HAL_EXTI_IRQHandler:00000000 $t
C:\Users\guoch\AppData\Local\Temp\ccFW0Yww.s:903    .text.HAL_EXTI_IRQHandler:00000000 HAL_EXTI_IRQHandler
C:\Users\guoch\AppData\Local\Temp\ccFW0Yww.s:957    .text.HAL_EXTI_IRQHandler:00000020 $d
C:\Users\guoch\AppData\Local\Temp\ccFW0Yww.s:962    .text.HAL_EXTI_GetPending:00000000 $t
C:\Users\guoch\AppData\Local\Temp\ccFW0Yww.s:968    .text.HAL_EXTI_GetPending:00000000 HAL_EXTI_GetPending
C:\Users\guoch\AppData\Local\Temp\ccFW0Yww.s:1070   .text.HAL_EXTI_GetPending:00000070 $d
C:\Users\guoch\AppData\Local\Temp\ccFW0Yww.s:1076   .text.HAL_EXTI_ClearPending:00000000 $t
C:\Users\guoch\AppData\Local\Temp\ccFW0Yww.s:1082   .text.HAL_EXTI_ClearPending:00000000 HAL_EXTI_ClearPending
C:\Users\guoch\AppData\Local\Temp\ccFW0Yww.s:1173   .text.HAL_EXTI_ClearPending:0000006c $d
C:\Users\guoch\AppData\Local\Temp\ccFW0Yww.s:1179   .text.HAL_EXTI_GenerateSWI:00000000 $t
C:\Users\guoch\AppData\Local\Temp\ccFW0Yww.s:1185   .text.HAL_EXTI_GenerateSWI:00000000 HAL_EXTI_GenerateSWI
C:\Users\guoch\AppData\Local\Temp\ccFW0Yww.s:1259   .text.HAL_EXTI_GenerateSWI:00000058 $d

UNDEFINED SYMBOLS
assert_failed
