ARM GAS  C:\Users\guoch\AppData\Local\Temp\ccXDgaDm.s 			page 1


   1              		.cpu cortex-m4
   2              		.arch armv7e-m
   3              		.fpu fpv4-sp-d16
   4              		.eabi_attribute 27, 1
   5              		.eabi_attribute 28, 1
   6              		.eabi_attribute 20, 1
   7              		.eabi_attribute 21, 1
   8              		.eabi_attribute 23, 3
   9              		.eabi_attribute 24, 1
  10              		.eabi_attribute 25, 1
  11              		.eabi_attribute 26, 1
  12              		.eabi_attribute 30, 1
  13              		.eabi_attribute 34, 1
  14              		.eabi_attribute 18, 4
  15              		.file	"stm32f4xx_hal_gpio.c"
  16              		.text
  17              	.Ltext0:
  18              		.cfi_sections	.debug_frame
  19              		.section	.rodata.HAL_GPIO_Init.str1.4,"aMS",%progbits,1
  20              		.align	2
  21              	.LC0:
  22 0000 44726976 		.ascii	"Drivers/STM32F4xx_HAL_Driver/Src/stm32f4xx_hal_gpio"
  22      6572732F 
  22      53544D33 
  22      32463478 
  22      785F4841 
  23 0033 2E6300   		.ascii	".c\000"
  24              		.section	.text.HAL_GPIO_Init,"ax",%progbits
  25              		.align	1
  26              		.global	HAL_GPIO_Init
  27              		.syntax unified
  28              		.thumb
  29              		.thumb_func
  31              	HAL_GPIO_Init:
  32              	.LVL0:
  33              	.LFB134:
  34              		.file 1 "Drivers/STM32F4xx_HAL_Driver/Src/stm32f4xx_hal_gpio.c"
   1:Drivers/STM32F4xx_HAL_Driver/Src/stm32f4xx_hal_gpio.c **** /**
   2:Drivers/STM32F4xx_HAL_Driver/Src/stm32f4xx_hal_gpio.c ****   ******************************************************************************
   3:Drivers/STM32F4xx_HAL_Driver/Src/stm32f4xx_hal_gpio.c ****   * @file    stm32f4xx_hal_gpio.c
   4:Drivers/STM32F4xx_HAL_Driver/Src/stm32f4xx_hal_gpio.c ****   * @author  MCD Application Team
   5:Drivers/STM32F4xx_HAL_Driver/Src/stm32f4xx_hal_gpio.c ****   * @brief   GPIO HAL module driver.
   6:Drivers/STM32F4xx_HAL_Driver/Src/stm32f4xx_hal_gpio.c ****   *          This file provides firmware functions to manage the following 
   7:Drivers/STM32F4xx_HAL_Driver/Src/stm32f4xx_hal_gpio.c ****   *          functionalities of the General Purpose Input/Output (GPIO) peripheral:
   8:Drivers/STM32F4xx_HAL_Driver/Src/stm32f4xx_hal_gpio.c ****   *           + Initialization and de-initialization functions
   9:Drivers/STM32F4xx_HAL_Driver/Src/stm32f4xx_hal_gpio.c ****   *           + IO operation functions
  10:Drivers/STM32F4xx_HAL_Driver/Src/stm32f4xx_hal_gpio.c ****   *
  11:Drivers/STM32F4xx_HAL_Driver/Src/stm32f4xx_hal_gpio.c ****   ******************************************************************************
  12:Drivers/STM32F4xx_HAL_Driver/Src/stm32f4xx_hal_gpio.c ****   * @attention
  13:Drivers/STM32F4xx_HAL_Driver/Src/stm32f4xx_hal_gpio.c ****   *
  14:Drivers/STM32F4xx_HAL_Driver/Src/stm32f4xx_hal_gpio.c ****   * Copyright (c) 2017 STMicroelectronics.
  15:Drivers/STM32F4xx_HAL_Driver/Src/stm32f4xx_hal_gpio.c ****   * All rights reserved.
  16:Drivers/STM32F4xx_HAL_Driver/Src/stm32f4xx_hal_gpio.c ****   *
  17:Drivers/STM32F4xx_HAL_Driver/Src/stm32f4xx_hal_gpio.c ****   * This software is licensed under terms that can be found in the LICENSE file
  18:Drivers/STM32F4xx_HAL_Driver/Src/stm32f4xx_hal_gpio.c ****   * in the root directory of this software component.
  19:Drivers/STM32F4xx_HAL_Driver/Src/stm32f4xx_hal_gpio.c ****   * If no LICENSE file comes with this software, it is provided AS-IS.
  20:Drivers/STM32F4xx_HAL_Driver/Src/stm32f4xx_hal_gpio.c ****   *
ARM GAS  C:\Users\guoch\AppData\Local\Temp\ccXDgaDm.s 			page 2


  21:Drivers/STM32F4xx_HAL_Driver/Src/stm32f4xx_hal_gpio.c ****   ******************************************************************************
  22:Drivers/STM32F4xx_HAL_Driver/Src/stm32f4xx_hal_gpio.c ****   @verbatim
  23:Drivers/STM32F4xx_HAL_Driver/Src/stm32f4xx_hal_gpio.c ****   ==============================================================================
  24:Drivers/STM32F4xx_HAL_Driver/Src/stm32f4xx_hal_gpio.c ****                     ##### GPIO Peripheral features #####
  25:Drivers/STM32F4xx_HAL_Driver/Src/stm32f4xx_hal_gpio.c ****   ==============================================================================
  26:Drivers/STM32F4xx_HAL_Driver/Src/stm32f4xx_hal_gpio.c ****   [..] 
  27:Drivers/STM32F4xx_HAL_Driver/Src/stm32f4xx_hal_gpio.c ****   Subject to the specific hardware characteristics of each I/O port listed in the datasheet, each
  28:Drivers/STM32F4xx_HAL_Driver/Src/stm32f4xx_hal_gpio.c ****   port bit of the General Purpose IO (GPIO) Ports, can be individually configured by software
  29:Drivers/STM32F4xx_HAL_Driver/Src/stm32f4xx_hal_gpio.c ****   in several modes:
  30:Drivers/STM32F4xx_HAL_Driver/Src/stm32f4xx_hal_gpio.c ****   (+) Input mode 
  31:Drivers/STM32F4xx_HAL_Driver/Src/stm32f4xx_hal_gpio.c ****   (+) Analog mode
  32:Drivers/STM32F4xx_HAL_Driver/Src/stm32f4xx_hal_gpio.c ****   (+) Output mode
  33:Drivers/STM32F4xx_HAL_Driver/Src/stm32f4xx_hal_gpio.c ****   (+) Alternate function mode
  34:Drivers/STM32F4xx_HAL_Driver/Src/stm32f4xx_hal_gpio.c ****   (+) External interrupt/event lines
  35:Drivers/STM32F4xx_HAL_Driver/Src/stm32f4xx_hal_gpio.c **** 
  36:Drivers/STM32F4xx_HAL_Driver/Src/stm32f4xx_hal_gpio.c ****   [..]  
  37:Drivers/STM32F4xx_HAL_Driver/Src/stm32f4xx_hal_gpio.c ****   During and just after reset, the alternate functions and external interrupt  
  38:Drivers/STM32F4xx_HAL_Driver/Src/stm32f4xx_hal_gpio.c ****   lines are not active and the I/O ports are configured in input floating mode.
  39:Drivers/STM32F4xx_HAL_Driver/Src/stm32f4xx_hal_gpio.c ****   
  40:Drivers/STM32F4xx_HAL_Driver/Src/stm32f4xx_hal_gpio.c ****   [..]   
  41:Drivers/STM32F4xx_HAL_Driver/Src/stm32f4xx_hal_gpio.c ****   All GPIO pins have weak internal pull-up and pull-down resistors, which can be 
  42:Drivers/STM32F4xx_HAL_Driver/Src/stm32f4xx_hal_gpio.c ****   activated or not.
  43:Drivers/STM32F4xx_HAL_Driver/Src/stm32f4xx_hal_gpio.c **** 
  44:Drivers/STM32F4xx_HAL_Driver/Src/stm32f4xx_hal_gpio.c ****   [..]
  45:Drivers/STM32F4xx_HAL_Driver/Src/stm32f4xx_hal_gpio.c ****   In Output or Alternate mode, each IO can be configured on open-drain or push-pull
  46:Drivers/STM32F4xx_HAL_Driver/Src/stm32f4xx_hal_gpio.c ****   type and the IO speed can be selected depending on the VDD value.
  47:Drivers/STM32F4xx_HAL_Driver/Src/stm32f4xx_hal_gpio.c **** 
  48:Drivers/STM32F4xx_HAL_Driver/Src/stm32f4xx_hal_gpio.c ****   [..]  
  49:Drivers/STM32F4xx_HAL_Driver/Src/stm32f4xx_hal_gpio.c ****   All ports have external interrupt/event capability. To use external interrupt 
  50:Drivers/STM32F4xx_HAL_Driver/Src/stm32f4xx_hal_gpio.c ****   lines, the port must be configured in input mode. All available GPIO pins are 
  51:Drivers/STM32F4xx_HAL_Driver/Src/stm32f4xx_hal_gpio.c ****   connected to the 16 external interrupt/event lines from EXTI0 to EXTI15.
  52:Drivers/STM32F4xx_HAL_Driver/Src/stm32f4xx_hal_gpio.c ****   
  53:Drivers/STM32F4xx_HAL_Driver/Src/stm32f4xx_hal_gpio.c ****   [..]
  54:Drivers/STM32F4xx_HAL_Driver/Src/stm32f4xx_hal_gpio.c ****   The external interrupt/event controller consists of up to 23 edge detectors 
  55:Drivers/STM32F4xx_HAL_Driver/Src/stm32f4xx_hal_gpio.c ****   (16 lines are connected to GPIO) for generating event/interrupt requests (each 
  56:Drivers/STM32F4xx_HAL_Driver/Src/stm32f4xx_hal_gpio.c ****   input line can be independently configured to select the type (interrupt or event) 
  57:Drivers/STM32F4xx_HAL_Driver/Src/stm32f4xx_hal_gpio.c ****   and the corresponding trigger event (rising or falling or both). Each line can 
  58:Drivers/STM32F4xx_HAL_Driver/Src/stm32f4xx_hal_gpio.c ****   also be masked independently. 
  59:Drivers/STM32F4xx_HAL_Driver/Src/stm32f4xx_hal_gpio.c **** 
  60:Drivers/STM32F4xx_HAL_Driver/Src/stm32f4xx_hal_gpio.c ****                      ##### How to use this driver #####
  61:Drivers/STM32F4xx_HAL_Driver/Src/stm32f4xx_hal_gpio.c ****   ==============================================================================  
  62:Drivers/STM32F4xx_HAL_Driver/Src/stm32f4xx_hal_gpio.c ****   [..]
  63:Drivers/STM32F4xx_HAL_Driver/Src/stm32f4xx_hal_gpio.c ****     (#) Enable the GPIO AHB clock using the following function: __HAL_RCC_GPIOx_CLK_ENABLE(). 
  64:Drivers/STM32F4xx_HAL_Driver/Src/stm32f4xx_hal_gpio.c **** 
  65:Drivers/STM32F4xx_HAL_Driver/Src/stm32f4xx_hal_gpio.c ****     (#) Configure the GPIO pin(s) using HAL_GPIO_Init().
  66:Drivers/STM32F4xx_HAL_Driver/Src/stm32f4xx_hal_gpio.c ****         (++) Configure the IO mode using "Mode" member from GPIO_InitTypeDef structure
  67:Drivers/STM32F4xx_HAL_Driver/Src/stm32f4xx_hal_gpio.c ****         (++) Activate Pull-up, Pull-down resistor using "Pull" member from GPIO_InitTypeDef 
  68:Drivers/STM32F4xx_HAL_Driver/Src/stm32f4xx_hal_gpio.c ****              structure.
  69:Drivers/STM32F4xx_HAL_Driver/Src/stm32f4xx_hal_gpio.c ****         (++) In case of Output or alternate function mode selection: the speed is 
  70:Drivers/STM32F4xx_HAL_Driver/Src/stm32f4xx_hal_gpio.c ****              configured through "Speed" member from GPIO_InitTypeDef structure.
  71:Drivers/STM32F4xx_HAL_Driver/Src/stm32f4xx_hal_gpio.c ****         (++) In alternate mode is selection, the alternate function connected to the IO
  72:Drivers/STM32F4xx_HAL_Driver/Src/stm32f4xx_hal_gpio.c ****              is configured through "Alternate" member from GPIO_InitTypeDef structure.
  73:Drivers/STM32F4xx_HAL_Driver/Src/stm32f4xx_hal_gpio.c ****         (++) Analog mode is required when a pin is to be used as ADC channel 
  74:Drivers/STM32F4xx_HAL_Driver/Src/stm32f4xx_hal_gpio.c ****              or DAC output.
  75:Drivers/STM32F4xx_HAL_Driver/Src/stm32f4xx_hal_gpio.c ****         (++) In case of external interrupt/event selection the "Mode" member from 
  76:Drivers/STM32F4xx_HAL_Driver/Src/stm32f4xx_hal_gpio.c ****              GPIO_InitTypeDef structure select the type (interrupt or event) and 
  77:Drivers/STM32F4xx_HAL_Driver/Src/stm32f4xx_hal_gpio.c ****              the corresponding trigger event (rising or falling or both).
ARM GAS  C:\Users\guoch\AppData\Local\Temp\ccXDgaDm.s 			page 3


  78:Drivers/STM32F4xx_HAL_Driver/Src/stm32f4xx_hal_gpio.c **** 
  79:Drivers/STM32F4xx_HAL_Driver/Src/stm32f4xx_hal_gpio.c ****     (#) In case of external interrupt/event mode selection, configure NVIC IRQ priority 
  80:Drivers/STM32F4xx_HAL_Driver/Src/stm32f4xx_hal_gpio.c ****         mapped to the EXTI line using HAL_NVIC_SetPriority() and enable it using
  81:Drivers/STM32F4xx_HAL_Driver/Src/stm32f4xx_hal_gpio.c ****         HAL_NVIC_EnableIRQ().
  82:Drivers/STM32F4xx_HAL_Driver/Src/stm32f4xx_hal_gpio.c ****          
  83:Drivers/STM32F4xx_HAL_Driver/Src/stm32f4xx_hal_gpio.c ****     (#) To get the level of a pin configured in input mode use HAL_GPIO_ReadPin().
  84:Drivers/STM32F4xx_HAL_Driver/Src/stm32f4xx_hal_gpio.c ****             
  85:Drivers/STM32F4xx_HAL_Driver/Src/stm32f4xx_hal_gpio.c ****     (#) To set/reset the level of a pin configured in output mode use 
  86:Drivers/STM32F4xx_HAL_Driver/Src/stm32f4xx_hal_gpio.c ****         HAL_GPIO_WritePin()/HAL_GPIO_TogglePin().
  87:Drivers/STM32F4xx_HAL_Driver/Src/stm32f4xx_hal_gpio.c ****     
  88:Drivers/STM32F4xx_HAL_Driver/Src/stm32f4xx_hal_gpio.c ****     (#) To lock pin configuration until next reset use HAL_GPIO_LockPin().
  89:Drivers/STM32F4xx_HAL_Driver/Src/stm32f4xx_hal_gpio.c **** 
  90:Drivers/STM32F4xx_HAL_Driver/Src/stm32f4xx_hal_gpio.c ****                  
  91:Drivers/STM32F4xx_HAL_Driver/Src/stm32f4xx_hal_gpio.c ****     (#) During and just after reset, the alternate functions are not 
  92:Drivers/STM32F4xx_HAL_Driver/Src/stm32f4xx_hal_gpio.c ****         active and the GPIO pins are configured in input floating mode (except JTAG
  93:Drivers/STM32F4xx_HAL_Driver/Src/stm32f4xx_hal_gpio.c ****         pins).
  94:Drivers/STM32F4xx_HAL_Driver/Src/stm32f4xx_hal_gpio.c ****   
  95:Drivers/STM32F4xx_HAL_Driver/Src/stm32f4xx_hal_gpio.c ****     (#) The LSE oscillator pins OSC32_IN and OSC32_OUT can be used as general purpose 
  96:Drivers/STM32F4xx_HAL_Driver/Src/stm32f4xx_hal_gpio.c ****         (PC14 and PC15, respectively) when the LSE oscillator is off. The LSE has 
  97:Drivers/STM32F4xx_HAL_Driver/Src/stm32f4xx_hal_gpio.c ****         priority over the GPIO function.
  98:Drivers/STM32F4xx_HAL_Driver/Src/stm32f4xx_hal_gpio.c ****   
  99:Drivers/STM32F4xx_HAL_Driver/Src/stm32f4xx_hal_gpio.c ****     (#) The HSE oscillator pins OSC_IN/OSC_OUT can be used as 
 100:Drivers/STM32F4xx_HAL_Driver/Src/stm32f4xx_hal_gpio.c ****         general purpose PH0 and PH1, respectively, when the HSE oscillator is off. 
 101:Drivers/STM32F4xx_HAL_Driver/Src/stm32f4xx_hal_gpio.c ****         The HSE has priority over the GPIO function.
 102:Drivers/STM32F4xx_HAL_Driver/Src/stm32f4xx_hal_gpio.c ****   
 103:Drivers/STM32F4xx_HAL_Driver/Src/stm32f4xx_hal_gpio.c ****   @endverbatim
 104:Drivers/STM32F4xx_HAL_Driver/Src/stm32f4xx_hal_gpio.c ****   ******************************************************************************
 105:Drivers/STM32F4xx_HAL_Driver/Src/stm32f4xx_hal_gpio.c ****   */ 
 106:Drivers/STM32F4xx_HAL_Driver/Src/stm32f4xx_hal_gpio.c **** 
 107:Drivers/STM32F4xx_HAL_Driver/Src/stm32f4xx_hal_gpio.c **** /* Includes ------------------------------------------------------------------*/
 108:Drivers/STM32F4xx_HAL_Driver/Src/stm32f4xx_hal_gpio.c **** #include "stm32f4xx_hal.h"
 109:Drivers/STM32F4xx_HAL_Driver/Src/stm32f4xx_hal_gpio.c **** 
 110:Drivers/STM32F4xx_HAL_Driver/Src/stm32f4xx_hal_gpio.c **** /** @addtogroup STM32F4xx_HAL_Driver
 111:Drivers/STM32F4xx_HAL_Driver/Src/stm32f4xx_hal_gpio.c ****   * @{
 112:Drivers/STM32F4xx_HAL_Driver/Src/stm32f4xx_hal_gpio.c ****   */
 113:Drivers/STM32F4xx_HAL_Driver/Src/stm32f4xx_hal_gpio.c **** 
 114:Drivers/STM32F4xx_HAL_Driver/Src/stm32f4xx_hal_gpio.c **** /** @defgroup GPIO GPIO
 115:Drivers/STM32F4xx_HAL_Driver/Src/stm32f4xx_hal_gpio.c ****   * @brief GPIO HAL module driver
 116:Drivers/STM32F4xx_HAL_Driver/Src/stm32f4xx_hal_gpio.c ****   * @{
 117:Drivers/STM32F4xx_HAL_Driver/Src/stm32f4xx_hal_gpio.c ****   */
 118:Drivers/STM32F4xx_HAL_Driver/Src/stm32f4xx_hal_gpio.c **** 
 119:Drivers/STM32F4xx_HAL_Driver/Src/stm32f4xx_hal_gpio.c **** #ifdef HAL_GPIO_MODULE_ENABLED
 120:Drivers/STM32F4xx_HAL_Driver/Src/stm32f4xx_hal_gpio.c **** 
 121:Drivers/STM32F4xx_HAL_Driver/Src/stm32f4xx_hal_gpio.c **** /* Private typedef -----------------------------------------------------------*/
 122:Drivers/STM32F4xx_HAL_Driver/Src/stm32f4xx_hal_gpio.c **** /* Private define ------------------------------------------------------------*/
 123:Drivers/STM32F4xx_HAL_Driver/Src/stm32f4xx_hal_gpio.c **** /** @addtogroup GPIO_Private_Constants GPIO Private Constants
 124:Drivers/STM32F4xx_HAL_Driver/Src/stm32f4xx_hal_gpio.c ****   * @{
 125:Drivers/STM32F4xx_HAL_Driver/Src/stm32f4xx_hal_gpio.c ****   */
 126:Drivers/STM32F4xx_HAL_Driver/Src/stm32f4xx_hal_gpio.c **** 
 127:Drivers/STM32F4xx_HAL_Driver/Src/stm32f4xx_hal_gpio.c **** #define GPIO_NUMBER           16U
 128:Drivers/STM32F4xx_HAL_Driver/Src/stm32f4xx_hal_gpio.c **** /**
 129:Drivers/STM32F4xx_HAL_Driver/Src/stm32f4xx_hal_gpio.c ****   * @}
 130:Drivers/STM32F4xx_HAL_Driver/Src/stm32f4xx_hal_gpio.c ****   */
 131:Drivers/STM32F4xx_HAL_Driver/Src/stm32f4xx_hal_gpio.c **** /* Private macro -------------------------------------------------------------*/
 132:Drivers/STM32F4xx_HAL_Driver/Src/stm32f4xx_hal_gpio.c **** /* Private variables ---------------------------------------------------------*/
 133:Drivers/STM32F4xx_HAL_Driver/Src/stm32f4xx_hal_gpio.c **** /* Private function prototypes -----------------------------------------------*/
 134:Drivers/STM32F4xx_HAL_Driver/Src/stm32f4xx_hal_gpio.c **** /* Private functions ---------------------------------------------------------*/
ARM GAS  C:\Users\guoch\AppData\Local\Temp\ccXDgaDm.s 			page 4


 135:Drivers/STM32F4xx_HAL_Driver/Src/stm32f4xx_hal_gpio.c **** /* Exported functions --------------------------------------------------------*/
 136:Drivers/STM32F4xx_HAL_Driver/Src/stm32f4xx_hal_gpio.c **** /** @defgroup GPIO_Exported_Functions GPIO Exported Functions
 137:Drivers/STM32F4xx_HAL_Driver/Src/stm32f4xx_hal_gpio.c ****   * @{
 138:Drivers/STM32F4xx_HAL_Driver/Src/stm32f4xx_hal_gpio.c ****   */
 139:Drivers/STM32F4xx_HAL_Driver/Src/stm32f4xx_hal_gpio.c **** 
 140:Drivers/STM32F4xx_HAL_Driver/Src/stm32f4xx_hal_gpio.c **** /** @defgroup GPIO_Exported_Functions_Group1 Initialization and de-initialization functions
 141:Drivers/STM32F4xx_HAL_Driver/Src/stm32f4xx_hal_gpio.c ****   *  @brief    Initialization and Configuration functions
 142:Drivers/STM32F4xx_HAL_Driver/Src/stm32f4xx_hal_gpio.c ****   *
 143:Drivers/STM32F4xx_HAL_Driver/Src/stm32f4xx_hal_gpio.c **** @verbatim    
 144:Drivers/STM32F4xx_HAL_Driver/Src/stm32f4xx_hal_gpio.c ****  ===============================================================================
 145:Drivers/STM32F4xx_HAL_Driver/Src/stm32f4xx_hal_gpio.c ****               ##### Initialization and de-initialization functions #####
 146:Drivers/STM32F4xx_HAL_Driver/Src/stm32f4xx_hal_gpio.c ****  ===============================================================================
 147:Drivers/STM32F4xx_HAL_Driver/Src/stm32f4xx_hal_gpio.c ****   [..]
 148:Drivers/STM32F4xx_HAL_Driver/Src/stm32f4xx_hal_gpio.c ****     This section provides functions allowing to initialize and de-initialize the GPIOs
 149:Drivers/STM32F4xx_HAL_Driver/Src/stm32f4xx_hal_gpio.c ****     to be ready for use.
 150:Drivers/STM32F4xx_HAL_Driver/Src/stm32f4xx_hal_gpio.c ****  
 151:Drivers/STM32F4xx_HAL_Driver/Src/stm32f4xx_hal_gpio.c **** @endverbatim
 152:Drivers/STM32F4xx_HAL_Driver/Src/stm32f4xx_hal_gpio.c ****   * @{
 153:Drivers/STM32F4xx_HAL_Driver/Src/stm32f4xx_hal_gpio.c ****   */
 154:Drivers/STM32F4xx_HAL_Driver/Src/stm32f4xx_hal_gpio.c **** 
 155:Drivers/STM32F4xx_HAL_Driver/Src/stm32f4xx_hal_gpio.c **** 
 156:Drivers/STM32F4xx_HAL_Driver/Src/stm32f4xx_hal_gpio.c **** /**
 157:Drivers/STM32F4xx_HAL_Driver/Src/stm32f4xx_hal_gpio.c ****   * @brief  Initializes the GPIOx peripheral according to the specified parameters in the GPIO_Init
 158:Drivers/STM32F4xx_HAL_Driver/Src/stm32f4xx_hal_gpio.c ****   * @param  GPIOx where x can be (A..K) to select the GPIO peripheral for STM32F429X device or
 159:Drivers/STM32F4xx_HAL_Driver/Src/stm32f4xx_hal_gpio.c ****   *                      x can be (A..I) to select the GPIO peripheral for STM32F40XX and STM32F427
 160:Drivers/STM32F4xx_HAL_Driver/Src/stm32f4xx_hal_gpio.c ****   * @param  GPIO_Init pointer to a GPIO_InitTypeDef structure that contains
 161:Drivers/STM32F4xx_HAL_Driver/Src/stm32f4xx_hal_gpio.c ****   *         the configuration information for the specified GPIO peripheral.
 162:Drivers/STM32F4xx_HAL_Driver/Src/stm32f4xx_hal_gpio.c ****   * @retval None
 163:Drivers/STM32F4xx_HAL_Driver/Src/stm32f4xx_hal_gpio.c ****   */
 164:Drivers/STM32F4xx_HAL_Driver/Src/stm32f4xx_hal_gpio.c **** void HAL_GPIO_Init(GPIO_TypeDef  *GPIOx, GPIO_InitTypeDef *GPIO_Init)
 165:Drivers/STM32F4xx_HAL_Driver/Src/stm32f4xx_hal_gpio.c **** {
  35              		.loc 1 165 1 view -0
  36              		.cfi_startproc
  37              		@ args = 0, pretend = 0, frame = 8
  38              		@ frame_needed = 0, uses_anonymous_args = 0
  39              		.loc 1 165 1 is_stmt 0 view .LVU1
  40 0000 2DE9F041 		push	{r4, r5, r6, r7, r8, lr}
  41              	.LCFI0:
  42              		.cfi_def_cfa_offset 24
  43              		.cfi_offset 4, -24
  44              		.cfi_offset 5, -20
  45              		.cfi_offset 6, -16
  46              		.cfi_offset 7, -12
  47              		.cfi_offset 8, -8
  48              		.cfi_offset 14, -4
  49 0004 82B0     		sub	sp, sp, #8
  50              	.LCFI1:
  51              		.cfi_def_cfa_offset 32
  52 0006 0746     		mov	r7, r0
  53 0008 0E46     		mov	r6, r1
 166:Drivers/STM32F4xx_HAL_Driver/Src/stm32f4xx_hal_gpio.c ****   uint32_t position;
  54              		.loc 1 166 3 is_stmt 1 view .LVU2
 167:Drivers/STM32F4xx_HAL_Driver/Src/stm32f4xx_hal_gpio.c ****   uint32_t ioposition = 0x00U;
  55              		.loc 1 167 3 view .LVU3
  56              	.LVL1:
 168:Drivers/STM32F4xx_HAL_Driver/Src/stm32f4xx_hal_gpio.c ****   uint32_t iocurrent = 0x00U;
  57              		.loc 1 168 3 view .LVU4
ARM GAS  C:\Users\guoch\AppData\Local\Temp\ccXDgaDm.s 			page 5


 169:Drivers/STM32F4xx_HAL_Driver/Src/stm32f4xx_hal_gpio.c ****   uint32_t temp = 0x00U;
  58              		.loc 1 169 3 view .LVU5
 170:Drivers/STM32F4xx_HAL_Driver/Src/stm32f4xx_hal_gpio.c **** 
 171:Drivers/STM32F4xx_HAL_Driver/Src/stm32f4xx_hal_gpio.c ****   /* Check the parameters */
 172:Drivers/STM32F4xx_HAL_Driver/Src/stm32f4xx_hal_gpio.c ****   assert_param(IS_GPIO_ALL_INSTANCE(GPIOx));
  59              		.loc 1 172 3 view .LVU6
  60 000a 564B     		ldr	r3, .L37
  61 000c 9842     		cmp	r0, r3
  62 000e 23D0     		beq	.L2
  63              		.loc 1 172 3 is_stmt 0 discriminator 1 view .LVU7
  64 0010 03F58063 		add	r3, r3, #1024
  65 0014 9842     		cmp	r0, r3
  66 0016 1FD0     		beq	.L2
  67              		.loc 1 172 3 discriminator 2 view .LVU8
  68 0018 03F58063 		add	r3, r3, #1024
  69 001c 9842     		cmp	r0, r3
  70 001e 1BD0     		beq	.L2
  71              		.loc 1 172 3 discriminator 3 view .LVU9
  72 0020 03F58063 		add	r3, r3, #1024
  73 0024 9842     		cmp	r0, r3
  74 0026 17D0     		beq	.L2
  75              		.loc 1 172 3 discriminator 4 view .LVU10
  76 0028 03F58063 		add	r3, r3, #1024
  77 002c 9842     		cmp	r0, r3
  78 002e 13D0     		beq	.L2
  79              		.loc 1 172 3 discriminator 5 view .LVU11
  80 0030 03F58063 		add	r3, r3, #1024
  81 0034 9842     		cmp	r0, r3
  82 0036 0FD0     		beq	.L2
  83              		.loc 1 172 3 discriminator 6 view .LVU12
  84 0038 03F58063 		add	r3, r3, #1024
  85 003c 9842     		cmp	r0, r3
  86 003e 0BD0     		beq	.L2
  87              		.loc 1 172 3 discriminator 7 view .LVU13
  88 0040 03F58063 		add	r3, r3, #1024
  89 0044 9842     		cmp	r0, r3
  90 0046 07D0     		beq	.L2
  91              		.loc 1 172 3 discriminator 8 view .LVU14
  92 0048 03F58063 		add	r3, r3, #1024
  93 004c 9842     		cmp	r0, r3
  94 004e 03D0     		beq	.L2
  95              		.loc 1 172 3 discriminator 9 view .LVU15
  96 0050 AC21     		movs	r1, #172
  97              	.LVL2:
  98              		.loc 1 172 3 discriminator 9 view .LVU16
  99 0052 4548     		ldr	r0, .L37+4
 100              	.LVL3:
 101              		.loc 1 172 3 discriminator 9 view .LVU17
 102 0054 FFF7FEFF 		bl	assert_failed
 103              	.LVL4:
 104              	.L2:
 173:Drivers/STM32F4xx_HAL_Driver/Src/stm32f4xx_hal_gpio.c ****   assert_param(IS_GPIO_PIN(GPIO_Init->Pin));
 105              		.loc 1 173 3 is_stmt 1 view .LVU18
 106 0058 3368     		ldr	r3, [r6]
 107 005a 9AB2     		uxth	r2, r3
 108 005c 12B1     		cbz	r2, .L3
 109              		.loc 1 173 3 is_stmt 0 discriminator 2 view .LVU19
ARM GAS  C:\Users\guoch\AppData\Local\Temp\ccXDgaDm.s 			page 6


 110 005e 1B0C     		lsrs	r3, r3, #16
 111 0060 1B04     		lsls	r3, r3, #16
 112 0062 1BB1     		cbz	r3, .L4
 113              	.L3:
 114              		.loc 1 173 3 discriminator 3 view .LVU20
 115 0064 AD21     		movs	r1, #173
 116 0066 4048     		ldr	r0, .L37+4
 117 0068 FFF7FEFF 		bl	assert_failed
 118              	.LVL5:
 119              	.L4:
 174:Drivers/STM32F4xx_HAL_Driver/Src/stm32f4xx_hal_gpio.c ****   assert_param(IS_GPIO_MODE(GPIO_Init->Mode));
 120              		.loc 1 174 3 is_stmt 1 view .LVU21
 121 006c 7368     		ldr	r3, [r6, #4]
 122 006e 012B     		cmp	r3, #1
 123 0070 19D9     		bls	.L5
 124              		.loc 1 174 3 is_stmt 0 discriminator 1 view .LVU22
 125 0072 112B     		cmp	r3, #17
 126 0074 17D0     		beq	.L5
 127              		.loc 1 174 3 discriminator 2 view .LVU23
 128 0076 022B     		cmp	r3, #2
 129 0078 15D0     		beq	.L5
 130              		.loc 1 174 3 discriminator 3 view .LVU24
 131 007a 122B     		cmp	r3, #18
 132 007c 13D0     		beq	.L5
 133              		.loc 1 174 3 discriminator 4 view .LVU25
 134 007e B3F5881F 		cmp	r3, #1114112
 135 0082 10D0     		beq	.L5
 136              		.loc 1 174 3 discriminator 5 view .LVU26
 137 0084 B3F5041F 		cmp	r3, #2162688
 138 0088 0DD0     		beq	.L5
 139              		.loc 1 174 3 discriminator 6 view .LVU27
 140 008a B3F5441F 		cmp	r3, #3211264
 141 008e 0AD0     		beq	.L5
 142              		.loc 1 174 3 discriminator 7 view .LVU28
 143 0090 B3F5901F 		cmp	r3, #1179648
 144 0094 07D0     		beq	.L5
 145              		.loc 1 174 3 discriminator 8 view .LVU29
 146 0096 B3F5081F 		cmp	r3, #2228224
 147 009a 04D0     		beq	.L5
 148              		.loc 1 174 3 discriminator 9 view .LVU30
 149 009c B3F5481F 		cmp	r3, #3276800
 150 00a0 01D0     		beq	.L5
 151              		.loc 1 174 3 discriminator 10 view .LVU31
 152 00a2 032B     		cmp	r3, #3
 153 00a4 01D1     		bne	.L29
 154              	.L5:
 175:Drivers/STM32F4xx_HAL_Driver/Src/stm32f4xx_hal_gpio.c **** 
 176:Drivers/STM32F4xx_HAL_Driver/Src/stm32f4xx_hal_gpio.c ****   /* Configure the port pins */
 177:Drivers/STM32F4xx_HAL_Driver/Src/stm32f4xx_hal_gpio.c ****   for(position = 0U; position < GPIO_NUMBER; position++)
 178:Drivers/STM32F4xx_HAL_Driver/Src/stm32f4xx_hal_gpio.c ****   {
 179:Drivers/STM32F4xx_HAL_Driver/Src/stm32f4xx_hal_gpio.c ****     /* Get the IO position */
 180:Drivers/STM32F4xx_HAL_Driver/Src/stm32f4xx_hal_gpio.c ****     ioposition = 0x01U << position;
 181:Drivers/STM32F4xx_HAL_Driver/Src/stm32f4xx_hal_gpio.c ****     /* Get the current IO position */
 182:Drivers/STM32F4xx_HAL_Driver/Src/stm32f4xx_hal_gpio.c ****     iocurrent = (uint32_t)(GPIO_Init->Pin) & ioposition;
 183:Drivers/STM32F4xx_HAL_Driver/Src/stm32f4xx_hal_gpio.c **** 
 184:Drivers/STM32F4xx_HAL_Driver/Src/stm32f4xx_hal_gpio.c ****     if(iocurrent == ioposition)
 185:Drivers/STM32F4xx_HAL_Driver/Src/stm32f4xx_hal_gpio.c ****     {
ARM GAS  C:\Users\guoch\AppData\Local\Temp\ccXDgaDm.s 			page 7


 186:Drivers/STM32F4xx_HAL_Driver/Src/stm32f4xx_hal_gpio.c ****       /*--------------------- GPIO Mode Configuration ------------------------*/
 187:Drivers/STM32F4xx_HAL_Driver/Src/stm32f4xx_hal_gpio.c ****       /* In case of Output or Alternate function mode selection */
 188:Drivers/STM32F4xx_HAL_Driver/Src/stm32f4xx_hal_gpio.c ****       if(((GPIO_Init->Mode & GPIO_MODE) == MODE_OUTPUT) || \
 189:Drivers/STM32F4xx_HAL_Driver/Src/stm32f4xx_hal_gpio.c ****           (GPIO_Init->Mode & GPIO_MODE) == MODE_AF)
 190:Drivers/STM32F4xx_HAL_Driver/Src/stm32f4xx_hal_gpio.c ****       {
 191:Drivers/STM32F4xx_HAL_Driver/Src/stm32f4xx_hal_gpio.c ****         /* Check the Speed parameter */
 192:Drivers/STM32F4xx_HAL_Driver/Src/stm32f4xx_hal_gpio.c ****         assert_param(IS_GPIO_SPEED(GPIO_Init->Speed));
 193:Drivers/STM32F4xx_HAL_Driver/Src/stm32f4xx_hal_gpio.c ****         /* Configure the IO Speed */
 194:Drivers/STM32F4xx_HAL_Driver/Src/stm32f4xx_hal_gpio.c ****         temp = GPIOx->OSPEEDR; 
 195:Drivers/STM32F4xx_HAL_Driver/Src/stm32f4xx_hal_gpio.c ****         temp &= ~(GPIO_OSPEEDER_OSPEEDR0 << (position * 2U));
 196:Drivers/STM32F4xx_HAL_Driver/Src/stm32f4xx_hal_gpio.c ****         temp |= (GPIO_Init->Speed << (position * 2U));
 197:Drivers/STM32F4xx_HAL_Driver/Src/stm32f4xx_hal_gpio.c ****         GPIOx->OSPEEDR = temp;
 198:Drivers/STM32F4xx_HAL_Driver/Src/stm32f4xx_hal_gpio.c **** 
 199:Drivers/STM32F4xx_HAL_Driver/Src/stm32f4xx_hal_gpio.c ****         /* Configure the IO Output Type */
 200:Drivers/STM32F4xx_HAL_Driver/Src/stm32f4xx_hal_gpio.c ****         temp = GPIOx->OTYPER;
 201:Drivers/STM32F4xx_HAL_Driver/Src/stm32f4xx_hal_gpio.c ****         temp &= ~(GPIO_OTYPER_OT_0 << position) ;
 202:Drivers/STM32F4xx_HAL_Driver/Src/stm32f4xx_hal_gpio.c ****         temp |= (((GPIO_Init->Mode & OUTPUT_TYPE) >> OUTPUT_TYPE_Pos) << position);
 203:Drivers/STM32F4xx_HAL_Driver/Src/stm32f4xx_hal_gpio.c ****         GPIOx->OTYPER = temp;
 204:Drivers/STM32F4xx_HAL_Driver/Src/stm32f4xx_hal_gpio.c ****        }
 205:Drivers/STM32F4xx_HAL_Driver/Src/stm32f4xx_hal_gpio.c **** 
 206:Drivers/STM32F4xx_HAL_Driver/Src/stm32f4xx_hal_gpio.c ****       if((GPIO_Init->Mode & GPIO_MODE) != MODE_ANALOG)
 207:Drivers/STM32F4xx_HAL_Driver/Src/stm32f4xx_hal_gpio.c ****       {
 208:Drivers/STM32F4xx_HAL_Driver/Src/stm32f4xx_hal_gpio.c ****         /* Check the parameters */
 209:Drivers/STM32F4xx_HAL_Driver/Src/stm32f4xx_hal_gpio.c ****         assert_param(IS_GPIO_PULL(GPIO_Init->Pull));
 210:Drivers/STM32F4xx_HAL_Driver/Src/stm32f4xx_hal_gpio.c ****         
 211:Drivers/STM32F4xx_HAL_Driver/Src/stm32f4xx_hal_gpio.c ****         /* Activate the Pull-up or Pull down resistor for the current IO */
 212:Drivers/STM32F4xx_HAL_Driver/Src/stm32f4xx_hal_gpio.c ****         temp = GPIOx->PUPDR;
 213:Drivers/STM32F4xx_HAL_Driver/Src/stm32f4xx_hal_gpio.c ****         temp &= ~(GPIO_PUPDR_PUPDR0 << (position * 2U));
 214:Drivers/STM32F4xx_HAL_Driver/Src/stm32f4xx_hal_gpio.c ****         temp |= ((GPIO_Init->Pull) << (position * 2U));
 215:Drivers/STM32F4xx_HAL_Driver/Src/stm32f4xx_hal_gpio.c ****         GPIOx->PUPDR = temp;
 216:Drivers/STM32F4xx_HAL_Driver/Src/stm32f4xx_hal_gpio.c ****       }
 217:Drivers/STM32F4xx_HAL_Driver/Src/stm32f4xx_hal_gpio.c **** 
 218:Drivers/STM32F4xx_HAL_Driver/Src/stm32f4xx_hal_gpio.c ****       /* In case of Alternate function mode selection */
 219:Drivers/STM32F4xx_HAL_Driver/Src/stm32f4xx_hal_gpio.c ****       if((GPIO_Init->Mode & GPIO_MODE) == MODE_AF)
 220:Drivers/STM32F4xx_HAL_Driver/Src/stm32f4xx_hal_gpio.c ****       {
 221:Drivers/STM32F4xx_HAL_Driver/Src/stm32f4xx_hal_gpio.c ****         /* Check the Alternate function parameter */
 222:Drivers/STM32F4xx_HAL_Driver/Src/stm32f4xx_hal_gpio.c ****         assert_param(IS_GPIO_AF(GPIO_Init->Alternate));
 223:Drivers/STM32F4xx_HAL_Driver/Src/stm32f4xx_hal_gpio.c ****         /* Configure Alternate function mapped with the current IO */
 224:Drivers/STM32F4xx_HAL_Driver/Src/stm32f4xx_hal_gpio.c ****         temp = GPIOx->AFR[position >> 3U];
 225:Drivers/STM32F4xx_HAL_Driver/Src/stm32f4xx_hal_gpio.c ****         temp &= ~(0xFU << ((uint32_t)(position & 0x07U) * 4U)) ;
 226:Drivers/STM32F4xx_HAL_Driver/Src/stm32f4xx_hal_gpio.c ****         temp |= ((uint32_t)(GPIO_Init->Alternate) << (((uint32_t)position & 0x07U) * 4U));
 227:Drivers/STM32F4xx_HAL_Driver/Src/stm32f4xx_hal_gpio.c ****         GPIOx->AFR[position >> 3U] = temp;
 228:Drivers/STM32F4xx_HAL_Driver/Src/stm32f4xx_hal_gpio.c ****       }
 229:Drivers/STM32F4xx_HAL_Driver/Src/stm32f4xx_hal_gpio.c **** 
 230:Drivers/STM32F4xx_HAL_Driver/Src/stm32f4xx_hal_gpio.c ****       /* Configure IO Direction mode (Input, Output, Alternate or Analog) */
 231:Drivers/STM32F4xx_HAL_Driver/Src/stm32f4xx_hal_gpio.c ****       temp = GPIOx->MODER;
 232:Drivers/STM32F4xx_HAL_Driver/Src/stm32f4xx_hal_gpio.c ****       temp &= ~(GPIO_MODER_MODER0 << (position * 2U));
 233:Drivers/STM32F4xx_HAL_Driver/Src/stm32f4xx_hal_gpio.c ****       temp |= ((GPIO_Init->Mode & GPIO_MODE) << (position * 2U));
 234:Drivers/STM32F4xx_HAL_Driver/Src/stm32f4xx_hal_gpio.c ****       GPIOx->MODER = temp;
 235:Drivers/STM32F4xx_HAL_Driver/Src/stm32f4xx_hal_gpio.c **** 
 236:Drivers/STM32F4xx_HAL_Driver/Src/stm32f4xx_hal_gpio.c ****       /*--------------------- EXTI Mode Configuration ------------------------*/
 237:Drivers/STM32F4xx_HAL_Driver/Src/stm32f4xx_hal_gpio.c ****       /* Configure the External Interrupt or event for the current IO */
 238:Drivers/STM32F4xx_HAL_Driver/Src/stm32f4xx_hal_gpio.c ****       if((GPIO_Init->Mode & EXTI_MODE) != 0x00U)
 239:Drivers/STM32F4xx_HAL_Driver/Src/stm32f4xx_hal_gpio.c ****       {
 240:Drivers/STM32F4xx_HAL_Driver/Src/stm32f4xx_hal_gpio.c ****         /* Enable SYSCFG Clock */
 241:Drivers/STM32F4xx_HAL_Driver/Src/stm32f4xx_hal_gpio.c ****         __HAL_RCC_SYSCFG_CLK_ENABLE();
 242:Drivers/STM32F4xx_HAL_Driver/Src/stm32f4xx_hal_gpio.c **** 
ARM GAS  C:\Users\guoch\AppData\Local\Temp\ccXDgaDm.s 			page 8


 243:Drivers/STM32F4xx_HAL_Driver/Src/stm32f4xx_hal_gpio.c ****         temp = SYSCFG->EXTICR[position >> 2U];
 244:Drivers/STM32F4xx_HAL_Driver/Src/stm32f4xx_hal_gpio.c ****         temp &= ~(0x0FU << (4U * (position & 0x03U)));
 245:Drivers/STM32F4xx_HAL_Driver/Src/stm32f4xx_hal_gpio.c ****         temp |= ((uint32_t)(GPIO_GET_INDEX(GPIOx)) << (4U * (position & 0x03U)));
 155              		.loc 1 245 29 discriminator 1 view .LVU32
 156 00a6 0024     		movs	r4, #0
 157 00a8 96E0     		b	.L6
 158              	.L29:
 174:Drivers/STM32F4xx_HAL_Driver/Src/stm32f4xx_hal_gpio.c ****   assert_param(IS_GPIO_MODE(GPIO_Init->Mode));
 159              		.loc 1 174 3 discriminator 11 view .LVU33
 160 00aa AE21     		movs	r1, #174
 161 00ac 2E48     		ldr	r0, .L37+4
 162 00ae FFF7FEFF 		bl	assert_failed
 163              	.LVL6:
 164 00b2 F8E7     		b	.L5
 165              	.LVL7:
 166              	.L33:
 192:Drivers/STM32F4xx_HAL_Driver/Src/stm32f4xx_hal_gpio.c ****         /* Configure the IO Speed */
 167              		.loc 1 192 9 is_stmt 1 view .LVU34
 168 00b4 F368     		ldr	r3, [r6, #12]
 169 00b6 032B     		cmp	r3, #3
 170 00b8 13D8     		bhi	.L30
 171              	.L9:
 194:Drivers/STM32F4xx_HAL_Driver/Src/stm32f4xx_hal_gpio.c ****         temp &= ~(GPIO_OSPEEDER_OSPEEDR0 << (position * 2U));
 172              		.loc 1 194 9 view .LVU35
 194:Drivers/STM32F4xx_HAL_Driver/Src/stm32f4xx_hal_gpio.c ****         temp &= ~(GPIO_OSPEEDER_OSPEEDR0 << (position * 2U));
 173              		.loc 1 194 14 is_stmt 0 view .LVU36
 174 00ba BA68     		ldr	r2, [r7, #8]
 175              	.LVL8:
 195:Drivers/STM32F4xx_HAL_Driver/Src/stm32f4xx_hal_gpio.c ****         temp |= (GPIO_Init->Speed << (position * 2U));
 176              		.loc 1 195 9 is_stmt 1 view .LVU37
 195:Drivers/STM32F4xx_HAL_Driver/Src/stm32f4xx_hal_gpio.c ****         temp |= (GPIO_Init->Speed << (position * 2U));
 177              		.loc 1 195 55 is_stmt 0 view .LVU38
 178 00bc 6100     		lsls	r1, r4, #1
 195:Drivers/STM32F4xx_HAL_Driver/Src/stm32f4xx_hal_gpio.c ****         temp |= (GPIO_Init->Speed << (position * 2U));
 179              		.loc 1 195 42 view .LVU39
 180 00be 0323     		movs	r3, #3
 181 00c0 8B40     		lsls	r3, r3, r1
 195:Drivers/STM32F4xx_HAL_Driver/Src/stm32f4xx_hal_gpio.c ****         temp |= (GPIO_Init->Speed << (position * 2U));
 182              		.loc 1 195 14 view .LVU40
 183 00c2 22EA0302 		bic	r2, r2, r3
 184              	.LVL9:
 196:Drivers/STM32F4xx_HAL_Driver/Src/stm32f4xx_hal_gpio.c ****         GPIOx->OSPEEDR = temp;
 185              		.loc 1 196 9 is_stmt 1 view .LVU41
 196:Drivers/STM32F4xx_HAL_Driver/Src/stm32f4xx_hal_gpio.c ****         GPIOx->OSPEEDR = temp;
 186              		.loc 1 196 27 is_stmt 0 view .LVU42
 187 00c6 F368     		ldr	r3, [r6, #12]
 196:Drivers/STM32F4xx_HAL_Driver/Src/stm32f4xx_hal_gpio.c ****         GPIOx->OSPEEDR = temp;
 188              		.loc 1 196 35 view .LVU43
 189 00c8 8B40     		lsls	r3, r3, r1
 196:Drivers/STM32F4xx_HAL_Driver/Src/stm32f4xx_hal_gpio.c ****         GPIOx->OSPEEDR = temp;
 190              		.loc 1 196 14 view .LVU44
 191 00ca 1343     		orrs	r3, r3, r2
 192              	.LVL10:
 197:Drivers/STM32F4xx_HAL_Driver/Src/stm32f4xx_hal_gpio.c **** 
 193              		.loc 1 197 9 is_stmt 1 view .LVU45
 197:Drivers/STM32F4xx_HAL_Driver/Src/stm32f4xx_hal_gpio.c **** 
 194              		.loc 1 197 24 is_stmt 0 view .LVU46
ARM GAS  C:\Users\guoch\AppData\Local\Temp\ccXDgaDm.s 			page 9


 195 00cc BB60     		str	r3, [r7, #8]
 200:Drivers/STM32F4xx_HAL_Driver/Src/stm32f4xx_hal_gpio.c ****         temp &= ~(GPIO_OTYPER_OT_0 << position) ;
 196              		.loc 1 200 9 is_stmt 1 view .LVU47
 200:Drivers/STM32F4xx_HAL_Driver/Src/stm32f4xx_hal_gpio.c ****         temp &= ~(GPIO_OTYPER_OT_0 << position) ;
 197              		.loc 1 200 14 is_stmt 0 view .LVU48
 198 00ce 7A68     		ldr	r2, [r7, #4]
 199              	.LVL11:
 201:Drivers/STM32F4xx_HAL_Driver/Src/stm32f4xx_hal_gpio.c ****         temp |= (((GPIO_Init->Mode & OUTPUT_TYPE) >> OUTPUT_TYPE_Pos) << position);
 200              		.loc 1 201 9 is_stmt 1 view .LVU49
 201:Drivers/STM32F4xx_HAL_Driver/Src/stm32f4xx_hal_gpio.c ****         temp |= (((GPIO_Init->Mode & OUTPUT_TYPE) >> OUTPUT_TYPE_Pos) << position);
 201              		.loc 1 201 14 is_stmt 0 view .LVU50
 202 00d0 22EA0502 		bic	r2, r2, r5
 203              	.LVL12:
 202:Drivers/STM32F4xx_HAL_Driver/Src/stm32f4xx_hal_gpio.c ****         GPIOx->OTYPER = temp;
 204              		.loc 1 202 9 is_stmt 1 view .LVU51
 202:Drivers/STM32F4xx_HAL_Driver/Src/stm32f4xx_hal_gpio.c ****         GPIOx->OTYPER = temp;
 205              		.loc 1 202 29 is_stmt 0 view .LVU52
 206 00d4 7368     		ldr	r3, [r6, #4]
 202:Drivers/STM32F4xx_HAL_Driver/Src/stm32f4xx_hal_gpio.c ****         GPIOx->OTYPER = temp;
 207              		.loc 1 202 51 view .LVU53
 208 00d6 C3F30015 		ubfx	r5, r3, #4, #1
 209              	.LVL13:
 202:Drivers/STM32F4xx_HAL_Driver/Src/stm32f4xx_hal_gpio.c ****         GPIOx->OTYPER = temp;
 210              		.loc 1 202 71 view .LVU54
 211 00da A540     		lsls	r5, r5, r4
 202:Drivers/STM32F4xx_HAL_Driver/Src/stm32f4xx_hal_gpio.c ****         GPIOx->OTYPER = temp;
 212              		.loc 1 202 14 view .LVU55
 213 00dc 1543     		orrs	r5, r5, r2
 214              	.LVL14:
 203:Drivers/STM32F4xx_HAL_Driver/Src/stm32f4xx_hal_gpio.c ****        }
 215              		.loc 1 203 9 is_stmt 1 view .LVU56
 203:Drivers/STM32F4xx_HAL_Driver/Src/stm32f4xx_hal_gpio.c ****        }
 216              		.loc 1 203 23 is_stmt 0 view .LVU57
 217 00de 7D60     		str	r5, [r7, #4]
 218 00e0 8BE0     		b	.L8
 219              	.LVL15:
 220              	.L30:
 192:Drivers/STM32F4xx_HAL_Driver/Src/stm32f4xx_hal_gpio.c ****         /* Configure the IO Speed */
 221              		.loc 1 192 9 discriminator 1 view .LVU58
 222 00e2 C021     		movs	r1, #192
 223 00e4 2048     		ldr	r0, .L37+4
 224 00e6 FFF7FEFF 		bl	assert_failed
 225              	.LVL16:
 226 00ea E6E7     		b	.L9
 227              	.LVL17:
 228              	.L34:
 209:Drivers/STM32F4xx_HAL_Driver/Src/stm32f4xx_hal_gpio.c ****         
 229              		.loc 1 209 9 discriminator 1 view .LVU59
 230 00ec D121     		movs	r1, #209
 231 00ee 1E48     		ldr	r0, .L37+4
 232 00f0 FFF7FEFF 		bl	assert_failed
 233              	.LVL18:
 234 00f4 8AE0     		b	.L11
 235              	.L35:
 222:Drivers/STM32F4xx_HAL_Driver/Src/stm32f4xx_hal_gpio.c ****         /* Configure Alternate function mapped with the current IO */
 236              		.loc 1 222 9 is_stmt 1 view .LVU60
 237 00f6 3369     		ldr	r3, [r6, #16]
ARM GAS  C:\Users\guoch\AppData\Local\Temp\ccXDgaDm.s 			page 10


 238 00f8 DBB1     		cbz	r3, .L13
 222:Drivers/STM32F4xx_HAL_Driver/Src/stm32f4xx_hal_gpio.c ****         /* Configure Alternate function mapped with the current IO */
 239              		.loc 1 222 9 is_stmt 0 discriminator 1 view .LVU61
 240 00fa 092B     		cmp	r3, #9
 241 00fc 19D0     		beq	.L13
 222:Drivers/STM32F4xx_HAL_Driver/Src/stm32f4xx_hal_gpio.c ****         /* Configure Alternate function mapped with the current IO */
 242              		.loc 1 222 9 discriminator 6 view .LVU62
 243 00fe 012B     		cmp	r3, #1
 244 0100 17D0     		beq	.L13
 222:Drivers/STM32F4xx_HAL_Driver/Src/stm32f4xx_hal_gpio.c ****         /* Configure Alternate function mapped with the current IO */
 245              		.loc 1 222 9 discriminator 8 view .LVU63
 246 0102 022B     		cmp	r3, #2
 247 0104 15D0     		beq	.L13
 222:Drivers/STM32F4xx_HAL_Driver/Src/stm32f4xx_hal_gpio.c ****         /* Configure Alternate function mapped with the current IO */
 248              		.loc 1 222 9 discriminator 11 view .LVU64
 249 0106 032B     		cmp	r3, #3
 250 0108 13D0     		beq	.L13
 222:Drivers/STM32F4xx_HAL_Driver/Src/stm32f4xx_hal_gpio.c ****         /* Configure Alternate function mapped with the current IO */
 251              		.loc 1 222 9 discriminator 12 view .LVU65
 252 010a 042B     		cmp	r3, #4
 253 010c 11D0     		beq	.L13
 222:Drivers/STM32F4xx_HAL_Driver/Src/stm32f4xx_hal_gpio.c ****         /* Configure Alternate function mapped with the current IO */
 254              		.loc 1 222 9 discriminator 15 view .LVU66
 255 010e 052B     		cmp	r3, #5
 256 0110 0FD0     		beq	.L13
 222:Drivers/STM32F4xx_HAL_Driver/Src/stm32f4xx_hal_gpio.c ****         /* Configure Alternate function mapped with the current IO */
 257              		.loc 1 222 9 discriminator 18 view .LVU67
 258 0112 062B     		cmp	r3, #6
 259 0114 0DD0     		beq	.L13
 222:Drivers/STM32F4xx_HAL_Driver/Src/stm32f4xx_hal_gpio.c ****         /* Configure Alternate function mapped with the current IO */
 260              		.loc 1 222 9 discriminator 20 view .LVU68
 261 0116 072B     		cmp	r3, #7
 262 0118 0BD0     		beq	.L13
 222:Drivers/STM32F4xx_HAL_Driver/Src/stm32f4xx_hal_gpio.c ****         /* Configure Alternate function mapped with the current IO */
 263              		.loc 1 222 9 discriminator 23 view .LVU69
 264 011a 082B     		cmp	r3, #8
 265 011c 09D0     		beq	.L13
 222:Drivers/STM32F4xx_HAL_Driver/Src/stm32f4xx_hal_gpio.c ****         /* Configure Alternate function mapped with the current IO */
 266              		.loc 1 222 9 discriminator 28 view .LVU70
 267 011e 0A2B     		cmp	r3, #10
 268 0120 07D0     		beq	.L13
 222:Drivers/STM32F4xx_HAL_Driver/Src/stm32f4xx_hal_gpio.c ****         /* Configure Alternate function mapped with the current IO */
 269              		.loc 1 222 9 discriminator 30 view .LVU71
 270 0122 0B2B     		cmp	r3, #11
 271 0124 05D0     		beq	.L13
 222:Drivers/STM32F4xx_HAL_Driver/Src/stm32f4xx_hal_gpio.c ****         /* Configure Alternate function mapped with the current IO */
 272              		.loc 1 222 9 discriminator 31 view .LVU72
 273 0126 0C2B     		cmp	r3, #12
 274 0128 03D0     		beq	.L13
 222:Drivers/STM32F4xx_HAL_Driver/Src/stm32f4xx_hal_gpio.c ****         /* Configure Alternate function mapped with the current IO */
 275              		.loc 1 222 9 discriminator 33 view .LVU73
 276 012a 0D2B     		cmp	r3, #13
 277 012c 01D0     		beq	.L13
 222:Drivers/STM32F4xx_HAL_Driver/Src/stm32f4xx_hal_gpio.c ****         /* Configure Alternate function mapped with the current IO */
 278              		.loc 1 222 9 discriminator 35 view .LVU74
 279 012e 0F2B     		cmp	r3, #15
 280 0130 10D1     		bne	.L31
ARM GAS  C:\Users\guoch\AppData\Local\Temp\ccXDgaDm.s 			page 11


 281              	.L13:
 224:Drivers/STM32F4xx_HAL_Driver/Src/stm32f4xx_hal_gpio.c ****         temp &= ~(0xFU << ((uint32_t)(position & 0x07U) * 4U)) ;
 282              		.loc 1 224 9 is_stmt 1 view .LVU75
 224:Drivers/STM32F4xx_HAL_Driver/Src/stm32f4xx_hal_gpio.c ****         temp &= ~(0xFU << ((uint32_t)(position & 0x07U) * 4U)) ;
 283              		.loc 1 224 36 is_stmt 0 view .LVU76
 284 0132 E208     		lsrs	r2, r4, #3
 224:Drivers/STM32F4xx_HAL_Driver/Src/stm32f4xx_hal_gpio.c ****         temp &= ~(0xFU << ((uint32_t)(position & 0x07U) * 4U)) ;
 285              		.loc 1 224 14 view .LVU77
 286 0134 0832     		adds	r2, r2, #8
 287 0136 57F82200 		ldr	r0, [r7, r2, lsl #2]
 288              	.LVL19:
 225:Drivers/STM32F4xx_HAL_Driver/Src/stm32f4xx_hal_gpio.c ****         temp |= ((uint32_t)(GPIO_Init->Alternate) << (((uint32_t)position & 0x07U) * 4U));
 289              		.loc 1 225 9 is_stmt 1 view .LVU78
 225:Drivers/STM32F4xx_HAL_Driver/Src/stm32f4xx_hal_gpio.c ****         temp |= ((uint32_t)(GPIO_Init->Alternate) << (((uint32_t)position & 0x07U) * 4U));
 290              		.loc 1 225 28 is_stmt 0 view .LVU79
 291 013a 04F00703 		and	r3, r4, #7
 225:Drivers/STM32F4xx_HAL_Driver/Src/stm32f4xx_hal_gpio.c ****         temp |= ((uint32_t)(GPIO_Init->Alternate) << (((uint32_t)position & 0x07U) * 4U));
 292              		.loc 1 225 57 view .LVU80
 293 013e 9900     		lsls	r1, r3, #2
 225:Drivers/STM32F4xx_HAL_Driver/Src/stm32f4xx_hal_gpio.c ****         temp |= ((uint32_t)(GPIO_Init->Alternate) << (((uint32_t)position & 0x07U) * 4U));
 294              		.loc 1 225 24 view .LVU81
 295 0140 0F23     		movs	r3, #15
 296 0142 8B40     		lsls	r3, r3, r1
 225:Drivers/STM32F4xx_HAL_Driver/Src/stm32f4xx_hal_gpio.c ****         temp |= ((uint32_t)(GPIO_Init->Alternate) << (((uint32_t)position & 0x07U) * 4U));
 297              		.loc 1 225 14 view .LVU82
 298 0144 20EA0300 		bic	r0, r0, r3
 299              	.LVL20:
 226:Drivers/STM32F4xx_HAL_Driver/Src/stm32f4xx_hal_gpio.c ****         GPIOx->AFR[position >> 3U] = temp;
 300              		.loc 1 226 9 is_stmt 1 view .LVU83
 226:Drivers/STM32F4xx_HAL_Driver/Src/stm32f4xx_hal_gpio.c ****         GPIOx->AFR[position >> 3U] = temp;
 301              		.loc 1 226 38 is_stmt 0 view .LVU84
 302 0148 3369     		ldr	r3, [r6, #16]
 226:Drivers/STM32F4xx_HAL_Driver/Src/stm32f4xx_hal_gpio.c ****         GPIOx->AFR[position >> 3U] = temp;
 303              		.loc 1 226 51 view .LVU85
 304 014a 8B40     		lsls	r3, r3, r1
 226:Drivers/STM32F4xx_HAL_Driver/Src/stm32f4xx_hal_gpio.c ****         GPIOx->AFR[position >> 3U] = temp;
 305              		.loc 1 226 14 view .LVU86
 306 014c 0343     		orrs	r3, r3, r0
 307              	.LVL21:
 227:Drivers/STM32F4xx_HAL_Driver/Src/stm32f4xx_hal_gpio.c ****       }
 308              		.loc 1 227 9 is_stmt 1 view .LVU87
 227:Drivers/STM32F4xx_HAL_Driver/Src/stm32f4xx_hal_gpio.c ****       }
 309              		.loc 1 227 36 is_stmt 0 view .LVU88
 310 014e 47F82230 		str	r3, [r7, r2, lsl #2]
 311 0152 6BE0     		b	.L12
 312              	.LVL22:
 313              	.L31:
 222:Drivers/STM32F4xx_HAL_Driver/Src/stm32f4xx_hal_gpio.c ****         /* Configure Alternate function mapped with the current IO */
 314              		.loc 1 222 9 discriminator 36 view .LVU89
 315 0154 DE21     		movs	r1, #222
 316 0156 0448     		ldr	r0, .L37+4
 317 0158 FFF7FEFF 		bl	assert_failed
 318              	.LVL23:
 319 015c E9E7     		b	.L13
 320              	.LVL24:
 321              	.L36:
 322              		.loc 1 245 29 view .LVU90
ARM GAS  C:\Users\guoch\AppData\Local\Temp\ccXDgaDm.s 			page 12


 323 015e 0723     		movs	r3, #7
 324 0160 05E0     		b	.L14
 325              	.L38:
 326 0162 00BF     		.align	2
 327              	.L37:
 328 0164 00000240 		.word	1073872896
 329 0168 00000000 		.word	.LC0
 330              	.L20:
 331              		.loc 1 245 18 view .LVU91
 332 016c 0023     		movs	r3, #0
 333              	.L14:
 334              		.loc 1 245 52 discriminator 32 view .LVU92
 335 016e 8B40     		lsls	r3, r3, r1
 336              		.loc 1 245 14 discriminator 32 view .LVU93
 337 0170 0343     		orrs	r3, r3, r0
 338              	.LVL25:
 246:Drivers/STM32F4xx_HAL_Driver/Src/stm32f4xx_hal_gpio.c ****         SYSCFG->EXTICR[position >> 2U] = temp;
 339              		.loc 1 246 9 is_stmt 1 discriminator 32 view .LVU94
 340              		.loc 1 246 40 is_stmt 0 discriminator 32 view .LVU95
 341 0172 0232     		adds	r2, r2, #2
 342 0174 5A49     		ldr	r1, .L39
 343 0176 41F82230 		str	r3, [r1, r2, lsl #2]
 247:Drivers/STM32F4xx_HAL_Driver/Src/stm32f4xx_hal_gpio.c **** 
 248:Drivers/STM32F4xx_HAL_Driver/Src/stm32f4xx_hal_gpio.c ****         /* Clear Rising Falling edge configuration */
 249:Drivers/STM32F4xx_HAL_Driver/Src/stm32f4xx_hal_gpio.c ****         temp = EXTI->RTSR;
 344              		.loc 1 249 9 is_stmt 1 discriminator 32 view .LVU96
 345              		.loc 1 249 14 is_stmt 0 discriminator 32 view .LVU97
 346 017a 5A4B     		ldr	r3, .L39+4
 347              	.LVL26:
 348              		.loc 1 249 14 discriminator 32 view .LVU98
 349 017c 9A68     		ldr	r2, [r3, #8]
 350              	.LVL27:
 250:Drivers/STM32F4xx_HAL_Driver/Src/stm32f4xx_hal_gpio.c ****         temp &= ~((uint32_t)iocurrent);
 351              		.loc 1 250 9 is_stmt 1 discriminator 32 view .LVU99
 352              		.loc 1 250 17 is_stmt 0 discriminator 32 view .LVU100
 353 017e 6FEA0803 		mvn	r3, r8
 354              		.loc 1 250 14 discriminator 32 view .LVU101
 355 0182 22EA0801 		bic	r1, r2, r8
 356              	.LVL28:
 251:Drivers/STM32F4xx_HAL_Driver/Src/stm32f4xx_hal_gpio.c ****         if((GPIO_Init->Mode & TRIGGER_RISING) != 0x00U)
 357              		.loc 1 251 9 is_stmt 1 discriminator 32 view .LVU102
 358              		.loc 1 251 22 is_stmt 0 discriminator 32 view .LVU103
 359 0186 7068     		ldr	r0, [r6, #4]
 360              		.loc 1 251 11 discriminator 32 view .LVU104
 361 0188 10F4801F 		tst	r0, #1048576
 362 018c 01D0     		beq	.L15
 252:Drivers/STM32F4xx_HAL_Driver/Src/stm32f4xx_hal_gpio.c ****         {
 253:Drivers/STM32F4xx_HAL_Driver/Src/stm32f4xx_hal_gpio.c ****           temp |= iocurrent;
 363              		.loc 1 253 11 is_stmt 1 view .LVU105
 364              		.loc 1 253 16 is_stmt 0 view .LVU106
 365 018e 48EA0201 		orr	r1, r8, r2
 366              	.LVL29:
 367              	.L15:
 254:Drivers/STM32F4xx_HAL_Driver/Src/stm32f4xx_hal_gpio.c ****         }
 255:Drivers/STM32F4xx_HAL_Driver/Src/stm32f4xx_hal_gpio.c ****         EXTI->RTSR = temp;
 368              		.loc 1 255 9 is_stmt 1 view .LVU107
 369              		.loc 1 255 20 is_stmt 0 view .LVU108
ARM GAS  C:\Users\guoch\AppData\Local\Temp\ccXDgaDm.s 			page 13


 370 0192 544A     		ldr	r2, .L39+4
 371 0194 9160     		str	r1, [r2, #8]
 256:Drivers/STM32F4xx_HAL_Driver/Src/stm32f4xx_hal_gpio.c **** 
 257:Drivers/STM32F4xx_HAL_Driver/Src/stm32f4xx_hal_gpio.c ****         temp = EXTI->FTSR;
 372              		.loc 1 257 9 is_stmt 1 view .LVU109
 373              		.loc 1 257 14 is_stmt 0 view .LVU110
 374 0196 D268     		ldr	r2, [r2, #12]
 375              	.LVL30:
 258:Drivers/STM32F4xx_HAL_Driver/Src/stm32f4xx_hal_gpio.c ****         temp &= ~((uint32_t)iocurrent);
 376              		.loc 1 258 9 is_stmt 1 view .LVU111
 377              		.loc 1 258 14 is_stmt 0 view .LVU112
 378 0198 03EA0201 		and	r1, r3, r2
 379              	.LVL31:
 259:Drivers/STM32F4xx_HAL_Driver/Src/stm32f4xx_hal_gpio.c ****         if((GPIO_Init->Mode & TRIGGER_FALLING) != 0x00U)
 380              		.loc 1 259 9 is_stmt 1 view .LVU113
 381              		.loc 1 259 22 is_stmt 0 view .LVU114
 382 019c 7068     		ldr	r0, [r6, #4]
 383              		.loc 1 259 11 view .LVU115
 384 019e 10F4001F 		tst	r0, #2097152
 385 01a2 01D0     		beq	.L16
 260:Drivers/STM32F4xx_HAL_Driver/Src/stm32f4xx_hal_gpio.c ****         {
 261:Drivers/STM32F4xx_HAL_Driver/Src/stm32f4xx_hal_gpio.c ****           temp |= iocurrent;
 386              		.loc 1 261 11 is_stmt 1 view .LVU116
 387              		.loc 1 261 16 is_stmt 0 view .LVU117
 388 01a4 48EA0201 		orr	r1, r8, r2
 389              	.LVL32:
 390              	.L16:
 262:Drivers/STM32F4xx_HAL_Driver/Src/stm32f4xx_hal_gpio.c ****         }
 263:Drivers/STM32F4xx_HAL_Driver/Src/stm32f4xx_hal_gpio.c ****         EXTI->FTSR = temp;
 391              		.loc 1 263 9 is_stmt 1 view .LVU118
 392              		.loc 1 263 20 is_stmt 0 view .LVU119
 393 01a8 4E4A     		ldr	r2, .L39+4
 394 01aa D160     		str	r1, [r2, #12]
 264:Drivers/STM32F4xx_HAL_Driver/Src/stm32f4xx_hal_gpio.c **** 
 265:Drivers/STM32F4xx_HAL_Driver/Src/stm32f4xx_hal_gpio.c ****         temp = EXTI->EMR;
 395              		.loc 1 265 9 is_stmt 1 view .LVU120
 396              		.loc 1 265 14 is_stmt 0 view .LVU121
 397 01ac 5268     		ldr	r2, [r2, #4]
 398              	.LVL33:
 266:Drivers/STM32F4xx_HAL_Driver/Src/stm32f4xx_hal_gpio.c ****         temp &= ~((uint32_t)iocurrent);
 399              		.loc 1 266 9 is_stmt 1 view .LVU122
 400              		.loc 1 266 14 is_stmt 0 view .LVU123
 401 01ae 03EA0201 		and	r1, r3, r2
 402              	.LVL34:
 267:Drivers/STM32F4xx_HAL_Driver/Src/stm32f4xx_hal_gpio.c ****         if((GPIO_Init->Mode & EXTI_EVT) != 0x00U)
 403              		.loc 1 267 9 is_stmt 1 view .LVU124
 404              		.loc 1 267 22 is_stmt 0 view .LVU125
 405 01b2 7068     		ldr	r0, [r6, #4]
 406              		.loc 1 267 11 view .LVU126
 407 01b4 10F4003F 		tst	r0, #131072
 408 01b8 01D0     		beq	.L17
 268:Drivers/STM32F4xx_HAL_Driver/Src/stm32f4xx_hal_gpio.c ****         {
 269:Drivers/STM32F4xx_HAL_Driver/Src/stm32f4xx_hal_gpio.c ****           temp |= iocurrent;
 409              		.loc 1 269 11 is_stmt 1 view .LVU127
 410              		.loc 1 269 16 is_stmt 0 view .LVU128
 411 01ba 48EA0201 		orr	r1, r8, r2
 412              	.LVL35:
ARM GAS  C:\Users\guoch\AppData\Local\Temp\ccXDgaDm.s 			page 14


 413              	.L17:
 270:Drivers/STM32F4xx_HAL_Driver/Src/stm32f4xx_hal_gpio.c ****         }
 271:Drivers/STM32F4xx_HAL_Driver/Src/stm32f4xx_hal_gpio.c ****         EXTI->EMR = temp;
 414              		.loc 1 271 9 is_stmt 1 view .LVU129
 415              		.loc 1 271 19 is_stmt 0 view .LVU130
 416 01be 494A     		ldr	r2, .L39+4
 417 01c0 5160     		str	r1, [r2, #4]
 272:Drivers/STM32F4xx_HAL_Driver/Src/stm32f4xx_hal_gpio.c **** 
 273:Drivers/STM32F4xx_HAL_Driver/Src/stm32f4xx_hal_gpio.c ****         /* Clear EXTI line configuration */
 274:Drivers/STM32F4xx_HAL_Driver/Src/stm32f4xx_hal_gpio.c ****         temp = EXTI->IMR;
 418              		.loc 1 274 9 is_stmt 1 view .LVU131
 419              		.loc 1 274 14 is_stmt 0 view .LVU132
 420 01c2 1268     		ldr	r2, [r2]
 421              	.LVL36:
 275:Drivers/STM32F4xx_HAL_Driver/Src/stm32f4xx_hal_gpio.c ****         temp &= ~((uint32_t)iocurrent);
 422              		.loc 1 275 9 is_stmt 1 view .LVU133
 423              		.loc 1 275 14 is_stmt 0 view .LVU134
 424 01c4 1340     		ands	r3, r3, r2
 425              	.LVL37:
 276:Drivers/STM32F4xx_HAL_Driver/Src/stm32f4xx_hal_gpio.c ****         if((GPIO_Init->Mode & EXTI_IT) != 0x00U)
 426              		.loc 1 276 9 is_stmt 1 view .LVU135
 427              		.loc 1 276 22 is_stmt 0 view .LVU136
 428 01c6 7168     		ldr	r1, [r6, #4]
 429              		.loc 1 276 11 view .LVU137
 430 01c8 11F4803F 		tst	r1, #65536
 431 01cc 01D0     		beq	.L18
 277:Drivers/STM32F4xx_HAL_Driver/Src/stm32f4xx_hal_gpio.c ****         {
 278:Drivers/STM32F4xx_HAL_Driver/Src/stm32f4xx_hal_gpio.c ****           temp |= iocurrent;
 432              		.loc 1 278 11 is_stmt 1 view .LVU138
 433              		.loc 1 278 16 is_stmt 0 view .LVU139
 434 01ce 48EA0203 		orr	r3, r8, r2
 435              	.LVL38:
 436              	.L18:
 279:Drivers/STM32F4xx_HAL_Driver/Src/stm32f4xx_hal_gpio.c ****         }
 280:Drivers/STM32F4xx_HAL_Driver/Src/stm32f4xx_hal_gpio.c ****         EXTI->IMR = temp;
 437              		.loc 1 280 9 is_stmt 1 view .LVU140
 438              		.loc 1 280 19 is_stmt 0 view .LVU141
 439 01d2 444A     		ldr	r2, .L39+4
 440 01d4 1360     		str	r3, [r2]
 441              	.LVL39:
 442              	.L7:
 177:Drivers/STM32F4xx_HAL_Driver/Src/stm32f4xx_hal_gpio.c ****   {
 443              		.loc 1 177 46 is_stmt 1 discriminator 2 view .LVU142
 177:Drivers/STM32F4xx_HAL_Driver/Src/stm32f4xx_hal_gpio.c ****   {
 444              		.loc 1 177 54 is_stmt 0 discriminator 2 view .LVU143
 445 01d6 0134     		adds	r4, r4, #1
 446              	.LVL40:
 447              	.L6:
 177:Drivers/STM32F4xx_HAL_Driver/Src/stm32f4xx_hal_gpio.c ****   {
 448              		.loc 1 177 22 is_stmt 1 discriminator 1 view .LVU144
 177:Drivers/STM32F4xx_HAL_Driver/Src/stm32f4xx_hal_gpio.c ****   {
 449              		.loc 1 177 3 is_stmt 0 discriminator 1 view .LVU145
 450 01d8 0F2C     		cmp	r4, #15
 451 01da 7ED8     		bhi	.L32
 180:Drivers/STM32F4xx_HAL_Driver/Src/stm32f4xx_hal_gpio.c ****     /* Get the current IO position */
 452              		.loc 1 180 5 is_stmt 1 view .LVU146
 180:Drivers/STM32F4xx_HAL_Driver/Src/stm32f4xx_hal_gpio.c ****     /* Get the current IO position */
ARM GAS  C:\Users\guoch\AppData\Local\Temp\ccXDgaDm.s 			page 15


 453              		.loc 1 180 16 is_stmt 0 view .LVU147
 454 01dc 0125     		movs	r5, #1
 455 01de A540     		lsls	r5, r5, r4
 456              	.LVL41:
 182:Drivers/STM32F4xx_HAL_Driver/Src/stm32f4xx_hal_gpio.c **** 
 457              		.loc 1 182 5 is_stmt 1 view .LVU148
 182:Drivers/STM32F4xx_HAL_Driver/Src/stm32f4xx_hal_gpio.c **** 
 458              		.loc 1 182 37 is_stmt 0 view .LVU149
 459 01e0 3368     		ldr	r3, [r6]
 182:Drivers/STM32F4xx_HAL_Driver/Src/stm32f4xx_hal_gpio.c **** 
 460              		.loc 1 182 15 view .LVU150
 461 01e2 03EA0508 		and	r8, r3, r5
 462              	.LVL42:
 184:Drivers/STM32F4xx_HAL_Driver/Src/stm32f4xx_hal_gpio.c ****     {
 463              		.loc 1 184 5 is_stmt 1 view .LVU151
 184:Drivers/STM32F4xx_HAL_Driver/Src/stm32f4xx_hal_gpio.c ****     {
 464              		.loc 1 184 7 is_stmt 0 view .LVU152
 465 01e6 35EA0303 		bics	r3, r5, r3
 466 01ea F4D1     		bne	.L7
 188:Drivers/STM32F4xx_HAL_Driver/Src/stm32f4xx_hal_gpio.c ****           (GPIO_Init->Mode & GPIO_MODE) == MODE_AF)
 467              		.loc 1 188 7 is_stmt 1 view .LVU153
 188:Drivers/STM32F4xx_HAL_Driver/Src/stm32f4xx_hal_gpio.c ****           (GPIO_Init->Mode & GPIO_MODE) == MODE_AF)
 468              		.loc 1 188 21 is_stmt 0 view .LVU154
 469 01ec 7368     		ldr	r3, [r6, #4]
 188:Drivers/STM32F4xx_HAL_Driver/Src/stm32f4xx_hal_gpio.c ****           (GPIO_Init->Mode & GPIO_MODE) == MODE_AF)
 470              		.loc 1 188 28 view .LVU155
 471 01ee 03F00303 		and	r3, r3, #3
 188:Drivers/STM32F4xx_HAL_Driver/Src/stm32f4xx_hal_gpio.c ****           (GPIO_Init->Mode & GPIO_MODE) == MODE_AF)
 472              		.loc 1 188 57 view .LVU156
 473 01f2 013B     		subs	r3, r3, #1
 188:Drivers/STM32F4xx_HAL_Driver/Src/stm32f4xx_hal_gpio.c ****           (GPIO_Init->Mode & GPIO_MODE) == MODE_AF)
 474              		.loc 1 188 9 view .LVU157
 475 01f4 012B     		cmp	r3, #1
 476 01f6 7FF65DAF 		bls	.L33
 477              	.LVL43:
 478              	.L8:
 206:Drivers/STM32F4xx_HAL_Driver/Src/stm32f4xx_hal_gpio.c ****       {
 479              		.loc 1 206 7 is_stmt 1 view .LVU158
 206:Drivers/STM32F4xx_HAL_Driver/Src/stm32f4xx_hal_gpio.c ****       {
 480              		.loc 1 206 20 is_stmt 0 view .LVU159
 481 01fa 7368     		ldr	r3, [r6, #4]
 206:Drivers/STM32F4xx_HAL_Driver/Src/stm32f4xx_hal_gpio.c ****       {
 482              		.loc 1 206 27 view .LVU160
 483 01fc 03F00303 		and	r3, r3, #3
 206:Drivers/STM32F4xx_HAL_Driver/Src/stm32f4xx_hal_gpio.c ****       {
 484              		.loc 1 206 9 view .LVU161
 485 0200 032B     		cmp	r3, #3
 486 0202 0DD0     		beq	.L10
 209:Drivers/STM32F4xx_HAL_Driver/Src/stm32f4xx_hal_gpio.c ****         
 487              		.loc 1 209 9 is_stmt 1 view .LVU162
 488 0204 B368     		ldr	r3, [r6, #8]
 489 0206 022B     		cmp	r3, #2
 490 0208 3FF670AF 		bhi	.L34
 491              	.L11:
 212:Drivers/STM32F4xx_HAL_Driver/Src/stm32f4xx_hal_gpio.c ****         temp &= ~(GPIO_PUPDR_PUPDR0 << (position * 2U));
 492              		.loc 1 212 9 view .LVU163
 212:Drivers/STM32F4xx_HAL_Driver/Src/stm32f4xx_hal_gpio.c ****         temp &= ~(GPIO_PUPDR_PUPDR0 << (position * 2U));
ARM GAS  C:\Users\guoch\AppData\Local\Temp\ccXDgaDm.s 			page 16


 493              		.loc 1 212 14 is_stmt 0 view .LVU164
 494 020c FA68     		ldr	r2, [r7, #12]
 495              	.LVL44:
 213:Drivers/STM32F4xx_HAL_Driver/Src/stm32f4xx_hal_gpio.c ****         temp |= ((GPIO_Init->Pull) << (position * 2U));
 496              		.loc 1 213 9 is_stmt 1 view .LVU165
 213:Drivers/STM32F4xx_HAL_Driver/Src/stm32f4xx_hal_gpio.c ****         temp |= ((GPIO_Init->Pull) << (position * 2U));
 497              		.loc 1 213 50 is_stmt 0 view .LVU166
 498 020e 6100     		lsls	r1, r4, #1
 213:Drivers/STM32F4xx_HAL_Driver/Src/stm32f4xx_hal_gpio.c ****         temp |= ((GPIO_Init->Pull) << (position * 2U));
 499              		.loc 1 213 37 view .LVU167
 500 0210 0323     		movs	r3, #3
 501 0212 8B40     		lsls	r3, r3, r1
 213:Drivers/STM32F4xx_HAL_Driver/Src/stm32f4xx_hal_gpio.c ****         temp |= ((GPIO_Init->Pull) << (position * 2U));
 502              		.loc 1 213 14 view .LVU168
 503 0214 22EA0302 		bic	r2, r2, r3
 504              	.LVL45:
 214:Drivers/STM32F4xx_HAL_Driver/Src/stm32f4xx_hal_gpio.c ****         GPIOx->PUPDR = temp;
 505              		.loc 1 214 9 is_stmt 1 view .LVU169
 214:Drivers/STM32F4xx_HAL_Driver/Src/stm32f4xx_hal_gpio.c ****         GPIOx->PUPDR = temp;
 506              		.loc 1 214 28 is_stmt 0 view .LVU170
 507 0218 B368     		ldr	r3, [r6, #8]
 214:Drivers/STM32F4xx_HAL_Driver/Src/stm32f4xx_hal_gpio.c ****         GPIOx->PUPDR = temp;
 508              		.loc 1 214 36 view .LVU171
 509 021a 8B40     		lsls	r3, r3, r1
 214:Drivers/STM32F4xx_HAL_Driver/Src/stm32f4xx_hal_gpio.c ****         GPIOx->PUPDR = temp;
 510              		.loc 1 214 14 view .LVU172
 511 021c 1343     		orrs	r3, r3, r2
 512              	.LVL46:
 215:Drivers/STM32F4xx_HAL_Driver/Src/stm32f4xx_hal_gpio.c ****       }
 513              		.loc 1 215 9 is_stmt 1 view .LVU173
 215:Drivers/STM32F4xx_HAL_Driver/Src/stm32f4xx_hal_gpio.c ****       }
 514              		.loc 1 215 22 is_stmt 0 view .LVU174
 515 021e FB60     		str	r3, [r7, #12]
 516              	.LVL47:
 517              	.L10:
 219:Drivers/STM32F4xx_HAL_Driver/Src/stm32f4xx_hal_gpio.c ****       {
 518              		.loc 1 219 7 is_stmt 1 view .LVU175
 219:Drivers/STM32F4xx_HAL_Driver/Src/stm32f4xx_hal_gpio.c ****       {
 519              		.loc 1 219 20 is_stmt 0 view .LVU176
 520 0220 7368     		ldr	r3, [r6, #4]
 219:Drivers/STM32F4xx_HAL_Driver/Src/stm32f4xx_hal_gpio.c ****       {
 521              		.loc 1 219 27 view .LVU177
 522 0222 03F00303 		and	r3, r3, #3
 219:Drivers/STM32F4xx_HAL_Driver/Src/stm32f4xx_hal_gpio.c ****       {
 523              		.loc 1 219 9 view .LVU178
 524 0226 022B     		cmp	r3, #2
 525 0228 3FF465AF 		beq	.L35
 526              	.L12:
 231:Drivers/STM32F4xx_HAL_Driver/Src/stm32f4xx_hal_gpio.c ****       temp &= ~(GPIO_MODER_MODER0 << (position * 2U));
 527              		.loc 1 231 7 is_stmt 1 view .LVU179
 231:Drivers/STM32F4xx_HAL_Driver/Src/stm32f4xx_hal_gpio.c ****       temp &= ~(GPIO_MODER_MODER0 << (position * 2U));
 528              		.loc 1 231 12 is_stmt 0 view .LVU180
 529 022c 3A68     		ldr	r2, [r7]
 530              	.LVL48:
 232:Drivers/STM32F4xx_HAL_Driver/Src/stm32f4xx_hal_gpio.c ****       temp |= ((GPIO_Init->Mode & GPIO_MODE) << (position * 2U));
 531              		.loc 1 232 7 is_stmt 1 view .LVU181
 232:Drivers/STM32F4xx_HAL_Driver/Src/stm32f4xx_hal_gpio.c ****       temp |= ((GPIO_Init->Mode & GPIO_MODE) << (position * 2U));
ARM GAS  C:\Users\guoch\AppData\Local\Temp\ccXDgaDm.s 			page 17


 532              		.loc 1 232 48 is_stmt 0 view .LVU182
 533 022e 6100     		lsls	r1, r4, #1
 232:Drivers/STM32F4xx_HAL_Driver/Src/stm32f4xx_hal_gpio.c ****       temp |= ((GPIO_Init->Mode & GPIO_MODE) << (position * 2U));
 534              		.loc 1 232 35 view .LVU183
 535 0230 0323     		movs	r3, #3
 536 0232 8B40     		lsls	r3, r3, r1
 232:Drivers/STM32F4xx_HAL_Driver/Src/stm32f4xx_hal_gpio.c ****       temp |= ((GPIO_Init->Mode & GPIO_MODE) << (position * 2U));
 537              		.loc 1 232 12 view .LVU184
 538 0234 22EA0302 		bic	r2, r2, r3
 539              	.LVL49:
 233:Drivers/STM32F4xx_HAL_Driver/Src/stm32f4xx_hal_gpio.c ****       GPIOx->MODER = temp;
 540              		.loc 1 233 7 is_stmt 1 view .LVU185
 233:Drivers/STM32F4xx_HAL_Driver/Src/stm32f4xx_hal_gpio.c ****       GPIOx->MODER = temp;
 541              		.loc 1 233 26 is_stmt 0 view .LVU186
 542 0238 7368     		ldr	r3, [r6, #4]
 233:Drivers/STM32F4xx_HAL_Driver/Src/stm32f4xx_hal_gpio.c ****       GPIOx->MODER = temp;
 543              		.loc 1 233 33 view .LVU187
 544 023a 03F00303 		and	r3, r3, #3
 233:Drivers/STM32F4xx_HAL_Driver/Src/stm32f4xx_hal_gpio.c ****       GPIOx->MODER = temp;
 545              		.loc 1 233 46 view .LVU188
 546 023e 8B40     		lsls	r3, r3, r1
 233:Drivers/STM32F4xx_HAL_Driver/Src/stm32f4xx_hal_gpio.c ****       GPIOx->MODER = temp;
 547              		.loc 1 233 12 view .LVU189
 548 0240 1343     		orrs	r3, r3, r2
 549              	.LVL50:
 234:Drivers/STM32F4xx_HAL_Driver/Src/stm32f4xx_hal_gpio.c **** 
 550              		.loc 1 234 7 is_stmt 1 view .LVU190
 234:Drivers/STM32F4xx_HAL_Driver/Src/stm32f4xx_hal_gpio.c **** 
 551              		.loc 1 234 20 is_stmt 0 view .LVU191
 552 0242 3B60     		str	r3, [r7]
 238:Drivers/STM32F4xx_HAL_Driver/Src/stm32f4xx_hal_gpio.c ****       {
 553              		.loc 1 238 7 is_stmt 1 view .LVU192
 238:Drivers/STM32F4xx_HAL_Driver/Src/stm32f4xx_hal_gpio.c ****       {
 554              		.loc 1 238 20 is_stmt 0 view .LVU193
 555 0244 7368     		ldr	r3, [r6, #4]
 556              	.LVL51:
 238:Drivers/STM32F4xx_HAL_Driver/Src/stm32f4xx_hal_gpio.c ****       {
 557              		.loc 1 238 9 view .LVU194
 558 0246 13F4403F 		tst	r3, #196608
 559 024a C4D0     		beq	.L7
 241:Drivers/STM32F4xx_HAL_Driver/Src/stm32f4xx_hal_gpio.c **** 
 560              		.loc 1 241 9 is_stmt 1 view .LVU195
 561              	.LBB2:
 241:Drivers/STM32F4xx_HAL_Driver/Src/stm32f4xx_hal_gpio.c **** 
 562              		.loc 1 241 9 view .LVU196
 563 024c 0023     		movs	r3, #0
 564 024e 0193     		str	r3, [sp, #4]
 565              	.LVL52:
 241:Drivers/STM32F4xx_HAL_Driver/Src/stm32f4xx_hal_gpio.c **** 
 566              		.loc 1 241 9 view .LVU197
 567 0250 254B     		ldr	r3, .L39+8
 568 0252 5A6C     		ldr	r2, [r3, #68]
 569 0254 42F48042 		orr	r2, r2, #16384
 570 0258 5A64     		str	r2, [r3, #68]
 241:Drivers/STM32F4xx_HAL_Driver/Src/stm32f4xx_hal_gpio.c **** 
 571              		.loc 1 241 9 view .LVU198
 572 025a 5B6C     		ldr	r3, [r3, #68]
ARM GAS  C:\Users\guoch\AppData\Local\Temp\ccXDgaDm.s 			page 18


 573 025c 03F48043 		and	r3, r3, #16384
 574 0260 0193     		str	r3, [sp, #4]
 241:Drivers/STM32F4xx_HAL_Driver/Src/stm32f4xx_hal_gpio.c **** 
 575              		.loc 1 241 9 view .LVU199
 576 0262 019B     		ldr	r3, [sp, #4]
 577              	.LBE2:
 241:Drivers/STM32F4xx_HAL_Driver/Src/stm32f4xx_hal_gpio.c **** 
 578              		.loc 1 241 9 view .LVU200
 243:Drivers/STM32F4xx_HAL_Driver/Src/stm32f4xx_hal_gpio.c ****         temp &= ~(0x0FU << (4U * (position & 0x03U)));
 579              		.loc 1 243 9 view .LVU201
 243:Drivers/STM32F4xx_HAL_Driver/Src/stm32f4xx_hal_gpio.c ****         temp &= ~(0x0FU << (4U * (position & 0x03U)));
 580              		.loc 1 243 40 is_stmt 0 view .LVU202
 581 0264 A208     		lsrs	r2, r4, #2
 243:Drivers/STM32F4xx_HAL_Driver/Src/stm32f4xx_hal_gpio.c ****         temp &= ~(0x0FU << (4U * (position & 0x03U)));
 582              		.loc 1 243 14 view .LVU203
 583 0266 911C     		adds	r1, r2, #2
 584 0268 1D4B     		ldr	r3, .L39
 585 026a 53F82100 		ldr	r0, [r3, r1, lsl #2]
 586              	.LVL53:
 244:Drivers/STM32F4xx_HAL_Driver/Src/stm32f4xx_hal_gpio.c ****         temp |= ((uint32_t)(GPIO_GET_INDEX(GPIOx)) << (4U * (position & 0x03U)));
 587              		.loc 1 244 9 is_stmt 1 view .LVU204
 244:Drivers/STM32F4xx_HAL_Driver/Src/stm32f4xx_hal_gpio.c ****         temp |= ((uint32_t)(GPIO_GET_INDEX(GPIOx)) << (4U * (position & 0x03U)));
 588              		.loc 1 244 44 is_stmt 0 view .LVU205
 589 026e 04F00303 		and	r3, r4, #3
 244:Drivers/STM32F4xx_HAL_Driver/Src/stm32f4xx_hal_gpio.c ****         temp |= ((uint32_t)(GPIO_GET_INDEX(GPIOx)) << (4U * (position & 0x03U)));
 590              		.loc 1 244 32 view .LVU206
 591 0272 9900     		lsls	r1, r3, #2
 244:Drivers/STM32F4xx_HAL_Driver/Src/stm32f4xx_hal_gpio.c ****         temp |= ((uint32_t)(GPIO_GET_INDEX(GPIOx)) << (4U * (position & 0x03U)));
 592              		.loc 1 244 25 view .LVU207
 593 0274 0F23     		movs	r3, #15
 594 0276 8B40     		lsls	r3, r3, r1
 244:Drivers/STM32F4xx_HAL_Driver/Src/stm32f4xx_hal_gpio.c ****         temp |= ((uint32_t)(GPIO_GET_INDEX(GPIOx)) << (4U * (position & 0x03U)));
 595              		.loc 1 244 14 view .LVU208
 596 0278 20EA0300 		bic	r0, r0, r3
 597              	.LVL54:
 245:Drivers/STM32F4xx_HAL_Driver/Src/stm32f4xx_hal_gpio.c ****         SYSCFG->EXTICR[position >> 2U] = temp;
 598              		.loc 1 245 9 is_stmt 1 view .LVU209
 245:Drivers/STM32F4xx_HAL_Driver/Src/stm32f4xx_hal_gpio.c ****         SYSCFG->EXTICR[position >> 2U] = temp;
 599              		.loc 1 245 18 is_stmt 0 view .LVU210
 600 027c 1B4B     		ldr	r3, .L39+12
 601 027e 9F42     		cmp	r7, r3
 602 0280 3FF474AF 		beq	.L20
 245:Drivers/STM32F4xx_HAL_Driver/Src/stm32f4xx_hal_gpio.c ****         SYSCFG->EXTICR[position >> 2U] = temp;
 603              		.loc 1 245 29 discriminator 1 view .LVU211
 604 0284 03F58063 		add	r3, r3, #1024
 605 0288 9F42     		cmp	r7, r3
 606 028a 1AD0     		beq	.L21
 245:Drivers/STM32F4xx_HAL_Driver/Src/stm32f4xx_hal_gpio.c ****         SYSCFG->EXTICR[position >> 2U] = temp;
 607              		.loc 1 245 29 discriminator 3 view .LVU212
 608 028c 03F58063 		add	r3, r3, #1024
 609 0290 9F42     		cmp	r7, r3
 610 0292 18D0     		beq	.L22
 245:Drivers/STM32F4xx_HAL_Driver/Src/stm32f4xx_hal_gpio.c ****         SYSCFG->EXTICR[position >> 2U] = temp;
 611              		.loc 1 245 29 discriminator 5 view .LVU213
 612 0294 03F58063 		add	r3, r3, #1024
 613 0298 9F42     		cmp	r7, r3
 614 029a 16D0     		beq	.L23
ARM GAS  C:\Users\guoch\AppData\Local\Temp\ccXDgaDm.s 			page 19


 245:Drivers/STM32F4xx_HAL_Driver/Src/stm32f4xx_hal_gpio.c ****         SYSCFG->EXTICR[position >> 2U] = temp;
 615              		.loc 1 245 29 discriminator 7 view .LVU214
 616 029c 03F58063 		add	r3, r3, #1024
 617 02a0 9F42     		cmp	r7, r3
 618 02a2 14D0     		beq	.L24
 245:Drivers/STM32F4xx_HAL_Driver/Src/stm32f4xx_hal_gpio.c ****         SYSCFG->EXTICR[position >> 2U] = temp;
 619              		.loc 1 245 29 discriminator 9 view .LVU215
 620 02a4 03F58063 		add	r3, r3, #1024
 621 02a8 9F42     		cmp	r7, r3
 622 02aa 12D0     		beq	.L25
 245:Drivers/STM32F4xx_HAL_Driver/Src/stm32f4xx_hal_gpio.c ****         SYSCFG->EXTICR[position >> 2U] = temp;
 623              		.loc 1 245 29 discriminator 11 view .LVU216
 624 02ac 03F58063 		add	r3, r3, #1024
 625 02b0 9F42     		cmp	r7, r3
 626 02b2 10D0     		beq	.L26
 245:Drivers/STM32F4xx_HAL_Driver/Src/stm32f4xx_hal_gpio.c ****         SYSCFG->EXTICR[position >> 2U] = temp;
 627              		.loc 1 245 29 discriminator 13 view .LVU217
 628 02b4 03F58063 		add	r3, r3, #1024
 629 02b8 9F42     		cmp	r7, r3
 630 02ba 3FF450AF 		beq	.L36
 245:Drivers/STM32F4xx_HAL_Driver/Src/stm32f4xx_hal_gpio.c ****         SYSCFG->EXTICR[position >> 2U] = temp;
 631              		.loc 1 245 29 view .LVU218
 632 02be 0823     		movs	r3, #8
 633 02c0 55E7     		b	.L14
 634              	.L21:
 635 02c2 0123     		movs	r3, #1
 636              	.LVL55:
 245:Drivers/STM32F4xx_HAL_Driver/Src/stm32f4xx_hal_gpio.c ****         SYSCFG->EXTICR[position >> 2U] = temp;
 637              		.loc 1 245 29 view .LVU219
 638 02c4 53E7     		b	.L14
 639              	.LVL56:
 640              	.L22:
 245:Drivers/STM32F4xx_HAL_Driver/Src/stm32f4xx_hal_gpio.c ****         SYSCFG->EXTICR[position >> 2U] = temp;
 641              		.loc 1 245 29 view .LVU220
 642 02c6 0223     		movs	r3, #2
 643 02c8 51E7     		b	.L14
 644              	.L23:
 645 02ca 0323     		movs	r3, #3
 646 02cc 4FE7     		b	.L14
 647              	.L24:
 648 02ce 0423     		movs	r3, #4
 649 02d0 4DE7     		b	.L14
 650              	.L25:
 651 02d2 0523     		movs	r3, #5
 652 02d4 4BE7     		b	.L14
 653              	.L26:
 654 02d6 0623     		movs	r3, #6
 655 02d8 49E7     		b	.L14
 656              	.LVL57:
 657              	.L32:
 281:Drivers/STM32F4xx_HAL_Driver/Src/stm32f4xx_hal_gpio.c ****       }
 282:Drivers/STM32F4xx_HAL_Driver/Src/stm32f4xx_hal_gpio.c ****     }
 283:Drivers/STM32F4xx_HAL_Driver/Src/stm32f4xx_hal_gpio.c ****   }
 284:Drivers/STM32F4xx_HAL_Driver/Src/stm32f4xx_hal_gpio.c **** }
 658              		.loc 1 284 1 view .LVU221
 659 02da 02B0     		add	sp, sp, #8
 660              	.LCFI2:
ARM GAS  C:\Users\guoch\AppData\Local\Temp\ccXDgaDm.s 			page 20


 661              		.cfi_def_cfa_offset 24
 662              		@ sp needed
 663 02dc BDE8F081 		pop	{r4, r5, r6, r7, r8, pc}
 664              	.LVL58:
 665              	.L40:
 666              		.loc 1 284 1 view .LVU222
 667              		.align	2
 668              	.L39:
 669 02e0 00380140 		.word	1073821696
 670 02e4 003C0140 		.word	1073822720
 671 02e8 00380240 		.word	1073887232
 672 02ec 00000240 		.word	1073872896
 673              		.cfi_endproc
 674              	.LFE134:
 676              		.section	.text.HAL_GPIO_DeInit,"ax",%progbits
 677              		.align	1
 678              		.global	HAL_GPIO_DeInit
 679              		.syntax unified
 680              		.thumb
 681              		.thumb_func
 683              	HAL_GPIO_DeInit:
 684              	.LVL59:
 685              	.LFB135:
 285:Drivers/STM32F4xx_HAL_Driver/Src/stm32f4xx_hal_gpio.c **** 
 286:Drivers/STM32F4xx_HAL_Driver/Src/stm32f4xx_hal_gpio.c **** /**
 287:Drivers/STM32F4xx_HAL_Driver/Src/stm32f4xx_hal_gpio.c ****   * @brief  De-initializes the GPIOx peripheral registers to their default reset values.
 288:Drivers/STM32F4xx_HAL_Driver/Src/stm32f4xx_hal_gpio.c ****   * @param  GPIOx where x can be (A..K) to select the GPIO peripheral for STM32F429X device or
 289:Drivers/STM32F4xx_HAL_Driver/Src/stm32f4xx_hal_gpio.c ****   *                      x can be (A..I) to select the GPIO peripheral for STM32F40XX and STM32F427
 290:Drivers/STM32F4xx_HAL_Driver/Src/stm32f4xx_hal_gpio.c ****   * @param  GPIO_Pin specifies the port bit to be written.
 291:Drivers/STM32F4xx_HAL_Driver/Src/stm32f4xx_hal_gpio.c ****   *          This parameter can be one of GPIO_PIN_x where x can be (0..15).
 292:Drivers/STM32F4xx_HAL_Driver/Src/stm32f4xx_hal_gpio.c ****   * @retval None
 293:Drivers/STM32F4xx_HAL_Driver/Src/stm32f4xx_hal_gpio.c ****   */
 294:Drivers/STM32F4xx_HAL_Driver/Src/stm32f4xx_hal_gpio.c **** void HAL_GPIO_DeInit(GPIO_TypeDef  *GPIOx, uint32_t GPIO_Pin)
 295:Drivers/STM32F4xx_HAL_Driver/Src/stm32f4xx_hal_gpio.c **** {
 686              		.loc 1 295 1 is_stmt 1 view -0
 687              		.cfi_startproc
 688              		@ args = 0, pretend = 0, frame = 0
 689              		@ frame_needed = 0, uses_anonymous_args = 0
 690              		.loc 1 295 1 is_stmt 0 view .LVU224
 691 0000 F8B5     		push	{r3, r4, r5, r6, r7, lr}
 692              	.LCFI3:
 693              		.cfi_def_cfa_offset 24
 694              		.cfi_offset 3, -24
 695              		.cfi_offset 4, -20
 696              		.cfi_offset 5, -16
 697              		.cfi_offset 6, -12
 698              		.cfi_offset 7, -8
 699              		.cfi_offset 14, -4
 700 0002 0446     		mov	r4, r0
 701 0004 0D46     		mov	r5, r1
 296:Drivers/STM32F4xx_HAL_Driver/Src/stm32f4xx_hal_gpio.c ****   uint32_t position;
 702              		.loc 1 296 3 is_stmt 1 view .LVU225
 297:Drivers/STM32F4xx_HAL_Driver/Src/stm32f4xx_hal_gpio.c ****   uint32_t ioposition = 0x00U;
 703              		.loc 1 297 3 view .LVU226
 704              	.LVL60:
 298:Drivers/STM32F4xx_HAL_Driver/Src/stm32f4xx_hal_gpio.c ****   uint32_t iocurrent = 0x00U;
 705              		.loc 1 298 3 view .LVU227
ARM GAS  C:\Users\guoch\AppData\Local\Temp\ccXDgaDm.s 			page 21


 299:Drivers/STM32F4xx_HAL_Driver/Src/stm32f4xx_hal_gpio.c ****   uint32_t tmp = 0x00U;
 706              		.loc 1 299 3 view .LVU228
 300:Drivers/STM32F4xx_HAL_Driver/Src/stm32f4xx_hal_gpio.c **** 
 301:Drivers/STM32F4xx_HAL_Driver/Src/stm32f4xx_hal_gpio.c ****   /* Check the parameters */
 302:Drivers/STM32F4xx_HAL_Driver/Src/stm32f4xx_hal_gpio.c ****   assert_param(IS_GPIO_ALL_INSTANCE(GPIOx));
 707              		.loc 1 302 3 view .LVU229
 708 0006 5B4B     		ldr	r3, .L60
 709 0008 9842     		cmp	r0, r3
 710 000a 24D0     		beq	.L42
 711              		.loc 1 302 3 is_stmt 0 discriminator 1 view .LVU230
 712 000c 03F58063 		add	r3, r3, #1024
 713 0010 9842     		cmp	r0, r3
 714 0012 20D0     		beq	.L42
 715              		.loc 1 302 3 discriminator 2 view .LVU231
 716 0014 03F58063 		add	r3, r3, #1024
 717 0018 9842     		cmp	r0, r3
 718 001a 1CD0     		beq	.L42
 719              		.loc 1 302 3 discriminator 3 view .LVU232
 720 001c 03F58063 		add	r3, r3, #1024
 721 0020 9842     		cmp	r0, r3
 722 0022 18D0     		beq	.L42
 723              		.loc 1 302 3 discriminator 4 view .LVU233
 724 0024 03F58063 		add	r3, r3, #1024
 725 0028 9842     		cmp	r0, r3
 726 002a 14D0     		beq	.L42
 727              		.loc 1 302 3 discriminator 5 view .LVU234
 728 002c 03F58063 		add	r3, r3, #1024
 729 0030 9842     		cmp	r0, r3
 730 0032 10D0     		beq	.L42
 731              		.loc 1 302 3 discriminator 6 view .LVU235
 732 0034 03F58063 		add	r3, r3, #1024
 733 0038 9842     		cmp	r0, r3
 734 003a 0CD0     		beq	.L42
 735              		.loc 1 302 3 discriminator 7 view .LVU236
 736 003c 03F58063 		add	r3, r3, #1024
 737 0040 9842     		cmp	r0, r3
 738 0042 08D0     		beq	.L42
 739              		.loc 1 302 3 discriminator 8 view .LVU237
 740 0044 03F58063 		add	r3, r3, #1024
 741 0048 9842     		cmp	r0, r3
 742 004a 04D0     		beq	.L42
 743              		.loc 1 302 3 discriminator 9 view .LVU238
 744 004c 4FF49771 		mov	r1, #302
 745              	.LVL61:
 746              		.loc 1 302 3 discriminator 9 view .LVU239
 747 0050 4948     		ldr	r0, .L60+4
 748              	.LVL62:
 749              		.loc 1 302 3 discriminator 9 view .LVU240
 750 0052 FFF7FEFF 		bl	assert_failed
 751              	.LVL63:
 752              	.L42:
 303:Drivers/STM32F4xx_HAL_Driver/Src/stm32f4xx_hal_gpio.c ****   
 304:Drivers/STM32F4xx_HAL_Driver/Src/stm32f4xx_hal_gpio.c ****   /* Configure the port pins */
 305:Drivers/STM32F4xx_HAL_Driver/Src/stm32f4xx_hal_gpio.c ****   for(position = 0U; position < GPIO_NUMBER; position++)
 306:Drivers/STM32F4xx_HAL_Driver/Src/stm32f4xx_hal_gpio.c ****   {
 307:Drivers/STM32F4xx_HAL_Driver/Src/stm32f4xx_hal_gpio.c ****     /* Get the IO position */
 308:Drivers/STM32F4xx_HAL_Driver/Src/stm32f4xx_hal_gpio.c ****     ioposition = 0x01U << position;
ARM GAS  C:\Users\guoch\AppData\Local\Temp\ccXDgaDm.s 			page 22


 309:Drivers/STM32F4xx_HAL_Driver/Src/stm32f4xx_hal_gpio.c ****     /* Get the current IO position */
 310:Drivers/STM32F4xx_HAL_Driver/Src/stm32f4xx_hal_gpio.c ****     iocurrent = (GPIO_Pin) & ioposition;
 311:Drivers/STM32F4xx_HAL_Driver/Src/stm32f4xx_hal_gpio.c **** 
 312:Drivers/STM32F4xx_HAL_Driver/Src/stm32f4xx_hal_gpio.c ****     if(iocurrent == ioposition)
 313:Drivers/STM32F4xx_HAL_Driver/Src/stm32f4xx_hal_gpio.c ****     {
 314:Drivers/STM32F4xx_HAL_Driver/Src/stm32f4xx_hal_gpio.c ****       /*------------------------- EXTI Mode Configuration --------------------*/
 315:Drivers/STM32F4xx_HAL_Driver/Src/stm32f4xx_hal_gpio.c ****       tmp = SYSCFG->EXTICR[position >> 2U];
 316:Drivers/STM32F4xx_HAL_Driver/Src/stm32f4xx_hal_gpio.c ****       tmp &= (0x0FU << (4U * (position & 0x03U)));
 317:Drivers/STM32F4xx_HAL_Driver/Src/stm32f4xx_hal_gpio.c ****       if(tmp == ((uint32_t)(GPIO_GET_INDEX(GPIOx)) << (4U * (position & 0x03U))))
 753              		.loc 1 317 29 discriminator 1 view .LVU241
 754 0056 0023     		movs	r3, #0
 755 0058 2CE0     		b	.L43
 756              	.LVL64:
 757              	.L59:
 758              		.loc 1 317 29 view .LVU242
 759 005a 0726     		movs	r6, #7
 760 005c 00E0     		b	.L45
 761              	.L48:
 762              		.loc 1 317 18 view .LVU243
 763 005e 0026     		movs	r6, #0
 764              	.L45:
 765              		.loc 1 317 52 discriminator 32 view .LVU244
 766 0060 06FA01F1 		lsl	r1, r6, r1
 767              		.loc 1 317 9 discriminator 32 view .LVU245
 768 0064 8142     		cmp	r1, r0
 769 0066 69D0     		beq	.L57
 770              	.LVL65:
 771              	.L46:
 318:Drivers/STM32F4xx_HAL_Driver/Src/stm32f4xx_hal_gpio.c ****       {
 319:Drivers/STM32F4xx_HAL_Driver/Src/stm32f4xx_hal_gpio.c ****         /* Clear EXTI line configuration */
 320:Drivers/STM32F4xx_HAL_Driver/Src/stm32f4xx_hal_gpio.c ****         EXTI->IMR &= ~((uint32_t)iocurrent);
 321:Drivers/STM32F4xx_HAL_Driver/Src/stm32f4xx_hal_gpio.c ****         EXTI->EMR &= ~((uint32_t)iocurrent);
 322:Drivers/STM32F4xx_HAL_Driver/Src/stm32f4xx_hal_gpio.c ****         
 323:Drivers/STM32F4xx_HAL_Driver/Src/stm32f4xx_hal_gpio.c ****         /* Clear Rising Falling edge configuration */
 324:Drivers/STM32F4xx_HAL_Driver/Src/stm32f4xx_hal_gpio.c ****         EXTI->FTSR &= ~((uint32_t)iocurrent);
 325:Drivers/STM32F4xx_HAL_Driver/Src/stm32f4xx_hal_gpio.c ****         EXTI->RTSR &= ~((uint32_t)iocurrent);
 326:Drivers/STM32F4xx_HAL_Driver/Src/stm32f4xx_hal_gpio.c **** 
 327:Drivers/STM32F4xx_HAL_Driver/Src/stm32f4xx_hal_gpio.c ****         /* Configure the External Interrupt or event for the current IO */
 328:Drivers/STM32F4xx_HAL_Driver/Src/stm32f4xx_hal_gpio.c ****         tmp = 0x0FU << (4U * (position & 0x03U));
 329:Drivers/STM32F4xx_HAL_Driver/Src/stm32f4xx_hal_gpio.c ****         SYSCFG->EXTICR[position >> 2U] &= ~tmp;
 330:Drivers/STM32F4xx_HAL_Driver/Src/stm32f4xx_hal_gpio.c ****       }
 331:Drivers/STM32F4xx_HAL_Driver/Src/stm32f4xx_hal_gpio.c **** 
 332:Drivers/STM32F4xx_HAL_Driver/Src/stm32f4xx_hal_gpio.c ****       /*------------------------- GPIO Mode Configuration --------------------*/
 333:Drivers/STM32F4xx_HAL_Driver/Src/stm32f4xx_hal_gpio.c ****       /* Configure IO Direction in Input Floating Mode */
 334:Drivers/STM32F4xx_HAL_Driver/Src/stm32f4xx_hal_gpio.c ****       GPIOx->MODER &= ~(GPIO_MODER_MODER0 << (position * 2U));
 772              		.loc 1 334 7 is_stmt 1 view .LVU246
 773              		.loc 1 334 20 is_stmt 0 view .LVU247
 774 0068 2068     		ldr	r0, [r4]
 775              		.loc 1 334 56 view .LVU248
 776 006a 5900     		lsls	r1, r3, #1
 777              		.loc 1 334 43 view .LVU249
 778 006c 0326     		movs	r6, #3
 779 006e 06FA01F1 		lsl	r1, r6, r1
 780              		.loc 1 334 20 view .LVU250
 781 0072 20EA0100 		bic	r0, r0, r1
 782 0076 2060     		str	r0, [r4]
 335:Drivers/STM32F4xx_HAL_Driver/Src/stm32f4xx_hal_gpio.c **** 
ARM GAS  C:\Users\guoch\AppData\Local\Temp\ccXDgaDm.s 			page 23


 336:Drivers/STM32F4xx_HAL_Driver/Src/stm32f4xx_hal_gpio.c ****       /* Configure the default Alternate Function in current IO */
 337:Drivers/STM32F4xx_HAL_Driver/Src/stm32f4xx_hal_gpio.c ****       GPIOx->AFR[position >> 3U] &= ~(0xFU << ((uint32_t)(position & 0x07U) * 4U)) ;
 783              		.loc 1 337 7 is_stmt 1 view .LVU251
 784              		.loc 1 337 34 is_stmt 0 view .LVU252
 785 0078 23FA06F0 		lsr	r0, r3, r6
 786 007c 0830     		adds	r0, r0, #8
 787 007e 54F82060 		ldr	r6, [r4, r0, lsl #2]
 788              		.loc 1 337 48 view .LVU253
 789 0082 03F0070C 		and	ip, r3, #7
 790              	.LVL66:
 791              		.loc 1 337 77 view .LVU254
 792 0086 4FEA8C0E 		lsl	lr, ip, #2
 793              		.loc 1 337 44 view .LVU255
 794 008a 4FF00F0C 		mov	ip, #15
 795 008e 0CFA0EFC 		lsl	ip, ip, lr
 796              		.loc 1 337 34 view .LVU256
 797 0092 26EA0C06 		bic	r6, r6, ip
 798 0096 44F82060 		str	r6, [r4, r0, lsl #2]
 338:Drivers/STM32F4xx_HAL_Driver/Src/stm32f4xx_hal_gpio.c **** 
 339:Drivers/STM32F4xx_HAL_Driver/Src/stm32f4xx_hal_gpio.c ****       /* Deactivate the Pull-up and Pull-down resistor for the current IO */
 340:Drivers/STM32F4xx_HAL_Driver/Src/stm32f4xx_hal_gpio.c ****       GPIOx->PUPDR &= ~(GPIO_PUPDR_PUPDR0 << (position * 2U));
 799              		.loc 1 340 7 is_stmt 1 view .LVU257
 800              		.loc 1 340 20 is_stmt 0 view .LVU258
 801 009a E068     		ldr	r0, [r4, #12]
 802 009c 20EA0100 		bic	r0, r0, r1
 803 00a0 E060     		str	r0, [r4, #12]
 341:Drivers/STM32F4xx_HAL_Driver/Src/stm32f4xx_hal_gpio.c **** 
 342:Drivers/STM32F4xx_HAL_Driver/Src/stm32f4xx_hal_gpio.c ****       /* Configure the default value IO Output Type */
 343:Drivers/STM32F4xx_HAL_Driver/Src/stm32f4xx_hal_gpio.c ****       GPIOx->OTYPER  &= ~(GPIO_OTYPER_OT_0 << position) ;
 804              		.loc 1 343 7 is_stmt 1 view .LVU259
 805              		.loc 1 343 22 is_stmt 0 view .LVU260
 806 00a2 6068     		ldr	r0, [r4, #4]
 807 00a4 20EA0202 		bic	r2, r0, r2
 808              	.LVL67:
 809              		.loc 1 343 22 view .LVU261
 810 00a8 6260     		str	r2, [r4, #4]
 344:Drivers/STM32F4xx_HAL_Driver/Src/stm32f4xx_hal_gpio.c **** 
 345:Drivers/STM32F4xx_HAL_Driver/Src/stm32f4xx_hal_gpio.c ****       /* Configure the default value for IO Speed */
 346:Drivers/STM32F4xx_HAL_Driver/Src/stm32f4xx_hal_gpio.c ****       GPIOx->OSPEEDR &= ~(GPIO_OSPEEDER_OSPEEDR0 << (position * 2U));
 811              		.loc 1 346 7 is_stmt 1 view .LVU262
 812              		.loc 1 346 22 is_stmt 0 view .LVU263
 813 00aa A268     		ldr	r2, [r4, #8]
 814 00ac 22EA0101 		bic	r1, r2, r1
 815 00b0 A160     		str	r1, [r4, #8]
 816              	.L44:
 305:Drivers/STM32F4xx_HAL_Driver/Src/stm32f4xx_hal_gpio.c ****   {
 817              		.loc 1 305 46 is_stmt 1 discriminator 2 view .LVU264
 305:Drivers/STM32F4xx_HAL_Driver/Src/stm32f4xx_hal_gpio.c ****   {
 818              		.loc 1 305 54 is_stmt 0 discriminator 2 view .LVU265
 819 00b2 0133     		adds	r3, r3, #1
 820              	.LVL68:
 821              	.L43:
 305:Drivers/STM32F4xx_HAL_Driver/Src/stm32f4xx_hal_gpio.c ****   {
 822              		.loc 1 305 22 is_stmt 1 discriminator 1 view .LVU266
 305:Drivers/STM32F4xx_HAL_Driver/Src/stm32f4xx_hal_gpio.c ****   {
 823              		.loc 1 305 3 is_stmt 0 discriminator 1 view .LVU267
 824 00b4 0F2B     		cmp	r3, #15
ARM GAS  C:\Users\guoch\AppData\Local\Temp\ccXDgaDm.s 			page 24


 825 00b6 5CD8     		bhi	.L58
 308:Drivers/STM32F4xx_HAL_Driver/Src/stm32f4xx_hal_gpio.c ****     /* Get the current IO position */
 826              		.loc 1 308 5 is_stmt 1 view .LVU268
 308:Drivers/STM32F4xx_HAL_Driver/Src/stm32f4xx_hal_gpio.c ****     /* Get the current IO position */
 827              		.loc 1 308 16 is_stmt 0 view .LVU269
 828 00b8 0122     		movs	r2, #1
 829 00ba 9A40     		lsls	r2, r2, r3
 830              	.LVL69:
 310:Drivers/STM32F4xx_HAL_Driver/Src/stm32f4xx_hal_gpio.c **** 
 831              		.loc 1 310 5 is_stmt 1 view .LVU270
 310:Drivers/STM32F4xx_HAL_Driver/Src/stm32f4xx_hal_gpio.c **** 
 832              		.loc 1 310 15 is_stmt 0 view .LVU271
 833 00bc 02EA050C 		and	ip, r2, r5
 834              	.LVL70:
 312:Drivers/STM32F4xx_HAL_Driver/Src/stm32f4xx_hal_gpio.c ****     {
 835              		.loc 1 312 5 is_stmt 1 view .LVU272
 312:Drivers/STM32F4xx_HAL_Driver/Src/stm32f4xx_hal_gpio.c ****     {
 836              		.loc 1 312 7 is_stmt 0 view .LVU273
 837 00c0 32EA0501 		bics	r1, r2, r5
 838 00c4 F5D1     		bne	.L44
 315:Drivers/STM32F4xx_HAL_Driver/Src/stm32f4xx_hal_gpio.c ****       tmp &= (0x0FU << (4U * (position & 0x03U)));
 839              		.loc 1 315 7 is_stmt 1 view .LVU274
 315:Drivers/STM32F4xx_HAL_Driver/Src/stm32f4xx_hal_gpio.c ****       tmp &= (0x0FU << (4U * (position & 0x03U)));
 840              		.loc 1 315 37 is_stmt 0 view .LVU275
 841 00c6 4FEA930E 		lsr	lr, r3, #2
 315:Drivers/STM32F4xx_HAL_Driver/Src/stm32f4xx_hal_gpio.c ****       tmp &= (0x0FU << (4U * (position & 0x03U)));
 842              		.loc 1 315 11 view .LVU276
 843 00ca 0EF10200 		add	r0, lr, #2
 844 00ce 2B49     		ldr	r1, .L60+8
 845 00d0 51F82000 		ldr	r0, [r1, r0, lsl #2]
 846              	.LVL71:
 316:Drivers/STM32F4xx_HAL_Driver/Src/stm32f4xx_hal_gpio.c ****       if(tmp == ((uint32_t)(GPIO_GET_INDEX(GPIOx)) << (4U * (position & 0x03U))))
 847              		.loc 1 316 7 is_stmt 1 view .LVU277
 316:Drivers/STM32F4xx_HAL_Driver/Src/stm32f4xx_hal_gpio.c ****       if(tmp == ((uint32_t)(GPIO_GET_INDEX(GPIOx)) << (4U * (position & 0x03U))))
 848              		.loc 1 316 40 is_stmt 0 view .LVU278
 849 00d4 03F00301 		and	r1, r3, #3
 316:Drivers/STM32F4xx_HAL_Driver/Src/stm32f4xx_hal_gpio.c ****       if(tmp == ((uint32_t)(GPIO_GET_INDEX(GPIOx)) << (4U * (position & 0x03U))))
 850              		.loc 1 316 28 view .LVU279
 851 00d8 8900     		lsls	r1, r1, #2
 316:Drivers/STM32F4xx_HAL_Driver/Src/stm32f4xx_hal_gpio.c ****       if(tmp == ((uint32_t)(GPIO_GET_INDEX(GPIOx)) << (4U * (position & 0x03U))))
 852              		.loc 1 316 21 view .LVU280
 853 00da 0F26     		movs	r6, #15
 854 00dc 06FA01F7 		lsl	r7, r6, r1
 316:Drivers/STM32F4xx_HAL_Driver/Src/stm32f4xx_hal_gpio.c ****       if(tmp == ((uint32_t)(GPIO_GET_INDEX(GPIOx)) << (4U * (position & 0x03U))))
 855              		.loc 1 316 11 view .LVU281
 856 00e0 3840     		ands	r0, r0, r7
 857              	.LVL72:
 317:Drivers/STM32F4xx_HAL_Driver/Src/stm32f4xx_hal_gpio.c ****       {
 858              		.loc 1 317 7 is_stmt 1 view .LVU282
 317:Drivers/STM32F4xx_HAL_Driver/Src/stm32f4xx_hal_gpio.c ****       {
 859              		.loc 1 317 18 is_stmt 0 view .LVU283
 860 00e2 244E     		ldr	r6, .L60
 861 00e4 B442     		cmp	r4, r6
 862 00e6 BAD0     		beq	.L48
 317:Drivers/STM32F4xx_HAL_Driver/Src/stm32f4xx_hal_gpio.c ****       {
 863              		.loc 1 317 29 discriminator 1 view .LVU284
 864 00e8 06F58066 		add	r6, r6, #1024
ARM GAS  C:\Users\guoch\AppData\Local\Temp\ccXDgaDm.s 			page 25


 865 00ec B442     		cmp	r4, r6
 866 00ee 19D0     		beq	.L49
 317:Drivers/STM32F4xx_HAL_Driver/Src/stm32f4xx_hal_gpio.c ****       {
 867              		.loc 1 317 29 discriminator 3 view .LVU285
 868 00f0 06F58066 		add	r6, r6, #1024
 869 00f4 B442     		cmp	r4, r6
 870 00f6 17D0     		beq	.L50
 317:Drivers/STM32F4xx_HAL_Driver/Src/stm32f4xx_hal_gpio.c ****       {
 871              		.loc 1 317 29 discriminator 5 view .LVU286
 872 00f8 06F58066 		add	r6, r6, #1024
 873 00fc B442     		cmp	r4, r6
 874 00fe 15D0     		beq	.L51
 317:Drivers/STM32F4xx_HAL_Driver/Src/stm32f4xx_hal_gpio.c ****       {
 875              		.loc 1 317 29 discriminator 7 view .LVU287
 876 0100 06F58066 		add	r6, r6, #1024
 877 0104 B442     		cmp	r4, r6
 878 0106 13D0     		beq	.L52
 317:Drivers/STM32F4xx_HAL_Driver/Src/stm32f4xx_hal_gpio.c ****       {
 879              		.loc 1 317 29 discriminator 9 view .LVU288
 880 0108 06F58066 		add	r6, r6, #1024
 881 010c B442     		cmp	r4, r6
 882 010e 11D0     		beq	.L53
 317:Drivers/STM32F4xx_HAL_Driver/Src/stm32f4xx_hal_gpio.c ****       {
 883              		.loc 1 317 29 discriminator 11 view .LVU289
 884 0110 06F58066 		add	r6, r6, #1024
 885 0114 B442     		cmp	r4, r6
 886 0116 0FD0     		beq	.L54
 317:Drivers/STM32F4xx_HAL_Driver/Src/stm32f4xx_hal_gpio.c ****       {
 887              		.loc 1 317 29 discriminator 13 view .LVU290
 888 0118 06F58066 		add	r6, r6, #1024
 889 011c B442     		cmp	r4, r6
 890 011e 9CD0     		beq	.L59
 317:Drivers/STM32F4xx_HAL_Driver/Src/stm32f4xx_hal_gpio.c ****       {
 891              		.loc 1 317 29 view .LVU291
 892 0120 0826     		movs	r6, #8
 893 0122 9DE7     		b	.L45
 894              	.L49:
 895 0124 0126     		movs	r6, #1
 896 0126 9BE7     		b	.L45
 897              	.L50:
 898 0128 0226     		movs	r6, #2
 899 012a 99E7     		b	.L45
 900              	.L51:
 901 012c 0326     		movs	r6, #3
 902 012e 97E7     		b	.L45
 903              	.L52:
 904 0130 0426     		movs	r6, #4
 905 0132 95E7     		b	.L45
 906              	.L53:
 907 0134 0526     		movs	r6, #5
 908 0136 93E7     		b	.L45
 909              	.L54:
 910 0138 0626     		movs	r6, #6
 911 013a 91E7     		b	.L45
 912              	.L57:
 320:Drivers/STM32F4xx_HAL_Driver/Src/stm32f4xx_hal_gpio.c ****         EXTI->EMR &= ~((uint32_t)iocurrent);
 913              		.loc 1 320 9 is_stmt 1 view .LVU292
ARM GAS  C:\Users\guoch\AppData\Local\Temp\ccXDgaDm.s 			page 26


 320:Drivers/STM32F4xx_HAL_Driver/Src/stm32f4xx_hal_gpio.c ****         EXTI->EMR &= ~((uint32_t)iocurrent);
 914              		.loc 1 320 19 is_stmt 0 view .LVU293
 915 013c 1049     		ldr	r1, .L60+12
 916 013e 0868     		ldr	r0, [r1]
 917              	.LVL73:
 320:Drivers/STM32F4xx_HAL_Driver/Src/stm32f4xx_hal_gpio.c ****         EXTI->EMR &= ~((uint32_t)iocurrent);
 918              		.loc 1 320 19 view .LVU294
 919 0140 20EA0C00 		bic	r0, r0, ip
 920 0144 0860     		str	r0, [r1]
 321:Drivers/STM32F4xx_HAL_Driver/Src/stm32f4xx_hal_gpio.c ****         
 921              		.loc 1 321 9 is_stmt 1 view .LVU295
 321:Drivers/STM32F4xx_HAL_Driver/Src/stm32f4xx_hal_gpio.c ****         
 922              		.loc 1 321 19 is_stmt 0 view .LVU296
 923 0146 4868     		ldr	r0, [r1, #4]
 924 0148 20EA0C00 		bic	r0, r0, ip
 925 014c 4860     		str	r0, [r1, #4]
 324:Drivers/STM32F4xx_HAL_Driver/Src/stm32f4xx_hal_gpio.c ****         EXTI->RTSR &= ~((uint32_t)iocurrent);
 926              		.loc 1 324 9 is_stmt 1 view .LVU297
 324:Drivers/STM32F4xx_HAL_Driver/Src/stm32f4xx_hal_gpio.c ****         EXTI->RTSR &= ~((uint32_t)iocurrent);
 927              		.loc 1 324 20 is_stmt 0 view .LVU298
 928 014e C868     		ldr	r0, [r1, #12]
 929 0150 20EA0C00 		bic	r0, r0, ip
 930 0154 C860     		str	r0, [r1, #12]
 325:Drivers/STM32F4xx_HAL_Driver/Src/stm32f4xx_hal_gpio.c **** 
 931              		.loc 1 325 9 is_stmt 1 view .LVU299
 325:Drivers/STM32F4xx_HAL_Driver/Src/stm32f4xx_hal_gpio.c **** 
 932              		.loc 1 325 20 is_stmt 0 view .LVU300
 933 0156 8868     		ldr	r0, [r1, #8]
 934 0158 20EA0C00 		bic	r0, r0, ip
 935 015c 8860     		str	r0, [r1, #8]
 328:Drivers/STM32F4xx_HAL_Driver/Src/stm32f4xx_hal_gpio.c ****         SYSCFG->EXTICR[position >> 2U] &= ~tmp;
 936              		.loc 1 328 9 is_stmt 1 view .LVU301
 937              	.LVL74:
 329:Drivers/STM32F4xx_HAL_Driver/Src/stm32f4xx_hal_gpio.c ****       }
 938              		.loc 1 329 9 view .LVU302
 329:Drivers/STM32F4xx_HAL_Driver/Src/stm32f4xx_hal_gpio.c ****       }
 939              		.loc 1 329 40 is_stmt 0 view .LVU303
 940 015e 0748     		ldr	r0, .L60+8
 941 0160 0EF10201 		add	r1, lr, #2
 942 0164 50F82160 		ldr	r6, [r0, r1, lsl #2]
 943 0168 26EA0706 		bic	r6, r6, r7
 944 016c 40F82160 		str	r6, [r0, r1, lsl #2]
 945 0170 7AE7     		b	.L46
 946              	.LVL75:
 947              	.L58:
 347:Drivers/STM32F4xx_HAL_Driver/Src/stm32f4xx_hal_gpio.c ****     }
 348:Drivers/STM32F4xx_HAL_Driver/Src/stm32f4xx_hal_gpio.c ****   }
 349:Drivers/STM32F4xx_HAL_Driver/Src/stm32f4xx_hal_gpio.c **** }
 948              		.loc 1 349 1 view .LVU304
 949 0172 F8BD     		pop	{r3, r4, r5, r6, r7, pc}
 950              	.LVL76:
 951              	.L61:
 952              		.loc 1 349 1 view .LVU305
 953              		.align	2
 954              	.L60:
 955 0174 00000240 		.word	1073872896
 956 0178 00000000 		.word	.LC0
ARM GAS  C:\Users\guoch\AppData\Local\Temp\ccXDgaDm.s 			page 27


 957 017c 00380140 		.word	1073821696
 958 0180 003C0140 		.word	1073822720
 959              		.cfi_endproc
 960              	.LFE135:
 962              		.section	.text.HAL_GPIO_ReadPin,"ax",%progbits
 963              		.align	1
 964              		.global	HAL_GPIO_ReadPin
 965              		.syntax unified
 966              		.thumb
 967              		.thumb_func
 969              	HAL_GPIO_ReadPin:
 970              	.LVL77:
 971              	.LFB136:
 350:Drivers/STM32F4xx_HAL_Driver/Src/stm32f4xx_hal_gpio.c **** 
 351:Drivers/STM32F4xx_HAL_Driver/Src/stm32f4xx_hal_gpio.c **** /**
 352:Drivers/STM32F4xx_HAL_Driver/Src/stm32f4xx_hal_gpio.c ****   * @}
 353:Drivers/STM32F4xx_HAL_Driver/Src/stm32f4xx_hal_gpio.c ****   */
 354:Drivers/STM32F4xx_HAL_Driver/Src/stm32f4xx_hal_gpio.c **** 
 355:Drivers/STM32F4xx_HAL_Driver/Src/stm32f4xx_hal_gpio.c **** /** @defgroup GPIO_Exported_Functions_Group2 IO operation functions 
 356:Drivers/STM32F4xx_HAL_Driver/Src/stm32f4xx_hal_gpio.c ****   *  @brief   GPIO Read and Write
 357:Drivers/STM32F4xx_HAL_Driver/Src/stm32f4xx_hal_gpio.c ****   *
 358:Drivers/STM32F4xx_HAL_Driver/Src/stm32f4xx_hal_gpio.c **** @verbatim
 359:Drivers/STM32F4xx_HAL_Driver/Src/stm32f4xx_hal_gpio.c ****  ===============================================================================
 360:Drivers/STM32F4xx_HAL_Driver/Src/stm32f4xx_hal_gpio.c ****                        ##### IO operation functions #####
 361:Drivers/STM32F4xx_HAL_Driver/Src/stm32f4xx_hal_gpio.c ****  ===============================================================================
 362:Drivers/STM32F4xx_HAL_Driver/Src/stm32f4xx_hal_gpio.c **** 
 363:Drivers/STM32F4xx_HAL_Driver/Src/stm32f4xx_hal_gpio.c **** @endverbatim
 364:Drivers/STM32F4xx_HAL_Driver/Src/stm32f4xx_hal_gpio.c ****   * @{
 365:Drivers/STM32F4xx_HAL_Driver/Src/stm32f4xx_hal_gpio.c ****   */
 366:Drivers/STM32F4xx_HAL_Driver/Src/stm32f4xx_hal_gpio.c **** 
 367:Drivers/STM32F4xx_HAL_Driver/Src/stm32f4xx_hal_gpio.c **** /**
 368:Drivers/STM32F4xx_HAL_Driver/Src/stm32f4xx_hal_gpio.c ****   * @brief  Reads the specified input port pin.
 369:Drivers/STM32F4xx_HAL_Driver/Src/stm32f4xx_hal_gpio.c ****   * @param  GPIOx where x can be (A..K) to select the GPIO peripheral for STM32F429X device or
 370:Drivers/STM32F4xx_HAL_Driver/Src/stm32f4xx_hal_gpio.c ****   *                      x can be (A..I) to select the GPIO peripheral for STM32F40XX and STM32F427
 371:Drivers/STM32F4xx_HAL_Driver/Src/stm32f4xx_hal_gpio.c ****   * @param  GPIO_Pin specifies the port bit to read.
 372:Drivers/STM32F4xx_HAL_Driver/Src/stm32f4xx_hal_gpio.c ****   *         This parameter can be GPIO_PIN_x where x can be (0..15).
 373:Drivers/STM32F4xx_HAL_Driver/Src/stm32f4xx_hal_gpio.c ****   * @retval The input port pin value.
 374:Drivers/STM32F4xx_HAL_Driver/Src/stm32f4xx_hal_gpio.c ****   */
 375:Drivers/STM32F4xx_HAL_Driver/Src/stm32f4xx_hal_gpio.c **** GPIO_PinState HAL_GPIO_ReadPin(GPIO_TypeDef* GPIOx, uint16_t GPIO_Pin)
 376:Drivers/STM32F4xx_HAL_Driver/Src/stm32f4xx_hal_gpio.c **** {
 972              		.loc 1 376 1 is_stmt 1 view -0
 973              		.cfi_startproc
 974              		@ args = 0, pretend = 0, frame = 0
 975              		@ frame_needed = 0, uses_anonymous_args = 0
 976              		.loc 1 376 1 is_stmt 0 view .LVU307
 977 0000 38B5     		push	{r3, r4, r5, lr}
 978              	.LCFI4:
 979              		.cfi_def_cfa_offset 16
 980              		.cfi_offset 3, -16
 981              		.cfi_offset 4, -12
 982              		.cfi_offset 5, -8
 983              		.cfi_offset 14, -4
 984 0002 0446     		mov	r4, r0
 377:Drivers/STM32F4xx_HAL_Driver/Src/stm32f4xx_hal_gpio.c ****   GPIO_PinState bitstatus;
 985              		.loc 1 377 3 is_stmt 1 view .LVU308
 378:Drivers/STM32F4xx_HAL_Driver/Src/stm32f4xx_hal_gpio.c **** 
 379:Drivers/STM32F4xx_HAL_Driver/Src/stm32f4xx_hal_gpio.c ****   /* Check the parameters */
ARM GAS  C:\Users\guoch\AppData\Local\Temp\ccXDgaDm.s 			page 28


 380:Drivers/STM32F4xx_HAL_Driver/Src/stm32f4xx_hal_gpio.c ****   assert_param(IS_GPIO_PIN(GPIO_Pin));
 986              		.loc 1 380 3 view .LVU309
 987 0004 0D46     		mov	r5, r1
 988 0006 21B1     		cbz	r1, .L68
 989              	.LVL78:
 990              	.L64:
 381:Drivers/STM32F4xx_HAL_Driver/Src/stm32f4xx_hal_gpio.c **** 
 382:Drivers/STM32F4xx_HAL_Driver/Src/stm32f4xx_hal_gpio.c ****   if((GPIOx->IDR & GPIO_Pin) != (uint32_t)GPIO_PIN_RESET)
 991              		.loc 1 382 3 view .LVU310
 992              		.loc 1 382 12 is_stmt 0 view .LVU311
 993 0008 2369     		ldr	r3, [r4, #16]
 994              		.loc 1 382 5 view .LVU312
 995 000a 1D42     		tst	r5, r3
 996 000c 07D0     		beq	.L66
 383:Drivers/STM32F4xx_HAL_Driver/Src/stm32f4xx_hal_gpio.c ****   {
 384:Drivers/STM32F4xx_HAL_Driver/Src/stm32f4xx_hal_gpio.c ****     bitstatus = GPIO_PIN_SET;
 997              		.loc 1 384 15 view .LVU313
 998 000e 0120     		movs	r0, #1
 999              	.L65:
 1000              	.LVL79:
 385:Drivers/STM32F4xx_HAL_Driver/Src/stm32f4xx_hal_gpio.c ****   }
 386:Drivers/STM32F4xx_HAL_Driver/Src/stm32f4xx_hal_gpio.c ****   else
 387:Drivers/STM32F4xx_HAL_Driver/Src/stm32f4xx_hal_gpio.c ****   {
 388:Drivers/STM32F4xx_HAL_Driver/Src/stm32f4xx_hal_gpio.c ****     bitstatus = GPIO_PIN_RESET;
 389:Drivers/STM32F4xx_HAL_Driver/Src/stm32f4xx_hal_gpio.c ****   }
 390:Drivers/STM32F4xx_HAL_Driver/Src/stm32f4xx_hal_gpio.c ****   return bitstatus;
 1001              		.loc 1 390 3 is_stmt 1 view .LVU314
 391:Drivers/STM32F4xx_HAL_Driver/Src/stm32f4xx_hal_gpio.c **** }
 1002              		.loc 1 391 1 is_stmt 0 view .LVU315
 1003 0010 38BD     		pop	{r3, r4, r5, pc}
 1004              	.LVL80:
 1005              	.L68:
 380:Drivers/STM32F4xx_HAL_Driver/Src/stm32f4xx_hal_gpio.c **** 
 1006              		.loc 1 380 3 discriminator 3 view .LVU316
 1007 0012 4FF4BE71 		mov	r1, #380
 1008              	.LVL81:
 380:Drivers/STM32F4xx_HAL_Driver/Src/stm32f4xx_hal_gpio.c **** 
 1009              		.loc 1 380 3 discriminator 3 view .LVU317
 1010 0016 0348     		ldr	r0, .L69
 1011              	.LVL82:
 380:Drivers/STM32F4xx_HAL_Driver/Src/stm32f4xx_hal_gpio.c **** 
 1012              		.loc 1 380 3 discriminator 3 view .LVU318
 1013 0018 FFF7FEFF 		bl	assert_failed
 1014              	.LVL83:
 1015 001c F4E7     		b	.L64
 1016              	.L66:
 388:Drivers/STM32F4xx_HAL_Driver/Src/stm32f4xx_hal_gpio.c ****   }
 1017              		.loc 1 388 15 view .LVU319
 1018 001e 0020     		movs	r0, #0
 1019 0020 F6E7     		b	.L65
 1020              	.L70:
 1021 0022 00BF     		.align	2
 1022              	.L69:
 1023 0024 00000000 		.word	.LC0
 1024              		.cfi_endproc
 1025              	.LFE136:
 1027              		.section	.text.HAL_GPIO_WritePin,"ax",%progbits
ARM GAS  C:\Users\guoch\AppData\Local\Temp\ccXDgaDm.s 			page 29


 1028              		.align	1
 1029              		.global	HAL_GPIO_WritePin
 1030              		.syntax unified
 1031              		.thumb
 1032              		.thumb_func
 1034              	HAL_GPIO_WritePin:
 1035              	.LVL84:
 1036              	.LFB137:
 392:Drivers/STM32F4xx_HAL_Driver/Src/stm32f4xx_hal_gpio.c **** 
 393:Drivers/STM32F4xx_HAL_Driver/Src/stm32f4xx_hal_gpio.c **** /**
 394:Drivers/STM32F4xx_HAL_Driver/Src/stm32f4xx_hal_gpio.c ****   * @brief  Sets or clears the selected data port bit.
 395:Drivers/STM32F4xx_HAL_Driver/Src/stm32f4xx_hal_gpio.c ****   *
 396:Drivers/STM32F4xx_HAL_Driver/Src/stm32f4xx_hal_gpio.c ****   * @note   This function uses GPIOx_BSRR register to allow atomic read/modify
 397:Drivers/STM32F4xx_HAL_Driver/Src/stm32f4xx_hal_gpio.c ****   *         accesses. In this way, there is no risk of an IRQ occurring between
 398:Drivers/STM32F4xx_HAL_Driver/Src/stm32f4xx_hal_gpio.c ****   *         the read and the modify access.
 399:Drivers/STM32F4xx_HAL_Driver/Src/stm32f4xx_hal_gpio.c ****   *
 400:Drivers/STM32F4xx_HAL_Driver/Src/stm32f4xx_hal_gpio.c ****   * @param  GPIOx where x can be (A..K) to select the GPIO peripheral for STM32F429X device or
 401:Drivers/STM32F4xx_HAL_Driver/Src/stm32f4xx_hal_gpio.c ****   *                      x can be (A..I) to select the GPIO peripheral for STM32F40XX and STM32F427
 402:Drivers/STM32F4xx_HAL_Driver/Src/stm32f4xx_hal_gpio.c ****   * @param  GPIO_Pin specifies the port bit to be written.
 403:Drivers/STM32F4xx_HAL_Driver/Src/stm32f4xx_hal_gpio.c ****   *          This parameter can be one of GPIO_PIN_x where x can be (0..15).
 404:Drivers/STM32F4xx_HAL_Driver/Src/stm32f4xx_hal_gpio.c ****   * @param  PinState specifies the value to be written to the selected bit.
 405:Drivers/STM32F4xx_HAL_Driver/Src/stm32f4xx_hal_gpio.c ****   *          This parameter can be one of the GPIO_PinState enum values:
 406:Drivers/STM32F4xx_HAL_Driver/Src/stm32f4xx_hal_gpio.c ****   *            @arg GPIO_PIN_RESET: to clear the port pin
 407:Drivers/STM32F4xx_HAL_Driver/Src/stm32f4xx_hal_gpio.c ****   *            @arg GPIO_PIN_SET: to set the port pin
 408:Drivers/STM32F4xx_HAL_Driver/Src/stm32f4xx_hal_gpio.c ****   * @retval None
 409:Drivers/STM32F4xx_HAL_Driver/Src/stm32f4xx_hal_gpio.c ****   */
 410:Drivers/STM32F4xx_HAL_Driver/Src/stm32f4xx_hal_gpio.c **** void HAL_GPIO_WritePin(GPIO_TypeDef* GPIOx, uint16_t GPIO_Pin, GPIO_PinState PinState)
 411:Drivers/STM32F4xx_HAL_Driver/Src/stm32f4xx_hal_gpio.c **** {
 1037              		.loc 1 411 1 is_stmt 1 view -0
 1038              		.cfi_startproc
 1039              		@ args = 0, pretend = 0, frame = 0
 1040              		@ frame_needed = 0, uses_anonymous_args = 0
 1041              		.loc 1 411 1 is_stmt 0 view .LVU321
 1042 0000 70B5     		push	{r4, r5, r6, lr}
 1043              	.LCFI5:
 1044              		.cfi_def_cfa_offset 16
 1045              		.cfi_offset 4, -16
 1046              		.cfi_offset 5, -12
 1047              		.cfi_offset 6, -8
 1048              		.cfi_offset 14, -4
 1049 0002 0546     		mov	r5, r0
 1050 0004 1446     		mov	r4, r2
 412:Drivers/STM32F4xx_HAL_Driver/Src/stm32f4xx_hal_gpio.c ****   /* Check the parameters */
 413:Drivers/STM32F4xx_HAL_Driver/Src/stm32f4xx_hal_gpio.c ****   assert_param(IS_GPIO_PIN(GPIO_Pin));
 1051              		.loc 1 413 3 is_stmt 1 view .LVU322
 1052 0006 0E46     		mov	r6, r1
 1053 0008 21B1     		cbz	r1, .L78
 1054              	.LVL85:
 1055              	.L73:
 414:Drivers/STM32F4xx_HAL_Driver/Src/stm32f4xx_hal_gpio.c ****   assert_param(IS_GPIO_PIN_ACTION(PinState));
 1056              		.loc 1 414 3 view .LVU323
 1057 000a 012C     		cmp	r4, #1
 1058 000c 08D8     		bhi	.L79
 1059              	.L74:
 415:Drivers/STM32F4xx_HAL_Driver/Src/stm32f4xx_hal_gpio.c **** 
 416:Drivers/STM32F4xx_HAL_Driver/Src/stm32f4xx_hal_gpio.c ****   if(PinState != GPIO_PIN_RESET)
 1060              		.loc 1 416 3 view .LVU324
ARM GAS  C:\Users\guoch\AppData\Local\Temp\ccXDgaDm.s 			page 30


 1061              		.loc 1 416 5 is_stmt 0 view .LVU325
 1062 000e 6CB1     		cbz	r4, .L75
 417:Drivers/STM32F4xx_HAL_Driver/Src/stm32f4xx_hal_gpio.c ****   {
 418:Drivers/STM32F4xx_HAL_Driver/Src/stm32f4xx_hal_gpio.c ****     GPIOx->BSRR = GPIO_Pin;
 1063              		.loc 1 418 5 is_stmt 1 view .LVU326
 1064              		.loc 1 418 17 is_stmt 0 view .LVU327
 1065 0010 AE61     		str	r6, [r5, #24]
 1066              	.L71:
 419:Drivers/STM32F4xx_HAL_Driver/Src/stm32f4xx_hal_gpio.c ****   }
 420:Drivers/STM32F4xx_HAL_Driver/Src/stm32f4xx_hal_gpio.c ****   else
 421:Drivers/STM32F4xx_HAL_Driver/Src/stm32f4xx_hal_gpio.c ****   {
 422:Drivers/STM32F4xx_HAL_Driver/Src/stm32f4xx_hal_gpio.c ****     GPIOx->BSRR = (uint32_t)GPIO_Pin << 16U;
 423:Drivers/STM32F4xx_HAL_Driver/Src/stm32f4xx_hal_gpio.c ****   }
 424:Drivers/STM32F4xx_HAL_Driver/Src/stm32f4xx_hal_gpio.c **** }
 1067              		.loc 1 424 1 view .LVU328
 1068 0012 70BD     		pop	{r4, r5, r6, pc}
 1069              	.LVL86:
 1070              	.L78:
 413:Drivers/STM32F4xx_HAL_Driver/Src/stm32f4xx_hal_gpio.c ****   assert_param(IS_GPIO_PIN_ACTION(PinState));
 1071              		.loc 1 413 3 discriminator 3 view .LVU329
 1072 0014 40F29D11 		movw	r1, #413
 1073              	.LVL87:
 413:Drivers/STM32F4xx_HAL_Driver/Src/stm32f4xx_hal_gpio.c ****   assert_param(IS_GPIO_PIN_ACTION(PinState));
 1074              		.loc 1 413 3 discriminator 3 view .LVU330
 1075 0018 0648     		ldr	r0, .L80
 1076              	.LVL88:
 413:Drivers/STM32F4xx_HAL_Driver/Src/stm32f4xx_hal_gpio.c ****   assert_param(IS_GPIO_PIN_ACTION(PinState));
 1077              		.loc 1 413 3 discriminator 3 view .LVU331
 1078 001a FFF7FEFF 		bl	assert_failed
 1079              	.LVL89:
 413:Drivers/STM32F4xx_HAL_Driver/Src/stm32f4xx_hal_gpio.c ****   assert_param(IS_GPIO_PIN_ACTION(PinState));
 1080              		.loc 1 413 3 discriminator 3 view .LVU332
 1081 001e F4E7     		b	.L73
 1082              	.L79:
 414:Drivers/STM32F4xx_HAL_Driver/Src/stm32f4xx_hal_gpio.c **** 
 1083              		.loc 1 414 3 discriminator 1 view .LVU333
 1084 0020 4FF4CF71 		mov	r1, #414
 1085 0024 0348     		ldr	r0, .L80
 1086 0026 FFF7FEFF 		bl	assert_failed
 1087              	.LVL90:
 1088 002a F0E7     		b	.L74
 1089              	.L75:
 422:Drivers/STM32F4xx_HAL_Driver/Src/stm32f4xx_hal_gpio.c ****   }
 1090              		.loc 1 422 5 is_stmt 1 view .LVU334
 422:Drivers/STM32F4xx_HAL_Driver/Src/stm32f4xx_hal_gpio.c ****   }
 1091              		.loc 1 422 38 is_stmt 0 view .LVU335
 1092 002c 3604     		lsls	r6, r6, #16
 422:Drivers/STM32F4xx_HAL_Driver/Src/stm32f4xx_hal_gpio.c ****   }
 1093              		.loc 1 422 17 view .LVU336
 1094 002e AE61     		str	r6, [r5, #24]
 1095              		.loc 1 424 1 view .LVU337
 1096 0030 EFE7     		b	.L71
 1097              	.L81:
 1098 0032 00BF     		.align	2
 1099              	.L80:
 1100 0034 00000000 		.word	.LC0
 1101              		.cfi_endproc
ARM GAS  C:\Users\guoch\AppData\Local\Temp\ccXDgaDm.s 			page 31


 1102              	.LFE137:
 1104              		.section	.text.HAL_GPIO_TogglePin,"ax",%progbits
 1105              		.align	1
 1106              		.global	HAL_GPIO_TogglePin
 1107              		.syntax unified
 1108              		.thumb
 1109              		.thumb_func
 1111              	HAL_GPIO_TogglePin:
 1112              	.LVL91:
 1113              	.LFB138:
 425:Drivers/STM32F4xx_HAL_Driver/Src/stm32f4xx_hal_gpio.c **** 
 426:Drivers/STM32F4xx_HAL_Driver/Src/stm32f4xx_hal_gpio.c **** /**
 427:Drivers/STM32F4xx_HAL_Driver/Src/stm32f4xx_hal_gpio.c ****   * @brief  Toggles the specified GPIO pins.
 428:Drivers/STM32F4xx_HAL_Driver/Src/stm32f4xx_hal_gpio.c ****   * @param  GPIOx Where x can be (A..K) to select the GPIO peripheral for STM32F429X device or
 429:Drivers/STM32F4xx_HAL_Driver/Src/stm32f4xx_hal_gpio.c ****   *                      x can be (A..I) to select the GPIO peripheral for STM32F40XX and STM32F427
 430:Drivers/STM32F4xx_HAL_Driver/Src/stm32f4xx_hal_gpio.c ****   * @param  GPIO_Pin Specifies the pins to be toggled.
 431:Drivers/STM32F4xx_HAL_Driver/Src/stm32f4xx_hal_gpio.c ****   * @retval None
 432:Drivers/STM32F4xx_HAL_Driver/Src/stm32f4xx_hal_gpio.c ****   */
 433:Drivers/STM32F4xx_HAL_Driver/Src/stm32f4xx_hal_gpio.c **** void HAL_GPIO_TogglePin(GPIO_TypeDef* GPIOx, uint16_t GPIO_Pin)
 434:Drivers/STM32F4xx_HAL_Driver/Src/stm32f4xx_hal_gpio.c **** {
 1114              		.loc 1 434 1 is_stmt 1 view -0
 1115              		.cfi_startproc
 1116              		@ args = 0, pretend = 0, frame = 0
 1117              		@ frame_needed = 0, uses_anonymous_args = 0
 1118              		.loc 1 434 1 is_stmt 0 view .LVU339
 1119 0000 38B5     		push	{r3, r4, r5, lr}
 1120              	.LCFI6:
 1121              		.cfi_def_cfa_offset 16
 1122              		.cfi_offset 3, -16
 1123              		.cfi_offset 4, -12
 1124              		.cfi_offset 5, -8
 1125              		.cfi_offset 14, -4
 1126 0002 0546     		mov	r5, r0
 435:Drivers/STM32F4xx_HAL_Driver/Src/stm32f4xx_hal_gpio.c ****   uint32_t odr;
 1127              		.loc 1 435 3 is_stmt 1 view .LVU340
 436:Drivers/STM32F4xx_HAL_Driver/Src/stm32f4xx_hal_gpio.c **** 
 437:Drivers/STM32F4xx_HAL_Driver/Src/stm32f4xx_hal_gpio.c ****   /* Check the parameters */
 438:Drivers/STM32F4xx_HAL_Driver/Src/stm32f4xx_hal_gpio.c ****   assert_param(IS_GPIO_PIN(GPIO_Pin));
 1128              		.loc 1 438 3 view .LVU341
 1129 0004 0C46     		mov	r4, r1
 1130 0006 41B1     		cbz	r1, .L86
 1131              	.LVL92:
 1132              	.L84:
 439:Drivers/STM32F4xx_HAL_Driver/Src/stm32f4xx_hal_gpio.c **** 
 440:Drivers/STM32F4xx_HAL_Driver/Src/stm32f4xx_hal_gpio.c ****   /* get current Output Data Register value */
 441:Drivers/STM32F4xx_HAL_Driver/Src/stm32f4xx_hal_gpio.c ****   odr = GPIOx->ODR;
 1133              		.loc 1 441 3 view .LVU342
 1134              		.loc 1 441 7 is_stmt 0 view .LVU343
 1135 0008 6B69     		ldr	r3, [r5, #20]
 1136              	.LVL93:
 442:Drivers/STM32F4xx_HAL_Driver/Src/stm32f4xx_hal_gpio.c **** 
 443:Drivers/STM32F4xx_HAL_Driver/Src/stm32f4xx_hal_gpio.c ****   /* Set selected pins that were at low level, and reset ones that were high */
 444:Drivers/STM32F4xx_HAL_Driver/Src/stm32f4xx_hal_gpio.c ****   GPIOx->BSRR = ((odr & GPIO_Pin) << GPIO_NUMBER) | (~odr & GPIO_Pin);
 1137              		.loc 1 444 3 is_stmt 1 view .LVU344
 1138              		.loc 1 444 23 is_stmt 0 view .LVU345
 1139 000a 04EA0302 		and	r2, r4, r3
 1140              		.loc 1 444 59 view .LVU346
ARM GAS  C:\Users\guoch\AppData\Local\Temp\ccXDgaDm.s 			page 32


 1141 000e 24EA0304 		bic	r4, r4, r3
 1142              		.loc 1 444 51 view .LVU347
 1143 0012 44EA0244 		orr	r4, r4, r2, lsl #16
 1144              		.loc 1 444 15 view .LVU348
 1145 0016 AC61     		str	r4, [r5, #24]
 445:Drivers/STM32F4xx_HAL_Driver/Src/stm32f4xx_hal_gpio.c **** }
 1146              		.loc 1 445 1 view .LVU349
 1147 0018 38BD     		pop	{r3, r4, r5, pc}
 1148              	.LVL94:
 1149              	.L86:
 438:Drivers/STM32F4xx_HAL_Driver/Src/stm32f4xx_hal_gpio.c **** 
 1150              		.loc 1 438 3 discriminator 3 view .LVU350
 1151 001a 4FF4DB71 		mov	r1, #438
 1152              	.LVL95:
 438:Drivers/STM32F4xx_HAL_Driver/Src/stm32f4xx_hal_gpio.c **** 
 1153              		.loc 1 438 3 discriminator 3 view .LVU351
 1154 001e 0248     		ldr	r0, .L87
 1155              	.LVL96:
 438:Drivers/STM32F4xx_HAL_Driver/Src/stm32f4xx_hal_gpio.c **** 
 1156              		.loc 1 438 3 discriminator 3 view .LVU352
 1157 0020 FFF7FEFF 		bl	assert_failed
 1158              	.LVL97:
 1159 0024 F0E7     		b	.L84
 1160              	.L88:
 1161 0026 00BF     		.align	2
 1162              	.L87:
 1163 0028 00000000 		.word	.LC0
 1164              		.cfi_endproc
 1165              	.LFE138:
 1167              		.section	.text.HAL_GPIO_LockPin,"ax",%progbits
 1168              		.align	1
 1169              		.global	HAL_GPIO_LockPin
 1170              		.syntax unified
 1171              		.thumb
 1172              		.thumb_func
 1174              	HAL_GPIO_LockPin:
 1175              	.LVL98:
 1176              	.LFB139:
 446:Drivers/STM32F4xx_HAL_Driver/Src/stm32f4xx_hal_gpio.c **** 
 447:Drivers/STM32F4xx_HAL_Driver/Src/stm32f4xx_hal_gpio.c **** /**
 448:Drivers/STM32F4xx_HAL_Driver/Src/stm32f4xx_hal_gpio.c ****   * @brief  Locks GPIO Pins configuration registers.
 449:Drivers/STM32F4xx_HAL_Driver/Src/stm32f4xx_hal_gpio.c ****   * @note   The locked registers are GPIOx_MODER, GPIOx_OTYPER, GPIOx_OSPEEDR,
 450:Drivers/STM32F4xx_HAL_Driver/Src/stm32f4xx_hal_gpio.c ****   *         GPIOx_PUPDR, GPIOx_AFRL and GPIOx_AFRH.
 451:Drivers/STM32F4xx_HAL_Driver/Src/stm32f4xx_hal_gpio.c ****   * @note   The configuration of the locked GPIO pins can no longer be modified
 452:Drivers/STM32F4xx_HAL_Driver/Src/stm32f4xx_hal_gpio.c ****   *         until the next reset.
 453:Drivers/STM32F4xx_HAL_Driver/Src/stm32f4xx_hal_gpio.c ****   * @param  GPIOx where x can be (A..F) to select the GPIO peripheral for STM32F4 family
 454:Drivers/STM32F4xx_HAL_Driver/Src/stm32f4xx_hal_gpio.c ****   * @param  GPIO_Pin specifies the port bit to be locked.
 455:Drivers/STM32F4xx_HAL_Driver/Src/stm32f4xx_hal_gpio.c ****   *         This parameter can be any combination of GPIO_PIN_x where x can be (0..15).
 456:Drivers/STM32F4xx_HAL_Driver/Src/stm32f4xx_hal_gpio.c ****   * @retval None
 457:Drivers/STM32F4xx_HAL_Driver/Src/stm32f4xx_hal_gpio.c ****   */
 458:Drivers/STM32F4xx_HAL_Driver/Src/stm32f4xx_hal_gpio.c **** HAL_StatusTypeDef HAL_GPIO_LockPin(GPIO_TypeDef* GPIOx, uint16_t GPIO_Pin)
 459:Drivers/STM32F4xx_HAL_Driver/Src/stm32f4xx_hal_gpio.c **** {
 1177              		.loc 1 459 1 is_stmt 1 view -0
 1178              		.cfi_startproc
 1179              		@ args = 0, pretend = 0, frame = 8
 1180              		@ frame_needed = 0, uses_anonymous_args = 0
 1181              		.loc 1 459 1 is_stmt 0 view .LVU354
ARM GAS  C:\Users\guoch\AppData\Local\Temp\ccXDgaDm.s 			page 33


 1182 0000 30B5     		push	{r4, r5, lr}
 1183              	.LCFI7:
 1184              		.cfi_def_cfa_offset 12
 1185              		.cfi_offset 4, -12
 1186              		.cfi_offset 5, -8
 1187              		.cfi_offset 14, -4
 1188 0002 83B0     		sub	sp, sp, #12
 1189              	.LCFI8:
 1190              		.cfi_def_cfa_offset 24
 1191 0004 0446     		mov	r4, r0
 460:Drivers/STM32F4xx_HAL_Driver/Src/stm32f4xx_hal_gpio.c ****   __IO uint32_t tmp = GPIO_LCKR_LCKK;
 1192              		.loc 1 460 3 is_stmt 1 view .LVU355
 1193              		.loc 1 460 17 is_stmt 0 view .LVU356
 1194 0006 4FF48033 		mov	r3, #65536
 1195 000a 0193     		str	r3, [sp, #4]
 461:Drivers/STM32F4xx_HAL_Driver/Src/stm32f4xx_hal_gpio.c **** 
 462:Drivers/STM32F4xx_HAL_Driver/Src/stm32f4xx_hal_gpio.c ****   /* Check the parameters */
 463:Drivers/STM32F4xx_HAL_Driver/Src/stm32f4xx_hal_gpio.c ****   assert_param(IS_GPIO_PIN(GPIO_Pin));
 1196              		.loc 1 463 3 is_stmt 1 view .LVU357
 1197 000c 0D46     		mov	r5, r1
 1198 000e 81B1     		cbz	r1, .L95
 1199              	.LVL99:
 1200              	.L91:
 464:Drivers/STM32F4xx_HAL_Driver/Src/stm32f4xx_hal_gpio.c **** 
 465:Drivers/STM32F4xx_HAL_Driver/Src/stm32f4xx_hal_gpio.c ****   /* Apply lock key write sequence */
 466:Drivers/STM32F4xx_HAL_Driver/Src/stm32f4xx_hal_gpio.c ****   tmp |= GPIO_Pin;
 1201              		.loc 1 466 3 view .LVU358
 1202              		.loc 1 466 7 is_stmt 0 view .LVU359
 1203 0010 019B     		ldr	r3, [sp, #4]
 1204 0012 2B43     		orrs	r3, r3, r5
 1205 0014 0193     		str	r3, [sp, #4]
 467:Drivers/STM32F4xx_HAL_Driver/Src/stm32f4xx_hal_gpio.c ****   /* Set LCKx bit(s): LCKK='1' + LCK[15-0] */
 468:Drivers/STM32F4xx_HAL_Driver/Src/stm32f4xx_hal_gpio.c ****   GPIOx->LCKR = tmp;
 1206              		.loc 1 468 3 is_stmt 1 view .LVU360
 1207              		.loc 1 468 15 is_stmt 0 view .LVU361
 1208 0016 019B     		ldr	r3, [sp, #4]
 1209 0018 E361     		str	r3, [r4, #28]
 469:Drivers/STM32F4xx_HAL_Driver/Src/stm32f4xx_hal_gpio.c ****   /* Reset LCKx bit(s): LCKK='0' + LCK[15-0] */
 470:Drivers/STM32F4xx_HAL_Driver/Src/stm32f4xx_hal_gpio.c ****   GPIOx->LCKR = GPIO_Pin;
 1210              		.loc 1 470 3 is_stmt 1 view .LVU362
 1211              		.loc 1 470 15 is_stmt 0 view .LVU363
 1212 001a E561     		str	r5, [r4, #28]
 471:Drivers/STM32F4xx_HAL_Driver/Src/stm32f4xx_hal_gpio.c ****   /* Set LCKx bit(s): LCKK='1' + LCK[15-0] */
 472:Drivers/STM32F4xx_HAL_Driver/Src/stm32f4xx_hal_gpio.c ****   GPIOx->LCKR = tmp;
 1213              		.loc 1 472 3 is_stmt 1 view .LVU364
 1214              		.loc 1 472 15 is_stmt 0 view .LVU365
 1215 001c 019B     		ldr	r3, [sp, #4]
 1216 001e E361     		str	r3, [r4, #28]
 473:Drivers/STM32F4xx_HAL_Driver/Src/stm32f4xx_hal_gpio.c ****   /* Read LCKR register. This read is mandatory to complete key lock sequence */
 474:Drivers/STM32F4xx_HAL_Driver/Src/stm32f4xx_hal_gpio.c ****   tmp = GPIOx->LCKR;
 1217              		.loc 1 474 3 is_stmt 1 view .LVU366
 1218              		.loc 1 474 14 is_stmt 0 view .LVU367
 1219 0020 E369     		ldr	r3, [r4, #28]
 1220              		.loc 1 474 7 view .LVU368
 1221 0022 0193     		str	r3, [sp, #4]
 475:Drivers/STM32F4xx_HAL_Driver/Src/stm32f4xx_hal_gpio.c **** 
 476:Drivers/STM32F4xx_HAL_Driver/Src/stm32f4xx_hal_gpio.c ****   /* Read again in order to confirm lock is active */
ARM GAS  C:\Users\guoch\AppData\Local\Temp\ccXDgaDm.s 			page 34


 477:Drivers/STM32F4xx_HAL_Driver/Src/stm32f4xx_hal_gpio.c ****  if((GPIOx->LCKR & GPIO_LCKR_LCKK) != RESET)
 1222              		.loc 1 477 2 is_stmt 1 view .LVU369
 1223              		.loc 1 477 11 is_stmt 0 view .LVU370
 1224 0024 E369     		ldr	r3, [r4, #28]
 1225              		.loc 1 477 4 view .LVU371
 1226 0026 13F4803F 		tst	r3, #65536
 1227 002a 08D0     		beq	.L93
 478:Drivers/STM32F4xx_HAL_Driver/Src/stm32f4xx_hal_gpio.c ****   {
 479:Drivers/STM32F4xx_HAL_Driver/Src/stm32f4xx_hal_gpio.c ****     return HAL_OK;
 1228              		.loc 1 479 12 view .LVU372
 1229 002c 0020     		movs	r0, #0
 1230              	.L92:
 480:Drivers/STM32F4xx_HAL_Driver/Src/stm32f4xx_hal_gpio.c ****   }
 481:Drivers/STM32F4xx_HAL_Driver/Src/stm32f4xx_hal_gpio.c ****   else
 482:Drivers/STM32F4xx_HAL_Driver/Src/stm32f4xx_hal_gpio.c ****   {
 483:Drivers/STM32F4xx_HAL_Driver/Src/stm32f4xx_hal_gpio.c ****     return HAL_ERROR;
 484:Drivers/STM32F4xx_HAL_Driver/Src/stm32f4xx_hal_gpio.c ****   }
 485:Drivers/STM32F4xx_HAL_Driver/Src/stm32f4xx_hal_gpio.c **** }
 1231              		.loc 1 485 1 view .LVU373
 1232 002e 03B0     		add	sp, sp, #12
 1233              	.LCFI9:
 1234              		.cfi_remember_state
 1235              		.cfi_def_cfa_offset 12
 1236              		@ sp needed
 1237 0030 30BD     		pop	{r4, r5, pc}
 1238              	.LVL100:
 1239              	.L95:
 1240              	.LCFI10:
 1241              		.cfi_restore_state
 463:Drivers/STM32F4xx_HAL_Driver/Src/stm32f4xx_hal_gpio.c **** 
 1242              		.loc 1 463 3 discriminator 3 view .LVU374
 1243 0032 40F2CF11 		movw	r1, #463
 1244              	.LVL101:
 463:Drivers/STM32F4xx_HAL_Driver/Src/stm32f4xx_hal_gpio.c **** 
 1245              		.loc 1 463 3 discriminator 3 view .LVU375
 1246 0036 0348     		ldr	r0, .L96
 1247              	.LVL102:
 463:Drivers/STM32F4xx_HAL_Driver/Src/stm32f4xx_hal_gpio.c **** 
 1248              		.loc 1 463 3 discriminator 3 view .LVU376
 1249 0038 FFF7FEFF 		bl	assert_failed
 1250              	.LVL103:
 1251 003c E8E7     		b	.L91
 1252              	.L93:
 483:Drivers/STM32F4xx_HAL_Driver/Src/stm32f4xx_hal_gpio.c ****   }
 1253              		.loc 1 483 12 view .LVU377
 1254 003e 0120     		movs	r0, #1
 1255 0040 F5E7     		b	.L92
 1256              	.L97:
 1257 0042 00BF     		.align	2
 1258              	.L96:
 1259 0044 00000000 		.word	.LC0
 1260              		.cfi_endproc
 1261              	.LFE139:
 1263              		.section	.text.HAL_GPIO_EXTI_Callback,"ax",%progbits
 1264              		.align	1
 1265              		.weak	HAL_GPIO_EXTI_Callback
 1266              		.syntax unified
ARM GAS  C:\Users\guoch\AppData\Local\Temp\ccXDgaDm.s 			page 35


 1267              		.thumb
 1268              		.thumb_func
 1270              	HAL_GPIO_EXTI_Callback:
 1271              	.LVL104:
 1272              	.LFB141:
 486:Drivers/STM32F4xx_HAL_Driver/Src/stm32f4xx_hal_gpio.c **** 
 487:Drivers/STM32F4xx_HAL_Driver/Src/stm32f4xx_hal_gpio.c **** /**
 488:Drivers/STM32F4xx_HAL_Driver/Src/stm32f4xx_hal_gpio.c ****   * @brief  This function handles EXTI interrupt request.
 489:Drivers/STM32F4xx_HAL_Driver/Src/stm32f4xx_hal_gpio.c ****   * @param  GPIO_Pin Specifies the pins connected EXTI line
 490:Drivers/STM32F4xx_HAL_Driver/Src/stm32f4xx_hal_gpio.c ****   * @retval None
 491:Drivers/STM32F4xx_HAL_Driver/Src/stm32f4xx_hal_gpio.c ****   */
 492:Drivers/STM32F4xx_HAL_Driver/Src/stm32f4xx_hal_gpio.c **** void HAL_GPIO_EXTI_IRQHandler(uint16_t GPIO_Pin)
 493:Drivers/STM32F4xx_HAL_Driver/Src/stm32f4xx_hal_gpio.c **** {
 494:Drivers/STM32F4xx_HAL_Driver/Src/stm32f4xx_hal_gpio.c ****   /* EXTI line interrupt detected */
 495:Drivers/STM32F4xx_HAL_Driver/Src/stm32f4xx_hal_gpio.c ****   if(__HAL_GPIO_EXTI_GET_IT(GPIO_Pin) != RESET)
 496:Drivers/STM32F4xx_HAL_Driver/Src/stm32f4xx_hal_gpio.c ****   {
 497:Drivers/STM32F4xx_HAL_Driver/Src/stm32f4xx_hal_gpio.c ****     __HAL_GPIO_EXTI_CLEAR_IT(GPIO_Pin);
 498:Drivers/STM32F4xx_HAL_Driver/Src/stm32f4xx_hal_gpio.c ****     HAL_GPIO_EXTI_Callback(GPIO_Pin);
 499:Drivers/STM32F4xx_HAL_Driver/Src/stm32f4xx_hal_gpio.c ****   }
 500:Drivers/STM32F4xx_HAL_Driver/Src/stm32f4xx_hal_gpio.c **** }
 501:Drivers/STM32F4xx_HAL_Driver/Src/stm32f4xx_hal_gpio.c **** 
 502:Drivers/STM32F4xx_HAL_Driver/Src/stm32f4xx_hal_gpio.c **** /**
 503:Drivers/STM32F4xx_HAL_Driver/Src/stm32f4xx_hal_gpio.c ****   * @brief  EXTI line detection callbacks.
 504:Drivers/STM32F4xx_HAL_Driver/Src/stm32f4xx_hal_gpio.c ****   * @param  GPIO_Pin Specifies the pins connected EXTI line
 505:Drivers/STM32F4xx_HAL_Driver/Src/stm32f4xx_hal_gpio.c ****   * @retval None
 506:Drivers/STM32F4xx_HAL_Driver/Src/stm32f4xx_hal_gpio.c ****   */
 507:Drivers/STM32F4xx_HAL_Driver/Src/stm32f4xx_hal_gpio.c **** __weak void HAL_GPIO_EXTI_Callback(uint16_t GPIO_Pin)
 508:Drivers/STM32F4xx_HAL_Driver/Src/stm32f4xx_hal_gpio.c **** {
 1273              		.loc 1 508 1 is_stmt 1 view -0
 1274              		.cfi_startproc
 1275              		@ args = 0, pretend = 0, frame = 0
 1276              		@ frame_needed = 0, uses_anonymous_args = 0
 1277              		@ link register save eliminated.
 509:Drivers/STM32F4xx_HAL_Driver/Src/stm32f4xx_hal_gpio.c ****   /* Prevent unused argument(s) compilation warning */
 510:Drivers/STM32F4xx_HAL_Driver/Src/stm32f4xx_hal_gpio.c ****   UNUSED(GPIO_Pin);
 1278              		.loc 1 510 3 view .LVU379
 511:Drivers/STM32F4xx_HAL_Driver/Src/stm32f4xx_hal_gpio.c ****   /* NOTE: This function Should not be modified, when the callback is needed,
 512:Drivers/STM32F4xx_HAL_Driver/Src/stm32f4xx_hal_gpio.c ****            the HAL_GPIO_EXTI_Callback could be implemented in the user file
 513:Drivers/STM32F4xx_HAL_Driver/Src/stm32f4xx_hal_gpio.c ****    */
 514:Drivers/STM32F4xx_HAL_Driver/Src/stm32f4xx_hal_gpio.c **** }
 1279              		.loc 1 514 1 is_stmt 0 view .LVU380
 1280 0000 7047     		bx	lr
 1281              		.cfi_endproc
 1282              	.LFE141:
 1284              		.section	.text.HAL_GPIO_EXTI_IRQHandler,"ax",%progbits
 1285              		.align	1
 1286              		.global	HAL_GPIO_EXTI_IRQHandler
 1287              		.syntax unified
 1288              		.thumb
 1289              		.thumb_func
 1291              	HAL_GPIO_EXTI_IRQHandler:
 1292              	.LVL105:
 1293              	.LFB140:
 493:Drivers/STM32F4xx_HAL_Driver/Src/stm32f4xx_hal_gpio.c ****   /* EXTI line interrupt detected */
 1294              		.loc 1 493 1 is_stmt 1 view -0
 1295              		.cfi_startproc
 1296              		@ args = 0, pretend = 0, frame = 0
ARM GAS  C:\Users\guoch\AppData\Local\Temp\ccXDgaDm.s 			page 36


 1297              		@ frame_needed = 0, uses_anonymous_args = 0
 493:Drivers/STM32F4xx_HAL_Driver/Src/stm32f4xx_hal_gpio.c ****   /* EXTI line interrupt detected */
 1298              		.loc 1 493 1 is_stmt 0 view .LVU382
 1299 0000 08B5     		push	{r3, lr}
 1300              	.LCFI11:
 1301              		.cfi_def_cfa_offset 8
 1302              		.cfi_offset 3, -8
 1303              		.cfi_offset 14, -4
 495:Drivers/STM32F4xx_HAL_Driver/Src/stm32f4xx_hal_gpio.c ****   {
 1304              		.loc 1 495 3 is_stmt 1 view .LVU383
 495:Drivers/STM32F4xx_HAL_Driver/Src/stm32f4xx_hal_gpio.c ****   {
 1305              		.loc 1 495 6 is_stmt 0 view .LVU384
 1306 0002 054B     		ldr	r3, .L103
 1307 0004 5B69     		ldr	r3, [r3, #20]
 495:Drivers/STM32F4xx_HAL_Driver/Src/stm32f4xx_hal_gpio.c ****   {
 1308              		.loc 1 495 5 view .LVU385
 1309 0006 0342     		tst	r3, r0
 1310 0008 00D1     		bne	.L102
 1311              	.LVL106:
 1312              	.L99:
 500:Drivers/STM32F4xx_HAL_Driver/Src/stm32f4xx_hal_gpio.c **** 
 1313              		.loc 1 500 1 view .LVU386
 1314 000a 08BD     		pop	{r3, pc}
 1315              	.LVL107:
 1316              	.L102:
 497:Drivers/STM32F4xx_HAL_Driver/Src/stm32f4xx_hal_gpio.c ****     HAL_GPIO_EXTI_Callback(GPIO_Pin);
 1317              		.loc 1 497 5 is_stmt 1 view .LVU387
 1318 000c 024B     		ldr	r3, .L103
 1319 000e 5861     		str	r0, [r3, #20]
 498:Drivers/STM32F4xx_HAL_Driver/Src/stm32f4xx_hal_gpio.c ****   }
 1320              		.loc 1 498 5 view .LVU388
 1321 0010 FFF7FEFF 		bl	HAL_GPIO_EXTI_Callback
 1322              	.LVL108:
 500:Drivers/STM32F4xx_HAL_Driver/Src/stm32f4xx_hal_gpio.c **** 
 1323              		.loc 1 500 1 is_stmt 0 view .LVU389
 1324 0014 F9E7     		b	.L99
 1325              	.L104:
 1326 0016 00BF     		.align	2
 1327              	.L103:
 1328 0018 003C0140 		.word	1073822720
 1329              		.cfi_endproc
 1330              	.LFE140:
 1332              		.text
 1333              	.Letext0:
 1334              		.file 2 "d:\\software\\stm32-for-vscode-tool\\gcc-arm-none-eabi-10.3-2021.10\\arm-none-eabi\\inclu
 1335              		.file 3 "d:\\software\\stm32-for-vscode-tool\\gcc-arm-none-eabi-10.3-2021.10\\arm-none-eabi\\inclu
 1336              		.file 4 "Drivers/CMSIS/Device/ST/STM32F4xx/Include/stm32f407xx.h"
 1337              		.file 5 "Drivers/CMSIS/Device/ST/STM32F4xx/Include/stm32f4xx.h"
 1338              		.file 6 "Drivers/STM32F4xx_HAL_Driver/Inc/stm32f4xx_hal_def.h"
 1339              		.file 7 "Drivers/STM32F4xx_HAL_Driver/Inc/stm32f4xx_hal_gpio.h"
 1340              		.file 8 "Core/Inc/stm32f4xx_hal_conf.h"
ARM GAS  C:\Users\guoch\AppData\Local\Temp\ccXDgaDm.s 			page 37


DEFINED SYMBOLS
                            *ABS*:00000000 stm32f4xx_hal_gpio.c
C:\Users\guoch\AppData\Local\Temp\ccXDgaDm.s:20     .rodata.HAL_GPIO_Init.str1.4:00000000 $d
C:\Users\guoch\AppData\Local\Temp\ccXDgaDm.s:25     .text.HAL_GPIO_Init:00000000 $t
C:\Users\guoch\AppData\Local\Temp\ccXDgaDm.s:31     .text.HAL_GPIO_Init:00000000 HAL_GPIO_Init
C:\Users\guoch\AppData\Local\Temp\ccXDgaDm.s:328    .text.HAL_GPIO_Init:00000164 $d
C:\Users\guoch\AppData\Local\Temp\ccXDgaDm.s:332    .text.HAL_GPIO_Init:0000016c $t
C:\Users\guoch\AppData\Local\Temp\ccXDgaDm.s:669    .text.HAL_GPIO_Init:000002e0 $d
C:\Users\guoch\AppData\Local\Temp\ccXDgaDm.s:677    .text.HAL_GPIO_DeInit:00000000 $t
C:\Users\guoch\AppData\Local\Temp\ccXDgaDm.s:683    .text.HAL_GPIO_DeInit:00000000 HAL_GPIO_DeInit
C:\Users\guoch\AppData\Local\Temp\ccXDgaDm.s:955    .text.HAL_GPIO_DeInit:00000174 $d
C:\Users\guoch\AppData\Local\Temp\ccXDgaDm.s:963    .text.HAL_GPIO_ReadPin:00000000 $t
C:\Users\guoch\AppData\Local\Temp\ccXDgaDm.s:969    .text.HAL_GPIO_ReadPin:00000000 HAL_GPIO_ReadPin
C:\Users\guoch\AppData\Local\Temp\ccXDgaDm.s:1023   .text.HAL_GPIO_ReadPin:00000024 $d
C:\Users\guoch\AppData\Local\Temp\ccXDgaDm.s:1028   .text.HAL_GPIO_WritePin:00000000 $t
C:\Users\guoch\AppData\Local\Temp\ccXDgaDm.s:1034   .text.HAL_GPIO_WritePin:00000000 HAL_GPIO_WritePin
C:\Users\guoch\AppData\Local\Temp\ccXDgaDm.s:1100   .text.HAL_GPIO_WritePin:00000034 $d
C:\Users\guoch\AppData\Local\Temp\ccXDgaDm.s:1105   .text.HAL_GPIO_TogglePin:00000000 $t
C:\Users\guoch\AppData\Local\Temp\ccXDgaDm.s:1111   .text.HAL_GPIO_TogglePin:00000000 HAL_GPIO_TogglePin
C:\Users\guoch\AppData\Local\Temp\ccXDgaDm.s:1163   .text.HAL_GPIO_TogglePin:00000028 $d
C:\Users\guoch\AppData\Local\Temp\ccXDgaDm.s:1168   .text.HAL_GPIO_LockPin:00000000 $t
C:\Users\guoch\AppData\Local\Temp\ccXDgaDm.s:1174   .text.HAL_GPIO_LockPin:00000000 HAL_GPIO_LockPin
C:\Users\guoch\AppData\Local\Temp\ccXDgaDm.s:1259   .text.HAL_GPIO_LockPin:00000044 $d
C:\Users\guoch\AppData\Local\Temp\ccXDgaDm.s:1264   .text.HAL_GPIO_EXTI_Callback:00000000 $t
C:\Users\guoch\AppData\Local\Temp\ccXDgaDm.s:1270   .text.HAL_GPIO_EXTI_Callback:00000000 HAL_GPIO_EXTI_Callback
C:\Users\guoch\AppData\Local\Temp\ccXDgaDm.s:1285   .text.HAL_GPIO_EXTI_IRQHandler:00000000 $t
C:\Users\guoch\AppData\Local\Temp\ccXDgaDm.s:1291   .text.HAL_GPIO_EXTI_IRQHandler:00000000 HAL_GPIO_EXTI_IRQHandler
C:\Users\guoch\AppData\Local\Temp\ccXDgaDm.s:1328   .text.HAL_GPIO_EXTI_IRQHandler:00000018 $d

UNDEFINED SYMBOLS
assert_failed
