ARM GAS  C:\Users\guoch\AppData\Local\Temp\cczcpGjr.s 			page 1


   1              		.cpu cortex-m4
   2              		.arch armv7e-m
   3              		.fpu fpv4-sp-d16
   4              		.eabi_attribute 27, 1
   5              		.eabi_attribute 28, 1
   6              		.eabi_attribute 20, 1
   7              		.eabi_attribute 21, 1
   8              		.eabi_attribute 23, 3
   9              		.eabi_attribute 24, 1
  10              		.eabi_attribute 25, 1
  11              		.eabi_attribute 26, 1
  12              		.eabi_attribute 30, 1
  13              		.eabi_attribute 34, 1
  14              		.eabi_attribute 18, 4
  15              		.file	"stm32f4xx_hal_pwr.c"
  16              		.text
  17              	.Ltext0:
  18              		.cfi_sections	.debug_frame
  19              		.section	.text.HAL_PWR_DeInit,"ax",%progbits
  20              		.align	1
  21              		.global	HAL_PWR_DeInit
  22              		.syntax unified
  23              		.thumb
  24              		.thumb_func
  26              	HAL_PWR_DeInit:
  27              	.LFB134:
  28              		.file 1 "Drivers/STM32F4xx_HAL_Driver/Src/stm32f4xx_hal_pwr.c"
   1:Drivers/STM32F4xx_HAL_Driver/Src/stm32f4xx_hal_pwr.c **** /**
   2:Drivers/STM32F4xx_HAL_Driver/Src/stm32f4xx_hal_pwr.c ****   ******************************************************************************
   3:Drivers/STM32F4xx_HAL_Driver/Src/stm32f4xx_hal_pwr.c ****   * @file    stm32f4xx_hal_pwr.c
   4:Drivers/STM32F4xx_HAL_Driver/Src/stm32f4xx_hal_pwr.c ****   * @author  MCD Application Team
   5:Drivers/STM32F4xx_HAL_Driver/Src/stm32f4xx_hal_pwr.c ****   * @brief   PWR HAL module driver.
   6:Drivers/STM32F4xx_HAL_Driver/Src/stm32f4xx_hal_pwr.c ****   *          This file provides firmware functions to manage the following 
   7:Drivers/STM32F4xx_HAL_Driver/Src/stm32f4xx_hal_pwr.c ****   *          functionalities of the Power Controller (PWR) peripheral:
   8:Drivers/STM32F4xx_HAL_Driver/Src/stm32f4xx_hal_pwr.c ****   *           + Initialization and de-initialization functions
   9:Drivers/STM32F4xx_HAL_Driver/Src/stm32f4xx_hal_pwr.c ****   *           + Peripheral Control functions 
  10:Drivers/STM32F4xx_HAL_Driver/Src/stm32f4xx_hal_pwr.c ****   *         
  11:Drivers/STM32F4xx_HAL_Driver/Src/stm32f4xx_hal_pwr.c ****   ******************************************************************************
  12:Drivers/STM32F4xx_HAL_Driver/Src/stm32f4xx_hal_pwr.c ****   * @attention
  13:Drivers/STM32F4xx_HAL_Driver/Src/stm32f4xx_hal_pwr.c ****   *
  14:Drivers/STM32F4xx_HAL_Driver/Src/stm32f4xx_hal_pwr.c ****   * Copyright (c) 2017 STMicroelectronics.
  15:Drivers/STM32F4xx_HAL_Driver/Src/stm32f4xx_hal_pwr.c ****   * All rights reserved.
  16:Drivers/STM32F4xx_HAL_Driver/Src/stm32f4xx_hal_pwr.c ****   *
  17:Drivers/STM32F4xx_HAL_Driver/Src/stm32f4xx_hal_pwr.c ****   * This software is licensed under terms that can be found in the LICENSE file in
  18:Drivers/STM32F4xx_HAL_Driver/Src/stm32f4xx_hal_pwr.c ****   * the root directory of this software component.
  19:Drivers/STM32F4xx_HAL_Driver/Src/stm32f4xx_hal_pwr.c ****   * If no LICENSE file comes with this software, it is provided AS-IS.
  20:Drivers/STM32F4xx_HAL_Driver/Src/stm32f4xx_hal_pwr.c ****   ******************************************************************************
  21:Drivers/STM32F4xx_HAL_Driver/Src/stm32f4xx_hal_pwr.c ****   */ 
  22:Drivers/STM32F4xx_HAL_Driver/Src/stm32f4xx_hal_pwr.c **** 
  23:Drivers/STM32F4xx_HAL_Driver/Src/stm32f4xx_hal_pwr.c **** /* Includes ------------------------------------------------------------------*/
  24:Drivers/STM32F4xx_HAL_Driver/Src/stm32f4xx_hal_pwr.c **** #include "stm32f4xx_hal.h"
  25:Drivers/STM32F4xx_HAL_Driver/Src/stm32f4xx_hal_pwr.c **** 
  26:Drivers/STM32F4xx_HAL_Driver/Src/stm32f4xx_hal_pwr.c **** /** @addtogroup STM32F4xx_HAL_Driver
  27:Drivers/STM32F4xx_HAL_Driver/Src/stm32f4xx_hal_pwr.c ****   * @{
  28:Drivers/STM32F4xx_HAL_Driver/Src/stm32f4xx_hal_pwr.c ****   */
  29:Drivers/STM32F4xx_HAL_Driver/Src/stm32f4xx_hal_pwr.c **** 
  30:Drivers/STM32F4xx_HAL_Driver/Src/stm32f4xx_hal_pwr.c **** /** @defgroup PWR PWR
ARM GAS  C:\Users\guoch\AppData\Local\Temp\cczcpGjr.s 			page 2


  31:Drivers/STM32F4xx_HAL_Driver/Src/stm32f4xx_hal_pwr.c ****   * @brief PWR HAL module driver
  32:Drivers/STM32F4xx_HAL_Driver/Src/stm32f4xx_hal_pwr.c ****   * @{
  33:Drivers/STM32F4xx_HAL_Driver/Src/stm32f4xx_hal_pwr.c ****   */
  34:Drivers/STM32F4xx_HAL_Driver/Src/stm32f4xx_hal_pwr.c **** 
  35:Drivers/STM32F4xx_HAL_Driver/Src/stm32f4xx_hal_pwr.c **** #ifdef HAL_PWR_MODULE_ENABLED
  36:Drivers/STM32F4xx_HAL_Driver/Src/stm32f4xx_hal_pwr.c **** 
  37:Drivers/STM32F4xx_HAL_Driver/Src/stm32f4xx_hal_pwr.c **** /* Private typedef -----------------------------------------------------------*/
  38:Drivers/STM32F4xx_HAL_Driver/Src/stm32f4xx_hal_pwr.c **** /* Private define ------------------------------------------------------------*/
  39:Drivers/STM32F4xx_HAL_Driver/Src/stm32f4xx_hal_pwr.c **** /** @addtogroup PWR_Private_Constants
  40:Drivers/STM32F4xx_HAL_Driver/Src/stm32f4xx_hal_pwr.c ****   * @{
  41:Drivers/STM32F4xx_HAL_Driver/Src/stm32f4xx_hal_pwr.c ****   */
  42:Drivers/STM32F4xx_HAL_Driver/Src/stm32f4xx_hal_pwr.c ****   
  43:Drivers/STM32F4xx_HAL_Driver/Src/stm32f4xx_hal_pwr.c **** /** @defgroup PWR_PVD_Mode_Mask PWR PVD Mode Mask
  44:Drivers/STM32F4xx_HAL_Driver/Src/stm32f4xx_hal_pwr.c ****   * @{
  45:Drivers/STM32F4xx_HAL_Driver/Src/stm32f4xx_hal_pwr.c ****   */     
  46:Drivers/STM32F4xx_HAL_Driver/Src/stm32f4xx_hal_pwr.c **** #define PVD_MODE_IT               0x00010000U
  47:Drivers/STM32F4xx_HAL_Driver/Src/stm32f4xx_hal_pwr.c **** #define PVD_MODE_EVT              0x00020000U
  48:Drivers/STM32F4xx_HAL_Driver/Src/stm32f4xx_hal_pwr.c **** #define PVD_RISING_EDGE           0x00000001U
  49:Drivers/STM32F4xx_HAL_Driver/Src/stm32f4xx_hal_pwr.c **** #define PVD_FALLING_EDGE          0x00000002U
  50:Drivers/STM32F4xx_HAL_Driver/Src/stm32f4xx_hal_pwr.c **** /**
  51:Drivers/STM32F4xx_HAL_Driver/Src/stm32f4xx_hal_pwr.c ****   * @}
  52:Drivers/STM32F4xx_HAL_Driver/Src/stm32f4xx_hal_pwr.c ****   */
  53:Drivers/STM32F4xx_HAL_Driver/Src/stm32f4xx_hal_pwr.c **** 
  54:Drivers/STM32F4xx_HAL_Driver/Src/stm32f4xx_hal_pwr.c **** /**
  55:Drivers/STM32F4xx_HAL_Driver/Src/stm32f4xx_hal_pwr.c ****   * @}
  56:Drivers/STM32F4xx_HAL_Driver/Src/stm32f4xx_hal_pwr.c ****   */    
  57:Drivers/STM32F4xx_HAL_Driver/Src/stm32f4xx_hal_pwr.c **** /* Private macro -------------------------------------------------------------*/
  58:Drivers/STM32F4xx_HAL_Driver/Src/stm32f4xx_hal_pwr.c **** /* Private variables ---------------------------------------------------------*/
  59:Drivers/STM32F4xx_HAL_Driver/Src/stm32f4xx_hal_pwr.c **** /* Private function prototypes -----------------------------------------------*/
  60:Drivers/STM32F4xx_HAL_Driver/Src/stm32f4xx_hal_pwr.c **** /* Private functions ---------------------------------------------------------*/
  61:Drivers/STM32F4xx_HAL_Driver/Src/stm32f4xx_hal_pwr.c **** 
  62:Drivers/STM32F4xx_HAL_Driver/Src/stm32f4xx_hal_pwr.c **** /** @defgroup PWR_Exported_Functions PWR Exported Functions
  63:Drivers/STM32F4xx_HAL_Driver/Src/stm32f4xx_hal_pwr.c ****   * @{
  64:Drivers/STM32F4xx_HAL_Driver/Src/stm32f4xx_hal_pwr.c ****   */
  65:Drivers/STM32F4xx_HAL_Driver/Src/stm32f4xx_hal_pwr.c **** 
  66:Drivers/STM32F4xx_HAL_Driver/Src/stm32f4xx_hal_pwr.c **** /** @defgroup PWR_Exported_Functions_Group1 Initialization and de-initialization functions 
  67:Drivers/STM32F4xx_HAL_Driver/Src/stm32f4xx_hal_pwr.c ****   *  @brief    Initialization and de-initialization functions
  68:Drivers/STM32F4xx_HAL_Driver/Src/stm32f4xx_hal_pwr.c ****   *
  69:Drivers/STM32F4xx_HAL_Driver/Src/stm32f4xx_hal_pwr.c **** @verbatim
  70:Drivers/STM32F4xx_HAL_Driver/Src/stm32f4xx_hal_pwr.c ****  ===============================================================================
  71:Drivers/STM32F4xx_HAL_Driver/Src/stm32f4xx_hal_pwr.c ****               ##### Initialization and de-initialization functions #####
  72:Drivers/STM32F4xx_HAL_Driver/Src/stm32f4xx_hal_pwr.c ****  ===============================================================================
  73:Drivers/STM32F4xx_HAL_Driver/Src/stm32f4xx_hal_pwr.c ****     [..]
  74:Drivers/STM32F4xx_HAL_Driver/Src/stm32f4xx_hal_pwr.c ****       After reset, the backup domain (RTC registers, RTC backup data 
  75:Drivers/STM32F4xx_HAL_Driver/Src/stm32f4xx_hal_pwr.c ****       registers and backup SRAM) is protected against possible unwanted 
  76:Drivers/STM32F4xx_HAL_Driver/Src/stm32f4xx_hal_pwr.c ****       write accesses. 
  77:Drivers/STM32F4xx_HAL_Driver/Src/stm32f4xx_hal_pwr.c ****       To enable access to the RTC Domain and RTC registers, proceed as follows:
  78:Drivers/STM32F4xx_HAL_Driver/Src/stm32f4xx_hal_pwr.c ****         (+) Enable the Power Controller (PWR) APB1 interface clock using the
  79:Drivers/STM32F4xx_HAL_Driver/Src/stm32f4xx_hal_pwr.c ****             __HAL_RCC_PWR_CLK_ENABLE() macro.
  80:Drivers/STM32F4xx_HAL_Driver/Src/stm32f4xx_hal_pwr.c ****         (+) Enable access to RTC domain using the HAL_PWR_EnableBkUpAccess() function.
  81:Drivers/STM32F4xx_HAL_Driver/Src/stm32f4xx_hal_pwr.c ****  
  82:Drivers/STM32F4xx_HAL_Driver/Src/stm32f4xx_hal_pwr.c **** @endverbatim
  83:Drivers/STM32F4xx_HAL_Driver/Src/stm32f4xx_hal_pwr.c ****   * @{
  84:Drivers/STM32F4xx_HAL_Driver/Src/stm32f4xx_hal_pwr.c ****   */
  85:Drivers/STM32F4xx_HAL_Driver/Src/stm32f4xx_hal_pwr.c **** 
  86:Drivers/STM32F4xx_HAL_Driver/Src/stm32f4xx_hal_pwr.c **** /**
  87:Drivers/STM32F4xx_HAL_Driver/Src/stm32f4xx_hal_pwr.c ****   * @brief Deinitializes the HAL PWR peripheral registers to their default reset values.
ARM GAS  C:\Users\guoch\AppData\Local\Temp\cczcpGjr.s 			page 3


  88:Drivers/STM32F4xx_HAL_Driver/Src/stm32f4xx_hal_pwr.c ****   * @retval None
  89:Drivers/STM32F4xx_HAL_Driver/Src/stm32f4xx_hal_pwr.c ****   */
  90:Drivers/STM32F4xx_HAL_Driver/Src/stm32f4xx_hal_pwr.c **** void HAL_PWR_DeInit(void)
  91:Drivers/STM32F4xx_HAL_Driver/Src/stm32f4xx_hal_pwr.c **** {
  29              		.loc 1 91 1 view -0
  30              		.cfi_startproc
  31              		@ args = 0, pretend = 0, frame = 0
  32              		@ frame_needed = 0, uses_anonymous_args = 0
  33              		@ link register save eliminated.
  92:Drivers/STM32F4xx_HAL_Driver/Src/stm32f4xx_hal_pwr.c ****   __HAL_RCC_PWR_FORCE_RESET();
  34              		.loc 1 92 3 view .LVU1
  35 0000 044B     		ldr	r3, .L2
  36 0002 1A6A     		ldr	r2, [r3, #32]
  37 0004 42F08052 		orr	r2, r2, #268435456
  38 0008 1A62     		str	r2, [r3, #32]
  93:Drivers/STM32F4xx_HAL_Driver/Src/stm32f4xx_hal_pwr.c ****   __HAL_RCC_PWR_RELEASE_RESET();
  39              		.loc 1 93 3 view .LVU2
  40 000a 1A6A     		ldr	r2, [r3, #32]
  41 000c 22F08052 		bic	r2, r2, #268435456
  42 0010 1A62     		str	r2, [r3, #32]
  94:Drivers/STM32F4xx_HAL_Driver/Src/stm32f4xx_hal_pwr.c **** }
  43              		.loc 1 94 1 is_stmt 0 view .LVU3
  44 0012 7047     		bx	lr
  45              	.L3:
  46              		.align	2
  47              	.L2:
  48 0014 00380240 		.word	1073887232
  49              		.cfi_endproc
  50              	.LFE134:
  52              		.section	.text.HAL_PWR_EnableBkUpAccess,"ax",%progbits
  53              		.align	1
  54              		.global	HAL_PWR_EnableBkUpAccess
  55              		.syntax unified
  56              		.thumb
  57              		.thumb_func
  59              	HAL_PWR_EnableBkUpAccess:
  60              	.LFB135:
  95:Drivers/STM32F4xx_HAL_Driver/Src/stm32f4xx_hal_pwr.c **** 
  96:Drivers/STM32F4xx_HAL_Driver/Src/stm32f4xx_hal_pwr.c **** /**
  97:Drivers/STM32F4xx_HAL_Driver/Src/stm32f4xx_hal_pwr.c ****   * @brief Enables access to the backup domain (RTC registers, RTC 
  98:Drivers/STM32F4xx_HAL_Driver/Src/stm32f4xx_hal_pwr.c ****   *         backup data registers and backup SRAM).
  99:Drivers/STM32F4xx_HAL_Driver/Src/stm32f4xx_hal_pwr.c ****   * @note If the HSE divided by 2, 3, ..31 is used as the RTC clock, the 
 100:Drivers/STM32F4xx_HAL_Driver/Src/stm32f4xx_hal_pwr.c ****   *         Backup Domain Access should be kept enabled.
 101:Drivers/STM32F4xx_HAL_Driver/Src/stm32f4xx_hal_pwr.c ****   * @note The following sequence is required to bypass the delay between
 102:Drivers/STM32F4xx_HAL_Driver/Src/stm32f4xx_hal_pwr.c ****   *         DBP bit programming and the effective enabling  of the backup domain.
 103:Drivers/STM32F4xx_HAL_Driver/Src/stm32f4xx_hal_pwr.c ****   *         Please check the Errata Sheet for more details under "Possible delay
 104:Drivers/STM32F4xx_HAL_Driver/Src/stm32f4xx_hal_pwr.c ****   *         in backup domain protection disabling/enabling after programming the
 105:Drivers/STM32F4xx_HAL_Driver/Src/stm32f4xx_hal_pwr.c ****   *         DBP bit" section.
 106:Drivers/STM32F4xx_HAL_Driver/Src/stm32f4xx_hal_pwr.c ****   * @retval None
 107:Drivers/STM32F4xx_HAL_Driver/Src/stm32f4xx_hal_pwr.c ****   */
 108:Drivers/STM32F4xx_HAL_Driver/Src/stm32f4xx_hal_pwr.c **** void HAL_PWR_EnableBkUpAccess(void)
 109:Drivers/STM32F4xx_HAL_Driver/Src/stm32f4xx_hal_pwr.c **** {
  61              		.loc 1 109 1 is_stmt 1 view -0
  62              		.cfi_startproc
  63              		@ args = 0, pretend = 0, frame = 8
  64              		@ frame_needed = 0, uses_anonymous_args = 0
  65              		@ link register save eliminated.
ARM GAS  C:\Users\guoch\AppData\Local\Temp\cczcpGjr.s 			page 4


  66 0000 82B0     		sub	sp, sp, #8
  67              	.LCFI0:
  68              		.cfi_def_cfa_offset 8
 110:Drivers/STM32F4xx_HAL_Driver/Src/stm32f4xx_hal_pwr.c ****   __IO uint32_t dummyread;
  69              		.loc 1 110 3 view .LVU5
 111:Drivers/STM32F4xx_HAL_Driver/Src/stm32f4xx_hal_pwr.c ****   *(__IO uint32_t *) CR_DBP_BB = (uint32_t)ENABLE;
  70              		.loc 1 111 3 view .LVU6
  71              		.loc 1 111 32 is_stmt 0 view .LVU7
  72 0002 044B     		ldr	r3, .L6
  73 0004 0122     		movs	r2, #1
  74 0006 1A62     		str	r2, [r3, #32]
 112:Drivers/STM32F4xx_HAL_Driver/Src/stm32f4xx_hal_pwr.c ****   dummyread = PWR->CR;
  75              		.loc 1 112 3 is_stmt 1 view .LVU8
  76              		.loc 1 112 18 is_stmt 0 view .LVU9
  77 0008 034B     		ldr	r3, .L6+4
  78 000a 1B68     		ldr	r3, [r3]
  79              		.loc 1 112 13 view .LVU10
  80 000c 0193     		str	r3, [sp, #4]
 113:Drivers/STM32F4xx_HAL_Driver/Src/stm32f4xx_hal_pwr.c ****   UNUSED(dummyread);
  81              		.loc 1 113 3 is_stmt 1 view .LVU11
  82 000e 019B     		ldr	r3, [sp, #4]
 114:Drivers/STM32F4xx_HAL_Driver/Src/stm32f4xx_hal_pwr.c **** }
  83              		.loc 1 114 1 is_stmt 0 view .LVU12
  84 0010 02B0     		add	sp, sp, #8
  85              	.LCFI1:
  86              		.cfi_def_cfa_offset 0
  87              		@ sp needed
  88 0012 7047     		bx	lr
  89              	.L7:
  90              		.align	2
  91              	.L6:
  92 0014 00000E42 		.word	1108213760
  93 0018 00700040 		.word	1073770496
  94              		.cfi_endproc
  95              	.LFE135:
  97              		.section	.text.HAL_PWR_DisableBkUpAccess,"ax",%progbits
  98              		.align	1
  99              		.global	HAL_PWR_DisableBkUpAccess
 100              		.syntax unified
 101              		.thumb
 102              		.thumb_func
 104              	HAL_PWR_DisableBkUpAccess:
 105              	.LFB136:
 115:Drivers/STM32F4xx_HAL_Driver/Src/stm32f4xx_hal_pwr.c **** 
 116:Drivers/STM32F4xx_HAL_Driver/Src/stm32f4xx_hal_pwr.c **** /**
 117:Drivers/STM32F4xx_HAL_Driver/Src/stm32f4xx_hal_pwr.c ****   * @brief Disables access to the backup domain (RTC registers, RTC 
 118:Drivers/STM32F4xx_HAL_Driver/Src/stm32f4xx_hal_pwr.c ****   *         backup data registers and backup SRAM).
 119:Drivers/STM32F4xx_HAL_Driver/Src/stm32f4xx_hal_pwr.c ****   * @note If the HSE divided by 2, 3, ..31 is used as the RTC clock, the 
 120:Drivers/STM32F4xx_HAL_Driver/Src/stm32f4xx_hal_pwr.c ****   *         Backup Domain Access should be kept enabled.
 121:Drivers/STM32F4xx_HAL_Driver/Src/stm32f4xx_hal_pwr.c ****   * @note The following sequence is required to bypass the delay between
 122:Drivers/STM32F4xx_HAL_Driver/Src/stm32f4xx_hal_pwr.c ****   *         DBP bit programming and the effective disabling  of the backup domain.
 123:Drivers/STM32F4xx_HAL_Driver/Src/stm32f4xx_hal_pwr.c ****   *         Please check the Errata Sheet for more details under "Possible delay
 124:Drivers/STM32F4xx_HAL_Driver/Src/stm32f4xx_hal_pwr.c ****   *         in backup domain protection disabling/enabling after programming the
 125:Drivers/STM32F4xx_HAL_Driver/Src/stm32f4xx_hal_pwr.c ****   *         DBP bit" section.
 126:Drivers/STM32F4xx_HAL_Driver/Src/stm32f4xx_hal_pwr.c ****   * @retval None
 127:Drivers/STM32F4xx_HAL_Driver/Src/stm32f4xx_hal_pwr.c ****   */
 128:Drivers/STM32F4xx_HAL_Driver/Src/stm32f4xx_hal_pwr.c **** void HAL_PWR_DisableBkUpAccess(void)
ARM GAS  C:\Users\guoch\AppData\Local\Temp\cczcpGjr.s 			page 5


 129:Drivers/STM32F4xx_HAL_Driver/Src/stm32f4xx_hal_pwr.c **** {
 106              		.loc 1 129 1 is_stmt 1 view -0
 107              		.cfi_startproc
 108              		@ args = 0, pretend = 0, frame = 8
 109              		@ frame_needed = 0, uses_anonymous_args = 0
 110              		@ link register save eliminated.
 111 0000 82B0     		sub	sp, sp, #8
 112              	.LCFI2:
 113              		.cfi_def_cfa_offset 8
 130:Drivers/STM32F4xx_HAL_Driver/Src/stm32f4xx_hal_pwr.c ****   __IO uint32_t dummyread;
 114              		.loc 1 130 3 view .LVU14
 131:Drivers/STM32F4xx_HAL_Driver/Src/stm32f4xx_hal_pwr.c ****   *(__IO uint32_t *) CR_DBP_BB = (uint32_t)DISABLE;
 115              		.loc 1 131 3 view .LVU15
 116              		.loc 1 131 32 is_stmt 0 view .LVU16
 117 0002 044B     		ldr	r3, .L10
 118 0004 0022     		movs	r2, #0
 119 0006 1A62     		str	r2, [r3, #32]
 132:Drivers/STM32F4xx_HAL_Driver/Src/stm32f4xx_hal_pwr.c ****   dummyread = PWR->CR;
 120              		.loc 1 132 3 is_stmt 1 view .LVU17
 121              		.loc 1 132 18 is_stmt 0 view .LVU18
 122 0008 034B     		ldr	r3, .L10+4
 123 000a 1B68     		ldr	r3, [r3]
 124              		.loc 1 132 13 view .LVU19
 125 000c 0193     		str	r3, [sp, #4]
 133:Drivers/STM32F4xx_HAL_Driver/Src/stm32f4xx_hal_pwr.c ****   UNUSED(dummyread);
 126              		.loc 1 133 3 is_stmt 1 view .LVU20
 127 000e 019B     		ldr	r3, [sp, #4]
 134:Drivers/STM32F4xx_HAL_Driver/Src/stm32f4xx_hal_pwr.c **** }
 128              		.loc 1 134 1 is_stmt 0 view .LVU21
 129 0010 02B0     		add	sp, sp, #8
 130              	.LCFI3:
 131              		.cfi_def_cfa_offset 0
 132              		@ sp needed
 133 0012 7047     		bx	lr
 134              	.L11:
 135              		.align	2
 136              	.L10:
 137 0014 00000E42 		.word	1108213760
 138 0018 00700040 		.word	1073770496
 139              		.cfi_endproc
 140              	.LFE136:
 142              		.section	.rodata.HAL_PWR_ConfigPVD.str1.4,"aMS",%progbits,1
 143              		.align	2
 144              	.LC0:
 145 0000 44726976 		.ascii	"Drivers/STM32F4xx_HAL_Driver/Src/stm32f4xx_hal_pwr."
 145      6572732F 
 145      53544D33 
 145      32463478 
 145      785F4841 
 146 0033 6300     		.ascii	"c\000"
 147              		.section	.text.HAL_PWR_ConfigPVD,"ax",%progbits
 148              		.align	1
 149              		.global	HAL_PWR_ConfigPVD
 150              		.syntax unified
 151              		.thumb
 152              		.thumb_func
 154              	HAL_PWR_ConfigPVD:
ARM GAS  C:\Users\guoch\AppData\Local\Temp\cczcpGjr.s 			page 6


 155              	.LVL0:
 156              	.LFB137:
 135:Drivers/STM32F4xx_HAL_Driver/Src/stm32f4xx_hal_pwr.c **** 
 136:Drivers/STM32F4xx_HAL_Driver/Src/stm32f4xx_hal_pwr.c **** /**
 137:Drivers/STM32F4xx_HAL_Driver/Src/stm32f4xx_hal_pwr.c ****   * @}
 138:Drivers/STM32F4xx_HAL_Driver/Src/stm32f4xx_hal_pwr.c ****   */
 139:Drivers/STM32F4xx_HAL_Driver/Src/stm32f4xx_hal_pwr.c **** 
 140:Drivers/STM32F4xx_HAL_Driver/Src/stm32f4xx_hal_pwr.c **** /** @defgroup PWR_Exported_Functions_Group2 Peripheral Control functions 
 141:Drivers/STM32F4xx_HAL_Driver/Src/stm32f4xx_hal_pwr.c ****   *  @brief Low Power modes configuration functions 
 142:Drivers/STM32F4xx_HAL_Driver/Src/stm32f4xx_hal_pwr.c ****   *
 143:Drivers/STM32F4xx_HAL_Driver/Src/stm32f4xx_hal_pwr.c **** @verbatim
 144:Drivers/STM32F4xx_HAL_Driver/Src/stm32f4xx_hal_pwr.c **** 
 145:Drivers/STM32F4xx_HAL_Driver/Src/stm32f4xx_hal_pwr.c ****  ===============================================================================
 146:Drivers/STM32F4xx_HAL_Driver/Src/stm32f4xx_hal_pwr.c ****                  ##### Peripheral Control functions #####
 147:Drivers/STM32F4xx_HAL_Driver/Src/stm32f4xx_hal_pwr.c ****  ===============================================================================
 148:Drivers/STM32F4xx_HAL_Driver/Src/stm32f4xx_hal_pwr.c ****      
 149:Drivers/STM32F4xx_HAL_Driver/Src/stm32f4xx_hal_pwr.c ****     *** PVD configuration ***
 150:Drivers/STM32F4xx_HAL_Driver/Src/stm32f4xx_hal_pwr.c ****     =========================
 151:Drivers/STM32F4xx_HAL_Driver/Src/stm32f4xx_hal_pwr.c ****     [..]
 152:Drivers/STM32F4xx_HAL_Driver/Src/stm32f4xx_hal_pwr.c ****       (+) The PVD is used to monitor the VDD power supply by comparing it to a 
 153:Drivers/STM32F4xx_HAL_Driver/Src/stm32f4xx_hal_pwr.c ****           threshold selected by the PVD Level (PLS[2:0] bits in the PWR_CR).
 154:Drivers/STM32F4xx_HAL_Driver/Src/stm32f4xx_hal_pwr.c ****       (+) A PVDO flag is available to indicate if VDD/VDDA is higher or lower 
 155:Drivers/STM32F4xx_HAL_Driver/Src/stm32f4xx_hal_pwr.c ****           than the PVD threshold. This event is internally connected to the EXTI 
 156:Drivers/STM32F4xx_HAL_Driver/Src/stm32f4xx_hal_pwr.c ****           line16 and can generate an interrupt if enabled. This is done through
 157:Drivers/STM32F4xx_HAL_Driver/Src/stm32f4xx_hal_pwr.c ****           __HAL_PWR_PVD_EXTI_ENABLE_IT() macro.
 158:Drivers/STM32F4xx_HAL_Driver/Src/stm32f4xx_hal_pwr.c ****       (+) The PVD is stopped in Standby mode.
 159:Drivers/STM32F4xx_HAL_Driver/Src/stm32f4xx_hal_pwr.c **** 
 160:Drivers/STM32F4xx_HAL_Driver/Src/stm32f4xx_hal_pwr.c ****     *** Wake-up pin configuration ***
 161:Drivers/STM32F4xx_HAL_Driver/Src/stm32f4xx_hal_pwr.c ****     ================================
 162:Drivers/STM32F4xx_HAL_Driver/Src/stm32f4xx_hal_pwr.c ****     [..]
 163:Drivers/STM32F4xx_HAL_Driver/Src/stm32f4xx_hal_pwr.c ****       (+) Wake-up pin is used to wake up the system from Standby mode. This pin is 
 164:Drivers/STM32F4xx_HAL_Driver/Src/stm32f4xx_hal_pwr.c ****           forced in input pull-down configuration and is active on rising edges.
 165:Drivers/STM32F4xx_HAL_Driver/Src/stm32f4xx_hal_pwr.c ****       (+) There is one Wake-up pin: Wake-up Pin 1 on PA.00.
 166:Drivers/STM32F4xx_HAL_Driver/Src/stm32f4xx_hal_pwr.c **** 	   (++) For STM32F446xx there are two Wake-Up pins: Pin1 on PA.00 and Pin2 on PC.13
 167:Drivers/STM32F4xx_HAL_Driver/Src/stm32f4xx_hal_pwr.c ****            (++) For STM32F410xx/STM32F412xx/STM32F413xx/STM32F423xx  there are three Wake-Up pins: 
 168:Drivers/STM32F4xx_HAL_Driver/Src/stm32f4xx_hal_pwr.c **** 
 169:Drivers/STM32F4xx_HAL_Driver/Src/stm32f4xx_hal_pwr.c ****     *** Low Power modes configuration ***
 170:Drivers/STM32F4xx_HAL_Driver/Src/stm32f4xx_hal_pwr.c ****     =====================================
 171:Drivers/STM32F4xx_HAL_Driver/Src/stm32f4xx_hal_pwr.c ****     [..]
 172:Drivers/STM32F4xx_HAL_Driver/Src/stm32f4xx_hal_pwr.c ****       The devices feature 3 low-power modes:
 173:Drivers/STM32F4xx_HAL_Driver/Src/stm32f4xx_hal_pwr.c ****       (+) Sleep mode: Cortex-M4 core stopped, peripherals kept running.
 174:Drivers/STM32F4xx_HAL_Driver/Src/stm32f4xx_hal_pwr.c ****       (+) Stop mode: all clocks are stopped, regulator running, regulator 
 175:Drivers/STM32F4xx_HAL_Driver/Src/stm32f4xx_hal_pwr.c ****           in low power mode
 176:Drivers/STM32F4xx_HAL_Driver/Src/stm32f4xx_hal_pwr.c ****       (+) Standby mode: 1.2V domain powered off.
 177:Drivers/STM32F4xx_HAL_Driver/Src/stm32f4xx_hal_pwr.c ****    
 178:Drivers/STM32F4xx_HAL_Driver/Src/stm32f4xx_hal_pwr.c ****    *** Sleep mode ***
 179:Drivers/STM32F4xx_HAL_Driver/Src/stm32f4xx_hal_pwr.c ****    ==================
 180:Drivers/STM32F4xx_HAL_Driver/Src/stm32f4xx_hal_pwr.c ****     [..]
 181:Drivers/STM32F4xx_HAL_Driver/Src/stm32f4xx_hal_pwr.c ****       (+) Entry:
 182:Drivers/STM32F4xx_HAL_Driver/Src/stm32f4xx_hal_pwr.c ****         The Sleep mode is entered by using the HAL_PWR_EnterSLEEPMode(Regulator, SLEEPEntry)
 183:Drivers/STM32F4xx_HAL_Driver/Src/stm32f4xx_hal_pwr.c ****               functions with
 184:Drivers/STM32F4xx_HAL_Driver/Src/stm32f4xx_hal_pwr.c ****           (++) PWR_SLEEPENTRY_WFI: enter SLEEP mode with WFI instruction
 185:Drivers/STM32F4xx_HAL_Driver/Src/stm32f4xx_hal_pwr.c ****           (++) PWR_SLEEPENTRY_WFE: enter SLEEP mode with WFE instruction
 186:Drivers/STM32F4xx_HAL_Driver/Src/stm32f4xx_hal_pwr.c ****           (++) PWR_SLEEPENTRY_WFE_NO_EVT_CLEAR: Enter SLEEP mode with WFE instruction and
 187:Drivers/STM32F4xx_HAL_Driver/Src/stm32f4xx_hal_pwr.c ****                                                 no clear of pending event before.
 188:Drivers/STM32F4xx_HAL_Driver/Src/stm32f4xx_hal_pwr.c ****       
 189:Drivers/STM32F4xx_HAL_Driver/Src/stm32f4xx_hal_pwr.c ****       -@@- The Regulator parameter is not used for the STM32F4 family 
ARM GAS  C:\Users\guoch\AppData\Local\Temp\cczcpGjr.s 			page 7


 190:Drivers/STM32F4xx_HAL_Driver/Src/stm32f4xx_hal_pwr.c ****               and is kept as parameter just to maintain compatibility with the 
 191:Drivers/STM32F4xx_HAL_Driver/Src/stm32f4xx_hal_pwr.c ****               lower power families (STM32L).
 192:Drivers/STM32F4xx_HAL_Driver/Src/stm32f4xx_hal_pwr.c ****       (+) Exit:
 193:Drivers/STM32F4xx_HAL_Driver/Src/stm32f4xx_hal_pwr.c ****         Any peripheral interrupt acknowledged by the nested vectored interrupt 
 194:Drivers/STM32F4xx_HAL_Driver/Src/stm32f4xx_hal_pwr.c ****               controller (NVIC) can wake up the device from Sleep mode.
 195:Drivers/STM32F4xx_HAL_Driver/Src/stm32f4xx_hal_pwr.c **** 
 196:Drivers/STM32F4xx_HAL_Driver/Src/stm32f4xx_hal_pwr.c ****    *** Stop mode ***
 197:Drivers/STM32F4xx_HAL_Driver/Src/stm32f4xx_hal_pwr.c ****    =================
 198:Drivers/STM32F4xx_HAL_Driver/Src/stm32f4xx_hal_pwr.c ****     [..]
 199:Drivers/STM32F4xx_HAL_Driver/Src/stm32f4xx_hal_pwr.c ****       In Stop mode, all clocks in the 1.2V domain are stopped, the PLL, the HSI,
 200:Drivers/STM32F4xx_HAL_Driver/Src/stm32f4xx_hal_pwr.c ****       and the HSE RC oscillators are disabled. Internal SRAM and register contents 
 201:Drivers/STM32F4xx_HAL_Driver/Src/stm32f4xx_hal_pwr.c ****       are preserved.
 202:Drivers/STM32F4xx_HAL_Driver/Src/stm32f4xx_hal_pwr.c ****       The voltage regulator can be configured either in normal or low-power mode.
 203:Drivers/STM32F4xx_HAL_Driver/Src/stm32f4xx_hal_pwr.c ****       To minimize the consumption In Stop mode, FLASH can be powered off before 
 204:Drivers/STM32F4xx_HAL_Driver/Src/stm32f4xx_hal_pwr.c ****       entering the Stop mode using the HAL_PWREx_EnableFlashPowerDown() function.
 205:Drivers/STM32F4xx_HAL_Driver/Src/stm32f4xx_hal_pwr.c ****       It can be switched on again by software after exiting the Stop mode using
 206:Drivers/STM32F4xx_HAL_Driver/Src/stm32f4xx_hal_pwr.c ****       the HAL_PWREx_DisableFlashPowerDown() function. 
 207:Drivers/STM32F4xx_HAL_Driver/Src/stm32f4xx_hal_pwr.c **** 
 208:Drivers/STM32F4xx_HAL_Driver/Src/stm32f4xx_hal_pwr.c ****       (+) Entry:
 209:Drivers/STM32F4xx_HAL_Driver/Src/stm32f4xx_hal_pwr.c ****          The Stop mode is entered using the HAL_PWR_EnterSTOPMode(Regulator, STOPEntry) 
 210:Drivers/STM32F4xx_HAL_Driver/Src/stm32f4xx_hal_pwr.c ****              function with:
 211:Drivers/STM32F4xx_HAL_Driver/Src/stm32f4xx_hal_pwr.c ****        (++) Regulator:
 212:Drivers/STM32F4xx_HAL_Driver/Src/stm32f4xx_hal_pwr.c ****         (+++) Main regulator ON.
 213:Drivers/STM32F4xx_HAL_Driver/Src/stm32f4xx_hal_pwr.c ****         (+++) Low Power regulator ON.
 214:Drivers/STM32F4xx_HAL_Driver/Src/stm32f4xx_hal_pwr.c ****        (++) STOPEntry:
 215:Drivers/STM32F4xx_HAL_Driver/Src/stm32f4xx_hal_pwr.c ****         (+++) PWR_STOPENTRY_WFI              : Enter STOP mode with WFI instruction.
 216:Drivers/STM32F4xx_HAL_Driver/Src/stm32f4xx_hal_pwr.c ****         (+++) PWR_STOPENTRY_WFE              : Enter STOP mode with WFE instruction and
 217:Drivers/STM32F4xx_HAL_Driver/Src/stm32f4xx_hal_pwr.c ****                                                clear of pending events before.
 218:Drivers/STM32F4xx_HAL_Driver/Src/stm32f4xx_hal_pwr.c ****         (+++) PWR_STOPENTRY_WFE_NO_EVT_CLEAR : Enter STOP mode with WFE instruction and
 219:Drivers/STM32F4xx_HAL_Driver/Src/stm32f4xx_hal_pwr.c ****                                                no clear of pending event before.
 220:Drivers/STM32F4xx_HAL_Driver/Src/stm32f4xx_hal_pwr.c ****       (+) Exit:
 221:Drivers/STM32F4xx_HAL_Driver/Src/stm32f4xx_hal_pwr.c ****         Any EXTI Line (Internal or External) configured in Interrupt/Event mode.
 222:Drivers/STM32F4xx_HAL_Driver/Src/stm32f4xx_hal_pwr.c **** 
 223:Drivers/STM32F4xx_HAL_Driver/Src/stm32f4xx_hal_pwr.c ****    *** Standby mode ***
 224:Drivers/STM32F4xx_HAL_Driver/Src/stm32f4xx_hal_pwr.c ****    ====================
 225:Drivers/STM32F4xx_HAL_Driver/Src/stm32f4xx_hal_pwr.c ****     [..]
 226:Drivers/STM32F4xx_HAL_Driver/Src/stm32f4xx_hal_pwr.c ****     (+)
 227:Drivers/STM32F4xx_HAL_Driver/Src/stm32f4xx_hal_pwr.c ****       The Standby mode allows to achieve the lowest power consumption. It is based 
 228:Drivers/STM32F4xx_HAL_Driver/Src/stm32f4xx_hal_pwr.c ****       on the Cortex-M4 deep sleep mode, with the voltage regulator disabled. 
 229:Drivers/STM32F4xx_HAL_Driver/Src/stm32f4xx_hal_pwr.c ****       The 1.2V domain is consequently powered off. The PLL, the HSI oscillator and 
 230:Drivers/STM32F4xx_HAL_Driver/Src/stm32f4xx_hal_pwr.c ****       the HSE oscillator are also switched off. SRAM and register contents are lost 
 231:Drivers/STM32F4xx_HAL_Driver/Src/stm32f4xx_hal_pwr.c ****       except for the RTC registers, RTC backup registers, backup SRAM and Standby 
 232:Drivers/STM32F4xx_HAL_Driver/Src/stm32f4xx_hal_pwr.c ****       circuitry.
 233:Drivers/STM32F4xx_HAL_Driver/Src/stm32f4xx_hal_pwr.c ****    
 234:Drivers/STM32F4xx_HAL_Driver/Src/stm32f4xx_hal_pwr.c ****       The voltage regulator is OFF.
 235:Drivers/STM32F4xx_HAL_Driver/Src/stm32f4xx_hal_pwr.c ****       
 236:Drivers/STM32F4xx_HAL_Driver/Src/stm32f4xx_hal_pwr.c ****       (++) Entry:
 237:Drivers/STM32F4xx_HAL_Driver/Src/stm32f4xx_hal_pwr.c ****         (+++) The Standby mode is entered using the HAL_PWR_EnterSTANDBYMode() function.
 238:Drivers/STM32F4xx_HAL_Driver/Src/stm32f4xx_hal_pwr.c ****       (++) Exit:
 239:Drivers/STM32F4xx_HAL_Driver/Src/stm32f4xx_hal_pwr.c ****         (+++) WKUP pin rising edge, RTC alarm (Alarm A and Alarm B), RTC wake-up,
 240:Drivers/STM32F4xx_HAL_Driver/Src/stm32f4xx_hal_pwr.c ****              tamper event, time-stamp event, external reset in NRST pin, IWDG reset.
 241:Drivers/STM32F4xx_HAL_Driver/Src/stm32f4xx_hal_pwr.c **** 
 242:Drivers/STM32F4xx_HAL_Driver/Src/stm32f4xx_hal_pwr.c ****    *** Auto-wake-up (AWU) from low-power mode ***
 243:Drivers/STM32F4xx_HAL_Driver/Src/stm32f4xx_hal_pwr.c ****    =============================================
 244:Drivers/STM32F4xx_HAL_Driver/Src/stm32f4xx_hal_pwr.c ****     [..]
 245:Drivers/STM32F4xx_HAL_Driver/Src/stm32f4xx_hal_pwr.c ****     
 246:Drivers/STM32F4xx_HAL_Driver/Src/stm32f4xx_hal_pwr.c ****      (+) The MCU can be woken up from low-power mode by an RTC Alarm event, an RTC 
ARM GAS  C:\Users\guoch\AppData\Local\Temp\cczcpGjr.s 			page 8


 247:Drivers/STM32F4xx_HAL_Driver/Src/stm32f4xx_hal_pwr.c ****       Wake-up event, a tamper event or a time-stamp event, without depending on 
 248:Drivers/STM32F4xx_HAL_Driver/Src/stm32f4xx_hal_pwr.c ****       an external interrupt (Auto-wake-up mode).
 249:Drivers/STM32F4xx_HAL_Driver/Src/stm32f4xx_hal_pwr.c **** 
 250:Drivers/STM32F4xx_HAL_Driver/Src/stm32f4xx_hal_pwr.c ****       (+) RTC auto-wake-up (AWU) from the Stop and Standby modes
 251:Drivers/STM32F4xx_HAL_Driver/Src/stm32f4xx_hal_pwr.c ****        
 252:Drivers/STM32F4xx_HAL_Driver/Src/stm32f4xx_hal_pwr.c ****         (++) To wake up from the Stop mode with an RTC alarm event, it is necessary to 
 253:Drivers/STM32F4xx_HAL_Driver/Src/stm32f4xx_hal_pwr.c ****               configure the RTC to generate the RTC alarm using the HAL_RTC_SetAlarm_IT() function.
 254:Drivers/STM32F4xx_HAL_Driver/Src/stm32f4xx_hal_pwr.c **** 
 255:Drivers/STM32F4xx_HAL_Driver/Src/stm32f4xx_hal_pwr.c ****         (++) To wake up from the Stop mode with an RTC Tamper or time stamp event, it 
 256:Drivers/STM32F4xx_HAL_Driver/Src/stm32f4xx_hal_pwr.c ****              is necessary to configure the RTC to detect the tamper or time stamp event using the
 257:Drivers/STM32F4xx_HAL_Driver/Src/stm32f4xx_hal_pwr.c ****                 HAL_RTCEx_SetTimeStamp_IT() or HAL_RTCEx_SetTamper_IT() functions.
 258:Drivers/STM32F4xx_HAL_Driver/Src/stm32f4xx_hal_pwr.c ****                   
 259:Drivers/STM32F4xx_HAL_Driver/Src/stm32f4xx_hal_pwr.c ****         (++) To wake up from the Stop mode with an RTC Wake-up event, it is necessary to
 260:Drivers/STM32F4xx_HAL_Driver/Src/stm32f4xx_hal_pwr.c ****               configure the RTC to generate the RTC Wake-up event using the HAL_RTCEx_SetWakeUpTime
 261:Drivers/STM32F4xx_HAL_Driver/Src/stm32f4xx_hal_pwr.c **** 
 262:Drivers/STM32F4xx_HAL_Driver/Src/stm32f4xx_hal_pwr.c **** @endverbatim
 263:Drivers/STM32F4xx_HAL_Driver/Src/stm32f4xx_hal_pwr.c ****   * @{
 264:Drivers/STM32F4xx_HAL_Driver/Src/stm32f4xx_hal_pwr.c ****   */
 265:Drivers/STM32F4xx_HAL_Driver/Src/stm32f4xx_hal_pwr.c **** 
 266:Drivers/STM32F4xx_HAL_Driver/Src/stm32f4xx_hal_pwr.c **** /**
 267:Drivers/STM32F4xx_HAL_Driver/Src/stm32f4xx_hal_pwr.c ****   * @brief Configures the voltage threshold detected by the Power Voltage Detector(PVD).
 268:Drivers/STM32F4xx_HAL_Driver/Src/stm32f4xx_hal_pwr.c ****   * @param sConfigPVD pointer to an PWR_PVDTypeDef structure that contains the configuration
 269:Drivers/STM32F4xx_HAL_Driver/Src/stm32f4xx_hal_pwr.c ****   *        information for the PVD.
 270:Drivers/STM32F4xx_HAL_Driver/Src/stm32f4xx_hal_pwr.c ****   * @note Refer to the electrical characteristics of your device datasheet for
 271:Drivers/STM32F4xx_HAL_Driver/Src/stm32f4xx_hal_pwr.c ****   *         more details about the voltage threshold corresponding to each 
 272:Drivers/STM32F4xx_HAL_Driver/Src/stm32f4xx_hal_pwr.c ****   *         detection level.
 273:Drivers/STM32F4xx_HAL_Driver/Src/stm32f4xx_hal_pwr.c ****   * @retval None
 274:Drivers/STM32F4xx_HAL_Driver/Src/stm32f4xx_hal_pwr.c ****   */
 275:Drivers/STM32F4xx_HAL_Driver/Src/stm32f4xx_hal_pwr.c **** void HAL_PWR_ConfigPVD(PWR_PVDTypeDef *sConfigPVD)
 276:Drivers/STM32F4xx_HAL_Driver/Src/stm32f4xx_hal_pwr.c **** {
 157              		.loc 1 276 1 is_stmt 1 view -0
 158              		.cfi_startproc
 159              		@ args = 0, pretend = 0, frame = 0
 160              		@ frame_needed = 0, uses_anonymous_args = 0
 161              		.loc 1 276 1 is_stmt 0 view .LVU23
 162 0000 10B5     		push	{r4, lr}
 163              	.LCFI4:
 164              		.cfi_def_cfa_offset 8
 165              		.cfi_offset 4, -8
 166              		.cfi_offset 14, -4
 167 0002 0446     		mov	r4, r0
 277:Drivers/STM32F4xx_HAL_Driver/Src/stm32f4xx_hal_pwr.c ****   /* Check the parameters */
 278:Drivers/STM32F4xx_HAL_Driver/Src/stm32f4xx_hal_pwr.c ****   assert_param(IS_PWR_PVD_LEVEL(sConfigPVD->PVDLevel));
 168              		.loc 1 278 3 is_stmt 1 view .LVU24
 169 0004 0368     		ldr	r3, [r0]
 170 0006 6BB1     		cbz	r3, .L13
 171              		.loc 1 278 3 is_stmt 0 discriminator 1 view .LVU25
 172 0008 202B     		cmp	r3, #32
 173 000a 0BD0     		beq	.L13
 174              		.loc 1 278 3 discriminator 2 view .LVU26
 175 000c 402B     		cmp	r3, #64
 176 000e 09D0     		beq	.L13
 177              		.loc 1 278 3 discriminator 3 view .LVU27
 178 0010 602B     		cmp	r3, #96
 179 0012 07D0     		beq	.L13
 180              		.loc 1 278 3 discriminator 4 view .LVU28
 181 0014 802B     		cmp	r3, #128
ARM GAS  C:\Users\guoch\AppData\Local\Temp\cczcpGjr.s 			page 9


 182 0016 05D0     		beq	.L13
 183              		.loc 1 278 3 discriminator 5 view .LVU29
 184 0018 A02B     		cmp	r3, #160
 185 001a 03D0     		beq	.L13
 186              		.loc 1 278 3 discriminator 6 view .LVU30
 187 001c C02B     		cmp	r3, #192
 188 001e 01D0     		beq	.L13
 189              		.loc 1 278 3 discriminator 7 view .LVU31
 190 0020 E02B     		cmp	r3, #224
 191 0022 4CD1     		bne	.L20
 192              	.LVL1:
 193              	.L13:
 279:Drivers/STM32F4xx_HAL_Driver/Src/stm32f4xx_hal_pwr.c ****   assert_param(IS_PWR_PVD_MODE(sConfigPVD->Mode));
 194              		.loc 1 279 3 is_stmt 1 view .LVU32
 195 0024 6368     		ldr	r3, [r4, #4]
 196 0026 A3F10112 		sub	r2, r3, #65537
 197 002a 022A     		cmp	r2, #2
 198 002c 0AD9     		bls	.L14
 199              		.loc 1 279 3 is_stmt 0 discriminator 1 view .LVU33
 200 002e 2A4A     		ldr	r2, .L22
 201 0030 9342     		cmp	r3, r2
 202 0032 07D0     		beq	.L14
 203              		.loc 1 279 3 discriminator 2 view .LVU34
 204 0034 B3F1021F 		cmp	r3, #131074
 205 0038 04D0     		beq	.L14
 206              		.loc 1 279 3 discriminator 3 view .LVU35
 207 003a 0232     		adds	r2, r2, #2
 208 003c 9342     		cmp	r3, r2
 209 003e 01D0     		beq	.L14
 210              		.loc 1 279 3 discriminator 4 view .LVU36
 211 0040 002B     		cmp	r3, #0
 212 0042 42D1     		bne	.L21
 213              	.L14:
 280:Drivers/STM32F4xx_HAL_Driver/Src/stm32f4xx_hal_pwr.c ****   
 281:Drivers/STM32F4xx_HAL_Driver/Src/stm32f4xx_hal_pwr.c ****   /* Set PLS[7:5] bits according to PVDLevel value */
 282:Drivers/STM32F4xx_HAL_Driver/Src/stm32f4xx_hal_pwr.c ****   MODIFY_REG(PWR->CR, PWR_CR_PLS, sConfigPVD->PVDLevel);
 214              		.loc 1 282 3 is_stmt 1 view .LVU37
 215 0044 254A     		ldr	r2, .L22+4
 216 0046 1368     		ldr	r3, [r2]
 217 0048 23F0E003 		bic	r3, r3, #224
 218 004c 2168     		ldr	r1, [r4]
 219 004e 0B43     		orrs	r3, r3, r1
 220 0050 1360     		str	r3, [r2]
 283:Drivers/STM32F4xx_HAL_Driver/Src/stm32f4xx_hal_pwr.c ****   
 284:Drivers/STM32F4xx_HAL_Driver/Src/stm32f4xx_hal_pwr.c ****   /* Clear any previous config. Keep it clear if no event or IT mode is selected */
 285:Drivers/STM32F4xx_HAL_Driver/Src/stm32f4xx_hal_pwr.c ****   __HAL_PWR_PVD_EXTI_DISABLE_EVENT();
 221              		.loc 1 285 3 view .LVU38
 222 0052 234B     		ldr	r3, .L22+8
 223 0054 5A68     		ldr	r2, [r3, #4]
 224 0056 22F48032 		bic	r2, r2, #65536
 225 005a 5A60     		str	r2, [r3, #4]
 286:Drivers/STM32F4xx_HAL_Driver/Src/stm32f4xx_hal_pwr.c ****   __HAL_PWR_PVD_EXTI_DISABLE_IT();
 226              		.loc 1 286 3 view .LVU39
 227 005c 1A68     		ldr	r2, [r3]
 228 005e 22F48032 		bic	r2, r2, #65536
 229 0062 1A60     		str	r2, [r3]
 287:Drivers/STM32F4xx_HAL_Driver/Src/stm32f4xx_hal_pwr.c ****   __HAL_PWR_PVD_EXTI_DISABLE_RISING_EDGE();
ARM GAS  C:\Users\guoch\AppData\Local\Temp\cczcpGjr.s 			page 10


 230              		.loc 1 287 3 view .LVU40
 231 0064 9A68     		ldr	r2, [r3, #8]
 232 0066 22F48032 		bic	r2, r2, #65536
 233 006a 9A60     		str	r2, [r3, #8]
 288:Drivers/STM32F4xx_HAL_Driver/Src/stm32f4xx_hal_pwr.c ****   __HAL_PWR_PVD_EXTI_DISABLE_FALLING_EDGE(); 
 234              		.loc 1 288 3 view .LVU41
 235 006c DA68     		ldr	r2, [r3, #12]
 236 006e 22F48032 		bic	r2, r2, #65536
 237 0072 DA60     		str	r2, [r3, #12]
 289:Drivers/STM32F4xx_HAL_Driver/Src/stm32f4xx_hal_pwr.c **** 
 290:Drivers/STM32F4xx_HAL_Driver/Src/stm32f4xx_hal_pwr.c ****   /* Configure interrupt mode */
 291:Drivers/STM32F4xx_HAL_Driver/Src/stm32f4xx_hal_pwr.c ****   if((sConfigPVD->Mode & PVD_MODE_IT) == PVD_MODE_IT)
 238              		.loc 1 291 3 view .LVU42
 239              		.loc 1 291 17 is_stmt 0 view .LVU43
 240 0074 6368     		ldr	r3, [r4, #4]
 241              		.loc 1 291 5 view .LVU44
 242 0076 13F4803F 		tst	r3, #65536
 243 007a 04D0     		beq	.L15
 292:Drivers/STM32F4xx_HAL_Driver/Src/stm32f4xx_hal_pwr.c ****   {
 293:Drivers/STM32F4xx_HAL_Driver/Src/stm32f4xx_hal_pwr.c ****     __HAL_PWR_PVD_EXTI_ENABLE_IT();
 244              		.loc 1 293 5 is_stmt 1 view .LVU45
 245 007c 184A     		ldr	r2, .L22+8
 246 007e 1368     		ldr	r3, [r2]
 247 0080 43F48033 		orr	r3, r3, #65536
 248 0084 1360     		str	r3, [r2]
 249              	.L15:
 294:Drivers/STM32F4xx_HAL_Driver/Src/stm32f4xx_hal_pwr.c ****   }
 295:Drivers/STM32F4xx_HAL_Driver/Src/stm32f4xx_hal_pwr.c ****   
 296:Drivers/STM32F4xx_HAL_Driver/Src/stm32f4xx_hal_pwr.c ****   /* Configure event mode */
 297:Drivers/STM32F4xx_HAL_Driver/Src/stm32f4xx_hal_pwr.c ****   if((sConfigPVD->Mode & PVD_MODE_EVT) == PVD_MODE_EVT)
 250              		.loc 1 297 3 view .LVU46
 251              		.loc 1 297 17 is_stmt 0 view .LVU47
 252 0086 6368     		ldr	r3, [r4, #4]
 253              		.loc 1 297 5 view .LVU48
 254 0088 13F4003F 		tst	r3, #131072
 255 008c 04D0     		beq	.L16
 298:Drivers/STM32F4xx_HAL_Driver/Src/stm32f4xx_hal_pwr.c ****   {
 299:Drivers/STM32F4xx_HAL_Driver/Src/stm32f4xx_hal_pwr.c ****     __HAL_PWR_PVD_EXTI_ENABLE_EVENT();
 256              		.loc 1 299 5 is_stmt 1 view .LVU49
 257 008e 144A     		ldr	r2, .L22+8
 258 0090 5368     		ldr	r3, [r2, #4]
 259 0092 43F48033 		orr	r3, r3, #65536
 260 0096 5360     		str	r3, [r2, #4]
 261              	.L16:
 300:Drivers/STM32F4xx_HAL_Driver/Src/stm32f4xx_hal_pwr.c ****   }
 301:Drivers/STM32F4xx_HAL_Driver/Src/stm32f4xx_hal_pwr.c ****   
 302:Drivers/STM32F4xx_HAL_Driver/Src/stm32f4xx_hal_pwr.c ****   /* Configure the edge */
 303:Drivers/STM32F4xx_HAL_Driver/Src/stm32f4xx_hal_pwr.c ****   if((sConfigPVD->Mode & PVD_RISING_EDGE) == PVD_RISING_EDGE)
 262              		.loc 1 303 3 view .LVU50
 263              		.loc 1 303 17 is_stmt 0 view .LVU51
 264 0098 6368     		ldr	r3, [r4, #4]
 265              		.loc 1 303 5 view .LVU52
 266 009a 13F0010F 		tst	r3, #1
 267 009e 04D0     		beq	.L17
 304:Drivers/STM32F4xx_HAL_Driver/Src/stm32f4xx_hal_pwr.c ****   {
 305:Drivers/STM32F4xx_HAL_Driver/Src/stm32f4xx_hal_pwr.c ****     __HAL_PWR_PVD_EXTI_ENABLE_RISING_EDGE();
 268              		.loc 1 305 5 is_stmt 1 view .LVU53
ARM GAS  C:\Users\guoch\AppData\Local\Temp\cczcpGjr.s 			page 11


 269 00a0 0F4A     		ldr	r2, .L22+8
 270 00a2 9368     		ldr	r3, [r2, #8]
 271 00a4 43F48033 		orr	r3, r3, #65536
 272 00a8 9360     		str	r3, [r2, #8]
 273              	.L17:
 306:Drivers/STM32F4xx_HAL_Driver/Src/stm32f4xx_hal_pwr.c ****   }
 307:Drivers/STM32F4xx_HAL_Driver/Src/stm32f4xx_hal_pwr.c ****   
 308:Drivers/STM32F4xx_HAL_Driver/Src/stm32f4xx_hal_pwr.c ****   if((sConfigPVD->Mode & PVD_FALLING_EDGE) == PVD_FALLING_EDGE)
 274              		.loc 1 308 3 view .LVU54
 275              		.loc 1 308 17 is_stmt 0 view .LVU55
 276 00aa 6368     		ldr	r3, [r4, #4]
 277              		.loc 1 308 5 view .LVU56
 278 00ac 13F0020F 		tst	r3, #2
 279 00b0 04D0     		beq	.L12
 309:Drivers/STM32F4xx_HAL_Driver/Src/stm32f4xx_hal_pwr.c ****   {
 310:Drivers/STM32F4xx_HAL_Driver/Src/stm32f4xx_hal_pwr.c ****     __HAL_PWR_PVD_EXTI_ENABLE_FALLING_EDGE();
 280              		.loc 1 310 5 is_stmt 1 view .LVU57
 281 00b2 0B4A     		ldr	r2, .L22+8
 282 00b4 D368     		ldr	r3, [r2, #12]
 283 00b6 43F48033 		orr	r3, r3, #65536
 284 00ba D360     		str	r3, [r2, #12]
 285              	.L12:
 311:Drivers/STM32F4xx_HAL_Driver/Src/stm32f4xx_hal_pwr.c ****   }
 312:Drivers/STM32F4xx_HAL_Driver/Src/stm32f4xx_hal_pwr.c **** }
 286              		.loc 1 312 1 is_stmt 0 view .LVU58
 287 00bc 10BD     		pop	{r4, pc}
 288              	.LVL2:
 289              	.L20:
 278:Drivers/STM32F4xx_HAL_Driver/Src/stm32f4xx_hal_pwr.c ****   assert_param(IS_PWR_PVD_MODE(sConfigPVD->Mode));
 290              		.loc 1 278 3 discriminator 8 view .LVU59
 291 00be 4FF48B71 		mov	r1, #278
 292 00c2 0848     		ldr	r0, .L22+12
 293              	.LVL3:
 278:Drivers/STM32F4xx_HAL_Driver/Src/stm32f4xx_hal_pwr.c ****   assert_param(IS_PWR_PVD_MODE(sConfigPVD->Mode));
 294              		.loc 1 278 3 discriminator 8 view .LVU60
 295 00c4 FFF7FEFF 		bl	assert_failed
 296              	.LVL4:
 297 00c8 ACE7     		b	.L13
 298              	.L21:
 279:Drivers/STM32F4xx_HAL_Driver/Src/stm32f4xx_hal_pwr.c ****   
 299              		.loc 1 279 3 discriminator 5 view .LVU61
 300 00ca 40F21711 		movw	r1, #279
 301 00ce 0548     		ldr	r0, .L22+12
 302 00d0 FFF7FEFF 		bl	assert_failed
 303              	.LVL5:
 304 00d4 B6E7     		b	.L14
 305              	.L23:
 306 00d6 00BF     		.align	2
 307              	.L22:
 308 00d8 01000200 		.word	131073
 309 00dc 00700040 		.word	1073770496
 310 00e0 003C0140 		.word	1073822720
 311 00e4 00000000 		.word	.LC0
 312              		.cfi_endproc
 313              	.LFE137:
 315              		.section	.text.HAL_PWR_EnablePVD,"ax",%progbits
 316              		.align	1
ARM GAS  C:\Users\guoch\AppData\Local\Temp\cczcpGjr.s 			page 12


 317              		.global	HAL_PWR_EnablePVD
 318              		.syntax unified
 319              		.thumb
 320              		.thumb_func
 322              	HAL_PWR_EnablePVD:
 323              	.LFB138:
 313:Drivers/STM32F4xx_HAL_Driver/Src/stm32f4xx_hal_pwr.c **** 
 314:Drivers/STM32F4xx_HAL_Driver/Src/stm32f4xx_hal_pwr.c **** /**
 315:Drivers/STM32F4xx_HAL_Driver/Src/stm32f4xx_hal_pwr.c ****   * @brief Enables the Power Voltage Detector(PVD).
 316:Drivers/STM32F4xx_HAL_Driver/Src/stm32f4xx_hal_pwr.c ****   * @retval None
 317:Drivers/STM32F4xx_HAL_Driver/Src/stm32f4xx_hal_pwr.c ****   */
 318:Drivers/STM32F4xx_HAL_Driver/Src/stm32f4xx_hal_pwr.c **** void HAL_PWR_EnablePVD(void)
 319:Drivers/STM32F4xx_HAL_Driver/Src/stm32f4xx_hal_pwr.c **** {
 324              		.loc 1 319 1 is_stmt 1 view -0
 325              		.cfi_startproc
 326              		@ args = 0, pretend = 0, frame = 0
 327              		@ frame_needed = 0, uses_anonymous_args = 0
 328              		@ link register save eliminated.
 320:Drivers/STM32F4xx_HAL_Driver/Src/stm32f4xx_hal_pwr.c ****   *(__IO uint32_t *) CR_PVDE_BB = (uint32_t)ENABLE;
 329              		.loc 1 320 3 view .LVU63
 330              		.loc 1 320 33 is_stmt 0 view .LVU64
 331 0000 014B     		ldr	r3, .L25
 332 0002 0122     		movs	r2, #1
 333 0004 1A61     		str	r2, [r3, #16]
 321:Drivers/STM32F4xx_HAL_Driver/Src/stm32f4xx_hal_pwr.c **** }
 334              		.loc 1 321 1 view .LVU65
 335 0006 7047     		bx	lr
 336              	.L26:
 337              		.align	2
 338              	.L25:
 339 0008 00000E42 		.word	1108213760
 340              		.cfi_endproc
 341              	.LFE138:
 343              		.section	.text.HAL_PWR_DisablePVD,"ax",%progbits
 344              		.align	1
 345              		.global	HAL_PWR_DisablePVD
 346              		.syntax unified
 347              		.thumb
 348              		.thumb_func
 350              	HAL_PWR_DisablePVD:
 351              	.LFB139:
 322:Drivers/STM32F4xx_HAL_Driver/Src/stm32f4xx_hal_pwr.c **** 
 323:Drivers/STM32F4xx_HAL_Driver/Src/stm32f4xx_hal_pwr.c **** /**
 324:Drivers/STM32F4xx_HAL_Driver/Src/stm32f4xx_hal_pwr.c ****   * @brief Disables the Power Voltage Detector(PVD).
 325:Drivers/STM32F4xx_HAL_Driver/Src/stm32f4xx_hal_pwr.c ****   * @retval None
 326:Drivers/STM32F4xx_HAL_Driver/Src/stm32f4xx_hal_pwr.c ****   */
 327:Drivers/STM32F4xx_HAL_Driver/Src/stm32f4xx_hal_pwr.c **** void HAL_PWR_DisablePVD(void)
 328:Drivers/STM32F4xx_HAL_Driver/Src/stm32f4xx_hal_pwr.c **** {
 352              		.loc 1 328 1 is_stmt 1 view -0
 353              		.cfi_startproc
 354              		@ args = 0, pretend = 0, frame = 0
 355              		@ frame_needed = 0, uses_anonymous_args = 0
 356              		@ link register save eliminated.
 329:Drivers/STM32F4xx_HAL_Driver/Src/stm32f4xx_hal_pwr.c ****   *(__IO uint32_t *) CR_PVDE_BB = (uint32_t)DISABLE;
 357              		.loc 1 329 3 view .LVU67
 358              		.loc 1 329 33 is_stmt 0 view .LVU68
 359 0000 014B     		ldr	r3, .L28
ARM GAS  C:\Users\guoch\AppData\Local\Temp\cczcpGjr.s 			page 13


 360 0002 0022     		movs	r2, #0
 361 0004 1A61     		str	r2, [r3, #16]
 330:Drivers/STM32F4xx_HAL_Driver/Src/stm32f4xx_hal_pwr.c **** }
 362              		.loc 1 330 1 view .LVU69
 363 0006 7047     		bx	lr
 364              	.L29:
 365              		.align	2
 366              	.L28:
 367 0008 00000E42 		.word	1108213760
 368              		.cfi_endproc
 369              	.LFE139:
 371              		.section	.text.HAL_PWR_EnableWakeUpPin,"ax",%progbits
 372              		.align	1
 373              		.global	HAL_PWR_EnableWakeUpPin
 374              		.syntax unified
 375              		.thumb
 376              		.thumb_func
 378              	HAL_PWR_EnableWakeUpPin:
 379              	.LVL6:
 380              	.LFB140:
 331:Drivers/STM32F4xx_HAL_Driver/Src/stm32f4xx_hal_pwr.c **** 
 332:Drivers/STM32F4xx_HAL_Driver/Src/stm32f4xx_hal_pwr.c **** /**
 333:Drivers/STM32F4xx_HAL_Driver/Src/stm32f4xx_hal_pwr.c ****   * @brief Enables the Wake-up PINx functionality.
 334:Drivers/STM32F4xx_HAL_Driver/Src/stm32f4xx_hal_pwr.c ****   * @param WakeUpPinx Specifies the Power Wake-Up pin to enable.
 335:Drivers/STM32F4xx_HAL_Driver/Src/stm32f4xx_hal_pwr.c ****   *         This parameter can be one of the following values:
 336:Drivers/STM32F4xx_HAL_Driver/Src/stm32f4xx_hal_pwr.c ****   *           @arg PWR_WAKEUP_PIN1
 337:Drivers/STM32F4xx_HAL_Driver/Src/stm32f4xx_hal_pwr.c ****   *           @arg PWR_WAKEUP_PIN2 available only on STM32F410xx/STM32F446xx/STM32F412xx/STM32F413x
 338:Drivers/STM32F4xx_HAL_Driver/Src/stm32f4xx_hal_pwr.c ****   *           @arg PWR_WAKEUP_PIN3 available only on STM32F410xx/STM32F412xx/STM32F413xx/STM32F423x
 339:Drivers/STM32F4xx_HAL_Driver/Src/stm32f4xx_hal_pwr.c ****   * @retval None
 340:Drivers/STM32F4xx_HAL_Driver/Src/stm32f4xx_hal_pwr.c ****   */
 341:Drivers/STM32F4xx_HAL_Driver/Src/stm32f4xx_hal_pwr.c **** void HAL_PWR_EnableWakeUpPin(uint32_t WakeUpPinx)
 342:Drivers/STM32F4xx_HAL_Driver/Src/stm32f4xx_hal_pwr.c **** {
 381              		.loc 1 342 1 is_stmt 1 view -0
 382              		.cfi_startproc
 383              		@ args = 0, pretend = 0, frame = 0
 384              		@ frame_needed = 0, uses_anonymous_args = 0
 385              		.loc 1 342 1 is_stmt 0 view .LVU71
 386 0000 10B5     		push	{r4, lr}
 387              	.LCFI5:
 388              		.cfi_def_cfa_offset 8
 389              		.cfi_offset 4, -8
 390              		.cfi_offset 14, -4
 391 0002 0446     		mov	r4, r0
 343:Drivers/STM32F4xx_HAL_Driver/Src/stm32f4xx_hal_pwr.c ****   /* Check the parameter */
 344:Drivers/STM32F4xx_HAL_Driver/Src/stm32f4xx_hal_pwr.c ****   assert_param(IS_PWR_WAKEUP_PIN(WakeUpPinx));
 392              		.loc 1 344 3 is_stmt 1 view .LVU72
 393 0004 B0F5807F 		cmp	r0, #256
 394 0008 04D1     		bne	.L33
 395              	.LVL7:
 396              	.L31:
 345:Drivers/STM32F4xx_HAL_Driver/Src/stm32f4xx_hal_pwr.c **** 
 346:Drivers/STM32F4xx_HAL_Driver/Src/stm32f4xx_hal_pwr.c ****   /* Enable the wake up pin */
 347:Drivers/STM32F4xx_HAL_Driver/Src/stm32f4xx_hal_pwr.c ****   SET_BIT(PWR->CSR, WakeUpPinx);
 397              		.loc 1 347 3 view .LVU73
 398 000a 054B     		ldr	r3, .L34
 399 000c 5868     		ldr	r0, [r3, #4]
 400 000e 0443     		orrs	r4, r4, r0
ARM GAS  C:\Users\guoch\AppData\Local\Temp\cczcpGjr.s 			page 14


 401              	.LVL8:
 402              		.loc 1 347 3 is_stmt 0 view .LVU74
 403 0010 5C60     		str	r4, [r3, #4]
 348:Drivers/STM32F4xx_HAL_Driver/Src/stm32f4xx_hal_pwr.c **** }
 404              		.loc 1 348 1 view .LVU75
 405 0012 10BD     		pop	{r4, pc}
 406              	.LVL9:
 407              	.L33:
 344:Drivers/STM32F4xx_HAL_Driver/Src/stm32f4xx_hal_pwr.c **** 
 408              		.loc 1 344 3 discriminator 1 view .LVU76
 409 0014 4FF4AC71 		mov	r1, #344
 410 0018 0248     		ldr	r0, .L34+4
 411              	.LVL10:
 344:Drivers/STM32F4xx_HAL_Driver/Src/stm32f4xx_hal_pwr.c **** 
 412              		.loc 1 344 3 discriminator 1 view .LVU77
 413 001a FFF7FEFF 		bl	assert_failed
 414              	.LVL11:
 415 001e F4E7     		b	.L31
 416              	.L35:
 417              		.align	2
 418              	.L34:
 419 0020 00700040 		.word	1073770496
 420 0024 00000000 		.word	.LC0
 421              		.cfi_endproc
 422              	.LFE140:
 424              		.section	.text.HAL_PWR_DisableWakeUpPin,"ax",%progbits
 425              		.align	1
 426              		.global	HAL_PWR_DisableWakeUpPin
 427              		.syntax unified
 428              		.thumb
 429              		.thumb_func
 431              	HAL_PWR_DisableWakeUpPin:
 432              	.LVL12:
 433              	.LFB141:
 349:Drivers/STM32F4xx_HAL_Driver/Src/stm32f4xx_hal_pwr.c **** 
 350:Drivers/STM32F4xx_HAL_Driver/Src/stm32f4xx_hal_pwr.c **** /**
 351:Drivers/STM32F4xx_HAL_Driver/Src/stm32f4xx_hal_pwr.c ****   * @brief Disables the Wake-up PINx functionality.
 352:Drivers/STM32F4xx_HAL_Driver/Src/stm32f4xx_hal_pwr.c ****   * @param WakeUpPinx Specifies the Power Wake-Up pin to disable.
 353:Drivers/STM32F4xx_HAL_Driver/Src/stm32f4xx_hal_pwr.c ****   *         This parameter can be one of the following values:
 354:Drivers/STM32F4xx_HAL_Driver/Src/stm32f4xx_hal_pwr.c ****   *           @arg PWR_WAKEUP_PIN1
 355:Drivers/STM32F4xx_HAL_Driver/Src/stm32f4xx_hal_pwr.c ****   *           @arg PWR_WAKEUP_PIN2 available only on STM32F410xx/STM32F446xx/STM32F412xx/STM32F413x
 356:Drivers/STM32F4xx_HAL_Driver/Src/stm32f4xx_hal_pwr.c ****   *           @arg PWR_WAKEUP_PIN3 available only on STM32F410xx/STM32F412xx/STM32F413xx/STM32F423x
 357:Drivers/STM32F4xx_HAL_Driver/Src/stm32f4xx_hal_pwr.c ****   * @retval None
 358:Drivers/STM32F4xx_HAL_Driver/Src/stm32f4xx_hal_pwr.c ****   */
 359:Drivers/STM32F4xx_HAL_Driver/Src/stm32f4xx_hal_pwr.c **** void HAL_PWR_DisableWakeUpPin(uint32_t WakeUpPinx)
 360:Drivers/STM32F4xx_HAL_Driver/Src/stm32f4xx_hal_pwr.c **** {
 434              		.loc 1 360 1 is_stmt 1 view -0
 435              		.cfi_startproc
 436              		@ args = 0, pretend = 0, frame = 0
 437              		@ frame_needed = 0, uses_anonymous_args = 0
 438              		.loc 1 360 1 is_stmt 0 view .LVU79
 439 0000 10B5     		push	{r4, lr}
 440              	.LCFI6:
 441              		.cfi_def_cfa_offset 8
 442              		.cfi_offset 4, -8
 443              		.cfi_offset 14, -4
 444 0002 0446     		mov	r4, r0
ARM GAS  C:\Users\guoch\AppData\Local\Temp\cczcpGjr.s 			page 15


 361:Drivers/STM32F4xx_HAL_Driver/Src/stm32f4xx_hal_pwr.c ****   /* Check the parameter */
 362:Drivers/STM32F4xx_HAL_Driver/Src/stm32f4xx_hal_pwr.c ****   assert_param(IS_PWR_WAKEUP_PIN(WakeUpPinx));  
 445              		.loc 1 362 3 is_stmt 1 view .LVU80
 446 0004 B0F5807F 		cmp	r0, #256
 447 0008 05D1     		bne	.L39
 448              	.LVL13:
 449              	.L37:
 363:Drivers/STM32F4xx_HAL_Driver/Src/stm32f4xx_hal_pwr.c **** 
 364:Drivers/STM32F4xx_HAL_Driver/Src/stm32f4xx_hal_pwr.c ****   /* Disable the wake up pin */
 365:Drivers/STM32F4xx_HAL_Driver/Src/stm32f4xx_hal_pwr.c ****   CLEAR_BIT(PWR->CSR, WakeUpPinx);
 450              		.loc 1 365 3 view .LVU81
 451 000a 064B     		ldr	r3, .L40
 452 000c 5868     		ldr	r0, [r3, #4]
 453 000e 20EA0404 		bic	r4, r0, r4
 454              	.LVL14:
 455              		.loc 1 365 3 is_stmt 0 view .LVU82
 456 0012 5C60     		str	r4, [r3, #4]
 366:Drivers/STM32F4xx_HAL_Driver/Src/stm32f4xx_hal_pwr.c **** }
 457              		.loc 1 366 1 view .LVU83
 458 0014 10BD     		pop	{r4, pc}
 459              	.LVL15:
 460              	.L39:
 362:Drivers/STM32F4xx_HAL_Driver/Src/stm32f4xx_hal_pwr.c **** 
 461              		.loc 1 362 3 discriminator 1 view .LVU84
 462 0016 4FF4B571 		mov	r1, #362
 463 001a 0348     		ldr	r0, .L40+4
 464              	.LVL16:
 362:Drivers/STM32F4xx_HAL_Driver/Src/stm32f4xx_hal_pwr.c **** 
 465              		.loc 1 362 3 discriminator 1 view .LVU85
 466 001c FFF7FEFF 		bl	assert_failed
 467              	.LVL17:
 468 0020 F3E7     		b	.L37
 469              	.L41:
 470 0022 00BF     		.align	2
 471              	.L40:
 472 0024 00700040 		.word	1073770496
 473 0028 00000000 		.word	.LC0
 474              		.cfi_endproc
 475              	.LFE141:
 477              		.section	.text.HAL_PWR_EnterSLEEPMode,"ax",%progbits
 478              		.align	1
 479              		.global	HAL_PWR_EnterSLEEPMode
 480              		.syntax unified
 481              		.thumb
 482              		.thumb_func
 484              	HAL_PWR_EnterSLEEPMode:
 485              	.LVL18:
 486              	.LFB142:
 367:Drivers/STM32F4xx_HAL_Driver/Src/stm32f4xx_hal_pwr.c ****   
 368:Drivers/STM32F4xx_HAL_Driver/Src/stm32f4xx_hal_pwr.c **** /**
 369:Drivers/STM32F4xx_HAL_Driver/Src/stm32f4xx_hal_pwr.c ****   * @brief Enters Sleep mode.
 370:Drivers/STM32F4xx_HAL_Driver/Src/stm32f4xx_hal_pwr.c ****   *   
 371:Drivers/STM32F4xx_HAL_Driver/Src/stm32f4xx_hal_pwr.c ****   * @note In Sleep mode, all I/O pins keep the same state as in Run mode.
 372:Drivers/STM32F4xx_HAL_Driver/Src/stm32f4xx_hal_pwr.c ****   * 
 373:Drivers/STM32F4xx_HAL_Driver/Src/stm32f4xx_hal_pwr.c ****   * @note In Sleep mode, the systick is stopped to avoid exit from this mode with
 374:Drivers/STM32F4xx_HAL_Driver/Src/stm32f4xx_hal_pwr.c ****   *       systick interrupt when used as time base for Timeout 
 375:Drivers/STM32F4xx_HAL_Driver/Src/stm32f4xx_hal_pwr.c ****   *                
ARM GAS  C:\Users\guoch\AppData\Local\Temp\cczcpGjr.s 			page 16


 376:Drivers/STM32F4xx_HAL_Driver/Src/stm32f4xx_hal_pwr.c ****   * @param Regulator Specifies the regulator state in SLEEP mode.
 377:Drivers/STM32F4xx_HAL_Driver/Src/stm32f4xx_hal_pwr.c ****   *            This parameter can be one of the following values:
 378:Drivers/STM32F4xx_HAL_Driver/Src/stm32f4xx_hal_pwr.c ****   *            @arg PWR_MAINREGULATOR_ON: SLEEP mode with regulator ON
 379:Drivers/STM32F4xx_HAL_Driver/Src/stm32f4xx_hal_pwr.c ****   *            @arg PWR_LOWPOWERREGULATOR_ON: SLEEP mode with low power regulator ON
 380:Drivers/STM32F4xx_HAL_Driver/Src/stm32f4xx_hal_pwr.c ****   * @note This parameter is not used for the STM32F4 family and is kept as parameter
 381:Drivers/STM32F4xx_HAL_Driver/Src/stm32f4xx_hal_pwr.c ****   *       just to maintain compatibility with the lower power families.
 382:Drivers/STM32F4xx_HAL_Driver/Src/stm32f4xx_hal_pwr.c ****   * @param SLEEPEntry Specifies if SLEEP mode in entered with WFI or WFE instruction.
 383:Drivers/STM32F4xx_HAL_Driver/Src/stm32f4xx_hal_pwr.c ****   *          This parameter can be one of the following values:
 384:Drivers/STM32F4xx_HAL_Driver/Src/stm32f4xx_hal_pwr.c ****   *            @arg PWR_SLEEPENTRY_WFI              : Enter SLEEP mode with WFI instruction
 385:Drivers/STM32F4xx_HAL_Driver/Src/stm32f4xx_hal_pwr.c ****   *            @arg PWR_SLEEPENTRY_WFE              : Enter SLEEP mode with WFE instruction and
 386:Drivers/STM32F4xx_HAL_Driver/Src/stm32f4xx_hal_pwr.c ****   *                                                   clear of pending events before.
 387:Drivers/STM32F4xx_HAL_Driver/Src/stm32f4xx_hal_pwr.c ****   *            @arg PWR_SLEEPENTRY_WFE_NO_EVT_CLEAR : Enter SLEEP mode with WFE instruction and
 388:Drivers/STM32F4xx_HAL_Driver/Src/stm32f4xx_hal_pwr.c ****   *                                                   no clear of pending event before.
 389:Drivers/STM32F4xx_HAL_Driver/Src/stm32f4xx_hal_pwr.c ****   * @retval None
 390:Drivers/STM32F4xx_HAL_Driver/Src/stm32f4xx_hal_pwr.c ****   */
 391:Drivers/STM32F4xx_HAL_Driver/Src/stm32f4xx_hal_pwr.c **** void HAL_PWR_EnterSLEEPMode(uint32_t Regulator, uint8_t SLEEPEntry)
 392:Drivers/STM32F4xx_HAL_Driver/Src/stm32f4xx_hal_pwr.c **** {
 487              		.loc 1 392 1 is_stmt 1 view -0
 488              		.cfi_startproc
 489              		@ args = 0, pretend = 0, frame = 0
 490              		@ frame_needed = 0, uses_anonymous_args = 0
 491              		.loc 1 392 1 is_stmt 0 view .LVU87
 492 0000 10B5     		push	{r4, lr}
 493              	.LCFI7:
 494              		.cfi_def_cfa_offset 8
 495              		.cfi_offset 4, -8
 496              		.cfi_offset 14, -4
 497 0002 0C46     		mov	r4, r1
 393:Drivers/STM32F4xx_HAL_Driver/Src/stm32f4xx_hal_pwr.c ****   /* Prevent unused argument(s) compilation warning */
 394:Drivers/STM32F4xx_HAL_Driver/Src/stm32f4xx_hal_pwr.c ****   UNUSED(Regulator);
 498              		.loc 1 394 3 is_stmt 1 view .LVU88
 395:Drivers/STM32F4xx_HAL_Driver/Src/stm32f4xx_hal_pwr.c **** 
 396:Drivers/STM32F4xx_HAL_Driver/Src/stm32f4xx_hal_pwr.c ****   /* Check the parameters */
 397:Drivers/STM32F4xx_HAL_Driver/Src/stm32f4xx_hal_pwr.c ****   assert_param(IS_PWR_REGULATOR(Regulator));
 499              		.loc 1 397 3 view .LVU89
 500 0004 0128     		cmp	r0, #1
 501 0006 10D8     		bhi	.L49
 502              	.LVL19:
 503              	.L43:
 398:Drivers/STM32F4xx_HAL_Driver/Src/stm32f4xx_hal_pwr.c ****   assert_param(IS_PWR_SLEEP_ENTRY(SLEEPEntry));
 504              		.loc 1 398 3 view .LVU90
 505 0008 631E     		subs	r3, r4, #1
 506 000a DBB2     		uxtb	r3, r3
 507 000c 022B     		cmp	r3, #2
 508 000e 12D8     		bhi	.L50
 509              	.L44:
 399:Drivers/STM32F4xx_HAL_Driver/Src/stm32f4xx_hal_pwr.c **** 
 400:Drivers/STM32F4xx_HAL_Driver/Src/stm32f4xx_hal_pwr.c ****   /* Clear SLEEPDEEP bit of Cortex System Control Register */
 401:Drivers/STM32F4xx_HAL_Driver/Src/stm32f4xx_hal_pwr.c ****   CLEAR_BIT(SCB->SCR, ((uint32_t)SCB_SCR_SLEEPDEEP_Msk));
 510              		.loc 1 401 3 view .LVU91
 511 0010 0D4A     		ldr	r2, .L52
 512 0012 1369     		ldr	r3, [r2, #16]
 513 0014 23F00403 		bic	r3, r3, #4
 514 0018 1361     		str	r3, [r2, #16]
 402:Drivers/STM32F4xx_HAL_Driver/Src/stm32f4xx_hal_pwr.c **** 
 403:Drivers/STM32F4xx_HAL_Driver/Src/stm32f4xx_hal_pwr.c ****   /* Select SLEEP mode entry -------------------------------------------------*/
 404:Drivers/STM32F4xx_HAL_Driver/Src/stm32f4xx_hal_pwr.c ****   if(SLEEPEntry == PWR_SLEEPENTRY_WFI)
ARM GAS  C:\Users\guoch\AppData\Local\Temp\cczcpGjr.s 			page 17


 515              		.loc 1 404 3 view .LVU92
 516              		.loc 1 404 5 is_stmt 0 view .LVU93
 517 001a 012C     		cmp	r4, #1
 518 001c 11D0     		beq	.L51
 405:Drivers/STM32F4xx_HAL_Driver/Src/stm32f4xx_hal_pwr.c ****   {   
 406:Drivers/STM32F4xx_HAL_Driver/Src/stm32f4xx_hal_pwr.c ****     /* Request Wait For Interrupt */
 407:Drivers/STM32F4xx_HAL_Driver/Src/stm32f4xx_hal_pwr.c ****     __WFI();
 408:Drivers/STM32F4xx_HAL_Driver/Src/stm32f4xx_hal_pwr.c ****   }
 409:Drivers/STM32F4xx_HAL_Driver/Src/stm32f4xx_hal_pwr.c ****   else
 410:Drivers/STM32F4xx_HAL_Driver/Src/stm32f4xx_hal_pwr.c ****   {
 411:Drivers/STM32F4xx_HAL_Driver/Src/stm32f4xx_hal_pwr.c ****     if(SLEEPEntry != PWR_SLEEPENTRY_WFE_NO_EVT_CLEAR)
 519              		.loc 1 411 5 is_stmt 1 view .LVU94
 520              		.loc 1 411 7 is_stmt 0 view .LVU95
 521 001e 032C     		cmp	r4, #3
 522 0020 01D0     		beq	.L47
 412:Drivers/STM32F4xx_HAL_Driver/Src/stm32f4xx_hal_pwr.c ****     {
 413:Drivers/STM32F4xx_HAL_Driver/Src/stm32f4xx_hal_pwr.c ****       /* Clear all pending event */
 414:Drivers/STM32F4xx_HAL_Driver/Src/stm32f4xx_hal_pwr.c ****       __SEV();
 523              		.loc 1 414 7 is_stmt 1 view .LVU96
 524              		.syntax unified
 525              	@ 414 "Drivers/STM32F4xx_HAL_Driver/Src/stm32f4xx_hal_pwr.c" 1
 526 0022 40BF     		sev
 527              	@ 0 "" 2
 415:Drivers/STM32F4xx_HAL_Driver/Src/stm32f4xx_hal_pwr.c ****       __WFE();
 528              		.loc 1 415 7 view .LVU97
 529              	@ 415 "Drivers/STM32F4xx_HAL_Driver/Src/stm32f4xx_hal_pwr.c" 1
 530 0024 20BF     		wfe
 531              	@ 0 "" 2
 532              		.thumb
 533              		.syntax unified
 534              	.L47:
 416:Drivers/STM32F4xx_HAL_Driver/Src/stm32f4xx_hal_pwr.c ****     }
 417:Drivers/STM32F4xx_HAL_Driver/Src/stm32f4xx_hal_pwr.c **** 
 418:Drivers/STM32F4xx_HAL_Driver/Src/stm32f4xx_hal_pwr.c ****     /* Request Wait For Event */
 419:Drivers/STM32F4xx_HAL_Driver/Src/stm32f4xx_hal_pwr.c ****     __WFE();
 535              		.loc 1 419 5 view .LVU98
 536              		.syntax unified
 537              	@ 419 "Drivers/STM32F4xx_HAL_Driver/Src/stm32f4xx_hal_pwr.c" 1
 538 0026 20BF     		wfe
 539              	@ 0 "" 2
 540              		.thumb
 541              		.syntax unified
 542              	.L42:
 420:Drivers/STM32F4xx_HAL_Driver/Src/stm32f4xx_hal_pwr.c ****   }
 421:Drivers/STM32F4xx_HAL_Driver/Src/stm32f4xx_hal_pwr.c **** }
 543              		.loc 1 421 1 is_stmt 0 view .LVU99
 544 0028 10BD     		pop	{r4, pc}
 545              	.LVL20:
 546              	.L49:
 397:Drivers/STM32F4xx_HAL_Driver/Src/stm32f4xx_hal_pwr.c ****   assert_param(IS_PWR_SLEEP_ENTRY(SLEEPEntry));
 547              		.loc 1 397 3 discriminator 1 view .LVU100
 548 002a 40F28D11 		movw	r1, #397
 549              	.LVL21:
 397:Drivers/STM32F4xx_HAL_Driver/Src/stm32f4xx_hal_pwr.c ****   assert_param(IS_PWR_SLEEP_ENTRY(SLEEPEntry));
 550              		.loc 1 397 3 discriminator 1 view .LVU101
 551 002e 0748     		ldr	r0, .L52+4
 552              	.LVL22:
ARM GAS  C:\Users\guoch\AppData\Local\Temp\cczcpGjr.s 			page 18


 397:Drivers/STM32F4xx_HAL_Driver/Src/stm32f4xx_hal_pwr.c ****   assert_param(IS_PWR_SLEEP_ENTRY(SLEEPEntry));
 553              		.loc 1 397 3 discriminator 1 view .LVU102
 554 0030 FFF7FEFF 		bl	assert_failed
 555              	.LVL23:
 556 0034 E8E7     		b	.L43
 557              	.L50:
 398:Drivers/STM32F4xx_HAL_Driver/Src/stm32f4xx_hal_pwr.c **** 
 558              		.loc 1 398 3 discriminator 1 view .LVU103
 559 0036 4FF4C771 		mov	r1, #398
 560 003a 0448     		ldr	r0, .L52+4
 561 003c FFF7FEFF 		bl	assert_failed
 562              	.LVL24:
 563 0040 E6E7     		b	.L44
 564              	.L51:
 407:Drivers/STM32F4xx_HAL_Driver/Src/stm32f4xx_hal_pwr.c ****   }
 565              		.loc 1 407 5 is_stmt 1 view .LVU104
 566              		.syntax unified
 567              	@ 407 "Drivers/STM32F4xx_HAL_Driver/Src/stm32f4xx_hal_pwr.c" 1
 568 0042 30BF     		wfi
 569              	@ 0 "" 2
 570              		.thumb
 571              		.syntax unified
 572 0044 F0E7     		b	.L42
 573              	.L53:
 574 0046 00BF     		.align	2
 575              	.L52:
 576 0048 00ED00E0 		.word	-536810240
 577 004c 00000000 		.word	.LC0
 578              		.cfi_endproc
 579              	.LFE142:
 581              		.section	.text.HAL_PWR_EnterSTOPMode,"ax",%progbits
 582              		.align	1
 583              		.global	HAL_PWR_EnterSTOPMode
 584              		.syntax unified
 585              		.thumb
 586              		.thumb_func
 588              	HAL_PWR_EnterSTOPMode:
 589              	.LVL25:
 590              	.LFB143:
 422:Drivers/STM32F4xx_HAL_Driver/Src/stm32f4xx_hal_pwr.c **** 
 423:Drivers/STM32F4xx_HAL_Driver/Src/stm32f4xx_hal_pwr.c **** /**
 424:Drivers/STM32F4xx_HAL_Driver/Src/stm32f4xx_hal_pwr.c ****   * @brief Enters Stop mode. 
 425:Drivers/STM32F4xx_HAL_Driver/Src/stm32f4xx_hal_pwr.c ****   * @note In Stop mode, all I/O pins keep the same state as in Run mode.
 426:Drivers/STM32F4xx_HAL_Driver/Src/stm32f4xx_hal_pwr.c ****   * @note When exiting Stop mode by issuing an interrupt or a wake-up event, 
 427:Drivers/STM32F4xx_HAL_Driver/Src/stm32f4xx_hal_pwr.c ****   *         the HSI RC oscillator is selected as system clock.
 428:Drivers/STM32F4xx_HAL_Driver/Src/stm32f4xx_hal_pwr.c ****   * @note When the voltage regulator operates in low power mode, an additional 
 429:Drivers/STM32F4xx_HAL_Driver/Src/stm32f4xx_hal_pwr.c ****   *         startup delay is incurred when waking up from Stop mode. 
 430:Drivers/STM32F4xx_HAL_Driver/Src/stm32f4xx_hal_pwr.c ****   *         By keeping the internal regulator ON during Stop mode, the consumption 
 431:Drivers/STM32F4xx_HAL_Driver/Src/stm32f4xx_hal_pwr.c ****   *         is higher although the startup time is reduced.    
 432:Drivers/STM32F4xx_HAL_Driver/Src/stm32f4xx_hal_pwr.c ****   * @param Regulator Specifies the regulator state in Stop mode.
 433:Drivers/STM32F4xx_HAL_Driver/Src/stm32f4xx_hal_pwr.c ****   *          This parameter can be one of the following values:
 434:Drivers/STM32F4xx_HAL_Driver/Src/stm32f4xx_hal_pwr.c ****   *            @arg PWR_MAINREGULATOR_ON: Stop mode with regulator ON
 435:Drivers/STM32F4xx_HAL_Driver/Src/stm32f4xx_hal_pwr.c ****   *            @arg PWR_LOWPOWERREGULATOR_ON: Stop mode with low power regulator ON
 436:Drivers/STM32F4xx_HAL_Driver/Src/stm32f4xx_hal_pwr.c ****   * @param STOPEntry Specifies if Stop mode in entered with WFI or WFE instruction.
 437:Drivers/STM32F4xx_HAL_Driver/Src/stm32f4xx_hal_pwr.c ****   *          This parameter can be one of the following values:
 438:Drivers/STM32F4xx_HAL_Driver/Src/stm32f4xx_hal_pwr.c ****   *            @arg PWR_STOPENTRY_WFI              : Enter Stop mode with WFI instruction 
 439:Drivers/STM32F4xx_HAL_Driver/Src/stm32f4xx_hal_pwr.c ****   *            @arg PWR_STOPENTRY_WFE              : Enter Stop mode with WFE instruction and
ARM GAS  C:\Users\guoch\AppData\Local\Temp\cczcpGjr.s 			page 19


 440:Drivers/STM32F4xx_HAL_Driver/Src/stm32f4xx_hal_pwr.c ****   *                                                  clear of pending events before.
 441:Drivers/STM32F4xx_HAL_Driver/Src/stm32f4xx_hal_pwr.c ****   *            @arg PWR_STOPENTRY_WFE_NO_EVT_CLEAR : Enter STOP mode with WFE instruction and
 442:Drivers/STM32F4xx_HAL_Driver/Src/stm32f4xx_hal_pwr.c ****   *                                                  no clear of pending event before.
 443:Drivers/STM32F4xx_HAL_Driver/Src/stm32f4xx_hal_pwr.c ****   * @retval None
 444:Drivers/STM32F4xx_HAL_Driver/Src/stm32f4xx_hal_pwr.c ****   */
 445:Drivers/STM32F4xx_HAL_Driver/Src/stm32f4xx_hal_pwr.c **** void HAL_PWR_EnterSTOPMode(uint32_t Regulator, uint8_t STOPEntry)
 446:Drivers/STM32F4xx_HAL_Driver/Src/stm32f4xx_hal_pwr.c **** {
 591              		.loc 1 446 1 view -0
 592              		.cfi_startproc
 593              		@ args = 0, pretend = 0, frame = 0
 594              		@ frame_needed = 0, uses_anonymous_args = 0
 595              		.loc 1 446 1 is_stmt 0 view .LVU106
 596 0000 38B5     		push	{r3, r4, r5, lr}
 597              	.LCFI8:
 598              		.cfi_def_cfa_offset 16
 599              		.cfi_offset 3, -16
 600              		.cfi_offset 4, -12
 601              		.cfi_offset 5, -8
 602              		.cfi_offset 14, -4
 603 0002 0546     		mov	r5, r0
 604 0004 0C46     		mov	r4, r1
 447:Drivers/STM32F4xx_HAL_Driver/Src/stm32f4xx_hal_pwr.c ****   /* Check the parameters */
 448:Drivers/STM32F4xx_HAL_Driver/Src/stm32f4xx_hal_pwr.c ****   assert_param(IS_PWR_REGULATOR(Regulator));
 605              		.loc 1 448 3 is_stmt 1 view .LVU107
 606 0006 0128     		cmp	r0, #1
 607 0008 1BD8     		bhi	.L61
 608              	.LVL26:
 609              	.L55:
 449:Drivers/STM32F4xx_HAL_Driver/Src/stm32f4xx_hal_pwr.c ****   assert_param(IS_PWR_STOP_ENTRY(STOPEntry));
 610              		.loc 1 449 3 view .LVU108
 611 000a 631E     		subs	r3, r4, #1
 612 000c DBB2     		uxtb	r3, r3
 613 000e 022B     		cmp	r3, #2
 614 0010 1DD8     		bhi	.L62
 615              	.L56:
 450:Drivers/STM32F4xx_HAL_Driver/Src/stm32f4xx_hal_pwr.c ****   
 451:Drivers/STM32F4xx_HAL_Driver/Src/stm32f4xx_hal_pwr.c ****   /* Select the regulator state in Stop mode: Set PDDS and LPDS bits according to PWR_Regulator val
 452:Drivers/STM32F4xx_HAL_Driver/Src/stm32f4xx_hal_pwr.c ****   MODIFY_REG(PWR->CR, (PWR_CR_PDDS | PWR_CR_LPDS), Regulator);
 616              		.loc 1 452 3 view .LVU109
 617 0012 134A     		ldr	r2, .L64
 618 0014 1368     		ldr	r3, [r2]
 619 0016 23F00303 		bic	r3, r3, #3
 620 001a 2B43     		orrs	r3, r3, r5
 621 001c 1360     		str	r3, [r2]
 453:Drivers/STM32F4xx_HAL_Driver/Src/stm32f4xx_hal_pwr.c ****   
 454:Drivers/STM32F4xx_HAL_Driver/Src/stm32f4xx_hal_pwr.c ****   /* Set SLEEPDEEP bit of Cortex System Control Register */
 455:Drivers/STM32F4xx_HAL_Driver/Src/stm32f4xx_hal_pwr.c ****   SET_BIT(SCB->SCR, ((uint32_t)SCB_SCR_SLEEPDEEP_Msk));
 622              		.loc 1 455 3 view .LVU110
 623 001e 114A     		ldr	r2, .L64+4
 624 0020 1369     		ldr	r3, [r2, #16]
 625 0022 43F00403 		orr	r3, r3, #4
 626 0026 1361     		str	r3, [r2, #16]
 456:Drivers/STM32F4xx_HAL_Driver/Src/stm32f4xx_hal_pwr.c ****   
 457:Drivers/STM32F4xx_HAL_Driver/Src/stm32f4xx_hal_pwr.c ****   /* Select Stop mode entry --------------------------------------------------*/
 458:Drivers/STM32F4xx_HAL_Driver/Src/stm32f4xx_hal_pwr.c ****   if(STOPEntry == PWR_STOPENTRY_WFI)
 627              		.loc 1 458 3 view .LVU111
 628              		.loc 1 458 5 is_stmt 0 view .LVU112
ARM GAS  C:\Users\guoch\AppData\Local\Temp\cczcpGjr.s 			page 20


 629 0028 012C     		cmp	r4, #1
 630 002a 16D0     		beq	.L63
 459:Drivers/STM32F4xx_HAL_Driver/Src/stm32f4xx_hal_pwr.c ****   {   
 460:Drivers/STM32F4xx_HAL_Driver/Src/stm32f4xx_hal_pwr.c ****     /* Request Wait For Interrupt */
 461:Drivers/STM32F4xx_HAL_Driver/Src/stm32f4xx_hal_pwr.c ****     __WFI();
 462:Drivers/STM32F4xx_HAL_Driver/Src/stm32f4xx_hal_pwr.c ****   }
 463:Drivers/STM32F4xx_HAL_Driver/Src/stm32f4xx_hal_pwr.c ****   else
 464:Drivers/STM32F4xx_HAL_Driver/Src/stm32f4xx_hal_pwr.c ****   {
 465:Drivers/STM32F4xx_HAL_Driver/Src/stm32f4xx_hal_pwr.c ****     if(STOPEntry != PWR_STOPENTRY_WFE_NO_EVT_CLEAR)
 631              		.loc 1 465 5 is_stmt 1 view .LVU113
 632              		.loc 1 465 7 is_stmt 0 view .LVU114
 633 002c 032C     		cmp	r4, #3
 634 002e 01D0     		beq	.L59
 466:Drivers/STM32F4xx_HAL_Driver/Src/stm32f4xx_hal_pwr.c ****     {
 467:Drivers/STM32F4xx_HAL_Driver/Src/stm32f4xx_hal_pwr.c ****       /* Clear all pending event */
 468:Drivers/STM32F4xx_HAL_Driver/Src/stm32f4xx_hal_pwr.c ****       __SEV();
 635              		.loc 1 468 7 is_stmt 1 view .LVU115
 636              		.syntax unified
 637              	@ 468 "Drivers/STM32F4xx_HAL_Driver/Src/stm32f4xx_hal_pwr.c" 1
 638 0030 40BF     		sev
 639              	@ 0 "" 2
 469:Drivers/STM32F4xx_HAL_Driver/Src/stm32f4xx_hal_pwr.c ****       __WFE();
 640              		.loc 1 469 7 view .LVU116
 641              	@ 469 "Drivers/STM32F4xx_HAL_Driver/Src/stm32f4xx_hal_pwr.c" 1
 642 0032 20BF     		wfe
 643              	@ 0 "" 2
 644              		.thumb
 645              		.syntax unified
 646              	.L59:
 470:Drivers/STM32F4xx_HAL_Driver/Src/stm32f4xx_hal_pwr.c ****     }
 471:Drivers/STM32F4xx_HAL_Driver/Src/stm32f4xx_hal_pwr.c ****     /* Request Wait For Event */
 472:Drivers/STM32F4xx_HAL_Driver/Src/stm32f4xx_hal_pwr.c ****     __WFE();
 647              		.loc 1 472 5 view .LVU117
 648              		.syntax unified
 649              	@ 472 "Drivers/STM32F4xx_HAL_Driver/Src/stm32f4xx_hal_pwr.c" 1
 650 0034 20BF     		wfe
 651              	@ 0 "" 2
 652              		.thumb
 653              		.syntax unified
 654              	.L58:
 473:Drivers/STM32F4xx_HAL_Driver/Src/stm32f4xx_hal_pwr.c ****   }
 474:Drivers/STM32F4xx_HAL_Driver/Src/stm32f4xx_hal_pwr.c ****   /* Reset SLEEPDEEP bit of Cortex System Control Register */
 475:Drivers/STM32F4xx_HAL_Driver/Src/stm32f4xx_hal_pwr.c ****   CLEAR_BIT(SCB->SCR, ((uint32_t)SCB_SCR_SLEEPDEEP_Msk));  
 655              		.loc 1 475 3 view .LVU118
 656 0036 0B4A     		ldr	r2, .L64+4
 657 0038 1369     		ldr	r3, [r2, #16]
 658 003a 23F00403 		bic	r3, r3, #4
 659 003e 1361     		str	r3, [r2, #16]
 476:Drivers/STM32F4xx_HAL_Driver/Src/stm32f4xx_hal_pwr.c **** }
 660              		.loc 1 476 1 is_stmt 0 view .LVU119
 661 0040 38BD     		pop	{r3, r4, r5, pc}
 662              	.LVL27:
 663              	.L61:
 448:Drivers/STM32F4xx_HAL_Driver/Src/stm32f4xx_hal_pwr.c ****   assert_param(IS_PWR_STOP_ENTRY(STOPEntry));
 664              		.loc 1 448 3 discriminator 1 view .LVU120
 665 0042 4FF4E071 		mov	r1, #448
 666              	.LVL28:
ARM GAS  C:\Users\guoch\AppData\Local\Temp\cczcpGjr.s 			page 21


 448:Drivers/STM32F4xx_HAL_Driver/Src/stm32f4xx_hal_pwr.c ****   assert_param(IS_PWR_STOP_ENTRY(STOPEntry));
 667              		.loc 1 448 3 discriminator 1 view .LVU121
 668 0046 0848     		ldr	r0, .L64+8
 669              	.LVL29:
 448:Drivers/STM32F4xx_HAL_Driver/Src/stm32f4xx_hal_pwr.c ****   assert_param(IS_PWR_STOP_ENTRY(STOPEntry));
 670              		.loc 1 448 3 discriminator 1 view .LVU122
 671 0048 FFF7FEFF 		bl	assert_failed
 672              	.LVL30:
 673 004c DDE7     		b	.L55
 674              	.L62:
 449:Drivers/STM32F4xx_HAL_Driver/Src/stm32f4xx_hal_pwr.c ****   
 675              		.loc 1 449 3 discriminator 1 view .LVU123
 676 004e 40F2C111 		movw	r1, #449
 677 0052 0548     		ldr	r0, .L64+8
 678 0054 FFF7FEFF 		bl	assert_failed
 679              	.LVL31:
 680 0058 DBE7     		b	.L56
 681              	.L63:
 461:Drivers/STM32F4xx_HAL_Driver/Src/stm32f4xx_hal_pwr.c ****   }
 682              		.loc 1 461 5 is_stmt 1 view .LVU124
 683              		.syntax unified
 684              	@ 461 "Drivers/STM32F4xx_HAL_Driver/Src/stm32f4xx_hal_pwr.c" 1
 685 005a 30BF     		wfi
 686              	@ 0 "" 2
 687              		.thumb
 688              		.syntax unified
 689 005c EBE7     		b	.L58
 690              	.L65:
 691 005e 00BF     		.align	2
 692              	.L64:
 693 0060 00700040 		.word	1073770496
 694 0064 00ED00E0 		.word	-536810240
 695 0068 00000000 		.word	.LC0
 696              		.cfi_endproc
 697              	.LFE143:
 699              		.section	.text.HAL_PWR_EnterSTANDBYMode,"ax",%progbits
 700              		.align	1
 701              		.global	HAL_PWR_EnterSTANDBYMode
 702              		.syntax unified
 703              		.thumb
 704              		.thumb_func
 706              	HAL_PWR_EnterSTANDBYMode:
 707              	.LFB144:
 477:Drivers/STM32F4xx_HAL_Driver/Src/stm32f4xx_hal_pwr.c **** 
 478:Drivers/STM32F4xx_HAL_Driver/Src/stm32f4xx_hal_pwr.c **** /**
 479:Drivers/STM32F4xx_HAL_Driver/Src/stm32f4xx_hal_pwr.c ****   * @brief Enters Standby mode.
 480:Drivers/STM32F4xx_HAL_Driver/Src/stm32f4xx_hal_pwr.c ****   * @note In Standby mode, all I/O pins are high impedance except for:
 481:Drivers/STM32F4xx_HAL_Driver/Src/stm32f4xx_hal_pwr.c ****   *          - Reset pad (still available) 
 482:Drivers/STM32F4xx_HAL_Driver/Src/stm32f4xx_hal_pwr.c ****   *          - RTC_AF1 pin (PC13) if configured for tamper, time-stamp, RTC 
 483:Drivers/STM32F4xx_HAL_Driver/Src/stm32f4xx_hal_pwr.c ****   *            Alarm out, or RTC clock calibration out.
 484:Drivers/STM32F4xx_HAL_Driver/Src/stm32f4xx_hal_pwr.c ****   *          - RTC_AF2 pin (PI8) if configured for tamper or time-stamp.  
 485:Drivers/STM32F4xx_HAL_Driver/Src/stm32f4xx_hal_pwr.c ****   *          - WKUP pin 1 (PA0) if enabled.       
 486:Drivers/STM32F4xx_HAL_Driver/Src/stm32f4xx_hal_pwr.c ****   * @retval None
 487:Drivers/STM32F4xx_HAL_Driver/Src/stm32f4xx_hal_pwr.c ****   */
 488:Drivers/STM32F4xx_HAL_Driver/Src/stm32f4xx_hal_pwr.c **** void HAL_PWR_EnterSTANDBYMode(void)
 489:Drivers/STM32F4xx_HAL_Driver/Src/stm32f4xx_hal_pwr.c **** {
 708              		.loc 1 489 1 view -0
ARM GAS  C:\Users\guoch\AppData\Local\Temp\cczcpGjr.s 			page 22


 709              		.cfi_startproc
 710              		@ args = 0, pretend = 0, frame = 0
 711              		@ frame_needed = 0, uses_anonymous_args = 0
 712              		@ link register save eliminated.
 490:Drivers/STM32F4xx_HAL_Driver/Src/stm32f4xx_hal_pwr.c ****   /* Select Standby mode */
 491:Drivers/STM32F4xx_HAL_Driver/Src/stm32f4xx_hal_pwr.c ****   SET_BIT(PWR->CR, PWR_CR_PDDS);
 713              		.loc 1 491 3 view .LVU126
 714 0000 054A     		ldr	r2, .L67
 715 0002 1368     		ldr	r3, [r2]
 716 0004 43F00203 		orr	r3, r3, #2
 717 0008 1360     		str	r3, [r2]
 492:Drivers/STM32F4xx_HAL_Driver/Src/stm32f4xx_hal_pwr.c **** 
 493:Drivers/STM32F4xx_HAL_Driver/Src/stm32f4xx_hal_pwr.c ****   /* Set SLEEPDEEP bit of Cortex System Control Register */
 494:Drivers/STM32F4xx_HAL_Driver/Src/stm32f4xx_hal_pwr.c ****   SET_BIT(SCB->SCR, ((uint32_t)SCB_SCR_SLEEPDEEP_Msk));
 718              		.loc 1 494 3 view .LVU127
 719 000a 044A     		ldr	r2, .L67+4
 720 000c 1369     		ldr	r3, [r2, #16]
 721 000e 43F00403 		orr	r3, r3, #4
 722 0012 1361     		str	r3, [r2, #16]
 495:Drivers/STM32F4xx_HAL_Driver/Src/stm32f4xx_hal_pwr.c ****   
 496:Drivers/STM32F4xx_HAL_Driver/Src/stm32f4xx_hal_pwr.c ****   /* This option is used to ensure that store operations are completed */
 497:Drivers/STM32F4xx_HAL_Driver/Src/stm32f4xx_hal_pwr.c **** #if defined ( __CC_ARM)
 498:Drivers/STM32F4xx_HAL_Driver/Src/stm32f4xx_hal_pwr.c ****   __force_stores();
 499:Drivers/STM32F4xx_HAL_Driver/Src/stm32f4xx_hal_pwr.c **** #endif
 500:Drivers/STM32F4xx_HAL_Driver/Src/stm32f4xx_hal_pwr.c ****   /* Request Wait For Interrupt */
 501:Drivers/STM32F4xx_HAL_Driver/Src/stm32f4xx_hal_pwr.c ****   __WFI();
 723              		.loc 1 501 3 view .LVU128
 724              		.syntax unified
 725              	@ 501 "Drivers/STM32F4xx_HAL_Driver/Src/stm32f4xx_hal_pwr.c" 1
 726 0014 30BF     		wfi
 727              	@ 0 "" 2
 502:Drivers/STM32F4xx_HAL_Driver/Src/stm32f4xx_hal_pwr.c **** }
 728              		.loc 1 502 1 is_stmt 0 view .LVU129
 729              		.thumb
 730              		.syntax unified
 731 0016 7047     		bx	lr
 732              	.L68:
 733              		.align	2
 734              	.L67:
 735 0018 00700040 		.word	1073770496
 736 001c 00ED00E0 		.word	-536810240
 737              		.cfi_endproc
 738              	.LFE144:
 740              		.section	.text.HAL_PWR_PVDCallback,"ax",%progbits
 741              		.align	1
 742              		.weak	HAL_PWR_PVDCallback
 743              		.syntax unified
 744              		.thumb
 745              		.thumb_func
 747              	HAL_PWR_PVDCallback:
 748              	.LFB146:
 503:Drivers/STM32F4xx_HAL_Driver/Src/stm32f4xx_hal_pwr.c **** 
 504:Drivers/STM32F4xx_HAL_Driver/Src/stm32f4xx_hal_pwr.c **** /**
 505:Drivers/STM32F4xx_HAL_Driver/Src/stm32f4xx_hal_pwr.c ****   * @brief This function handles the PWR PVD interrupt request.
 506:Drivers/STM32F4xx_HAL_Driver/Src/stm32f4xx_hal_pwr.c ****   * @note This API should be called under the PVD_IRQHandler().
 507:Drivers/STM32F4xx_HAL_Driver/Src/stm32f4xx_hal_pwr.c ****   * @retval None
 508:Drivers/STM32F4xx_HAL_Driver/Src/stm32f4xx_hal_pwr.c ****   */
ARM GAS  C:\Users\guoch\AppData\Local\Temp\cczcpGjr.s 			page 23


 509:Drivers/STM32F4xx_HAL_Driver/Src/stm32f4xx_hal_pwr.c **** void HAL_PWR_PVD_IRQHandler(void)
 510:Drivers/STM32F4xx_HAL_Driver/Src/stm32f4xx_hal_pwr.c **** {
 511:Drivers/STM32F4xx_HAL_Driver/Src/stm32f4xx_hal_pwr.c ****   /* Check PWR Exti flag */
 512:Drivers/STM32F4xx_HAL_Driver/Src/stm32f4xx_hal_pwr.c ****   if(__HAL_PWR_PVD_EXTI_GET_FLAG() != RESET)
 513:Drivers/STM32F4xx_HAL_Driver/Src/stm32f4xx_hal_pwr.c ****   {
 514:Drivers/STM32F4xx_HAL_Driver/Src/stm32f4xx_hal_pwr.c ****     /* PWR PVD interrupt user callback */
 515:Drivers/STM32F4xx_HAL_Driver/Src/stm32f4xx_hal_pwr.c ****     HAL_PWR_PVDCallback();
 516:Drivers/STM32F4xx_HAL_Driver/Src/stm32f4xx_hal_pwr.c ****     
 517:Drivers/STM32F4xx_HAL_Driver/Src/stm32f4xx_hal_pwr.c ****     /* Clear PWR Exti pending bit */
 518:Drivers/STM32F4xx_HAL_Driver/Src/stm32f4xx_hal_pwr.c ****     __HAL_PWR_PVD_EXTI_CLEAR_FLAG();
 519:Drivers/STM32F4xx_HAL_Driver/Src/stm32f4xx_hal_pwr.c ****   }
 520:Drivers/STM32F4xx_HAL_Driver/Src/stm32f4xx_hal_pwr.c **** }
 521:Drivers/STM32F4xx_HAL_Driver/Src/stm32f4xx_hal_pwr.c **** 
 522:Drivers/STM32F4xx_HAL_Driver/Src/stm32f4xx_hal_pwr.c **** /**
 523:Drivers/STM32F4xx_HAL_Driver/Src/stm32f4xx_hal_pwr.c ****   * @brief  PWR PVD interrupt callback
 524:Drivers/STM32F4xx_HAL_Driver/Src/stm32f4xx_hal_pwr.c ****   * @retval None
 525:Drivers/STM32F4xx_HAL_Driver/Src/stm32f4xx_hal_pwr.c ****   */
 526:Drivers/STM32F4xx_HAL_Driver/Src/stm32f4xx_hal_pwr.c **** __weak void HAL_PWR_PVDCallback(void)
 527:Drivers/STM32F4xx_HAL_Driver/Src/stm32f4xx_hal_pwr.c **** {
 749              		.loc 1 527 1 is_stmt 1 view -0
 750              		.cfi_startproc
 751              		@ args = 0, pretend = 0, frame = 0
 752              		@ frame_needed = 0, uses_anonymous_args = 0
 753              		@ link register save eliminated.
 528:Drivers/STM32F4xx_HAL_Driver/Src/stm32f4xx_hal_pwr.c ****   /* NOTE : This function Should not be modified, when the callback is needed,
 529:Drivers/STM32F4xx_HAL_Driver/Src/stm32f4xx_hal_pwr.c ****             the HAL_PWR_PVDCallback could be implemented in the user file
 530:Drivers/STM32F4xx_HAL_Driver/Src/stm32f4xx_hal_pwr.c ****    */ 
 531:Drivers/STM32F4xx_HAL_Driver/Src/stm32f4xx_hal_pwr.c **** }
 754              		.loc 1 531 1 view .LVU131
 755 0000 7047     		bx	lr
 756              		.cfi_endproc
 757              	.LFE146:
 759              		.section	.text.HAL_PWR_PVD_IRQHandler,"ax",%progbits
 760              		.align	1
 761              		.global	HAL_PWR_PVD_IRQHandler
 762              		.syntax unified
 763              		.thumb
 764              		.thumb_func
 766              	HAL_PWR_PVD_IRQHandler:
 767              	.LFB145:
 510:Drivers/STM32F4xx_HAL_Driver/Src/stm32f4xx_hal_pwr.c ****   /* Check PWR Exti flag */
 768              		.loc 1 510 1 view -0
 769              		.cfi_startproc
 770              		@ args = 0, pretend = 0, frame = 0
 771              		@ frame_needed = 0, uses_anonymous_args = 0
 772 0000 08B5     		push	{r3, lr}
 773              	.LCFI9:
 774              		.cfi_def_cfa_offset 8
 775              		.cfi_offset 3, -8
 776              		.cfi_offset 14, -4
 512:Drivers/STM32F4xx_HAL_Driver/Src/stm32f4xx_hal_pwr.c ****   {
 777              		.loc 1 512 3 view .LVU133
 512:Drivers/STM32F4xx_HAL_Driver/Src/stm32f4xx_hal_pwr.c ****   {
 778              		.loc 1 512 6 is_stmt 0 view .LVU134
 779 0002 064B     		ldr	r3, .L74
 780 0004 5B69     		ldr	r3, [r3, #20]
 512:Drivers/STM32F4xx_HAL_Driver/Src/stm32f4xx_hal_pwr.c ****   {
ARM GAS  C:\Users\guoch\AppData\Local\Temp\cczcpGjr.s 			page 24


 781              		.loc 1 512 5 view .LVU135
 782 0006 13F4803F 		tst	r3, #65536
 783 000a 00D1     		bne	.L73
 784              	.L70:
 520:Drivers/STM32F4xx_HAL_Driver/Src/stm32f4xx_hal_pwr.c **** 
 785              		.loc 1 520 1 view .LVU136
 786 000c 08BD     		pop	{r3, pc}
 787              	.L73:
 515:Drivers/STM32F4xx_HAL_Driver/Src/stm32f4xx_hal_pwr.c ****     
 788              		.loc 1 515 5 is_stmt 1 view .LVU137
 789 000e FFF7FEFF 		bl	HAL_PWR_PVDCallback
 790              	.LVL32:
 518:Drivers/STM32F4xx_HAL_Driver/Src/stm32f4xx_hal_pwr.c ****   }
 791              		.loc 1 518 5 view .LVU138
 792 0012 024B     		ldr	r3, .L74
 793 0014 4FF48032 		mov	r2, #65536
 794 0018 5A61     		str	r2, [r3, #20]
 520:Drivers/STM32F4xx_HAL_Driver/Src/stm32f4xx_hal_pwr.c **** 
 795              		.loc 1 520 1 is_stmt 0 view .LVU139
 796 001a F7E7     		b	.L70
 797              	.L75:
 798              		.align	2
 799              	.L74:
 800 001c 003C0140 		.word	1073822720
 801              		.cfi_endproc
 802              	.LFE145:
 804              		.section	.text.HAL_PWR_EnableSleepOnExit,"ax",%progbits
 805              		.align	1
 806              		.global	HAL_PWR_EnableSleepOnExit
 807              		.syntax unified
 808              		.thumb
 809              		.thumb_func
 811              	HAL_PWR_EnableSleepOnExit:
 812              	.LFB147:
 532:Drivers/STM32F4xx_HAL_Driver/Src/stm32f4xx_hal_pwr.c **** 
 533:Drivers/STM32F4xx_HAL_Driver/Src/stm32f4xx_hal_pwr.c **** /**
 534:Drivers/STM32F4xx_HAL_Driver/Src/stm32f4xx_hal_pwr.c ****   * @brief Indicates Sleep-On-Exit when returning from Handler mode to Thread mode. 
 535:Drivers/STM32F4xx_HAL_Driver/Src/stm32f4xx_hal_pwr.c ****   * @note Set SLEEPONEXIT bit of SCR register. When this bit is set, the processor 
 536:Drivers/STM32F4xx_HAL_Driver/Src/stm32f4xx_hal_pwr.c ****   *       re-enters SLEEP mode when an interruption handling is over.
 537:Drivers/STM32F4xx_HAL_Driver/Src/stm32f4xx_hal_pwr.c ****   *       Setting this bit is useful when the processor is expected to run only on
 538:Drivers/STM32F4xx_HAL_Driver/Src/stm32f4xx_hal_pwr.c ****   *       interruptions handling.         
 539:Drivers/STM32F4xx_HAL_Driver/Src/stm32f4xx_hal_pwr.c ****   * @retval None
 540:Drivers/STM32F4xx_HAL_Driver/Src/stm32f4xx_hal_pwr.c ****   */
 541:Drivers/STM32F4xx_HAL_Driver/Src/stm32f4xx_hal_pwr.c **** void HAL_PWR_EnableSleepOnExit(void)
 542:Drivers/STM32F4xx_HAL_Driver/Src/stm32f4xx_hal_pwr.c **** {
 813              		.loc 1 542 1 is_stmt 1 view -0
 814              		.cfi_startproc
 815              		@ args = 0, pretend = 0, frame = 0
 816              		@ frame_needed = 0, uses_anonymous_args = 0
 817              		@ link register save eliminated.
 543:Drivers/STM32F4xx_HAL_Driver/Src/stm32f4xx_hal_pwr.c ****   /* Set SLEEPONEXIT bit of Cortex System Control Register */
 544:Drivers/STM32F4xx_HAL_Driver/Src/stm32f4xx_hal_pwr.c ****   SET_BIT(SCB->SCR, ((uint32_t)SCB_SCR_SLEEPONEXIT_Msk));
 818              		.loc 1 544 3 view .LVU141
 819 0000 024A     		ldr	r2, .L77
 820 0002 1369     		ldr	r3, [r2, #16]
 821 0004 43F00203 		orr	r3, r3, #2
 822 0008 1361     		str	r3, [r2, #16]
ARM GAS  C:\Users\guoch\AppData\Local\Temp\cczcpGjr.s 			page 25


 545:Drivers/STM32F4xx_HAL_Driver/Src/stm32f4xx_hal_pwr.c **** }
 823              		.loc 1 545 1 is_stmt 0 view .LVU142
 824 000a 7047     		bx	lr
 825              	.L78:
 826              		.align	2
 827              	.L77:
 828 000c 00ED00E0 		.word	-536810240
 829              		.cfi_endproc
 830              	.LFE147:
 832              		.section	.text.HAL_PWR_DisableSleepOnExit,"ax",%progbits
 833              		.align	1
 834              		.global	HAL_PWR_DisableSleepOnExit
 835              		.syntax unified
 836              		.thumb
 837              		.thumb_func
 839              	HAL_PWR_DisableSleepOnExit:
 840              	.LFB148:
 546:Drivers/STM32F4xx_HAL_Driver/Src/stm32f4xx_hal_pwr.c **** 
 547:Drivers/STM32F4xx_HAL_Driver/Src/stm32f4xx_hal_pwr.c **** /**
 548:Drivers/STM32F4xx_HAL_Driver/Src/stm32f4xx_hal_pwr.c ****   * @brief Disables Sleep-On-Exit feature when returning from Handler mode to Thread mode. 
 549:Drivers/STM32F4xx_HAL_Driver/Src/stm32f4xx_hal_pwr.c ****   * @note Clears SLEEPONEXIT bit of SCR register. When this bit is set, the processor 
 550:Drivers/STM32F4xx_HAL_Driver/Src/stm32f4xx_hal_pwr.c ****   *       re-enters SLEEP mode when an interruption handling is over.          
 551:Drivers/STM32F4xx_HAL_Driver/Src/stm32f4xx_hal_pwr.c ****   * @retval None
 552:Drivers/STM32F4xx_HAL_Driver/Src/stm32f4xx_hal_pwr.c ****   */
 553:Drivers/STM32F4xx_HAL_Driver/Src/stm32f4xx_hal_pwr.c **** void HAL_PWR_DisableSleepOnExit(void)
 554:Drivers/STM32F4xx_HAL_Driver/Src/stm32f4xx_hal_pwr.c **** {
 841              		.loc 1 554 1 is_stmt 1 view -0
 842              		.cfi_startproc
 843              		@ args = 0, pretend = 0, frame = 0
 844              		@ frame_needed = 0, uses_anonymous_args = 0
 845              		@ link register save eliminated.
 555:Drivers/STM32F4xx_HAL_Driver/Src/stm32f4xx_hal_pwr.c ****   /* Clear SLEEPONEXIT bit of Cortex System Control Register */
 556:Drivers/STM32F4xx_HAL_Driver/Src/stm32f4xx_hal_pwr.c ****   CLEAR_BIT(SCB->SCR, ((uint32_t)SCB_SCR_SLEEPONEXIT_Msk));
 846              		.loc 1 556 3 view .LVU144
 847 0000 024A     		ldr	r2, .L80
 848 0002 1369     		ldr	r3, [r2, #16]
 849 0004 23F00203 		bic	r3, r3, #2
 850 0008 1361     		str	r3, [r2, #16]
 557:Drivers/STM32F4xx_HAL_Driver/Src/stm32f4xx_hal_pwr.c **** }
 851              		.loc 1 557 1 is_stmt 0 view .LVU145
 852 000a 7047     		bx	lr
 853              	.L81:
 854              		.align	2
 855              	.L80:
 856 000c 00ED00E0 		.word	-536810240
 857              		.cfi_endproc
 858              	.LFE148:
 860              		.section	.text.HAL_PWR_EnableSEVOnPend,"ax",%progbits
 861              		.align	1
 862              		.global	HAL_PWR_EnableSEVOnPend
 863              		.syntax unified
 864              		.thumb
 865              		.thumb_func
 867              	HAL_PWR_EnableSEVOnPend:
 868              	.LFB149:
 558:Drivers/STM32F4xx_HAL_Driver/Src/stm32f4xx_hal_pwr.c **** 
 559:Drivers/STM32F4xx_HAL_Driver/Src/stm32f4xx_hal_pwr.c **** /**
ARM GAS  C:\Users\guoch\AppData\Local\Temp\cczcpGjr.s 			page 26


 560:Drivers/STM32F4xx_HAL_Driver/Src/stm32f4xx_hal_pwr.c ****   * @brief Enables CORTEX M4 SEVONPEND bit. 
 561:Drivers/STM32F4xx_HAL_Driver/Src/stm32f4xx_hal_pwr.c ****   * @note Sets SEVONPEND bit of SCR register. When this bit is set, this causes 
 562:Drivers/STM32F4xx_HAL_Driver/Src/stm32f4xx_hal_pwr.c ****   *       WFE to wake up when an interrupt moves from inactive to pended.
 563:Drivers/STM32F4xx_HAL_Driver/Src/stm32f4xx_hal_pwr.c ****   * @retval None
 564:Drivers/STM32F4xx_HAL_Driver/Src/stm32f4xx_hal_pwr.c ****   */
 565:Drivers/STM32F4xx_HAL_Driver/Src/stm32f4xx_hal_pwr.c **** void HAL_PWR_EnableSEVOnPend(void)
 566:Drivers/STM32F4xx_HAL_Driver/Src/stm32f4xx_hal_pwr.c **** {
 869              		.loc 1 566 1 is_stmt 1 view -0
 870              		.cfi_startproc
 871              		@ args = 0, pretend = 0, frame = 0
 872              		@ frame_needed = 0, uses_anonymous_args = 0
 873              		@ link register save eliminated.
 567:Drivers/STM32F4xx_HAL_Driver/Src/stm32f4xx_hal_pwr.c ****   /* Set SEVONPEND bit of Cortex System Control Register */
 568:Drivers/STM32F4xx_HAL_Driver/Src/stm32f4xx_hal_pwr.c ****   SET_BIT(SCB->SCR, ((uint32_t)SCB_SCR_SEVONPEND_Msk));
 874              		.loc 1 568 3 view .LVU147
 875 0000 024A     		ldr	r2, .L83
 876 0002 1369     		ldr	r3, [r2, #16]
 877 0004 43F01003 		orr	r3, r3, #16
 878 0008 1361     		str	r3, [r2, #16]
 569:Drivers/STM32F4xx_HAL_Driver/Src/stm32f4xx_hal_pwr.c **** }
 879              		.loc 1 569 1 is_stmt 0 view .LVU148
 880 000a 7047     		bx	lr
 881              	.L84:
 882              		.align	2
 883              	.L83:
 884 000c 00ED00E0 		.word	-536810240
 885              		.cfi_endproc
 886              	.LFE149:
 888              		.section	.text.HAL_PWR_DisableSEVOnPend,"ax",%progbits
 889              		.align	1
 890              		.global	HAL_PWR_DisableSEVOnPend
 891              		.syntax unified
 892              		.thumb
 893              		.thumb_func
 895              	HAL_PWR_DisableSEVOnPend:
 896              	.LFB150:
 570:Drivers/STM32F4xx_HAL_Driver/Src/stm32f4xx_hal_pwr.c **** 
 571:Drivers/STM32F4xx_HAL_Driver/Src/stm32f4xx_hal_pwr.c **** /**
 572:Drivers/STM32F4xx_HAL_Driver/Src/stm32f4xx_hal_pwr.c ****   * @brief Disables CORTEX M4 SEVONPEND bit. 
 573:Drivers/STM32F4xx_HAL_Driver/Src/stm32f4xx_hal_pwr.c ****   * @note Clears SEVONPEND bit of SCR register. When this bit is set, this causes 
 574:Drivers/STM32F4xx_HAL_Driver/Src/stm32f4xx_hal_pwr.c ****   *       WFE to wake up when an interrupt moves from inactive to pended.         
 575:Drivers/STM32F4xx_HAL_Driver/Src/stm32f4xx_hal_pwr.c ****   * @retval None
 576:Drivers/STM32F4xx_HAL_Driver/Src/stm32f4xx_hal_pwr.c ****   */
 577:Drivers/STM32F4xx_HAL_Driver/Src/stm32f4xx_hal_pwr.c **** void HAL_PWR_DisableSEVOnPend(void)
 578:Drivers/STM32F4xx_HAL_Driver/Src/stm32f4xx_hal_pwr.c **** {
 897              		.loc 1 578 1 is_stmt 1 view -0
 898              		.cfi_startproc
 899              		@ args = 0, pretend = 0, frame = 0
 900              		@ frame_needed = 0, uses_anonymous_args = 0
 901              		@ link register save eliminated.
 579:Drivers/STM32F4xx_HAL_Driver/Src/stm32f4xx_hal_pwr.c ****   /* Clear SEVONPEND bit of Cortex System Control Register */
 580:Drivers/STM32F4xx_HAL_Driver/Src/stm32f4xx_hal_pwr.c ****   CLEAR_BIT(SCB->SCR, ((uint32_t)SCB_SCR_SEVONPEND_Msk));
 902              		.loc 1 580 3 view .LVU150
 903 0000 024A     		ldr	r2, .L86
 904 0002 1369     		ldr	r3, [r2, #16]
 905 0004 23F01003 		bic	r3, r3, #16
 906 0008 1361     		str	r3, [r2, #16]
ARM GAS  C:\Users\guoch\AppData\Local\Temp\cczcpGjr.s 			page 27


 581:Drivers/STM32F4xx_HAL_Driver/Src/stm32f4xx_hal_pwr.c **** }
 907              		.loc 1 581 1 is_stmt 0 view .LVU151
 908 000a 7047     		bx	lr
 909              	.L87:
 910              		.align	2
 911              	.L86:
 912 000c 00ED00E0 		.word	-536810240
 913              		.cfi_endproc
 914              	.LFE150:
 916              		.text
 917              	.Letext0:
 918              		.file 2 "d:\\software\\stm32-for-vscode-tool\\gcc-arm-none-eabi-10.3-2021.10\\arm-none-eabi\\inclu
 919              		.file 3 "d:\\software\\stm32-for-vscode-tool\\gcc-arm-none-eabi-10.3-2021.10\\arm-none-eabi\\inclu
 920              		.file 4 "Drivers/CMSIS/Include/core_cm4.h"
 921              		.file 5 "Drivers/CMSIS/Device/ST/STM32F4xx/Include/stm32f407xx.h"
 922              		.file 6 "Drivers/CMSIS/Device/ST/STM32F4xx/Include/stm32f4xx.h"
 923              		.file 7 "Drivers/STM32F4xx_HAL_Driver/Inc/stm32f4xx_hal_pwr.h"
 924              		.file 8 "Core/Inc/stm32f4xx_hal_conf.h"
ARM GAS  C:\Users\guoch\AppData\Local\Temp\cczcpGjr.s 			page 28


DEFINED SYMBOLS
                            *ABS*:00000000 stm32f4xx_hal_pwr.c
C:\Users\guoch\AppData\Local\Temp\cczcpGjr.s:20     .text.HAL_PWR_DeInit:00000000 $t
C:\Users\guoch\AppData\Local\Temp\cczcpGjr.s:26     .text.HAL_PWR_DeInit:00000000 HAL_PWR_DeInit
C:\Users\guoch\AppData\Local\Temp\cczcpGjr.s:48     .text.HAL_PWR_DeInit:00000014 $d
C:\Users\guoch\AppData\Local\Temp\cczcpGjr.s:53     .text.HAL_PWR_EnableBkUpAccess:00000000 $t
C:\Users\guoch\AppData\Local\Temp\cczcpGjr.s:59     .text.HAL_PWR_EnableBkUpAccess:00000000 HAL_PWR_EnableBkUpAccess
C:\Users\guoch\AppData\Local\Temp\cczcpGjr.s:92     .text.HAL_PWR_EnableBkUpAccess:00000014 $d
C:\Users\guoch\AppData\Local\Temp\cczcpGjr.s:98     .text.HAL_PWR_DisableBkUpAccess:00000000 $t
C:\Users\guoch\AppData\Local\Temp\cczcpGjr.s:104    .text.HAL_PWR_DisableBkUpAccess:00000000 HAL_PWR_DisableBkUpAccess
C:\Users\guoch\AppData\Local\Temp\cczcpGjr.s:137    .text.HAL_PWR_DisableBkUpAccess:00000014 $d
C:\Users\guoch\AppData\Local\Temp\cczcpGjr.s:143    .rodata.HAL_PWR_ConfigPVD.str1.4:00000000 $d
C:\Users\guoch\AppData\Local\Temp\cczcpGjr.s:148    .text.HAL_PWR_ConfigPVD:00000000 $t
C:\Users\guoch\AppData\Local\Temp\cczcpGjr.s:154    .text.HAL_PWR_ConfigPVD:00000000 HAL_PWR_ConfigPVD
C:\Users\guoch\AppData\Local\Temp\cczcpGjr.s:308    .text.HAL_PWR_ConfigPVD:000000d8 $d
C:\Users\guoch\AppData\Local\Temp\cczcpGjr.s:316    .text.HAL_PWR_EnablePVD:00000000 $t
C:\Users\guoch\AppData\Local\Temp\cczcpGjr.s:322    .text.HAL_PWR_EnablePVD:00000000 HAL_PWR_EnablePVD
C:\Users\guoch\AppData\Local\Temp\cczcpGjr.s:339    .text.HAL_PWR_EnablePVD:00000008 $d
C:\Users\guoch\AppData\Local\Temp\cczcpGjr.s:344    .text.HAL_PWR_DisablePVD:00000000 $t
C:\Users\guoch\AppData\Local\Temp\cczcpGjr.s:350    .text.HAL_PWR_DisablePVD:00000000 HAL_PWR_DisablePVD
C:\Users\guoch\AppData\Local\Temp\cczcpGjr.s:367    .text.HAL_PWR_DisablePVD:00000008 $d
C:\Users\guoch\AppData\Local\Temp\cczcpGjr.s:372    .text.HAL_PWR_EnableWakeUpPin:00000000 $t
C:\Users\guoch\AppData\Local\Temp\cczcpGjr.s:378    .text.HAL_PWR_EnableWakeUpPin:00000000 HAL_PWR_EnableWakeUpPin
C:\Users\guoch\AppData\Local\Temp\cczcpGjr.s:419    .text.HAL_PWR_EnableWakeUpPin:00000020 $d
C:\Users\guoch\AppData\Local\Temp\cczcpGjr.s:425    .text.HAL_PWR_DisableWakeUpPin:00000000 $t
C:\Users\guoch\AppData\Local\Temp\cczcpGjr.s:431    .text.HAL_PWR_DisableWakeUpPin:00000000 HAL_PWR_DisableWakeUpPin
C:\Users\guoch\AppData\Local\Temp\cczcpGjr.s:472    .text.HAL_PWR_DisableWakeUpPin:00000024 $d
C:\Users\guoch\AppData\Local\Temp\cczcpGjr.s:478    .text.HAL_PWR_EnterSLEEPMode:00000000 $t
C:\Users\guoch\AppData\Local\Temp\cczcpGjr.s:484    .text.HAL_PWR_EnterSLEEPMode:00000000 HAL_PWR_EnterSLEEPMode
C:\Users\guoch\AppData\Local\Temp\cczcpGjr.s:576    .text.HAL_PWR_EnterSLEEPMode:00000048 $d
C:\Users\guoch\AppData\Local\Temp\cczcpGjr.s:582    .text.HAL_PWR_EnterSTOPMode:00000000 $t
C:\Users\guoch\AppData\Local\Temp\cczcpGjr.s:588    .text.HAL_PWR_EnterSTOPMode:00000000 HAL_PWR_EnterSTOPMode
C:\Users\guoch\AppData\Local\Temp\cczcpGjr.s:693    .text.HAL_PWR_EnterSTOPMode:00000060 $d
C:\Users\guoch\AppData\Local\Temp\cczcpGjr.s:700    .text.HAL_PWR_EnterSTANDBYMode:00000000 $t
C:\Users\guoch\AppData\Local\Temp\cczcpGjr.s:706    .text.HAL_PWR_EnterSTANDBYMode:00000000 HAL_PWR_EnterSTANDBYMode
C:\Users\guoch\AppData\Local\Temp\cczcpGjr.s:735    .text.HAL_PWR_EnterSTANDBYMode:00000018 $d
C:\Users\guoch\AppData\Local\Temp\cczcpGjr.s:741    .text.HAL_PWR_PVDCallback:00000000 $t
C:\Users\guoch\AppData\Local\Temp\cczcpGjr.s:747    .text.HAL_PWR_PVDCallback:00000000 HAL_PWR_PVDCallback
C:\Users\guoch\AppData\Local\Temp\cczcpGjr.s:760    .text.HAL_PWR_PVD_IRQHandler:00000000 $t
C:\Users\guoch\AppData\Local\Temp\cczcpGjr.s:766    .text.HAL_PWR_PVD_IRQHandler:00000000 HAL_PWR_PVD_IRQHandler
C:\Users\guoch\AppData\Local\Temp\cczcpGjr.s:800    .text.HAL_PWR_PVD_IRQHandler:0000001c $d
C:\Users\guoch\AppData\Local\Temp\cczcpGjr.s:805    .text.HAL_PWR_EnableSleepOnExit:00000000 $t
C:\Users\guoch\AppData\Local\Temp\cczcpGjr.s:811    .text.HAL_PWR_EnableSleepOnExit:00000000 HAL_PWR_EnableSleepOnExit
C:\Users\guoch\AppData\Local\Temp\cczcpGjr.s:828    .text.HAL_PWR_EnableSleepOnExit:0000000c $d
C:\Users\guoch\AppData\Local\Temp\cczcpGjr.s:833    .text.HAL_PWR_DisableSleepOnExit:00000000 $t
C:\Users\guoch\AppData\Local\Temp\cczcpGjr.s:839    .text.HAL_PWR_DisableSleepOnExit:00000000 HAL_PWR_DisableSleepOnExit
C:\Users\guoch\AppData\Local\Temp\cczcpGjr.s:856    .text.HAL_PWR_DisableSleepOnExit:0000000c $d
C:\Users\guoch\AppData\Local\Temp\cczcpGjr.s:861    .text.HAL_PWR_EnableSEVOnPend:00000000 $t
C:\Users\guoch\AppData\Local\Temp\cczcpGjr.s:867    .text.HAL_PWR_EnableSEVOnPend:00000000 HAL_PWR_EnableSEVOnPend
C:\Users\guoch\AppData\Local\Temp\cczcpGjr.s:884    .text.HAL_PWR_EnableSEVOnPend:0000000c $d
C:\Users\guoch\AppData\Local\Temp\cczcpGjr.s:889    .text.HAL_PWR_DisableSEVOnPend:00000000 $t
C:\Users\guoch\AppData\Local\Temp\cczcpGjr.s:895    .text.HAL_PWR_DisableSEVOnPend:00000000 HAL_PWR_DisableSEVOnPend
C:\Users\guoch\AppData\Local\Temp\cczcpGjr.s:912    .text.HAL_PWR_DisableSEVOnPend:0000000c $d

UNDEFINED SYMBOLS
assert_failed
