ARM GAS  D:\software\msy64\tmp\ccMXFZVh.s 			page 1


   1              		.cpu cortex-m4
   2              		.arch armv7e-m
   3              		.fpu fpv4-sp-d16
   4              		.eabi_attribute 27, 1
   5              		.eabi_attribute 28, 1
   6              		.eabi_attribute 20, 1
   7              		.eabi_attribute 21, 1
   8              		.eabi_attribute 23, 3
   9              		.eabi_attribute 24, 1
  10              		.eabi_attribute 25, 1
  11              		.eabi_attribute 26, 1
  12              		.eabi_attribute 30, 1
  13              		.eabi_attribute 34, 1
  14              		.eabi_attribute 18, 4
  15              		.file	"tim.c"
  16              		.text
  17              	.Ltext0:
  18              		.cfi_sections	.debug_frame
  19              		.file 1 "Core/Src/tim.c"
  20              		.section	.text.MX_TIM6_Init,"ax",%progbits
  21              		.align	1
  22              		.global	MX_TIM6_Init
  23              		.syntax unified
  24              		.thumb
  25              		.thumb_func
  27              	MX_TIM6_Init:
  28              	.LFB139:
   1:Core/Src/tim.c **** /* USER CODE BEGIN Header */
   2:Core/Src/tim.c **** /**
   3:Core/Src/tim.c ****   ******************************************************************************
   4:Core/Src/tim.c ****   * @file    tim.c
   5:Core/Src/tim.c ****   * @brief   This file provides code for the configuration
   6:Core/Src/tim.c ****   *          of the TIM instances.
   7:Core/Src/tim.c ****   ******************************************************************************
   8:Core/Src/tim.c ****   * @attention
   9:Core/Src/tim.c ****   *
  10:Core/Src/tim.c ****   * Copyright (c) 2025 STMicroelectronics.
  11:Core/Src/tim.c ****   * All rights reserved.
  12:Core/Src/tim.c ****   *
  13:Core/Src/tim.c ****   * This software is licensed under terms that can be found in the LICENSE file
  14:Core/Src/tim.c ****   * in the root directory of this software component.
  15:Core/Src/tim.c ****   * If no LICENSE file comes with this software, it is provided AS-IS.
  16:Core/Src/tim.c ****   *
  17:Core/Src/tim.c ****   ******************************************************************************
  18:Core/Src/tim.c ****   */
  19:Core/Src/tim.c **** /* USER CODE END Header */
  20:Core/Src/tim.c **** /* Includes ------------------------------------------------------------------*/
  21:Core/Src/tim.c **** #include "tim.h"
  22:Core/Src/tim.c **** 
  23:Core/Src/tim.c **** /* USER CODE BEGIN 0 */
  24:Core/Src/tim.c **** 
  25:Core/Src/tim.c **** /* USER CODE END 0 */
  26:Core/Src/tim.c **** 
  27:Core/Src/tim.c **** TIM_HandleTypeDef htim1;
  28:Core/Src/tim.c **** TIM_HandleTypeDef htim2;
  29:Core/Src/tim.c **** TIM_HandleTypeDef htim3;
  30:Core/Src/tim.c **** TIM_HandleTypeDef htim4;
ARM GAS  D:\software\msy64\tmp\ccMXFZVh.s 			page 2


  31:Core/Src/tim.c **** TIM_HandleTypeDef htim5;
  32:Core/Src/tim.c **** TIM_HandleTypeDef htim6;
  33:Core/Src/tim.c **** 
  34:Core/Src/tim.c **** /* TIM1 init function */
  35:Core/Src/tim.c **** void MX_TIM1_Init(void)
  36:Core/Src/tim.c **** {
  37:Core/Src/tim.c **** 
  38:Core/Src/tim.c ****   /* USER CODE BEGIN TIM1_Init 0 */
  39:Core/Src/tim.c **** 
  40:Core/Src/tim.c ****   /* USER CODE END TIM1_Init 0 */
  41:Core/Src/tim.c **** 
  42:Core/Src/tim.c ****   TIM_ClockConfigTypeDef sClockSourceConfig = {0};
  43:Core/Src/tim.c ****   TIM_MasterConfigTypeDef sMasterConfig = {0};
  44:Core/Src/tim.c ****   TIM_OC_InitTypeDef sConfigOC = {0};
  45:Core/Src/tim.c ****   TIM_BreakDeadTimeConfigTypeDef sBreakDeadTimeConfig = {0};
  46:Core/Src/tim.c **** 
  47:Core/Src/tim.c ****   /* USER CODE BEGIN TIM1_Init 1 */
  48:Core/Src/tim.c **** 
  49:Core/Src/tim.c ****   /* USER CODE END TIM1_Init 1 */
  50:Core/Src/tim.c ****   htim1.Instance = TIM1;
  51:Core/Src/tim.c ****   htim1.Init.Prescaler = 300-1;
  52:Core/Src/tim.c ****   htim1.Init.CounterMode = TIM_COUNTERMODE_UP;
  53:Core/Src/tim.c ****   htim1.Init.Period = 7200-1;
  54:Core/Src/tim.c ****   htim1.Init.ClockDivision = TIM_CLOCKDIVISION_DIV1;
  55:Core/Src/tim.c ****   htim1.Init.RepetitionCounter = 0;
  56:Core/Src/tim.c ****   htim1.Init.AutoReloadPreload = TIM_AUTORELOAD_PRELOAD_DISABLE;
  57:Core/Src/tim.c ****   if (HAL_TIM_Base_Init(&htim1) != HAL_OK)
  58:Core/Src/tim.c ****   {
  59:Core/Src/tim.c ****     Error_Handler();
  60:Core/Src/tim.c ****   }
  61:Core/Src/tim.c ****   sClockSourceConfig.ClockSource = TIM_CLOCKSOURCE_INTERNAL;
  62:Core/Src/tim.c ****   if (HAL_TIM_ConfigClockSource(&htim1, &sClockSourceConfig) != HAL_OK)
  63:Core/Src/tim.c ****   {
  64:Core/Src/tim.c ****     Error_Handler();
  65:Core/Src/tim.c ****   }
  66:Core/Src/tim.c ****   if (HAL_TIM_PWM_Init(&htim1) != HAL_OK)
  67:Core/Src/tim.c ****   {
  68:Core/Src/tim.c ****     Error_Handler();
  69:Core/Src/tim.c ****   }
  70:Core/Src/tim.c ****   sMasterConfig.MasterOutputTrigger = TIM_TRGO_RESET;
  71:Core/Src/tim.c ****   sMasterConfig.MasterSlaveMode = TIM_MASTERSLAVEMODE_DISABLE;
  72:Core/Src/tim.c ****   if (HAL_TIMEx_MasterConfigSynchronization(&htim1, &sMasterConfig) != HAL_OK)
  73:Core/Src/tim.c ****   {
  74:Core/Src/tim.c ****     Error_Handler();
  75:Core/Src/tim.c ****   }
  76:Core/Src/tim.c ****   sConfigOC.OCMode = TIM_OCMODE_PWM1;
  77:Core/Src/tim.c ****   sConfigOC.Pulse = 3600-1;
  78:Core/Src/tim.c ****   sConfigOC.OCPolarity = TIM_OCPOLARITY_HIGH;
  79:Core/Src/tim.c ****   sConfigOC.OCNPolarity = TIM_OCNPOLARITY_HIGH;
  80:Core/Src/tim.c ****   sConfigOC.OCFastMode = TIM_OCFAST_DISABLE;
  81:Core/Src/tim.c ****   sConfigOC.OCIdleState = TIM_OCIDLESTATE_RESET;
  82:Core/Src/tim.c ****   sConfigOC.OCNIdleState = TIM_OCNIDLESTATE_RESET;
  83:Core/Src/tim.c ****   if (HAL_TIM_PWM_ConfigChannel(&htim1, &sConfigOC, TIM_CHANNEL_1) != HAL_OK)
  84:Core/Src/tim.c ****   {
  85:Core/Src/tim.c ****     Error_Handler();
  86:Core/Src/tim.c ****   }
  87:Core/Src/tim.c ****   sBreakDeadTimeConfig.OffStateRunMode = TIM_OSSR_DISABLE;
ARM GAS  D:\software\msy64\tmp\ccMXFZVh.s 			page 3


  88:Core/Src/tim.c ****   sBreakDeadTimeConfig.OffStateIDLEMode = TIM_OSSI_DISABLE;
  89:Core/Src/tim.c ****   sBreakDeadTimeConfig.LockLevel = TIM_LOCKLEVEL_OFF;
  90:Core/Src/tim.c ****   sBreakDeadTimeConfig.DeadTime = 0;
  91:Core/Src/tim.c ****   sBreakDeadTimeConfig.BreakState = TIM_BREAK_DISABLE;
  92:Core/Src/tim.c ****   sBreakDeadTimeConfig.BreakPolarity = TIM_BREAKPOLARITY_HIGH;
  93:Core/Src/tim.c ****   sBreakDeadTimeConfig.AutomaticOutput = TIM_AUTOMATICOUTPUT_DISABLE;
  94:Core/Src/tim.c ****   if (HAL_TIMEx_ConfigBreakDeadTime(&htim1, &sBreakDeadTimeConfig) != HAL_OK)
  95:Core/Src/tim.c ****   {
  96:Core/Src/tim.c ****     Error_Handler();
  97:Core/Src/tim.c ****   }
  98:Core/Src/tim.c ****   /* USER CODE BEGIN TIM1_Init 2 */
  99:Core/Src/tim.c **** 
 100:Core/Src/tim.c ****   /* USER CODE END TIM1_Init 2 */
 101:Core/Src/tim.c ****   HAL_TIM_MspPostInit(&htim1);
 102:Core/Src/tim.c **** 
 103:Core/Src/tim.c **** }
 104:Core/Src/tim.c **** /* TIM2 init function */
 105:Core/Src/tim.c **** void MX_TIM2_Init(void)
 106:Core/Src/tim.c **** {
 107:Core/Src/tim.c **** 
 108:Core/Src/tim.c ****   /* USER CODE BEGIN TIM2_Init 0 */
 109:Core/Src/tim.c **** 
 110:Core/Src/tim.c ****   /* USER CODE END TIM2_Init 0 */
 111:Core/Src/tim.c **** 
 112:Core/Src/tim.c ****   TIM_ClockConfigTypeDef sClockSourceConfig = {0};
 113:Core/Src/tim.c ****   TIM_MasterConfigTypeDef sMasterConfig = {0};
 114:Core/Src/tim.c ****   TIM_OC_InitTypeDef sConfigOC = {0};
 115:Core/Src/tim.c **** 
 116:Core/Src/tim.c ****   /* USER CODE BEGIN TIM2_Init 1 */
 117:Core/Src/tim.c **** 
 118:Core/Src/tim.c ****   /* USER CODE END TIM2_Init 1 */
 119:Core/Src/tim.c ****   htim2.Instance = TIM2;
 120:Core/Src/tim.c ****   htim2.Init.Prescaler = 300-1;
 121:Core/Src/tim.c ****   htim2.Init.CounterMode = TIM_COUNTERMODE_UP;
 122:Core/Src/tim.c ****   htim2.Init.Period = 7200-1;
 123:Core/Src/tim.c ****   htim2.Init.ClockDivision = TIM_CLOCKDIVISION_DIV1;
 124:Core/Src/tim.c ****   htim2.Init.AutoReloadPreload = TIM_AUTORELOAD_PRELOAD_DISABLE;
 125:Core/Src/tim.c ****   if (HAL_TIM_Base_Init(&htim2) != HAL_OK)
 126:Core/Src/tim.c ****   {
 127:Core/Src/tim.c ****     Error_Handler();
 128:Core/Src/tim.c ****   }
 129:Core/Src/tim.c ****   sClockSourceConfig.ClockSource = TIM_CLOCKSOURCE_INTERNAL;
 130:Core/Src/tim.c ****   if (HAL_TIM_ConfigClockSource(&htim2, &sClockSourceConfig) != HAL_OK)
 131:Core/Src/tim.c ****   {
 132:Core/Src/tim.c ****     Error_Handler();
 133:Core/Src/tim.c ****   }
 134:Core/Src/tim.c ****   if (HAL_TIM_PWM_Init(&htim2) != HAL_OK)
 135:Core/Src/tim.c ****   {
 136:Core/Src/tim.c ****     Error_Handler();
 137:Core/Src/tim.c ****   }
 138:Core/Src/tim.c ****   sMasterConfig.MasterOutputTrigger = TIM_TRGO_RESET;
 139:Core/Src/tim.c ****   sMasterConfig.MasterSlaveMode = TIM_MASTERSLAVEMODE_DISABLE;
 140:Core/Src/tim.c ****   if (HAL_TIMEx_MasterConfigSynchronization(&htim2, &sMasterConfig) != HAL_OK)
 141:Core/Src/tim.c ****   {
 142:Core/Src/tim.c ****     Error_Handler();
 143:Core/Src/tim.c ****   }
 144:Core/Src/tim.c ****   sConfigOC.OCMode = TIM_OCMODE_PWM1;
ARM GAS  D:\software\msy64\tmp\ccMXFZVh.s 			page 4


 145:Core/Src/tim.c ****   sConfigOC.Pulse = 3600-1;
 146:Core/Src/tim.c ****   sConfigOC.OCPolarity = TIM_OCPOLARITY_HIGH;
 147:Core/Src/tim.c ****   sConfigOC.OCFastMode = TIM_OCFAST_DISABLE;
 148:Core/Src/tim.c ****   if (HAL_TIM_PWM_ConfigChannel(&htim2, &sConfigOC, TIM_CHANNEL_1) != HAL_OK)
 149:Core/Src/tim.c ****   {
 150:Core/Src/tim.c ****     Error_Handler();
 151:Core/Src/tim.c ****   }
 152:Core/Src/tim.c ****   /* USER CODE BEGIN TIM2_Init 2 */
 153:Core/Src/tim.c **** 
 154:Core/Src/tim.c ****   /* USER CODE END TIM2_Init 2 */
 155:Core/Src/tim.c ****   HAL_TIM_MspPostInit(&htim2);
 156:Core/Src/tim.c **** 
 157:Core/Src/tim.c **** }
 158:Core/Src/tim.c **** /* TIM3 init function */
 159:Core/Src/tim.c **** void MX_TIM3_Init(void)
 160:Core/Src/tim.c **** {
 161:Core/Src/tim.c **** 
 162:Core/Src/tim.c ****   /* USER CODE BEGIN TIM3_Init 0 */
 163:Core/Src/tim.c **** 
 164:Core/Src/tim.c ****   /* USER CODE END TIM3_Init 0 */
 165:Core/Src/tim.c **** 
 166:Core/Src/tim.c ****   TIM_ClockConfigTypeDef sClockSourceConfig = {0};
 167:Core/Src/tim.c ****   TIM_MasterConfigTypeDef sMasterConfig = {0};
 168:Core/Src/tim.c ****   TIM_OC_InitTypeDef sConfigOC = {0};
 169:Core/Src/tim.c **** 
 170:Core/Src/tim.c ****   /* USER CODE BEGIN TIM3_Init 1 */
 171:Core/Src/tim.c **** 
 172:Core/Src/tim.c ****   /* USER CODE END TIM3_Init 1 */
 173:Core/Src/tim.c ****   htim3.Instance = TIM3;
 174:Core/Src/tim.c ****   htim3.Init.Prescaler = 300-1;
 175:Core/Src/tim.c ****   htim3.Init.CounterMode = TIM_COUNTERMODE_UP;
 176:Core/Src/tim.c ****   htim3.Init.Period = 7200-1;
 177:Core/Src/tim.c ****   htim3.Init.ClockDivision = TIM_CLOCKDIVISION_DIV1;
 178:Core/Src/tim.c ****   htim3.Init.AutoReloadPreload = TIM_AUTORELOAD_PRELOAD_DISABLE;
 179:Core/Src/tim.c ****   if (HAL_TIM_Base_Init(&htim3) != HAL_OK)
 180:Core/Src/tim.c ****   {
 181:Core/Src/tim.c ****     Error_Handler();
 182:Core/Src/tim.c ****   }
 183:Core/Src/tim.c ****   sClockSourceConfig.ClockSource = TIM_CLOCKSOURCE_INTERNAL;
 184:Core/Src/tim.c ****   if (HAL_TIM_ConfigClockSource(&htim3, &sClockSourceConfig) != HAL_OK)
 185:Core/Src/tim.c ****   {
 186:Core/Src/tim.c ****     Error_Handler();
 187:Core/Src/tim.c ****   }
 188:Core/Src/tim.c ****   if (HAL_TIM_PWM_Init(&htim3) != HAL_OK)
 189:Core/Src/tim.c ****   {
 190:Core/Src/tim.c ****     Error_Handler();
 191:Core/Src/tim.c ****   }
 192:Core/Src/tim.c ****   sMasterConfig.MasterOutputTrigger = TIM_TRGO_RESET;
 193:Core/Src/tim.c ****   sMasterConfig.MasterSlaveMode = TIM_MASTERSLAVEMODE_DISABLE;
 194:Core/Src/tim.c ****   if (HAL_TIMEx_MasterConfigSynchronization(&htim3, &sMasterConfig) != HAL_OK)
 195:Core/Src/tim.c ****   {
 196:Core/Src/tim.c ****     Error_Handler();
 197:Core/Src/tim.c ****   }
 198:Core/Src/tim.c ****   sConfigOC.OCMode = TIM_OCMODE_PWM1;
 199:Core/Src/tim.c ****   sConfigOC.Pulse = 3600-1;
 200:Core/Src/tim.c ****   sConfigOC.OCPolarity = TIM_OCPOLARITY_HIGH;
 201:Core/Src/tim.c ****   sConfigOC.OCFastMode = TIM_OCFAST_DISABLE;
ARM GAS  D:\software\msy64\tmp\ccMXFZVh.s 			page 5


 202:Core/Src/tim.c ****   if (HAL_TIM_PWM_ConfigChannel(&htim3, &sConfigOC, TIM_CHANNEL_1) != HAL_OK)
 203:Core/Src/tim.c ****   {
 204:Core/Src/tim.c ****     Error_Handler();
 205:Core/Src/tim.c ****   }
 206:Core/Src/tim.c ****   /* USER CODE BEGIN TIM3_Init 2 */
 207:Core/Src/tim.c **** 
 208:Core/Src/tim.c ****   /* USER CODE END TIM3_Init 2 */
 209:Core/Src/tim.c ****   HAL_TIM_MspPostInit(&htim3);
 210:Core/Src/tim.c **** 
 211:Core/Src/tim.c **** }
 212:Core/Src/tim.c **** /* TIM4 init function */
 213:Core/Src/tim.c **** void MX_TIM4_Init(void)
 214:Core/Src/tim.c **** {
 215:Core/Src/tim.c **** 
 216:Core/Src/tim.c ****   /* USER CODE BEGIN TIM4_Init 0 */
 217:Core/Src/tim.c **** 
 218:Core/Src/tim.c ****   /* USER CODE END TIM4_Init 0 */
 219:Core/Src/tim.c **** 
 220:Core/Src/tim.c ****   TIM_ClockConfigTypeDef sClockSourceConfig = {0};
 221:Core/Src/tim.c ****   TIM_MasterConfigTypeDef sMasterConfig = {0};
 222:Core/Src/tim.c ****   TIM_OC_InitTypeDef sConfigOC = {0};
 223:Core/Src/tim.c **** 
 224:Core/Src/tim.c ****   /* USER CODE BEGIN TIM4_Init 1 */
 225:Core/Src/tim.c **** 
 226:Core/Src/tim.c ****   /* USER CODE END TIM4_Init 1 */
 227:Core/Src/tim.c ****   htim4.Instance = TIM4;
 228:Core/Src/tim.c ****   htim4.Init.Prescaler = 300-1;
 229:Core/Src/tim.c ****   htim4.Init.CounterMode = TIM_COUNTERMODE_UP;
 230:Core/Src/tim.c ****   htim4.Init.Period = 7200-1;
 231:Core/Src/tim.c ****   htim4.Init.ClockDivision = TIM_CLOCKDIVISION_DIV1;
 232:Core/Src/tim.c ****   htim4.Init.AutoReloadPreload = TIM_AUTORELOAD_PRELOAD_DISABLE;
 233:Core/Src/tim.c ****   if (HAL_TIM_Base_Init(&htim4) != HAL_OK)
 234:Core/Src/tim.c ****   {
 235:Core/Src/tim.c ****     Error_Handler();
 236:Core/Src/tim.c ****   }
 237:Core/Src/tim.c ****   sClockSourceConfig.ClockSource = TIM_CLOCKSOURCE_INTERNAL;
 238:Core/Src/tim.c ****   if (HAL_TIM_ConfigClockSource(&htim4, &sClockSourceConfig) != HAL_OK)
 239:Core/Src/tim.c ****   {
 240:Core/Src/tim.c ****     Error_Handler();
 241:Core/Src/tim.c ****   }
 242:Core/Src/tim.c ****   if (HAL_TIM_PWM_Init(&htim4) != HAL_OK)
 243:Core/Src/tim.c ****   {
 244:Core/Src/tim.c ****     Error_Handler();
 245:Core/Src/tim.c ****   }
 246:Core/Src/tim.c ****   sMasterConfig.MasterOutputTrigger = TIM_TRGO_RESET;
 247:Core/Src/tim.c ****   sMasterConfig.MasterSlaveMode = TIM_MASTERSLAVEMODE_DISABLE;
 248:Core/Src/tim.c ****   if (HAL_TIMEx_MasterConfigSynchronization(&htim4, &sMasterConfig) != HAL_OK)
 249:Core/Src/tim.c ****   {
 250:Core/Src/tim.c ****     Error_Handler();
 251:Core/Src/tim.c ****   }
 252:Core/Src/tim.c ****   sConfigOC.OCMode = TIM_OCMODE_PWM1;
 253:Core/Src/tim.c ****   sConfigOC.Pulse = 3600-1;
 254:Core/Src/tim.c ****   sConfigOC.OCPolarity = TIM_OCPOLARITY_HIGH;
 255:Core/Src/tim.c ****   sConfigOC.OCFastMode = TIM_OCFAST_DISABLE;
 256:Core/Src/tim.c ****   if (HAL_TIM_PWM_ConfigChannel(&htim4, &sConfigOC, TIM_CHANNEL_1) != HAL_OK)
 257:Core/Src/tim.c ****   {
 258:Core/Src/tim.c ****     Error_Handler();
ARM GAS  D:\software\msy64\tmp\ccMXFZVh.s 			page 6


 259:Core/Src/tim.c ****   }
 260:Core/Src/tim.c ****   /* USER CODE BEGIN TIM4_Init 2 */
 261:Core/Src/tim.c **** 
 262:Core/Src/tim.c ****   /* USER CODE END TIM4_Init 2 */
 263:Core/Src/tim.c ****   HAL_TIM_MspPostInit(&htim4);
 264:Core/Src/tim.c **** 
 265:Core/Src/tim.c **** }
 266:Core/Src/tim.c **** /* TIM5 init function */
 267:Core/Src/tim.c **** void MX_TIM5_Init(void)
 268:Core/Src/tim.c **** {
 269:Core/Src/tim.c **** 
 270:Core/Src/tim.c ****   /* USER CODE BEGIN TIM5_Init 0 */
 271:Core/Src/tim.c **** 
 272:Core/Src/tim.c ****   /* USER CODE END TIM5_Init 0 */
 273:Core/Src/tim.c **** 
 274:Core/Src/tim.c ****   TIM_ClockConfigTypeDef sClockSourceConfig = {0};
 275:Core/Src/tim.c ****   TIM_MasterConfigTypeDef sMasterConfig = {0};
 276:Core/Src/tim.c ****   TIM_OC_InitTypeDef sConfigOC = {0};
 277:Core/Src/tim.c **** 
 278:Core/Src/tim.c ****   /* USER CODE BEGIN TIM5_Init 1 */
 279:Core/Src/tim.c **** 
 280:Core/Src/tim.c ****   /* USER CODE END TIM5_Init 1 */
 281:Core/Src/tim.c ****   htim5.Instance = TIM5;
 282:Core/Src/tim.c ****   htim5.Init.Prescaler = 300-1;
 283:Core/Src/tim.c ****   htim5.Init.CounterMode = TIM_COUNTERMODE_UP;
 284:Core/Src/tim.c ****   htim5.Init.Period = 7200-1;
 285:Core/Src/tim.c ****   htim5.Init.ClockDivision = TIM_CLOCKDIVISION_DIV1;
 286:Core/Src/tim.c ****   htim5.Init.AutoReloadPreload = TIM_AUTORELOAD_PRELOAD_DISABLE;
 287:Core/Src/tim.c ****   if (HAL_TIM_Base_Init(&htim5) != HAL_OK)
 288:Core/Src/tim.c ****   {
 289:Core/Src/tim.c ****     Error_Handler();
 290:Core/Src/tim.c ****   }
 291:Core/Src/tim.c ****   sClockSourceConfig.ClockSource = TIM_CLOCKSOURCE_INTERNAL;
 292:Core/Src/tim.c ****   if (HAL_TIM_ConfigClockSource(&htim5, &sClockSourceConfig) != HAL_OK)
 293:Core/Src/tim.c ****   {
 294:Core/Src/tim.c ****     Error_Handler();
 295:Core/Src/tim.c ****   }
 296:Core/Src/tim.c ****   if (HAL_TIM_PWM_Init(&htim5) != HAL_OK)
 297:Core/Src/tim.c ****   {
 298:Core/Src/tim.c ****     Error_Handler();
 299:Core/Src/tim.c ****   }
 300:Core/Src/tim.c ****   sMasterConfig.MasterOutputTrigger = TIM_TRGO_RESET;
 301:Core/Src/tim.c ****   sMasterConfig.MasterSlaveMode = TIM_MASTERSLAVEMODE_DISABLE;
 302:Core/Src/tim.c ****   if (HAL_TIMEx_MasterConfigSynchronization(&htim5, &sMasterConfig) != HAL_OK)
 303:Core/Src/tim.c ****   {
 304:Core/Src/tim.c ****     Error_Handler();
 305:Core/Src/tim.c ****   }
 306:Core/Src/tim.c ****   sConfigOC.OCMode = TIM_OCMODE_PWM1;
 307:Core/Src/tim.c ****   sConfigOC.Pulse = 3600-1;
 308:Core/Src/tim.c ****   sConfigOC.OCPolarity = TIM_OCPOLARITY_HIGH;
 309:Core/Src/tim.c ****   sConfigOC.OCFastMode = TIM_OCFAST_DISABLE;
 310:Core/Src/tim.c ****   if (HAL_TIM_PWM_ConfigChannel(&htim5, &sConfigOC, TIM_CHANNEL_1) != HAL_OK)
 311:Core/Src/tim.c ****   {
 312:Core/Src/tim.c ****     Error_Handler();
 313:Core/Src/tim.c ****   }
 314:Core/Src/tim.c ****   /* USER CODE BEGIN TIM5_Init 2 */
 315:Core/Src/tim.c **** 
ARM GAS  D:\software\msy64\tmp\ccMXFZVh.s 			page 7


 316:Core/Src/tim.c ****   /* USER CODE END TIM5_Init 2 */
 317:Core/Src/tim.c ****   HAL_TIM_MspPostInit(&htim5);
 318:Core/Src/tim.c **** 
 319:Core/Src/tim.c **** }
 320:Core/Src/tim.c **** /* TIM6 init function */
 321:Core/Src/tim.c **** void MX_TIM6_Init(void)
 322:Core/Src/tim.c **** {
  29              		.loc 1 322 1 view -0
  30              		.cfi_startproc
  31              		@ args = 0, pretend = 0, frame = 8
  32              		@ frame_needed = 0, uses_anonymous_args = 0
  33 0000 00B5     		push	{lr}
  34              	.LCFI0:
  35              		.cfi_def_cfa_offset 4
  36              		.cfi_offset 14, -4
  37 0002 83B0     		sub	sp, sp, #12
  38              	.LCFI1:
  39              		.cfi_def_cfa_offset 16
 323:Core/Src/tim.c **** 
 324:Core/Src/tim.c ****   /* USER CODE BEGIN TIM6_Init 0 */
 325:Core/Src/tim.c **** 
 326:Core/Src/tim.c ****   /* USER CODE END TIM6_Init 0 */
 327:Core/Src/tim.c **** 
 328:Core/Src/tim.c ****   TIM_MasterConfigTypeDef sMasterConfig = {0};
  40              		.loc 1 328 3 view .LVU1
  41              		.loc 1 328 27 is_stmt 0 view .LVU2
  42 0004 0023     		movs	r3, #0
  43 0006 0093     		str	r3, [sp]
  44 0008 0193     		str	r3, [sp, #4]
 329:Core/Src/tim.c **** 
 330:Core/Src/tim.c ****   /* USER CODE BEGIN TIM6_Init 1 */
 331:Core/Src/tim.c **** 
 332:Core/Src/tim.c ****   /* USER CODE END TIM6_Init 1 */
 333:Core/Src/tim.c ****   htim6.Instance = TIM6;
  45              		.loc 1 333 3 is_stmt 1 view .LVU3
  46              		.loc 1 333 18 is_stmt 0 view .LVU4
  47 000a 0F48     		ldr	r0, .L7
  48 000c 0F4A     		ldr	r2, .L7+4
  49 000e 0260     		str	r2, [r0]
 334:Core/Src/tim.c ****   htim6.Init.Prescaler = 7200;
  50              		.loc 1 334 3 is_stmt 1 view .LVU5
  51              		.loc 1 334 24 is_stmt 0 view .LVU6
  52 0010 4FF4E152 		mov	r2, #7200
  53 0014 4260     		str	r2, [r0, #4]
 335:Core/Src/tim.c ****   htim6.Init.CounterMode = TIM_COUNTERMODE_UP;
  54              		.loc 1 335 3 is_stmt 1 view .LVU7
  55              		.loc 1 335 26 is_stmt 0 view .LVU8
  56 0016 8360     		str	r3, [r0, #8]
 336:Core/Src/tim.c ****   htim6.Init.Period = 10;
  57              		.loc 1 336 3 is_stmt 1 view .LVU9
  58              		.loc 1 336 21 is_stmt 0 view .LVU10
  59 0018 0A23     		movs	r3, #10
  60 001a C360     		str	r3, [r0, #12]
 337:Core/Src/tim.c ****   htim6.Init.AutoReloadPreload = TIM_AUTORELOAD_PRELOAD_ENABLE;
  61              		.loc 1 337 3 is_stmt 1 view .LVU11
  62              		.loc 1 337 32 is_stmt 0 view .LVU12
  63 001c 8023     		movs	r3, #128
ARM GAS  D:\software\msy64\tmp\ccMXFZVh.s 			page 8


  64 001e 8361     		str	r3, [r0, #24]
 338:Core/Src/tim.c ****   if (HAL_TIM_Base_Init(&htim6) != HAL_OK)
  65              		.loc 1 338 3 is_stmt 1 view .LVU13
  66              		.loc 1 338 7 is_stmt 0 view .LVU14
  67 0020 FFF7FEFF 		bl	HAL_TIM_Base_Init
  68              	.LVL0:
  69              		.loc 1 338 6 discriminator 1 view .LVU15
  70 0024 50B9     		cbnz	r0, .L5
  71              	.L2:
 339:Core/Src/tim.c ****   {
 340:Core/Src/tim.c ****     Error_Handler();
 341:Core/Src/tim.c ****   }
 342:Core/Src/tim.c ****   sMasterConfig.MasterOutputTrigger = TIM_TRGO_RESET;
  72              		.loc 1 342 3 is_stmt 1 view .LVU16
  73              		.loc 1 342 37 is_stmt 0 view .LVU17
  74 0026 0023     		movs	r3, #0
  75 0028 0093     		str	r3, [sp]
 343:Core/Src/tim.c ****   sMasterConfig.MasterSlaveMode = TIM_MASTERSLAVEMODE_DISABLE;
  76              		.loc 1 343 3 is_stmt 1 view .LVU18
  77              		.loc 1 343 33 is_stmt 0 view .LVU19
  78 002a 0193     		str	r3, [sp, #4]
 344:Core/Src/tim.c ****   if (HAL_TIMEx_MasterConfigSynchronization(&htim6, &sMasterConfig) != HAL_OK)
  79              		.loc 1 344 3 is_stmt 1 view .LVU20
  80              		.loc 1 344 7 is_stmt 0 view .LVU21
  81 002c 6946     		mov	r1, sp
  82 002e 0648     		ldr	r0, .L7
  83 0030 FFF7FEFF 		bl	HAL_TIMEx_MasterConfigSynchronization
  84              	.LVL1:
  85              		.loc 1 344 6 discriminator 1 view .LVU22
  86 0034 28B9     		cbnz	r0, .L6
  87              	.L1:
 345:Core/Src/tim.c ****   {
 346:Core/Src/tim.c ****     Error_Handler();
 347:Core/Src/tim.c ****   }
 348:Core/Src/tim.c ****   /* USER CODE BEGIN TIM6_Init 2 */
 349:Core/Src/tim.c **** 
 350:Core/Src/tim.c ****   /* USER CODE END TIM6_Init 2 */
 351:Core/Src/tim.c **** 
 352:Core/Src/tim.c **** }
  88              		.loc 1 352 1 view .LVU23
  89 0036 03B0     		add	sp, sp, #12
  90              	.LCFI2:
  91              		.cfi_remember_state
  92              		.cfi_def_cfa_offset 4
  93              		@ sp needed
  94 0038 5DF804FB 		ldr	pc, [sp], #4
  95              	.L5:
  96              	.LCFI3:
  97              		.cfi_restore_state
 340:Core/Src/tim.c ****   }
  98              		.loc 1 340 5 is_stmt 1 view .LVU24
  99 003c FFF7FEFF 		bl	Error_Handler
 100              	.LVL2:
 101 0040 F1E7     		b	.L2
 102              	.L6:
 346:Core/Src/tim.c ****   }
 103              		.loc 1 346 5 view .LVU25
ARM GAS  D:\software\msy64\tmp\ccMXFZVh.s 			page 9


 104 0042 FFF7FEFF 		bl	Error_Handler
 105              	.LVL3:
 106              		.loc 1 352 1 is_stmt 0 view .LVU26
 107 0046 F6E7     		b	.L1
 108              	.L8:
 109              		.align	2
 110              	.L7:
 111 0048 00000000 		.word	htim6
 112 004c 00100040 		.word	1073745920
 113              		.cfi_endproc
 114              	.LFE139:
 116              		.section	.text.HAL_TIM_Base_MspInit,"ax",%progbits
 117              		.align	1
 118              		.global	HAL_TIM_Base_MspInit
 119              		.syntax unified
 120              		.thumb
 121              		.thumb_func
 123              	HAL_TIM_Base_MspInit:
 124              	.LVL4:
 125              	.LFB140:
 353:Core/Src/tim.c **** 
 354:Core/Src/tim.c **** void HAL_TIM_Base_MspInit(TIM_HandleTypeDef* tim_baseHandle)
 355:Core/Src/tim.c **** {
 126              		.loc 1 355 1 is_stmt 1 view -0
 127              		.cfi_startproc
 128              		@ args = 0, pretend = 0, frame = 24
 129              		@ frame_needed = 0, uses_anonymous_args = 0
 130              		.loc 1 355 1 is_stmt 0 view .LVU28
 131 0000 00B5     		push	{lr}
 132              	.LCFI4:
 133              		.cfi_def_cfa_offset 4
 134              		.cfi_offset 14, -4
 135 0002 87B0     		sub	sp, sp, #28
 136              	.LCFI5:
 137              		.cfi_def_cfa_offset 32
 356:Core/Src/tim.c **** 
 357:Core/Src/tim.c ****   if(tim_baseHandle->Instance==TIM1)
 138              		.loc 1 357 3 is_stmt 1 view .LVU29
 139              		.loc 1 357 20 is_stmt 0 view .LVU30
 140 0004 0368     		ldr	r3, [r0]
 141              		.loc 1 357 5 view .LVU31
 142 0006 434A     		ldr	r2, .L23
 143 0008 9342     		cmp	r3, r2
 144 000a 11D0     		beq	.L17
 358:Core/Src/tim.c ****   {
 359:Core/Src/tim.c ****   /* USER CODE BEGIN TIM1_MspInit 0 */
 360:Core/Src/tim.c **** 
 361:Core/Src/tim.c ****   /* USER CODE END TIM1_MspInit 0 */
 362:Core/Src/tim.c ****     /* TIM1 clock enable */
 363:Core/Src/tim.c ****     __HAL_RCC_TIM1_CLK_ENABLE();
 364:Core/Src/tim.c **** 
 365:Core/Src/tim.c ****     /* TIM1 interrupt Init */
 366:Core/Src/tim.c ****     HAL_NVIC_SetPriority(TIM1_UP_TIM10_IRQn, 0, 0);
 367:Core/Src/tim.c ****     HAL_NVIC_EnableIRQ(TIM1_UP_TIM10_IRQn);
 368:Core/Src/tim.c ****   /* USER CODE BEGIN TIM1_MspInit 1 */
 369:Core/Src/tim.c **** 
 370:Core/Src/tim.c ****   /* USER CODE END TIM1_MspInit 1 */
ARM GAS  D:\software\msy64\tmp\ccMXFZVh.s 			page 10


 371:Core/Src/tim.c ****   }
 372:Core/Src/tim.c ****   else if(tim_baseHandle->Instance==TIM2)
 145              		.loc 1 372 8 is_stmt 1 view .LVU32
 146              		.loc 1 372 10 is_stmt 0 view .LVU33
 147 000c B3F1804F 		cmp	r3, #1073741824
 148 0010 22D0     		beq	.L18
 373:Core/Src/tim.c ****   {
 374:Core/Src/tim.c ****   /* USER CODE BEGIN TIM2_MspInit 0 */
 375:Core/Src/tim.c **** 
 376:Core/Src/tim.c ****   /* USER CODE END TIM2_MspInit 0 */
 377:Core/Src/tim.c ****     /* TIM2 clock enable */
 378:Core/Src/tim.c ****     __HAL_RCC_TIM2_CLK_ENABLE();
 379:Core/Src/tim.c **** 
 380:Core/Src/tim.c ****     /* TIM2 interrupt Init */
 381:Core/Src/tim.c ****     HAL_NVIC_SetPriority(TIM2_IRQn, 0, 0);
 382:Core/Src/tim.c ****     HAL_NVIC_EnableIRQ(TIM2_IRQn);
 383:Core/Src/tim.c ****   /* USER CODE BEGIN TIM2_MspInit 1 */
 384:Core/Src/tim.c **** 
 385:Core/Src/tim.c ****   /* USER CODE END TIM2_MspInit 1 */
 386:Core/Src/tim.c ****   }
 387:Core/Src/tim.c ****   else if(tim_baseHandle->Instance==TIM3)
 149              		.loc 1 387 8 is_stmt 1 view .LVU34
 150              		.loc 1 387 10 is_stmt 0 view .LVU35
 151 0012 414A     		ldr	r2, .L23+4
 152 0014 9342     		cmp	r3, r2
 153 0016 34D0     		beq	.L19
 388:Core/Src/tim.c ****   {
 389:Core/Src/tim.c ****   /* USER CODE BEGIN TIM3_MspInit 0 */
 390:Core/Src/tim.c **** 
 391:Core/Src/tim.c ****   /* USER CODE END TIM3_MspInit 0 */
 392:Core/Src/tim.c ****     /* TIM3 clock enable */
 393:Core/Src/tim.c ****     __HAL_RCC_TIM3_CLK_ENABLE();
 394:Core/Src/tim.c **** 
 395:Core/Src/tim.c ****     /* TIM3 interrupt Init */
 396:Core/Src/tim.c ****     HAL_NVIC_SetPriority(TIM3_IRQn, 0, 0);
 397:Core/Src/tim.c ****     HAL_NVIC_EnableIRQ(TIM3_IRQn);
 398:Core/Src/tim.c ****   /* USER CODE BEGIN TIM3_MspInit 1 */
 399:Core/Src/tim.c **** 
 400:Core/Src/tim.c ****   /* USER CODE END TIM3_MspInit 1 */
 401:Core/Src/tim.c ****   }
 402:Core/Src/tim.c ****   else if(tim_baseHandle->Instance==TIM4)
 154              		.loc 1 402 8 is_stmt 1 view .LVU36
 155              		.loc 1 402 10 is_stmt 0 view .LVU37
 156 0018 404A     		ldr	r2, .L23+8
 157 001a 9342     		cmp	r3, r2
 158 001c 45D0     		beq	.L20
 403:Core/Src/tim.c ****   {
 404:Core/Src/tim.c ****   /* USER CODE BEGIN TIM4_MspInit 0 */
 405:Core/Src/tim.c **** 
 406:Core/Src/tim.c ****   /* USER CODE END TIM4_MspInit 0 */
 407:Core/Src/tim.c ****     /* TIM4 clock enable */
 408:Core/Src/tim.c ****     __HAL_RCC_TIM4_CLK_ENABLE();
 409:Core/Src/tim.c **** 
 410:Core/Src/tim.c ****     /* TIM4 interrupt Init */
 411:Core/Src/tim.c ****     HAL_NVIC_SetPriority(TIM4_IRQn, 0, 0);
 412:Core/Src/tim.c ****     HAL_NVIC_EnableIRQ(TIM4_IRQn);
 413:Core/Src/tim.c ****   /* USER CODE BEGIN TIM4_MspInit 1 */
ARM GAS  D:\software\msy64\tmp\ccMXFZVh.s 			page 11


 414:Core/Src/tim.c **** 
 415:Core/Src/tim.c ****   /* USER CODE END TIM4_MspInit 1 */
 416:Core/Src/tim.c ****   }
 417:Core/Src/tim.c ****   else if(tim_baseHandle->Instance==TIM5)
 159              		.loc 1 417 8 is_stmt 1 view .LVU38
 160              		.loc 1 417 10 is_stmt 0 view .LVU39
 161 001e 404A     		ldr	r2, .L23+12
 162 0020 9342     		cmp	r3, r2
 163 0022 56D0     		beq	.L21
 418:Core/Src/tim.c ****   {
 419:Core/Src/tim.c ****   /* USER CODE BEGIN TIM5_MspInit 0 */
 420:Core/Src/tim.c **** 
 421:Core/Src/tim.c ****   /* USER CODE END TIM5_MspInit 0 */
 422:Core/Src/tim.c ****     /* TIM5 clock enable */
 423:Core/Src/tim.c ****     __HAL_RCC_TIM5_CLK_ENABLE();
 424:Core/Src/tim.c **** 
 425:Core/Src/tim.c ****     /* TIM5 interrupt Init */
 426:Core/Src/tim.c ****     HAL_NVIC_SetPriority(TIM5_IRQn, 0, 0);
 427:Core/Src/tim.c ****     HAL_NVIC_EnableIRQ(TIM5_IRQn);
 428:Core/Src/tim.c ****   /* USER CODE BEGIN TIM5_MspInit 1 */
 429:Core/Src/tim.c **** 
 430:Core/Src/tim.c ****   /* USER CODE END TIM5_MspInit 1 */
 431:Core/Src/tim.c ****   }
 432:Core/Src/tim.c ****   else if(tim_baseHandle->Instance==TIM6)
 164              		.loc 1 432 8 is_stmt 1 view .LVU40
 165              		.loc 1 432 10 is_stmt 0 view .LVU41
 166 0024 3F4A     		ldr	r2, .L23+16
 167 0026 9342     		cmp	r3, r2
 168 0028 67D0     		beq	.L22
 169              	.LVL5:
 170              	.L9:
 433:Core/Src/tim.c ****   {
 434:Core/Src/tim.c ****   /* USER CODE BEGIN TIM6_MspInit 0 */
 435:Core/Src/tim.c **** 
 436:Core/Src/tim.c ****   /* USER CODE END TIM6_MspInit 0 */
 437:Core/Src/tim.c ****     /* TIM6 clock enable */
 438:Core/Src/tim.c ****     __HAL_RCC_TIM6_CLK_ENABLE();
 439:Core/Src/tim.c ****   /* USER CODE BEGIN TIM6_MspInit 1 */
 440:Core/Src/tim.c **** 
 441:Core/Src/tim.c ****   /* USER CODE END TIM6_MspInit 1 */
 442:Core/Src/tim.c ****   }
 443:Core/Src/tim.c **** }
 171              		.loc 1 443 1 view .LVU42
 172 002a 07B0     		add	sp, sp, #28
 173              	.LCFI6:
 174              		.cfi_remember_state
 175              		.cfi_def_cfa_offset 4
 176              		@ sp needed
 177 002c 5DF804FB 		ldr	pc, [sp], #4
 178              	.LVL6:
 179              	.L17:
 180              	.LCFI7:
 181              		.cfi_restore_state
 363:Core/Src/tim.c **** 
 182              		.loc 1 363 5 is_stmt 1 view .LVU43
 183              	.LBB2:
 363:Core/Src/tim.c **** 
ARM GAS  D:\software\msy64\tmp\ccMXFZVh.s 			page 12


 184              		.loc 1 363 5 view .LVU44
 185 0030 0021     		movs	r1, #0
 186 0032 0091     		str	r1, [sp]
 363:Core/Src/tim.c **** 
 187              		.loc 1 363 5 view .LVU45
 188 0034 3C4B     		ldr	r3, .L23+20
 189 0036 5A6C     		ldr	r2, [r3, #68]
 190 0038 42F00102 		orr	r2, r2, #1
 191 003c 5A64     		str	r2, [r3, #68]
 363:Core/Src/tim.c **** 
 192              		.loc 1 363 5 view .LVU46
 193 003e 5B6C     		ldr	r3, [r3, #68]
 194 0040 03F00103 		and	r3, r3, #1
 195 0044 0093     		str	r3, [sp]
 363:Core/Src/tim.c **** 
 196              		.loc 1 363 5 view .LVU47
 197 0046 009B     		ldr	r3, [sp]
 198              	.LBE2:
 363:Core/Src/tim.c **** 
 199              		.loc 1 363 5 view .LVU48
 366:Core/Src/tim.c ****     HAL_NVIC_EnableIRQ(TIM1_UP_TIM10_IRQn);
 200              		.loc 1 366 5 view .LVU49
 201 0048 0A46     		mov	r2, r1
 202 004a 1920     		movs	r0, #25
 203              	.LVL7:
 366:Core/Src/tim.c ****     HAL_NVIC_EnableIRQ(TIM1_UP_TIM10_IRQn);
 204              		.loc 1 366 5 is_stmt 0 view .LVU50
 205 004c FFF7FEFF 		bl	HAL_NVIC_SetPriority
 206              	.LVL8:
 367:Core/Src/tim.c ****   /* USER CODE BEGIN TIM1_MspInit 1 */
 207              		.loc 1 367 5 is_stmt 1 view .LVU51
 208 0050 1920     		movs	r0, #25
 209 0052 FFF7FEFF 		bl	HAL_NVIC_EnableIRQ
 210              	.LVL9:
 211 0056 E8E7     		b	.L9
 212              	.LVL10:
 213              	.L18:
 378:Core/Src/tim.c **** 
 214              		.loc 1 378 5 view .LVU52
 215              	.LBB3:
 378:Core/Src/tim.c **** 
 216              		.loc 1 378 5 view .LVU53
 217 0058 0021     		movs	r1, #0
 218 005a 0191     		str	r1, [sp, #4]
 378:Core/Src/tim.c **** 
 219              		.loc 1 378 5 view .LVU54
 220 005c 03F50E33 		add	r3, r3, #145408
 221 0060 1A6C     		ldr	r2, [r3, #64]
 222 0062 42F00102 		orr	r2, r2, #1
 223 0066 1A64     		str	r2, [r3, #64]
 378:Core/Src/tim.c **** 
 224              		.loc 1 378 5 view .LVU55
 225 0068 1B6C     		ldr	r3, [r3, #64]
 226 006a 03F00103 		and	r3, r3, #1
 227 006e 0193     		str	r3, [sp, #4]
 378:Core/Src/tim.c **** 
 228              		.loc 1 378 5 view .LVU56
ARM GAS  D:\software\msy64\tmp\ccMXFZVh.s 			page 13


 229 0070 019B     		ldr	r3, [sp, #4]
 230              	.LBE3:
 378:Core/Src/tim.c **** 
 231              		.loc 1 378 5 view .LVU57
 381:Core/Src/tim.c ****     HAL_NVIC_EnableIRQ(TIM2_IRQn);
 232              		.loc 1 381 5 view .LVU58
 233 0072 0A46     		mov	r2, r1
 234 0074 1C20     		movs	r0, #28
 235              	.LVL11:
 381:Core/Src/tim.c ****     HAL_NVIC_EnableIRQ(TIM2_IRQn);
 236              		.loc 1 381 5 is_stmt 0 view .LVU59
 237 0076 FFF7FEFF 		bl	HAL_NVIC_SetPriority
 238              	.LVL12:
 382:Core/Src/tim.c ****   /* USER CODE BEGIN TIM2_MspInit 1 */
 239              		.loc 1 382 5 is_stmt 1 view .LVU60
 240 007a 1C20     		movs	r0, #28
 241 007c FFF7FEFF 		bl	HAL_NVIC_EnableIRQ
 242              	.LVL13:
 243 0080 D3E7     		b	.L9
 244              	.LVL14:
 245              	.L19:
 393:Core/Src/tim.c **** 
 246              		.loc 1 393 5 view .LVU61
 247              	.LBB4:
 393:Core/Src/tim.c **** 
 248              		.loc 1 393 5 view .LVU62
 249 0082 0021     		movs	r1, #0
 250 0084 0291     		str	r1, [sp, #8]
 393:Core/Src/tim.c **** 
 251              		.loc 1 393 5 view .LVU63
 252 0086 284B     		ldr	r3, .L23+20
 253 0088 1A6C     		ldr	r2, [r3, #64]
 254 008a 42F00202 		orr	r2, r2, #2
 255 008e 1A64     		str	r2, [r3, #64]
 393:Core/Src/tim.c **** 
 256              		.loc 1 393 5 view .LVU64
 257 0090 1B6C     		ldr	r3, [r3, #64]
 258 0092 03F00203 		and	r3, r3, #2
 259 0096 0293     		str	r3, [sp, #8]
 393:Core/Src/tim.c **** 
 260              		.loc 1 393 5 view .LVU65
 261 0098 029B     		ldr	r3, [sp, #8]
 262              	.LBE4:
 393:Core/Src/tim.c **** 
 263              		.loc 1 393 5 view .LVU66
 396:Core/Src/tim.c ****     HAL_NVIC_EnableIRQ(TIM3_IRQn);
 264              		.loc 1 396 5 view .LVU67
 265 009a 0A46     		mov	r2, r1
 266 009c 1D20     		movs	r0, #29
 267              	.LVL15:
 396:Core/Src/tim.c ****     HAL_NVIC_EnableIRQ(TIM3_IRQn);
 268              		.loc 1 396 5 is_stmt 0 view .LVU68
 269 009e FFF7FEFF 		bl	HAL_NVIC_SetPriority
 270              	.LVL16:
 397:Core/Src/tim.c ****   /* USER CODE BEGIN TIM3_MspInit 1 */
 271              		.loc 1 397 5 is_stmt 1 view .LVU69
 272 00a2 1D20     		movs	r0, #29
ARM GAS  D:\software\msy64\tmp\ccMXFZVh.s 			page 14


 273 00a4 FFF7FEFF 		bl	HAL_NVIC_EnableIRQ
 274              	.LVL17:
 275 00a8 BFE7     		b	.L9
 276              	.LVL18:
 277              	.L20:
 408:Core/Src/tim.c **** 
 278              		.loc 1 408 5 view .LVU70
 279              	.LBB5:
 408:Core/Src/tim.c **** 
 280              		.loc 1 408 5 view .LVU71
 281 00aa 0021     		movs	r1, #0
 282 00ac 0391     		str	r1, [sp, #12]
 408:Core/Src/tim.c **** 
 283              		.loc 1 408 5 view .LVU72
 284 00ae 1E4B     		ldr	r3, .L23+20
 285 00b0 1A6C     		ldr	r2, [r3, #64]
 286 00b2 42F00402 		orr	r2, r2, #4
 287 00b6 1A64     		str	r2, [r3, #64]
 408:Core/Src/tim.c **** 
 288              		.loc 1 408 5 view .LVU73
 289 00b8 1B6C     		ldr	r3, [r3, #64]
 290 00ba 03F00403 		and	r3, r3, #4
 291 00be 0393     		str	r3, [sp, #12]
 408:Core/Src/tim.c **** 
 292              		.loc 1 408 5 view .LVU74
 293 00c0 039B     		ldr	r3, [sp, #12]
 294              	.LBE5:
 408:Core/Src/tim.c **** 
 295              		.loc 1 408 5 view .LVU75
 411:Core/Src/tim.c ****     HAL_NVIC_EnableIRQ(TIM4_IRQn);
 296              		.loc 1 411 5 view .LVU76
 297 00c2 0A46     		mov	r2, r1
 298 00c4 1E20     		movs	r0, #30
 299              	.LVL19:
 411:Core/Src/tim.c ****     HAL_NVIC_EnableIRQ(TIM4_IRQn);
 300              		.loc 1 411 5 is_stmt 0 view .LVU77
 301 00c6 FFF7FEFF 		bl	HAL_NVIC_SetPriority
 302              	.LVL20:
 412:Core/Src/tim.c ****   /* USER CODE BEGIN TIM4_MspInit 1 */
 303              		.loc 1 412 5 is_stmt 1 view .LVU78
 304 00ca 1E20     		movs	r0, #30
 305 00cc FFF7FEFF 		bl	HAL_NVIC_EnableIRQ
 306              	.LVL21:
 307 00d0 ABE7     		b	.L9
 308              	.LVL22:
 309              	.L21:
 423:Core/Src/tim.c **** 
 310              		.loc 1 423 5 view .LVU79
 311              	.LBB6:
 423:Core/Src/tim.c **** 
 312              		.loc 1 423 5 view .LVU80
 313 00d2 0021     		movs	r1, #0
 314 00d4 0491     		str	r1, [sp, #16]
 423:Core/Src/tim.c **** 
 315              		.loc 1 423 5 view .LVU81
 316 00d6 144B     		ldr	r3, .L23+20
 317 00d8 1A6C     		ldr	r2, [r3, #64]
ARM GAS  D:\software\msy64\tmp\ccMXFZVh.s 			page 15


 318 00da 42F00802 		orr	r2, r2, #8
 319 00de 1A64     		str	r2, [r3, #64]
 423:Core/Src/tim.c **** 
 320              		.loc 1 423 5 view .LVU82
 321 00e0 1B6C     		ldr	r3, [r3, #64]
 322 00e2 03F00803 		and	r3, r3, #8
 323 00e6 0493     		str	r3, [sp, #16]
 423:Core/Src/tim.c **** 
 324              		.loc 1 423 5 view .LVU83
 325 00e8 049B     		ldr	r3, [sp, #16]
 326              	.LBE6:
 423:Core/Src/tim.c **** 
 327              		.loc 1 423 5 view .LVU84
 426:Core/Src/tim.c ****     HAL_NVIC_EnableIRQ(TIM5_IRQn);
 328              		.loc 1 426 5 view .LVU85
 329 00ea 0A46     		mov	r2, r1
 330 00ec 3220     		movs	r0, #50
 331              	.LVL23:
 426:Core/Src/tim.c ****     HAL_NVIC_EnableIRQ(TIM5_IRQn);
 332              		.loc 1 426 5 is_stmt 0 view .LVU86
 333 00ee FFF7FEFF 		bl	HAL_NVIC_SetPriority
 334              	.LVL24:
 427:Core/Src/tim.c ****   /* USER CODE BEGIN TIM5_MspInit 1 */
 335              		.loc 1 427 5 is_stmt 1 view .LVU87
 336 00f2 3220     		movs	r0, #50
 337 00f4 FFF7FEFF 		bl	HAL_NVIC_EnableIRQ
 338              	.LVL25:
 339 00f8 97E7     		b	.L9
 340              	.LVL26:
 341              	.L22:
 438:Core/Src/tim.c ****   /* USER CODE BEGIN TIM6_MspInit 1 */
 342              		.loc 1 438 5 view .LVU88
 343              	.LBB7:
 438:Core/Src/tim.c ****   /* USER CODE BEGIN TIM6_MspInit 1 */
 344              		.loc 1 438 5 view .LVU89
 345 00fa 0023     		movs	r3, #0
 346 00fc 0593     		str	r3, [sp, #20]
 438:Core/Src/tim.c ****   /* USER CODE BEGIN TIM6_MspInit 1 */
 347              		.loc 1 438 5 view .LVU90
 348 00fe 0A4B     		ldr	r3, .L23+20
 349 0100 1A6C     		ldr	r2, [r3, #64]
 350 0102 42F01002 		orr	r2, r2, #16
 351 0106 1A64     		str	r2, [r3, #64]
 438:Core/Src/tim.c ****   /* USER CODE BEGIN TIM6_MspInit 1 */
 352              		.loc 1 438 5 view .LVU91
 353 0108 1B6C     		ldr	r3, [r3, #64]
 354 010a 03F01003 		and	r3, r3, #16
 355 010e 0593     		str	r3, [sp, #20]
 438:Core/Src/tim.c ****   /* USER CODE BEGIN TIM6_MspInit 1 */
 356              		.loc 1 438 5 view .LVU92
 357 0110 059B     		ldr	r3, [sp, #20]
 358              	.LBE7:
 438:Core/Src/tim.c ****   /* USER CODE BEGIN TIM6_MspInit 1 */
 359              		.loc 1 438 5 discriminator 1 view .LVU93
 360              		.loc 1 443 1 is_stmt 0 view .LVU94
 361 0112 8AE7     		b	.L9
 362              	.L24:
ARM GAS  D:\software\msy64\tmp\ccMXFZVh.s 			page 16


 363              		.align	2
 364              	.L23:
 365 0114 00000140 		.word	1073807360
 366 0118 00040040 		.word	1073742848
 367 011c 00080040 		.word	1073743872
 368 0120 000C0040 		.word	1073744896
 369 0124 00100040 		.word	1073745920
 370 0128 00380240 		.word	1073887232
 371              		.cfi_endproc
 372              	.LFE140:
 374              		.section	.text.HAL_TIM_MspPostInit,"ax",%progbits
 375              		.align	1
 376              		.global	HAL_TIM_MspPostInit
 377              		.syntax unified
 378              		.thumb
 379              		.thumb_func
 381              	HAL_TIM_MspPostInit:
 382              	.LVL27:
 383              	.LFB141:
 444:Core/Src/tim.c **** void HAL_TIM_MspPostInit(TIM_HandleTypeDef* timHandle)
 445:Core/Src/tim.c **** {
 384              		.loc 1 445 1 is_stmt 1 view -0
 385              		.cfi_startproc
 386              		@ args = 0, pretend = 0, frame = 40
 387              		@ frame_needed = 0, uses_anonymous_args = 0
 388              		.loc 1 445 1 is_stmt 0 view .LVU96
 389 0000 00B5     		push	{lr}
 390              	.LCFI8:
 391              		.cfi_def_cfa_offset 4
 392              		.cfi_offset 14, -4
 393 0002 8BB0     		sub	sp, sp, #44
 394              	.LCFI9:
 395              		.cfi_def_cfa_offset 48
 446:Core/Src/tim.c **** 
 447:Core/Src/tim.c ****   GPIO_InitTypeDef GPIO_InitStruct = {0};
 396              		.loc 1 447 3 is_stmt 1 view .LVU97
 397              		.loc 1 447 20 is_stmt 0 view .LVU98
 398 0004 0023     		movs	r3, #0
 399 0006 0593     		str	r3, [sp, #20]
 400 0008 0693     		str	r3, [sp, #24]
 401 000a 0793     		str	r3, [sp, #28]
 402 000c 0893     		str	r3, [sp, #32]
 403 000e 0993     		str	r3, [sp, #36]
 448:Core/Src/tim.c ****   if(timHandle->Instance==TIM1)
 404              		.loc 1 448 3 is_stmt 1 view .LVU99
 405              		.loc 1 448 15 is_stmt 0 view .LVU100
 406 0010 0368     		ldr	r3, [r0]
 407              		.loc 1 448 5 view .LVU101
 408 0012 424A     		ldr	r2, .L37
 409 0014 9342     		cmp	r3, r2
 410 0016 0ED0     		beq	.L32
 449:Core/Src/tim.c ****   {
 450:Core/Src/tim.c ****   /* USER CODE BEGIN TIM1_MspPostInit 0 */
 451:Core/Src/tim.c **** 
 452:Core/Src/tim.c ****   /* USER CODE END TIM1_MspPostInit 0 */
 453:Core/Src/tim.c ****     __HAL_RCC_GPIOE_CLK_ENABLE();
 454:Core/Src/tim.c ****     /**TIM1 GPIO Configuration
ARM GAS  D:\software\msy64\tmp\ccMXFZVh.s 			page 17


 455:Core/Src/tim.c ****     PE9     ------> TIM1_CH1
 456:Core/Src/tim.c ****     */
 457:Core/Src/tim.c ****     GPIO_InitStruct.Pin = GPIO_PIN_9;
 458:Core/Src/tim.c ****     GPIO_InitStruct.Mode = GPIO_MODE_AF_PP;
 459:Core/Src/tim.c ****     GPIO_InitStruct.Pull = GPIO_NOPULL;
 460:Core/Src/tim.c ****     GPIO_InitStruct.Speed = GPIO_SPEED_FREQ_LOW;
 461:Core/Src/tim.c ****     GPIO_InitStruct.Alternate = GPIO_AF1_TIM1;
 462:Core/Src/tim.c ****     HAL_GPIO_Init(GPIOE, &GPIO_InitStruct);
 463:Core/Src/tim.c **** 
 464:Core/Src/tim.c ****   /* USER CODE BEGIN TIM1_MspPostInit 1 */
 465:Core/Src/tim.c **** 
 466:Core/Src/tim.c ****   /* USER CODE END TIM1_MspPostInit 1 */
 467:Core/Src/tim.c ****   }
 468:Core/Src/tim.c ****   else if(timHandle->Instance==TIM2)
 411              		.loc 1 468 8 is_stmt 1 view .LVU102
 412              		.loc 1 468 10 is_stmt 0 view .LVU103
 413 0018 B3F1804F 		cmp	r3, #1073741824
 414 001c 23D0     		beq	.L33
 469:Core/Src/tim.c ****   {
 470:Core/Src/tim.c ****   /* USER CODE BEGIN TIM2_MspPostInit 0 */
 471:Core/Src/tim.c **** 
 472:Core/Src/tim.c ****   /* USER CODE END TIM2_MspPostInit 0 */
 473:Core/Src/tim.c **** 
 474:Core/Src/tim.c ****     __HAL_RCC_GPIOA_CLK_ENABLE();
 475:Core/Src/tim.c ****     /**TIM2 GPIO Configuration
 476:Core/Src/tim.c ****     PA5     ------> TIM2_CH1
 477:Core/Src/tim.c ****     */
 478:Core/Src/tim.c ****     GPIO_InitStruct.Pin = GPIO_PIN_5;
 479:Core/Src/tim.c ****     GPIO_InitStruct.Mode = GPIO_MODE_AF_PP;
 480:Core/Src/tim.c ****     GPIO_InitStruct.Pull = GPIO_NOPULL;
 481:Core/Src/tim.c ****     GPIO_InitStruct.Speed = GPIO_SPEED_FREQ_LOW;
 482:Core/Src/tim.c ****     GPIO_InitStruct.Alternate = GPIO_AF1_TIM2;
 483:Core/Src/tim.c ****     HAL_GPIO_Init(GPIOA, &GPIO_InitStruct);
 484:Core/Src/tim.c **** 
 485:Core/Src/tim.c ****   /* USER CODE BEGIN TIM2_MspPostInit 1 */
 486:Core/Src/tim.c **** 
 487:Core/Src/tim.c ****   /* USER CODE END TIM2_MspPostInit 1 */
 488:Core/Src/tim.c ****   }
 489:Core/Src/tim.c ****   else if(timHandle->Instance==TIM3)
 415              		.loc 1 489 8 is_stmt 1 view .LVU104
 416              		.loc 1 489 10 is_stmt 0 view .LVU105
 417 001e 404A     		ldr	r2, .L37+4
 418 0020 9342     		cmp	r3, r2
 419 0022 37D0     		beq	.L34
 490:Core/Src/tim.c ****   {
 491:Core/Src/tim.c ****   /* USER CODE BEGIN TIM3_MspPostInit 0 */
 492:Core/Src/tim.c **** 
 493:Core/Src/tim.c ****   /* USER CODE END TIM3_MspPostInit 0 */
 494:Core/Src/tim.c **** 
 495:Core/Src/tim.c ****     __HAL_RCC_GPIOA_CLK_ENABLE();
 496:Core/Src/tim.c ****     /**TIM3 GPIO Configuration
 497:Core/Src/tim.c ****     PA6     ------> TIM3_CH1
 498:Core/Src/tim.c ****     */
 499:Core/Src/tim.c ****     GPIO_InitStruct.Pin = GPIO_PIN_6;
 500:Core/Src/tim.c ****     GPIO_InitStruct.Mode = GPIO_MODE_AF_PP;
 501:Core/Src/tim.c ****     GPIO_InitStruct.Pull = GPIO_NOPULL;
 502:Core/Src/tim.c ****     GPIO_InitStruct.Speed = GPIO_SPEED_FREQ_LOW;
ARM GAS  D:\software\msy64\tmp\ccMXFZVh.s 			page 18


 503:Core/Src/tim.c ****     GPIO_InitStruct.Alternate = GPIO_AF2_TIM3;
 504:Core/Src/tim.c ****     HAL_GPIO_Init(GPIOA, &GPIO_InitStruct);
 505:Core/Src/tim.c **** 
 506:Core/Src/tim.c ****   /* USER CODE BEGIN TIM3_MspPostInit 1 */
 507:Core/Src/tim.c **** 
 508:Core/Src/tim.c ****   /* USER CODE END TIM3_MspPostInit 1 */
 509:Core/Src/tim.c ****   }
 510:Core/Src/tim.c ****   else if(timHandle->Instance==TIM4)
 420              		.loc 1 510 8 is_stmt 1 view .LVU106
 421              		.loc 1 510 10 is_stmt 0 view .LVU107
 422 0024 3F4A     		ldr	r2, .L37+8
 423 0026 9342     		cmp	r3, r2
 424 0028 4AD0     		beq	.L35
 511:Core/Src/tim.c ****   {
 512:Core/Src/tim.c ****   /* USER CODE BEGIN TIM4_MspPostInit 0 */
 513:Core/Src/tim.c **** 
 514:Core/Src/tim.c ****   /* USER CODE END TIM4_MspPostInit 0 */
 515:Core/Src/tim.c **** 
 516:Core/Src/tim.c ****     __HAL_RCC_GPIOD_CLK_ENABLE();
 517:Core/Src/tim.c ****     /**TIM4 GPIO Configuration
 518:Core/Src/tim.c ****     PD12     ------> TIM4_CH1
 519:Core/Src/tim.c ****     */
 520:Core/Src/tim.c ****     GPIO_InitStruct.Pin = GPIO_PIN_12;
 521:Core/Src/tim.c ****     GPIO_InitStruct.Mode = GPIO_MODE_AF_PP;
 522:Core/Src/tim.c ****     GPIO_InitStruct.Pull = GPIO_NOPULL;
 523:Core/Src/tim.c ****     GPIO_InitStruct.Speed = GPIO_SPEED_FREQ_LOW;
 524:Core/Src/tim.c ****     GPIO_InitStruct.Alternate = GPIO_AF2_TIM4;
 525:Core/Src/tim.c ****     HAL_GPIO_Init(GPIOD, &GPIO_InitStruct);
 526:Core/Src/tim.c **** 
 527:Core/Src/tim.c ****   /* USER CODE BEGIN TIM4_MspPostInit 1 */
 528:Core/Src/tim.c **** 
 529:Core/Src/tim.c ****   /* USER CODE END TIM4_MspPostInit 1 */
 530:Core/Src/tim.c ****   }
 531:Core/Src/tim.c ****   else if(timHandle->Instance==TIM5)
 425              		.loc 1 531 8 is_stmt 1 view .LVU108
 426              		.loc 1 531 10 is_stmt 0 view .LVU109
 427 002a 3F4A     		ldr	r2, .L37+12
 428 002c 9342     		cmp	r3, r2
 429 002e 5ED0     		beq	.L36
 430              	.LVL28:
 431              	.L25:
 532:Core/Src/tim.c ****   {
 533:Core/Src/tim.c ****   /* USER CODE BEGIN TIM5_MspPostInit 0 */
 534:Core/Src/tim.c **** 
 535:Core/Src/tim.c ****   /* USER CODE END TIM5_MspPostInit 0 */
 536:Core/Src/tim.c **** 
 537:Core/Src/tim.c ****     __HAL_RCC_GPIOA_CLK_ENABLE();
 538:Core/Src/tim.c ****     /**TIM5 GPIO Configuration
 539:Core/Src/tim.c ****     PA0-WKUP     ------> TIM5_CH1
 540:Core/Src/tim.c ****     */
 541:Core/Src/tim.c ****     GPIO_InitStruct.Pin = GPIO_PIN_0;
 542:Core/Src/tim.c ****     GPIO_InitStruct.Mode = GPIO_MODE_AF_PP;
 543:Core/Src/tim.c ****     GPIO_InitStruct.Pull = GPIO_NOPULL;
 544:Core/Src/tim.c ****     GPIO_InitStruct.Speed = GPIO_SPEED_FREQ_LOW;
 545:Core/Src/tim.c ****     GPIO_InitStruct.Alternate = GPIO_AF2_TIM5;
 546:Core/Src/tim.c ****     HAL_GPIO_Init(GPIOA, &GPIO_InitStruct);
 547:Core/Src/tim.c **** 
ARM GAS  D:\software\msy64\tmp\ccMXFZVh.s 			page 19


 548:Core/Src/tim.c ****   /* USER CODE BEGIN TIM5_MspPostInit 1 */
 549:Core/Src/tim.c **** 
 550:Core/Src/tim.c ****   /* USER CODE END TIM5_MspPostInit 1 */
 551:Core/Src/tim.c ****   }
 552:Core/Src/tim.c **** 
 553:Core/Src/tim.c **** }
 432              		.loc 1 553 1 view .LVU110
 433 0030 0BB0     		add	sp, sp, #44
 434              	.LCFI10:
 435              		.cfi_remember_state
 436              		.cfi_def_cfa_offset 4
 437              		@ sp needed
 438 0032 5DF804FB 		ldr	pc, [sp], #4
 439              	.LVL29:
 440              	.L32:
 441              	.LCFI11:
 442              		.cfi_restore_state
 453:Core/Src/tim.c ****     /**TIM1 GPIO Configuration
 443              		.loc 1 453 5 is_stmt 1 view .LVU111
 444              	.LBB8:
 453:Core/Src/tim.c ****     /**TIM1 GPIO Configuration
 445              		.loc 1 453 5 view .LVU112
 446 0036 0023     		movs	r3, #0
 447 0038 0093     		str	r3, [sp]
 453:Core/Src/tim.c ****     /**TIM1 GPIO Configuration
 448              		.loc 1 453 5 view .LVU113
 449 003a 3C4B     		ldr	r3, .L37+16
 450 003c 1A6B     		ldr	r2, [r3, #48]
 451 003e 42F01002 		orr	r2, r2, #16
 452 0042 1A63     		str	r2, [r3, #48]
 453:Core/Src/tim.c ****     /**TIM1 GPIO Configuration
 453              		.loc 1 453 5 view .LVU114
 454 0044 1B6B     		ldr	r3, [r3, #48]
 455 0046 03F01003 		and	r3, r3, #16
 456 004a 0093     		str	r3, [sp]
 453:Core/Src/tim.c ****     /**TIM1 GPIO Configuration
 457              		.loc 1 453 5 view .LVU115
 458 004c 009B     		ldr	r3, [sp]
 459              	.LBE8:
 453:Core/Src/tim.c ****     /**TIM1 GPIO Configuration
 460              		.loc 1 453 5 view .LVU116
 457:Core/Src/tim.c ****     GPIO_InitStruct.Mode = GPIO_MODE_AF_PP;
 461              		.loc 1 457 5 view .LVU117
 457:Core/Src/tim.c ****     GPIO_InitStruct.Mode = GPIO_MODE_AF_PP;
 462              		.loc 1 457 25 is_stmt 0 view .LVU118
 463 004e 4FF40073 		mov	r3, #512
 464 0052 0593     		str	r3, [sp, #20]
 458:Core/Src/tim.c ****     GPIO_InitStruct.Pull = GPIO_NOPULL;
 465              		.loc 1 458 5 is_stmt 1 view .LVU119
 458:Core/Src/tim.c ****     GPIO_InitStruct.Pull = GPIO_NOPULL;
 466              		.loc 1 458 26 is_stmt 0 view .LVU120
 467 0054 0223     		movs	r3, #2
 468 0056 0693     		str	r3, [sp, #24]
 459:Core/Src/tim.c ****     GPIO_InitStruct.Speed = GPIO_SPEED_FREQ_LOW;
 469              		.loc 1 459 5 is_stmt 1 view .LVU121
 460:Core/Src/tim.c ****     GPIO_InitStruct.Alternate = GPIO_AF1_TIM1;
 470              		.loc 1 460 5 view .LVU122
ARM GAS  D:\software\msy64\tmp\ccMXFZVh.s 			page 20


 461:Core/Src/tim.c ****     HAL_GPIO_Init(GPIOE, &GPIO_InitStruct);
 471              		.loc 1 461 5 view .LVU123
 461:Core/Src/tim.c ****     HAL_GPIO_Init(GPIOE, &GPIO_InitStruct);
 472              		.loc 1 461 31 is_stmt 0 view .LVU124
 473 0058 0123     		movs	r3, #1
 474 005a 0993     		str	r3, [sp, #36]
 462:Core/Src/tim.c **** 
 475              		.loc 1 462 5 is_stmt 1 view .LVU125
 476 005c 05A9     		add	r1, sp, #20
 477 005e 3448     		ldr	r0, .L37+20
 478              	.LVL30:
 462:Core/Src/tim.c **** 
 479              		.loc 1 462 5 is_stmt 0 view .LVU126
 480 0060 FFF7FEFF 		bl	HAL_GPIO_Init
 481              	.LVL31:
 482 0064 E4E7     		b	.L25
 483              	.LVL32:
 484              	.L33:
 474:Core/Src/tim.c ****     /**TIM2 GPIO Configuration
 485              		.loc 1 474 5 is_stmt 1 view .LVU127
 486              	.LBB9:
 474:Core/Src/tim.c ****     /**TIM2 GPIO Configuration
 487              		.loc 1 474 5 view .LVU128
 488 0066 0023     		movs	r3, #0
 489 0068 0193     		str	r3, [sp, #4]
 474:Core/Src/tim.c ****     /**TIM2 GPIO Configuration
 490              		.loc 1 474 5 view .LVU129
 491 006a 304B     		ldr	r3, .L37+16
 492 006c 1A6B     		ldr	r2, [r3, #48]
 493 006e 42F00102 		orr	r2, r2, #1
 494 0072 1A63     		str	r2, [r3, #48]
 474:Core/Src/tim.c ****     /**TIM2 GPIO Configuration
 495              		.loc 1 474 5 view .LVU130
 496 0074 1B6B     		ldr	r3, [r3, #48]
 497 0076 03F00103 		and	r3, r3, #1
 498 007a 0193     		str	r3, [sp, #4]
 474:Core/Src/tim.c ****     /**TIM2 GPIO Configuration
 499              		.loc 1 474 5 view .LVU131
 500 007c 019B     		ldr	r3, [sp, #4]
 501              	.LBE9:
 474:Core/Src/tim.c ****     /**TIM2 GPIO Configuration
 502              		.loc 1 474 5 view .LVU132
 478:Core/Src/tim.c ****     GPIO_InitStruct.Mode = GPIO_MODE_AF_PP;
 503              		.loc 1 478 5 view .LVU133
 478:Core/Src/tim.c ****     GPIO_InitStruct.Mode = GPIO_MODE_AF_PP;
 504              		.loc 1 478 25 is_stmt 0 view .LVU134
 505 007e 2023     		movs	r3, #32
 506 0080 0593     		str	r3, [sp, #20]
 479:Core/Src/tim.c ****     GPIO_InitStruct.Pull = GPIO_NOPULL;
 507              		.loc 1 479 5 is_stmt 1 view .LVU135
 479:Core/Src/tim.c ****     GPIO_InitStruct.Pull = GPIO_NOPULL;
 508              		.loc 1 479 26 is_stmt 0 view .LVU136
 509 0082 0223     		movs	r3, #2
 510 0084 0693     		str	r3, [sp, #24]
 480:Core/Src/tim.c ****     GPIO_InitStruct.Speed = GPIO_SPEED_FREQ_LOW;
 511              		.loc 1 480 5 is_stmt 1 view .LVU137
 481:Core/Src/tim.c ****     GPIO_InitStruct.Alternate = GPIO_AF1_TIM2;
ARM GAS  D:\software\msy64\tmp\ccMXFZVh.s 			page 21


 512              		.loc 1 481 5 view .LVU138
 482:Core/Src/tim.c ****     HAL_GPIO_Init(GPIOA, &GPIO_InitStruct);
 513              		.loc 1 482 5 view .LVU139
 482:Core/Src/tim.c ****     HAL_GPIO_Init(GPIOA, &GPIO_InitStruct);
 514              		.loc 1 482 31 is_stmt 0 view .LVU140
 515 0086 0123     		movs	r3, #1
 516 0088 0993     		str	r3, [sp, #36]
 483:Core/Src/tim.c **** 
 517              		.loc 1 483 5 is_stmt 1 view .LVU141
 518 008a 05A9     		add	r1, sp, #20
 519 008c 2948     		ldr	r0, .L37+24
 520              	.LVL33:
 483:Core/Src/tim.c **** 
 521              		.loc 1 483 5 is_stmt 0 view .LVU142
 522 008e FFF7FEFF 		bl	HAL_GPIO_Init
 523              	.LVL34:
 524 0092 CDE7     		b	.L25
 525              	.LVL35:
 526              	.L34:
 495:Core/Src/tim.c ****     /**TIM3 GPIO Configuration
 527              		.loc 1 495 5 is_stmt 1 view .LVU143
 528              	.LBB10:
 495:Core/Src/tim.c ****     /**TIM3 GPIO Configuration
 529              		.loc 1 495 5 view .LVU144
 530 0094 0023     		movs	r3, #0
 531 0096 0293     		str	r3, [sp, #8]
 495:Core/Src/tim.c ****     /**TIM3 GPIO Configuration
 532              		.loc 1 495 5 view .LVU145
 533 0098 244B     		ldr	r3, .L37+16
 534 009a 1A6B     		ldr	r2, [r3, #48]
 535 009c 42F00102 		orr	r2, r2, #1
 536 00a0 1A63     		str	r2, [r3, #48]
 495:Core/Src/tim.c ****     /**TIM3 GPIO Configuration
 537              		.loc 1 495 5 view .LVU146
 538 00a2 1B6B     		ldr	r3, [r3, #48]
 539 00a4 03F00103 		and	r3, r3, #1
 540 00a8 0293     		str	r3, [sp, #8]
 495:Core/Src/tim.c ****     /**TIM3 GPIO Configuration
 541              		.loc 1 495 5 view .LVU147
 542 00aa 029B     		ldr	r3, [sp, #8]
 543              	.LBE10:
 495:Core/Src/tim.c ****     /**TIM3 GPIO Configuration
 544              		.loc 1 495 5 view .LVU148
 499:Core/Src/tim.c ****     GPIO_InitStruct.Mode = GPIO_MODE_AF_PP;
 545              		.loc 1 499 5 view .LVU149
 499:Core/Src/tim.c ****     GPIO_InitStruct.Mode = GPIO_MODE_AF_PP;
 546              		.loc 1 499 25 is_stmt 0 view .LVU150
 547 00ac 4023     		movs	r3, #64
 548 00ae 0593     		str	r3, [sp, #20]
 500:Core/Src/tim.c ****     GPIO_InitStruct.Pull = GPIO_NOPULL;
 549              		.loc 1 500 5 is_stmt 1 view .LVU151
 500:Core/Src/tim.c ****     GPIO_InitStruct.Pull = GPIO_NOPULL;
 550              		.loc 1 500 26 is_stmt 0 view .LVU152
 551 00b0 0223     		movs	r3, #2
 552 00b2 0693     		str	r3, [sp, #24]
 501:Core/Src/tim.c ****     GPIO_InitStruct.Speed = GPIO_SPEED_FREQ_LOW;
 553              		.loc 1 501 5 is_stmt 1 view .LVU153
ARM GAS  D:\software\msy64\tmp\ccMXFZVh.s 			page 22


 502:Core/Src/tim.c ****     GPIO_InitStruct.Alternate = GPIO_AF2_TIM3;
 554              		.loc 1 502 5 view .LVU154
 503:Core/Src/tim.c ****     HAL_GPIO_Init(GPIOA, &GPIO_InitStruct);
 555              		.loc 1 503 5 view .LVU155
 503:Core/Src/tim.c ****     HAL_GPIO_Init(GPIOA, &GPIO_InitStruct);
 556              		.loc 1 503 31 is_stmt 0 view .LVU156
 557 00b4 0993     		str	r3, [sp, #36]
 504:Core/Src/tim.c **** 
 558              		.loc 1 504 5 is_stmt 1 view .LVU157
 559 00b6 05A9     		add	r1, sp, #20
 560 00b8 1E48     		ldr	r0, .L37+24
 561              	.LVL36:
 504:Core/Src/tim.c **** 
 562              		.loc 1 504 5 is_stmt 0 view .LVU158
 563 00ba FFF7FEFF 		bl	HAL_GPIO_Init
 564              	.LVL37:
 565 00be B7E7     		b	.L25
 566              	.LVL38:
 567              	.L35:
 516:Core/Src/tim.c ****     /**TIM4 GPIO Configuration
 568              		.loc 1 516 5 is_stmt 1 view .LVU159
 569              	.LBB11:
 516:Core/Src/tim.c ****     /**TIM4 GPIO Configuration
 570              		.loc 1 516 5 view .LVU160
 571 00c0 0023     		movs	r3, #0
 572 00c2 0393     		str	r3, [sp, #12]
 516:Core/Src/tim.c ****     /**TIM4 GPIO Configuration
 573              		.loc 1 516 5 view .LVU161
 574 00c4 194B     		ldr	r3, .L37+16
 575 00c6 1A6B     		ldr	r2, [r3, #48]
 576 00c8 42F00802 		orr	r2, r2, #8
 577 00cc 1A63     		str	r2, [r3, #48]
 516:Core/Src/tim.c ****     /**TIM4 GPIO Configuration
 578              		.loc 1 516 5 view .LVU162
 579 00ce 1B6B     		ldr	r3, [r3, #48]
 580 00d0 03F00803 		and	r3, r3, #8
 581 00d4 0393     		str	r3, [sp, #12]
 516:Core/Src/tim.c ****     /**TIM4 GPIO Configuration
 582              		.loc 1 516 5 view .LVU163
 583 00d6 039B     		ldr	r3, [sp, #12]
 584              	.LBE11:
 516:Core/Src/tim.c ****     /**TIM4 GPIO Configuration
 585              		.loc 1 516 5 view .LVU164
 520:Core/Src/tim.c ****     GPIO_InitStruct.Mode = GPIO_MODE_AF_PP;
 586              		.loc 1 520 5 view .LVU165
 520:Core/Src/tim.c ****     GPIO_InitStruct.Mode = GPIO_MODE_AF_PP;
 587              		.loc 1 520 25 is_stmt 0 view .LVU166
 588 00d8 4FF48053 		mov	r3, #4096
 589 00dc 0593     		str	r3, [sp, #20]
 521:Core/Src/tim.c ****     GPIO_InitStruct.Pull = GPIO_NOPULL;
 590              		.loc 1 521 5 is_stmt 1 view .LVU167
 521:Core/Src/tim.c ****     GPIO_InitStruct.Pull = GPIO_NOPULL;
 591              		.loc 1 521 26 is_stmt 0 view .LVU168
 592 00de 0223     		movs	r3, #2
 593 00e0 0693     		str	r3, [sp, #24]
 522:Core/Src/tim.c ****     GPIO_InitStruct.Speed = GPIO_SPEED_FREQ_LOW;
 594              		.loc 1 522 5 is_stmt 1 view .LVU169
ARM GAS  D:\software\msy64\tmp\ccMXFZVh.s 			page 23


 523:Core/Src/tim.c ****     GPIO_InitStruct.Alternate = GPIO_AF2_TIM4;
 595              		.loc 1 523 5 view .LVU170
 524:Core/Src/tim.c ****     HAL_GPIO_Init(GPIOD, &GPIO_InitStruct);
 596              		.loc 1 524 5 view .LVU171
 524:Core/Src/tim.c ****     HAL_GPIO_Init(GPIOD, &GPIO_InitStruct);
 597              		.loc 1 524 31 is_stmt 0 view .LVU172
 598 00e2 0993     		str	r3, [sp, #36]
 525:Core/Src/tim.c **** 
 599              		.loc 1 525 5 is_stmt 1 view .LVU173
 600 00e4 05A9     		add	r1, sp, #20
 601 00e6 1448     		ldr	r0, .L37+28
 602              	.LVL39:
 525:Core/Src/tim.c **** 
 603              		.loc 1 525 5 is_stmt 0 view .LVU174
 604 00e8 FFF7FEFF 		bl	HAL_GPIO_Init
 605              	.LVL40:
 606 00ec A0E7     		b	.L25
 607              	.LVL41:
 608              	.L36:
 537:Core/Src/tim.c ****     /**TIM5 GPIO Configuration
 609              		.loc 1 537 5 is_stmt 1 view .LVU175
 610              	.LBB12:
 537:Core/Src/tim.c ****     /**TIM5 GPIO Configuration
 611              		.loc 1 537 5 view .LVU176
 612 00ee 0023     		movs	r3, #0
 613 00f0 0493     		str	r3, [sp, #16]
 537:Core/Src/tim.c ****     /**TIM5 GPIO Configuration
 614              		.loc 1 537 5 view .LVU177
 615 00f2 0E4B     		ldr	r3, .L37+16
 616 00f4 1A6B     		ldr	r2, [r3, #48]
 617 00f6 42F00102 		orr	r2, r2, #1
 618 00fa 1A63     		str	r2, [r3, #48]
 537:Core/Src/tim.c ****     /**TIM5 GPIO Configuration
 619              		.loc 1 537 5 view .LVU178
 620 00fc 1B6B     		ldr	r3, [r3, #48]
 621 00fe 03F00103 		and	r3, r3, #1
 622 0102 0493     		str	r3, [sp, #16]
 537:Core/Src/tim.c ****     /**TIM5 GPIO Configuration
 623              		.loc 1 537 5 view .LVU179
 624 0104 049B     		ldr	r3, [sp, #16]
 625              	.LBE12:
 537:Core/Src/tim.c ****     /**TIM5 GPIO Configuration
 626              		.loc 1 537 5 view .LVU180
 541:Core/Src/tim.c ****     GPIO_InitStruct.Mode = GPIO_MODE_AF_PP;
 627              		.loc 1 541 5 view .LVU181
 541:Core/Src/tim.c ****     GPIO_InitStruct.Mode = GPIO_MODE_AF_PP;
 628              		.loc 1 541 25 is_stmt 0 view .LVU182
 629 0106 0123     		movs	r3, #1
 630 0108 0593     		str	r3, [sp, #20]
 542:Core/Src/tim.c ****     GPIO_InitStruct.Pull = GPIO_NOPULL;
 631              		.loc 1 542 5 is_stmt 1 view .LVU183
 542:Core/Src/tim.c ****     GPIO_InitStruct.Pull = GPIO_NOPULL;
 632              		.loc 1 542 26 is_stmt 0 view .LVU184
 633 010a 0223     		movs	r3, #2
 634 010c 0693     		str	r3, [sp, #24]
 543:Core/Src/tim.c ****     GPIO_InitStruct.Speed = GPIO_SPEED_FREQ_LOW;
 635              		.loc 1 543 5 is_stmt 1 view .LVU185
ARM GAS  D:\software\msy64\tmp\ccMXFZVh.s 			page 24


 544:Core/Src/tim.c ****     GPIO_InitStruct.Alternate = GPIO_AF2_TIM5;
 636              		.loc 1 544 5 view .LVU186
 545:Core/Src/tim.c ****     HAL_GPIO_Init(GPIOA, &GPIO_InitStruct);
 637              		.loc 1 545 5 view .LVU187
 545:Core/Src/tim.c ****     HAL_GPIO_Init(GPIOA, &GPIO_InitStruct);
 638              		.loc 1 545 31 is_stmt 0 view .LVU188
 639 010e 0993     		str	r3, [sp, #36]
 546:Core/Src/tim.c **** 
 640              		.loc 1 546 5 is_stmt 1 view .LVU189
 641 0110 05A9     		add	r1, sp, #20
 642 0112 0848     		ldr	r0, .L37+24
 643              	.LVL42:
 546:Core/Src/tim.c **** 
 644              		.loc 1 546 5 is_stmt 0 view .LVU190
 645 0114 FFF7FEFF 		bl	HAL_GPIO_Init
 646              	.LVL43:
 647              		.loc 1 553 1 view .LVU191
 648 0118 8AE7     		b	.L25
 649              	.L38:
 650 011a 00BF     		.align	2
 651              	.L37:
 652 011c 00000140 		.word	1073807360
 653 0120 00040040 		.word	1073742848
 654 0124 00080040 		.word	1073743872
 655 0128 000C0040 		.word	1073744896
 656 012c 00380240 		.word	1073887232
 657 0130 00100240 		.word	1073876992
 658 0134 00000240 		.word	1073872896
 659 0138 000C0240 		.word	1073875968
 660              		.cfi_endproc
 661              	.LFE141:
 663              		.section	.text.MX_TIM1_Init,"ax",%progbits
 664              		.align	1
 665              		.global	MX_TIM1_Init
 666              		.syntax unified
 667              		.thumb
 668              		.thumb_func
 670              	MX_TIM1_Init:
 671              	.LFB134:
  36:Core/Src/tim.c **** 
 672              		.loc 1 36 1 is_stmt 1 view -0
 673              		.cfi_startproc
 674              		@ args = 0, pretend = 0, frame = 88
 675              		@ frame_needed = 0, uses_anonymous_args = 0
 676 0000 10B5     		push	{r4, lr}
 677              	.LCFI12:
 678              		.cfi_def_cfa_offset 8
 679              		.cfi_offset 4, -8
 680              		.cfi_offset 14, -4
 681 0002 96B0     		sub	sp, sp, #88
 682              	.LCFI13:
 683              		.cfi_def_cfa_offset 96
  42:Core/Src/tim.c ****   TIM_MasterConfigTypeDef sMasterConfig = {0};
 684              		.loc 1 42 3 view .LVU193
  42:Core/Src/tim.c ****   TIM_MasterConfigTypeDef sMasterConfig = {0};
 685              		.loc 1 42 26 is_stmt 0 view .LVU194
 686 0004 0024     		movs	r4, #0
ARM GAS  D:\software\msy64\tmp\ccMXFZVh.s 			page 25


 687 0006 1294     		str	r4, [sp, #72]
 688 0008 1394     		str	r4, [sp, #76]
 689 000a 1494     		str	r4, [sp, #80]
 690 000c 1594     		str	r4, [sp, #84]
  43:Core/Src/tim.c ****   TIM_OC_InitTypeDef sConfigOC = {0};
 691              		.loc 1 43 3 is_stmt 1 view .LVU195
  43:Core/Src/tim.c ****   TIM_OC_InitTypeDef sConfigOC = {0};
 692              		.loc 1 43 27 is_stmt 0 view .LVU196
 693 000e 1094     		str	r4, [sp, #64]
 694 0010 1194     		str	r4, [sp, #68]
  44:Core/Src/tim.c ****   TIM_BreakDeadTimeConfigTypeDef sBreakDeadTimeConfig = {0};
 695              		.loc 1 44 3 is_stmt 1 view .LVU197
  44:Core/Src/tim.c ****   TIM_BreakDeadTimeConfigTypeDef sBreakDeadTimeConfig = {0};
 696              		.loc 1 44 22 is_stmt 0 view .LVU198
 697 0012 0994     		str	r4, [sp, #36]
 698 0014 0A94     		str	r4, [sp, #40]
 699 0016 0B94     		str	r4, [sp, #44]
 700 0018 0C94     		str	r4, [sp, #48]
 701 001a 0D94     		str	r4, [sp, #52]
 702 001c 0E94     		str	r4, [sp, #56]
 703 001e 0F94     		str	r4, [sp, #60]
  45:Core/Src/tim.c **** 
 704              		.loc 1 45 3 is_stmt 1 view .LVU199
  45:Core/Src/tim.c **** 
 705              		.loc 1 45 34 is_stmt 0 view .LVU200
 706 0020 2022     		movs	r2, #32
 707 0022 2146     		mov	r1, r4
 708 0024 01A8     		add	r0, sp, #4
 709 0026 FFF7FEFF 		bl	memset
 710              	.LVL44:
  50:Core/Src/tim.c ****   htim1.Init.Prescaler = 300-1;
 711              		.loc 1 50 3 is_stmt 1 view .LVU201
  50:Core/Src/tim.c ****   htim1.Init.Prescaler = 300-1;
 712              		.loc 1 50 18 is_stmt 0 view .LVU202
 713 002a 2F48     		ldr	r0, .L53
 714 002c 2F4B     		ldr	r3, .L53+4
 715 002e 0360     		str	r3, [r0]
  51:Core/Src/tim.c ****   htim1.Init.CounterMode = TIM_COUNTERMODE_UP;
 716              		.loc 1 51 3 is_stmt 1 view .LVU203
  51:Core/Src/tim.c ****   htim1.Init.CounterMode = TIM_COUNTERMODE_UP;
 717              		.loc 1 51 24 is_stmt 0 view .LVU204
 718 0030 40F22B13 		movw	r3, #299
 719 0034 4360     		str	r3, [r0, #4]
  52:Core/Src/tim.c ****   htim1.Init.Period = 7200-1;
 720              		.loc 1 52 3 is_stmt 1 view .LVU205
  52:Core/Src/tim.c ****   htim1.Init.Period = 7200-1;
 721              		.loc 1 52 26 is_stmt 0 view .LVU206
 722 0036 8460     		str	r4, [r0, #8]
  53:Core/Src/tim.c ****   htim1.Init.ClockDivision = TIM_CLOCKDIVISION_DIV1;
 723              		.loc 1 53 3 is_stmt 1 view .LVU207
  53:Core/Src/tim.c ****   htim1.Init.ClockDivision = TIM_CLOCKDIVISION_DIV1;
 724              		.loc 1 53 21 is_stmt 0 view .LVU208
 725 0038 41F61F43 		movw	r3, #7199
 726 003c C360     		str	r3, [r0, #12]
  54:Core/Src/tim.c ****   htim1.Init.RepetitionCounter = 0;
 727              		.loc 1 54 3 is_stmt 1 view .LVU209
  54:Core/Src/tim.c ****   htim1.Init.RepetitionCounter = 0;
ARM GAS  D:\software\msy64\tmp\ccMXFZVh.s 			page 26


 728              		.loc 1 54 28 is_stmt 0 view .LVU210
 729 003e 0461     		str	r4, [r0, #16]
  55:Core/Src/tim.c ****   htim1.Init.AutoReloadPreload = TIM_AUTORELOAD_PRELOAD_DISABLE;
 730              		.loc 1 55 3 is_stmt 1 view .LVU211
  55:Core/Src/tim.c ****   htim1.Init.AutoReloadPreload = TIM_AUTORELOAD_PRELOAD_DISABLE;
 731              		.loc 1 55 32 is_stmt 0 view .LVU212
 732 0040 4461     		str	r4, [r0, #20]
  56:Core/Src/tim.c ****   if (HAL_TIM_Base_Init(&htim1) != HAL_OK)
 733              		.loc 1 56 3 is_stmt 1 view .LVU213
  56:Core/Src/tim.c ****   if (HAL_TIM_Base_Init(&htim1) != HAL_OK)
 734              		.loc 1 56 32 is_stmt 0 view .LVU214
 735 0042 8461     		str	r4, [r0, #24]
  57:Core/Src/tim.c ****   {
 736              		.loc 1 57 3 is_stmt 1 view .LVU215
  57:Core/Src/tim.c ****   {
 737              		.loc 1 57 7 is_stmt 0 view .LVU216
 738 0044 FFF7FEFF 		bl	HAL_TIM_Base_Init
 739              	.LVL45:
  57:Core/Src/tim.c ****   {
 740              		.loc 1 57 6 discriminator 1 view .LVU217
 741 0048 0028     		cmp	r0, #0
 742 004a 3AD1     		bne	.L47
 743              	.L40:
  61:Core/Src/tim.c ****   if (HAL_TIM_ConfigClockSource(&htim1, &sClockSourceConfig) != HAL_OK)
 744              		.loc 1 61 3 is_stmt 1 view .LVU218
  61:Core/Src/tim.c ****   if (HAL_TIM_ConfigClockSource(&htim1, &sClockSourceConfig) != HAL_OK)
 745              		.loc 1 61 34 is_stmt 0 view .LVU219
 746 004c 4FF48053 		mov	r3, #4096
 747 0050 1293     		str	r3, [sp, #72]
  62:Core/Src/tim.c ****   {
 748              		.loc 1 62 3 is_stmt 1 view .LVU220
  62:Core/Src/tim.c ****   {
 749              		.loc 1 62 7 is_stmt 0 view .LVU221
 750 0052 12A9     		add	r1, sp, #72
 751 0054 2448     		ldr	r0, .L53
 752 0056 FFF7FEFF 		bl	HAL_TIM_ConfigClockSource
 753              	.LVL46:
  62:Core/Src/tim.c ****   {
 754              		.loc 1 62 6 discriminator 1 view .LVU222
 755 005a 0028     		cmp	r0, #0
 756 005c 34D1     		bne	.L48
 757              	.L41:
  66:Core/Src/tim.c ****   {
 758              		.loc 1 66 3 is_stmt 1 view .LVU223
  66:Core/Src/tim.c ****   {
 759              		.loc 1 66 7 is_stmt 0 view .LVU224
 760 005e 2248     		ldr	r0, .L53
 761 0060 FFF7FEFF 		bl	HAL_TIM_PWM_Init
 762              	.LVL47:
  66:Core/Src/tim.c ****   {
 763              		.loc 1 66 6 discriminator 1 view .LVU225
 764 0064 0028     		cmp	r0, #0
 765 0066 32D1     		bne	.L49
 766              	.L42:
  70:Core/Src/tim.c ****   sMasterConfig.MasterSlaveMode = TIM_MASTERSLAVEMODE_DISABLE;
 767              		.loc 1 70 3 is_stmt 1 view .LVU226
  70:Core/Src/tim.c ****   sMasterConfig.MasterSlaveMode = TIM_MASTERSLAVEMODE_DISABLE;
ARM GAS  D:\software\msy64\tmp\ccMXFZVh.s 			page 27


 768              		.loc 1 70 37 is_stmt 0 view .LVU227
 769 0068 0023     		movs	r3, #0
 770 006a 1093     		str	r3, [sp, #64]
  71:Core/Src/tim.c ****   if (HAL_TIMEx_MasterConfigSynchronization(&htim1, &sMasterConfig) != HAL_OK)
 771              		.loc 1 71 3 is_stmt 1 view .LVU228
  71:Core/Src/tim.c ****   if (HAL_TIMEx_MasterConfigSynchronization(&htim1, &sMasterConfig) != HAL_OK)
 772              		.loc 1 71 33 is_stmt 0 view .LVU229
 773 006c 1193     		str	r3, [sp, #68]
  72:Core/Src/tim.c ****   {
 774              		.loc 1 72 3 is_stmt 1 view .LVU230
  72:Core/Src/tim.c ****   {
 775              		.loc 1 72 7 is_stmt 0 view .LVU231
 776 006e 10A9     		add	r1, sp, #64
 777 0070 1D48     		ldr	r0, .L53
 778 0072 FFF7FEFF 		bl	HAL_TIMEx_MasterConfigSynchronization
 779              	.LVL48:
  72:Core/Src/tim.c ****   {
 780              		.loc 1 72 6 discriminator 1 view .LVU232
 781 0076 0028     		cmp	r0, #0
 782 0078 2CD1     		bne	.L50
 783              	.L43:
  76:Core/Src/tim.c ****   sConfigOC.Pulse = 3600-1;
 784              		.loc 1 76 3 is_stmt 1 view .LVU233
  76:Core/Src/tim.c ****   sConfigOC.Pulse = 3600-1;
 785              		.loc 1 76 20 is_stmt 0 view .LVU234
 786 007a 6023     		movs	r3, #96
 787 007c 0993     		str	r3, [sp, #36]
  77:Core/Src/tim.c ****   sConfigOC.OCPolarity = TIM_OCPOLARITY_HIGH;
 788              		.loc 1 77 3 is_stmt 1 view .LVU235
  77:Core/Src/tim.c ****   sConfigOC.OCPolarity = TIM_OCPOLARITY_HIGH;
 789              		.loc 1 77 19 is_stmt 0 view .LVU236
 790 007e 40F60F63 		movw	r3, #3599
 791 0082 0A93     		str	r3, [sp, #40]
  78:Core/Src/tim.c ****   sConfigOC.OCNPolarity = TIM_OCNPOLARITY_HIGH;
 792              		.loc 1 78 3 is_stmt 1 view .LVU237
  78:Core/Src/tim.c ****   sConfigOC.OCNPolarity = TIM_OCNPOLARITY_HIGH;
 793              		.loc 1 78 24 is_stmt 0 view .LVU238
 794 0084 0022     		movs	r2, #0
 795 0086 0B92     		str	r2, [sp, #44]
  79:Core/Src/tim.c ****   sConfigOC.OCFastMode = TIM_OCFAST_DISABLE;
 796              		.loc 1 79 3 is_stmt 1 view .LVU239
  79:Core/Src/tim.c ****   sConfigOC.OCFastMode = TIM_OCFAST_DISABLE;
 797              		.loc 1 79 25 is_stmt 0 view .LVU240
 798 0088 0C92     		str	r2, [sp, #48]
  80:Core/Src/tim.c ****   sConfigOC.OCIdleState = TIM_OCIDLESTATE_RESET;
 799              		.loc 1 80 3 is_stmt 1 view .LVU241
  80:Core/Src/tim.c ****   sConfigOC.OCIdleState = TIM_OCIDLESTATE_RESET;
 800              		.loc 1 80 24 is_stmt 0 view .LVU242
 801 008a 0D92     		str	r2, [sp, #52]
  81:Core/Src/tim.c ****   sConfigOC.OCNIdleState = TIM_OCNIDLESTATE_RESET;
 802              		.loc 1 81 3 is_stmt 1 view .LVU243
  81:Core/Src/tim.c ****   sConfigOC.OCNIdleState = TIM_OCNIDLESTATE_RESET;
 803              		.loc 1 81 25 is_stmt 0 view .LVU244
 804 008c 0E92     		str	r2, [sp, #56]
  82:Core/Src/tim.c ****   if (HAL_TIM_PWM_ConfigChannel(&htim1, &sConfigOC, TIM_CHANNEL_1) != HAL_OK)
 805              		.loc 1 82 3 is_stmt 1 view .LVU245
  82:Core/Src/tim.c ****   if (HAL_TIM_PWM_ConfigChannel(&htim1, &sConfigOC, TIM_CHANNEL_1) != HAL_OK)
ARM GAS  D:\software\msy64\tmp\ccMXFZVh.s 			page 28


 806              		.loc 1 82 26 is_stmt 0 view .LVU246
 807 008e 0F92     		str	r2, [sp, #60]
  83:Core/Src/tim.c ****   {
 808              		.loc 1 83 3 is_stmt 1 view .LVU247
  83:Core/Src/tim.c ****   {
 809              		.loc 1 83 7 is_stmt 0 view .LVU248
 810 0090 09A9     		add	r1, sp, #36
 811 0092 1548     		ldr	r0, .L53
 812 0094 FFF7FEFF 		bl	HAL_TIM_PWM_ConfigChannel
 813              	.LVL49:
  83:Core/Src/tim.c ****   {
 814              		.loc 1 83 6 discriminator 1 view .LVU249
 815 0098 F8B9     		cbnz	r0, .L51
 816              	.L44:
  87:Core/Src/tim.c ****   sBreakDeadTimeConfig.OffStateIDLEMode = TIM_OSSI_DISABLE;
 817              		.loc 1 87 3 is_stmt 1 view .LVU250
  87:Core/Src/tim.c ****   sBreakDeadTimeConfig.OffStateIDLEMode = TIM_OSSI_DISABLE;
 818              		.loc 1 87 40 is_stmt 0 view .LVU251
 819 009a 0023     		movs	r3, #0
 820 009c 0193     		str	r3, [sp, #4]
  88:Core/Src/tim.c ****   sBreakDeadTimeConfig.LockLevel = TIM_LOCKLEVEL_OFF;
 821              		.loc 1 88 3 is_stmt 1 view .LVU252
  88:Core/Src/tim.c ****   sBreakDeadTimeConfig.LockLevel = TIM_LOCKLEVEL_OFF;
 822              		.loc 1 88 41 is_stmt 0 view .LVU253
 823 009e 0293     		str	r3, [sp, #8]
  89:Core/Src/tim.c ****   sBreakDeadTimeConfig.DeadTime = 0;
 824              		.loc 1 89 3 is_stmt 1 view .LVU254
  89:Core/Src/tim.c ****   sBreakDeadTimeConfig.DeadTime = 0;
 825              		.loc 1 89 34 is_stmt 0 view .LVU255
 826 00a0 0393     		str	r3, [sp, #12]
  90:Core/Src/tim.c ****   sBreakDeadTimeConfig.BreakState = TIM_BREAK_DISABLE;
 827              		.loc 1 90 3 is_stmt 1 view .LVU256
  90:Core/Src/tim.c ****   sBreakDeadTimeConfig.BreakState = TIM_BREAK_DISABLE;
 828              		.loc 1 90 33 is_stmt 0 view .LVU257
 829 00a2 0493     		str	r3, [sp, #16]
  91:Core/Src/tim.c ****   sBreakDeadTimeConfig.BreakPolarity = TIM_BREAKPOLARITY_HIGH;
 830              		.loc 1 91 3 is_stmt 1 view .LVU258
  91:Core/Src/tim.c ****   sBreakDeadTimeConfig.BreakPolarity = TIM_BREAKPOLARITY_HIGH;
 831              		.loc 1 91 35 is_stmt 0 view .LVU259
 832 00a4 0593     		str	r3, [sp, #20]
  92:Core/Src/tim.c ****   sBreakDeadTimeConfig.AutomaticOutput = TIM_AUTOMATICOUTPUT_DISABLE;
 833              		.loc 1 92 3 is_stmt 1 view .LVU260
  92:Core/Src/tim.c ****   sBreakDeadTimeConfig.AutomaticOutput = TIM_AUTOMATICOUTPUT_DISABLE;
 834              		.loc 1 92 38 is_stmt 0 view .LVU261
 835 00a6 4FF40052 		mov	r2, #8192
 836 00aa 0692     		str	r2, [sp, #24]
  93:Core/Src/tim.c ****   if (HAL_TIMEx_ConfigBreakDeadTime(&htim1, &sBreakDeadTimeConfig) != HAL_OK)
 837              		.loc 1 93 3 is_stmt 1 view .LVU262
  93:Core/Src/tim.c ****   if (HAL_TIMEx_ConfigBreakDeadTime(&htim1, &sBreakDeadTimeConfig) != HAL_OK)
 838              		.loc 1 93 40 is_stmt 0 view .LVU263
 839 00ac 0893     		str	r3, [sp, #32]
  94:Core/Src/tim.c ****   {
 840              		.loc 1 94 3 is_stmt 1 view .LVU264
  94:Core/Src/tim.c ****   {
 841              		.loc 1 94 7 is_stmt 0 view .LVU265
 842 00ae 01A9     		add	r1, sp, #4
 843 00b0 0D48     		ldr	r0, .L53
ARM GAS  D:\software\msy64\tmp\ccMXFZVh.s 			page 29


 844 00b2 FFF7FEFF 		bl	HAL_TIMEx_ConfigBreakDeadTime
 845              	.LVL50:
  94:Core/Src/tim.c ****   {
 846              		.loc 1 94 6 discriminator 1 view .LVU266
 847 00b6 98B9     		cbnz	r0, .L52
 848              	.L45:
 101:Core/Src/tim.c **** 
 849              		.loc 1 101 3 is_stmt 1 view .LVU267
 850 00b8 0B48     		ldr	r0, .L53
 851 00ba FFF7FEFF 		bl	HAL_TIM_MspPostInit
 852              	.LVL51:
 103:Core/Src/tim.c **** /* TIM2 init function */
 853              		.loc 1 103 1 is_stmt 0 view .LVU268
 854 00be 16B0     		add	sp, sp, #88
 855              	.LCFI14:
 856              		.cfi_remember_state
 857              		.cfi_def_cfa_offset 8
 858              		@ sp needed
 859 00c0 10BD     		pop	{r4, pc}
 860              	.L47:
 861              	.LCFI15:
 862              		.cfi_restore_state
  59:Core/Src/tim.c ****   }
 863              		.loc 1 59 5 is_stmt 1 view .LVU269
 864 00c2 FFF7FEFF 		bl	Error_Handler
 865              	.LVL52:
 866 00c6 C1E7     		b	.L40
 867              	.L48:
  64:Core/Src/tim.c ****   }
 868              		.loc 1 64 5 view .LVU270
 869 00c8 FFF7FEFF 		bl	Error_Handler
 870              	.LVL53:
 871 00cc C7E7     		b	.L41
 872              	.L49:
  68:Core/Src/tim.c ****   }
 873              		.loc 1 68 5 view .LVU271
 874 00ce FFF7FEFF 		bl	Error_Handler
 875              	.LVL54:
 876 00d2 C9E7     		b	.L42
 877              	.L50:
  74:Core/Src/tim.c ****   }
 878              		.loc 1 74 5 view .LVU272
 879 00d4 FFF7FEFF 		bl	Error_Handler
 880              	.LVL55:
 881 00d8 CFE7     		b	.L43
 882              	.L51:
  85:Core/Src/tim.c ****   }
 883              		.loc 1 85 5 view .LVU273
 884 00da FFF7FEFF 		bl	Error_Handler
 885              	.LVL56:
 886 00de DCE7     		b	.L44
 887              	.L52:
  96:Core/Src/tim.c ****   }
 888              		.loc 1 96 5 view .LVU274
 889 00e0 FFF7FEFF 		bl	Error_Handler
 890              	.LVL57:
 891 00e4 E8E7     		b	.L45
ARM GAS  D:\software\msy64\tmp\ccMXFZVh.s 			page 30


 892              	.L54:
 893 00e6 00BF     		.align	2
 894              	.L53:
 895 00e8 00000000 		.word	htim1
 896 00ec 00000140 		.word	1073807360
 897              		.cfi_endproc
 898              	.LFE134:
 900              		.section	.text.MX_TIM2_Init,"ax",%progbits
 901              		.align	1
 902              		.global	MX_TIM2_Init
 903              		.syntax unified
 904              		.thumb
 905              		.thumb_func
 907              	MX_TIM2_Init:
 908              	.LFB135:
 106:Core/Src/tim.c **** 
 909              		.loc 1 106 1 view -0
 910              		.cfi_startproc
 911              		@ args = 0, pretend = 0, frame = 56
 912              		@ frame_needed = 0, uses_anonymous_args = 0
 913 0000 00B5     		push	{lr}
 914              	.LCFI16:
 915              		.cfi_def_cfa_offset 4
 916              		.cfi_offset 14, -4
 917 0002 8FB0     		sub	sp, sp, #60
 918              	.LCFI17:
 919              		.cfi_def_cfa_offset 64
 112:Core/Src/tim.c ****   TIM_MasterConfigTypeDef sMasterConfig = {0};
 920              		.loc 1 112 3 view .LVU276
 112:Core/Src/tim.c ****   TIM_MasterConfigTypeDef sMasterConfig = {0};
 921              		.loc 1 112 26 is_stmt 0 view .LVU277
 922 0004 0023     		movs	r3, #0
 923 0006 0A93     		str	r3, [sp, #40]
 924 0008 0B93     		str	r3, [sp, #44]
 925 000a 0C93     		str	r3, [sp, #48]
 926 000c 0D93     		str	r3, [sp, #52]
 113:Core/Src/tim.c ****   TIM_OC_InitTypeDef sConfigOC = {0};
 927              		.loc 1 113 3 is_stmt 1 view .LVU278
 113:Core/Src/tim.c ****   TIM_OC_InitTypeDef sConfigOC = {0};
 928              		.loc 1 113 27 is_stmt 0 view .LVU279
 929 000e 0893     		str	r3, [sp, #32]
 930 0010 0993     		str	r3, [sp, #36]
 114:Core/Src/tim.c **** 
 931              		.loc 1 114 3 is_stmt 1 view .LVU280
 114:Core/Src/tim.c **** 
 932              		.loc 1 114 22 is_stmt 0 view .LVU281
 933 0012 0193     		str	r3, [sp, #4]
 934 0014 0293     		str	r3, [sp, #8]
 935 0016 0393     		str	r3, [sp, #12]
 936 0018 0493     		str	r3, [sp, #16]
 937 001a 0593     		str	r3, [sp, #20]
 938 001c 0693     		str	r3, [sp, #24]
 939 001e 0793     		str	r3, [sp, #28]
 119:Core/Src/tim.c ****   htim2.Init.Prescaler = 300-1;
 940              		.loc 1 119 3 is_stmt 1 view .LVU282
 119:Core/Src/tim.c ****   htim2.Init.Prescaler = 300-1;
 941              		.loc 1 119 18 is_stmt 0 view .LVU283
ARM GAS  D:\software\msy64\tmp\ccMXFZVh.s 			page 31


 942 0020 2248     		ldr	r0, .L67
 943 0022 4FF08042 		mov	r2, #1073741824
 944 0026 0260     		str	r2, [r0]
 120:Core/Src/tim.c ****   htim2.Init.CounterMode = TIM_COUNTERMODE_UP;
 945              		.loc 1 120 3 is_stmt 1 view .LVU284
 120:Core/Src/tim.c ****   htim2.Init.CounterMode = TIM_COUNTERMODE_UP;
 946              		.loc 1 120 24 is_stmt 0 view .LVU285
 947 0028 40F22B12 		movw	r2, #299
 948 002c 4260     		str	r2, [r0, #4]
 121:Core/Src/tim.c ****   htim2.Init.Period = 7200-1;
 949              		.loc 1 121 3 is_stmt 1 view .LVU286
 121:Core/Src/tim.c ****   htim2.Init.Period = 7200-1;
 950              		.loc 1 121 26 is_stmt 0 view .LVU287
 951 002e 8360     		str	r3, [r0, #8]
 122:Core/Src/tim.c ****   htim2.Init.ClockDivision = TIM_CLOCKDIVISION_DIV1;
 952              		.loc 1 122 3 is_stmt 1 view .LVU288
 122:Core/Src/tim.c ****   htim2.Init.ClockDivision = TIM_CLOCKDIVISION_DIV1;
 953              		.loc 1 122 21 is_stmt 0 view .LVU289
 954 0030 41F61F42 		movw	r2, #7199
 955 0034 C260     		str	r2, [r0, #12]
 123:Core/Src/tim.c ****   htim2.Init.AutoReloadPreload = TIM_AUTORELOAD_PRELOAD_DISABLE;
 956              		.loc 1 123 3 is_stmt 1 view .LVU290
 123:Core/Src/tim.c ****   htim2.Init.AutoReloadPreload = TIM_AUTORELOAD_PRELOAD_DISABLE;
 957              		.loc 1 123 28 is_stmt 0 view .LVU291
 958 0036 0361     		str	r3, [r0, #16]
 124:Core/Src/tim.c ****   if (HAL_TIM_Base_Init(&htim2) != HAL_OK)
 959              		.loc 1 124 3 is_stmt 1 view .LVU292
 124:Core/Src/tim.c ****   if (HAL_TIM_Base_Init(&htim2) != HAL_OK)
 960              		.loc 1 124 32 is_stmt 0 view .LVU293
 961 0038 8361     		str	r3, [r0, #24]
 125:Core/Src/tim.c ****   {
 962              		.loc 1 125 3 is_stmt 1 view .LVU294
 125:Core/Src/tim.c ****   {
 963              		.loc 1 125 7 is_stmt 0 view .LVU295
 964 003a FFF7FEFF 		bl	HAL_TIM_Base_Init
 965              	.LVL58:
 125:Core/Src/tim.c ****   {
 966              		.loc 1 125 6 discriminator 1 view .LVU296
 967 003e 30BB     		cbnz	r0, .L62
 968              	.L56:
 129:Core/Src/tim.c ****   if (HAL_TIM_ConfigClockSource(&htim2, &sClockSourceConfig) != HAL_OK)
 969              		.loc 1 129 3 is_stmt 1 view .LVU297
 129:Core/Src/tim.c ****   if (HAL_TIM_ConfigClockSource(&htim2, &sClockSourceConfig) != HAL_OK)
 970              		.loc 1 129 34 is_stmt 0 view .LVU298
 971 0040 4FF48053 		mov	r3, #4096
 972 0044 0A93     		str	r3, [sp, #40]
 130:Core/Src/tim.c ****   {
 973              		.loc 1 130 3 is_stmt 1 view .LVU299
 130:Core/Src/tim.c ****   {
 974              		.loc 1 130 7 is_stmt 0 view .LVU300
 975 0046 0AA9     		add	r1, sp, #40
 976 0048 1848     		ldr	r0, .L67
 977 004a FFF7FEFF 		bl	HAL_TIM_ConfigClockSource
 978              	.LVL59:
 130:Core/Src/tim.c ****   {
 979              		.loc 1 130 6 discriminator 1 view .LVU301
 980 004e 08BB     		cbnz	r0, .L63
ARM GAS  D:\software\msy64\tmp\ccMXFZVh.s 			page 32


 981              	.L57:
 134:Core/Src/tim.c ****   {
 982              		.loc 1 134 3 is_stmt 1 view .LVU302
 134:Core/Src/tim.c ****   {
 983              		.loc 1 134 7 is_stmt 0 view .LVU303
 984 0050 1648     		ldr	r0, .L67
 985 0052 FFF7FEFF 		bl	HAL_TIM_PWM_Init
 986              	.LVL60:
 134:Core/Src/tim.c ****   {
 987              		.loc 1 134 6 discriminator 1 view .LVU304
 988 0056 00BB     		cbnz	r0, .L64
 989              	.L58:
 138:Core/Src/tim.c ****   sMasterConfig.MasterSlaveMode = TIM_MASTERSLAVEMODE_DISABLE;
 990              		.loc 1 138 3 is_stmt 1 view .LVU305
 138:Core/Src/tim.c ****   sMasterConfig.MasterSlaveMode = TIM_MASTERSLAVEMODE_DISABLE;
 991              		.loc 1 138 37 is_stmt 0 view .LVU306
 992 0058 0023     		movs	r3, #0
 993 005a 0893     		str	r3, [sp, #32]
 139:Core/Src/tim.c ****   if (HAL_TIMEx_MasterConfigSynchronization(&htim2, &sMasterConfig) != HAL_OK)
 994              		.loc 1 139 3 is_stmt 1 view .LVU307
 139:Core/Src/tim.c ****   if (HAL_TIMEx_MasterConfigSynchronization(&htim2, &sMasterConfig) != HAL_OK)
 995              		.loc 1 139 33 is_stmt 0 view .LVU308
 996 005c 0993     		str	r3, [sp, #36]
 140:Core/Src/tim.c ****   {
 997              		.loc 1 140 3 is_stmt 1 view .LVU309
 140:Core/Src/tim.c ****   {
 998              		.loc 1 140 7 is_stmt 0 view .LVU310
 999 005e 08A9     		add	r1, sp, #32
 1000 0060 1248     		ldr	r0, .L67
 1001 0062 FFF7FEFF 		bl	HAL_TIMEx_MasterConfigSynchronization
 1002              	.LVL61:
 140:Core/Src/tim.c ****   {
 1003              		.loc 1 140 6 discriminator 1 view .LVU311
 1004 0066 D8B9     		cbnz	r0, .L65
 1005              	.L59:
 144:Core/Src/tim.c ****   sConfigOC.Pulse = 3600-1;
 1006              		.loc 1 144 3 is_stmt 1 view .LVU312
 144:Core/Src/tim.c ****   sConfigOC.Pulse = 3600-1;
 1007              		.loc 1 144 20 is_stmt 0 view .LVU313
 1008 0068 6023     		movs	r3, #96
 1009 006a 0193     		str	r3, [sp, #4]
 145:Core/Src/tim.c ****   sConfigOC.OCPolarity = TIM_OCPOLARITY_HIGH;
 1010              		.loc 1 145 3 is_stmt 1 view .LVU314
 145:Core/Src/tim.c ****   sConfigOC.OCPolarity = TIM_OCPOLARITY_HIGH;
 1011              		.loc 1 145 19 is_stmt 0 view .LVU315
 1012 006c 40F60F63 		movw	r3, #3599
 1013 0070 0293     		str	r3, [sp, #8]
 146:Core/Src/tim.c ****   sConfigOC.OCFastMode = TIM_OCFAST_DISABLE;
 1014              		.loc 1 146 3 is_stmt 1 view .LVU316
 146:Core/Src/tim.c ****   sConfigOC.OCFastMode = TIM_OCFAST_DISABLE;
 1015              		.loc 1 146 24 is_stmt 0 view .LVU317
 1016 0072 0022     		movs	r2, #0
 1017 0074 0392     		str	r2, [sp, #12]
 147:Core/Src/tim.c ****   if (HAL_TIM_PWM_ConfigChannel(&htim2, &sConfigOC, TIM_CHANNEL_1) != HAL_OK)
 1018              		.loc 1 147 3 is_stmt 1 view .LVU318
 147:Core/Src/tim.c ****   if (HAL_TIM_PWM_ConfigChannel(&htim2, &sConfigOC, TIM_CHANNEL_1) != HAL_OK)
 1019              		.loc 1 147 24 is_stmt 0 view .LVU319
ARM GAS  D:\software\msy64\tmp\ccMXFZVh.s 			page 33


 1020 0076 0592     		str	r2, [sp, #20]
 148:Core/Src/tim.c ****   {
 1021              		.loc 1 148 3 is_stmt 1 view .LVU320
 148:Core/Src/tim.c ****   {
 1022              		.loc 1 148 7 is_stmt 0 view .LVU321
 1023 0078 01A9     		add	r1, sp, #4
 1024 007a 0C48     		ldr	r0, .L67
 1025 007c FFF7FEFF 		bl	HAL_TIM_PWM_ConfigChannel
 1026              	.LVL62:
 148:Core/Src/tim.c ****   {
 1027              		.loc 1 148 6 discriminator 1 view .LVU322
 1028 0080 88B9     		cbnz	r0, .L66
 1029              	.L60:
 155:Core/Src/tim.c **** 
 1030              		.loc 1 155 3 is_stmt 1 view .LVU323
 1031 0082 0A48     		ldr	r0, .L67
 1032 0084 FFF7FEFF 		bl	HAL_TIM_MspPostInit
 1033              	.LVL63:
 157:Core/Src/tim.c **** /* TIM3 init function */
 1034              		.loc 1 157 1 is_stmt 0 view .LVU324
 1035 0088 0FB0     		add	sp, sp, #60
 1036              	.LCFI18:
 1037              		.cfi_remember_state
 1038              		.cfi_def_cfa_offset 4
 1039              		@ sp needed
 1040 008a 5DF804FB 		ldr	pc, [sp], #4
 1041              	.L62:
 1042              	.LCFI19:
 1043              		.cfi_restore_state
 127:Core/Src/tim.c ****   }
 1044              		.loc 1 127 5 is_stmt 1 view .LVU325
 1045 008e FFF7FEFF 		bl	Error_Handler
 1046              	.LVL64:
 1047 0092 D5E7     		b	.L56
 1048              	.L63:
 132:Core/Src/tim.c ****   }
 1049              		.loc 1 132 5 view .LVU326
 1050 0094 FFF7FEFF 		bl	Error_Handler
 1051              	.LVL65:
 1052 0098 DAE7     		b	.L57
 1053              	.L64:
 136:Core/Src/tim.c ****   }
 1054              		.loc 1 136 5 view .LVU327
 1055 009a FFF7FEFF 		bl	Error_Handler
 1056              	.LVL66:
 1057 009e DBE7     		b	.L58
 1058              	.L65:
 142:Core/Src/tim.c ****   }
 1059              		.loc 1 142 5 view .LVU328
 1060 00a0 FFF7FEFF 		bl	Error_Handler
 1061              	.LVL67:
 1062 00a4 E0E7     		b	.L59
 1063              	.L66:
 150:Core/Src/tim.c ****   }
 1064              		.loc 1 150 5 view .LVU329
 1065 00a6 FFF7FEFF 		bl	Error_Handler
 1066              	.LVL68:
ARM GAS  D:\software\msy64\tmp\ccMXFZVh.s 			page 34


 1067 00aa EAE7     		b	.L60
 1068              	.L68:
 1069              		.align	2
 1070              	.L67:
 1071 00ac 00000000 		.word	htim2
 1072              		.cfi_endproc
 1073              	.LFE135:
 1075              		.section	.text.MX_TIM3_Init,"ax",%progbits
 1076              		.align	1
 1077              		.global	MX_TIM3_Init
 1078              		.syntax unified
 1079              		.thumb
 1080              		.thumb_func
 1082              	MX_TIM3_Init:
 1083              	.LFB136:
 160:Core/Src/tim.c **** 
 1084              		.loc 1 160 1 view -0
 1085              		.cfi_startproc
 1086              		@ args = 0, pretend = 0, frame = 56
 1087              		@ frame_needed = 0, uses_anonymous_args = 0
 1088 0000 00B5     		push	{lr}
 1089              	.LCFI20:
 1090              		.cfi_def_cfa_offset 4
 1091              		.cfi_offset 14, -4
 1092 0002 8FB0     		sub	sp, sp, #60
 1093              	.LCFI21:
 1094              		.cfi_def_cfa_offset 64
 166:Core/Src/tim.c ****   TIM_MasterConfigTypeDef sMasterConfig = {0};
 1095              		.loc 1 166 3 view .LVU331
 166:Core/Src/tim.c ****   TIM_MasterConfigTypeDef sMasterConfig = {0};
 1096              		.loc 1 166 26 is_stmt 0 view .LVU332
 1097 0004 0023     		movs	r3, #0
 1098 0006 0A93     		str	r3, [sp, #40]
 1099 0008 0B93     		str	r3, [sp, #44]
 1100 000a 0C93     		str	r3, [sp, #48]
 1101 000c 0D93     		str	r3, [sp, #52]
 167:Core/Src/tim.c ****   TIM_OC_InitTypeDef sConfigOC = {0};
 1102              		.loc 1 167 3 is_stmt 1 view .LVU333
 167:Core/Src/tim.c ****   TIM_OC_InitTypeDef sConfigOC = {0};
 1103              		.loc 1 167 27 is_stmt 0 view .LVU334
 1104 000e 0893     		str	r3, [sp, #32]
 1105 0010 0993     		str	r3, [sp, #36]
 168:Core/Src/tim.c **** 
 1106              		.loc 1 168 3 is_stmt 1 view .LVU335
 168:Core/Src/tim.c **** 
 1107              		.loc 1 168 22 is_stmt 0 view .LVU336
 1108 0012 0193     		str	r3, [sp, #4]
 1109 0014 0293     		str	r3, [sp, #8]
 1110 0016 0393     		str	r3, [sp, #12]
 1111 0018 0493     		str	r3, [sp, #16]
 1112 001a 0593     		str	r3, [sp, #20]
 1113 001c 0693     		str	r3, [sp, #24]
 1114 001e 0793     		str	r3, [sp, #28]
 173:Core/Src/tim.c ****   htim3.Init.Prescaler = 300-1;
 1115              		.loc 1 173 3 is_stmt 1 view .LVU337
 173:Core/Src/tim.c ****   htim3.Init.Prescaler = 300-1;
 1116              		.loc 1 173 18 is_stmt 0 view .LVU338
ARM GAS  D:\software\msy64\tmp\ccMXFZVh.s 			page 35


 1117 0020 2248     		ldr	r0, .L81
 1118 0022 234A     		ldr	r2, .L81+4
 1119 0024 0260     		str	r2, [r0]
 174:Core/Src/tim.c ****   htim3.Init.CounterMode = TIM_COUNTERMODE_UP;
 1120              		.loc 1 174 3 is_stmt 1 view .LVU339
 174:Core/Src/tim.c ****   htim3.Init.CounterMode = TIM_COUNTERMODE_UP;
 1121              		.loc 1 174 24 is_stmt 0 view .LVU340
 1122 0026 40F22B12 		movw	r2, #299
 1123 002a 4260     		str	r2, [r0, #4]
 175:Core/Src/tim.c ****   htim3.Init.Period = 7200-1;
 1124              		.loc 1 175 3 is_stmt 1 view .LVU341
 175:Core/Src/tim.c ****   htim3.Init.Period = 7200-1;
 1125              		.loc 1 175 26 is_stmt 0 view .LVU342
 1126 002c 8360     		str	r3, [r0, #8]
 176:Core/Src/tim.c ****   htim3.Init.ClockDivision = TIM_CLOCKDIVISION_DIV1;
 1127              		.loc 1 176 3 is_stmt 1 view .LVU343
 176:Core/Src/tim.c ****   htim3.Init.ClockDivision = TIM_CLOCKDIVISION_DIV1;
 1128              		.loc 1 176 21 is_stmt 0 view .LVU344
 1129 002e 41F61F42 		movw	r2, #7199
 1130 0032 C260     		str	r2, [r0, #12]
 177:Core/Src/tim.c ****   htim3.Init.AutoReloadPreload = TIM_AUTORELOAD_PRELOAD_DISABLE;
 1131              		.loc 1 177 3 is_stmt 1 view .LVU345
 177:Core/Src/tim.c ****   htim3.Init.AutoReloadPreload = TIM_AUTORELOAD_PRELOAD_DISABLE;
 1132              		.loc 1 177 28 is_stmt 0 view .LVU346
 1133 0034 0361     		str	r3, [r0, #16]
 178:Core/Src/tim.c ****   if (HAL_TIM_Base_Init(&htim3) != HAL_OK)
 1134              		.loc 1 178 3 is_stmt 1 view .LVU347
 178:Core/Src/tim.c ****   if (HAL_TIM_Base_Init(&htim3) != HAL_OK)
 1135              		.loc 1 178 32 is_stmt 0 view .LVU348
 1136 0036 8361     		str	r3, [r0, #24]
 179:Core/Src/tim.c ****   {
 1137              		.loc 1 179 3 is_stmt 1 view .LVU349
 179:Core/Src/tim.c ****   {
 1138              		.loc 1 179 7 is_stmt 0 view .LVU350
 1139 0038 FFF7FEFF 		bl	HAL_TIM_Base_Init
 1140              	.LVL69:
 179:Core/Src/tim.c ****   {
 1141              		.loc 1 179 6 discriminator 1 view .LVU351
 1142 003c 30BB     		cbnz	r0, .L76
 1143              	.L70:
 183:Core/Src/tim.c ****   if (HAL_TIM_ConfigClockSource(&htim3, &sClockSourceConfig) != HAL_OK)
 1144              		.loc 1 183 3 is_stmt 1 view .LVU352
 183:Core/Src/tim.c ****   if (HAL_TIM_ConfigClockSource(&htim3, &sClockSourceConfig) != HAL_OK)
 1145              		.loc 1 183 34 is_stmt 0 view .LVU353
 1146 003e 4FF48053 		mov	r3, #4096
 1147 0042 0A93     		str	r3, [sp, #40]
 184:Core/Src/tim.c ****   {
 1148              		.loc 1 184 3 is_stmt 1 view .LVU354
 184:Core/Src/tim.c ****   {
 1149              		.loc 1 184 7 is_stmt 0 view .LVU355
 1150 0044 0AA9     		add	r1, sp, #40
 1151 0046 1948     		ldr	r0, .L81
 1152 0048 FFF7FEFF 		bl	HAL_TIM_ConfigClockSource
 1153              	.LVL70:
 184:Core/Src/tim.c ****   {
 1154              		.loc 1 184 6 discriminator 1 view .LVU356
 1155 004c 08BB     		cbnz	r0, .L77
ARM GAS  D:\software\msy64\tmp\ccMXFZVh.s 			page 36


 1156              	.L71:
 188:Core/Src/tim.c ****   {
 1157              		.loc 1 188 3 is_stmt 1 view .LVU357
 188:Core/Src/tim.c ****   {
 1158              		.loc 1 188 7 is_stmt 0 view .LVU358
 1159 004e 1748     		ldr	r0, .L81
 1160 0050 FFF7FEFF 		bl	HAL_TIM_PWM_Init
 1161              	.LVL71:
 188:Core/Src/tim.c ****   {
 1162              		.loc 1 188 6 discriminator 1 view .LVU359
 1163 0054 00BB     		cbnz	r0, .L78
 1164              	.L72:
 192:Core/Src/tim.c ****   sMasterConfig.MasterSlaveMode = TIM_MASTERSLAVEMODE_DISABLE;
 1165              		.loc 1 192 3 is_stmt 1 view .LVU360
 192:Core/Src/tim.c ****   sMasterConfig.MasterSlaveMode = TIM_MASTERSLAVEMODE_DISABLE;
 1166              		.loc 1 192 37 is_stmt 0 view .LVU361
 1167 0056 0023     		movs	r3, #0
 1168 0058 0893     		str	r3, [sp, #32]
 193:Core/Src/tim.c ****   if (HAL_TIMEx_MasterConfigSynchronization(&htim3, &sMasterConfig) != HAL_OK)
 1169              		.loc 1 193 3 is_stmt 1 view .LVU362
 193:Core/Src/tim.c ****   if (HAL_TIMEx_MasterConfigSynchronization(&htim3, &sMasterConfig) != HAL_OK)
 1170              		.loc 1 193 33 is_stmt 0 view .LVU363
 1171 005a 0993     		str	r3, [sp, #36]
 194:Core/Src/tim.c ****   {
 1172              		.loc 1 194 3 is_stmt 1 view .LVU364
 194:Core/Src/tim.c ****   {
 1173              		.loc 1 194 7 is_stmt 0 view .LVU365
 1174 005c 08A9     		add	r1, sp, #32
 1175 005e 1348     		ldr	r0, .L81
 1176 0060 FFF7FEFF 		bl	HAL_TIMEx_MasterConfigSynchronization
 1177              	.LVL72:
 194:Core/Src/tim.c ****   {
 1178              		.loc 1 194 6 discriminator 1 view .LVU366
 1179 0064 D8B9     		cbnz	r0, .L79
 1180              	.L73:
 198:Core/Src/tim.c ****   sConfigOC.Pulse = 3600-1;
 1181              		.loc 1 198 3 is_stmt 1 view .LVU367
 198:Core/Src/tim.c ****   sConfigOC.Pulse = 3600-1;
 1182              		.loc 1 198 20 is_stmt 0 view .LVU368
 1183 0066 6023     		movs	r3, #96
 1184 0068 0193     		str	r3, [sp, #4]
 199:Core/Src/tim.c ****   sConfigOC.OCPolarity = TIM_OCPOLARITY_HIGH;
 1185              		.loc 1 199 3 is_stmt 1 view .LVU369
 199:Core/Src/tim.c ****   sConfigOC.OCPolarity = TIM_OCPOLARITY_HIGH;
 1186              		.loc 1 199 19 is_stmt 0 view .LVU370
 1187 006a 40F60F63 		movw	r3, #3599
 1188 006e 0293     		str	r3, [sp, #8]
 200:Core/Src/tim.c ****   sConfigOC.OCFastMode = TIM_OCFAST_DISABLE;
 1189              		.loc 1 200 3 is_stmt 1 view .LVU371
 200:Core/Src/tim.c ****   sConfigOC.OCFastMode = TIM_OCFAST_DISABLE;
 1190              		.loc 1 200 24 is_stmt 0 view .LVU372
 1191 0070 0022     		movs	r2, #0
 1192 0072 0392     		str	r2, [sp, #12]
 201:Core/Src/tim.c ****   if (HAL_TIM_PWM_ConfigChannel(&htim3, &sConfigOC, TIM_CHANNEL_1) != HAL_OK)
 1193              		.loc 1 201 3 is_stmt 1 view .LVU373
 201:Core/Src/tim.c ****   if (HAL_TIM_PWM_ConfigChannel(&htim3, &sConfigOC, TIM_CHANNEL_1) != HAL_OK)
 1194              		.loc 1 201 24 is_stmt 0 view .LVU374
ARM GAS  D:\software\msy64\tmp\ccMXFZVh.s 			page 37


 1195 0074 0592     		str	r2, [sp, #20]
 202:Core/Src/tim.c ****   {
 1196              		.loc 1 202 3 is_stmt 1 view .LVU375
 202:Core/Src/tim.c ****   {
 1197              		.loc 1 202 7 is_stmt 0 view .LVU376
 1198 0076 01A9     		add	r1, sp, #4
 1199 0078 0C48     		ldr	r0, .L81
 1200 007a FFF7FEFF 		bl	HAL_TIM_PWM_ConfigChannel
 1201              	.LVL73:
 202:Core/Src/tim.c ****   {
 1202              		.loc 1 202 6 discriminator 1 view .LVU377
 1203 007e 88B9     		cbnz	r0, .L80
 1204              	.L74:
 209:Core/Src/tim.c **** 
 1205              		.loc 1 209 3 is_stmt 1 view .LVU378
 1206 0080 0A48     		ldr	r0, .L81
 1207 0082 FFF7FEFF 		bl	HAL_TIM_MspPostInit
 1208              	.LVL74:
 211:Core/Src/tim.c **** /* TIM4 init function */
 1209              		.loc 1 211 1 is_stmt 0 view .LVU379
 1210 0086 0FB0     		add	sp, sp, #60
 1211              	.LCFI22:
 1212              		.cfi_remember_state
 1213              		.cfi_def_cfa_offset 4
 1214              		@ sp needed
 1215 0088 5DF804FB 		ldr	pc, [sp], #4
 1216              	.L76:
 1217              	.LCFI23:
 1218              		.cfi_restore_state
 181:Core/Src/tim.c ****   }
 1219              		.loc 1 181 5 is_stmt 1 view .LVU380
 1220 008c FFF7FEFF 		bl	Error_Handler
 1221              	.LVL75:
 1222 0090 D5E7     		b	.L70
 1223              	.L77:
 186:Core/Src/tim.c ****   }
 1224              		.loc 1 186 5 view .LVU381
 1225 0092 FFF7FEFF 		bl	Error_Handler
 1226              	.LVL76:
 1227 0096 DAE7     		b	.L71
 1228              	.L78:
 190:Core/Src/tim.c ****   }
 1229              		.loc 1 190 5 view .LVU382
 1230 0098 FFF7FEFF 		bl	Error_Handler
 1231              	.LVL77:
 1232 009c DBE7     		b	.L72
 1233              	.L79:
 196:Core/Src/tim.c ****   }
 1234              		.loc 1 196 5 view .LVU383
 1235 009e FFF7FEFF 		bl	Error_Handler
 1236              	.LVL78:
 1237 00a2 E0E7     		b	.L73
 1238              	.L80:
 204:Core/Src/tim.c ****   }
 1239              		.loc 1 204 5 view .LVU384
 1240 00a4 FFF7FEFF 		bl	Error_Handler
 1241              	.LVL79:
ARM GAS  D:\software\msy64\tmp\ccMXFZVh.s 			page 38


 1242 00a8 EAE7     		b	.L74
 1243              	.L82:
 1244 00aa 00BF     		.align	2
 1245              	.L81:
 1246 00ac 00000000 		.word	htim3
 1247 00b0 00040040 		.word	1073742848
 1248              		.cfi_endproc
 1249              	.LFE136:
 1251              		.section	.text.MX_TIM4_Init,"ax",%progbits
 1252              		.align	1
 1253              		.global	MX_TIM4_Init
 1254              		.syntax unified
 1255              		.thumb
 1256              		.thumb_func
 1258              	MX_TIM4_Init:
 1259              	.LFB137:
 214:Core/Src/tim.c **** 
 1260              		.loc 1 214 1 view -0
 1261              		.cfi_startproc
 1262              		@ args = 0, pretend = 0, frame = 56
 1263              		@ frame_needed = 0, uses_anonymous_args = 0
 1264 0000 00B5     		push	{lr}
 1265              	.LCFI24:
 1266              		.cfi_def_cfa_offset 4
 1267              		.cfi_offset 14, -4
 1268 0002 8FB0     		sub	sp, sp, #60
 1269              	.LCFI25:
 1270              		.cfi_def_cfa_offset 64
 220:Core/Src/tim.c ****   TIM_MasterConfigTypeDef sMasterConfig = {0};
 1271              		.loc 1 220 3 view .LVU386
 220:Core/Src/tim.c ****   TIM_MasterConfigTypeDef sMasterConfig = {0};
 1272              		.loc 1 220 26 is_stmt 0 view .LVU387
 1273 0004 0023     		movs	r3, #0
 1274 0006 0A93     		str	r3, [sp, #40]
 1275 0008 0B93     		str	r3, [sp, #44]
 1276 000a 0C93     		str	r3, [sp, #48]
 1277 000c 0D93     		str	r3, [sp, #52]
 221:Core/Src/tim.c ****   TIM_OC_InitTypeDef sConfigOC = {0};
 1278              		.loc 1 221 3 is_stmt 1 view .LVU388
 221:Core/Src/tim.c ****   TIM_OC_InitTypeDef sConfigOC = {0};
 1279              		.loc 1 221 27 is_stmt 0 view .LVU389
 1280 000e 0893     		str	r3, [sp, #32]
 1281 0010 0993     		str	r3, [sp, #36]
 222:Core/Src/tim.c **** 
 1282              		.loc 1 222 3 is_stmt 1 view .LVU390
 222:Core/Src/tim.c **** 
 1283              		.loc 1 222 22 is_stmt 0 view .LVU391
 1284 0012 0193     		str	r3, [sp, #4]
 1285 0014 0293     		str	r3, [sp, #8]
 1286 0016 0393     		str	r3, [sp, #12]
 1287 0018 0493     		str	r3, [sp, #16]
 1288 001a 0593     		str	r3, [sp, #20]
 1289 001c 0693     		str	r3, [sp, #24]
 1290 001e 0793     		str	r3, [sp, #28]
 227:Core/Src/tim.c ****   htim4.Init.Prescaler = 300-1;
 1291              		.loc 1 227 3 is_stmt 1 view .LVU392
 227:Core/Src/tim.c ****   htim4.Init.Prescaler = 300-1;
ARM GAS  D:\software\msy64\tmp\ccMXFZVh.s 			page 39


 1292              		.loc 1 227 18 is_stmt 0 view .LVU393
 1293 0020 2248     		ldr	r0, .L95
 1294 0022 234A     		ldr	r2, .L95+4
 1295 0024 0260     		str	r2, [r0]
 228:Core/Src/tim.c ****   htim4.Init.CounterMode = TIM_COUNTERMODE_UP;
 1296              		.loc 1 228 3 is_stmt 1 view .LVU394
 228:Core/Src/tim.c ****   htim4.Init.CounterMode = TIM_COUNTERMODE_UP;
 1297              		.loc 1 228 24 is_stmt 0 view .LVU395
 1298 0026 40F22B12 		movw	r2, #299
 1299 002a 4260     		str	r2, [r0, #4]
 229:Core/Src/tim.c ****   htim4.Init.Period = 7200-1;
 1300              		.loc 1 229 3 is_stmt 1 view .LVU396
 229:Core/Src/tim.c ****   htim4.Init.Period = 7200-1;
 1301              		.loc 1 229 26 is_stmt 0 view .LVU397
 1302 002c 8360     		str	r3, [r0, #8]
 230:Core/Src/tim.c ****   htim4.Init.ClockDivision = TIM_CLOCKDIVISION_DIV1;
 1303              		.loc 1 230 3 is_stmt 1 view .LVU398
 230:Core/Src/tim.c ****   htim4.Init.ClockDivision = TIM_CLOCKDIVISION_DIV1;
 1304              		.loc 1 230 21 is_stmt 0 view .LVU399
 1305 002e 41F61F42 		movw	r2, #7199
 1306 0032 C260     		str	r2, [r0, #12]
 231:Core/Src/tim.c ****   htim4.Init.AutoReloadPreload = TIM_AUTORELOAD_PRELOAD_DISABLE;
 1307              		.loc 1 231 3 is_stmt 1 view .LVU400
 231:Core/Src/tim.c ****   htim4.Init.AutoReloadPreload = TIM_AUTORELOAD_PRELOAD_DISABLE;
 1308              		.loc 1 231 28 is_stmt 0 view .LVU401
 1309 0034 0361     		str	r3, [r0, #16]
 232:Core/Src/tim.c ****   if (HAL_TIM_Base_Init(&htim4) != HAL_OK)
 1310              		.loc 1 232 3 is_stmt 1 view .LVU402
 232:Core/Src/tim.c ****   if (HAL_TIM_Base_Init(&htim4) != HAL_OK)
 1311              		.loc 1 232 32 is_stmt 0 view .LVU403
 1312 0036 8361     		str	r3, [r0, #24]
 233:Core/Src/tim.c ****   {
 1313              		.loc 1 233 3 is_stmt 1 view .LVU404
 233:Core/Src/tim.c ****   {
 1314              		.loc 1 233 7 is_stmt 0 view .LVU405
 1315 0038 FFF7FEFF 		bl	HAL_TIM_Base_Init
 1316              	.LVL80:
 233:Core/Src/tim.c ****   {
 1317              		.loc 1 233 6 discriminator 1 view .LVU406
 1318 003c 30BB     		cbnz	r0, .L90
 1319              	.L84:
 237:Core/Src/tim.c ****   if (HAL_TIM_ConfigClockSource(&htim4, &sClockSourceConfig) != HAL_OK)
 1320              		.loc 1 237 3 is_stmt 1 view .LVU407
 237:Core/Src/tim.c ****   if (HAL_TIM_ConfigClockSource(&htim4, &sClockSourceConfig) != HAL_OK)
 1321              		.loc 1 237 34 is_stmt 0 view .LVU408
 1322 003e 4FF48053 		mov	r3, #4096
 1323 0042 0A93     		str	r3, [sp, #40]
 238:Core/Src/tim.c ****   {
 1324              		.loc 1 238 3 is_stmt 1 view .LVU409
 238:Core/Src/tim.c ****   {
 1325              		.loc 1 238 7 is_stmt 0 view .LVU410
 1326 0044 0AA9     		add	r1, sp, #40
 1327 0046 1948     		ldr	r0, .L95
 1328 0048 FFF7FEFF 		bl	HAL_TIM_ConfigClockSource
 1329              	.LVL81:
 238:Core/Src/tim.c ****   {
 1330              		.loc 1 238 6 discriminator 1 view .LVU411
ARM GAS  D:\software\msy64\tmp\ccMXFZVh.s 			page 40


 1331 004c 08BB     		cbnz	r0, .L91
 1332              	.L85:
 242:Core/Src/tim.c ****   {
 1333              		.loc 1 242 3 is_stmt 1 view .LVU412
 242:Core/Src/tim.c ****   {
 1334              		.loc 1 242 7 is_stmt 0 view .LVU413
 1335 004e 1748     		ldr	r0, .L95
 1336 0050 FFF7FEFF 		bl	HAL_TIM_PWM_Init
 1337              	.LVL82:
 242:Core/Src/tim.c ****   {
 1338              		.loc 1 242 6 discriminator 1 view .LVU414
 1339 0054 00BB     		cbnz	r0, .L92
 1340              	.L86:
 246:Core/Src/tim.c ****   sMasterConfig.MasterSlaveMode = TIM_MASTERSLAVEMODE_DISABLE;
 1341              		.loc 1 246 3 is_stmt 1 view .LVU415
 246:Core/Src/tim.c ****   sMasterConfig.MasterSlaveMode = TIM_MASTERSLAVEMODE_DISABLE;
 1342              		.loc 1 246 37 is_stmt 0 view .LVU416
 1343 0056 0023     		movs	r3, #0
 1344 0058 0893     		str	r3, [sp, #32]
 247:Core/Src/tim.c ****   if (HAL_TIMEx_MasterConfigSynchronization(&htim4, &sMasterConfig) != HAL_OK)
 1345              		.loc 1 247 3 is_stmt 1 view .LVU417
 247:Core/Src/tim.c ****   if (HAL_TIMEx_MasterConfigSynchronization(&htim4, &sMasterConfig) != HAL_OK)
 1346              		.loc 1 247 33 is_stmt 0 view .LVU418
 1347 005a 0993     		str	r3, [sp, #36]
 248:Core/Src/tim.c ****   {
 1348              		.loc 1 248 3 is_stmt 1 view .LVU419
 248:Core/Src/tim.c ****   {
 1349              		.loc 1 248 7 is_stmt 0 view .LVU420
 1350 005c 08A9     		add	r1, sp, #32
 1351 005e 1348     		ldr	r0, .L95
 1352 0060 FFF7FEFF 		bl	HAL_TIMEx_MasterConfigSynchronization
 1353              	.LVL83:
 248:Core/Src/tim.c ****   {
 1354              		.loc 1 248 6 discriminator 1 view .LVU421
 1355 0064 D8B9     		cbnz	r0, .L93
 1356              	.L87:
 252:Core/Src/tim.c ****   sConfigOC.Pulse = 3600-1;
 1357              		.loc 1 252 3 is_stmt 1 view .LVU422
 252:Core/Src/tim.c ****   sConfigOC.Pulse = 3600-1;
 1358              		.loc 1 252 20 is_stmt 0 view .LVU423
 1359 0066 6023     		movs	r3, #96
 1360 0068 0193     		str	r3, [sp, #4]
 253:Core/Src/tim.c ****   sConfigOC.OCPolarity = TIM_OCPOLARITY_HIGH;
 1361              		.loc 1 253 3 is_stmt 1 view .LVU424
 253:Core/Src/tim.c ****   sConfigOC.OCPolarity = TIM_OCPOLARITY_HIGH;
 1362              		.loc 1 253 19 is_stmt 0 view .LVU425
 1363 006a 40F60F63 		movw	r3, #3599
 1364 006e 0293     		str	r3, [sp, #8]
 254:Core/Src/tim.c ****   sConfigOC.OCFastMode = TIM_OCFAST_DISABLE;
 1365              		.loc 1 254 3 is_stmt 1 view .LVU426
 254:Core/Src/tim.c ****   sConfigOC.OCFastMode = TIM_OCFAST_DISABLE;
 1366              		.loc 1 254 24 is_stmt 0 view .LVU427
 1367 0070 0022     		movs	r2, #0
 1368 0072 0392     		str	r2, [sp, #12]
 255:Core/Src/tim.c ****   if (HAL_TIM_PWM_ConfigChannel(&htim4, &sConfigOC, TIM_CHANNEL_1) != HAL_OK)
 1369              		.loc 1 255 3 is_stmt 1 view .LVU428
 255:Core/Src/tim.c ****   if (HAL_TIM_PWM_ConfigChannel(&htim4, &sConfigOC, TIM_CHANNEL_1) != HAL_OK)
ARM GAS  D:\software\msy64\tmp\ccMXFZVh.s 			page 41


 1370              		.loc 1 255 24 is_stmt 0 view .LVU429
 1371 0074 0592     		str	r2, [sp, #20]
 256:Core/Src/tim.c ****   {
 1372              		.loc 1 256 3 is_stmt 1 view .LVU430
 256:Core/Src/tim.c ****   {
 1373              		.loc 1 256 7 is_stmt 0 view .LVU431
 1374 0076 01A9     		add	r1, sp, #4
 1375 0078 0C48     		ldr	r0, .L95
 1376 007a FFF7FEFF 		bl	HAL_TIM_PWM_ConfigChannel
 1377              	.LVL84:
 256:Core/Src/tim.c ****   {
 1378              		.loc 1 256 6 discriminator 1 view .LVU432
 1379 007e 88B9     		cbnz	r0, .L94
 1380              	.L88:
 263:Core/Src/tim.c **** 
 1381              		.loc 1 263 3 is_stmt 1 view .LVU433
 1382 0080 0A48     		ldr	r0, .L95
 1383 0082 FFF7FEFF 		bl	HAL_TIM_MspPostInit
 1384              	.LVL85:
 265:Core/Src/tim.c **** /* TIM5 init function */
 1385              		.loc 1 265 1 is_stmt 0 view .LVU434
 1386 0086 0FB0     		add	sp, sp, #60
 1387              	.LCFI26:
 1388              		.cfi_remember_state
 1389              		.cfi_def_cfa_offset 4
 1390              		@ sp needed
 1391 0088 5DF804FB 		ldr	pc, [sp], #4
 1392              	.L90:
 1393              	.LCFI27:
 1394              		.cfi_restore_state
 235:Core/Src/tim.c ****   }
 1395              		.loc 1 235 5 is_stmt 1 view .LVU435
 1396 008c FFF7FEFF 		bl	Error_Handler
 1397              	.LVL86:
 1398 0090 D5E7     		b	.L84
 1399              	.L91:
 240:Core/Src/tim.c ****   }
 1400              		.loc 1 240 5 view .LVU436
 1401 0092 FFF7FEFF 		bl	Error_Handler
 1402              	.LVL87:
 1403 0096 DAE7     		b	.L85
 1404              	.L92:
 244:Core/Src/tim.c ****   }
 1405              		.loc 1 244 5 view .LVU437
 1406 0098 FFF7FEFF 		bl	Error_Handler
 1407              	.LVL88:
 1408 009c DBE7     		b	.L86
 1409              	.L93:
 250:Core/Src/tim.c ****   }
 1410              		.loc 1 250 5 view .LVU438
 1411 009e FFF7FEFF 		bl	Error_Handler
 1412              	.LVL89:
 1413 00a2 E0E7     		b	.L87
 1414              	.L94:
 258:Core/Src/tim.c ****   }
 1415              		.loc 1 258 5 view .LVU439
 1416 00a4 FFF7FEFF 		bl	Error_Handler
ARM GAS  D:\software\msy64\tmp\ccMXFZVh.s 			page 42


 1417              	.LVL90:
 1418 00a8 EAE7     		b	.L88
 1419              	.L96:
 1420 00aa 00BF     		.align	2
 1421              	.L95:
 1422 00ac 00000000 		.word	htim4
 1423 00b0 00080040 		.word	1073743872
 1424              		.cfi_endproc
 1425              	.LFE137:
 1427              		.section	.text.MX_TIM5_Init,"ax",%progbits
 1428              		.align	1
 1429              		.global	MX_TIM5_Init
 1430              		.syntax unified
 1431              		.thumb
 1432              		.thumb_func
 1434              	MX_TIM5_Init:
 1435              	.LFB138:
 268:Core/Src/tim.c **** 
 1436              		.loc 1 268 1 view -0
 1437              		.cfi_startproc
 1438              		@ args = 0, pretend = 0, frame = 56
 1439              		@ frame_needed = 0, uses_anonymous_args = 0
 1440 0000 00B5     		push	{lr}
 1441              	.LCFI28:
 1442              		.cfi_def_cfa_offset 4
 1443              		.cfi_offset 14, -4
 1444 0002 8FB0     		sub	sp, sp, #60
 1445              	.LCFI29:
 1446              		.cfi_def_cfa_offset 64
 274:Core/Src/tim.c ****   TIM_MasterConfigTypeDef sMasterConfig = {0};
 1447              		.loc 1 274 3 view .LVU441
 274:Core/Src/tim.c ****   TIM_MasterConfigTypeDef sMasterConfig = {0};
 1448              		.loc 1 274 26 is_stmt 0 view .LVU442
 1449 0004 0023     		movs	r3, #0
 1450 0006 0A93     		str	r3, [sp, #40]
 1451 0008 0B93     		str	r3, [sp, #44]
 1452 000a 0C93     		str	r3, [sp, #48]
 1453 000c 0D93     		str	r3, [sp, #52]
 275:Core/Src/tim.c ****   TIM_OC_InitTypeDef sConfigOC = {0};
 1454              		.loc 1 275 3 is_stmt 1 view .LVU443
 275:Core/Src/tim.c ****   TIM_OC_InitTypeDef sConfigOC = {0};
 1455              		.loc 1 275 27 is_stmt 0 view .LVU444
 1456 000e 0893     		str	r3, [sp, #32]
 1457 0010 0993     		str	r3, [sp, #36]
 276:Core/Src/tim.c **** 
 1458              		.loc 1 276 3 is_stmt 1 view .LVU445
 276:Core/Src/tim.c **** 
 1459              		.loc 1 276 22 is_stmt 0 view .LVU446
 1460 0012 0193     		str	r3, [sp, #4]
 1461 0014 0293     		str	r3, [sp, #8]
 1462 0016 0393     		str	r3, [sp, #12]
 1463 0018 0493     		str	r3, [sp, #16]
 1464 001a 0593     		str	r3, [sp, #20]
 1465 001c 0693     		str	r3, [sp, #24]
 1466 001e 0793     		str	r3, [sp, #28]
 281:Core/Src/tim.c ****   htim5.Init.Prescaler = 300-1;
 1467              		.loc 1 281 3 is_stmt 1 view .LVU447
ARM GAS  D:\software\msy64\tmp\ccMXFZVh.s 			page 43


 281:Core/Src/tim.c ****   htim5.Init.Prescaler = 300-1;
 1468              		.loc 1 281 18 is_stmt 0 view .LVU448
 1469 0020 2248     		ldr	r0, .L109
 1470 0022 234A     		ldr	r2, .L109+4
 1471 0024 0260     		str	r2, [r0]
 282:Core/Src/tim.c ****   htim5.Init.CounterMode = TIM_COUNTERMODE_UP;
 1472              		.loc 1 282 3 is_stmt 1 view .LVU449
 282:Core/Src/tim.c ****   htim5.Init.CounterMode = TIM_COUNTERMODE_UP;
 1473              		.loc 1 282 24 is_stmt 0 view .LVU450
 1474 0026 40F22B12 		movw	r2, #299
 1475 002a 4260     		str	r2, [r0, #4]
 283:Core/Src/tim.c ****   htim5.Init.Period = 7200-1;
 1476              		.loc 1 283 3 is_stmt 1 view .LVU451
 283:Core/Src/tim.c ****   htim5.Init.Period = 7200-1;
 1477              		.loc 1 283 26 is_stmt 0 view .LVU452
 1478 002c 8360     		str	r3, [r0, #8]
 284:Core/Src/tim.c ****   htim5.Init.ClockDivision = TIM_CLOCKDIVISION_DIV1;
 1479              		.loc 1 284 3 is_stmt 1 view .LVU453
 284:Core/Src/tim.c ****   htim5.Init.ClockDivision = TIM_CLOCKDIVISION_DIV1;
 1480              		.loc 1 284 21 is_stmt 0 view .LVU454
 1481 002e 41F61F42 		movw	r2, #7199
 1482 0032 C260     		str	r2, [r0, #12]
 285:Core/Src/tim.c ****   htim5.Init.AutoReloadPreload = TIM_AUTORELOAD_PRELOAD_DISABLE;
 1483              		.loc 1 285 3 is_stmt 1 view .LVU455
 285:Core/Src/tim.c ****   htim5.Init.AutoReloadPreload = TIM_AUTORELOAD_PRELOAD_DISABLE;
 1484              		.loc 1 285 28 is_stmt 0 view .LVU456
 1485 0034 0361     		str	r3, [r0, #16]
 286:Core/Src/tim.c ****   if (HAL_TIM_Base_Init(&htim5) != HAL_OK)
 1486              		.loc 1 286 3 is_stmt 1 view .LVU457
 286:Core/Src/tim.c ****   if (HAL_TIM_Base_Init(&htim5) != HAL_OK)
 1487              		.loc 1 286 32 is_stmt 0 view .LVU458
 1488 0036 8361     		str	r3, [r0, #24]
 287:Core/Src/tim.c ****   {
 1489              		.loc 1 287 3 is_stmt 1 view .LVU459
 287:Core/Src/tim.c ****   {
 1490              		.loc 1 287 7 is_stmt 0 view .LVU460
 1491 0038 FFF7FEFF 		bl	HAL_TIM_Base_Init
 1492              	.LVL91:
 287:Core/Src/tim.c ****   {
 1493              		.loc 1 287 6 discriminator 1 view .LVU461
 1494 003c 30BB     		cbnz	r0, .L104
 1495              	.L98:
 291:Core/Src/tim.c ****   if (HAL_TIM_ConfigClockSource(&htim5, &sClockSourceConfig) != HAL_OK)
 1496              		.loc 1 291 3 is_stmt 1 view .LVU462
 291:Core/Src/tim.c ****   if (HAL_TIM_ConfigClockSource(&htim5, &sClockSourceConfig) != HAL_OK)
 1497              		.loc 1 291 34 is_stmt 0 view .LVU463
 1498 003e 4FF48053 		mov	r3, #4096
 1499 0042 0A93     		str	r3, [sp, #40]
 292:Core/Src/tim.c ****   {
 1500              		.loc 1 292 3 is_stmt 1 view .LVU464
 292:Core/Src/tim.c ****   {
 1501              		.loc 1 292 7 is_stmt 0 view .LVU465
 1502 0044 0AA9     		add	r1, sp, #40
 1503 0046 1948     		ldr	r0, .L109
 1504 0048 FFF7FEFF 		bl	HAL_TIM_ConfigClockSource
 1505              	.LVL92:
 292:Core/Src/tim.c ****   {
ARM GAS  D:\software\msy64\tmp\ccMXFZVh.s 			page 44


 1506              		.loc 1 292 6 discriminator 1 view .LVU466
 1507 004c 08BB     		cbnz	r0, .L105
 1508              	.L99:
 296:Core/Src/tim.c ****   {
 1509              		.loc 1 296 3 is_stmt 1 view .LVU467
 296:Core/Src/tim.c ****   {
 1510              		.loc 1 296 7 is_stmt 0 view .LVU468
 1511 004e 1748     		ldr	r0, .L109
 1512 0050 FFF7FEFF 		bl	HAL_TIM_PWM_Init
 1513              	.LVL93:
 296:Core/Src/tim.c ****   {
 1514              		.loc 1 296 6 discriminator 1 view .LVU469
 1515 0054 00BB     		cbnz	r0, .L106
 1516              	.L100:
 300:Core/Src/tim.c ****   sMasterConfig.MasterSlaveMode = TIM_MASTERSLAVEMODE_DISABLE;
 1517              		.loc 1 300 3 is_stmt 1 view .LVU470
 300:Core/Src/tim.c ****   sMasterConfig.MasterSlaveMode = TIM_MASTERSLAVEMODE_DISABLE;
 1518              		.loc 1 300 37 is_stmt 0 view .LVU471
 1519 0056 0023     		movs	r3, #0
 1520 0058 0893     		str	r3, [sp, #32]
 301:Core/Src/tim.c ****   if (HAL_TIMEx_MasterConfigSynchronization(&htim5, &sMasterConfig) != HAL_OK)
 1521              		.loc 1 301 3 is_stmt 1 view .LVU472
 301:Core/Src/tim.c ****   if (HAL_TIMEx_MasterConfigSynchronization(&htim5, &sMasterConfig) != HAL_OK)
 1522              		.loc 1 301 33 is_stmt 0 view .LVU473
 1523 005a 0993     		str	r3, [sp, #36]
 302:Core/Src/tim.c ****   {
 1524              		.loc 1 302 3 is_stmt 1 view .LVU474
 302:Core/Src/tim.c ****   {
 1525              		.loc 1 302 7 is_stmt 0 view .LVU475
 1526 005c 08A9     		add	r1, sp, #32
 1527 005e 1348     		ldr	r0, .L109
 1528 0060 FFF7FEFF 		bl	HAL_TIMEx_MasterConfigSynchronization
 1529              	.LVL94:
 302:Core/Src/tim.c ****   {
 1530              		.loc 1 302 6 discriminator 1 view .LVU476
 1531 0064 D8B9     		cbnz	r0, .L107
 1532              	.L101:
 306:Core/Src/tim.c ****   sConfigOC.Pulse = 3600-1;
 1533              		.loc 1 306 3 is_stmt 1 view .LVU477
 306:Core/Src/tim.c ****   sConfigOC.Pulse = 3600-1;
 1534              		.loc 1 306 20 is_stmt 0 view .LVU478
 1535 0066 6023     		movs	r3, #96
 1536 0068 0193     		str	r3, [sp, #4]
 307:Core/Src/tim.c ****   sConfigOC.OCPolarity = TIM_OCPOLARITY_HIGH;
 1537              		.loc 1 307 3 is_stmt 1 view .LVU479
 307:Core/Src/tim.c ****   sConfigOC.OCPolarity = TIM_OCPOLARITY_HIGH;
 1538              		.loc 1 307 19 is_stmt 0 view .LVU480
 1539 006a 40F60F63 		movw	r3, #3599
 1540 006e 0293     		str	r3, [sp, #8]
 308:Core/Src/tim.c ****   sConfigOC.OCFastMode = TIM_OCFAST_DISABLE;
 1541              		.loc 1 308 3 is_stmt 1 view .LVU481
 308:Core/Src/tim.c ****   sConfigOC.OCFastMode = TIM_OCFAST_DISABLE;
 1542              		.loc 1 308 24 is_stmt 0 view .LVU482
 1543 0070 0022     		movs	r2, #0
 1544 0072 0392     		str	r2, [sp, #12]
 309:Core/Src/tim.c ****   if (HAL_TIM_PWM_ConfigChannel(&htim5, &sConfigOC, TIM_CHANNEL_1) != HAL_OK)
 1545              		.loc 1 309 3 is_stmt 1 view .LVU483
ARM GAS  D:\software\msy64\tmp\ccMXFZVh.s 			page 45


 309:Core/Src/tim.c ****   if (HAL_TIM_PWM_ConfigChannel(&htim5, &sConfigOC, TIM_CHANNEL_1) != HAL_OK)
 1546              		.loc 1 309 24 is_stmt 0 view .LVU484
 1547 0074 0592     		str	r2, [sp, #20]
 310:Core/Src/tim.c ****   {
 1548              		.loc 1 310 3 is_stmt 1 view .LVU485
 310:Core/Src/tim.c ****   {
 1549              		.loc 1 310 7 is_stmt 0 view .LVU486
 1550 0076 01A9     		add	r1, sp, #4
 1551 0078 0C48     		ldr	r0, .L109
 1552 007a FFF7FEFF 		bl	HAL_TIM_PWM_ConfigChannel
 1553              	.LVL95:
 310:Core/Src/tim.c ****   {
 1554              		.loc 1 310 6 discriminator 1 view .LVU487
 1555 007e 88B9     		cbnz	r0, .L108
 1556              	.L102:
 317:Core/Src/tim.c **** 
 1557              		.loc 1 317 3 is_stmt 1 view .LVU488
 1558 0080 0A48     		ldr	r0, .L109
 1559 0082 FFF7FEFF 		bl	HAL_TIM_MspPostInit
 1560              	.LVL96:
 319:Core/Src/tim.c **** /* TIM6 init function */
 1561              		.loc 1 319 1 is_stmt 0 view .LVU489
 1562 0086 0FB0     		add	sp, sp, #60
 1563              	.LCFI30:
 1564              		.cfi_remember_state
 1565              		.cfi_def_cfa_offset 4
 1566              		@ sp needed
 1567 0088 5DF804FB 		ldr	pc, [sp], #4
 1568              	.L104:
 1569              	.LCFI31:
 1570              		.cfi_restore_state
 289:Core/Src/tim.c ****   }
 1571              		.loc 1 289 5 is_stmt 1 view .LVU490
 1572 008c FFF7FEFF 		bl	Error_Handler
 1573              	.LVL97:
 1574 0090 D5E7     		b	.L98
 1575              	.L105:
 294:Core/Src/tim.c ****   }
 1576              		.loc 1 294 5 view .LVU491
 1577 0092 FFF7FEFF 		bl	Error_Handler
 1578              	.LVL98:
 1579 0096 DAE7     		b	.L99
 1580              	.L106:
 298:Core/Src/tim.c ****   }
 1581              		.loc 1 298 5 view .LVU492
 1582 0098 FFF7FEFF 		bl	Error_Handler
 1583              	.LVL99:
 1584 009c DBE7     		b	.L100
 1585              	.L107:
 304:Core/Src/tim.c ****   }
 1586              		.loc 1 304 5 view .LVU493
 1587 009e FFF7FEFF 		bl	Error_Handler
 1588              	.LVL100:
 1589 00a2 E0E7     		b	.L101
 1590              	.L108:
 312:Core/Src/tim.c ****   }
 1591              		.loc 1 312 5 view .LVU494
ARM GAS  D:\software\msy64\tmp\ccMXFZVh.s 			page 46


 1592 00a4 FFF7FEFF 		bl	Error_Handler
 1593              	.LVL101:
 1594 00a8 EAE7     		b	.L102
 1595              	.L110:
 1596 00aa 00BF     		.align	2
 1597              	.L109:
 1598 00ac 00000000 		.word	htim5
 1599 00b0 000C0040 		.word	1073744896
 1600              		.cfi_endproc
 1601              	.LFE138:
 1603              		.section	.text.HAL_TIM_Base_MspDeInit,"ax",%progbits
 1604              		.align	1
 1605              		.global	HAL_TIM_Base_MspDeInit
 1606              		.syntax unified
 1607              		.thumb
 1608              		.thumb_func
 1610              	HAL_TIM_Base_MspDeInit:
 1611              	.LVL102:
 1612              	.LFB142:
 554:Core/Src/tim.c **** 
 555:Core/Src/tim.c **** void HAL_TIM_Base_MspDeInit(TIM_HandleTypeDef* tim_baseHandle)
 556:Core/Src/tim.c **** {
 1613              		.loc 1 556 1 view -0
 1614              		.cfi_startproc
 1615              		@ args = 0, pretend = 0, frame = 0
 1616              		@ frame_needed = 0, uses_anonymous_args = 0
 1617              		.loc 1 556 1 is_stmt 0 view .LVU496
 1618 0000 08B5     		push	{r3, lr}
 1619              	.LCFI32:
 1620              		.cfi_def_cfa_offset 8
 1621              		.cfi_offset 3, -8
 1622              		.cfi_offset 14, -4
 557:Core/Src/tim.c **** 
 558:Core/Src/tim.c ****   if(tim_baseHandle->Instance==TIM1)
 1623              		.loc 1 558 3 is_stmt 1 view .LVU497
 1624              		.loc 1 558 20 is_stmt 0 view .LVU498
 1625 0002 0368     		ldr	r3, [r0]
 1626              		.loc 1 558 5 view .LVU499
 1627 0004 254A     		ldr	r2, .L125
 1628 0006 9342     		cmp	r3, r2
 1629 0008 0FD0     		beq	.L119
 559:Core/Src/tim.c ****   {
 560:Core/Src/tim.c ****   /* USER CODE BEGIN TIM1_MspDeInit 0 */
 561:Core/Src/tim.c **** 
 562:Core/Src/tim.c ****   /* USER CODE END TIM1_MspDeInit 0 */
 563:Core/Src/tim.c ****     /* Peripheral clock disable */
 564:Core/Src/tim.c ****     __HAL_RCC_TIM1_CLK_DISABLE();
 565:Core/Src/tim.c **** 
 566:Core/Src/tim.c ****     /* TIM1 interrupt Deinit */
 567:Core/Src/tim.c ****     HAL_NVIC_DisableIRQ(TIM1_UP_TIM10_IRQn);
 568:Core/Src/tim.c ****   /* USER CODE BEGIN TIM1_MspDeInit 1 */
 569:Core/Src/tim.c **** 
 570:Core/Src/tim.c ****   /* USER CODE END TIM1_MspDeInit 1 */
 571:Core/Src/tim.c ****   }
 572:Core/Src/tim.c ****   else if(tim_baseHandle->Instance==TIM2)
 1630              		.loc 1 572 8 is_stmt 1 view .LVU500
 1631              		.loc 1 572 10 is_stmt 0 view .LVU501
ARM GAS  D:\software\msy64\tmp\ccMXFZVh.s 			page 47


 1632 000a B3F1804F 		cmp	r3, #1073741824
 1633 000e 16D0     		beq	.L120
 573:Core/Src/tim.c ****   {
 574:Core/Src/tim.c ****   /* USER CODE BEGIN TIM2_MspDeInit 0 */
 575:Core/Src/tim.c **** 
 576:Core/Src/tim.c ****   /* USER CODE END TIM2_MspDeInit 0 */
 577:Core/Src/tim.c ****     /* Peripheral clock disable */
 578:Core/Src/tim.c ****     __HAL_RCC_TIM2_CLK_DISABLE();
 579:Core/Src/tim.c **** 
 580:Core/Src/tim.c ****     /* TIM2 interrupt Deinit */
 581:Core/Src/tim.c ****     HAL_NVIC_DisableIRQ(TIM2_IRQn);
 582:Core/Src/tim.c ****   /* USER CODE BEGIN TIM2_MspDeInit 1 */
 583:Core/Src/tim.c **** 
 584:Core/Src/tim.c ****   /* USER CODE END TIM2_MspDeInit 1 */
 585:Core/Src/tim.c ****   }
 586:Core/Src/tim.c ****   else if(tim_baseHandle->Instance==TIM3)
 1634              		.loc 1 586 8 is_stmt 1 view .LVU502
 1635              		.loc 1 586 10 is_stmt 0 view .LVU503
 1636 0010 234A     		ldr	r2, .L125+4
 1637 0012 9342     		cmp	r3, r2
 1638 0014 1CD0     		beq	.L121
 587:Core/Src/tim.c ****   {
 588:Core/Src/tim.c ****   /* USER CODE BEGIN TIM3_MspDeInit 0 */
 589:Core/Src/tim.c **** 
 590:Core/Src/tim.c ****   /* USER CODE END TIM3_MspDeInit 0 */
 591:Core/Src/tim.c ****     /* Peripheral clock disable */
 592:Core/Src/tim.c ****     __HAL_RCC_TIM3_CLK_DISABLE();
 593:Core/Src/tim.c **** 
 594:Core/Src/tim.c ****     /* TIM3 interrupt Deinit */
 595:Core/Src/tim.c ****     HAL_NVIC_DisableIRQ(TIM3_IRQn);
 596:Core/Src/tim.c ****   /* USER CODE BEGIN TIM3_MspDeInit 1 */
 597:Core/Src/tim.c **** 
 598:Core/Src/tim.c ****   /* USER CODE END TIM3_MspDeInit 1 */
 599:Core/Src/tim.c ****   }
 600:Core/Src/tim.c ****   else if(tim_baseHandle->Instance==TIM4)
 1639              		.loc 1 600 8 is_stmt 1 view .LVU504
 1640              		.loc 1 600 10 is_stmt 0 view .LVU505
 1641 0016 234A     		ldr	r2, .L125+8
 1642 0018 9342     		cmp	r3, r2
 1643 001a 23D0     		beq	.L122
 601:Core/Src/tim.c ****   {
 602:Core/Src/tim.c ****   /* USER CODE BEGIN TIM4_MspDeInit 0 */
 603:Core/Src/tim.c **** 
 604:Core/Src/tim.c ****   /* USER CODE END TIM4_MspDeInit 0 */
 605:Core/Src/tim.c ****     /* Peripheral clock disable */
 606:Core/Src/tim.c ****     __HAL_RCC_TIM4_CLK_DISABLE();
 607:Core/Src/tim.c **** 
 608:Core/Src/tim.c ****     /* TIM4 interrupt Deinit */
 609:Core/Src/tim.c ****     HAL_NVIC_DisableIRQ(TIM4_IRQn);
 610:Core/Src/tim.c ****   /* USER CODE BEGIN TIM4_MspDeInit 1 */
 611:Core/Src/tim.c **** 
 612:Core/Src/tim.c ****   /* USER CODE END TIM4_MspDeInit 1 */
 613:Core/Src/tim.c ****   }
 614:Core/Src/tim.c ****   else if(tim_baseHandle->Instance==TIM5)
 1644              		.loc 1 614 8 is_stmt 1 view .LVU506
 1645              		.loc 1 614 10 is_stmt 0 view .LVU507
 1646 001c 224A     		ldr	r2, .L125+12
ARM GAS  D:\software\msy64\tmp\ccMXFZVh.s 			page 48


 1647 001e 9342     		cmp	r3, r2
 1648 0020 2AD0     		beq	.L123
 615:Core/Src/tim.c ****   {
 616:Core/Src/tim.c ****   /* USER CODE BEGIN TIM5_MspDeInit 0 */
 617:Core/Src/tim.c **** 
 618:Core/Src/tim.c ****   /* USER CODE END TIM5_MspDeInit 0 */
 619:Core/Src/tim.c ****     /* Peripheral clock disable */
 620:Core/Src/tim.c ****     __HAL_RCC_TIM5_CLK_DISABLE();
 621:Core/Src/tim.c **** 
 622:Core/Src/tim.c ****     /* TIM5 interrupt Deinit */
 623:Core/Src/tim.c ****     HAL_NVIC_DisableIRQ(TIM5_IRQn);
 624:Core/Src/tim.c ****   /* USER CODE BEGIN TIM5_MspDeInit 1 */
 625:Core/Src/tim.c **** 
 626:Core/Src/tim.c ****   /* USER CODE END TIM5_MspDeInit 1 */
 627:Core/Src/tim.c ****   }
 628:Core/Src/tim.c ****   else if(tim_baseHandle->Instance==TIM6)
 1649              		.loc 1 628 8 is_stmt 1 view .LVU508
 1650              		.loc 1 628 10 is_stmt 0 view .LVU509
 1651 0022 224A     		ldr	r2, .L125+16
 1652 0024 9342     		cmp	r3, r2
 1653 0026 31D0     		beq	.L124
 1654              	.LVL103:
 1655              	.L111:
 629:Core/Src/tim.c ****   {
 630:Core/Src/tim.c ****   /* USER CODE BEGIN TIM6_MspDeInit 0 */
 631:Core/Src/tim.c **** 
 632:Core/Src/tim.c ****   /* USER CODE END TIM6_MspDeInit 0 */
 633:Core/Src/tim.c ****     /* Peripheral clock disable */
 634:Core/Src/tim.c ****     __HAL_RCC_TIM6_CLK_DISABLE();
 635:Core/Src/tim.c ****   /* USER CODE BEGIN TIM6_MspDeInit 1 */
 636:Core/Src/tim.c **** 
 637:Core/Src/tim.c ****   /* USER CODE END TIM6_MspDeInit 1 */
 638:Core/Src/tim.c ****   }
 639:Core/Src/tim.c **** }
 1656              		.loc 1 639 1 view .LVU510
 1657 0028 08BD     		pop	{r3, pc}
 1658              	.LVL104:
 1659              	.L119:
 564:Core/Src/tim.c **** 
 1660              		.loc 1 564 5 is_stmt 1 view .LVU511
 1661 002a 02F59C32 		add	r2, r2, #79872
 1662 002e 536C     		ldr	r3, [r2, #68]
 1663 0030 23F00103 		bic	r3, r3, #1
 1664 0034 5364     		str	r3, [r2, #68]
 567:Core/Src/tim.c ****   /* USER CODE BEGIN TIM1_MspDeInit 1 */
 1665              		.loc 1 567 5 view .LVU512
 1666 0036 1920     		movs	r0, #25
 1667              	.LVL105:
 567:Core/Src/tim.c ****   /* USER CODE BEGIN TIM1_MspDeInit 1 */
 1668              		.loc 1 567 5 is_stmt 0 view .LVU513
 1669 0038 FFF7FEFF 		bl	HAL_NVIC_DisableIRQ
 1670              	.LVL106:
 1671 003c F4E7     		b	.L111
 1672              	.LVL107:
 1673              	.L120:
 578:Core/Src/tim.c **** 
 1674              		.loc 1 578 5 is_stmt 1 view .LVU514
ARM GAS  D:\software\msy64\tmp\ccMXFZVh.s 			page 49


 1675 003e 1C4A     		ldr	r2, .L125+20
 1676 0040 136C     		ldr	r3, [r2, #64]
 1677 0042 23F00103 		bic	r3, r3, #1
 1678 0046 1364     		str	r3, [r2, #64]
 581:Core/Src/tim.c ****   /* USER CODE BEGIN TIM2_MspDeInit 1 */
 1679              		.loc 1 581 5 view .LVU515
 1680 0048 1C20     		movs	r0, #28
 1681              	.LVL108:
 581:Core/Src/tim.c ****   /* USER CODE BEGIN TIM2_MspDeInit 1 */
 1682              		.loc 1 581 5 is_stmt 0 view .LVU516
 1683 004a FFF7FEFF 		bl	HAL_NVIC_DisableIRQ
 1684              	.LVL109:
 1685 004e EBE7     		b	.L111
 1686              	.LVL110:
 1687              	.L121:
 592:Core/Src/tim.c **** 
 1688              		.loc 1 592 5 is_stmt 1 view .LVU517
 1689 0050 02F50D32 		add	r2, r2, #144384
 1690 0054 136C     		ldr	r3, [r2, #64]
 1691 0056 23F00203 		bic	r3, r3, #2
 1692 005a 1364     		str	r3, [r2, #64]
 595:Core/Src/tim.c ****   /* USER CODE BEGIN TIM3_MspDeInit 1 */
 1693              		.loc 1 595 5 view .LVU518
 1694 005c 1D20     		movs	r0, #29
 1695              	.LVL111:
 595:Core/Src/tim.c ****   /* USER CODE BEGIN TIM3_MspDeInit 1 */
 1696              		.loc 1 595 5 is_stmt 0 view .LVU519
 1697 005e FFF7FEFF 		bl	HAL_NVIC_DisableIRQ
 1698              	.LVL112:
 1699 0062 E1E7     		b	.L111
 1700              	.LVL113:
 1701              	.L122:
 606:Core/Src/tim.c **** 
 1702              		.loc 1 606 5 is_stmt 1 view .LVU520
 1703 0064 02F50C32 		add	r2, r2, #143360
 1704 0068 136C     		ldr	r3, [r2, #64]
 1705 006a 23F00403 		bic	r3, r3, #4
 1706 006e 1364     		str	r3, [r2, #64]
 609:Core/Src/tim.c ****   /* USER CODE BEGIN TIM4_MspDeInit 1 */
 1707              		.loc 1 609 5 view .LVU521
 1708 0070 1E20     		movs	r0, #30
 1709              	.LVL114:
 609:Core/Src/tim.c ****   /* USER CODE BEGIN TIM4_MspDeInit 1 */
 1710              		.loc 1 609 5 is_stmt 0 view .LVU522
 1711 0072 FFF7FEFF 		bl	HAL_NVIC_DisableIRQ
 1712              	.LVL115:
 1713 0076 D7E7     		b	.L111
 1714              	.LVL116:
 1715              	.L123:
 620:Core/Src/tim.c **** 
 1716              		.loc 1 620 5 is_stmt 1 view .LVU523
 1717 0078 02F50B32 		add	r2, r2, #142336
 1718 007c 136C     		ldr	r3, [r2, #64]
 1719 007e 23F00803 		bic	r3, r3, #8
 1720 0082 1364     		str	r3, [r2, #64]
 623:Core/Src/tim.c ****   /* USER CODE BEGIN TIM5_MspDeInit 1 */
 1721              		.loc 1 623 5 view .LVU524
ARM GAS  D:\software\msy64\tmp\ccMXFZVh.s 			page 50


 1722 0084 3220     		movs	r0, #50
 1723              	.LVL117:
 623:Core/Src/tim.c ****   /* USER CODE BEGIN TIM5_MspDeInit 1 */
 1724              		.loc 1 623 5 is_stmt 0 view .LVU525
 1725 0086 FFF7FEFF 		bl	HAL_NVIC_DisableIRQ
 1726              	.LVL118:
 1727 008a CDE7     		b	.L111
 1728              	.LVL119:
 1729              	.L124:
 634:Core/Src/tim.c ****   /* USER CODE BEGIN TIM6_MspDeInit 1 */
 1730              		.loc 1 634 5 is_stmt 1 view .LVU526
 1731 008c 02F50A32 		add	r2, r2, #141312
 1732 0090 136C     		ldr	r3, [r2, #64]
 1733 0092 23F01003 		bic	r3, r3, #16
 1734 0096 1364     		str	r3, [r2, #64]
 1735              		.loc 1 639 1 is_stmt 0 view .LVU527
 1736 0098 C6E7     		b	.L111
 1737              	.L126:
 1738 009a 00BF     		.align	2
 1739              	.L125:
 1740 009c 00000140 		.word	1073807360
 1741 00a0 00040040 		.word	1073742848
 1742 00a4 00080040 		.word	1073743872
 1743 00a8 000C0040 		.word	1073744896
 1744 00ac 00100040 		.word	1073745920
 1745 00b0 00380240 		.word	1073887232
 1746              		.cfi_endproc
 1747              	.LFE142:
 1749              		.global	htim6
 1750              		.section	.bss.htim6,"aw",%nobits
 1751              		.align	2
 1754              	htim6:
 1755 0000 00000000 		.space	72
 1755      00000000 
 1755      00000000 
 1755      00000000 
 1755      00000000 
 1756              		.global	htim5
 1757              		.section	.bss.htim5,"aw",%nobits
 1758              		.align	2
 1761              	htim5:
 1762 0000 00000000 		.space	72
 1762      00000000 
 1762      00000000 
 1762      00000000 
 1762      00000000 
 1763              		.global	htim4
 1764              		.section	.bss.htim4,"aw",%nobits
 1765              		.align	2
 1768              	htim4:
 1769 0000 00000000 		.space	72
 1769      00000000 
 1769      00000000 
 1769      00000000 
 1769      00000000 
 1770              		.global	htim3
 1771              		.section	.bss.htim3,"aw",%nobits
ARM GAS  D:\software\msy64\tmp\ccMXFZVh.s 			page 51


 1772              		.align	2
 1775              	htim3:
 1776 0000 00000000 		.space	72
 1776      00000000 
 1776      00000000 
 1776      00000000 
 1776      00000000 
 1777              		.global	htim2
 1778              		.section	.bss.htim2,"aw",%nobits
 1779              		.align	2
 1782              	htim2:
 1783 0000 00000000 		.space	72
 1783      00000000 
 1783      00000000 
 1783      00000000 
 1783      00000000 
 1784              		.global	htim1
 1785              		.section	.bss.htim1,"aw",%nobits
 1786              		.align	2
 1789              	htim1:
 1790 0000 00000000 		.space	72
 1790      00000000 
 1790      00000000 
 1790      00000000 
 1790      00000000 
 1791              		.text
 1792              	.Letext0:
 1793              		.file 2 "Drivers/CMSIS/Device/ST/STM32F4xx/Include/stm32f407xx.h"
 1794              		.file 3 "D:/software/msy64/mingw64/arm-none-eabi/include/machine/_default_types.h"
 1795              		.file 4 "D:/software/msy64/mingw64/arm-none-eabi/include/sys/_stdint.h"
 1796              		.file 5 "Drivers/STM32F4xx_HAL_Driver/Inc/stm32f4xx_hal_def.h"
 1797              		.file 6 "Drivers/STM32F4xx_HAL_Driver/Inc/stm32f4xx_hal_gpio.h"
 1798              		.file 7 "Drivers/STM32F4xx_HAL_Driver/Inc/stm32f4xx_hal_dma.h"
 1799              		.file 8 "Drivers/STM32F4xx_HAL_Driver/Inc/stm32f4xx_hal_tim.h"
 1800              		.file 9 "Core/Inc/tim.h"
 1801              		.file 10 "Drivers/STM32F4xx_HAL_Driver/Inc/stm32f4xx_hal_cortex.h"
 1802              		.file 11 "Drivers/STM32F4xx_HAL_Driver/Inc/stm32f4xx_hal_tim_ex.h"
 1803              		.file 12 "Core/Inc/main.h"
 1804              		.file 13 "<built-in>"
ARM GAS  D:\software\msy64\tmp\ccMXFZVh.s 			page 52


DEFINED SYMBOLS
                            *ABS*:00000000 tim.c
D:\software\msy64\tmp\ccMXFZVh.s:21     .text.MX_TIM6_Init:00000000 $t
D:\software\msy64\tmp\ccMXFZVh.s:27     .text.MX_TIM6_Init:00000000 MX_TIM6_Init
D:\software\msy64\tmp\ccMXFZVh.s:111    .text.MX_TIM6_Init:00000048 $d
D:\software\msy64\tmp\ccMXFZVh.s:1754   .bss.htim6:00000000 htim6
D:\software\msy64\tmp\ccMXFZVh.s:117    .text.HAL_TIM_Base_MspInit:00000000 $t
D:\software\msy64\tmp\ccMXFZVh.s:123    .text.HAL_TIM_Base_MspInit:00000000 HAL_TIM_Base_MspInit
D:\software\msy64\tmp\ccMXFZVh.s:365    .text.HAL_TIM_Base_MspInit:00000114 $d
D:\software\msy64\tmp\ccMXFZVh.s:375    .text.HAL_TIM_MspPostInit:00000000 $t
D:\software\msy64\tmp\ccMXFZVh.s:381    .text.HAL_TIM_MspPostInit:00000000 HAL_TIM_MspPostInit
D:\software\msy64\tmp\ccMXFZVh.s:652    .text.HAL_TIM_MspPostInit:0000011c $d
D:\software\msy64\tmp\ccMXFZVh.s:664    .text.MX_TIM1_Init:00000000 $t
D:\software\msy64\tmp\ccMXFZVh.s:670    .text.MX_TIM1_Init:00000000 MX_TIM1_Init
D:\software\msy64\tmp\ccMXFZVh.s:895    .text.MX_TIM1_Init:000000e8 $d
D:\software\msy64\tmp\ccMXFZVh.s:1789   .bss.htim1:00000000 htim1
D:\software\msy64\tmp\ccMXFZVh.s:901    .text.MX_TIM2_Init:00000000 $t
D:\software\msy64\tmp\ccMXFZVh.s:907    .text.MX_TIM2_Init:00000000 MX_TIM2_Init
D:\software\msy64\tmp\ccMXFZVh.s:1071   .text.MX_TIM2_Init:000000ac $d
D:\software\msy64\tmp\ccMXFZVh.s:1782   .bss.htim2:00000000 htim2
D:\software\msy64\tmp\ccMXFZVh.s:1076   .text.MX_TIM3_Init:00000000 $t
D:\software\msy64\tmp\ccMXFZVh.s:1082   .text.MX_TIM3_Init:00000000 MX_TIM3_Init
D:\software\msy64\tmp\ccMXFZVh.s:1246   .text.MX_TIM3_Init:000000ac $d
D:\software\msy64\tmp\ccMXFZVh.s:1775   .bss.htim3:00000000 htim3
D:\software\msy64\tmp\ccMXFZVh.s:1252   .text.MX_TIM4_Init:00000000 $t
D:\software\msy64\tmp\ccMXFZVh.s:1258   .text.MX_TIM4_Init:00000000 MX_TIM4_Init
D:\software\msy64\tmp\ccMXFZVh.s:1422   .text.MX_TIM4_Init:000000ac $d
D:\software\msy64\tmp\ccMXFZVh.s:1768   .bss.htim4:00000000 htim4
D:\software\msy64\tmp\ccMXFZVh.s:1428   .text.MX_TIM5_Init:00000000 $t
D:\software\msy64\tmp\ccMXFZVh.s:1434   .text.MX_TIM5_Init:00000000 MX_TIM5_Init
D:\software\msy64\tmp\ccMXFZVh.s:1598   .text.MX_TIM5_Init:000000ac $d
D:\software\msy64\tmp\ccMXFZVh.s:1761   .bss.htim5:00000000 htim5
D:\software\msy64\tmp\ccMXFZVh.s:1604   .text.HAL_TIM_Base_MspDeInit:00000000 $t
D:\software\msy64\tmp\ccMXFZVh.s:1610   .text.HAL_TIM_Base_MspDeInit:00000000 HAL_TIM_Base_MspDeInit
D:\software\msy64\tmp\ccMXFZVh.s:1740   .text.HAL_TIM_Base_MspDeInit:0000009c $d
D:\software\msy64\tmp\ccMXFZVh.s:1751   .bss.htim6:00000000 $d
D:\software\msy64\tmp\ccMXFZVh.s:1758   .bss.htim5:00000000 $d
D:\software\msy64\tmp\ccMXFZVh.s:1765   .bss.htim4:00000000 $d
D:\software\msy64\tmp\ccMXFZVh.s:1772   .bss.htim3:00000000 $d
D:\software\msy64\tmp\ccMXFZVh.s:1779   .bss.htim2:00000000 $d
D:\software\msy64\tmp\ccMXFZVh.s:1786   .bss.htim1:00000000 $d

UNDEFINED SYMBOLS
HAL_TIM_Base_Init
HAL_TIMEx_MasterConfigSynchronization
Error_Handler
HAL_NVIC_SetPriority
HAL_NVIC_EnableIRQ
HAL_GPIO_Init
memset
HAL_TIM_ConfigClockSource
HAL_TIM_PWM_Init
HAL_TIM_PWM_ConfigChannel
HAL_TIMEx_ConfigBreakDeadTime
HAL_NVIC_DisableIRQ
