ARM GAS  D:\software\msy64\tmp\ccX5RH3v.s 			page 1


   1              		.cpu cortex-m3
   2              		.arch armv7-m
   3              		.fpu softvfp
   4              		.eabi_attribute 20, 1
   5              		.eabi_attribute 21, 1
   6              		.eabi_attribute 23, 3
   7              		.eabi_attribute 24, 1
   8              		.eabi_attribute 25, 1
   9              		.eabi_attribute 26, 1
  10              		.eabi_attribute 30, 1
  11              		.eabi_attribute 34, 1
  12              		.eabi_attribute 18, 4
  13              		.file	"cmsis_os.c"
  14              		.text
  15              	.Ltext0:
  16              		.cfi_sections	.debug_frame
  17              		.file 1 "Middlewares/Third_Party/FreeRTOS/Source/CMSIS_RTOS/cmsis_os.c"
  18              		.section	.text.makeFreeRtosPriority,"ax",%progbits
  19              		.align	1
  20              		.syntax unified
  21              		.thumb
  22              		.thumb_func
  24              	makeFreeRtosPriority:
  25              	.LVL0:
  26              	.LFB49:
   1:Middlewares/Third_Party/FreeRTOS/Source/CMSIS_RTOS/cmsis_os.c **** /* ----------------------------------------------------------------------
   2:Middlewares/Third_Party/FreeRTOS/Source/CMSIS_RTOS/cmsis_os.c ****  * $Date:        5. February 2013
   3:Middlewares/Third_Party/FreeRTOS/Source/CMSIS_RTOS/cmsis_os.c ****  * $Revision:    V1.02
   4:Middlewares/Third_Party/FreeRTOS/Source/CMSIS_RTOS/cmsis_os.c ****  *
   5:Middlewares/Third_Party/FreeRTOS/Source/CMSIS_RTOS/cmsis_os.c ****  * Project:      CMSIS-RTOS API
   6:Middlewares/Third_Party/FreeRTOS/Source/CMSIS_RTOS/cmsis_os.c ****  * Title:        cmsis_os.c
   7:Middlewares/Third_Party/FreeRTOS/Source/CMSIS_RTOS/cmsis_os.c ****  *
   8:Middlewares/Third_Party/FreeRTOS/Source/CMSIS_RTOS/cmsis_os.c ****  * Version 0.02
   9:Middlewares/Third_Party/FreeRTOS/Source/CMSIS_RTOS/cmsis_os.c ****  *    Initial Proposal Phase
  10:Middlewares/Third_Party/FreeRTOS/Source/CMSIS_RTOS/cmsis_os.c ****  * Version 0.03
  11:Middlewares/Third_Party/FreeRTOS/Source/CMSIS_RTOS/cmsis_os.c ****  *    osKernelStart added, optional feature: main started as thread
  12:Middlewares/Third_Party/FreeRTOS/Source/CMSIS_RTOS/cmsis_os.c ****  *    osSemaphores have standard behavior
  13:Middlewares/Third_Party/FreeRTOS/Source/CMSIS_RTOS/cmsis_os.c ****  *    osTimerCreate does not start the timer, added osTimerStart
  14:Middlewares/Third_Party/FreeRTOS/Source/CMSIS_RTOS/cmsis_os.c ****  *    osThreadPass is renamed to osThreadYield
  15:Middlewares/Third_Party/FreeRTOS/Source/CMSIS_RTOS/cmsis_os.c ****  * Version 1.01
  16:Middlewares/Third_Party/FreeRTOS/Source/CMSIS_RTOS/cmsis_os.c ****  *    Support for C++ interface
  17:Middlewares/Third_Party/FreeRTOS/Source/CMSIS_RTOS/cmsis_os.c ****  *     - const attribute removed from the osXxxxDef_t typedef's
  18:Middlewares/Third_Party/FreeRTOS/Source/CMSIS_RTOS/cmsis_os.c ****  *     - const attribute added to the osXxxxDef macros
  19:Middlewares/Third_Party/FreeRTOS/Source/CMSIS_RTOS/cmsis_os.c ****  *    Added: osTimerDelete, osMutexDelete, osSemaphoreDelete
  20:Middlewares/Third_Party/FreeRTOS/Source/CMSIS_RTOS/cmsis_os.c ****  *    Added: osKernelInitialize
  21:Middlewares/Third_Party/FreeRTOS/Source/CMSIS_RTOS/cmsis_os.c ****  * Version 1.02
  22:Middlewares/Third_Party/FreeRTOS/Source/CMSIS_RTOS/cmsis_os.c ****  *    Control functions for short timeouts in microsecond resolution:
  23:Middlewares/Third_Party/FreeRTOS/Source/CMSIS_RTOS/cmsis_os.c ****  *    Added: osKernelSysTick, osKernelSysTickFrequency, osKernelSysTickMicroSec
  24:Middlewares/Third_Party/FreeRTOS/Source/CMSIS_RTOS/cmsis_os.c ****  *    Removed: osSignalGet 
  25:Middlewares/Third_Party/FreeRTOS/Source/CMSIS_RTOS/cmsis_os.c ****  *    
  26:Middlewares/Third_Party/FreeRTOS/Source/CMSIS_RTOS/cmsis_os.c ****  *  
  27:Middlewares/Third_Party/FreeRTOS/Source/CMSIS_RTOS/cmsis_os.c ****  *----------------------------------------------------------------------------
  28:Middlewares/Third_Party/FreeRTOS/Source/CMSIS_RTOS/cmsis_os.c ****  *
  29:Middlewares/Third_Party/FreeRTOS/Source/CMSIS_RTOS/cmsis_os.c ****  * Portions Copyright © 2016 STMicroelectronics International N.V. All rights reserved.
  30:Middlewares/Third_Party/FreeRTOS/Source/CMSIS_RTOS/cmsis_os.c ****  * Portions Copyright (c) 2013 ARM LIMITED
  31:Middlewares/Third_Party/FreeRTOS/Source/CMSIS_RTOS/cmsis_os.c ****  * All rights reserved.
  32:Middlewares/Third_Party/FreeRTOS/Source/CMSIS_RTOS/cmsis_os.c ****  * Redistribution and use in source and binary forms, with or without
ARM GAS  D:\software\msy64\tmp\ccX5RH3v.s 			page 2


  33:Middlewares/Third_Party/FreeRTOS/Source/CMSIS_RTOS/cmsis_os.c ****  * modification, are permitted provided that the following conditions are met:
  34:Middlewares/Third_Party/FreeRTOS/Source/CMSIS_RTOS/cmsis_os.c ****  *  - Redistributions of source code must retain the above copyright
  35:Middlewares/Third_Party/FreeRTOS/Source/CMSIS_RTOS/cmsis_os.c ****  *    notice, this list of conditions and the following disclaimer.
  36:Middlewares/Third_Party/FreeRTOS/Source/CMSIS_RTOS/cmsis_os.c ****  *  - Redistributions in binary form must reproduce the above copyright
  37:Middlewares/Third_Party/FreeRTOS/Source/CMSIS_RTOS/cmsis_os.c ****  *    notice, this list of conditions and the following disclaimer in the
  38:Middlewares/Third_Party/FreeRTOS/Source/CMSIS_RTOS/cmsis_os.c ****  *    documentation and/or other materials provided with the distribution.
  39:Middlewares/Third_Party/FreeRTOS/Source/CMSIS_RTOS/cmsis_os.c ****  *  - Neither the name of ARM  nor the names of its contributors may be used
  40:Middlewares/Third_Party/FreeRTOS/Source/CMSIS_RTOS/cmsis_os.c ****  *    to endorse or promote products derived from this software without
  41:Middlewares/Third_Party/FreeRTOS/Source/CMSIS_RTOS/cmsis_os.c ****  *    specific prior written permission.
  42:Middlewares/Third_Party/FreeRTOS/Source/CMSIS_RTOS/cmsis_os.c ****  *
  43:Middlewares/Third_Party/FreeRTOS/Source/CMSIS_RTOS/cmsis_os.c ****  * THIS SOFTWARE IS PROVIDED BY THE COPYRIGHT HOLDERS AND CONTRIBUTORS "AS IS"
  44:Middlewares/Third_Party/FreeRTOS/Source/CMSIS_RTOS/cmsis_os.c ****  * AND ANY EXPRESS OR IMPLIED WARRANTIES, INCLUDING, BUT NOT LIMITED TO, THE
  45:Middlewares/Third_Party/FreeRTOS/Source/CMSIS_RTOS/cmsis_os.c ****  * IMPLIED WARRANTIES OF MERCHANTABILITY AND FITNESS FOR A PARTICULAR PURPOSE
  46:Middlewares/Third_Party/FreeRTOS/Source/CMSIS_RTOS/cmsis_os.c ****  * ARE DISCLAIMED. IN NO EVENT SHALL COPYRIGHT HOLDERS AND CONTRIBUTORS BE
  47:Middlewares/Third_Party/FreeRTOS/Source/CMSIS_RTOS/cmsis_os.c ****  * LIABLE FOR ANY DIRECT, INDIRECT, INCIDENTAL, SPECIAL, EXEMPLARY, OR
  48:Middlewares/Third_Party/FreeRTOS/Source/CMSIS_RTOS/cmsis_os.c ****  * CONSEQUENTIAL DAMAGES (INCLUDING, BUT NOT LIMITED TO, PROCUREMENT OF
  49:Middlewares/Third_Party/FreeRTOS/Source/CMSIS_RTOS/cmsis_os.c ****  * SUBSTITUTE GOODS OR SERVICES; LOSS OF USE, DATA, OR PROFITS; OR BUSINESS
  50:Middlewares/Third_Party/FreeRTOS/Source/CMSIS_RTOS/cmsis_os.c ****  * INTERRUPTION) HOWEVER CAUSED AND ON ANY THEORY OF LIABILITY, WHETHER IN
  51:Middlewares/Third_Party/FreeRTOS/Source/CMSIS_RTOS/cmsis_os.c ****  * CONTRACT, STRICT LIABILITY, OR TORT (INCLUDING NEGLIGENCE OR OTHERWISE)
  52:Middlewares/Third_Party/FreeRTOS/Source/CMSIS_RTOS/cmsis_os.c ****  * ARISING IN ANY WAY OUT OF THE USE OF THIS SOFTWARE, EVEN IF ADVISED OF THE
  53:Middlewares/Third_Party/FreeRTOS/Source/CMSIS_RTOS/cmsis_os.c ****  * POSSIBILITY OF SUCH DAMAGE.
  54:Middlewares/Third_Party/FreeRTOS/Source/CMSIS_RTOS/cmsis_os.c ****  *---------------------------------------------------------------------------*/
  55:Middlewares/Third_Party/FreeRTOS/Source/CMSIS_RTOS/cmsis_os.c **** 
  56:Middlewares/Third_Party/FreeRTOS/Source/CMSIS_RTOS/cmsis_os.c **** #include <string.h>
  57:Middlewares/Third_Party/FreeRTOS/Source/CMSIS_RTOS/cmsis_os.c **** #include "cmsis_os.h"
  58:Middlewares/Third_Party/FreeRTOS/Source/CMSIS_RTOS/cmsis_os.c **** 
  59:Middlewares/Third_Party/FreeRTOS/Source/CMSIS_RTOS/cmsis_os.c **** /*
  60:Middlewares/Third_Party/FreeRTOS/Source/CMSIS_RTOS/cmsis_os.c ****  * ARM Compiler 4/5
  61:Middlewares/Third_Party/FreeRTOS/Source/CMSIS_RTOS/cmsis_os.c ****  */
  62:Middlewares/Third_Party/FreeRTOS/Source/CMSIS_RTOS/cmsis_os.c **** #if   defined ( __CC_ARM )
  63:Middlewares/Third_Party/FreeRTOS/Source/CMSIS_RTOS/cmsis_os.c **** 
  64:Middlewares/Third_Party/FreeRTOS/Source/CMSIS_RTOS/cmsis_os.c ****   #define __ASM            __asm                                      
  65:Middlewares/Third_Party/FreeRTOS/Source/CMSIS_RTOS/cmsis_os.c ****   #define __INLINE         __inline                                     
  66:Middlewares/Third_Party/FreeRTOS/Source/CMSIS_RTOS/cmsis_os.c ****   #define __STATIC_INLINE  static __inline
  67:Middlewares/Third_Party/FreeRTOS/Source/CMSIS_RTOS/cmsis_os.c **** 
  68:Middlewares/Third_Party/FreeRTOS/Source/CMSIS_RTOS/cmsis_os.c ****   #include "cmsis_armcc.h"
  69:Middlewares/Third_Party/FreeRTOS/Source/CMSIS_RTOS/cmsis_os.c **** 
  70:Middlewares/Third_Party/FreeRTOS/Source/CMSIS_RTOS/cmsis_os.c **** /*
  71:Middlewares/Third_Party/FreeRTOS/Source/CMSIS_RTOS/cmsis_os.c ****  * GNU Compiler
  72:Middlewares/Third_Party/FreeRTOS/Source/CMSIS_RTOS/cmsis_os.c ****  */
  73:Middlewares/Third_Party/FreeRTOS/Source/CMSIS_RTOS/cmsis_os.c **** #elif defined ( __GNUC__ )
  74:Middlewares/Third_Party/FreeRTOS/Source/CMSIS_RTOS/cmsis_os.c **** 
  75:Middlewares/Third_Party/FreeRTOS/Source/CMSIS_RTOS/cmsis_os.c ****   #define __ASM            __asm                                      /*!< asm keyword for GNU Comp
  76:Middlewares/Third_Party/FreeRTOS/Source/CMSIS_RTOS/cmsis_os.c ****   #define __INLINE         inline                                     /*!< inline keyword for GNU C
  77:Middlewares/Third_Party/FreeRTOS/Source/CMSIS_RTOS/cmsis_os.c ****   #define __STATIC_INLINE  static inline
  78:Middlewares/Third_Party/FreeRTOS/Source/CMSIS_RTOS/cmsis_os.c **** 
  79:Middlewares/Third_Party/FreeRTOS/Source/CMSIS_RTOS/cmsis_os.c ****   #include "cmsis_gcc.h"
  80:Middlewares/Third_Party/FreeRTOS/Source/CMSIS_RTOS/cmsis_os.c **** 
  81:Middlewares/Third_Party/FreeRTOS/Source/CMSIS_RTOS/cmsis_os.c **** 
  82:Middlewares/Third_Party/FreeRTOS/Source/CMSIS_RTOS/cmsis_os.c **** /*
  83:Middlewares/Third_Party/FreeRTOS/Source/CMSIS_RTOS/cmsis_os.c ****  * IAR Compiler
  84:Middlewares/Third_Party/FreeRTOS/Source/CMSIS_RTOS/cmsis_os.c ****  */
  85:Middlewares/Third_Party/FreeRTOS/Source/CMSIS_RTOS/cmsis_os.c **** #elif defined ( __ICCARM__ )
  86:Middlewares/Third_Party/FreeRTOS/Source/CMSIS_RTOS/cmsis_os.c **** 
  87:Middlewares/Third_Party/FreeRTOS/Source/CMSIS_RTOS/cmsis_os.c ****   #ifndef   __ASM
  88:Middlewares/Third_Party/FreeRTOS/Source/CMSIS_RTOS/cmsis_os.c ****     #define __ASM                     __asm
  89:Middlewares/Third_Party/FreeRTOS/Source/CMSIS_RTOS/cmsis_os.c ****   #endif
ARM GAS  D:\software\msy64\tmp\ccX5RH3v.s 			page 3


  90:Middlewares/Third_Party/FreeRTOS/Source/CMSIS_RTOS/cmsis_os.c ****   #ifndef   __INLINE
  91:Middlewares/Third_Party/FreeRTOS/Source/CMSIS_RTOS/cmsis_os.c ****     #define __INLINE                  inline
  92:Middlewares/Third_Party/FreeRTOS/Source/CMSIS_RTOS/cmsis_os.c ****   #endif
  93:Middlewares/Third_Party/FreeRTOS/Source/CMSIS_RTOS/cmsis_os.c ****   #ifndef   __STATIC_INLINE
  94:Middlewares/Third_Party/FreeRTOS/Source/CMSIS_RTOS/cmsis_os.c ****     #define __STATIC_INLINE           static inline
  95:Middlewares/Third_Party/FreeRTOS/Source/CMSIS_RTOS/cmsis_os.c ****   #endif
  96:Middlewares/Third_Party/FreeRTOS/Source/CMSIS_RTOS/cmsis_os.c **** 
  97:Middlewares/Third_Party/FreeRTOS/Source/CMSIS_RTOS/cmsis_os.c ****   #include <cmsis_iar.h>
  98:Middlewares/Third_Party/FreeRTOS/Source/CMSIS_RTOS/cmsis_os.c **** #endif
  99:Middlewares/Third_Party/FreeRTOS/Source/CMSIS_RTOS/cmsis_os.c **** 
 100:Middlewares/Third_Party/FreeRTOS/Source/CMSIS_RTOS/cmsis_os.c **** extern void xPortSysTickHandler(void);
 101:Middlewares/Third_Party/FreeRTOS/Source/CMSIS_RTOS/cmsis_os.c **** 
 102:Middlewares/Third_Party/FreeRTOS/Source/CMSIS_RTOS/cmsis_os.c **** /* Convert from CMSIS type osPriority to FreeRTOS priority number */
 103:Middlewares/Third_Party/FreeRTOS/Source/CMSIS_RTOS/cmsis_os.c **** static unsigned portBASE_TYPE makeFreeRtosPriority (osPriority priority)
 104:Middlewares/Third_Party/FreeRTOS/Source/CMSIS_RTOS/cmsis_os.c **** {
  27              		.loc 1 104 1 view -0
  28              		.cfi_startproc
  29              		@ args = 0, pretend = 0, frame = 0
  30              		@ frame_needed = 0, uses_anonymous_args = 0
  31              		@ link register save eliminated.
 105:Middlewares/Third_Party/FreeRTOS/Source/CMSIS_RTOS/cmsis_os.c ****   unsigned portBASE_TYPE fpriority = tskIDLE_PRIORITY;
  32              		.loc 1 105 3 view .LVU1
 106:Middlewares/Third_Party/FreeRTOS/Source/CMSIS_RTOS/cmsis_os.c ****   
 107:Middlewares/Third_Party/FreeRTOS/Source/CMSIS_RTOS/cmsis_os.c ****   if (priority != osPriorityError) {
  33              		.loc 1 107 3 view .LVU2
  34              		.loc 1 107 6 is_stmt 0 view .LVU3
  35 0000 8428     		cmp	r0, #132
  36 0002 01D0     		beq	.L3
 108:Middlewares/Third_Party/FreeRTOS/Source/CMSIS_RTOS/cmsis_os.c ****     fpriority += (priority - osPriorityIdle);
  37              		.loc 1 108 5 is_stmt 1 view .LVU4
  38              		.loc 1 108 15 is_stmt 0 view .LVU5
  39 0004 0330     		adds	r0, r0, #3
  40              	.LVL1:
  41              		.loc 1 108 15 view .LVU6
  42 0006 7047     		bx	lr
  43              	.LVL2:
  44              	.L3:
 105:Middlewares/Third_Party/FreeRTOS/Source/CMSIS_RTOS/cmsis_os.c ****   unsigned portBASE_TYPE fpriority = tskIDLE_PRIORITY;
  45              		.loc 1 105 26 view .LVU7
  46 0008 0020     		movs	r0, #0
  47              	.LVL3:
 109:Middlewares/Third_Party/FreeRTOS/Source/CMSIS_RTOS/cmsis_os.c ****   }
 110:Middlewares/Third_Party/FreeRTOS/Source/CMSIS_RTOS/cmsis_os.c ****   
 111:Middlewares/Third_Party/FreeRTOS/Source/CMSIS_RTOS/cmsis_os.c ****   return fpriority;
  48              		.loc 1 111 3 is_stmt 1 view .LVU8
 112:Middlewares/Third_Party/FreeRTOS/Source/CMSIS_RTOS/cmsis_os.c **** }
  49              		.loc 1 112 1 is_stmt 0 view .LVU9
  50 000a 7047     		bx	lr
  51              		.cfi_endproc
  52              	.LFE49:
  54              		.section	.text.makeCmsisPriority,"ax",%progbits
  55              		.align	1
  56              		.syntax unified
  57              		.thumb
  58              		.thumb_func
  60              	makeCmsisPriority:
  61              	.LVL4:
ARM GAS  D:\software\msy64\tmp\ccX5RH3v.s 			page 4


  62              	.LFB50:
 113:Middlewares/Third_Party/FreeRTOS/Source/CMSIS_RTOS/cmsis_os.c **** 
 114:Middlewares/Third_Party/FreeRTOS/Source/CMSIS_RTOS/cmsis_os.c **** #if (INCLUDE_uxTaskPriorityGet == 1)
 115:Middlewares/Third_Party/FreeRTOS/Source/CMSIS_RTOS/cmsis_os.c **** /* Convert from FreeRTOS priority number to CMSIS type osPriority */
 116:Middlewares/Third_Party/FreeRTOS/Source/CMSIS_RTOS/cmsis_os.c **** static osPriority makeCmsisPriority (unsigned portBASE_TYPE fpriority)
 117:Middlewares/Third_Party/FreeRTOS/Source/CMSIS_RTOS/cmsis_os.c **** {
  63              		.loc 1 117 1 is_stmt 1 view -0
  64              		.cfi_startproc
  65              		@ args = 0, pretend = 0, frame = 0
  66              		@ frame_needed = 0, uses_anonymous_args = 0
  67              		@ link register save eliminated.
 118:Middlewares/Third_Party/FreeRTOS/Source/CMSIS_RTOS/cmsis_os.c ****   osPriority priority = osPriorityError;
  68              		.loc 1 118 3 view .LVU11
 119:Middlewares/Third_Party/FreeRTOS/Source/CMSIS_RTOS/cmsis_os.c ****   
 120:Middlewares/Third_Party/FreeRTOS/Source/CMSIS_RTOS/cmsis_os.c ****   if ((fpriority - tskIDLE_PRIORITY) <= (osPriorityRealtime - osPriorityIdle)) {
  69              		.loc 1 120 3 view .LVU12
  70              		.loc 1 120 6 is_stmt 0 view .LVU13
  71 0000 0628     		cmp	r0, #6
  72 0002 02D8     		bhi	.L6
 121:Middlewares/Third_Party/FreeRTOS/Source/CMSIS_RTOS/cmsis_os.c ****     priority = (osPriority)((int)osPriorityIdle + (int)(fpriority - tskIDLE_PRIORITY));
  73              		.loc 1 121 5 is_stmt 1 view .LVU14
  74              		.loc 1 121 49 is_stmt 0 view .LVU15
  75 0004 0338     		subs	r0, r0, #3
  76              	.LVL5:
  77              		.loc 1 121 14 view .LVU16
  78 0006 00B2     		sxth	r0, r0
  79              	.LVL6:
  80              		.loc 1 121 14 view .LVU17
  81 0008 7047     		bx	lr
  82              	.LVL7:
  83              	.L6:
 118:Middlewares/Third_Party/FreeRTOS/Source/CMSIS_RTOS/cmsis_os.c ****   osPriority priority = osPriorityError;
  84              		.loc 1 118 14 view .LVU18
  85 000a 8420     		movs	r0, #132
  86              	.LVL8:
 122:Middlewares/Third_Party/FreeRTOS/Source/CMSIS_RTOS/cmsis_os.c ****   }
 123:Middlewares/Third_Party/FreeRTOS/Source/CMSIS_RTOS/cmsis_os.c ****   
 124:Middlewares/Third_Party/FreeRTOS/Source/CMSIS_RTOS/cmsis_os.c ****   return priority;
  87              		.loc 1 124 3 is_stmt 1 view .LVU19
 125:Middlewares/Third_Party/FreeRTOS/Source/CMSIS_RTOS/cmsis_os.c **** }
  88              		.loc 1 125 1 is_stmt 0 view .LVU20
  89 000c 7047     		bx	lr
  90              		.cfi_endproc
  91              	.LFE50:
  93              		.section	.text.inHandlerMode,"ax",%progbits
  94              		.align	1
  95              		.syntax unified
  96              		.thumb
  97              		.thumb_func
  99              	inHandlerMode:
 100              	.LFB51:
 126:Middlewares/Third_Party/FreeRTOS/Source/CMSIS_RTOS/cmsis_os.c **** #endif
 127:Middlewares/Third_Party/FreeRTOS/Source/CMSIS_RTOS/cmsis_os.c **** 
 128:Middlewares/Third_Party/FreeRTOS/Source/CMSIS_RTOS/cmsis_os.c **** 
 129:Middlewares/Third_Party/FreeRTOS/Source/CMSIS_RTOS/cmsis_os.c **** /* Determine whether we are in thread mode or handler mode. */
 130:Middlewares/Third_Party/FreeRTOS/Source/CMSIS_RTOS/cmsis_os.c **** static int inHandlerMode (void)
 131:Middlewares/Third_Party/FreeRTOS/Source/CMSIS_RTOS/cmsis_os.c **** {
ARM GAS  D:\software\msy64\tmp\ccX5RH3v.s 			page 5


 101              		.loc 1 131 1 is_stmt 1 view -0
 102              		.cfi_startproc
 103              		@ args = 0, pretend = 0, frame = 0
 104              		@ frame_needed = 0, uses_anonymous_args = 0
 105              		@ link register save eliminated.
 132:Middlewares/Third_Party/FreeRTOS/Source/CMSIS_RTOS/cmsis_os.c ****   return __get_IPSR() != 0;
 106              		.loc 1 132 3 view .LVU22
 107              	.LBB8:
 108              	.LBI8:
 109              		.file 2 "Drivers/CMSIS/Include/cmsis_gcc.h"
   1:Drivers/CMSIS/Include/cmsis_gcc.h **** /**************************************************************************//**
   2:Drivers/CMSIS/Include/cmsis_gcc.h ****  * @file     cmsis_gcc.h
   3:Drivers/CMSIS/Include/cmsis_gcc.h ****  * @brief    CMSIS compiler GCC header file
   4:Drivers/CMSIS/Include/cmsis_gcc.h ****  * @version  V5.0.4
   5:Drivers/CMSIS/Include/cmsis_gcc.h ****  * @date     09. April 2018
   6:Drivers/CMSIS/Include/cmsis_gcc.h ****  ******************************************************************************/
   7:Drivers/CMSIS/Include/cmsis_gcc.h **** /*
   8:Drivers/CMSIS/Include/cmsis_gcc.h ****  * Copyright (c) 2009-2018 Arm Limited. All rights reserved.
   9:Drivers/CMSIS/Include/cmsis_gcc.h ****  *
  10:Drivers/CMSIS/Include/cmsis_gcc.h ****  * SPDX-License-Identifier: Apache-2.0
  11:Drivers/CMSIS/Include/cmsis_gcc.h ****  *
  12:Drivers/CMSIS/Include/cmsis_gcc.h ****  * Licensed under the Apache License, Version 2.0 (the License); you may
  13:Drivers/CMSIS/Include/cmsis_gcc.h ****  * not use this file except in compliance with the License.
  14:Drivers/CMSIS/Include/cmsis_gcc.h ****  * You may obtain a copy of the License at
  15:Drivers/CMSIS/Include/cmsis_gcc.h ****  *
  16:Drivers/CMSIS/Include/cmsis_gcc.h ****  * www.apache.org/licenses/LICENSE-2.0
  17:Drivers/CMSIS/Include/cmsis_gcc.h ****  *
  18:Drivers/CMSIS/Include/cmsis_gcc.h ****  * Unless required by applicable law or agreed to in writing, software
  19:Drivers/CMSIS/Include/cmsis_gcc.h ****  * distributed under the License is distributed on an AS IS BASIS, WITHOUT
  20:Drivers/CMSIS/Include/cmsis_gcc.h ****  * WARRANTIES OR CONDITIONS OF ANY KIND, either express or implied.
  21:Drivers/CMSIS/Include/cmsis_gcc.h ****  * See the License for the specific language governing permissions and
  22:Drivers/CMSIS/Include/cmsis_gcc.h ****  * limitations under the License.
  23:Drivers/CMSIS/Include/cmsis_gcc.h ****  */
  24:Drivers/CMSIS/Include/cmsis_gcc.h **** 
  25:Drivers/CMSIS/Include/cmsis_gcc.h **** #ifndef __CMSIS_GCC_H
  26:Drivers/CMSIS/Include/cmsis_gcc.h **** #define __CMSIS_GCC_H
  27:Drivers/CMSIS/Include/cmsis_gcc.h **** 
  28:Drivers/CMSIS/Include/cmsis_gcc.h **** /* ignore some GCC warnings */
  29:Drivers/CMSIS/Include/cmsis_gcc.h **** #pragma GCC diagnostic push
  30:Drivers/CMSIS/Include/cmsis_gcc.h **** #pragma GCC diagnostic ignored "-Wsign-conversion"
  31:Drivers/CMSIS/Include/cmsis_gcc.h **** #pragma GCC diagnostic ignored "-Wconversion"
  32:Drivers/CMSIS/Include/cmsis_gcc.h **** #pragma GCC diagnostic ignored "-Wunused-parameter"
  33:Drivers/CMSIS/Include/cmsis_gcc.h **** 
  34:Drivers/CMSIS/Include/cmsis_gcc.h **** /* Fallback for __has_builtin */
  35:Drivers/CMSIS/Include/cmsis_gcc.h **** #ifndef __has_builtin
  36:Drivers/CMSIS/Include/cmsis_gcc.h ****   #define __has_builtin(x) (0)
  37:Drivers/CMSIS/Include/cmsis_gcc.h **** #endif
  38:Drivers/CMSIS/Include/cmsis_gcc.h **** 
  39:Drivers/CMSIS/Include/cmsis_gcc.h **** /* CMSIS compiler specific defines */
  40:Drivers/CMSIS/Include/cmsis_gcc.h **** #ifndef   __ASM
  41:Drivers/CMSIS/Include/cmsis_gcc.h ****   #define __ASM                                  __asm
  42:Drivers/CMSIS/Include/cmsis_gcc.h **** #endif
  43:Drivers/CMSIS/Include/cmsis_gcc.h **** #ifndef   __INLINE
  44:Drivers/CMSIS/Include/cmsis_gcc.h ****   #define __INLINE                               inline
  45:Drivers/CMSIS/Include/cmsis_gcc.h **** #endif
  46:Drivers/CMSIS/Include/cmsis_gcc.h **** #ifndef   __STATIC_INLINE
  47:Drivers/CMSIS/Include/cmsis_gcc.h ****   #define __STATIC_INLINE                        static inline
ARM GAS  D:\software\msy64\tmp\ccX5RH3v.s 			page 6


  48:Drivers/CMSIS/Include/cmsis_gcc.h **** #endif
  49:Drivers/CMSIS/Include/cmsis_gcc.h **** #ifndef   __STATIC_FORCEINLINE                 
  50:Drivers/CMSIS/Include/cmsis_gcc.h ****   #define __STATIC_FORCEINLINE                   __attribute__((always_inline)) static inline
  51:Drivers/CMSIS/Include/cmsis_gcc.h **** #endif                                           
  52:Drivers/CMSIS/Include/cmsis_gcc.h **** #ifndef   __NO_RETURN
  53:Drivers/CMSIS/Include/cmsis_gcc.h ****   #define __NO_RETURN                            __attribute__((__noreturn__))
  54:Drivers/CMSIS/Include/cmsis_gcc.h **** #endif
  55:Drivers/CMSIS/Include/cmsis_gcc.h **** #ifndef   __USED
  56:Drivers/CMSIS/Include/cmsis_gcc.h ****   #define __USED                                 __attribute__((used))
  57:Drivers/CMSIS/Include/cmsis_gcc.h **** #endif
  58:Drivers/CMSIS/Include/cmsis_gcc.h **** #ifndef   __WEAK
  59:Drivers/CMSIS/Include/cmsis_gcc.h ****   #define __WEAK                                 __attribute__((weak))
  60:Drivers/CMSIS/Include/cmsis_gcc.h **** #endif
  61:Drivers/CMSIS/Include/cmsis_gcc.h **** #ifndef   __PACKED
  62:Drivers/CMSIS/Include/cmsis_gcc.h ****   #define __PACKED                               __attribute__((packed, aligned(1)))
  63:Drivers/CMSIS/Include/cmsis_gcc.h **** #endif
  64:Drivers/CMSIS/Include/cmsis_gcc.h **** #ifndef   __PACKED_STRUCT
  65:Drivers/CMSIS/Include/cmsis_gcc.h ****   #define __PACKED_STRUCT                        struct __attribute__((packed, aligned(1)))
  66:Drivers/CMSIS/Include/cmsis_gcc.h **** #endif
  67:Drivers/CMSIS/Include/cmsis_gcc.h **** #ifndef   __PACKED_UNION
  68:Drivers/CMSIS/Include/cmsis_gcc.h ****   #define __PACKED_UNION                         union __attribute__((packed, aligned(1)))
  69:Drivers/CMSIS/Include/cmsis_gcc.h **** #endif
  70:Drivers/CMSIS/Include/cmsis_gcc.h **** #ifndef   __UNALIGNED_UINT32        /* deprecated */
  71:Drivers/CMSIS/Include/cmsis_gcc.h ****   #pragma GCC diagnostic push
  72:Drivers/CMSIS/Include/cmsis_gcc.h ****   #pragma GCC diagnostic ignored "-Wpacked"
  73:Drivers/CMSIS/Include/cmsis_gcc.h ****   #pragma GCC diagnostic ignored "-Wattributes"
  74:Drivers/CMSIS/Include/cmsis_gcc.h ****   struct __attribute__((packed)) T_UINT32 { uint32_t v; };
  75:Drivers/CMSIS/Include/cmsis_gcc.h ****   #pragma GCC diagnostic pop
  76:Drivers/CMSIS/Include/cmsis_gcc.h ****   #define __UNALIGNED_UINT32(x)                  (((struct T_UINT32 *)(x))->v)
  77:Drivers/CMSIS/Include/cmsis_gcc.h **** #endif
  78:Drivers/CMSIS/Include/cmsis_gcc.h **** #ifndef   __UNALIGNED_UINT16_WRITE
  79:Drivers/CMSIS/Include/cmsis_gcc.h ****   #pragma GCC diagnostic push
  80:Drivers/CMSIS/Include/cmsis_gcc.h ****   #pragma GCC diagnostic ignored "-Wpacked"
  81:Drivers/CMSIS/Include/cmsis_gcc.h ****   #pragma GCC diagnostic ignored "-Wattributes"
  82:Drivers/CMSIS/Include/cmsis_gcc.h ****   __PACKED_STRUCT T_UINT16_WRITE { uint16_t v; };
  83:Drivers/CMSIS/Include/cmsis_gcc.h ****   #pragma GCC diagnostic pop
  84:Drivers/CMSIS/Include/cmsis_gcc.h ****   #define __UNALIGNED_UINT16_WRITE(addr, val)    (void)((((struct T_UINT16_WRITE *)(void *)(addr))-
  85:Drivers/CMSIS/Include/cmsis_gcc.h **** #endif
  86:Drivers/CMSIS/Include/cmsis_gcc.h **** #ifndef   __UNALIGNED_UINT16_READ
  87:Drivers/CMSIS/Include/cmsis_gcc.h ****   #pragma GCC diagnostic push
  88:Drivers/CMSIS/Include/cmsis_gcc.h ****   #pragma GCC diagnostic ignored "-Wpacked"
  89:Drivers/CMSIS/Include/cmsis_gcc.h ****   #pragma GCC diagnostic ignored "-Wattributes"
  90:Drivers/CMSIS/Include/cmsis_gcc.h ****   __PACKED_STRUCT T_UINT16_READ { uint16_t v; };
  91:Drivers/CMSIS/Include/cmsis_gcc.h ****   #pragma GCC diagnostic pop
  92:Drivers/CMSIS/Include/cmsis_gcc.h ****   #define __UNALIGNED_UINT16_READ(addr)          (((const struct T_UINT16_READ *)(const void *)(add
  93:Drivers/CMSIS/Include/cmsis_gcc.h **** #endif
  94:Drivers/CMSIS/Include/cmsis_gcc.h **** #ifndef   __UNALIGNED_UINT32_WRITE
  95:Drivers/CMSIS/Include/cmsis_gcc.h ****   #pragma GCC diagnostic push
  96:Drivers/CMSIS/Include/cmsis_gcc.h ****   #pragma GCC diagnostic ignored "-Wpacked"
  97:Drivers/CMSIS/Include/cmsis_gcc.h ****   #pragma GCC diagnostic ignored "-Wattributes"
  98:Drivers/CMSIS/Include/cmsis_gcc.h ****   __PACKED_STRUCT T_UINT32_WRITE { uint32_t v; };
  99:Drivers/CMSIS/Include/cmsis_gcc.h ****   #pragma GCC diagnostic pop
 100:Drivers/CMSIS/Include/cmsis_gcc.h ****   #define __UNALIGNED_UINT32_WRITE(addr, val)    (void)((((struct T_UINT32_WRITE *)(void *)(addr))-
 101:Drivers/CMSIS/Include/cmsis_gcc.h **** #endif
 102:Drivers/CMSIS/Include/cmsis_gcc.h **** #ifndef   __UNALIGNED_UINT32_READ
 103:Drivers/CMSIS/Include/cmsis_gcc.h ****   #pragma GCC diagnostic push
 104:Drivers/CMSIS/Include/cmsis_gcc.h ****   #pragma GCC diagnostic ignored "-Wpacked"
ARM GAS  D:\software\msy64\tmp\ccX5RH3v.s 			page 7


 105:Drivers/CMSIS/Include/cmsis_gcc.h ****   #pragma GCC diagnostic ignored "-Wattributes"
 106:Drivers/CMSIS/Include/cmsis_gcc.h ****   __PACKED_STRUCT T_UINT32_READ { uint32_t v; };
 107:Drivers/CMSIS/Include/cmsis_gcc.h ****   #pragma GCC diagnostic pop
 108:Drivers/CMSIS/Include/cmsis_gcc.h ****   #define __UNALIGNED_UINT32_READ(addr)          (((const struct T_UINT32_READ *)(const void *)(add
 109:Drivers/CMSIS/Include/cmsis_gcc.h **** #endif
 110:Drivers/CMSIS/Include/cmsis_gcc.h **** #ifndef   __ALIGNED
 111:Drivers/CMSIS/Include/cmsis_gcc.h ****   #define __ALIGNED(x)                           __attribute__((aligned(x)))
 112:Drivers/CMSIS/Include/cmsis_gcc.h **** #endif
 113:Drivers/CMSIS/Include/cmsis_gcc.h **** #ifndef   __RESTRICT
 114:Drivers/CMSIS/Include/cmsis_gcc.h ****   #define __RESTRICT                             __restrict
 115:Drivers/CMSIS/Include/cmsis_gcc.h **** #endif
 116:Drivers/CMSIS/Include/cmsis_gcc.h **** 
 117:Drivers/CMSIS/Include/cmsis_gcc.h **** 
 118:Drivers/CMSIS/Include/cmsis_gcc.h **** /* ###########################  Core Function Access  ########################### */
 119:Drivers/CMSIS/Include/cmsis_gcc.h **** /** \ingroup  CMSIS_Core_FunctionInterface
 120:Drivers/CMSIS/Include/cmsis_gcc.h ****     \defgroup CMSIS_Core_RegAccFunctions CMSIS Core Register Access Functions
 121:Drivers/CMSIS/Include/cmsis_gcc.h ****   @{
 122:Drivers/CMSIS/Include/cmsis_gcc.h ****  */
 123:Drivers/CMSIS/Include/cmsis_gcc.h **** 
 124:Drivers/CMSIS/Include/cmsis_gcc.h **** /**
 125:Drivers/CMSIS/Include/cmsis_gcc.h ****   \brief   Enable IRQ Interrupts
 126:Drivers/CMSIS/Include/cmsis_gcc.h ****   \details Enables IRQ interrupts by clearing the I-bit in the CPSR.
 127:Drivers/CMSIS/Include/cmsis_gcc.h ****            Can only be executed in Privileged modes.
 128:Drivers/CMSIS/Include/cmsis_gcc.h ****  */
 129:Drivers/CMSIS/Include/cmsis_gcc.h **** __STATIC_FORCEINLINE void __enable_irq(void)
 130:Drivers/CMSIS/Include/cmsis_gcc.h **** {
 131:Drivers/CMSIS/Include/cmsis_gcc.h ****   __ASM volatile ("cpsie i" : : : "memory");
 132:Drivers/CMSIS/Include/cmsis_gcc.h **** }
 133:Drivers/CMSIS/Include/cmsis_gcc.h **** 
 134:Drivers/CMSIS/Include/cmsis_gcc.h **** 
 135:Drivers/CMSIS/Include/cmsis_gcc.h **** /**
 136:Drivers/CMSIS/Include/cmsis_gcc.h ****   \brief   Disable IRQ Interrupts
 137:Drivers/CMSIS/Include/cmsis_gcc.h ****   \details Disables IRQ interrupts by setting the I-bit in the CPSR.
 138:Drivers/CMSIS/Include/cmsis_gcc.h ****            Can only be executed in Privileged modes.
 139:Drivers/CMSIS/Include/cmsis_gcc.h ****  */
 140:Drivers/CMSIS/Include/cmsis_gcc.h **** __STATIC_FORCEINLINE void __disable_irq(void)
 141:Drivers/CMSIS/Include/cmsis_gcc.h **** {
 142:Drivers/CMSIS/Include/cmsis_gcc.h ****   __ASM volatile ("cpsid i" : : : "memory");
 143:Drivers/CMSIS/Include/cmsis_gcc.h **** }
 144:Drivers/CMSIS/Include/cmsis_gcc.h **** 
 145:Drivers/CMSIS/Include/cmsis_gcc.h **** 
 146:Drivers/CMSIS/Include/cmsis_gcc.h **** /**
 147:Drivers/CMSIS/Include/cmsis_gcc.h ****   \brief   Get Control Register
 148:Drivers/CMSIS/Include/cmsis_gcc.h ****   \details Returns the content of the Control Register.
 149:Drivers/CMSIS/Include/cmsis_gcc.h ****   \return               Control Register value
 150:Drivers/CMSIS/Include/cmsis_gcc.h ****  */
 151:Drivers/CMSIS/Include/cmsis_gcc.h **** __STATIC_FORCEINLINE uint32_t __get_CONTROL(void)
 152:Drivers/CMSIS/Include/cmsis_gcc.h **** {
 153:Drivers/CMSIS/Include/cmsis_gcc.h ****   uint32_t result;
 154:Drivers/CMSIS/Include/cmsis_gcc.h **** 
 155:Drivers/CMSIS/Include/cmsis_gcc.h ****   __ASM volatile ("MRS %0, control" : "=r" (result) );
 156:Drivers/CMSIS/Include/cmsis_gcc.h ****   return(result);
 157:Drivers/CMSIS/Include/cmsis_gcc.h **** }
 158:Drivers/CMSIS/Include/cmsis_gcc.h **** 
 159:Drivers/CMSIS/Include/cmsis_gcc.h **** 
 160:Drivers/CMSIS/Include/cmsis_gcc.h **** #if (defined (__ARM_FEATURE_CMSE ) && (__ARM_FEATURE_CMSE == 3))
 161:Drivers/CMSIS/Include/cmsis_gcc.h **** /**
ARM GAS  D:\software\msy64\tmp\ccX5RH3v.s 			page 8


 162:Drivers/CMSIS/Include/cmsis_gcc.h ****   \brief   Get Control Register (non-secure)
 163:Drivers/CMSIS/Include/cmsis_gcc.h ****   \details Returns the content of the non-secure Control Register when in secure mode.
 164:Drivers/CMSIS/Include/cmsis_gcc.h ****   \return               non-secure Control Register value
 165:Drivers/CMSIS/Include/cmsis_gcc.h ****  */
 166:Drivers/CMSIS/Include/cmsis_gcc.h **** __STATIC_FORCEINLINE uint32_t __TZ_get_CONTROL_NS(void)
 167:Drivers/CMSIS/Include/cmsis_gcc.h **** {
 168:Drivers/CMSIS/Include/cmsis_gcc.h ****   uint32_t result;
 169:Drivers/CMSIS/Include/cmsis_gcc.h **** 
 170:Drivers/CMSIS/Include/cmsis_gcc.h ****   __ASM volatile ("MRS %0, control_ns" : "=r" (result) );
 171:Drivers/CMSIS/Include/cmsis_gcc.h ****   return(result);
 172:Drivers/CMSIS/Include/cmsis_gcc.h **** }
 173:Drivers/CMSIS/Include/cmsis_gcc.h **** #endif
 174:Drivers/CMSIS/Include/cmsis_gcc.h **** 
 175:Drivers/CMSIS/Include/cmsis_gcc.h **** 
 176:Drivers/CMSIS/Include/cmsis_gcc.h **** /**
 177:Drivers/CMSIS/Include/cmsis_gcc.h ****   \brief   Set Control Register
 178:Drivers/CMSIS/Include/cmsis_gcc.h ****   \details Writes the given value to the Control Register.
 179:Drivers/CMSIS/Include/cmsis_gcc.h ****   \param [in]    control  Control Register value to set
 180:Drivers/CMSIS/Include/cmsis_gcc.h ****  */
 181:Drivers/CMSIS/Include/cmsis_gcc.h **** __STATIC_FORCEINLINE void __set_CONTROL(uint32_t control)
 182:Drivers/CMSIS/Include/cmsis_gcc.h **** {
 183:Drivers/CMSIS/Include/cmsis_gcc.h ****   __ASM volatile ("MSR control, %0" : : "r" (control) : "memory");
 184:Drivers/CMSIS/Include/cmsis_gcc.h **** }
 185:Drivers/CMSIS/Include/cmsis_gcc.h **** 
 186:Drivers/CMSIS/Include/cmsis_gcc.h **** 
 187:Drivers/CMSIS/Include/cmsis_gcc.h **** #if (defined (__ARM_FEATURE_CMSE ) && (__ARM_FEATURE_CMSE == 3))
 188:Drivers/CMSIS/Include/cmsis_gcc.h **** /**
 189:Drivers/CMSIS/Include/cmsis_gcc.h ****   \brief   Set Control Register (non-secure)
 190:Drivers/CMSIS/Include/cmsis_gcc.h ****   \details Writes the given value to the non-secure Control Register when in secure state.
 191:Drivers/CMSIS/Include/cmsis_gcc.h ****   \param [in]    control  Control Register value to set
 192:Drivers/CMSIS/Include/cmsis_gcc.h ****  */
 193:Drivers/CMSIS/Include/cmsis_gcc.h **** __STATIC_FORCEINLINE void __TZ_set_CONTROL_NS(uint32_t control)
 194:Drivers/CMSIS/Include/cmsis_gcc.h **** {
 195:Drivers/CMSIS/Include/cmsis_gcc.h ****   __ASM volatile ("MSR control_ns, %0" : : "r" (control) : "memory");
 196:Drivers/CMSIS/Include/cmsis_gcc.h **** }
 197:Drivers/CMSIS/Include/cmsis_gcc.h **** #endif
 198:Drivers/CMSIS/Include/cmsis_gcc.h **** 
 199:Drivers/CMSIS/Include/cmsis_gcc.h **** 
 200:Drivers/CMSIS/Include/cmsis_gcc.h **** /**
 201:Drivers/CMSIS/Include/cmsis_gcc.h ****   \brief   Get IPSR Register
 202:Drivers/CMSIS/Include/cmsis_gcc.h ****   \details Returns the content of the IPSR Register.
 203:Drivers/CMSIS/Include/cmsis_gcc.h ****   \return               IPSR Register value
 204:Drivers/CMSIS/Include/cmsis_gcc.h ****  */
 205:Drivers/CMSIS/Include/cmsis_gcc.h **** __STATIC_FORCEINLINE uint32_t __get_IPSR(void)
 110              		.loc 2 205 31 view .LVU23
 111              	.LBB9:
 206:Drivers/CMSIS/Include/cmsis_gcc.h **** {
 207:Drivers/CMSIS/Include/cmsis_gcc.h ****   uint32_t result;
 112              		.loc 2 207 3 view .LVU24
 208:Drivers/CMSIS/Include/cmsis_gcc.h **** 
 209:Drivers/CMSIS/Include/cmsis_gcc.h ****   __ASM volatile ("MRS %0, ipsr" : "=r" (result) );
 113              		.loc 2 209 3 view .LVU25
 114              		.syntax unified
 115              	@ 209 "Drivers/CMSIS/Include/cmsis_gcc.h" 1
 116 0000 EFF30580 		MRS r0, ipsr
 117              	@ 0 "" 2
 118              	.LVL9:
ARM GAS  D:\software\msy64\tmp\ccX5RH3v.s 			page 9


 210:Drivers/CMSIS/Include/cmsis_gcc.h ****   return(result);
 119              		.loc 2 210 3 view .LVU26
 120              		.loc 2 210 3 is_stmt 0 view .LVU27
 121              		.thumb
 122              		.syntax unified
 123              	.LBE9:
 124              	.LBE8:
 133:Middlewares/Third_Party/FreeRTOS/Source/CMSIS_RTOS/cmsis_os.c **** }
 125              		.loc 1 133 1 view .LVU28
 126 0004 0038     		subs	r0, r0, #0
 127 0006 18BF     		it	ne
 128 0008 0120     		movne	r0, #1
 129 000a 7047     		bx	lr
 130              		.cfi_endproc
 131              	.LFE51:
 133              		.section	.text.osKernelStart,"ax",%progbits
 134              		.align	1
 135              		.global	osKernelStart
 136              		.syntax unified
 137              		.thumb
 138              		.thumb_func
 140              	osKernelStart:
 141              	.LFB52:
 134:Middlewares/Third_Party/FreeRTOS/Source/CMSIS_RTOS/cmsis_os.c **** 
 135:Middlewares/Third_Party/FreeRTOS/Source/CMSIS_RTOS/cmsis_os.c **** /*********************** Kernel Control Functions *****************************/
 136:Middlewares/Third_Party/FreeRTOS/Source/CMSIS_RTOS/cmsis_os.c **** /**
 137:Middlewares/Third_Party/FreeRTOS/Source/CMSIS_RTOS/cmsis_os.c **** * @brief  Initialize the RTOS Kernel for creating objects.
 138:Middlewares/Third_Party/FreeRTOS/Source/CMSIS_RTOS/cmsis_os.c **** * @retval status code that indicates the execution status of the function.
 139:Middlewares/Third_Party/FreeRTOS/Source/CMSIS_RTOS/cmsis_os.c **** * @note   MUST REMAIN UNCHANGED: \b osKernelInitialize shall be consistent in every CMSIS-RTOS.
 140:Middlewares/Third_Party/FreeRTOS/Source/CMSIS_RTOS/cmsis_os.c **** */
 141:Middlewares/Third_Party/FreeRTOS/Source/CMSIS_RTOS/cmsis_os.c **** osStatus osKernelInitialize (void);
 142:Middlewares/Third_Party/FreeRTOS/Source/CMSIS_RTOS/cmsis_os.c **** 
 143:Middlewares/Third_Party/FreeRTOS/Source/CMSIS_RTOS/cmsis_os.c **** /**
 144:Middlewares/Third_Party/FreeRTOS/Source/CMSIS_RTOS/cmsis_os.c **** * @brief  Start the RTOS Kernel with executing the specified thread.
 145:Middlewares/Third_Party/FreeRTOS/Source/CMSIS_RTOS/cmsis_os.c **** * @param  thread_def    thread definition referenced with \ref osThread.
 146:Middlewares/Third_Party/FreeRTOS/Source/CMSIS_RTOS/cmsis_os.c **** * @param  argument      pointer that is passed to the thread function as start argument.
 147:Middlewares/Third_Party/FreeRTOS/Source/CMSIS_RTOS/cmsis_os.c **** * @retval status code that indicates the execution status of the function
 148:Middlewares/Third_Party/FreeRTOS/Source/CMSIS_RTOS/cmsis_os.c **** * @note   MUST REMAIN UNCHANGED: \b osKernelStart shall be consistent in every CMSIS-RTOS.
 149:Middlewares/Third_Party/FreeRTOS/Source/CMSIS_RTOS/cmsis_os.c **** */
 150:Middlewares/Third_Party/FreeRTOS/Source/CMSIS_RTOS/cmsis_os.c **** osStatus osKernelStart (void)
 151:Middlewares/Third_Party/FreeRTOS/Source/CMSIS_RTOS/cmsis_os.c **** {
 142              		.loc 1 151 1 is_stmt 1 view -0
 143              		.cfi_startproc
 144              		@ args = 0, pretend = 0, frame = 0
 145              		@ frame_needed = 0, uses_anonymous_args = 0
 146 0000 08B5     		push	{r3, lr}
 147              	.LCFI0:
 148              		.cfi_def_cfa_offset 8
 149              		.cfi_offset 3, -8
 150              		.cfi_offset 14, -4
 152:Middlewares/Third_Party/FreeRTOS/Source/CMSIS_RTOS/cmsis_os.c ****   vTaskStartScheduler();
 151              		.loc 1 152 3 view .LVU30
 152 0002 FFF7FEFF 		bl	vTaskStartScheduler
 153              	.LVL10:
 153:Middlewares/Third_Party/FreeRTOS/Source/CMSIS_RTOS/cmsis_os.c ****   
 154:Middlewares/Third_Party/FreeRTOS/Source/CMSIS_RTOS/cmsis_os.c ****   return osOK;
 154              		.loc 1 154 3 view .LVU31
ARM GAS  D:\software\msy64\tmp\ccX5RH3v.s 			page 10


 155:Middlewares/Third_Party/FreeRTOS/Source/CMSIS_RTOS/cmsis_os.c **** }
 155              		.loc 1 155 1 is_stmt 0 view .LVU32
 156 0006 0020     		movs	r0, #0
 157 0008 08BD     		pop	{r3, pc}
 158              		.cfi_endproc
 159              	.LFE52:
 161              		.section	.text.osKernelRunning,"ax",%progbits
 162              		.align	1
 163              		.global	osKernelRunning
 164              		.syntax unified
 165              		.thumb
 166              		.thumb_func
 168              	osKernelRunning:
 169              	.LFB53:
 156:Middlewares/Third_Party/FreeRTOS/Source/CMSIS_RTOS/cmsis_os.c **** 
 157:Middlewares/Third_Party/FreeRTOS/Source/CMSIS_RTOS/cmsis_os.c **** /**
 158:Middlewares/Third_Party/FreeRTOS/Source/CMSIS_RTOS/cmsis_os.c **** * @brief  Check if the RTOS kernel is already started
 159:Middlewares/Third_Party/FreeRTOS/Source/CMSIS_RTOS/cmsis_os.c **** * @param  None
 160:Middlewares/Third_Party/FreeRTOS/Source/CMSIS_RTOS/cmsis_os.c **** * @retval (0) RTOS is not started
 161:Middlewares/Third_Party/FreeRTOS/Source/CMSIS_RTOS/cmsis_os.c **** *         (1) RTOS is started
 162:Middlewares/Third_Party/FreeRTOS/Source/CMSIS_RTOS/cmsis_os.c **** *         (-1) if this feature is disabled in FreeRTOSConfig.h 
 163:Middlewares/Third_Party/FreeRTOS/Source/CMSIS_RTOS/cmsis_os.c **** * @note  MUST REMAIN UNCHANGED: \b osKernelRunning shall be consistent in every CMSIS-RTOS.
 164:Middlewares/Third_Party/FreeRTOS/Source/CMSIS_RTOS/cmsis_os.c **** */
 165:Middlewares/Third_Party/FreeRTOS/Source/CMSIS_RTOS/cmsis_os.c **** int32_t osKernelRunning(void)
 166:Middlewares/Third_Party/FreeRTOS/Source/CMSIS_RTOS/cmsis_os.c **** {
 170              		.loc 1 166 1 is_stmt 1 view -0
 171              		.cfi_startproc
 172              		@ args = 0, pretend = 0, frame = 0
 173              		@ frame_needed = 0, uses_anonymous_args = 0
 174 0000 08B5     		push	{r3, lr}
 175              	.LCFI1:
 176              		.cfi_def_cfa_offset 8
 177              		.cfi_offset 3, -8
 178              		.cfi_offset 14, -4
 167:Middlewares/Third_Party/FreeRTOS/Source/CMSIS_RTOS/cmsis_os.c **** #if ( ( INCLUDE_xTaskGetSchedulerState == 1 ) || ( configUSE_TIMERS == 1 ) )
 168:Middlewares/Third_Party/FreeRTOS/Source/CMSIS_RTOS/cmsis_os.c ****   if (xTaskGetSchedulerState() == taskSCHEDULER_NOT_STARTED)
 179              		.loc 1 168 3 view .LVU34
 180              		.loc 1 168 7 is_stmt 0 view .LVU35
 181 0002 FFF7FEFF 		bl	xTaskGetSchedulerState
 182              	.LVL11:
 183              		.loc 1 168 6 discriminator 1 view .LVU36
 184 0006 0128     		cmp	r0, #1
 185 0008 01D0     		beq	.L14
 169:Middlewares/Third_Party/FreeRTOS/Source/CMSIS_RTOS/cmsis_os.c ****     return 0;
 170:Middlewares/Third_Party/FreeRTOS/Source/CMSIS_RTOS/cmsis_os.c ****   else
 171:Middlewares/Third_Party/FreeRTOS/Source/CMSIS_RTOS/cmsis_os.c ****     return 1;
 186              		.loc 1 171 12 view .LVU37
 187 000a 0120     		movs	r0, #1
 188              	.L10:
 172:Middlewares/Third_Party/FreeRTOS/Source/CMSIS_RTOS/cmsis_os.c **** #else
 173:Middlewares/Third_Party/FreeRTOS/Source/CMSIS_RTOS/cmsis_os.c **** 	return (-1);
 174:Middlewares/Third_Party/FreeRTOS/Source/CMSIS_RTOS/cmsis_os.c **** #endif	
 175:Middlewares/Third_Party/FreeRTOS/Source/CMSIS_RTOS/cmsis_os.c **** }
 189              		.loc 1 175 1 view .LVU38
 190 000c 08BD     		pop	{r3, pc}
 191              	.L14:
 169:Middlewares/Third_Party/FreeRTOS/Source/CMSIS_RTOS/cmsis_os.c ****     return 0;
ARM GAS  D:\software\msy64\tmp\ccX5RH3v.s 			page 11


 192              		.loc 1 169 12 view .LVU39
 193 000e 0020     		movs	r0, #0
 194 0010 FCE7     		b	.L10
 195              		.cfi_endproc
 196              	.LFE53:
 198              		.section	.text.osKernelSysTick,"ax",%progbits
 199              		.align	1
 200              		.global	osKernelSysTick
 201              		.syntax unified
 202              		.thumb
 203              		.thumb_func
 205              	osKernelSysTick:
 206              	.LFB54:
 176:Middlewares/Third_Party/FreeRTOS/Source/CMSIS_RTOS/cmsis_os.c **** 
 177:Middlewares/Third_Party/FreeRTOS/Source/CMSIS_RTOS/cmsis_os.c **** #if (defined (osFeature_SysTick)  &&  (osFeature_SysTick != 0))     // System Timer available
 178:Middlewares/Third_Party/FreeRTOS/Source/CMSIS_RTOS/cmsis_os.c **** /**
 179:Middlewares/Third_Party/FreeRTOS/Source/CMSIS_RTOS/cmsis_os.c **** * @brief  Get the value of the Kernel SysTick timer
 180:Middlewares/Third_Party/FreeRTOS/Source/CMSIS_RTOS/cmsis_os.c **** * @param  None
 181:Middlewares/Third_Party/FreeRTOS/Source/CMSIS_RTOS/cmsis_os.c **** * @retval None
 182:Middlewares/Third_Party/FreeRTOS/Source/CMSIS_RTOS/cmsis_os.c **** * @note   MUST REMAIN UNCHANGED: \b osKernelSysTick shall be consistent in every CMSIS-RTOS.
 183:Middlewares/Third_Party/FreeRTOS/Source/CMSIS_RTOS/cmsis_os.c **** */
 184:Middlewares/Third_Party/FreeRTOS/Source/CMSIS_RTOS/cmsis_os.c **** uint32_t osKernelSysTick(void)
 185:Middlewares/Third_Party/FreeRTOS/Source/CMSIS_RTOS/cmsis_os.c **** {
 207              		.loc 1 185 1 is_stmt 1 view -0
 208              		.cfi_startproc
 209              		@ args = 0, pretend = 0, frame = 0
 210              		@ frame_needed = 0, uses_anonymous_args = 0
 211 0000 08B5     		push	{r3, lr}
 212              	.LCFI2:
 213              		.cfi_def_cfa_offset 8
 214              		.cfi_offset 3, -8
 215              		.cfi_offset 14, -4
 186:Middlewares/Third_Party/FreeRTOS/Source/CMSIS_RTOS/cmsis_os.c ****   if (inHandlerMode()) {
 216              		.loc 1 186 3 view .LVU41
 217              		.loc 1 186 7 is_stmt 0 view .LVU42
 218 0002 FFF7FEFF 		bl	inHandlerMode
 219              	.LVL12:
 220              		.loc 1 186 6 discriminator 1 view .LVU43
 221 0006 10B1     		cbz	r0, .L16
 187:Middlewares/Third_Party/FreeRTOS/Source/CMSIS_RTOS/cmsis_os.c ****     return xTaskGetTickCountFromISR();
 222              		.loc 1 187 5 is_stmt 1 view .LVU44
 223              		.loc 1 187 12 is_stmt 0 view .LVU45
 224 0008 FFF7FEFF 		bl	xTaskGetTickCountFromISR
 225              	.LVL13:
 226              	.L15:
 188:Middlewares/Third_Party/FreeRTOS/Source/CMSIS_RTOS/cmsis_os.c ****   }
 189:Middlewares/Third_Party/FreeRTOS/Source/CMSIS_RTOS/cmsis_os.c ****   else {
 190:Middlewares/Third_Party/FreeRTOS/Source/CMSIS_RTOS/cmsis_os.c ****     return xTaskGetTickCount();
 191:Middlewares/Third_Party/FreeRTOS/Source/CMSIS_RTOS/cmsis_os.c ****   }
 192:Middlewares/Third_Party/FreeRTOS/Source/CMSIS_RTOS/cmsis_os.c **** }
 227              		.loc 1 192 1 view .LVU46
 228 000c 08BD     		pop	{r3, pc}
 229              	.L16:
 190:Middlewares/Third_Party/FreeRTOS/Source/CMSIS_RTOS/cmsis_os.c ****   }
 230              		.loc 1 190 5 is_stmt 1 view .LVU47
 190:Middlewares/Third_Party/FreeRTOS/Source/CMSIS_RTOS/cmsis_os.c ****   }
 231              		.loc 1 190 12 is_stmt 0 view .LVU48
ARM GAS  D:\software\msy64\tmp\ccX5RH3v.s 			page 12


 232 000e FFF7FEFF 		bl	xTaskGetTickCount
 233              	.LVL14:
 234 0012 FBE7     		b	.L15
 235              		.cfi_endproc
 236              	.LFE54:
 238              		.section	.text.osThreadCreate,"ax",%progbits
 239              		.align	1
 240              		.global	osThreadCreate
 241              		.syntax unified
 242              		.thumb
 243              		.thumb_func
 245              	osThreadCreate:
 246              	.LVL15:
 247              	.LFB55:
 193:Middlewares/Third_Party/FreeRTOS/Source/CMSIS_RTOS/cmsis_os.c **** #endif    // System Timer available
 194:Middlewares/Third_Party/FreeRTOS/Source/CMSIS_RTOS/cmsis_os.c **** /*********************** Thread Management *****************************/
 195:Middlewares/Third_Party/FreeRTOS/Source/CMSIS_RTOS/cmsis_os.c **** /**
 196:Middlewares/Third_Party/FreeRTOS/Source/CMSIS_RTOS/cmsis_os.c **** * @brief  Create a thread and add it to Active Threads and set it to state READY.
 197:Middlewares/Third_Party/FreeRTOS/Source/CMSIS_RTOS/cmsis_os.c **** * @param  thread_def    thread definition referenced with \ref osThread.
 198:Middlewares/Third_Party/FreeRTOS/Source/CMSIS_RTOS/cmsis_os.c **** * @param  argument      pointer that is passed to the thread function as start argument.
 199:Middlewares/Third_Party/FreeRTOS/Source/CMSIS_RTOS/cmsis_os.c **** * @retval thread ID for reference by other functions or NULL in case of error.
 200:Middlewares/Third_Party/FreeRTOS/Source/CMSIS_RTOS/cmsis_os.c **** * @note   MUST REMAIN UNCHANGED: \b osThreadCreate shall be consistent in every CMSIS-RTOS.
 201:Middlewares/Third_Party/FreeRTOS/Source/CMSIS_RTOS/cmsis_os.c **** */
 202:Middlewares/Third_Party/FreeRTOS/Source/CMSIS_RTOS/cmsis_os.c **** osThreadId osThreadCreate (const osThreadDef_t *thread_def, void *argument)
 203:Middlewares/Third_Party/FreeRTOS/Source/CMSIS_RTOS/cmsis_os.c **** {
 248              		.loc 1 203 1 is_stmt 1 view -0
 249              		.cfi_startproc
 250              		@ args = 0, pretend = 0, frame = 8
 251              		@ frame_needed = 0, uses_anonymous_args = 0
 252              		.loc 1 203 1 is_stmt 0 view .LVU50
 253 0000 2DE9F043 		push	{r4, r5, r6, r7, r8, r9, lr}
 254              	.LCFI3:
 255              		.cfi_def_cfa_offset 28
 256              		.cfi_offset 4, -28
 257              		.cfi_offset 5, -24
 258              		.cfi_offset 6, -20
 259              		.cfi_offset 7, -16
 260              		.cfi_offset 8, -12
 261              		.cfi_offset 9, -8
 262              		.cfi_offset 14, -4
 263 0004 87B0     		sub	sp, sp, #28
 264              	.LCFI4:
 265              		.cfi_def_cfa_offset 56
 266 0006 0E46     		mov	r6, r1
 204:Middlewares/Third_Party/FreeRTOS/Source/CMSIS_RTOS/cmsis_os.c ****   TaskHandle_t handle;
 267              		.loc 1 204 3 is_stmt 1 view .LVU51
 205:Middlewares/Third_Party/FreeRTOS/Source/CMSIS_RTOS/cmsis_os.c ****   
 206:Middlewares/Third_Party/FreeRTOS/Source/CMSIS_RTOS/cmsis_os.c **** #if( configSUPPORT_STATIC_ALLOCATION == 1 ) &&  ( configSUPPORT_DYNAMIC_ALLOCATION == 1 )
 207:Middlewares/Third_Party/FreeRTOS/Source/CMSIS_RTOS/cmsis_os.c ****   if((thread_def->buffer != NULL) && (thread_def->controlblock != NULL)) {
 268              		.loc 1 207 3 view .LVU52
 269              		.loc 1 207 17 is_stmt 0 view .LVU53
 270 0008 4469     		ldr	r4, [r0, #20]
 271              		.loc 1 207 5 view .LVU54
 272 000a C4B1     		cbz	r4, .L20
 273              		.loc 1 207 49 discriminator 1 view .LVU55
 274 000c 8569     		ldr	r5, [r0, #24]
 275              		.loc 1 207 35 discriminator 1 view .LVU56
ARM GAS  D:\software\msy64\tmp\ccX5RH3v.s 			page 13


 276 000e B5B1     		cbz	r5, .L20
 208:Middlewares/Third_Party/FreeRTOS/Source/CMSIS_RTOS/cmsis_os.c ****     handle = xTaskCreateStatic((TaskFunction_t)thread_def->pthread,(const portCHAR *)thread_def->na
 277              		.loc 1 208 5 is_stmt 1 view .LVU57
 278              		.loc 1 208 58 is_stmt 0 view .LVU58
 279 0010 4768     		ldr	r7, [r0, #4]
 280              		.loc 1 208 96 view .LVU59
 281 0012 D0F80080 		ldr	r8, [r0]
 209:Middlewares/Third_Party/FreeRTOS/Source/CMSIS_RTOS/cmsis_os.c ****               thread_def->stacksize, argument, makeFreeRtosPriority(thread_def->tpriority),
 282              		.loc 1 209 25 view .LVU60
 283 0016 D0F81090 		ldr	r9, [r0, #16]
 208:Middlewares/Third_Party/FreeRTOS/Source/CMSIS_RTOS/cmsis_os.c ****     handle = xTaskCreateStatic((TaskFunction_t)thread_def->pthread,(const portCHAR *)thread_def->na
 284              		.loc 1 208 14 view .LVU61
 285 001a B0F90800 		ldrsh	r0, [r0, #8]
 286              	.LVL16:
 208:Middlewares/Third_Party/FreeRTOS/Source/CMSIS_RTOS/cmsis_os.c ****     handle = xTaskCreateStatic((TaskFunction_t)thread_def->pthread,(const portCHAR *)thread_def->na
 287              		.loc 1 208 14 view .LVU62
 288 001e FFF7FEFF 		bl	makeFreeRtosPriority
 289              	.LVL17:
 208:Middlewares/Third_Party/FreeRTOS/Source/CMSIS_RTOS/cmsis_os.c ****     handle = xTaskCreateStatic((TaskFunction_t)thread_def->pthread,(const portCHAR *)thread_def->na
 290              		.loc 1 208 14 view .LVU63
 291 0022 0295     		str	r5, [sp, #8]
 292 0024 0194     		str	r4, [sp, #4]
 293 0026 0090     		str	r0, [sp]
 294 0028 3346     		mov	r3, r6
 295 002a 4A46     		mov	r2, r9
 296 002c 4146     		mov	r1, r8
 297 002e 3846     		mov	r0, r7
 298 0030 FFF7FEFF 		bl	xTaskCreateStatic
 299              	.LVL18:
 208:Middlewares/Third_Party/FreeRTOS/Source/CMSIS_RTOS/cmsis_os.c ****     handle = xTaskCreateStatic((TaskFunction_t)thread_def->pthread,(const portCHAR *)thread_def->na
 300              		.loc 1 208 12 discriminator 2 view .LVU64
 301 0034 0590     		str	r0, [sp, #20]
 302              	.L21:
 210:Middlewares/Third_Party/FreeRTOS/Source/CMSIS_RTOS/cmsis_os.c ****               thread_def->buffer, thread_def->controlblock);
 211:Middlewares/Third_Party/FreeRTOS/Source/CMSIS_RTOS/cmsis_os.c ****   }
 212:Middlewares/Third_Party/FreeRTOS/Source/CMSIS_RTOS/cmsis_os.c ****   else {
 213:Middlewares/Third_Party/FreeRTOS/Source/CMSIS_RTOS/cmsis_os.c ****     if (xTaskCreate((TaskFunction_t)thread_def->pthread,(const portCHAR *)thread_def->name,
 214:Middlewares/Third_Party/FreeRTOS/Source/CMSIS_RTOS/cmsis_os.c ****               thread_def->stacksize, argument, makeFreeRtosPriority(thread_def->tpriority),
 215:Middlewares/Third_Party/FreeRTOS/Source/CMSIS_RTOS/cmsis_os.c ****               &handle) != pdPASS)  {
 216:Middlewares/Third_Party/FreeRTOS/Source/CMSIS_RTOS/cmsis_os.c ****       return NULL;
 217:Middlewares/Third_Party/FreeRTOS/Source/CMSIS_RTOS/cmsis_os.c ****     } 
 218:Middlewares/Third_Party/FreeRTOS/Source/CMSIS_RTOS/cmsis_os.c ****   }
 219:Middlewares/Third_Party/FreeRTOS/Source/CMSIS_RTOS/cmsis_os.c **** #elif( configSUPPORT_STATIC_ALLOCATION == 1 )
 220:Middlewares/Third_Party/FreeRTOS/Source/CMSIS_RTOS/cmsis_os.c **** 
 221:Middlewares/Third_Party/FreeRTOS/Source/CMSIS_RTOS/cmsis_os.c ****     handle = xTaskCreateStatic((TaskFunction_t)thread_def->pthread,(const portCHAR *)thread_def->na
 222:Middlewares/Third_Party/FreeRTOS/Source/CMSIS_RTOS/cmsis_os.c ****               thread_def->stacksize, argument, makeFreeRtosPriority(thread_def->tpriority),
 223:Middlewares/Third_Party/FreeRTOS/Source/CMSIS_RTOS/cmsis_os.c ****               thread_def->buffer, thread_def->controlblock);
 224:Middlewares/Third_Party/FreeRTOS/Source/CMSIS_RTOS/cmsis_os.c **** #else
 225:Middlewares/Third_Party/FreeRTOS/Source/CMSIS_RTOS/cmsis_os.c ****   if (xTaskCreate((TaskFunction_t)thread_def->pthread,(const portCHAR *)thread_def->name,
 226:Middlewares/Third_Party/FreeRTOS/Source/CMSIS_RTOS/cmsis_os.c ****                    thread_def->stacksize, argument, makeFreeRtosPriority(thread_def->tpriority),
 227:Middlewares/Third_Party/FreeRTOS/Source/CMSIS_RTOS/cmsis_os.c ****                    &handle) != pdPASS)  {
 228:Middlewares/Third_Party/FreeRTOS/Source/CMSIS_RTOS/cmsis_os.c ****     return NULL;
 229:Middlewares/Third_Party/FreeRTOS/Source/CMSIS_RTOS/cmsis_os.c ****   }     
 230:Middlewares/Third_Party/FreeRTOS/Source/CMSIS_RTOS/cmsis_os.c **** #endif
 231:Middlewares/Third_Party/FreeRTOS/Source/CMSIS_RTOS/cmsis_os.c ****   
 232:Middlewares/Third_Party/FreeRTOS/Source/CMSIS_RTOS/cmsis_os.c ****   return handle;
 303              		.loc 1 232 3 is_stmt 1 view .LVU65
ARM GAS  D:\software\msy64\tmp\ccX5RH3v.s 			page 14


 304              		.loc 1 232 10 is_stmt 0 view .LVU66
 305 0036 0598     		ldr	r0, [sp, #20]
 306              	.L19:
 233:Middlewares/Third_Party/FreeRTOS/Source/CMSIS_RTOS/cmsis_os.c **** }
 307              		.loc 1 233 1 view .LVU67
 308 0038 07B0     		add	sp, sp, #28
 309              	.LCFI5:
 310              		.cfi_remember_state
 311              		.cfi_def_cfa_offset 28
 312              		@ sp needed
 313 003a BDE8F083 		pop	{r4, r5, r6, r7, r8, r9, pc}
 314              	.LVL19:
 315              	.L20:
 316              	.LCFI6:
 317              		.cfi_restore_state
 213:Middlewares/Third_Party/FreeRTOS/Source/CMSIS_RTOS/cmsis_os.c ****               thread_def->stacksize, argument, makeFreeRtosPriority(thread_def->tpriority),
 318              		.loc 1 213 5 is_stmt 1 view .LVU68
 213:Middlewares/Third_Party/FreeRTOS/Source/CMSIS_RTOS/cmsis_os.c ****               thread_def->stacksize, argument, makeFreeRtosPriority(thread_def->tpriority),
 319              		.loc 1 213 47 is_stmt 0 view .LVU69
 320 003e 4468     		ldr	r4, [r0, #4]
 213:Middlewares/Third_Party/FreeRTOS/Source/CMSIS_RTOS/cmsis_os.c ****               thread_def->stacksize, argument, makeFreeRtosPriority(thread_def->tpriority),
 321              		.loc 1 213 85 view .LVU70
 322 0040 0568     		ldr	r5, [r0]
 214:Middlewares/Third_Party/FreeRTOS/Source/CMSIS_RTOS/cmsis_os.c ****               &handle) != pdPASS)  {
 323              		.loc 1 214 25 view .LVU71
 324 0042 0769     		ldr	r7, [r0, #16]
 213:Middlewares/Third_Party/FreeRTOS/Source/CMSIS_RTOS/cmsis_os.c ****               thread_def->stacksize, argument, makeFreeRtosPriority(thread_def->tpriority),
 325              		.loc 1 213 9 view .LVU72
 326 0044 B0F90800 		ldrsh	r0, [r0, #8]
 327              	.LVL20:
 213:Middlewares/Third_Party/FreeRTOS/Source/CMSIS_RTOS/cmsis_os.c ****               thread_def->stacksize, argument, makeFreeRtosPriority(thread_def->tpriority),
 328              		.loc 1 213 9 view .LVU73
 329 0048 FFF7FEFF 		bl	makeFreeRtosPriority
 330              	.LVL21:
 213:Middlewares/Third_Party/FreeRTOS/Source/CMSIS_RTOS/cmsis_os.c ****               thread_def->stacksize, argument, makeFreeRtosPriority(thread_def->tpriority),
 331              		.loc 1 213 9 discriminator 1 view .LVU74
 332 004c 05AB     		add	r3, sp, #20
 333 004e 0193     		str	r3, [sp, #4]
 334 0050 0090     		str	r0, [sp]
 335 0052 3346     		mov	r3, r6
 336 0054 BAB2     		uxth	r2, r7
 337 0056 2946     		mov	r1, r5
 338 0058 2046     		mov	r0, r4
 339 005a FFF7FEFF 		bl	xTaskCreate
 340              	.LVL22:
 213:Middlewares/Third_Party/FreeRTOS/Source/CMSIS_RTOS/cmsis_os.c ****               thread_def->stacksize, argument, makeFreeRtosPriority(thread_def->tpriority),
 341              		.loc 1 213 8 discriminator 2 view .LVU75
 342 005e 0128     		cmp	r0, #1
 343 0060 E9D0     		beq	.L21
 216:Middlewares/Third_Party/FreeRTOS/Source/CMSIS_RTOS/cmsis_os.c ****     } 
 344              		.loc 1 216 14 view .LVU76
 345 0062 0020     		movs	r0, #0
 346 0064 E8E7     		b	.L19
 347              		.cfi_endproc
 348              	.LFE55:
 350              		.section	.text.osThreadGetId,"ax",%progbits
 351              		.align	1
ARM GAS  D:\software\msy64\tmp\ccX5RH3v.s 			page 15


 352              		.global	osThreadGetId
 353              		.syntax unified
 354              		.thumb
 355              		.thumb_func
 357              	osThreadGetId:
 358              	.LFB56:
 234:Middlewares/Third_Party/FreeRTOS/Source/CMSIS_RTOS/cmsis_os.c **** 
 235:Middlewares/Third_Party/FreeRTOS/Source/CMSIS_RTOS/cmsis_os.c **** /**
 236:Middlewares/Third_Party/FreeRTOS/Source/CMSIS_RTOS/cmsis_os.c **** * @brief  Return the thread ID of the current running thread.
 237:Middlewares/Third_Party/FreeRTOS/Source/CMSIS_RTOS/cmsis_os.c **** * @retval thread ID for reference by other functions or NULL in case of error.
 238:Middlewares/Third_Party/FreeRTOS/Source/CMSIS_RTOS/cmsis_os.c **** * @note   MUST REMAIN UNCHANGED: \b osThreadGetId shall be consistent in every CMSIS-RTOS.
 239:Middlewares/Third_Party/FreeRTOS/Source/CMSIS_RTOS/cmsis_os.c **** */
 240:Middlewares/Third_Party/FreeRTOS/Source/CMSIS_RTOS/cmsis_os.c **** osThreadId osThreadGetId (void)
 241:Middlewares/Third_Party/FreeRTOS/Source/CMSIS_RTOS/cmsis_os.c **** {
 359              		.loc 1 241 1 is_stmt 1 view -0
 360              		.cfi_startproc
 361              		@ args = 0, pretend = 0, frame = 0
 362              		@ frame_needed = 0, uses_anonymous_args = 0
 363 0000 08B5     		push	{r3, lr}
 364              	.LCFI7:
 365              		.cfi_def_cfa_offset 8
 366              		.cfi_offset 3, -8
 367              		.cfi_offset 14, -4
 242:Middlewares/Third_Party/FreeRTOS/Source/CMSIS_RTOS/cmsis_os.c **** #if ( ( INCLUDE_xTaskGetCurrentTaskHandle == 1 ) || ( configUSE_MUTEXES == 1 ) )
 243:Middlewares/Third_Party/FreeRTOS/Source/CMSIS_RTOS/cmsis_os.c ****   return xTaskGetCurrentTaskHandle();
 368              		.loc 1 243 3 view .LVU78
 369              		.loc 1 243 10 is_stmt 0 view .LVU79
 370 0002 FFF7FEFF 		bl	xTaskGetCurrentTaskHandle
 371              	.LVL23:
 244:Middlewares/Third_Party/FreeRTOS/Source/CMSIS_RTOS/cmsis_os.c **** #else
 245:Middlewares/Third_Party/FreeRTOS/Source/CMSIS_RTOS/cmsis_os.c **** 	return NULL;
 246:Middlewares/Third_Party/FreeRTOS/Source/CMSIS_RTOS/cmsis_os.c **** #endif
 247:Middlewares/Third_Party/FreeRTOS/Source/CMSIS_RTOS/cmsis_os.c **** }
 372              		.loc 1 247 1 view .LVU80
 373 0006 08BD     		pop	{r3, pc}
 374              		.cfi_endproc
 375              	.LFE56:
 377              		.section	.text.osThreadTerminate,"ax",%progbits
 378              		.align	1
 379              		.global	osThreadTerminate
 380              		.syntax unified
 381              		.thumb
 382              		.thumb_func
 384              	osThreadTerminate:
 385              	.LVL24:
 386              	.LFB57:
 248:Middlewares/Third_Party/FreeRTOS/Source/CMSIS_RTOS/cmsis_os.c **** 
 249:Middlewares/Third_Party/FreeRTOS/Source/CMSIS_RTOS/cmsis_os.c **** /**
 250:Middlewares/Third_Party/FreeRTOS/Source/CMSIS_RTOS/cmsis_os.c **** * @brief  Terminate execution of a thread and remove it from Active Threads.
 251:Middlewares/Third_Party/FreeRTOS/Source/CMSIS_RTOS/cmsis_os.c **** * @param   thread_id   thread ID obtained by \ref osThreadCreate or \ref osThreadGetId.
 252:Middlewares/Third_Party/FreeRTOS/Source/CMSIS_RTOS/cmsis_os.c **** * @retval  status code that indicates the execution status of the function.
 253:Middlewares/Third_Party/FreeRTOS/Source/CMSIS_RTOS/cmsis_os.c **** * @note   MUST REMAIN UNCHANGED: \b osThreadTerminate shall be consistent in every CMSIS-RTOS.
 254:Middlewares/Third_Party/FreeRTOS/Source/CMSIS_RTOS/cmsis_os.c **** */
 255:Middlewares/Third_Party/FreeRTOS/Source/CMSIS_RTOS/cmsis_os.c **** osStatus osThreadTerminate (osThreadId thread_id)
 256:Middlewares/Third_Party/FreeRTOS/Source/CMSIS_RTOS/cmsis_os.c **** {
 387              		.loc 1 256 1 is_stmt 1 view -0
 388              		.cfi_startproc
ARM GAS  D:\software\msy64\tmp\ccX5RH3v.s 			page 16


 389              		@ args = 0, pretend = 0, frame = 0
 390              		@ frame_needed = 0, uses_anonymous_args = 0
 391              		.loc 1 256 1 is_stmt 0 view .LVU82
 392 0000 08B5     		push	{r3, lr}
 393              	.LCFI8:
 394              		.cfi_def_cfa_offset 8
 395              		.cfi_offset 3, -8
 396              		.cfi_offset 14, -4
 257:Middlewares/Third_Party/FreeRTOS/Source/CMSIS_RTOS/cmsis_os.c **** #if (INCLUDE_vTaskDelete == 1)
 258:Middlewares/Third_Party/FreeRTOS/Source/CMSIS_RTOS/cmsis_os.c ****   vTaskDelete(thread_id);
 397              		.loc 1 258 3 is_stmt 1 view .LVU83
 398 0002 FFF7FEFF 		bl	vTaskDelete
 399              	.LVL25:
 259:Middlewares/Third_Party/FreeRTOS/Source/CMSIS_RTOS/cmsis_os.c ****   return osOK;
 400              		.loc 1 259 3 view .LVU84
 260:Middlewares/Third_Party/FreeRTOS/Source/CMSIS_RTOS/cmsis_os.c **** #else
 261:Middlewares/Third_Party/FreeRTOS/Source/CMSIS_RTOS/cmsis_os.c ****   return osErrorOS;
 262:Middlewares/Third_Party/FreeRTOS/Source/CMSIS_RTOS/cmsis_os.c **** #endif
 263:Middlewares/Third_Party/FreeRTOS/Source/CMSIS_RTOS/cmsis_os.c **** }
 401              		.loc 1 263 1 is_stmt 0 view .LVU85
 402 0006 0020     		movs	r0, #0
 403 0008 08BD     		pop	{r3, pc}
 404              		.cfi_endproc
 405              	.LFE57:
 407              		.section	.text.osThreadYield,"ax",%progbits
 408              		.align	1
 409              		.global	osThreadYield
 410              		.syntax unified
 411              		.thumb
 412              		.thumb_func
 414              	osThreadYield:
 415              	.LFB58:
 264:Middlewares/Third_Party/FreeRTOS/Source/CMSIS_RTOS/cmsis_os.c **** 
 265:Middlewares/Third_Party/FreeRTOS/Source/CMSIS_RTOS/cmsis_os.c **** /**
 266:Middlewares/Third_Party/FreeRTOS/Source/CMSIS_RTOS/cmsis_os.c **** * @brief  Pass control to next thread that is in state \b READY.
 267:Middlewares/Third_Party/FreeRTOS/Source/CMSIS_RTOS/cmsis_os.c **** * @retval status code that indicates the execution status of the function.
 268:Middlewares/Third_Party/FreeRTOS/Source/CMSIS_RTOS/cmsis_os.c **** * @note   MUST REMAIN UNCHANGED: \b osThreadYield shall be consistent in every CMSIS-RTOS.
 269:Middlewares/Third_Party/FreeRTOS/Source/CMSIS_RTOS/cmsis_os.c **** */
 270:Middlewares/Third_Party/FreeRTOS/Source/CMSIS_RTOS/cmsis_os.c **** osStatus osThreadYield (void)
 271:Middlewares/Third_Party/FreeRTOS/Source/CMSIS_RTOS/cmsis_os.c **** {
 416              		.loc 1 271 1 is_stmt 1 view -0
 417              		.cfi_startproc
 418              		@ args = 0, pretend = 0, frame = 0
 419              		@ frame_needed = 0, uses_anonymous_args = 0
 420              		@ link register save eliminated.
 272:Middlewares/Third_Party/FreeRTOS/Source/CMSIS_RTOS/cmsis_os.c ****   taskYIELD();
 421              		.loc 1 272 3 view .LVU87
 422 0000 4FF0E023 		mov	r3, #-536813568
 423 0004 4FF08052 		mov	r2, #268435456
 424 0008 C3F8042D 		str	r2, [r3, #3332]
 425              		.loc 1 272 3 view .LVU88
 426              		.syntax unified
 427              	@ 272 "Middlewares/Third_Party/FreeRTOS/Source/CMSIS_RTOS/cmsis_os.c" 1
 428 000c BFF34F8F 		dsb
 429              	@ 0 "" 2
 430              		.loc 1 272 3 view .LVU89
 431              	@ 272 "Middlewares/Third_Party/FreeRTOS/Source/CMSIS_RTOS/cmsis_os.c" 1
ARM GAS  D:\software\msy64\tmp\ccX5RH3v.s 			page 17


 432 0010 BFF36F8F 		isb
 433              	@ 0 "" 2
 434              		.loc 1 272 14 view .LVU90
 273:Middlewares/Third_Party/FreeRTOS/Source/CMSIS_RTOS/cmsis_os.c ****   
 274:Middlewares/Third_Party/FreeRTOS/Source/CMSIS_RTOS/cmsis_os.c ****   return osOK;
 435              		.loc 1 274 3 view .LVU91
 275:Middlewares/Third_Party/FreeRTOS/Source/CMSIS_RTOS/cmsis_os.c **** }
 436              		.loc 1 275 1 is_stmt 0 view .LVU92
 437              		.thumb
 438              		.syntax unified
 439 0014 0020     		movs	r0, #0
 440 0016 7047     		bx	lr
 441              		.cfi_endproc
 442              	.LFE58:
 444              		.section	.text.osThreadSetPriority,"ax",%progbits
 445              		.align	1
 446              		.global	osThreadSetPriority
 447              		.syntax unified
 448              		.thumb
 449              		.thumb_func
 451              	osThreadSetPriority:
 452              	.LVL26:
 453              	.LFB59:
 276:Middlewares/Third_Party/FreeRTOS/Source/CMSIS_RTOS/cmsis_os.c **** 
 277:Middlewares/Third_Party/FreeRTOS/Source/CMSIS_RTOS/cmsis_os.c **** /**
 278:Middlewares/Third_Party/FreeRTOS/Source/CMSIS_RTOS/cmsis_os.c **** * @brief   Change priority of an active thread.
 279:Middlewares/Third_Party/FreeRTOS/Source/CMSIS_RTOS/cmsis_os.c **** * @param   thread_id     thread ID obtained by \ref osThreadCreate or \ref osThreadGetId.
 280:Middlewares/Third_Party/FreeRTOS/Source/CMSIS_RTOS/cmsis_os.c **** * @param   priority      new priority value for the thread function.
 281:Middlewares/Third_Party/FreeRTOS/Source/CMSIS_RTOS/cmsis_os.c **** * @retval  status code that indicates the execution status of the function.
 282:Middlewares/Third_Party/FreeRTOS/Source/CMSIS_RTOS/cmsis_os.c **** * @note   MUST REMAIN UNCHANGED: \b osThreadSetPriority shall be consistent in every CMSIS-RTOS.
 283:Middlewares/Third_Party/FreeRTOS/Source/CMSIS_RTOS/cmsis_os.c **** */
 284:Middlewares/Third_Party/FreeRTOS/Source/CMSIS_RTOS/cmsis_os.c **** osStatus osThreadSetPriority (osThreadId thread_id, osPriority priority)
 285:Middlewares/Third_Party/FreeRTOS/Source/CMSIS_RTOS/cmsis_os.c **** {
 454              		.loc 1 285 1 is_stmt 1 view -0
 455              		.cfi_startproc
 456              		@ args = 0, pretend = 0, frame = 0
 457              		@ frame_needed = 0, uses_anonymous_args = 0
 458              		.loc 1 285 1 is_stmt 0 view .LVU94
 459 0000 10B5     		push	{r4, lr}
 460              	.LCFI9:
 461              		.cfi_def_cfa_offset 8
 462              		.cfi_offset 4, -8
 463              		.cfi_offset 14, -4
 464 0002 0446     		mov	r4, r0
 286:Middlewares/Third_Party/FreeRTOS/Source/CMSIS_RTOS/cmsis_os.c **** #if (INCLUDE_vTaskPrioritySet == 1)
 287:Middlewares/Third_Party/FreeRTOS/Source/CMSIS_RTOS/cmsis_os.c ****   vTaskPrioritySet(thread_id, makeFreeRtosPriority(priority));
 465              		.loc 1 287 3 is_stmt 1 view .LVU95
 466 0004 0846     		mov	r0, r1
 467              	.LVL27:
 468              		.loc 1 287 3 is_stmt 0 view .LVU96
 469 0006 FFF7FEFF 		bl	makeFreeRtosPriority
 470              	.LVL28:
 471              		.loc 1 287 3 view .LVU97
 472 000a 0146     		mov	r1, r0
 473              		.loc 1 287 3 discriminator 1 view .LVU98
 474 000c 2046     		mov	r0, r4
 475 000e FFF7FEFF 		bl	vTaskPrioritySet
ARM GAS  D:\software\msy64\tmp\ccX5RH3v.s 			page 18


 476              	.LVL29:
 288:Middlewares/Third_Party/FreeRTOS/Source/CMSIS_RTOS/cmsis_os.c ****   return osOK;
 477              		.loc 1 288 3 is_stmt 1 view .LVU99
 289:Middlewares/Third_Party/FreeRTOS/Source/CMSIS_RTOS/cmsis_os.c **** #else
 290:Middlewares/Third_Party/FreeRTOS/Source/CMSIS_RTOS/cmsis_os.c ****   return osErrorOS;
 291:Middlewares/Third_Party/FreeRTOS/Source/CMSIS_RTOS/cmsis_os.c **** #endif
 292:Middlewares/Third_Party/FreeRTOS/Source/CMSIS_RTOS/cmsis_os.c **** }
 478              		.loc 1 292 1 is_stmt 0 view .LVU100
 479 0012 0020     		movs	r0, #0
 480 0014 10BD     		pop	{r4, pc}
 481              		.loc 1 292 1 view .LVU101
 482              		.cfi_endproc
 483              	.LFE59:
 485              		.section	.text.osThreadGetPriority,"ax",%progbits
 486              		.align	1
 487              		.global	osThreadGetPriority
 488              		.syntax unified
 489              		.thumb
 490              		.thumb_func
 492              	osThreadGetPriority:
 493              	.LVL30:
 494              	.LFB60:
 293:Middlewares/Third_Party/FreeRTOS/Source/CMSIS_RTOS/cmsis_os.c **** 
 294:Middlewares/Third_Party/FreeRTOS/Source/CMSIS_RTOS/cmsis_os.c **** /**
 295:Middlewares/Third_Party/FreeRTOS/Source/CMSIS_RTOS/cmsis_os.c **** * @brief   Get current priority of an active thread.
 296:Middlewares/Third_Party/FreeRTOS/Source/CMSIS_RTOS/cmsis_os.c **** * @param   thread_id     thread ID obtained by \ref osThreadCreate or \ref osThreadGetId.
 297:Middlewares/Third_Party/FreeRTOS/Source/CMSIS_RTOS/cmsis_os.c **** * @retval  current priority value of the thread function.
 298:Middlewares/Third_Party/FreeRTOS/Source/CMSIS_RTOS/cmsis_os.c **** * @note   MUST REMAIN UNCHANGED: \b osThreadGetPriority shall be consistent in every CMSIS-RTOS.
 299:Middlewares/Third_Party/FreeRTOS/Source/CMSIS_RTOS/cmsis_os.c **** */
 300:Middlewares/Third_Party/FreeRTOS/Source/CMSIS_RTOS/cmsis_os.c **** osPriority osThreadGetPriority (osThreadId thread_id)
 301:Middlewares/Third_Party/FreeRTOS/Source/CMSIS_RTOS/cmsis_os.c **** {
 495              		.loc 1 301 1 is_stmt 1 view -0
 496              		.cfi_startproc
 497              		@ args = 0, pretend = 0, frame = 0
 498              		@ frame_needed = 0, uses_anonymous_args = 0
 499              		.loc 1 301 1 is_stmt 0 view .LVU103
 500 0000 10B5     		push	{r4, lr}
 501              	.LCFI10:
 502              		.cfi_def_cfa_offset 8
 503              		.cfi_offset 4, -8
 504              		.cfi_offset 14, -4
 505 0002 0446     		mov	r4, r0
 302:Middlewares/Third_Party/FreeRTOS/Source/CMSIS_RTOS/cmsis_os.c **** #if (INCLUDE_uxTaskPriorityGet == 1)
 303:Middlewares/Third_Party/FreeRTOS/Source/CMSIS_RTOS/cmsis_os.c ****   if (inHandlerMode())
 506              		.loc 1 303 3 is_stmt 1 view .LVU104
 507              		.loc 1 303 7 is_stmt 0 view .LVU105
 508 0004 FFF7FEFF 		bl	inHandlerMode
 509              	.LVL31:
 510              		.loc 1 303 6 discriminator 1 view .LVU106
 511 0008 28B1     		cbz	r0, .L33
 304:Middlewares/Third_Party/FreeRTOS/Source/CMSIS_RTOS/cmsis_os.c ****   {
 305:Middlewares/Third_Party/FreeRTOS/Source/CMSIS_RTOS/cmsis_os.c ****     return makeCmsisPriority(uxTaskPriorityGetFromISR(thread_id));  
 512              		.loc 1 305 5 is_stmt 1 view .LVU107
 513              		.loc 1 305 12 is_stmt 0 view .LVU108
 514 000a 2046     		mov	r0, r4
 515 000c FFF7FEFF 		bl	uxTaskPriorityGetFromISR
 516              	.LVL32:
ARM GAS  D:\software\msy64\tmp\ccX5RH3v.s 			page 19


 517              		.loc 1 305 12 discriminator 1 view .LVU109
 518 0010 FFF7FEFF 		bl	makeCmsisPriority
 519              	.LVL33:
 520              	.L34:
 306:Middlewares/Third_Party/FreeRTOS/Source/CMSIS_RTOS/cmsis_os.c ****   }
 307:Middlewares/Third_Party/FreeRTOS/Source/CMSIS_RTOS/cmsis_os.c ****   else
 308:Middlewares/Third_Party/FreeRTOS/Source/CMSIS_RTOS/cmsis_os.c ****   {  
 309:Middlewares/Third_Party/FreeRTOS/Source/CMSIS_RTOS/cmsis_os.c ****     return makeCmsisPriority(uxTaskPriorityGet(thread_id));
 310:Middlewares/Third_Party/FreeRTOS/Source/CMSIS_RTOS/cmsis_os.c ****   }
 311:Middlewares/Third_Party/FreeRTOS/Source/CMSIS_RTOS/cmsis_os.c **** #else
 312:Middlewares/Third_Party/FreeRTOS/Source/CMSIS_RTOS/cmsis_os.c ****   return osPriorityError;
 313:Middlewares/Third_Party/FreeRTOS/Source/CMSIS_RTOS/cmsis_os.c **** #endif
 314:Middlewares/Third_Party/FreeRTOS/Source/CMSIS_RTOS/cmsis_os.c **** }
 521              		.loc 1 314 1 view .LVU110
 522 0014 10BD     		pop	{r4, pc}
 523              	.LVL34:
 524              	.L33:
 309:Middlewares/Third_Party/FreeRTOS/Source/CMSIS_RTOS/cmsis_os.c ****   }
 525              		.loc 1 309 5 is_stmt 1 view .LVU111
 309:Middlewares/Third_Party/FreeRTOS/Source/CMSIS_RTOS/cmsis_os.c ****   }
 526              		.loc 1 309 12 is_stmt 0 view .LVU112
 527 0016 2046     		mov	r0, r4
 528 0018 FFF7FEFF 		bl	uxTaskPriorityGet
 529              	.LVL35:
 309:Middlewares/Third_Party/FreeRTOS/Source/CMSIS_RTOS/cmsis_os.c ****   }
 530              		.loc 1 309 12 discriminator 1 view .LVU113
 531 001c FFF7FEFF 		bl	makeCmsisPriority
 532              	.LVL36:
 309:Middlewares/Third_Party/FreeRTOS/Source/CMSIS_RTOS/cmsis_os.c ****   }
 533              		.loc 1 309 12 view .LVU114
 534 0020 F8E7     		b	.L34
 535              		.cfi_endproc
 536              	.LFE60:
 538              		.section	.text.osDelay,"ax",%progbits
 539              		.align	1
 540              		.global	osDelay
 541              		.syntax unified
 542              		.thumb
 543              		.thumb_func
 545              	osDelay:
 546              	.LVL37:
 547              	.LFB61:
 315:Middlewares/Third_Party/FreeRTOS/Source/CMSIS_RTOS/cmsis_os.c **** 
 316:Middlewares/Third_Party/FreeRTOS/Source/CMSIS_RTOS/cmsis_os.c **** /*********************** Generic Wait Functions *******************************/
 317:Middlewares/Third_Party/FreeRTOS/Source/CMSIS_RTOS/cmsis_os.c **** /**
 318:Middlewares/Third_Party/FreeRTOS/Source/CMSIS_RTOS/cmsis_os.c **** * @brief   Wait for Timeout (Time Delay)
 319:Middlewares/Third_Party/FreeRTOS/Source/CMSIS_RTOS/cmsis_os.c **** * @param   millisec      time delay value
 320:Middlewares/Third_Party/FreeRTOS/Source/CMSIS_RTOS/cmsis_os.c **** * @retval  status code that indicates the execution status of the function.
 321:Middlewares/Third_Party/FreeRTOS/Source/CMSIS_RTOS/cmsis_os.c **** */
 322:Middlewares/Third_Party/FreeRTOS/Source/CMSIS_RTOS/cmsis_os.c **** osStatus osDelay (uint32_t millisec)
 323:Middlewares/Third_Party/FreeRTOS/Source/CMSIS_RTOS/cmsis_os.c **** {
 548              		.loc 1 323 1 is_stmt 1 view -0
 549              		.cfi_startproc
 550              		@ args = 0, pretend = 0, frame = 0
 551              		@ frame_needed = 0, uses_anonymous_args = 0
 552              		.loc 1 323 1 is_stmt 0 view .LVU116
 553 0000 08B5     		push	{r3, lr}
ARM GAS  D:\software\msy64\tmp\ccX5RH3v.s 			page 20


 554              	.LCFI11:
 555              		.cfi_def_cfa_offset 8
 556              		.cfi_offset 3, -8
 557              		.cfi_offset 14, -4
 324:Middlewares/Third_Party/FreeRTOS/Source/CMSIS_RTOS/cmsis_os.c **** #if INCLUDE_vTaskDelay
 325:Middlewares/Third_Party/FreeRTOS/Source/CMSIS_RTOS/cmsis_os.c ****   TickType_t ticks = millisec / portTICK_PERIOD_MS;
 558              		.loc 1 325 3 is_stmt 1 view .LVU117
 559              	.LVL38:
 326:Middlewares/Third_Party/FreeRTOS/Source/CMSIS_RTOS/cmsis_os.c ****   
 327:Middlewares/Third_Party/FreeRTOS/Source/CMSIS_RTOS/cmsis_os.c ****   vTaskDelay(ticks ? ticks : 1);          /* Minimum delay = 1 tick */
 560              		.loc 1 327 3 view .LVU118
 561 0002 00B9     		cbnz	r0, .L37
 562              		.loc 1 327 3 is_stmt 0 discriminator 2 view .LVU119
 563 0004 0120     		movs	r0, #1
 564              	.LVL39:
 565              	.L37:
 566              		.loc 1 327 3 discriminator 4 view .LVU120
 567 0006 FFF7FEFF 		bl	vTaskDelay
 568              	.LVL40:
 328:Middlewares/Third_Party/FreeRTOS/Source/CMSIS_RTOS/cmsis_os.c ****   
 329:Middlewares/Third_Party/FreeRTOS/Source/CMSIS_RTOS/cmsis_os.c ****   return osOK;
 569              		.loc 1 329 3 is_stmt 1 view .LVU121
 330:Middlewares/Third_Party/FreeRTOS/Source/CMSIS_RTOS/cmsis_os.c **** #else
 331:Middlewares/Third_Party/FreeRTOS/Source/CMSIS_RTOS/cmsis_os.c ****   (void) millisec;
 332:Middlewares/Third_Party/FreeRTOS/Source/CMSIS_RTOS/cmsis_os.c ****   
 333:Middlewares/Third_Party/FreeRTOS/Source/CMSIS_RTOS/cmsis_os.c ****   return osErrorResource;
 334:Middlewares/Third_Party/FreeRTOS/Source/CMSIS_RTOS/cmsis_os.c **** #endif
 335:Middlewares/Third_Party/FreeRTOS/Source/CMSIS_RTOS/cmsis_os.c **** }
 570              		.loc 1 335 1 is_stmt 0 view .LVU122
 571 000a 0020     		movs	r0, #0
 572 000c 08BD     		pop	{r3, pc}
 573              		.cfi_endproc
 574              	.LFE61:
 576              		.section	.text.osTimerCreate,"ax",%progbits
 577              		.align	1
 578              		.global	osTimerCreate
 579              		.syntax unified
 580              		.thumb
 581              		.thumb_func
 583              	osTimerCreate:
 584              	.LVL41:
 585              	.LFB62:
 336:Middlewares/Third_Party/FreeRTOS/Source/CMSIS_RTOS/cmsis_os.c **** 
 337:Middlewares/Third_Party/FreeRTOS/Source/CMSIS_RTOS/cmsis_os.c **** #if (defined (osFeature_Wait)  &&  (osFeature_Wait != 0)) /* Generic Wait available */
 338:Middlewares/Third_Party/FreeRTOS/Source/CMSIS_RTOS/cmsis_os.c **** /**
 339:Middlewares/Third_Party/FreeRTOS/Source/CMSIS_RTOS/cmsis_os.c **** * @brief  Wait for Signal, Message, Mail, or Timeout
 340:Middlewares/Third_Party/FreeRTOS/Source/CMSIS_RTOS/cmsis_os.c **** * @param   millisec  timeout value or 0 in case of no time-out
 341:Middlewares/Third_Party/FreeRTOS/Source/CMSIS_RTOS/cmsis_os.c **** * @retval  event that contains signal, message, or mail information or error code.
 342:Middlewares/Third_Party/FreeRTOS/Source/CMSIS_RTOS/cmsis_os.c **** * @note   MUST REMAIN UNCHANGED: \b osWait shall be consistent in every CMSIS-RTOS.
 343:Middlewares/Third_Party/FreeRTOS/Source/CMSIS_RTOS/cmsis_os.c **** */
 344:Middlewares/Third_Party/FreeRTOS/Source/CMSIS_RTOS/cmsis_os.c **** osEvent osWait (uint32_t millisec);
 345:Middlewares/Third_Party/FreeRTOS/Source/CMSIS_RTOS/cmsis_os.c **** 
 346:Middlewares/Third_Party/FreeRTOS/Source/CMSIS_RTOS/cmsis_os.c **** #endif  /* Generic Wait available */
 347:Middlewares/Third_Party/FreeRTOS/Source/CMSIS_RTOS/cmsis_os.c **** 
 348:Middlewares/Third_Party/FreeRTOS/Source/CMSIS_RTOS/cmsis_os.c **** /***********************  Timer Management Functions ***************************/
 349:Middlewares/Third_Party/FreeRTOS/Source/CMSIS_RTOS/cmsis_os.c **** /**
 350:Middlewares/Third_Party/FreeRTOS/Source/CMSIS_RTOS/cmsis_os.c **** * @brief  Create a timer.
ARM GAS  D:\software\msy64\tmp\ccX5RH3v.s 			page 21


 351:Middlewares/Third_Party/FreeRTOS/Source/CMSIS_RTOS/cmsis_os.c **** * @param  timer_def     timer object referenced with \ref osTimer.
 352:Middlewares/Third_Party/FreeRTOS/Source/CMSIS_RTOS/cmsis_os.c **** * @param  type          osTimerOnce for one-shot or osTimerPeriodic for periodic behavior.
 353:Middlewares/Third_Party/FreeRTOS/Source/CMSIS_RTOS/cmsis_os.c **** * @param  argument      argument to the timer call back function.
 354:Middlewares/Third_Party/FreeRTOS/Source/CMSIS_RTOS/cmsis_os.c **** * @retval  timer ID for reference by other functions or NULL in case of error.
 355:Middlewares/Third_Party/FreeRTOS/Source/CMSIS_RTOS/cmsis_os.c **** * @note   MUST REMAIN UNCHANGED: \b osTimerCreate shall be consistent in every CMSIS-RTOS.
 356:Middlewares/Third_Party/FreeRTOS/Source/CMSIS_RTOS/cmsis_os.c **** */
 357:Middlewares/Third_Party/FreeRTOS/Source/CMSIS_RTOS/cmsis_os.c **** osTimerId osTimerCreate (const osTimerDef_t *timer_def, os_timer_type type, void *argument)
 358:Middlewares/Third_Party/FreeRTOS/Source/CMSIS_RTOS/cmsis_os.c **** {
 586              		.loc 1 358 1 is_stmt 1 view -0
 587              		.cfi_startproc
 588              		@ args = 0, pretend = 0, frame = 0
 589              		@ frame_needed = 0, uses_anonymous_args = 0
 590              		@ link register save eliminated.
 359:Middlewares/Third_Party/FreeRTOS/Source/CMSIS_RTOS/cmsis_os.c **** #if (configUSE_TIMERS == 1)
 360:Middlewares/Third_Party/FreeRTOS/Source/CMSIS_RTOS/cmsis_os.c **** 
 361:Middlewares/Third_Party/FreeRTOS/Source/CMSIS_RTOS/cmsis_os.c **** #if( ( configSUPPORT_STATIC_ALLOCATION == 1 ) && ( configSUPPORT_DYNAMIC_ALLOCATION == 1 ) ) 
 362:Middlewares/Third_Party/FreeRTOS/Source/CMSIS_RTOS/cmsis_os.c ****   if(timer_def->controlblock != NULL) {
 363:Middlewares/Third_Party/FreeRTOS/Source/CMSIS_RTOS/cmsis_os.c ****     return xTimerCreateStatic((const char *)"",
 364:Middlewares/Third_Party/FreeRTOS/Source/CMSIS_RTOS/cmsis_os.c ****                       1, // period should be filled when starting the Timer using osTimerStart
 365:Middlewares/Third_Party/FreeRTOS/Source/CMSIS_RTOS/cmsis_os.c ****                       (type == osTimerPeriodic) ? pdTRUE : pdFALSE,
 366:Middlewares/Third_Party/FreeRTOS/Source/CMSIS_RTOS/cmsis_os.c ****                       (void *) argument,
 367:Middlewares/Third_Party/FreeRTOS/Source/CMSIS_RTOS/cmsis_os.c ****                       (TimerCallbackFunction_t)timer_def->ptimer,
 368:Middlewares/Third_Party/FreeRTOS/Source/CMSIS_RTOS/cmsis_os.c ****                       (StaticTimer_t *)timer_def->controlblock);
 369:Middlewares/Third_Party/FreeRTOS/Source/CMSIS_RTOS/cmsis_os.c ****   }
 370:Middlewares/Third_Party/FreeRTOS/Source/CMSIS_RTOS/cmsis_os.c ****   else {
 371:Middlewares/Third_Party/FreeRTOS/Source/CMSIS_RTOS/cmsis_os.c ****     return xTimerCreate((const char *)"",
 372:Middlewares/Third_Party/FreeRTOS/Source/CMSIS_RTOS/cmsis_os.c ****                       1, // period should be filled when starting the Timer using osTimerStart
 373:Middlewares/Third_Party/FreeRTOS/Source/CMSIS_RTOS/cmsis_os.c ****                       (type == osTimerPeriodic) ? pdTRUE : pdFALSE,
 374:Middlewares/Third_Party/FreeRTOS/Source/CMSIS_RTOS/cmsis_os.c ****                       (void *) argument,
 375:Middlewares/Third_Party/FreeRTOS/Source/CMSIS_RTOS/cmsis_os.c ****                       (TimerCallbackFunction_t)timer_def->ptimer);
 376:Middlewares/Third_Party/FreeRTOS/Source/CMSIS_RTOS/cmsis_os.c ****  }
 377:Middlewares/Third_Party/FreeRTOS/Source/CMSIS_RTOS/cmsis_os.c **** #elif( configSUPPORT_STATIC_ALLOCATION == 1 )
 378:Middlewares/Third_Party/FreeRTOS/Source/CMSIS_RTOS/cmsis_os.c ****   return xTimerCreateStatic((const char *)"",
 379:Middlewares/Third_Party/FreeRTOS/Source/CMSIS_RTOS/cmsis_os.c ****                       1, // period should be filled when starting the Timer using osTimerStart
 380:Middlewares/Third_Party/FreeRTOS/Source/CMSIS_RTOS/cmsis_os.c ****                       (type == osTimerPeriodic) ? pdTRUE : pdFALSE,
 381:Middlewares/Third_Party/FreeRTOS/Source/CMSIS_RTOS/cmsis_os.c ****                       (void *) argument,
 382:Middlewares/Third_Party/FreeRTOS/Source/CMSIS_RTOS/cmsis_os.c ****                       (TimerCallbackFunction_t)timer_def->ptimer,
 383:Middlewares/Third_Party/FreeRTOS/Source/CMSIS_RTOS/cmsis_os.c ****                       (StaticTimer_t *)timer_def->controlblock);  
 384:Middlewares/Third_Party/FreeRTOS/Source/CMSIS_RTOS/cmsis_os.c **** #else
 385:Middlewares/Third_Party/FreeRTOS/Source/CMSIS_RTOS/cmsis_os.c ****   return xTimerCreate((const char *)"",
 386:Middlewares/Third_Party/FreeRTOS/Source/CMSIS_RTOS/cmsis_os.c ****                       1, // period should be filled when starting the Timer using osTimerStart
 387:Middlewares/Third_Party/FreeRTOS/Source/CMSIS_RTOS/cmsis_os.c ****                       (type == osTimerPeriodic) ? pdTRUE : pdFALSE,
 388:Middlewares/Third_Party/FreeRTOS/Source/CMSIS_RTOS/cmsis_os.c ****                       (void *) argument,
 389:Middlewares/Third_Party/FreeRTOS/Source/CMSIS_RTOS/cmsis_os.c ****                       (TimerCallbackFunction_t)timer_def->ptimer);
 390:Middlewares/Third_Party/FreeRTOS/Source/CMSIS_RTOS/cmsis_os.c **** #endif
 391:Middlewares/Third_Party/FreeRTOS/Source/CMSIS_RTOS/cmsis_os.c **** 
 392:Middlewares/Third_Party/FreeRTOS/Source/CMSIS_RTOS/cmsis_os.c **** #else 
 393:Middlewares/Third_Party/FreeRTOS/Source/CMSIS_RTOS/cmsis_os.c **** 	return NULL;
 591              		.loc 1 393 2 view .LVU124
 394:Middlewares/Third_Party/FreeRTOS/Source/CMSIS_RTOS/cmsis_os.c **** #endif
 395:Middlewares/Third_Party/FreeRTOS/Source/CMSIS_RTOS/cmsis_os.c **** }
 592              		.loc 1 395 1 is_stmt 0 view .LVU125
 593 0000 0020     		movs	r0, #0
 594              	.LVL42:
 595              		.loc 1 395 1 view .LVU126
 596 0002 7047     		bx	lr
 597              		.cfi_endproc
ARM GAS  D:\software\msy64\tmp\ccX5RH3v.s 			page 22


 598              	.LFE62:
 600              		.section	.text.osTimerStart,"ax",%progbits
 601              		.align	1
 602              		.global	osTimerStart
 603              		.syntax unified
 604              		.thumb
 605              		.thumb_func
 607              	osTimerStart:
 608              	.LVL43:
 609              	.LFB63:
 396:Middlewares/Third_Party/FreeRTOS/Source/CMSIS_RTOS/cmsis_os.c **** 
 397:Middlewares/Third_Party/FreeRTOS/Source/CMSIS_RTOS/cmsis_os.c **** /**
 398:Middlewares/Third_Party/FreeRTOS/Source/CMSIS_RTOS/cmsis_os.c **** * @brief  Start or restart a timer.
 399:Middlewares/Third_Party/FreeRTOS/Source/CMSIS_RTOS/cmsis_os.c **** * @param  timer_id      timer ID obtained by \ref osTimerCreate.
 400:Middlewares/Third_Party/FreeRTOS/Source/CMSIS_RTOS/cmsis_os.c **** * @param  millisec      time delay value of the timer.
 401:Middlewares/Third_Party/FreeRTOS/Source/CMSIS_RTOS/cmsis_os.c **** * @retval  status code that indicates the execution status of the function
 402:Middlewares/Third_Party/FreeRTOS/Source/CMSIS_RTOS/cmsis_os.c **** * @note   MUST REMAIN UNCHANGED: \b osTimerStart shall be consistent in every CMSIS-RTOS.
 403:Middlewares/Third_Party/FreeRTOS/Source/CMSIS_RTOS/cmsis_os.c **** */
 404:Middlewares/Third_Party/FreeRTOS/Source/CMSIS_RTOS/cmsis_os.c **** osStatus osTimerStart (osTimerId timer_id, uint32_t millisec)
 405:Middlewares/Third_Party/FreeRTOS/Source/CMSIS_RTOS/cmsis_os.c **** {
 610              		.loc 1 405 1 is_stmt 1 view -0
 611              		.cfi_startproc
 612              		@ args = 0, pretend = 0, frame = 0
 613              		@ frame_needed = 0, uses_anonymous_args = 0
 614              		@ link register save eliminated.
 406:Middlewares/Third_Party/FreeRTOS/Source/CMSIS_RTOS/cmsis_os.c ****   osStatus result = osOK;
 615              		.loc 1 406 3 view .LVU128
 407:Middlewares/Third_Party/FreeRTOS/Source/CMSIS_RTOS/cmsis_os.c **** #if (configUSE_TIMERS == 1)  
 408:Middlewares/Third_Party/FreeRTOS/Source/CMSIS_RTOS/cmsis_os.c ****   portBASE_TYPE taskWoken = pdFALSE;
 409:Middlewares/Third_Party/FreeRTOS/Source/CMSIS_RTOS/cmsis_os.c ****   TickType_t ticks = millisec / portTICK_PERIOD_MS;
 410:Middlewares/Third_Party/FreeRTOS/Source/CMSIS_RTOS/cmsis_os.c **** 
 411:Middlewares/Third_Party/FreeRTOS/Source/CMSIS_RTOS/cmsis_os.c ****   if (ticks == 0)
 412:Middlewares/Third_Party/FreeRTOS/Source/CMSIS_RTOS/cmsis_os.c ****     ticks = 1;
 413:Middlewares/Third_Party/FreeRTOS/Source/CMSIS_RTOS/cmsis_os.c ****     
 414:Middlewares/Third_Party/FreeRTOS/Source/CMSIS_RTOS/cmsis_os.c ****   if (inHandlerMode()) 
 415:Middlewares/Third_Party/FreeRTOS/Source/CMSIS_RTOS/cmsis_os.c ****   {
 416:Middlewares/Third_Party/FreeRTOS/Source/CMSIS_RTOS/cmsis_os.c ****     if (xTimerChangePeriodFromISR(timer_id, ticks, &taskWoken) != pdPASS)
 417:Middlewares/Third_Party/FreeRTOS/Source/CMSIS_RTOS/cmsis_os.c ****     {
 418:Middlewares/Third_Party/FreeRTOS/Source/CMSIS_RTOS/cmsis_os.c ****       result = osErrorOS;
 419:Middlewares/Third_Party/FreeRTOS/Source/CMSIS_RTOS/cmsis_os.c ****     }
 420:Middlewares/Third_Party/FreeRTOS/Source/CMSIS_RTOS/cmsis_os.c ****     else
 421:Middlewares/Third_Party/FreeRTOS/Source/CMSIS_RTOS/cmsis_os.c ****     {
 422:Middlewares/Third_Party/FreeRTOS/Source/CMSIS_RTOS/cmsis_os.c ****       portEND_SWITCHING_ISR(taskWoken);     
 423:Middlewares/Third_Party/FreeRTOS/Source/CMSIS_RTOS/cmsis_os.c ****     }
 424:Middlewares/Third_Party/FreeRTOS/Source/CMSIS_RTOS/cmsis_os.c ****   }
 425:Middlewares/Third_Party/FreeRTOS/Source/CMSIS_RTOS/cmsis_os.c ****   else 
 426:Middlewares/Third_Party/FreeRTOS/Source/CMSIS_RTOS/cmsis_os.c ****   {
 427:Middlewares/Third_Party/FreeRTOS/Source/CMSIS_RTOS/cmsis_os.c ****     if (xTimerChangePeriod(timer_id, ticks, 0) != pdPASS)
 428:Middlewares/Third_Party/FreeRTOS/Source/CMSIS_RTOS/cmsis_os.c ****       result = osErrorOS;
 429:Middlewares/Third_Party/FreeRTOS/Source/CMSIS_RTOS/cmsis_os.c ****   }
 430:Middlewares/Third_Party/FreeRTOS/Source/CMSIS_RTOS/cmsis_os.c **** 
 431:Middlewares/Third_Party/FreeRTOS/Source/CMSIS_RTOS/cmsis_os.c **** #else 
 432:Middlewares/Third_Party/FreeRTOS/Source/CMSIS_RTOS/cmsis_os.c ****   result = osErrorOS;
 616              		.loc 1 432 3 view .LVU129
 433:Middlewares/Third_Party/FreeRTOS/Source/CMSIS_RTOS/cmsis_os.c **** #endif
 434:Middlewares/Third_Party/FreeRTOS/Source/CMSIS_RTOS/cmsis_os.c ****   return result;
 617              		.loc 1 434 3 view .LVU130
ARM GAS  D:\software\msy64\tmp\ccX5RH3v.s 			page 23


 435:Middlewares/Third_Party/FreeRTOS/Source/CMSIS_RTOS/cmsis_os.c **** }
 618              		.loc 1 435 1 is_stmt 0 view .LVU131
 619 0000 FF20     		movs	r0, #255
 620              	.LVL44:
 621              		.loc 1 435 1 view .LVU132
 622 0002 7047     		bx	lr
 623              		.cfi_endproc
 624              	.LFE63:
 626              		.section	.text.osTimerStop,"ax",%progbits
 627              		.align	1
 628              		.global	osTimerStop
 629              		.syntax unified
 630              		.thumb
 631              		.thumb_func
 633              	osTimerStop:
 634              	.LVL45:
 635              	.LFB64:
 436:Middlewares/Third_Party/FreeRTOS/Source/CMSIS_RTOS/cmsis_os.c **** 
 437:Middlewares/Third_Party/FreeRTOS/Source/CMSIS_RTOS/cmsis_os.c **** /**
 438:Middlewares/Third_Party/FreeRTOS/Source/CMSIS_RTOS/cmsis_os.c **** * @brief  Stop a timer.
 439:Middlewares/Third_Party/FreeRTOS/Source/CMSIS_RTOS/cmsis_os.c **** * @param  timer_id      timer ID obtained by \ref osTimerCreate
 440:Middlewares/Third_Party/FreeRTOS/Source/CMSIS_RTOS/cmsis_os.c **** * @retval  status code that indicates the execution status of the function.
 441:Middlewares/Third_Party/FreeRTOS/Source/CMSIS_RTOS/cmsis_os.c **** * @note   MUST REMAIN UNCHANGED: \b osTimerStop shall be consistent in every CMSIS-RTOS.
 442:Middlewares/Third_Party/FreeRTOS/Source/CMSIS_RTOS/cmsis_os.c **** */
 443:Middlewares/Third_Party/FreeRTOS/Source/CMSIS_RTOS/cmsis_os.c **** osStatus osTimerStop (osTimerId timer_id)
 444:Middlewares/Third_Party/FreeRTOS/Source/CMSIS_RTOS/cmsis_os.c **** {
 636              		.loc 1 444 1 is_stmt 1 view -0
 637              		.cfi_startproc
 638              		@ args = 0, pretend = 0, frame = 0
 639              		@ frame_needed = 0, uses_anonymous_args = 0
 640              		@ link register save eliminated.
 445:Middlewares/Third_Party/FreeRTOS/Source/CMSIS_RTOS/cmsis_os.c ****   osStatus result = osOK;
 641              		.loc 1 445 3 view .LVU134
 446:Middlewares/Third_Party/FreeRTOS/Source/CMSIS_RTOS/cmsis_os.c **** #if (configUSE_TIMERS == 1)  
 447:Middlewares/Third_Party/FreeRTOS/Source/CMSIS_RTOS/cmsis_os.c ****   portBASE_TYPE taskWoken = pdFALSE;
 448:Middlewares/Third_Party/FreeRTOS/Source/CMSIS_RTOS/cmsis_os.c **** 
 449:Middlewares/Third_Party/FreeRTOS/Source/CMSIS_RTOS/cmsis_os.c ****   if (inHandlerMode()) {
 450:Middlewares/Third_Party/FreeRTOS/Source/CMSIS_RTOS/cmsis_os.c ****     if (xTimerStopFromISR(timer_id, &taskWoken) != pdPASS) {
 451:Middlewares/Third_Party/FreeRTOS/Source/CMSIS_RTOS/cmsis_os.c ****       return osErrorOS;
 452:Middlewares/Third_Party/FreeRTOS/Source/CMSIS_RTOS/cmsis_os.c ****     }
 453:Middlewares/Third_Party/FreeRTOS/Source/CMSIS_RTOS/cmsis_os.c ****     portEND_SWITCHING_ISR(taskWoken);
 454:Middlewares/Third_Party/FreeRTOS/Source/CMSIS_RTOS/cmsis_os.c ****   }
 455:Middlewares/Third_Party/FreeRTOS/Source/CMSIS_RTOS/cmsis_os.c ****   else {
 456:Middlewares/Third_Party/FreeRTOS/Source/CMSIS_RTOS/cmsis_os.c ****     if (xTimerStop(timer_id, 0) != pdPASS) {
 457:Middlewares/Third_Party/FreeRTOS/Source/CMSIS_RTOS/cmsis_os.c ****       result = osErrorOS;
 458:Middlewares/Third_Party/FreeRTOS/Source/CMSIS_RTOS/cmsis_os.c ****     }
 459:Middlewares/Third_Party/FreeRTOS/Source/CMSIS_RTOS/cmsis_os.c ****   }
 460:Middlewares/Third_Party/FreeRTOS/Source/CMSIS_RTOS/cmsis_os.c **** #else 
 461:Middlewares/Third_Party/FreeRTOS/Source/CMSIS_RTOS/cmsis_os.c ****   result = osErrorOS;
 642              		.loc 1 461 3 view .LVU135
 462:Middlewares/Third_Party/FreeRTOS/Source/CMSIS_RTOS/cmsis_os.c **** #endif 
 463:Middlewares/Third_Party/FreeRTOS/Source/CMSIS_RTOS/cmsis_os.c ****   return result;
 643              		.loc 1 463 3 view .LVU136
 464:Middlewares/Third_Party/FreeRTOS/Source/CMSIS_RTOS/cmsis_os.c **** }
 644              		.loc 1 464 1 is_stmt 0 view .LVU137
 645 0000 FF20     		movs	r0, #255
 646              	.LVL46:
ARM GAS  D:\software\msy64\tmp\ccX5RH3v.s 			page 24


 647              		.loc 1 464 1 view .LVU138
 648 0002 7047     		bx	lr
 649              		.cfi_endproc
 650              	.LFE64:
 652              		.section	.text.osTimerDelete,"ax",%progbits
 653              		.align	1
 654              		.global	osTimerDelete
 655              		.syntax unified
 656              		.thumb
 657              		.thumb_func
 659              	osTimerDelete:
 660              	.LVL47:
 661              	.LFB65:
 465:Middlewares/Third_Party/FreeRTOS/Source/CMSIS_RTOS/cmsis_os.c **** 
 466:Middlewares/Third_Party/FreeRTOS/Source/CMSIS_RTOS/cmsis_os.c **** /**
 467:Middlewares/Third_Party/FreeRTOS/Source/CMSIS_RTOS/cmsis_os.c **** * @brief  Delete a timer.
 468:Middlewares/Third_Party/FreeRTOS/Source/CMSIS_RTOS/cmsis_os.c **** * @param  timer_id      timer ID obtained by \ref osTimerCreate
 469:Middlewares/Third_Party/FreeRTOS/Source/CMSIS_RTOS/cmsis_os.c **** * @retval  status code that indicates the execution status of the function.
 470:Middlewares/Third_Party/FreeRTOS/Source/CMSIS_RTOS/cmsis_os.c **** * @note   MUST REMAIN UNCHANGED: \b osTimerDelete shall be consistent in every CMSIS-RTOS.
 471:Middlewares/Third_Party/FreeRTOS/Source/CMSIS_RTOS/cmsis_os.c **** */
 472:Middlewares/Third_Party/FreeRTOS/Source/CMSIS_RTOS/cmsis_os.c **** osStatus osTimerDelete (osTimerId timer_id)
 473:Middlewares/Third_Party/FreeRTOS/Source/CMSIS_RTOS/cmsis_os.c **** {
 662              		.loc 1 473 1 is_stmt 1 view -0
 663              		.cfi_startproc
 664              		@ args = 0, pretend = 0, frame = 0
 665              		@ frame_needed = 0, uses_anonymous_args = 0
 666              		@ link register save eliminated.
 474:Middlewares/Third_Party/FreeRTOS/Source/CMSIS_RTOS/cmsis_os.c **** osStatus result = osOK;
 667              		.loc 1 474 1 view .LVU140
 475:Middlewares/Third_Party/FreeRTOS/Source/CMSIS_RTOS/cmsis_os.c **** 
 476:Middlewares/Third_Party/FreeRTOS/Source/CMSIS_RTOS/cmsis_os.c **** #if (configUSE_TIMERS == 1)
 477:Middlewares/Third_Party/FreeRTOS/Source/CMSIS_RTOS/cmsis_os.c **** 
 478:Middlewares/Third_Party/FreeRTOS/Source/CMSIS_RTOS/cmsis_os.c ****    if (inHandlerMode()) {
 479:Middlewares/Third_Party/FreeRTOS/Source/CMSIS_RTOS/cmsis_os.c ****      return osErrorISR;
 480:Middlewares/Third_Party/FreeRTOS/Source/CMSIS_RTOS/cmsis_os.c ****   }
 481:Middlewares/Third_Party/FreeRTOS/Source/CMSIS_RTOS/cmsis_os.c ****   else { 
 482:Middlewares/Third_Party/FreeRTOS/Source/CMSIS_RTOS/cmsis_os.c ****     if ((xTimerDelete(timer_id, osWaitForever )) != pdPASS) {
 483:Middlewares/Third_Party/FreeRTOS/Source/CMSIS_RTOS/cmsis_os.c ****       result = osErrorOS;
 484:Middlewares/Third_Party/FreeRTOS/Source/CMSIS_RTOS/cmsis_os.c ****     }
 485:Middlewares/Third_Party/FreeRTOS/Source/CMSIS_RTOS/cmsis_os.c ****   } 
 486:Middlewares/Third_Party/FreeRTOS/Source/CMSIS_RTOS/cmsis_os.c ****     
 487:Middlewares/Third_Party/FreeRTOS/Source/CMSIS_RTOS/cmsis_os.c **** #else 
 488:Middlewares/Third_Party/FreeRTOS/Source/CMSIS_RTOS/cmsis_os.c ****   result = osErrorOS;
 668              		.loc 1 488 3 view .LVU141
 489:Middlewares/Third_Party/FreeRTOS/Source/CMSIS_RTOS/cmsis_os.c **** #endif 
 490:Middlewares/Third_Party/FreeRTOS/Source/CMSIS_RTOS/cmsis_os.c ****  
 491:Middlewares/Third_Party/FreeRTOS/Source/CMSIS_RTOS/cmsis_os.c ****   return result;
 669              		.loc 1 491 3 view .LVU142
 492:Middlewares/Third_Party/FreeRTOS/Source/CMSIS_RTOS/cmsis_os.c **** }
 670              		.loc 1 492 1 is_stmt 0 view .LVU143
 671 0000 FF20     		movs	r0, #255
 672              	.LVL48:
 673              		.loc 1 492 1 view .LVU144
 674 0002 7047     		bx	lr
 675              		.cfi_endproc
 676              	.LFE65:
 678              		.section	.text.osSignalSet,"ax",%progbits
ARM GAS  D:\software\msy64\tmp\ccX5RH3v.s 			page 25


 679              		.align	1
 680              		.global	osSignalSet
 681              		.syntax unified
 682              		.thumb
 683              		.thumb_func
 685              	osSignalSet:
 686              	.LVL49:
 687              	.LFB66:
 493:Middlewares/Third_Party/FreeRTOS/Source/CMSIS_RTOS/cmsis_os.c **** 
 494:Middlewares/Third_Party/FreeRTOS/Source/CMSIS_RTOS/cmsis_os.c **** /***************************  Signal Management ********************************/
 495:Middlewares/Third_Party/FreeRTOS/Source/CMSIS_RTOS/cmsis_os.c **** /**
 496:Middlewares/Third_Party/FreeRTOS/Source/CMSIS_RTOS/cmsis_os.c **** * @brief  Set the specified Signal Flags of an active thread.
 497:Middlewares/Third_Party/FreeRTOS/Source/CMSIS_RTOS/cmsis_os.c **** * @param  thread_id     thread ID obtained by \ref osThreadCreate or \ref osThreadGetId.
 498:Middlewares/Third_Party/FreeRTOS/Source/CMSIS_RTOS/cmsis_os.c **** * @param  signals       specifies the signal flags of the thread that should be set.
 499:Middlewares/Third_Party/FreeRTOS/Source/CMSIS_RTOS/cmsis_os.c **** * @retval previous signal flags of the specified thread or 0x80000000 in case of incorrect paramete
 500:Middlewares/Third_Party/FreeRTOS/Source/CMSIS_RTOS/cmsis_os.c **** * @note   MUST REMAIN UNCHANGED: \b osSignalSet shall be consistent in every CMSIS-RTOS.
 501:Middlewares/Third_Party/FreeRTOS/Source/CMSIS_RTOS/cmsis_os.c **** */
 502:Middlewares/Third_Party/FreeRTOS/Source/CMSIS_RTOS/cmsis_os.c **** int32_t osSignalSet (osThreadId thread_id, int32_t signal)
 503:Middlewares/Third_Party/FreeRTOS/Source/CMSIS_RTOS/cmsis_os.c **** {
 688              		.loc 1 503 1 is_stmt 1 view -0
 689              		.cfi_startproc
 690              		@ args = 0, pretend = 0, frame = 8
 691              		@ frame_needed = 0, uses_anonymous_args = 0
 692              		.loc 1 503 1 is_stmt 0 view .LVU146
 693 0000 30B5     		push	{r4, r5, lr}
 694              	.LCFI12:
 695              		.cfi_def_cfa_offset 12
 696              		.cfi_offset 4, -12
 697              		.cfi_offset 5, -8
 698              		.cfi_offset 14, -4
 699 0002 85B0     		sub	sp, sp, #20
 700              	.LCFI13:
 701              		.cfi_def_cfa_offset 32
 702 0004 0446     		mov	r4, r0
 703 0006 0D46     		mov	r5, r1
 504:Middlewares/Third_Party/FreeRTOS/Source/CMSIS_RTOS/cmsis_os.c **** #if( configUSE_TASK_NOTIFICATIONS == 1 )	
 505:Middlewares/Third_Party/FreeRTOS/Source/CMSIS_RTOS/cmsis_os.c ****   BaseType_t xHigherPriorityTaskWoken = pdFALSE;
 704              		.loc 1 505 3 is_stmt 1 view .LVU147
 705              		.loc 1 505 14 is_stmt 0 view .LVU148
 706 0008 0023     		movs	r3, #0
 707 000a 0393     		str	r3, [sp, #12]
 506:Middlewares/Third_Party/FreeRTOS/Source/CMSIS_RTOS/cmsis_os.c ****   uint32_t ulPreviousNotificationValue = 0;
 708              		.loc 1 506 3 is_stmt 1 view .LVU149
 709              		.loc 1 506 12 is_stmt 0 view .LVU150
 710 000c 0293     		str	r3, [sp, #8]
 507:Middlewares/Third_Party/FreeRTOS/Source/CMSIS_RTOS/cmsis_os.c ****   
 508:Middlewares/Third_Party/FreeRTOS/Source/CMSIS_RTOS/cmsis_os.c ****   if (inHandlerMode())
 711              		.loc 1 508 3 is_stmt 1 view .LVU151
 712              		.loc 1 508 7 is_stmt 0 view .LVU152
 713 000e FFF7FEFF 		bl	inHandlerMode
 714              	.LVL50:
 715              		.loc 1 508 6 discriminator 1 view .LVU153
 716 0012 B0B1     		cbz	r0, .L45
 509:Middlewares/Third_Party/FreeRTOS/Source/CMSIS_RTOS/cmsis_os.c ****   {
 510:Middlewares/Third_Party/FreeRTOS/Source/CMSIS_RTOS/cmsis_os.c ****     if(xTaskGenericNotifyFromISR( thread_id , (uint32_t)signal, eSetBits, &ulPreviousNotificationVa
 717              		.loc 1 510 5 is_stmt 1 view .LVU154
 718              		.loc 1 510 8 is_stmt 0 view .LVU155
ARM GAS  D:\software\msy64\tmp\ccX5RH3v.s 			page 26


 719 0014 03AB     		add	r3, sp, #12
 720 0016 0093     		str	r3, [sp]
 721 0018 02AB     		add	r3, sp, #8
 722 001a 0122     		movs	r2, #1
 723 001c 2946     		mov	r1, r5
 724 001e 2046     		mov	r0, r4
 725 0020 FFF7FEFF 		bl	xTaskGenericNotifyFromISR
 726              	.LVL51:
 727              		.loc 1 510 7 discriminator 1 view .LVU156
 728 0024 0128     		cmp	r0, #1
 729 0026 17D1     		bne	.L48
 511:Middlewares/Third_Party/FreeRTOS/Source/CMSIS_RTOS/cmsis_os.c ****       return 0x80000000;
 512:Middlewares/Third_Party/FreeRTOS/Source/CMSIS_RTOS/cmsis_os.c ****     
 513:Middlewares/Third_Party/FreeRTOS/Source/CMSIS_RTOS/cmsis_os.c ****     portYIELD_FROM_ISR( xHigherPriorityTaskWoken );
 730              		.loc 1 513 5 is_stmt 1 view .LVU157
 731 0028 039B     		ldr	r3, [sp, #12]
 732 002a 93B1     		cbz	r3, .L47
 733              		.loc 1 513 5 discriminator 1 view .LVU158
 734 002c 4FF0E023 		mov	r3, #-536813568
 735 0030 4FF08052 		mov	r2, #268435456
 736 0034 C3F8042D 		str	r2, [r3, #3332]
 737              		.loc 1 513 5 discriminator 1 view .LVU159
 738              		.syntax unified
 739              	@ 513 "Middlewares/Third_Party/FreeRTOS/Source/CMSIS_RTOS/cmsis_os.c" 1
 740 0038 BFF34F8F 		dsb
 741              	@ 0 "" 2
 742              		.loc 1 513 5 discriminator 1 view .LVU160
 743              	@ 513 "Middlewares/Third_Party/FreeRTOS/Source/CMSIS_RTOS/cmsis_os.c" 1
 744 003c BFF36F8F 		isb
 745              	@ 0 "" 2
 746              		.thumb
 747              		.syntax unified
 748 0040 07E0     		b	.L47
 749              	.L45:
 514:Middlewares/Third_Party/FreeRTOS/Source/CMSIS_RTOS/cmsis_os.c ****   }  
 515:Middlewares/Third_Party/FreeRTOS/Source/CMSIS_RTOS/cmsis_os.c ****   else if(xTaskGenericNotify( thread_id , (uint32_t)signal, eSetBits, &ulPreviousNotificationValue)
 750              		.loc 1 515 8 view .LVU161
 751              		.loc 1 515 11 is_stmt 0 view .LVU162
 752 0042 02AB     		add	r3, sp, #8
 753 0044 0122     		movs	r2, #1
 754 0046 2946     		mov	r1, r5
 755 0048 2046     		mov	r0, r4
 756 004a FFF7FEFF 		bl	xTaskGenericNotify
 757              	.LVL52:
 758              		.loc 1 515 10 discriminator 1 view .LVU163
 759 004e 0128     		cmp	r0, #1
 760 0050 05D1     		bne	.L49
 761              	.L47:
 516:Middlewares/Third_Party/FreeRTOS/Source/CMSIS_RTOS/cmsis_os.c ****     return 0x80000000;
 517:Middlewares/Third_Party/FreeRTOS/Source/CMSIS_RTOS/cmsis_os.c ****   
 518:Middlewares/Third_Party/FreeRTOS/Source/CMSIS_RTOS/cmsis_os.c ****   return ulPreviousNotificationValue;
 762              		.loc 1 518 3 is_stmt 1 view .LVU164
 763              		.loc 1 518 10 is_stmt 0 view .LVU165
 764 0052 0298     		ldr	r0, [sp, #8]
 765              	.L44:
 519:Middlewares/Third_Party/FreeRTOS/Source/CMSIS_RTOS/cmsis_os.c **** #else
 520:Middlewares/Third_Party/FreeRTOS/Source/CMSIS_RTOS/cmsis_os.c ****   (void) thread_id;
ARM GAS  D:\software\msy64\tmp\ccX5RH3v.s 			page 27


 521:Middlewares/Third_Party/FreeRTOS/Source/CMSIS_RTOS/cmsis_os.c ****   (void) signal;
 522:Middlewares/Third_Party/FreeRTOS/Source/CMSIS_RTOS/cmsis_os.c **** 
 523:Middlewares/Third_Party/FreeRTOS/Source/CMSIS_RTOS/cmsis_os.c ****   return 0x80000000; /* Task Notification not supported */ 	
 524:Middlewares/Third_Party/FreeRTOS/Source/CMSIS_RTOS/cmsis_os.c **** #endif
 525:Middlewares/Third_Party/FreeRTOS/Source/CMSIS_RTOS/cmsis_os.c **** }
 766              		.loc 1 525 1 view .LVU166
 767 0054 05B0     		add	sp, sp, #20
 768              	.LCFI14:
 769              		.cfi_remember_state
 770              		.cfi_def_cfa_offset 12
 771              		@ sp needed
 772 0056 30BD     		pop	{r4, r5, pc}
 773              	.LVL53:
 774              	.L48:
 775              	.LCFI15:
 776              		.cfi_restore_state
 511:Middlewares/Third_Party/FreeRTOS/Source/CMSIS_RTOS/cmsis_os.c ****     
 777              		.loc 1 511 14 view .LVU167
 778 0058 4FF00040 		mov	r0, #-2147483648
 779 005c FAE7     		b	.L44
 780              	.L49:
 516:Middlewares/Third_Party/FreeRTOS/Source/CMSIS_RTOS/cmsis_os.c ****     return 0x80000000;
 781              		.loc 1 516 12 view .LVU168
 782 005e 4FF00040 		mov	r0, #-2147483648
 783 0062 F7E7     		b	.L44
 784              		.cfi_endproc
 785              	.LFE66:
 787              		.section	.text.osSignalWait,"ax",%progbits
 788              		.align	1
 789              		.global	osSignalWait
 790              		.syntax unified
 791              		.thumb
 792              		.thumb_func
 794              	osSignalWait:
 795              	.LVL54:
 796              	.LFB67:
 526:Middlewares/Third_Party/FreeRTOS/Source/CMSIS_RTOS/cmsis_os.c **** 
 527:Middlewares/Third_Party/FreeRTOS/Source/CMSIS_RTOS/cmsis_os.c **** /**
 528:Middlewares/Third_Party/FreeRTOS/Source/CMSIS_RTOS/cmsis_os.c **** * @brief  Clear the specified Signal Flags of an active thread.
 529:Middlewares/Third_Party/FreeRTOS/Source/CMSIS_RTOS/cmsis_os.c **** * @param  thread_id  thread ID obtained by \ref osThreadCreate or \ref osThreadGetId.
 530:Middlewares/Third_Party/FreeRTOS/Source/CMSIS_RTOS/cmsis_os.c **** * @param  signals    specifies the signal flags of the thread that shall be cleared.
 531:Middlewares/Third_Party/FreeRTOS/Source/CMSIS_RTOS/cmsis_os.c **** * @retval  previous signal flags of the specified thread or 0x80000000 in case of incorrect paramet
 532:Middlewares/Third_Party/FreeRTOS/Source/CMSIS_RTOS/cmsis_os.c **** * @note   MUST REMAIN UNCHANGED: \b osSignalClear shall be consistent in every CMSIS-RTOS.
 533:Middlewares/Third_Party/FreeRTOS/Source/CMSIS_RTOS/cmsis_os.c **** */
 534:Middlewares/Third_Party/FreeRTOS/Source/CMSIS_RTOS/cmsis_os.c **** int32_t osSignalClear (osThreadId thread_id, int32_t signal);
 535:Middlewares/Third_Party/FreeRTOS/Source/CMSIS_RTOS/cmsis_os.c **** 
 536:Middlewares/Third_Party/FreeRTOS/Source/CMSIS_RTOS/cmsis_os.c **** /**
 537:Middlewares/Third_Party/FreeRTOS/Source/CMSIS_RTOS/cmsis_os.c **** * @brief  Wait for one or more Signal Flags to become signaled for the current \b RUNNING thread.
 538:Middlewares/Third_Party/FreeRTOS/Source/CMSIS_RTOS/cmsis_os.c **** * @param  signals   wait until all specified signal flags set or 0 for any single signal flag.
 539:Middlewares/Third_Party/FreeRTOS/Source/CMSIS_RTOS/cmsis_os.c **** * @param  millisec  timeout value or 0 in case of no time-out.
 540:Middlewares/Third_Party/FreeRTOS/Source/CMSIS_RTOS/cmsis_os.c **** * @retval  event flag information or error code.
 541:Middlewares/Third_Party/FreeRTOS/Source/CMSIS_RTOS/cmsis_os.c **** * @note   MUST REMAIN UNCHANGED: \b osSignalWait shall be consistent in every CMSIS-RTOS.
 542:Middlewares/Third_Party/FreeRTOS/Source/CMSIS_RTOS/cmsis_os.c **** */
 543:Middlewares/Third_Party/FreeRTOS/Source/CMSIS_RTOS/cmsis_os.c **** osEvent osSignalWait (int32_t signals, uint32_t millisec)
 544:Middlewares/Third_Party/FreeRTOS/Source/CMSIS_RTOS/cmsis_os.c **** {
 797              		.loc 1 544 1 is_stmt 1 view -0
 798              		.cfi_startproc
ARM GAS  D:\software\msy64\tmp\ccX5RH3v.s 			page 28


 799              		@ args = 0, pretend = 0, frame = 16
 800              		@ frame_needed = 0, uses_anonymous_args = 0
 801              		.loc 1 544 1 is_stmt 0 view .LVU170
 802 0000 70B5     		push	{r4, r5, r6, lr}
 803              	.LCFI16:
 804              		.cfi_def_cfa_offset 16
 805              		.cfi_offset 4, -16
 806              		.cfi_offset 5, -12
 807              		.cfi_offset 6, -8
 808              		.cfi_offset 14, -4
 809 0002 84B0     		sub	sp, sp, #16
 810              	.LCFI17:
 811              		.cfi_def_cfa_offset 32
 812 0004 0446     		mov	r4, r0
 813 0006 0E46     		mov	r6, r1
 814 0008 1546     		mov	r5, r2
 545:Middlewares/Third_Party/FreeRTOS/Source/CMSIS_RTOS/cmsis_os.c ****   osEvent ret;
 815              		.loc 1 545 3 is_stmt 1 view .LVU171
 546:Middlewares/Third_Party/FreeRTOS/Source/CMSIS_RTOS/cmsis_os.c **** 
 547:Middlewares/Third_Party/FreeRTOS/Source/CMSIS_RTOS/cmsis_os.c **** #if( configUSE_TASK_NOTIFICATIONS == 1 )
 548:Middlewares/Third_Party/FreeRTOS/Source/CMSIS_RTOS/cmsis_os.c **** 	
 549:Middlewares/Third_Party/FreeRTOS/Source/CMSIS_RTOS/cmsis_os.c ****   TickType_t ticks;
 816              		.loc 1 549 3 view .LVU172
 550:Middlewares/Third_Party/FreeRTOS/Source/CMSIS_RTOS/cmsis_os.c **** 
 551:Middlewares/Third_Party/FreeRTOS/Source/CMSIS_RTOS/cmsis_os.c ****   ret.value.signals = 0;  
 817              		.loc 1 551 3 view .LVU173
 818              		.loc 1 551 21 is_stmt 0 view .LVU174
 819 000a 0023     		movs	r3, #0
 820 000c 0293     		str	r3, [sp, #8]
 552:Middlewares/Third_Party/FreeRTOS/Source/CMSIS_RTOS/cmsis_os.c ****   ticks = 0;
 821              		.loc 1 552 3 is_stmt 1 view .LVU175
 822              	.LVL55:
 553:Middlewares/Third_Party/FreeRTOS/Source/CMSIS_RTOS/cmsis_os.c ****   if (millisec == osWaitForever) {
 823              		.loc 1 553 3 view .LVU176
 554:Middlewares/Third_Party/FreeRTOS/Source/CMSIS_RTOS/cmsis_os.c ****     ticks = portMAX_DELAY;
 555:Middlewares/Third_Party/FreeRTOS/Source/CMSIS_RTOS/cmsis_os.c ****   }
 556:Middlewares/Third_Party/FreeRTOS/Source/CMSIS_RTOS/cmsis_os.c ****   else if (millisec != 0) {
 824              		.loc 1 556 8 view .LVU177
 557:Middlewares/Third_Party/FreeRTOS/Source/CMSIS_RTOS/cmsis_os.c ****     ticks = millisec / portTICK_PERIOD_MS;
 558:Middlewares/Third_Party/FreeRTOS/Source/CMSIS_RTOS/cmsis_os.c ****     if (ticks == 0) {
 559:Middlewares/Third_Party/FreeRTOS/Source/CMSIS_RTOS/cmsis_os.c ****       ticks = 1;
 560:Middlewares/Third_Party/FreeRTOS/Source/CMSIS_RTOS/cmsis_os.c ****     }
 561:Middlewares/Third_Party/FreeRTOS/Source/CMSIS_RTOS/cmsis_os.c ****   }  
 562:Middlewares/Third_Party/FreeRTOS/Source/CMSIS_RTOS/cmsis_os.c ****   
 563:Middlewares/Third_Party/FreeRTOS/Source/CMSIS_RTOS/cmsis_os.c ****   if (inHandlerMode())
 825              		.loc 1 563 3 view .LVU178
 826              		.loc 1 563 7 is_stmt 0 view .LVU179
 827 000e FFF7FEFF 		bl	inHandlerMode
 828              	.LVL56:
 829              		.loc 1 563 6 discriminator 1 view .LVU180
 830 0012 48B1     		cbz	r0, .L52
 564:Middlewares/Third_Party/FreeRTOS/Source/CMSIS_RTOS/cmsis_os.c ****   {
 565:Middlewares/Third_Party/FreeRTOS/Source/CMSIS_RTOS/cmsis_os.c ****     ret.status = osErrorISR;  /*Not allowed in ISR*/
 831              		.loc 1 565 5 is_stmt 1 view .LVU181
 832              		.loc 1 565 16 is_stmt 0 view .LVU182
 833 0014 8223     		movs	r3, #130
 834 0016 0193     		str	r3, [sp, #4]
ARM GAS  D:\software\msy64\tmp\ccX5RH3v.s 			page 29


 835              	.L53:
 566:Middlewares/Third_Party/FreeRTOS/Source/CMSIS_RTOS/cmsis_os.c ****   }
 567:Middlewares/Third_Party/FreeRTOS/Source/CMSIS_RTOS/cmsis_os.c ****   else
 568:Middlewares/Third_Party/FreeRTOS/Source/CMSIS_RTOS/cmsis_os.c ****   {
 569:Middlewares/Third_Party/FreeRTOS/Source/CMSIS_RTOS/cmsis_os.c ****     if(xTaskNotifyWait( 0,(uint32_t) signals, (uint32_t *)&ret.value.signals, ticks) != pdTRUE)
 570:Middlewares/Third_Party/FreeRTOS/Source/CMSIS_RTOS/cmsis_os.c ****     {
 571:Middlewares/Third_Party/FreeRTOS/Source/CMSIS_RTOS/cmsis_os.c ****       if(ticks == 0)  ret.status = osOK;
 572:Middlewares/Third_Party/FreeRTOS/Source/CMSIS_RTOS/cmsis_os.c ****       else  ret.status = osEventTimeout;
 573:Middlewares/Third_Party/FreeRTOS/Source/CMSIS_RTOS/cmsis_os.c ****     }
 574:Middlewares/Third_Party/FreeRTOS/Source/CMSIS_RTOS/cmsis_os.c ****     else if(ret.value.signals < 0)
 575:Middlewares/Third_Party/FreeRTOS/Source/CMSIS_RTOS/cmsis_os.c ****     {
 576:Middlewares/Third_Party/FreeRTOS/Source/CMSIS_RTOS/cmsis_os.c ****       ret.status =  osErrorValue;     
 577:Middlewares/Third_Party/FreeRTOS/Source/CMSIS_RTOS/cmsis_os.c ****     }
 578:Middlewares/Third_Party/FreeRTOS/Source/CMSIS_RTOS/cmsis_os.c ****     else  ret.status =  osEventSignal;
 579:Middlewares/Third_Party/FreeRTOS/Source/CMSIS_RTOS/cmsis_os.c ****   }
 580:Middlewares/Third_Party/FreeRTOS/Source/CMSIS_RTOS/cmsis_os.c **** #else
 581:Middlewares/Third_Party/FreeRTOS/Source/CMSIS_RTOS/cmsis_os.c ****   (void) signals;
 582:Middlewares/Third_Party/FreeRTOS/Source/CMSIS_RTOS/cmsis_os.c ****   (void) millisec;
 583:Middlewares/Third_Party/FreeRTOS/Source/CMSIS_RTOS/cmsis_os.c **** 	
 584:Middlewares/Third_Party/FreeRTOS/Source/CMSIS_RTOS/cmsis_os.c ****   ret.status =  osErrorOS;	/* Task Notification not supported */
 585:Middlewares/Third_Party/FreeRTOS/Source/CMSIS_RTOS/cmsis_os.c **** #endif
 586:Middlewares/Third_Party/FreeRTOS/Source/CMSIS_RTOS/cmsis_os.c ****   
 587:Middlewares/Third_Party/FreeRTOS/Source/CMSIS_RTOS/cmsis_os.c ****   return ret;
 836              		.loc 1 587 3 is_stmt 1 view .LVU183
 837              		.loc 1 587 10 is_stmt 0 view .LVU184
 838 0018 04AB     		add	r3, sp, #16
 839 001a 13E90700 		ldmdb	r3, {r0, r1, r2}
 840 001e 84E80700 		stm	r4, {r0, r1, r2}
 588:Middlewares/Third_Party/FreeRTOS/Source/CMSIS_RTOS/cmsis_os.c **** }
 841              		.loc 1 588 1 view .LVU185
 842 0022 2046     		mov	r0, r4
 843 0024 04B0     		add	sp, sp, #16
 844              	.LCFI18:
 845              		.cfi_remember_state
 846              		.cfi_def_cfa_offset 16
 847              		@ sp needed
 848 0026 70BD     		pop	{r4, r5, r6, pc}
 849              	.LVL57:
 850              	.L52:
 851              	.LCFI19:
 852              		.cfi_restore_state
 569:Middlewares/Third_Party/FreeRTOS/Source/CMSIS_RTOS/cmsis_os.c ****     {
 853              		.loc 1 569 5 is_stmt 1 view .LVU186
 569:Middlewares/Third_Party/FreeRTOS/Source/CMSIS_RTOS/cmsis_os.c ****     {
 854              		.loc 1 569 8 is_stmt 0 view .LVU187
 855 0028 2B46     		mov	r3, r5
 856 002a 02AA     		add	r2, sp, #8
 857 002c 3146     		mov	r1, r6
 858 002e 0020     		movs	r0, #0
 859 0030 FFF7FEFF 		bl	xTaskNotifyWait
 860              	.LVL58:
 569:Middlewares/Third_Party/FreeRTOS/Source/CMSIS_RTOS/cmsis_os.c ****     {
 861              		.loc 1 569 7 discriminator 1 view .LVU188
 862 0034 0128     		cmp	r0, #1
 863 0036 06D0     		beq	.L54
 571:Middlewares/Third_Party/FreeRTOS/Source/CMSIS_RTOS/cmsis_os.c ****       else  ret.status = osEventTimeout;
 864              		.loc 1 571 7 is_stmt 1 view .LVU189
ARM GAS  D:\software\msy64\tmp\ccX5RH3v.s 			page 30


 571:Middlewares/Third_Party/FreeRTOS/Source/CMSIS_RTOS/cmsis_os.c ****       else  ret.status = osEventTimeout;
 865              		.loc 1 571 9 is_stmt 0 view .LVU190
 866 0038 15B9     		cbnz	r5, .L55
 571:Middlewares/Third_Party/FreeRTOS/Source/CMSIS_RTOS/cmsis_os.c ****       else  ret.status = osEventTimeout;
 867              		.loc 1 571 23 is_stmt 1 discriminator 1 view .LVU191
 571:Middlewares/Third_Party/FreeRTOS/Source/CMSIS_RTOS/cmsis_os.c ****       else  ret.status = osEventTimeout;
 868              		.loc 1 571 34 is_stmt 0 discriminator 1 view .LVU192
 869 003a 0023     		movs	r3, #0
 870 003c 0193     		str	r3, [sp, #4]
 871 003e EBE7     		b	.L53
 872              	.L55:
 572:Middlewares/Third_Party/FreeRTOS/Source/CMSIS_RTOS/cmsis_os.c ****     }
 873              		.loc 1 572 13 is_stmt 1 view .LVU193
 572:Middlewares/Third_Party/FreeRTOS/Source/CMSIS_RTOS/cmsis_os.c ****     }
 874              		.loc 1 572 24 is_stmt 0 view .LVU194
 875 0040 4023     		movs	r3, #64
 876 0042 0193     		str	r3, [sp, #4]
 877 0044 E8E7     		b	.L53
 878              	.L54:
 574:Middlewares/Third_Party/FreeRTOS/Source/CMSIS_RTOS/cmsis_os.c ****     {
 879              		.loc 1 574 10 is_stmt 1 view .LVU195
 574:Middlewares/Third_Party/FreeRTOS/Source/CMSIS_RTOS/cmsis_os.c ****     {
 880              		.loc 1 574 22 is_stmt 0 view .LVU196
 881 0046 029B     		ldr	r3, [sp, #8]
 574:Middlewares/Third_Party/FreeRTOS/Source/CMSIS_RTOS/cmsis_os.c ****     {
 882              		.loc 1 574 12 view .LVU197
 883 0048 002B     		cmp	r3, #0
 884 004a 02DB     		blt	.L58
 578:Middlewares/Third_Party/FreeRTOS/Source/CMSIS_RTOS/cmsis_os.c ****   }
 885              		.loc 1 578 11 is_stmt 1 view .LVU198
 578:Middlewares/Third_Party/FreeRTOS/Source/CMSIS_RTOS/cmsis_os.c ****   }
 886              		.loc 1 578 22 is_stmt 0 view .LVU199
 887 004c 0823     		movs	r3, #8
 888 004e 0193     		str	r3, [sp, #4]
 889 0050 E2E7     		b	.L53
 890              	.L58:
 576:Middlewares/Third_Party/FreeRTOS/Source/CMSIS_RTOS/cmsis_os.c ****     }
 891              		.loc 1 576 7 is_stmt 1 view .LVU200
 576:Middlewares/Third_Party/FreeRTOS/Source/CMSIS_RTOS/cmsis_os.c ****     }
 892              		.loc 1 576 18 is_stmt 0 view .LVU201
 893 0052 8623     		movs	r3, #134
 894 0054 0193     		str	r3, [sp, #4]
 895 0056 DFE7     		b	.L53
 896              		.cfi_endproc
 897              	.LFE67:
 899              		.section	.text.osMutexCreate,"ax",%progbits
 900              		.align	1
 901              		.global	osMutexCreate
 902              		.syntax unified
 903              		.thumb
 904              		.thumb_func
 906              	osMutexCreate:
 907              	.LVL59:
 908              	.LFB68:
 589:Middlewares/Third_Party/FreeRTOS/Source/CMSIS_RTOS/cmsis_os.c **** 
 590:Middlewares/Third_Party/FreeRTOS/Source/CMSIS_RTOS/cmsis_os.c **** /****************************  Mutex Management ********************************/
 591:Middlewares/Third_Party/FreeRTOS/Source/CMSIS_RTOS/cmsis_os.c **** /**
ARM GAS  D:\software\msy64\tmp\ccX5RH3v.s 			page 31


 592:Middlewares/Third_Party/FreeRTOS/Source/CMSIS_RTOS/cmsis_os.c **** * @brief  Create and Initialize a Mutex object
 593:Middlewares/Third_Party/FreeRTOS/Source/CMSIS_RTOS/cmsis_os.c **** * @param  mutex_def     mutex definition referenced with \ref osMutex.
 594:Middlewares/Third_Party/FreeRTOS/Source/CMSIS_RTOS/cmsis_os.c **** * @retval  mutex ID for reference by other functions or NULL in case of error.
 595:Middlewares/Third_Party/FreeRTOS/Source/CMSIS_RTOS/cmsis_os.c **** * @note   MUST REMAIN UNCHANGED: \b osMutexCreate shall be consistent in every CMSIS-RTOS.
 596:Middlewares/Third_Party/FreeRTOS/Source/CMSIS_RTOS/cmsis_os.c **** */
 597:Middlewares/Third_Party/FreeRTOS/Source/CMSIS_RTOS/cmsis_os.c **** osMutexId osMutexCreate (const osMutexDef_t *mutex_def)
 598:Middlewares/Third_Party/FreeRTOS/Source/CMSIS_RTOS/cmsis_os.c **** {
 909              		.loc 1 598 1 is_stmt 1 view -0
 910              		.cfi_startproc
 911              		@ args = 0, pretend = 0, frame = 0
 912              		@ frame_needed = 0, uses_anonymous_args = 0
 913              		.loc 1 598 1 is_stmt 0 view .LVU203
 914 0000 08B5     		push	{r3, lr}
 915              	.LCFI20:
 916              		.cfi_def_cfa_offset 8
 917              		.cfi_offset 3, -8
 918              		.cfi_offset 14, -4
 599:Middlewares/Third_Party/FreeRTOS/Source/CMSIS_RTOS/cmsis_os.c **** #if ( configUSE_MUTEXES == 1)
 600:Middlewares/Third_Party/FreeRTOS/Source/CMSIS_RTOS/cmsis_os.c **** 
 601:Middlewares/Third_Party/FreeRTOS/Source/CMSIS_RTOS/cmsis_os.c **** #if( configSUPPORT_STATIC_ALLOCATION == 1 ) && ( configSUPPORT_DYNAMIC_ALLOCATION == 1 )
 602:Middlewares/Third_Party/FreeRTOS/Source/CMSIS_RTOS/cmsis_os.c **** 
 603:Middlewares/Third_Party/FreeRTOS/Source/CMSIS_RTOS/cmsis_os.c ****   if (mutex_def->controlblock != NULL) {
 919              		.loc 1 603 3 is_stmt 1 view .LVU204
 920              		.loc 1 603 16 is_stmt 0 view .LVU205
 921 0002 4168     		ldr	r1, [r0, #4]
 922              		.loc 1 603 6 view .LVU206
 923 0004 19B1     		cbz	r1, .L60
 604:Middlewares/Third_Party/FreeRTOS/Source/CMSIS_RTOS/cmsis_os.c ****     return xSemaphoreCreateMutexStatic( mutex_def->controlblock );
 924              		.loc 1 604 5 is_stmt 1 view .LVU207
 925              		.loc 1 604 12 is_stmt 0 view .LVU208
 926 0006 0120     		movs	r0, #1
 927              	.LVL60:
 928              		.loc 1 604 12 view .LVU209
 929 0008 FFF7FEFF 		bl	xQueueCreateMutexStatic
 930              	.LVL61:
 931              	.L59:
 605:Middlewares/Third_Party/FreeRTOS/Source/CMSIS_RTOS/cmsis_os.c ****      }
 606:Middlewares/Third_Party/FreeRTOS/Source/CMSIS_RTOS/cmsis_os.c ****   else {
 607:Middlewares/Third_Party/FreeRTOS/Source/CMSIS_RTOS/cmsis_os.c ****     return xSemaphoreCreateMutex(); 
 608:Middlewares/Third_Party/FreeRTOS/Source/CMSIS_RTOS/cmsis_os.c ****   }
 609:Middlewares/Third_Party/FreeRTOS/Source/CMSIS_RTOS/cmsis_os.c **** #elif ( configSUPPORT_STATIC_ALLOCATION == 1 )
 610:Middlewares/Third_Party/FreeRTOS/Source/CMSIS_RTOS/cmsis_os.c ****   return xSemaphoreCreateMutexStatic( mutex_def->controlblock );
 611:Middlewares/Third_Party/FreeRTOS/Source/CMSIS_RTOS/cmsis_os.c **** #else  
 612:Middlewares/Third_Party/FreeRTOS/Source/CMSIS_RTOS/cmsis_os.c ****     return xSemaphoreCreateMutex(); 
 613:Middlewares/Third_Party/FreeRTOS/Source/CMSIS_RTOS/cmsis_os.c **** #endif
 614:Middlewares/Third_Party/FreeRTOS/Source/CMSIS_RTOS/cmsis_os.c **** #else
 615:Middlewares/Third_Party/FreeRTOS/Source/CMSIS_RTOS/cmsis_os.c ****   return NULL;
 616:Middlewares/Third_Party/FreeRTOS/Source/CMSIS_RTOS/cmsis_os.c **** #endif
 617:Middlewares/Third_Party/FreeRTOS/Source/CMSIS_RTOS/cmsis_os.c **** }
 932              		.loc 1 617 1 view .LVU210
 933 000c 08BD     		pop	{r3, pc}
 934              	.LVL62:
 935              	.L60:
 607:Middlewares/Third_Party/FreeRTOS/Source/CMSIS_RTOS/cmsis_os.c ****   }
 936              		.loc 1 607 5 is_stmt 1 view .LVU211
 607:Middlewares/Third_Party/FreeRTOS/Source/CMSIS_RTOS/cmsis_os.c ****   }
 937              		.loc 1 607 12 is_stmt 0 view .LVU212
ARM GAS  D:\software\msy64\tmp\ccX5RH3v.s 			page 32


 938 000e 0120     		movs	r0, #1
 939              	.LVL63:
 607:Middlewares/Third_Party/FreeRTOS/Source/CMSIS_RTOS/cmsis_os.c ****   }
 940              		.loc 1 607 12 view .LVU213
 941 0010 FFF7FEFF 		bl	xQueueCreateMutex
 942              	.LVL64:
 943 0014 FAE7     		b	.L59
 944              		.cfi_endproc
 945              	.LFE68:
 947              		.section	.text.osMutexWait,"ax",%progbits
 948              		.align	1
 949              		.global	osMutexWait
 950              		.syntax unified
 951              		.thumb
 952              		.thumb_func
 954              	osMutexWait:
 955              	.LVL65:
 956              	.LFB69:
 618:Middlewares/Third_Party/FreeRTOS/Source/CMSIS_RTOS/cmsis_os.c **** 
 619:Middlewares/Third_Party/FreeRTOS/Source/CMSIS_RTOS/cmsis_os.c **** /**
 620:Middlewares/Third_Party/FreeRTOS/Source/CMSIS_RTOS/cmsis_os.c **** * @brief Wait until a Mutex becomes available
 621:Middlewares/Third_Party/FreeRTOS/Source/CMSIS_RTOS/cmsis_os.c **** * @param mutex_id      mutex ID obtained by \ref osMutexCreate.
 622:Middlewares/Third_Party/FreeRTOS/Source/CMSIS_RTOS/cmsis_os.c **** * @param millisec      timeout value or 0 in case of no time-out.
 623:Middlewares/Third_Party/FreeRTOS/Source/CMSIS_RTOS/cmsis_os.c **** * @retval  status code that indicates the execution status of the function.
 624:Middlewares/Third_Party/FreeRTOS/Source/CMSIS_RTOS/cmsis_os.c **** * @note   MUST REMAIN UNCHANGED: \b osMutexWait shall be consistent in every CMSIS-RTOS.
 625:Middlewares/Third_Party/FreeRTOS/Source/CMSIS_RTOS/cmsis_os.c **** */
 626:Middlewares/Third_Party/FreeRTOS/Source/CMSIS_RTOS/cmsis_os.c **** osStatus osMutexWait (osMutexId mutex_id, uint32_t millisec)
 627:Middlewares/Third_Party/FreeRTOS/Source/CMSIS_RTOS/cmsis_os.c **** {
 957              		.loc 1 627 1 is_stmt 1 view -0
 958              		.cfi_startproc
 959              		@ args = 0, pretend = 0, frame = 8
 960              		@ frame_needed = 0, uses_anonymous_args = 0
 961              		.loc 1 627 1 is_stmt 0 view .LVU215
 962 0000 30B5     		push	{r4, r5, lr}
 963              	.LCFI21:
 964              		.cfi_def_cfa_offset 12
 965              		.cfi_offset 4, -12
 966              		.cfi_offset 5, -8
 967              		.cfi_offset 14, -4
 968 0002 83B0     		sub	sp, sp, #12
 969              	.LCFI22:
 970              		.cfi_def_cfa_offset 24
 628:Middlewares/Third_Party/FreeRTOS/Source/CMSIS_RTOS/cmsis_os.c ****   TickType_t ticks;
 971              		.loc 1 628 3 is_stmt 1 view .LVU216
 629:Middlewares/Third_Party/FreeRTOS/Source/CMSIS_RTOS/cmsis_os.c ****   portBASE_TYPE taskWoken = pdFALSE;  
 972              		.loc 1 629 3 view .LVU217
 973              		.loc 1 629 17 is_stmt 0 view .LVU218
 974 0004 0023     		movs	r3, #0
 975 0006 0193     		str	r3, [sp, #4]
 630:Middlewares/Third_Party/FreeRTOS/Source/CMSIS_RTOS/cmsis_os.c ****   
 631:Middlewares/Third_Party/FreeRTOS/Source/CMSIS_RTOS/cmsis_os.c ****   
 632:Middlewares/Third_Party/FreeRTOS/Source/CMSIS_RTOS/cmsis_os.c ****   if (mutex_id == NULL) {
 976              		.loc 1 632 3 is_stmt 1 view .LVU219
 977              		.loc 1 632 6 is_stmt 0 view .LVU220
 978 0008 10B3     		cbz	r0, .L66
 979 000a 0C46     		mov	r4, r1
 980 000c 0546     		mov	r5, r0
ARM GAS  D:\software\msy64\tmp\ccX5RH3v.s 			page 33


 633:Middlewares/Third_Party/FreeRTOS/Source/CMSIS_RTOS/cmsis_os.c ****     return osErrorParameter;
 634:Middlewares/Third_Party/FreeRTOS/Source/CMSIS_RTOS/cmsis_os.c ****   }
 635:Middlewares/Third_Party/FreeRTOS/Source/CMSIS_RTOS/cmsis_os.c ****   
 636:Middlewares/Third_Party/FreeRTOS/Source/CMSIS_RTOS/cmsis_os.c ****   ticks = 0;
 981              		.loc 1 636 3 is_stmt 1 view .LVU221
 982              	.LVL66:
 637:Middlewares/Third_Party/FreeRTOS/Source/CMSIS_RTOS/cmsis_os.c ****   if (millisec == osWaitForever) {
 983              		.loc 1 637 3 view .LVU222
 638:Middlewares/Third_Party/FreeRTOS/Source/CMSIS_RTOS/cmsis_os.c ****     ticks = portMAX_DELAY;
 639:Middlewares/Third_Party/FreeRTOS/Source/CMSIS_RTOS/cmsis_os.c ****   }
 640:Middlewares/Third_Party/FreeRTOS/Source/CMSIS_RTOS/cmsis_os.c ****   else if (millisec != 0) {
 984              		.loc 1 640 8 view .LVU223
 641:Middlewares/Third_Party/FreeRTOS/Source/CMSIS_RTOS/cmsis_os.c ****     ticks = millisec / portTICK_PERIOD_MS;
 642:Middlewares/Third_Party/FreeRTOS/Source/CMSIS_RTOS/cmsis_os.c ****     if (ticks == 0) {
 643:Middlewares/Third_Party/FreeRTOS/Source/CMSIS_RTOS/cmsis_os.c ****       ticks = 1;
 644:Middlewares/Third_Party/FreeRTOS/Source/CMSIS_RTOS/cmsis_os.c ****     }
 645:Middlewares/Third_Party/FreeRTOS/Source/CMSIS_RTOS/cmsis_os.c ****   }
 646:Middlewares/Third_Party/FreeRTOS/Source/CMSIS_RTOS/cmsis_os.c ****   
 647:Middlewares/Third_Party/FreeRTOS/Source/CMSIS_RTOS/cmsis_os.c ****   if (inHandlerMode()) {
 985              		.loc 1 647 3 view .LVU224
 986              		.loc 1 647 7 is_stmt 0 view .LVU225
 987 000e FFF7FEFF 		bl	inHandlerMode
 988              	.LVL67:
 989              		.loc 1 647 6 discriminator 1 view .LVU226
 990 0012 A0B1     		cbz	r0, .L65
 648:Middlewares/Third_Party/FreeRTOS/Source/CMSIS_RTOS/cmsis_os.c ****     if (xSemaphoreTakeFromISR(mutex_id, &taskWoken) != pdTRUE) {
 991              		.loc 1 648 5 is_stmt 1 view .LVU227
 992              		.loc 1 648 9 is_stmt 0 view .LVU228
 993 0014 01AA     		add	r2, sp, #4
 994 0016 0021     		movs	r1, #0
 995 0018 2846     		mov	r0, r5
 996 001a FFF7FEFF 		bl	xQueueReceiveFromISR
 997              	.LVL68:
 998              		.loc 1 648 8 discriminator 1 view .LVU229
 999 001e 0128     		cmp	r0, #1
 1000 0020 18D1     		bne	.L67
 649:Middlewares/Third_Party/FreeRTOS/Source/CMSIS_RTOS/cmsis_os.c ****       return osErrorOS;
 650:Middlewares/Third_Party/FreeRTOS/Source/CMSIS_RTOS/cmsis_os.c ****     }
 651:Middlewares/Third_Party/FreeRTOS/Source/CMSIS_RTOS/cmsis_os.c **** 	portEND_SWITCHING_ISR(taskWoken);
 1001              		.loc 1 651 2 is_stmt 1 view .LVU230
 1002 0022 019B     		ldr	r3, [sp, #4]
 1003 0024 C3B1     		cbz	r3, .L68
 1004              		.loc 1 651 2 discriminator 1 view .LVU231
 1005 0026 4FF0E023 		mov	r3, #-536813568
 1006 002a 4FF08052 		mov	r2, #268435456
 1007 002e C3F8042D 		str	r2, [r3, #3332]
 1008              		.loc 1 651 2 discriminator 1 view .LVU232
 1009              		.syntax unified
 1010              	@ 651 "Middlewares/Third_Party/FreeRTOS/Source/CMSIS_RTOS/cmsis_os.c" 1
 1011 0032 BFF34F8F 		dsb
 1012              	@ 0 "" 2
 1013              		.loc 1 651 2 discriminator 1 view .LVU233
 1014              	@ 651 "Middlewares/Third_Party/FreeRTOS/Source/CMSIS_RTOS/cmsis_os.c" 1
 1015 0036 BFF36F8F 		isb
 1016              	@ 0 "" 2
 652:Middlewares/Third_Party/FreeRTOS/Source/CMSIS_RTOS/cmsis_os.c ****   } 
 653:Middlewares/Third_Party/FreeRTOS/Source/CMSIS_RTOS/cmsis_os.c ****   else if (xSemaphoreTake(mutex_id, ticks) != pdTRUE) {
ARM GAS  D:\software\msy64\tmp\ccX5RH3v.s 			page 34


 654:Middlewares/Third_Party/FreeRTOS/Source/CMSIS_RTOS/cmsis_os.c ****     return osErrorOS;
 655:Middlewares/Third_Party/FreeRTOS/Source/CMSIS_RTOS/cmsis_os.c ****   }
 656:Middlewares/Third_Party/FreeRTOS/Source/CMSIS_RTOS/cmsis_os.c ****   
 657:Middlewares/Third_Party/FreeRTOS/Source/CMSIS_RTOS/cmsis_os.c ****   return osOK;
 1017              		.loc 1 657 10 is_stmt 0 view .LVU234
 1018              		.thumb
 1019              		.syntax unified
 1020 003a 0020     		movs	r0, #0
 1021 003c 06E0     		b	.L63
 1022              	.L65:
 653:Middlewares/Third_Party/FreeRTOS/Source/CMSIS_RTOS/cmsis_os.c ****     return osErrorOS;
 1023              		.loc 1 653 8 is_stmt 1 view .LVU235
 653:Middlewares/Third_Party/FreeRTOS/Source/CMSIS_RTOS/cmsis_os.c ****     return osErrorOS;
 1024              		.loc 1 653 12 is_stmt 0 view .LVU236
 1025 003e 2146     		mov	r1, r4
 1026 0040 2846     		mov	r0, r5
 1027 0042 FFF7FEFF 		bl	xQueueSemaphoreTake
 1028              	.LVL69:
 653:Middlewares/Third_Party/FreeRTOS/Source/CMSIS_RTOS/cmsis_os.c ****     return osErrorOS;
 1029              		.loc 1 653 11 discriminator 1 view .LVU237
 1030 0046 0128     		cmp	r0, #1
 1031 0048 08D1     		bne	.L69
 1032              		.loc 1 657 10 view .LVU238
 1033 004a 0020     		movs	r0, #0
 1034              	.LVL70:
 1035              	.L63:
 658:Middlewares/Third_Party/FreeRTOS/Source/CMSIS_RTOS/cmsis_os.c **** }
 1036              		.loc 1 658 1 view .LVU239
 1037 004c 03B0     		add	sp, sp, #12
 1038              	.LCFI23:
 1039              		.cfi_remember_state
 1040              		.cfi_def_cfa_offset 12
 1041              		@ sp needed
 1042 004e 30BD     		pop	{r4, r5, pc}
 1043              	.LVL71:
 1044              	.L66:
 1045              	.LCFI24:
 1046              		.cfi_restore_state
 633:Middlewares/Third_Party/FreeRTOS/Source/CMSIS_RTOS/cmsis_os.c ****   }
 1047              		.loc 1 633 12 view .LVU240
 1048 0050 8020     		movs	r0, #128
 1049              	.LVL72:
 633:Middlewares/Third_Party/FreeRTOS/Source/CMSIS_RTOS/cmsis_os.c ****   }
 1050              		.loc 1 633 12 view .LVU241
 1051 0052 FBE7     		b	.L63
 1052              	.LVL73:
 1053              	.L67:
 649:Middlewares/Third_Party/FreeRTOS/Source/CMSIS_RTOS/cmsis_os.c ****     }
 1054              		.loc 1 649 14 view .LVU242
 1055 0054 FF20     		movs	r0, #255
 1056 0056 F9E7     		b	.L63
 1057              	.L68:
 657:Middlewares/Third_Party/FreeRTOS/Source/CMSIS_RTOS/cmsis_os.c **** }
 1058              		.loc 1 657 10 view .LVU243
 1059 0058 0020     		movs	r0, #0
 1060 005a F7E7     		b	.L63
 1061              	.L69:
ARM GAS  D:\software\msy64\tmp\ccX5RH3v.s 			page 35


 654:Middlewares/Third_Party/FreeRTOS/Source/CMSIS_RTOS/cmsis_os.c ****   }
 1062              		.loc 1 654 12 view .LVU244
 1063 005c FF20     		movs	r0, #255
 1064 005e F5E7     		b	.L63
 1065              		.cfi_endproc
 1066              	.LFE69:
 1068              		.section	.text.osMutexRelease,"ax",%progbits
 1069              		.align	1
 1070              		.global	osMutexRelease
 1071              		.syntax unified
 1072              		.thumb
 1073              		.thumb_func
 1075              	osMutexRelease:
 1076              	.LVL74:
 1077              	.LFB70:
 659:Middlewares/Third_Party/FreeRTOS/Source/CMSIS_RTOS/cmsis_os.c **** 
 660:Middlewares/Third_Party/FreeRTOS/Source/CMSIS_RTOS/cmsis_os.c **** /**
 661:Middlewares/Third_Party/FreeRTOS/Source/CMSIS_RTOS/cmsis_os.c **** * @brief Release a Mutex that was obtained by \ref osMutexWait
 662:Middlewares/Third_Party/FreeRTOS/Source/CMSIS_RTOS/cmsis_os.c **** * @param mutex_id      mutex ID obtained by \ref osMutexCreate.
 663:Middlewares/Third_Party/FreeRTOS/Source/CMSIS_RTOS/cmsis_os.c **** * @retval  status code that indicates the execution status of the function.
 664:Middlewares/Third_Party/FreeRTOS/Source/CMSIS_RTOS/cmsis_os.c **** * @note   MUST REMAIN UNCHANGED: \b osMutexRelease shall be consistent in every CMSIS-RTOS.
 665:Middlewares/Third_Party/FreeRTOS/Source/CMSIS_RTOS/cmsis_os.c **** */
 666:Middlewares/Third_Party/FreeRTOS/Source/CMSIS_RTOS/cmsis_os.c **** osStatus osMutexRelease (osMutexId mutex_id)
 667:Middlewares/Third_Party/FreeRTOS/Source/CMSIS_RTOS/cmsis_os.c **** {
 1078              		.loc 1 667 1 is_stmt 1 view -0
 1079              		.cfi_startproc
 1080              		@ args = 0, pretend = 0, frame = 8
 1081              		@ frame_needed = 0, uses_anonymous_args = 0
 1082              		.loc 1 667 1 is_stmt 0 view .LVU246
 1083 0000 10B5     		push	{r4, lr}
 1084              	.LCFI25:
 1085              		.cfi_def_cfa_offset 8
 1086              		.cfi_offset 4, -8
 1087              		.cfi_offset 14, -4
 1088 0002 82B0     		sub	sp, sp, #8
 1089              	.LCFI26:
 1090              		.cfi_def_cfa_offset 16
 1091 0004 0446     		mov	r4, r0
 668:Middlewares/Third_Party/FreeRTOS/Source/CMSIS_RTOS/cmsis_os.c ****   osStatus result = osOK;
 1092              		.loc 1 668 3 is_stmt 1 view .LVU247
 1093              	.LVL75:
 669:Middlewares/Third_Party/FreeRTOS/Source/CMSIS_RTOS/cmsis_os.c ****   portBASE_TYPE taskWoken = pdFALSE;
 1094              		.loc 1 669 3 view .LVU248
 1095              		.loc 1 669 17 is_stmt 0 view .LVU249
 1096 0006 0023     		movs	r3, #0
 1097 0008 0193     		str	r3, [sp, #4]
 670:Middlewares/Third_Party/FreeRTOS/Source/CMSIS_RTOS/cmsis_os.c ****   
 671:Middlewares/Third_Party/FreeRTOS/Source/CMSIS_RTOS/cmsis_os.c ****   if (inHandlerMode()) {
 1098              		.loc 1 671 3 is_stmt 1 view .LVU250
 1099              		.loc 1 671 7 is_stmt 0 view .LVU251
 1100 000a FFF7FEFF 		bl	inHandlerMode
 1101              	.LVL76:
 1102              		.loc 1 671 6 discriminator 1 view .LVU252
 1103 000e 98B1     		cbz	r0, .L72
 672:Middlewares/Third_Party/FreeRTOS/Source/CMSIS_RTOS/cmsis_os.c ****     if (xSemaphoreGiveFromISR(mutex_id, &taskWoken) != pdTRUE) {
 1104              		.loc 1 672 5 is_stmt 1 view .LVU253
 1105              		.loc 1 672 9 is_stmt 0 view .LVU254
ARM GAS  D:\software\msy64\tmp\ccX5RH3v.s 			page 36


 1106 0010 01A9     		add	r1, sp, #4
 1107 0012 2046     		mov	r0, r4
 1108 0014 FFF7FEFF 		bl	xQueueGiveFromISR
 1109              	.LVL77:
 1110              		.loc 1 672 8 discriminator 1 view .LVU255
 1111 0018 0128     		cmp	r0, #1
 1112 001a 1AD1     		bne	.L74
 673:Middlewares/Third_Party/FreeRTOS/Source/CMSIS_RTOS/cmsis_os.c ****       return osErrorOS;
 674:Middlewares/Third_Party/FreeRTOS/Source/CMSIS_RTOS/cmsis_os.c ****     }
 675:Middlewares/Third_Party/FreeRTOS/Source/CMSIS_RTOS/cmsis_os.c ****     portEND_SWITCHING_ISR(taskWoken);
 1113              		.loc 1 675 5 is_stmt 1 view .LVU256
 1114 001c 019B     		ldr	r3, [sp, #4]
 1115 001e D3B1     		cbz	r3, .L75
 1116              		.loc 1 675 5 discriminator 1 view .LVU257
 1117 0020 4FF0E023 		mov	r3, #-536813568
 1118 0024 4FF08052 		mov	r2, #268435456
 1119 0028 C3F8042D 		str	r2, [r3, #3332]
 1120              		.loc 1 675 5 discriminator 1 view .LVU258
 1121              		.syntax unified
 1122              	@ 675 "Middlewares/Third_Party/FreeRTOS/Source/CMSIS_RTOS/cmsis_os.c" 1
 1123 002c BFF34F8F 		dsb
 1124              	@ 0 "" 2
 1125              		.loc 1 675 5 discriminator 1 view .LVU259
 1126              	@ 675 "Middlewares/Third_Party/FreeRTOS/Source/CMSIS_RTOS/cmsis_os.c" 1
 1127 0030 BFF36F8F 		isb
 1128              	@ 0 "" 2
 668:Middlewares/Third_Party/FreeRTOS/Source/CMSIS_RTOS/cmsis_os.c ****   portBASE_TYPE taskWoken = pdFALSE;
 1129              		.loc 1 668 12 is_stmt 0 view .LVU260
 1130              		.thumb
 1131              		.syntax unified
 1132 0034 0020     		movs	r0, #0
 1133 0036 08E0     		b	.L71
 1134              	.L72:
 676:Middlewares/Third_Party/FreeRTOS/Source/CMSIS_RTOS/cmsis_os.c ****   }
 677:Middlewares/Third_Party/FreeRTOS/Source/CMSIS_RTOS/cmsis_os.c ****   else if (xSemaphoreGive(mutex_id) != pdTRUE) 
 1135              		.loc 1 677 8 is_stmt 1 view .LVU261
 1136              		.loc 1 677 12 is_stmt 0 view .LVU262
 1137 0038 0023     		movs	r3, #0
 1138 003a 1A46     		mov	r2, r3
 1139 003c 1946     		mov	r1, r3
 1140 003e 2046     		mov	r0, r4
 1141 0040 FFF7FEFF 		bl	xQueueGenericSend
 1142              	.LVL78:
 1143              		.loc 1 677 11 discriminator 1 view .LVU263
 1144 0044 0128     		cmp	r0, #1
 1145 0046 02D0     		beq	.L78
 678:Middlewares/Third_Party/FreeRTOS/Source/CMSIS_RTOS/cmsis_os.c ****   {
 679:Middlewares/Third_Party/FreeRTOS/Source/CMSIS_RTOS/cmsis_os.c ****     result = osErrorOS;
 1146              		.loc 1 679 12 view .LVU264
 1147 0048 FF20     		movs	r0, #255
 1148              	.LVL79:
 1149              	.L71:
 680:Middlewares/Third_Party/FreeRTOS/Source/CMSIS_RTOS/cmsis_os.c ****   }
 681:Middlewares/Third_Party/FreeRTOS/Source/CMSIS_RTOS/cmsis_os.c ****   return result;
 682:Middlewares/Third_Party/FreeRTOS/Source/CMSIS_RTOS/cmsis_os.c **** }
 1150              		.loc 1 682 1 view .LVU265
 1151 004a 02B0     		add	sp, sp, #8
ARM GAS  D:\software\msy64\tmp\ccX5RH3v.s 			page 37


 1152              	.LCFI27:
 1153              		.cfi_remember_state
 1154              		.cfi_def_cfa_offset 8
 1155              		@ sp needed
 1156 004c 10BD     		pop	{r4, pc}
 1157              	.LVL80:
 1158              	.L78:
 1159              	.LCFI28:
 1160              		.cfi_restore_state
 668:Middlewares/Third_Party/FreeRTOS/Source/CMSIS_RTOS/cmsis_os.c ****   portBASE_TYPE taskWoken = pdFALSE;
 1161              		.loc 1 668 12 view .LVU266
 1162 004e 0020     		movs	r0, #0
 1163 0050 FBE7     		b	.L71
 1164              	.L74:
 673:Middlewares/Third_Party/FreeRTOS/Source/CMSIS_RTOS/cmsis_os.c ****     }
 1165              		.loc 1 673 14 view .LVU267
 1166 0052 FF20     		movs	r0, #255
 1167 0054 F9E7     		b	.L71
 1168              	.L75:
 668:Middlewares/Third_Party/FreeRTOS/Source/CMSIS_RTOS/cmsis_os.c ****   portBASE_TYPE taskWoken = pdFALSE;
 1169              		.loc 1 668 12 view .LVU268
 1170 0056 0020     		movs	r0, #0
 1171 0058 F7E7     		b	.L71
 1172              		.cfi_endproc
 1173              	.LFE70:
 1175              		.section	.text.osMutexDelete,"ax",%progbits
 1176              		.align	1
 1177              		.global	osMutexDelete
 1178              		.syntax unified
 1179              		.thumb
 1180              		.thumb_func
 1182              	osMutexDelete:
 1183              	.LVL81:
 1184              	.LFB71:
 683:Middlewares/Third_Party/FreeRTOS/Source/CMSIS_RTOS/cmsis_os.c **** 
 684:Middlewares/Third_Party/FreeRTOS/Source/CMSIS_RTOS/cmsis_os.c **** /**
 685:Middlewares/Third_Party/FreeRTOS/Source/CMSIS_RTOS/cmsis_os.c **** * @brief Delete a Mutex
 686:Middlewares/Third_Party/FreeRTOS/Source/CMSIS_RTOS/cmsis_os.c **** * @param mutex_id  mutex ID obtained by \ref osMutexCreate.
 687:Middlewares/Third_Party/FreeRTOS/Source/CMSIS_RTOS/cmsis_os.c **** * @retval  status code that indicates the execution status of the function.
 688:Middlewares/Third_Party/FreeRTOS/Source/CMSIS_RTOS/cmsis_os.c **** * @note   MUST REMAIN UNCHANGED: \b osMutexDelete shall be consistent in every CMSIS-RTOS.
 689:Middlewares/Third_Party/FreeRTOS/Source/CMSIS_RTOS/cmsis_os.c **** */
 690:Middlewares/Third_Party/FreeRTOS/Source/CMSIS_RTOS/cmsis_os.c **** osStatus osMutexDelete (osMutexId mutex_id)
 691:Middlewares/Third_Party/FreeRTOS/Source/CMSIS_RTOS/cmsis_os.c **** {
 1185              		.loc 1 691 1 is_stmt 1 view -0
 1186              		.cfi_startproc
 1187              		@ args = 0, pretend = 0, frame = 0
 1188              		@ frame_needed = 0, uses_anonymous_args = 0
 1189              		.loc 1 691 1 is_stmt 0 view .LVU270
 1190 0000 10B5     		push	{r4, lr}
 1191              	.LCFI29:
 1192              		.cfi_def_cfa_offset 8
 1193              		.cfi_offset 4, -8
 1194              		.cfi_offset 14, -4
 1195 0002 0446     		mov	r4, r0
 692:Middlewares/Third_Party/FreeRTOS/Source/CMSIS_RTOS/cmsis_os.c ****   if (inHandlerMode()) {
 1196              		.loc 1 692 3 is_stmt 1 view .LVU271
 1197              		.loc 1 692 7 is_stmt 0 view .LVU272
ARM GAS  D:\software\msy64\tmp\ccX5RH3v.s 			page 38


 1198 0004 FFF7FEFF 		bl	inHandlerMode
 1199              	.LVL82:
 1200              		.loc 1 692 6 discriminator 1 view .LVU273
 1201 0008 20B9     		cbnz	r0, .L81
 693:Middlewares/Third_Party/FreeRTOS/Source/CMSIS_RTOS/cmsis_os.c ****     return osErrorISR;
 694:Middlewares/Third_Party/FreeRTOS/Source/CMSIS_RTOS/cmsis_os.c ****   }
 695:Middlewares/Third_Party/FreeRTOS/Source/CMSIS_RTOS/cmsis_os.c **** 
 696:Middlewares/Third_Party/FreeRTOS/Source/CMSIS_RTOS/cmsis_os.c ****   vQueueDelete(mutex_id);
 1202              		.loc 1 696 3 is_stmt 1 view .LVU274
 1203 000a 2046     		mov	r0, r4
 1204 000c FFF7FEFF 		bl	vQueueDelete
 1205              	.LVL83:
 697:Middlewares/Third_Party/FreeRTOS/Source/CMSIS_RTOS/cmsis_os.c **** 
 698:Middlewares/Third_Party/FreeRTOS/Source/CMSIS_RTOS/cmsis_os.c ****   return osOK;
 1206              		.loc 1 698 3 view .LVU275
 1207              		.loc 1 698 10 is_stmt 0 view .LVU276
 1208 0010 0020     		movs	r0, #0
 1209              	.L79:
 699:Middlewares/Third_Party/FreeRTOS/Source/CMSIS_RTOS/cmsis_os.c **** }
 1210              		.loc 1 699 1 view .LVU277
 1211 0012 10BD     		pop	{r4, pc}
 1212              	.LVL84:
 1213              	.L81:
 693:Middlewares/Third_Party/FreeRTOS/Source/CMSIS_RTOS/cmsis_os.c ****     return osErrorISR;
 1214              		.loc 1 693 12 view .LVU278
 1215 0014 8220     		movs	r0, #130
 1216 0016 FCE7     		b	.L79
 1217              		.cfi_endproc
 1218              	.LFE71:
 1220              		.section	.text.osSemaphoreCreate,"ax",%progbits
 1221              		.align	1
 1222              		.global	osSemaphoreCreate
 1223              		.syntax unified
 1224              		.thumb
 1225              		.thumb_func
 1227              	osSemaphoreCreate:
 1228              	.LVL85:
 1229              	.LFB72:
 700:Middlewares/Third_Party/FreeRTOS/Source/CMSIS_RTOS/cmsis_os.c **** 
 701:Middlewares/Third_Party/FreeRTOS/Source/CMSIS_RTOS/cmsis_os.c **** /********************  Semaphore Management Functions **************************/
 702:Middlewares/Third_Party/FreeRTOS/Source/CMSIS_RTOS/cmsis_os.c **** 
 703:Middlewares/Third_Party/FreeRTOS/Source/CMSIS_RTOS/cmsis_os.c **** #if (defined (osFeature_Semaphore)  &&  (osFeature_Semaphore != 0))
 704:Middlewares/Third_Party/FreeRTOS/Source/CMSIS_RTOS/cmsis_os.c **** 
 705:Middlewares/Third_Party/FreeRTOS/Source/CMSIS_RTOS/cmsis_os.c **** /**
 706:Middlewares/Third_Party/FreeRTOS/Source/CMSIS_RTOS/cmsis_os.c **** * @brief Create and Initialize a Semaphore object used for managing resources
 707:Middlewares/Third_Party/FreeRTOS/Source/CMSIS_RTOS/cmsis_os.c **** * @param semaphore_def semaphore definition referenced with \ref osSemaphore.
 708:Middlewares/Third_Party/FreeRTOS/Source/CMSIS_RTOS/cmsis_os.c **** * @param count         number of available resources.
 709:Middlewares/Third_Party/FreeRTOS/Source/CMSIS_RTOS/cmsis_os.c **** * @retval  semaphore ID for reference by other functions or NULL in case of error.
 710:Middlewares/Third_Party/FreeRTOS/Source/CMSIS_RTOS/cmsis_os.c **** * @note   MUST REMAIN UNCHANGED: \b osSemaphoreCreate shall be consistent in every CMSIS-RTOS.
 711:Middlewares/Third_Party/FreeRTOS/Source/CMSIS_RTOS/cmsis_os.c **** */
 712:Middlewares/Third_Party/FreeRTOS/Source/CMSIS_RTOS/cmsis_os.c **** osSemaphoreId osSemaphoreCreate (const osSemaphoreDef_t *semaphore_def, int32_t count)
 713:Middlewares/Third_Party/FreeRTOS/Source/CMSIS_RTOS/cmsis_os.c **** { 
 1230              		.loc 1 713 1 is_stmt 1 view -0
 1231              		.cfi_startproc
 1232              		@ args = 0, pretend = 0, frame = 0
 1233              		@ frame_needed = 0, uses_anonymous_args = 0
 1234              		.loc 1 713 1 is_stmt 0 view .LVU280
ARM GAS  D:\software\msy64\tmp\ccX5RH3v.s 			page 39


 1235 0000 10B5     		push	{r4, lr}
 1236              	.LCFI30:
 1237              		.cfi_def_cfa_offset 8
 1238              		.cfi_offset 4, -8
 1239              		.cfi_offset 14, -4
 1240 0002 82B0     		sub	sp, sp, #8
 1241              	.LCFI31:
 1242              		.cfi_def_cfa_offset 16
 714:Middlewares/Third_Party/FreeRTOS/Source/CMSIS_RTOS/cmsis_os.c **** #if( configSUPPORT_STATIC_ALLOCATION == 1 ) && ( configSUPPORT_DYNAMIC_ALLOCATION == 1 )
 715:Middlewares/Third_Party/FreeRTOS/Source/CMSIS_RTOS/cmsis_os.c **** 
 716:Middlewares/Third_Party/FreeRTOS/Source/CMSIS_RTOS/cmsis_os.c ****   osSemaphoreId sema;
 1243              		.loc 1 716 3 is_stmt 1 view .LVU281
 717:Middlewares/Third_Party/FreeRTOS/Source/CMSIS_RTOS/cmsis_os.c ****   
 718:Middlewares/Third_Party/FreeRTOS/Source/CMSIS_RTOS/cmsis_os.c ****   if (semaphore_def->controlblock != NULL){
 1244              		.loc 1 718 3 view .LVU282
 1245              		.loc 1 718 20 is_stmt 0 view .LVU283
 1246 0004 4468     		ldr	r4, [r0, #4]
 1247              		.loc 1 718 6 view .LVU284
 1248 0006 7CB1     		cbz	r4, .L84
 719:Middlewares/Third_Party/FreeRTOS/Source/CMSIS_RTOS/cmsis_os.c ****     if (count == 1) {
 1249              		.loc 1 719 5 is_stmt 1 view .LVU285
 1250              		.loc 1 719 8 is_stmt 0 view .LVU286
 1251 0008 0129     		cmp	r1, #1
 1252 000a 03D0     		beq	.L89
 720:Middlewares/Third_Party/FreeRTOS/Source/CMSIS_RTOS/cmsis_os.c ****       return xSemaphoreCreateBinaryStatic( semaphore_def->controlblock );
 721:Middlewares/Third_Party/FreeRTOS/Source/CMSIS_RTOS/cmsis_os.c ****     }
 722:Middlewares/Third_Party/FreeRTOS/Source/CMSIS_RTOS/cmsis_os.c ****     else {
 723:Middlewares/Third_Party/FreeRTOS/Source/CMSIS_RTOS/cmsis_os.c **** #if (configUSE_COUNTING_SEMAPHORES == 1 )
 724:Middlewares/Third_Party/FreeRTOS/Source/CMSIS_RTOS/cmsis_os.c ****       return xSemaphoreCreateCountingStatic( count, count, semaphore_def->controlblock );
 725:Middlewares/Third_Party/FreeRTOS/Source/CMSIS_RTOS/cmsis_os.c **** #else
 726:Middlewares/Third_Party/FreeRTOS/Source/CMSIS_RTOS/cmsis_os.c ****       return NULL;
 1253              		.loc 1 726 14 view .LVU287
 1254 000c 0024     		movs	r4, #0
 1255              	.LVL86:
 1256              	.L83:
 727:Middlewares/Third_Party/FreeRTOS/Source/CMSIS_RTOS/cmsis_os.c **** #endif
 728:Middlewares/Third_Party/FreeRTOS/Source/CMSIS_RTOS/cmsis_os.c ****     }
 729:Middlewares/Third_Party/FreeRTOS/Source/CMSIS_RTOS/cmsis_os.c ****   }
 730:Middlewares/Third_Party/FreeRTOS/Source/CMSIS_RTOS/cmsis_os.c ****   else {
 731:Middlewares/Third_Party/FreeRTOS/Source/CMSIS_RTOS/cmsis_os.c ****     if (count == 1) {
 732:Middlewares/Third_Party/FreeRTOS/Source/CMSIS_RTOS/cmsis_os.c ****       vSemaphoreCreateBinary(sema);
 733:Middlewares/Third_Party/FreeRTOS/Source/CMSIS_RTOS/cmsis_os.c ****       return sema;
 734:Middlewares/Third_Party/FreeRTOS/Source/CMSIS_RTOS/cmsis_os.c ****     }
 735:Middlewares/Third_Party/FreeRTOS/Source/CMSIS_RTOS/cmsis_os.c ****     else {
 736:Middlewares/Third_Party/FreeRTOS/Source/CMSIS_RTOS/cmsis_os.c **** #if (configUSE_COUNTING_SEMAPHORES == 1 )	
 737:Middlewares/Third_Party/FreeRTOS/Source/CMSIS_RTOS/cmsis_os.c ****       return xSemaphoreCreateCounting(count, count);
 738:Middlewares/Third_Party/FreeRTOS/Source/CMSIS_RTOS/cmsis_os.c **** #else
 739:Middlewares/Third_Party/FreeRTOS/Source/CMSIS_RTOS/cmsis_os.c ****       return NULL;
 740:Middlewares/Third_Party/FreeRTOS/Source/CMSIS_RTOS/cmsis_os.c **** #endif    
 741:Middlewares/Third_Party/FreeRTOS/Source/CMSIS_RTOS/cmsis_os.c ****     }
 742:Middlewares/Third_Party/FreeRTOS/Source/CMSIS_RTOS/cmsis_os.c ****   }
 743:Middlewares/Third_Party/FreeRTOS/Source/CMSIS_RTOS/cmsis_os.c **** #elif ( configSUPPORT_STATIC_ALLOCATION == 1 ) // configSUPPORT_DYNAMIC_ALLOCATION == 0
 744:Middlewares/Third_Party/FreeRTOS/Source/CMSIS_RTOS/cmsis_os.c ****   if(count == 1) {
 745:Middlewares/Third_Party/FreeRTOS/Source/CMSIS_RTOS/cmsis_os.c ****     return xSemaphoreCreateBinaryStatic( semaphore_def->controlblock );
 746:Middlewares/Third_Party/FreeRTOS/Source/CMSIS_RTOS/cmsis_os.c ****   }
 747:Middlewares/Third_Party/FreeRTOS/Source/CMSIS_RTOS/cmsis_os.c ****   else
 748:Middlewares/Third_Party/FreeRTOS/Source/CMSIS_RTOS/cmsis_os.c ****   {
ARM GAS  D:\software\msy64\tmp\ccX5RH3v.s 			page 40


 749:Middlewares/Third_Party/FreeRTOS/Source/CMSIS_RTOS/cmsis_os.c **** #if (configUSE_COUNTING_SEMAPHORES == 1 )
 750:Middlewares/Third_Party/FreeRTOS/Source/CMSIS_RTOS/cmsis_os.c ****       return xSemaphoreCreateCountingStatic( count, count, semaphore_def->controlblock );
 751:Middlewares/Third_Party/FreeRTOS/Source/CMSIS_RTOS/cmsis_os.c **** #else
 752:Middlewares/Third_Party/FreeRTOS/Source/CMSIS_RTOS/cmsis_os.c ****       return NULL;
 753:Middlewares/Third_Party/FreeRTOS/Source/CMSIS_RTOS/cmsis_os.c **** #endif    
 754:Middlewares/Third_Party/FreeRTOS/Source/CMSIS_RTOS/cmsis_os.c ****   }
 755:Middlewares/Third_Party/FreeRTOS/Source/CMSIS_RTOS/cmsis_os.c **** #else  // configSUPPORT_STATIC_ALLOCATION == 0  && configSUPPORT_DYNAMIC_ALLOCATION == 1
 756:Middlewares/Third_Party/FreeRTOS/Source/CMSIS_RTOS/cmsis_os.c ****   osSemaphoreId sema;
 757:Middlewares/Third_Party/FreeRTOS/Source/CMSIS_RTOS/cmsis_os.c ****  
 758:Middlewares/Third_Party/FreeRTOS/Source/CMSIS_RTOS/cmsis_os.c ****   if (count == 1) {
 759:Middlewares/Third_Party/FreeRTOS/Source/CMSIS_RTOS/cmsis_os.c ****     vSemaphoreCreateBinary(sema);
 760:Middlewares/Third_Party/FreeRTOS/Source/CMSIS_RTOS/cmsis_os.c ****     return sema;
 761:Middlewares/Third_Party/FreeRTOS/Source/CMSIS_RTOS/cmsis_os.c ****   }
 762:Middlewares/Third_Party/FreeRTOS/Source/CMSIS_RTOS/cmsis_os.c ****   else {
 763:Middlewares/Third_Party/FreeRTOS/Source/CMSIS_RTOS/cmsis_os.c **** #if (configUSE_COUNTING_SEMAPHORES == 1 )	
 764:Middlewares/Third_Party/FreeRTOS/Source/CMSIS_RTOS/cmsis_os.c ****     return xSemaphoreCreateCounting(count, count);
 765:Middlewares/Third_Party/FreeRTOS/Source/CMSIS_RTOS/cmsis_os.c **** #else
 766:Middlewares/Third_Party/FreeRTOS/Source/CMSIS_RTOS/cmsis_os.c ****     return NULL;
 767:Middlewares/Third_Party/FreeRTOS/Source/CMSIS_RTOS/cmsis_os.c **** #endif
 768:Middlewares/Third_Party/FreeRTOS/Source/CMSIS_RTOS/cmsis_os.c ****   }
 769:Middlewares/Third_Party/FreeRTOS/Source/CMSIS_RTOS/cmsis_os.c **** #endif
 770:Middlewares/Third_Party/FreeRTOS/Source/CMSIS_RTOS/cmsis_os.c **** }
 1257              		.loc 1 770 1 view .LVU288
 1258 000e 2046     		mov	r0, r4
 1259 0010 02B0     		add	sp, sp, #8
 1260              	.LCFI32:
 1261              		.cfi_remember_state
 1262              		.cfi_def_cfa_offset 8
 1263              		@ sp needed
 1264 0012 10BD     		pop	{r4, pc}
 1265              	.LVL87:
 1266              	.L89:
 1267              	.LCFI33:
 1268              		.cfi_restore_state
 720:Middlewares/Third_Party/FreeRTOS/Source/CMSIS_RTOS/cmsis_os.c ****       return xSemaphoreCreateBinaryStatic( semaphore_def->controlblock );
 1269              		.loc 1 720 7 is_stmt 1 view .LVU289
 720:Middlewares/Third_Party/FreeRTOS/Source/CMSIS_RTOS/cmsis_os.c ****       return xSemaphoreCreateBinaryStatic( semaphore_def->controlblock );
 1270              		.loc 1 720 14 is_stmt 0 view .LVU290
 1271 0014 0323     		movs	r3, #3
 1272 0016 0093     		str	r3, [sp]
 1273 0018 2346     		mov	r3, r4
 1274 001a 0022     		movs	r2, #0
 1275 001c 1146     		mov	r1, r2
 1276              	.LVL88:
 720:Middlewares/Third_Party/FreeRTOS/Source/CMSIS_RTOS/cmsis_os.c ****       return xSemaphoreCreateBinaryStatic( semaphore_def->controlblock );
 1277              		.loc 1 720 14 view .LVU291
 1278 001e 0120     		movs	r0, #1
 1279              	.LVL89:
 720:Middlewares/Third_Party/FreeRTOS/Source/CMSIS_RTOS/cmsis_os.c ****       return xSemaphoreCreateBinaryStatic( semaphore_def->controlblock );
 1280              		.loc 1 720 14 view .LVU292
 1281 0020 FFF7FEFF 		bl	xQueueGenericCreateStatic
 1282              	.LVL90:
 1283 0024 0446     		mov	r4, r0
 1284 0026 F2E7     		b	.L83
 1285              	.LVL91:
 1286              	.L84:
 731:Middlewares/Third_Party/FreeRTOS/Source/CMSIS_RTOS/cmsis_os.c ****       vSemaphoreCreateBinary(sema);
ARM GAS  D:\software\msy64\tmp\ccX5RH3v.s 			page 41


 1287              		.loc 1 731 5 is_stmt 1 view .LVU293
 731:Middlewares/Third_Party/FreeRTOS/Source/CMSIS_RTOS/cmsis_os.c ****       vSemaphoreCreateBinary(sema);
 1288              		.loc 1 731 8 is_stmt 0 view .LVU294
 1289 0028 0129     		cmp	r1, #1
 1290 002a F0D1     		bne	.L83
 732:Middlewares/Third_Party/FreeRTOS/Source/CMSIS_RTOS/cmsis_os.c ****       return sema;
 1291              		.loc 1 732 7 is_stmt 1 view .LVU295
 1292 002c 0322     		movs	r2, #3
 1293 002e 0021     		movs	r1, #0
 1294              	.LVL92:
 732:Middlewares/Third_Party/FreeRTOS/Source/CMSIS_RTOS/cmsis_os.c ****       return sema;
 1295              		.loc 1 732 7 is_stmt 0 view .LVU296
 1296 0030 0120     		movs	r0, #1
 1297              	.LVL93:
 732:Middlewares/Third_Party/FreeRTOS/Source/CMSIS_RTOS/cmsis_os.c ****       return sema;
 1298              		.loc 1 732 7 view .LVU297
 1299 0032 FFF7FEFF 		bl	xQueueGenericCreate
 1300              	.LVL94:
 732:Middlewares/Third_Party/FreeRTOS/Source/CMSIS_RTOS/cmsis_os.c ****       return sema;
 1301              		.loc 1 732 7 is_stmt 1 discriminator 1 view .LVU298
 1302 0036 0446     		mov	r4, r0
 1303 0038 0028     		cmp	r0, #0
 1304 003a E8D0     		beq	.L83
 732:Middlewares/Third_Party/FreeRTOS/Source/CMSIS_RTOS/cmsis_os.c ****       return sema;
 1305              		.loc 1 732 7 discriminator 1 view .LVU299
 1306 003c 0023     		movs	r3, #0
 1307 003e 1A46     		mov	r2, r3
 1308 0040 1946     		mov	r1, r3
 1309 0042 FFF7FEFF 		bl	xQueueGenericSend
 1310              	.LVL95:
 732:Middlewares/Third_Party/FreeRTOS/Source/CMSIS_RTOS/cmsis_os.c ****       return sema;
 1311              		.loc 1 732 35 discriminator 3 view .LVU300
 733:Middlewares/Third_Party/FreeRTOS/Source/CMSIS_RTOS/cmsis_os.c ****     }
 1312              		.loc 1 733 7 view .LVU301
 733:Middlewares/Third_Party/FreeRTOS/Source/CMSIS_RTOS/cmsis_os.c ****     }
 1313              		.loc 1 733 14 is_stmt 0 view .LVU302
 1314 0046 E2E7     		b	.L83
 1315              		.cfi_endproc
 1316              	.LFE72:
 1318              		.section	.text.osSemaphoreWait,"ax",%progbits
 1319              		.align	1
 1320              		.global	osSemaphoreWait
 1321              		.syntax unified
 1322              		.thumb
 1323              		.thumb_func
 1325              	osSemaphoreWait:
 1326              	.LVL96:
 1327              	.LFB73:
 771:Middlewares/Third_Party/FreeRTOS/Source/CMSIS_RTOS/cmsis_os.c **** 
 772:Middlewares/Third_Party/FreeRTOS/Source/CMSIS_RTOS/cmsis_os.c **** /**
 773:Middlewares/Third_Party/FreeRTOS/Source/CMSIS_RTOS/cmsis_os.c **** * @brief Wait until a Semaphore token becomes available
 774:Middlewares/Third_Party/FreeRTOS/Source/CMSIS_RTOS/cmsis_os.c **** * @param  semaphore_id  semaphore object referenced with \ref osSemaphore.
 775:Middlewares/Third_Party/FreeRTOS/Source/CMSIS_RTOS/cmsis_os.c **** * @param  millisec      timeout value or 0 in case of no time-out.
 776:Middlewares/Third_Party/FreeRTOS/Source/CMSIS_RTOS/cmsis_os.c **** * @retval  number of available tokens, or -1 in case of incorrect parameters.
 777:Middlewares/Third_Party/FreeRTOS/Source/CMSIS_RTOS/cmsis_os.c **** * @note   MUST REMAIN UNCHANGED: \b osSemaphoreWait shall be consistent in every CMSIS-RTOS.
 778:Middlewares/Third_Party/FreeRTOS/Source/CMSIS_RTOS/cmsis_os.c **** */
 779:Middlewares/Third_Party/FreeRTOS/Source/CMSIS_RTOS/cmsis_os.c **** int32_t osSemaphoreWait (osSemaphoreId semaphore_id, uint32_t millisec)
ARM GAS  D:\software\msy64\tmp\ccX5RH3v.s 			page 42


 780:Middlewares/Third_Party/FreeRTOS/Source/CMSIS_RTOS/cmsis_os.c **** {
 1328              		.loc 1 780 1 is_stmt 1 view -0
 1329              		.cfi_startproc
 1330              		@ args = 0, pretend = 0, frame = 8
 1331              		@ frame_needed = 0, uses_anonymous_args = 0
 1332              		.loc 1 780 1 is_stmt 0 view .LVU304
 1333 0000 70B5     		push	{r4, r5, r6, lr}
 1334              	.LCFI34:
 1335              		.cfi_def_cfa_offset 16
 1336              		.cfi_offset 4, -16
 1337              		.cfi_offset 5, -12
 1338              		.cfi_offset 6, -8
 1339              		.cfi_offset 14, -4
 1340 0002 82B0     		sub	sp, sp, #8
 1341              	.LCFI35:
 1342              		.cfi_def_cfa_offset 24
 781:Middlewares/Third_Party/FreeRTOS/Source/CMSIS_RTOS/cmsis_os.c ****   TickType_t ticks;
 1343              		.loc 1 781 3 is_stmt 1 view .LVU305
 782:Middlewares/Third_Party/FreeRTOS/Source/CMSIS_RTOS/cmsis_os.c ****   portBASE_TYPE taskWoken = pdFALSE;  
 1344              		.loc 1 782 3 view .LVU306
 1345              		.loc 1 782 17 is_stmt 0 view .LVU307
 1346 0004 0023     		movs	r3, #0
 1347 0006 0193     		str	r3, [sp, #4]
 783:Middlewares/Third_Party/FreeRTOS/Source/CMSIS_RTOS/cmsis_os.c ****   
 784:Middlewares/Third_Party/FreeRTOS/Source/CMSIS_RTOS/cmsis_os.c ****   
 785:Middlewares/Third_Party/FreeRTOS/Source/CMSIS_RTOS/cmsis_os.c ****   if (semaphore_id == NULL) {
 1348              		.loc 1 785 3 is_stmt 1 view .LVU308
 1349              		.loc 1 785 6 is_stmt 0 view .LVU309
 1350 0008 18B3     		cbz	r0, .L93
 1351 000a 0C46     		mov	r4, r1
 1352 000c 0646     		mov	r6, r0
 786:Middlewares/Third_Party/FreeRTOS/Source/CMSIS_RTOS/cmsis_os.c ****     return osErrorParameter;
 787:Middlewares/Third_Party/FreeRTOS/Source/CMSIS_RTOS/cmsis_os.c ****   }
 788:Middlewares/Third_Party/FreeRTOS/Source/CMSIS_RTOS/cmsis_os.c ****   
 789:Middlewares/Third_Party/FreeRTOS/Source/CMSIS_RTOS/cmsis_os.c ****   ticks = 0;
 1353              		.loc 1 789 3 is_stmt 1 view .LVU310
 1354              	.LVL97:
 790:Middlewares/Third_Party/FreeRTOS/Source/CMSIS_RTOS/cmsis_os.c ****   if (millisec == osWaitForever) {
 1355              		.loc 1 790 3 view .LVU311
 791:Middlewares/Third_Party/FreeRTOS/Source/CMSIS_RTOS/cmsis_os.c ****     ticks = portMAX_DELAY;
 792:Middlewares/Third_Party/FreeRTOS/Source/CMSIS_RTOS/cmsis_os.c ****   }
 793:Middlewares/Third_Party/FreeRTOS/Source/CMSIS_RTOS/cmsis_os.c ****   else if (millisec != 0) {
 1356              		.loc 1 793 8 view .LVU312
 794:Middlewares/Third_Party/FreeRTOS/Source/CMSIS_RTOS/cmsis_os.c ****     ticks = millisec / portTICK_PERIOD_MS;
 795:Middlewares/Third_Party/FreeRTOS/Source/CMSIS_RTOS/cmsis_os.c ****     if (ticks == 0) {
 796:Middlewares/Third_Party/FreeRTOS/Source/CMSIS_RTOS/cmsis_os.c ****       ticks = 1;
 797:Middlewares/Third_Party/FreeRTOS/Source/CMSIS_RTOS/cmsis_os.c ****     }
 798:Middlewares/Third_Party/FreeRTOS/Source/CMSIS_RTOS/cmsis_os.c ****   }
 799:Middlewares/Third_Party/FreeRTOS/Source/CMSIS_RTOS/cmsis_os.c ****   
 800:Middlewares/Third_Party/FreeRTOS/Source/CMSIS_RTOS/cmsis_os.c ****   if (inHandlerMode()) {
 1357              		.loc 1 800 3 view .LVU313
 1358              		.loc 1 800 7 is_stmt 0 view .LVU314
 1359 000e FFF7FEFF 		bl	inHandlerMode
 1360              	.LVL98:
 1361              		.loc 1 800 6 discriminator 1 view .LVU315
 1362 0012 0546     		mov	r5, r0
 1363 0014 A0B1     		cbz	r0, .L92
ARM GAS  D:\software\msy64\tmp\ccX5RH3v.s 			page 43


 801:Middlewares/Third_Party/FreeRTOS/Source/CMSIS_RTOS/cmsis_os.c ****     if (xSemaphoreTakeFromISR(semaphore_id, &taskWoken) != pdTRUE) {
 1364              		.loc 1 801 5 is_stmt 1 view .LVU316
 1365              		.loc 1 801 9 is_stmt 0 view .LVU317
 1366 0016 01AA     		add	r2, sp, #4
 1367 0018 0021     		movs	r1, #0
 1368 001a 3046     		mov	r0, r6
 1369 001c FFF7FEFF 		bl	xQueueReceiveFromISR
 1370              	.LVL99:
 1371              		.loc 1 801 8 discriminator 1 view .LVU318
 1372 0020 0128     		cmp	r0, #1
 1373 0022 18D1     		bne	.L94
 802:Middlewares/Third_Party/FreeRTOS/Source/CMSIS_RTOS/cmsis_os.c ****       return osErrorOS;
 803:Middlewares/Third_Party/FreeRTOS/Source/CMSIS_RTOS/cmsis_os.c ****     }
 804:Middlewares/Third_Party/FreeRTOS/Source/CMSIS_RTOS/cmsis_os.c **** 	portEND_SWITCHING_ISR(taskWoken);
 1374              		.loc 1 804 2 is_stmt 1 view .LVU319
 1375 0024 019D     		ldr	r5, [sp, #4]
 1376 0026 8DB1     		cbz	r5, .L90
 1377              		.loc 1 804 2 discriminator 1 view .LVU320
 1378 0028 4FF0E023 		mov	r3, #-536813568
 1379 002c 4FF08052 		mov	r2, #268435456
 1380 0030 C3F8042D 		str	r2, [r3, #3332]
 1381              		.loc 1 804 2 discriminator 1 view .LVU321
 1382              		.syntax unified
 1383              	@ 804 "Middlewares/Third_Party/FreeRTOS/Source/CMSIS_RTOS/cmsis_os.c" 1
 1384 0034 BFF34F8F 		dsb
 1385              	@ 0 "" 2
 1386              		.loc 1 804 2 discriminator 1 view .LVU322
 1387              	@ 804 "Middlewares/Third_Party/FreeRTOS/Source/CMSIS_RTOS/cmsis_os.c" 1
 1388 0038 BFF36F8F 		isb
 1389              	@ 0 "" 2
 805:Middlewares/Third_Party/FreeRTOS/Source/CMSIS_RTOS/cmsis_os.c ****   }  
 806:Middlewares/Third_Party/FreeRTOS/Source/CMSIS_RTOS/cmsis_os.c ****   else if (xSemaphoreTake(semaphore_id, ticks) != pdTRUE) {
 807:Middlewares/Third_Party/FreeRTOS/Source/CMSIS_RTOS/cmsis_os.c ****     return osErrorOS;
 808:Middlewares/Third_Party/FreeRTOS/Source/CMSIS_RTOS/cmsis_os.c ****   }
 809:Middlewares/Third_Party/FreeRTOS/Source/CMSIS_RTOS/cmsis_os.c ****   
 810:Middlewares/Third_Party/FreeRTOS/Source/CMSIS_RTOS/cmsis_os.c ****   return osOK;
 1390              		.loc 1 810 10 is_stmt 0 view .LVU323
 1391              		.thumb
 1392              		.syntax unified
 1393 003c 0025     		movs	r5, #0
 1394 003e 05E0     		b	.L90
 1395              	.L92:
 806:Middlewares/Third_Party/FreeRTOS/Source/CMSIS_RTOS/cmsis_os.c ****     return osErrorOS;
 1396              		.loc 1 806 8 is_stmt 1 view .LVU324
 806:Middlewares/Third_Party/FreeRTOS/Source/CMSIS_RTOS/cmsis_os.c ****     return osErrorOS;
 1397              		.loc 1 806 12 is_stmt 0 view .LVU325
 1398 0040 2146     		mov	r1, r4
 1399 0042 3046     		mov	r0, r6
 1400 0044 FFF7FEFF 		bl	xQueueSemaphoreTake
 1401              	.LVL100:
 806:Middlewares/Third_Party/FreeRTOS/Source/CMSIS_RTOS/cmsis_os.c ****     return osErrorOS;
 1402              		.loc 1 806 11 discriminator 1 view .LVU326
 1403 0048 0128     		cmp	r0, #1
 1404 004a 06D1     		bne	.L97
 1405              	.LVL101:
 1406              	.L90:
 811:Middlewares/Third_Party/FreeRTOS/Source/CMSIS_RTOS/cmsis_os.c **** }
ARM GAS  D:\software\msy64\tmp\ccX5RH3v.s 			page 44


 1407              		.loc 1 811 1 view .LVU327
 1408 004c 2846     		mov	r0, r5
 1409 004e 02B0     		add	sp, sp, #8
 1410              	.LCFI36:
 1411              		.cfi_remember_state
 1412              		.cfi_def_cfa_offset 16
 1413              		@ sp needed
 1414 0050 70BD     		pop	{r4, r5, r6, pc}
 1415              	.LVL102:
 1416              	.L93:
 1417              	.LCFI37:
 1418              		.cfi_restore_state
 786:Middlewares/Third_Party/FreeRTOS/Source/CMSIS_RTOS/cmsis_os.c ****   }
 1419              		.loc 1 786 12 view .LVU328
 1420 0052 8025     		movs	r5, #128
 1421 0054 FAE7     		b	.L90
 1422              	.LVL103:
 1423              	.L94:
 802:Middlewares/Third_Party/FreeRTOS/Source/CMSIS_RTOS/cmsis_os.c ****     }
 1424              		.loc 1 802 14 view .LVU329
 1425 0056 FF25     		movs	r5, #255
 1426 0058 F8E7     		b	.L90
 1427              	.L97:
 807:Middlewares/Third_Party/FreeRTOS/Source/CMSIS_RTOS/cmsis_os.c ****   }
 1428              		.loc 1 807 12 view .LVU330
 1429 005a FF25     		movs	r5, #255
 1430 005c F6E7     		b	.L90
 1431              		.cfi_endproc
 1432              	.LFE73:
 1434              		.section	.text.osSemaphoreRelease,"ax",%progbits
 1435              		.align	1
 1436              		.global	osSemaphoreRelease
 1437              		.syntax unified
 1438              		.thumb
 1439              		.thumb_func
 1441              	osSemaphoreRelease:
 1442              	.LVL104:
 1443              	.LFB74:
 812:Middlewares/Third_Party/FreeRTOS/Source/CMSIS_RTOS/cmsis_os.c **** 
 813:Middlewares/Third_Party/FreeRTOS/Source/CMSIS_RTOS/cmsis_os.c **** /**
 814:Middlewares/Third_Party/FreeRTOS/Source/CMSIS_RTOS/cmsis_os.c **** * @brief Release a Semaphore token
 815:Middlewares/Third_Party/FreeRTOS/Source/CMSIS_RTOS/cmsis_os.c **** * @param  semaphore_id  semaphore object referenced with \ref osSemaphore.
 816:Middlewares/Third_Party/FreeRTOS/Source/CMSIS_RTOS/cmsis_os.c **** * @retval  status code that indicates the execution status of the function.
 817:Middlewares/Third_Party/FreeRTOS/Source/CMSIS_RTOS/cmsis_os.c **** * @note   MUST REMAIN UNCHANGED: \b osSemaphoreRelease shall be consistent in every CMSIS-RTOS.
 818:Middlewares/Third_Party/FreeRTOS/Source/CMSIS_RTOS/cmsis_os.c **** */
 819:Middlewares/Third_Party/FreeRTOS/Source/CMSIS_RTOS/cmsis_os.c **** osStatus osSemaphoreRelease (osSemaphoreId semaphore_id)
 820:Middlewares/Third_Party/FreeRTOS/Source/CMSIS_RTOS/cmsis_os.c **** {
 1444              		.loc 1 820 1 is_stmt 1 view -0
 1445              		.cfi_startproc
 1446              		@ args = 0, pretend = 0, frame = 8
 1447              		@ frame_needed = 0, uses_anonymous_args = 0
 1448              		.loc 1 820 1 is_stmt 0 view .LVU332
 1449 0000 10B5     		push	{r4, lr}
 1450              	.LCFI38:
 1451              		.cfi_def_cfa_offset 8
 1452              		.cfi_offset 4, -8
 1453              		.cfi_offset 14, -4
ARM GAS  D:\software\msy64\tmp\ccX5RH3v.s 			page 45


 1454 0002 82B0     		sub	sp, sp, #8
 1455              	.LCFI39:
 1456              		.cfi_def_cfa_offset 16
 1457 0004 0446     		mov	r4, r0
 821:Middlewares/Third_Party/FreeRTOS/Source/CMSIS_RTOS/cmsis_os.c ****   osStatus result = osOK;
 1458              		.loc 1 821 3 is_stmt 1 view .LVU333
 1459              	.LVL105:
 822:Middlewares/Third_Party/FreeRTOS/Source/CMSIS_RTOS/cmsis_os.c ****   portBASE_TYPE taskWoken = pdFALSE;
 1460              		.loc 1 822 3 view .LVU334
 1461              		.loc 1 822 17 is_stmt 0 view .LVU335
 1462 0006 0023     		movs	r3, #0
 1463 0008 0193     		str	r3, [sp, #4]
 823:Middlewares/Third_Party/FreeRTOS/Source/CMSIS_RTOS/cmsis_os.c ****   
 824:Middlewares/Third_Party/FreeRTOS/Source/CMSIS_RTOS/cmsis_os.c ****   
 825:Middlewares/Third_Party/FreeRTOS/Source/CMSIS_RTOS/cmsis_os.c ****   if (inHandlerMode()) {
 1464              		.loc 1 825 3 is_stmt 1 view .LVU336
 1465              		.loc 1 825 7 is_stmt 0 view .LVU337
 1466 000a FFF7FEFF 		bl	inHandlerMode
 1467              	.LVL106:
 1468              		.loc 1 825 6 discriminator 1 view .LVU338
 1469 000e 98B1     		cbz	r0, .L99
 826:Middlewares/Third_Party/FreeRTOS/Source/CMSIS_RTOS/cmsis_os.c ****     if (xSemaphoreGiveFromISR(semaphore_id, &taskWoken) != pdTRUE) {
 1470              		.loc 1 826 5 is_stmt 1 view .LVU339
 1471              		.loc 1 826 9 is_stmt 0 view .LVU340
 1472 0010 01A9     		add	r1, sp, #4
 1473 0012 2046     		mov	r0, r4
 1474 0014 FFF7FEFF 		bl	xQueueGiveFromISR
 1475              	.LVL107:
 1476              		.loc 1 826 8 discriminator 1 view .LVU341
 1477 0018 0128     		cmp	r0, #1
 1478 001a 1AD1     		bne	.L101
 827:Middlewares/Third_Party/FreeRTOS/Source/CMSIS_RTOS/cmsis_os.c ****       return osErrorOS;
 828:Middlewares/Third_Party/FreeRTOS/Source/CMSIS_RTOS/cmsis_os.c ****     }
 829:Middlewares/Third_Party/FreeRTOS/Source/CMSIS_RTOS/cmsis_os.c ****     portEND_SWITCHING_ISR(taskWoken);
 1479              		.loc 1 829 5 is_stmt 1 view .LVU342
 1480 001c 019B     		ldr	r3, [sp, #4]
 1481 001e D3B1     		cbz	r3, .L102
 1482              		.loc 1 829 5 discriminator 1 view .LVU343
 1483 0020 4FF0E023 		mov	r3, #-536813568
 1484 0024 4FF08052 		mov	r2, #268435456
 1485 0028 C3F8042D 		str	r2, [r3, #3332]
 1486              		.loc 1 829 5 discriminator 1 view .LVU344
 1487              		.syntax unified
 1488              	@ 829 "Middlewares/Third_Party/FreeRTOS/Source/CMSIS_RTOS/cmsis_os.c" 1
 1489 002c BFF34F8F 		dsb
 1490              	@ 0 "" 2
 1491              		.loc 1 829 5 discriminator 1 view .LVU345
 1492              	@ 829 "Middlewares/Third_Party/FreeRTOS/Source/CMSIS_RTOS/cmsis_os.c" 1
 1493 0030 BFF36F8F 		isb
 1494              	@ 0 "" 2
 821:Middlewares/Third_Party/FreeRTOS/Source/CMSIS_RTOS/cmsis_os.c ****   portBASE_TYPE taskWoken = pdFALSE;
 1495              		.loc 1 821 12 is_stmt 0 view .LVU346
 1496              		.thumb
 1497              		.syntax unified
 1498 0034 0020     		movs	r0, #0
 1499 0036 08E0     		b	.L98
 1500              	.L99:
ARM GAS  D:\software\msy64\tmp\ccX5RH3v.s 			page 46


 830:Middlewares/Third_Party/FreeRTOS/Source/CMSIS_RTOS/cmsis_os.c ****   }
 831:Middlewares/Third_Party/FreeRTOS/Source/CMSIS_RTOS/cmsis_os.c ****   else {
 832:Middlewares/Third_Party/FreeRTOS/Source/CMSIS_RTOS/cmsis_os.c ****     if (xSemaphoreGive(semaphore_id) != pdTRUE) {
 1501              		.loc 1 832 5 is_stmt 1 view .LVU347
 1502              		.loc 1 832 9 is_stmt 0 view .LVU348
 1503 0038 0023     		movs	r3, #0
 1504 003a 1A46     		mov	r2, r3
 1505 003c 1946     		mov	r1, r3
 1506 003e 2046     		mov	r0, r4
 1507 0040 FFF7FEFF 		bl	xQueueGenericSend
 1508              	.LVL108:
 1509              		.loc 1 832 8 discriminator 1 view .LVU349
 1510 0044 0128     		cmp	r0, #1
 1511 0046 02D0     		beq	.L105
 833:Middlewares/Third_Party/FreeRTOS/Source/CMSIS_RTOS/cmsis_os.c ****       result = osErrorOS;
 1512              		.loc 1 833 14 view .LVU350
 1513 0048 FF20     		movs	r0, #255
 1514              	.LVL109:
 1515              	.L98:
 834:Middlewares/Third_Party/FreeRTOS/Source/CMSIS_RTOS/cmsis_os.c ****     }
 835:Middlewares/Third_Party/FreeRTOS/Source/CMSIS_RTOS/cmsis_os.c ****   }
 836:Middlewares/Third_Party/FreeRTOS/Source/CMSIS_RTOS/cmsis_os.c ****   
 837:Middlewares/Third_Party/FreeRTOS/Source/CMSIS_RTOS/cmsis_os.c ****   return result;
 838:Middlewares/Third_Party/FreeRTOS/Source/CMSIS_RTOS/cmsis_os.c **** }
 1516              		.loc 1 838 1 view .LVU351
 1517 004a 02B0     		add	sp, sp, #8
 1518              	.LCFI40:
 1519              		.cfi_remember_state
 1520              		.cfi_def_cfa_offset 8
 1521              		@ sp needed
 1522 004c 10BD     		pop	{r4, pc}
 1523              	.LVL110:
 1524              	.L105:
 1525              	.LCFI41:
 1526              		.cfi_restore_state
 821:Middlewares/Third_Party/FreeRTOS/Source/CMSIS_RTOS/cmsis_os.c ****   portBASE_TYPE taskWoken = pdFALSE;
 1527              		.loc 1 821 12 view .LVU352
 1528 004e 0020     		movs	r0, #0
 1529 0050 FBE7     		b	.L98
 1530              	.L101:
 827:Middlewares/Third_Party/FreeRTOS/Source/CMSIS_RTOS/cmsis_os.c ****     }
 1531              		.loc 1 827 14 view .LVU353
 1532 0052 FF20     		movs	r0, #255
 1533 0054 F9E7     		b	.L98
 1534              	.L102:
 821:Middlewares/Third_Party/FreeRTOS/Source/CMSIS_RTOS/cmsis_os.c ****   portBASE_TYPE taskWoken = pdFALSE;
 1535              		.loc 1 821 12 view .LVU354
 1536 0056 0020     		movs	r0, #0
 1537 0058 F7E7     		b	.L98
 1538              		.cfi_endproc
 1539              	.LFE74:
 1541              		.section	.text.osSemaphoreDelete,"ax",%progbits
 1542              		.align	1
 1543              		.global	osSemaphoreDelete
 1544              		.syntax unified
 1545              		.thumb
 1546              		.thumb_func
ARM GAS  D:\software\msy64\tmp\ccX5RH3v.s 			page 47


 1548              	osSemaphoreDelete:
 1549              	.LVL111:
 1550              	.LFB75:
 839:Middlewares/Third_Party/FreeRTOS/Source/CMSIS_RTOS/cmsis_os.c **** 
 840:Middlewares/Third_Party/FreeRTOS/Source/CMSIS_RTOS/cmsis_os.c **** /**
 841:Middlewares/Third_Party/FreeRTOS/Source/CMSIS_RTOS/cmsis_os.c **** * @brief Delete a Semaphore
 842:Middlewares/Third_Party/FreeRTOS/Source/CMSIS_RTOS/cmsis_os.c **** * @param  semaphore_id  semaphore object referenced with \ref osSemaphore.
 843:Middlewares/Third_Party/FreeRTOS/Source/CMSIS_RTOS/cmsis_os.c **** * @retval  status code that indicates the execution status of the function.
 844:Middlewares/Third_Party/FreeRTOS/Source/CMSIS_RTOS/cmsis_os.c **** * @note   MUST REMAIN UNCHANGED: \b osSemaphoreDelete shall be consistent in every CMSIS-RTOS.
 845:Middlewares/Third_Party/FreeRTOS/Source/CMSIS_RTOS/cmsis_os.c **** */
 846:Middlewares/Third_Party/FreeRTOS/Source/CMSIS_RTOS/cmsis_os.c **** osStatus osSemaphoreDelete (osSemaphoreId semaphore_id)
 847:Middlewares/Third_Party/FreeRTOS/Source/CMSIS_RTOS/cmsis_os.c **** {
 1551              		.loc 1 847 1 is_stmt 1 view -0
 1552              		.cfi_startproc
 1553              		@ args = 0, pretend = 0, frame = 0
 1554              		@ frame_needed = 0, uses_anonymous_args = 0
 1555              		.loc 1 847 1 is_stmt 0 view .LVU356
 1556 0000 10B5     		push	{r4, lr}
 1557              	.LCFI42:
 1558              		.cfi_def_cfa_offset 8
 1559              		.cfi_offset 4, -8
 1560              		.cfi_offset 14, -4
 1561 0002 0446     		mov	r4, r0
 848:Middlewares/Third_Party/FreeRTOS/Source/CMSIS_RTOS/cmsis_os.c ****   if (inHandlerMode()) {
 1562              		.loc 1 848 3 is_stmt 1 view .LVU357
 1563              		.loc 1 848 7 is_stmt 0 view .LVU358
 1564 0004 FFF7FEFF 		bl	inHandlerMode
 1565              	.LVL112:
 1566              		.loc 1 848 6 discriminator 1 view .LVU359
 1567 0008 20B9     		cbnz	r0, .L108
 849:Middlewares/Third_Party/FreeRTOS/Source/CMSIS_RTOS/cmsis_os.c ****     return osErrorISR;
 850:Middlewares/Third_Party/FreeRTOS/Source/CMSIS_RTOS/cmsis_os.c ****   }
 851:Middlewares/Third_Party/FreeRTOS/Source/CMSIS_RTOS/cmsis_os.c **** 
 852:Middlewares/Third_Party/FreeRTOS/Source/CMSIS_RTOS/cmsis_os.c ****   vSemaphoreDelete(semaphore_id);
 1568              		.loc 1 852 3 is_stmt 1 view .LVU360
 1569 000a 2046     		mov	r0, r4
 1570 000c FFF7FEFF 		bl	vQueueDelete
 1571              	.LVL113:
 853:Middlewares/Third_Party/FreeRTOS/Source/CMSIS_RTOS/cmsis_os.c **** 
 854:Middlewares/Third_Party/FreeRTOS/Source/CMSIS_RTOS/cmsis_os.c ****   return osOK; 
 1572              		.loc 1 854 3 view .LVU361
 1573              		.loc 1 854 10 is_stmt 0 view .LVU362
 1574 0010 0020     		movs	r0, #0
 1575              	.L106:
 855:Middlewares/Third_Party/FreeRTOS/Source/CMSIS_RTOS/cmsis_os.c **** }
 1576              		.loc 1 855 1 view .LVU363
 1577 0012 10BD     		pop	{r4, pc}
 1578              	.LVL114:
 1579              	.L108:
 849:Middlewares/Third_Party/FreeRTOS/Source/CMSIS_RTOS/cmsis_os.c ****     return osErrorISR;
 1580              		.loc 1 849 12 view .LVU364
 1581 0014 8220     		movs	r0, #130
 1582 0016 FCE7     		b	.L106
 1583              		.cfi_endproc
 1584              	.LFE75:
 1586              		.section	.text.osPoolCreate,"ax",%progbits
 1587              		.align	1
ARM GAS  D:\software\msy64\tmp\ccX5RH3v.s 			page 48


 1588              		.global	osPoolCreate
 1589              		.syntax unified
 1590              		.thumb
 1591              		.thumb_func
 1593              	osPoolCreate:
 1594              	.LVL115:
 1595              	.LFB76:
 856:Middlewares/Third_Party/FreeRTOS/Source/CMSIS_RTOS/cmsis_os.c **** 
 857:Middlewares/Third_Party/FreeRTOS/Source/CMSIS_RTOS/cmsis_os.c **** #endif    /* Use Semaphores */
 858:Middlewares/Third_Party/FreeRTOS/Source/CMSIS_RTOS/cmsis_os.c **** 
 859:Middlewares/Third_Party/FreeRTOS/Source/CMSIS_RTOS/cmsis_os.c **** /*******************   Memory Pool Management Functions  ***********************/
 860:Middlewares/Third_Party/FreeRTOS/Source/CMSIS_RTOS/cmsis_os.c **** 
 861:Middlewares/Third_Party/FreeRTOS/Source/CMSIS_RTOS/cmsis_os.c **** #if (defined (osFeature_Pool)  &&  (osFeature_Pool != 0)) 
 862:Middlewares/Third_Party/FreeRTOS/Source/CMSIS_RTOS/cmsis_os.c **** 
 863:Middlewares/Third_Party/FreeRTOS/Source/CMSIS_RTOS/cmsis_os.c **** //TODO
 864:Middlewares/Third_Party/FreeRTOS/Source/CMSIS_RTOS/cmsis_os.c **** //This is a primitive and inefficient wrapper around the existing FreeRTOS memory management.
 865:Middlewares/Third_Party/FreeRTOS/Source/CMSIS_RTOS/cmsis_os.c **** //A better implementation will have to modify heap_x.c!
 866:Middlewares/Third_Party/FreeRTOS/Source/CMSIS_RTOS/cmsis_os.c **** 
 867:Middlewares/Third_Party/FreeRTOS/Source/CMSIS_RTOS/cmsis_os.c **** 
 868:Middlewares/Third_Party/FreeRTOS/Source/CMSIS_RTOS/cmsis_os.c **** typedef struct os_pool_cb {
 869:Middlewares/Third_Party/FreeRTOS/Source/CMSIS_RTOS/cmsis_os.c ****   void *pool;
 870:Middlewares/Third_Party/FreeRTOS/Source/CMSIS_RTOS/cmsis_os.c ****   uint8_t *markers;
 871:Middlewares/Third_Party/FreeRTOS/Source/CMSIS_RTOS/cmsis_os.c ****   uint32_t pool_sz;
 872:Middlewares/Third_Party/FreeRTOS/Source/CMSIS_RTOS/cmsis_os.c ****   uint32_t item_sz;
 873:Middlewares/Third_Party/FreeRTOS/Source/CMSIS_RTOS/cmsis_os.c ****   uint32_t currentIndex;
 874:Middlewares/Third_Party/FreeRTOS/Source/CMSIS_RTOS/cmsis_os.c **** } os_pool_cb_t;
 875:Middlewares/Third_Party/FreeRTOS/Source/CMSIS_RTOS/cmsis_os.c **** 
 876:Middlewares/Third_Party/FreeRTOS/Source/CMSIS_RTOS/cmsis_os.c **** 
 877:Middlewares/Third_Party/FreeRTOS/Source/CMSIS_RTOS/cmsis_os.c **** /**
 878:Middlewares/Third_Party/FreeRTOS/Source/CMSIS_RTOS/cmsis_os.c **** * @brief Create and Initialize a memory pool
 879:Middlewares/Third_Party/FreeRTOS/Source/CMSIS_RTOS/cmsis_os.c **** * @param  pool_def      memory pool definition referenced with \ref osPool.
 880:Middlewares/Third_Party/FreeRTOS/Source/CMSIS_RTOS/cmsis_os.c **** * @retval  memory pool ID for reference by other functions or NULL in case of error.
 881:Middlewares/Third_Party/FreeRTOS/Source/CMSIS_RTOS/cmsis_os.c **** * @note   MUST REMAIN UNCHANGED: \b osPoolCreate shall be consistent in every CMSIS-RTOS.
 882:Middlewares/Third_Party/FreeRTOS/Source/CMSIS_RTOS/cmsis_os.c **** */
 883:Middlewares/Third_Party/FreeRTOS/Source/CMSIS_RTOS/cmsis_os.c **** osPoolId osPoolCreate (const osPoolDef_t *pool_def)
 884:Middlewares/Third_Party/FreeRTOS/Source/CMSIS_RTOS/cmsis_os.c **** {
 1596              		.loc 1 884 1 is_stmt 1 view -0
 1597              		.cfi_startproc
 1598              		@ args = 0, pretend = 0, frame = 0
 1599              		@ frame_needed = 0, uses_anonymous_args = 0
 1600              		.loc 1 884 1 is_stmt 0 view .LVU366
 1601 0000 F8B5     		push	{r3, r4, r5, r6, r7, lr}
 1602              	.LCFI43:
 1603              		.cfi_def_cfa_offset 24
 1604              		.cfi_offset 3, -24
 1605              		.cfi_offset 4, -20
 1606              		.cfi_offset 5, -16
 1607              		.cfi_offset 6, -12
 1608              		.cfi_offset 7, -8
 1609              		.cfi_offset 14, -4
 1610 0002 0446     		mov	r4, r0
 885:Middlewares/Third_Party/FreeRTOS/Source/CMSIS_RTOS/cmsis_os.c **** #if (configSUPPORT_DYNAMIC_ALLOCATION == 1)
 886:Middlewares/Third_Party/FreeRTOS/Source/CMSIS_RTOS/cmsis_os.c ****   osPoolId thePool;
 1611              		.loc 1 886 3 is_stmt 1 view .LVU367
 887:Middlewares/Third_Party/FreeRTOS/Source/CMSIS_RTOS/cmsis_os.c ****   int itemSize = 4 * ((pool_def->item_sz + 3) / 4);
 1612              		.loc 1 887 3 view .LVU368
 1613              		.loc 1 887 32 is_stmt 0 view .LVU369
ARM GAS  D:\software\msy64\tmp\ccX5RH3v.s 			page 49


 1614 0004 4368     		ldr	r3, [r0, #4]
 1615              		.loc 1 887 42 view .LVU370
 1616 0006 0333     		adds	r3, r3, #3
 1617 0008 23F00306 		bic	r6, r3, #3
 1618              	.LVL116:
 888:Middlewares/Third_Party/FreeRTOS/Source/CMSIS_RTOS/cmsis_os.c ****   uint32_t i;
 1619              		.loc 1 888 3 is_stmt 1 view .LVU371
 889:Middlewares/Third_Party/FreeRTOS/Source/CMSIS_RTOS/cmsis_os.c ****   
 890:Middlewares/Third_Party/FreeRTOS/Source/CMSIS_RTOS/cmsis_os.c ****   /* First have to allocate memory for the pool control block. */
 891:Middlewares/Third_Party/FreeRTOS/Source/CMSIS_RTOS/cmsis_os.c ****  thePool = pvPortMalloc(sizeof(os_pool_cb_t));
 1620              		.loc 1 891 2 view .LVU372
 1621              		.loc 1 891 12 is_stmt 0 view .LVU373
 1622 000c 1420     		movs	r0, #20
 1623              	.LVL117:
 1624              		.loc 1 891 12 view .LVU374
 1625 000e FFF7FEFF 		bl	pvPortMalloc
 1626              	.LVL118:
 892:Middlewares/Third_Party/FreeRTOS/Source/CMSIS_RTOS/cmsis_os.c **** 
 893:Middlewares/Third_Party/FreeRTOS/Source/CMSIS_RTOS/cmsis_os.c ****   
 894:Middlewares/Third_Party/FreeRTOS/Source/CMSIS_RTOS/cmsis_os.c ****   if (thePool) {
 1627              		.loc 1 894 3 is_stmt 1 view .LVU375
 1628              		.loc 1 894 6 is_stmt 0 view .LVU376
 1629 0012 0546     		mov	r5, r0
 1630 0014 D8B1     		cbz	r0, .L110
 895:Middlewares/Third_Party/FreeRTOS/Source/CMSIS_RTOS/cmsis_os.c ****     thePool->pool_sz = pool_def->pool_sz;
 1631              		.loc 1 895 5 is_stmt 1 view .LVU377
 1632              		.loc 1 895 32 is_stmt 0 view .LVU378
 1633 0016 2368     		ldr	r3, [r4]
 1634              		.loc 1 895 22 view .LVU379
 1635 0018 8360     		str	r3, [r0, #8]
 896:Middlewares/Third_Party/FreeRTOS/Source/CMSIS_RTOS/cmsis_os.c ****     thePool->item_sz = itemSize;
 1636              		.loc 1 896 5 is_stmt 1 view .LVU380
 1637              		.loc 1 896 22 is_stmt 0 view .LVU381
 1638 001a C660     		str	r6, [r0, #12]
 897:Middlewares/Third_Party/FreeRTOS/Source/CMSIS_RTOS/cmsis_os.c ****     thePool->currentIndex = 0;
 1639              		.loc 1 897 5 is_stmt 1 view .LVU382
 1640              		.loc 1 897 27 is_stmt 0 view .LVU383
 1641 001c 0023     		movs	r3, #0
 1642 001e 0361     		str	r3, [r0, #16]
 898:Middlewares/Third_Party/FreeRTOS/Source/CMSIS_RTOS/cmsis_os.c ****     
 899:Middlewares/Third_Party/FreeRTOS/Source/CMSIS_RTOS/cmsis_os.c ****     /* Memory for markers */
 900:Middlewares/Third_Party/FreeRTOS/Source/CMSIS_RTOS/cmsis_os.c ****     thePool->markers = pvPortMalloc(pool_def->pool_sz);
 1643              		.loc 1 900 5 is_stmt 1 view .LVU384
 1644              		.loc 1 900 24 is_stmt 0 view .LVU385
 1645 0020 2068     		ldr	r0, [r4]
 1646              	.LVL119:
 1647              		.loc 1 900 24 view .LVU386
 1648 0022 FFF7FEFF 		bl	pvPortMalloc
 1649              	.LVL120:
 1650 0026 0746     		mov	r7, r0
 1651              		.loc 1 900 22 discriminator 1 view .LVU387
 1652 0028 6860     		str	r0, [r5, #4]
 901:Middlewares/Third_Party/FreeRTOS/Source/CMSIS_RTOS/cmsis_os.c ****    
 902:Middlewares/Third_Party/FreeRTOS/Source/CMSIS_RTOS/cmsis_os.c ****     if (thePool->markers) {
 1653              		.loc 1 902 5 is_stmt 1 view .LVU388
 1654              		.loc 1 902 8 is_stmt 0 view .LVU389
 1655 002a D0B1     		cbz	r0, .L112
ARM GAS  D:\software\msy64\tmp\ccX5RH3v.s 			page 50


 903:Middlewares/Third_Party/FreeRTOS/Source/CMSIS_RTOS/cmsis_os.c ****       /* Now allocate the pool itself. */
 904:Middlewares/Third_Party/FreeRTOS/Source/CMSIS_RTOS/cmsis_os.c ****      thePool->pool = pvPortMalloc(pool_def->pool_sz * itemSize);
 1656              		.loc 1 904 6 is_stmt 1 view .LVU390
 1657              		.loc 1 904 43 is_stmt 0 view .LVU391
 1658 002c 2068     		ldr	r0, [r4]
 1659              		.loc 1 904 22 view .LVU392
 1660 002e 06FB00F0 		mul	r0, r6, r0
 1661 0032 FFF7FEFF 		bl	pvPortMalloc
 1662              	.LVL121:
 1663 0036 0646     		mov	r6, r0
 1664              	.LVL122:
 1665              		.loc 1 904 20 discriminator 1 view .LVU393
 1666 0038 2860     		str	r0, [r5]
 905:Middlewares/Third_Party/FreeRTOS/Source/CMSIS_RTOS/cmsis_os.c ****       
 906:Middlewares/Third_Party/FreeRTOS/Source/CMSIS_RTOS/cmsis_os.c ****       if (thePool->pool) {
 1667              		.loc 1 906 7 is_stmt 1 view .LVU394
 1668              		.loc 1 906 10 is_stmt 0 view .LVU395
 1669 003a 50B1     		cbz	r0, .L119
 907:Middlewares/Third_Party/FreeRTOS/Source/CMSIS_RTOS/cmsis_os.c ****         for (i = 0; i < pool_def->pool_sz; i++) {
 1670              		.loc 1 907 16 view .LVU396
 1671 003c 0023     		movs	r3, #0
 1672 003e 03E0     		b	.L113
 1673              	.LVL123:
 1674              	.L115:
 908:Middlewares/Third_Party/FreeRTOS/Source/CMSIS_RTOS/cmsis_os.c ****           thePool->markers[i] = 0;
 1675              		.loc 1 908 11 is_stmt 1 view .LVU397
 1676              		.loc 1 908 18 is_stmt 0 view .LVU398
 1677 0040 6A68     		ldr	r2, [r5, #4]
 1678              		.loc 1 908 31 view .LVU399
 1679 0042 0021     		movs	r1, #0
 1680 0044 D154     		strb	r1, [r2, r3]
 907:Middlewares/Third_Party/FreeRTOS/Source/CMSIS_RTOS/cmsis_os.c ****         for (i = 0; i < pool_def->pool_sz; i++) {
 1681              		.loc 1 907 45 is_stmt 1 discriminator 3 view .LVU400
 1682 0046 0133     		adds	r3, r3, #1
 1683              	.LVL124:
 1684              	.L113:
 907:Middlewares/Third_Party/FreeRTOS/Source/CMSIS_RTOS/cmsis_os.c ****         for (i = 0; i < pool_def->pool_sz; i++) {
 1685              		.loc 1 907 23 discriminator 1 view .LVU401
 907:Middlewares/Third_Party/FreeRTOS/Source/CMSIS_RTOS/cmsis_os.c ****         for (i = 0; i < pool_def->pool_sz; i++) {
 1686              		.loc 1 907 33 is_stmt 0 discriminator 1 view .LVU402
 1687 0048 2268     		ldr	r2, [r4]
 907:Middlewares/Third_Party/FreeRTOS/Source/CMSIS_RTOS/cmsis_os.c ****         for (i = 0; i < pool_def->pool_sz; i++) {
 1688              		.loc 1 907 23 discriminator 1 view .LVU403
 1689 004a 9A42     		cmp	r2, r3
 1690 004c F8D8     		bhi	.L115
 1691              	.LVL125:
 1692              	.L110:
 909:Middlewares/Third_Party/FreeRTOS/Source/CMSIS_RTOS/cmsis_os.c ****         }
 910:Middlewares/Third_Party/FreeRTOS/Source/CMSIS_RTOS/cmsis_os.c ****       }
 911:Middlewares/Third_Party/FreeRTOS/Source/CMSIS_RTOS/cmsis_os.c ****       else {
 912:Middlewares/Third_Party/FreeRTOS/Source/CMSIS_RTOS/cmsis_os.c ****         vPortFree(thePool->markers);
 913:Middlewares/Third_Party/FreeRTOS/Source/CMSIS_RTOS/cmsis_os.c ****         vPortFree(thePool);
 914:Middlewares/Third_Party/FreeRTOS/Source/CMSIS_RTOS/cmsis_os.c ****         thePool = NULL;
 915:Middlewares/Third_Party/FreeRTOS/Source/CMSIS_RTOS/cmsis_os.c ****       }
 916:Middlewares/Third_Party/FreeRTOS/Source/CMSIS_RTOS/cmsis_os.c ****     }
 917:Middlewares/Third_Party/FreeRTOS/Source/CMSIS_RTOS/cmsis_os.c ****     else {
 918:Middlewares/Third_Party/FreeRTOS/Source/CMSIS_RTOS/cmsis_os.c ****       vPortFree(thePool);
ARM GAS  D:\software\msy64\tmp\ccX5RH3v.s 			page 51


 919:Middlewares/Third_Party/FreeRTOS/Source/CMSIS_RTOS/cmsis_os.c ****       thePool = NULL;
 920:Middlewares/Third_Party/FreeRTOS/Source/CMSIS_RTOS/cmsis_os.c ****     }
 921:Middlewares/Third_Party/FreeRTOS/Source/CMSIS_RTOS/cmsis_os.c ****   }
 922:Middlewares/Third_Party/FreeRTOS/Source/CMSIS_RTOS/cmsis_os.c **** 
 923:Middlewares/Third_Party/FreeRTOS/Source/CMSIS_RTOS/cmsis_os.c ****   return thePool;
 924:Middlewares/Third_Party/FreeRTOS/Source/CMSIS_RTOS/cmsis_os.c ****  
 925:Middlewares/Third_Party/FreeRTOS/Source/CMSIS_RTOS/cmsis_os.c **** #else
 926:Middlewares/Third_Party/FreeRTOS/Source/CMSIS_RTOS/cmsis_os.c ****   return NULL;
 927:Middlewares/Third_Party/FreeRTOS/Source/CMSIS_RTOS/cmsis_os.c **** #endif
 928:Middlewares/Third_Party/FreeRTOS/Source/CMSIS_RTOS/cmsis_os.c **** }
 1693              		.loc 1 928 1 view .LVU404
 1694 004e 2846     		mov	r0, r5
 1695 0050 F8BD     		pop	{r3, r4, r5, r6, r7, pc}
 1696              	.LVL126:
 1697              	.L119:
 912:Middlewares/Third_Party/FreeRTOS/Source/CMSIS_RTOS/cmsis_os.c ****         vPortFree(thePool);
 1698              		.loc 1 912 9 is_stmt 1 view .LVU405
 1699 0052 6868     		ldr	r0, [r5, #4]
 1700 0054 FFF7FEFF 		bl	vPortFree
 1701              	.LVL127:
 913:Middlewares/Third_Party/FreeRTOS/Source/CMSIS_RTOS/cmsis_os.c ****         thePool = NULL;
 1702              		.loc 1 913 9 view .LVU406
 1703 0058 2846     		mov	r0, r5
 1704 005a FFF7FEFF 		bl	vPortFree
 1705              	.LVL128:
 914:Middlewares/Third_Party/FreeRTOS/Source/CMSIS_RTOS/cmsis_os.c ****       }
 1706              		.loc 1 914 9 view .LVU407
 914:Middlewares/Third_Party/FreeRTOS/Source/CMSIS_RTOS/cmsis_os.c ****       }
 1707              		.loc 1 914 17 is_stmt 0 view .LVU408
 1708 005e 3546     		mov	r5, r6
 1709 0060 F5E7     		b	.L110
 1710              	.LVL129:
 1711              	.L112:
 918:Middlewares/Third_Party/FreeRTOS/Source/CMSIS_RTOS/cmsis_os.c ****       thePool = NULL;
 1712              		.loc 1 918 7 is_stmt 1 view .LVU409
 1713 0062 2846     		mov	r0, r5
 1714 0064 FFF7FEFF 		bl	vPortFree
 1715              	.LVL130:
 919:Middlewares/Third_Party/FreeRTOS/Source/CMSIS_RTOS/cmsis_os.c ****     }
 1716              		.loc 1 919 7 view .LVU410
 919:Middlewares/Third_Party/FreeRTOS/Source/CMSIS_RTOS/cmsis_os.c ****     }
 1717              		.loc 1 919 15 is_stmt 0 view .LVU411
 1718 0068 3D46     		mov	r5, r7
 1719              	.LVL131:
 923:Middlewares/Third_Party/FreeRTOS/Source/CMSIS_RTOS/cmsis_os.c ****  
 1720              		.loc 1 923 3 is_stmt 1 view .LVU412
 923:Middlewares/Third_Party/FreeRTOS/Source/CMSIS_RTOS/cmsis_os.c ****  
 1721              		.loc 1 923 10 is_stmt 0 view .LVU413
 1722 006a F0E7     		b	.L110
 1723              		.cfi_endproc
 1724              	.LFE76:
 1726              		.section	.text.osPoolAlloc,"ax",%progbits
 1727              		.align	1
 1728              		.global	osPoolAlloc
 1729              		.syntax unified
 1730              		.thumb
 1731              		.thumb_func
ARM GAS  D:\software\msy64\tmp\ccX5RH3v.s 			page 52


 1733              	osPoolAlloc:
 1734              	.LVL132:
 1735              	.LFB77:
 929:Middlewares/Third_Party/FreeRTOS/Source/CMSIS_RTOS/cmsis_os.c **** 
 930:Middlewares/Third_Party/FreeRTOS/Source/CMSIS_RTOS/cmsis_os.c **** /**
 931:Middlewares/Third_Party/FreeRTOS/Source/CMSIS_RTOS/cmsis_os.c **** * @brief Allocate a memory block from a memory pool
 932:Middlewares/Third_Party/FreeRTOS/Source/CMSIS_RTOS/cmsis_os.c **** * @param pool_id       memory pool ID obtain referenced with \ref osPoolCreate.
 933:Middlewares/Third_Party/FreeRTOS/Source/CMSIS_RTOS/cmsis_os.c **** * @retval  address of the allocated memory block or NULL in case of no memory available.
 934:Middlewares/Third_Party/FreeRTOS/Source/CMSIS_RTOS/cmsis_os.c **** * @note   MUST REMAIN UNCHANGED: \b osPoolAlloc shall be consistent in every CMSIS-RTOS.
 935:Middlewares/Third_Party/FreeRTOS/Source/CMSIS_RTOS/cmsis_os.c **** */
 936:Middlewares/Third_Party/FreeRTOS/Source/CMSIS_RTOS/cmsis_os.c **** void *osPoolAlloc (osPoolId pool_id)
 937:Middlewares/Third_Party/FreeRTOS/Source/CMSIS_RTOS/cmsis_os.c **** {
 1736              		.loc 1 937 1 is_stmt 1 view -0
 1737              		.cfi_startproc
 1738              		@ args = 0, pretend = 0, frame = 0
 1739              		@ frame_needed = 0, uses_anonymous_args = 0
 1740              		.loc 1 937 1 is_stmt 0 view .LVU415
 1741 0000 70B5     		push	{r4, r5, r6, lr}
 1742              	.LCFI44:
 1743              		.cfi_def_cfa_offset 16
 1744              		.cfi_offset 4, -16
 1745              		.cfi_offset 5, -12
 1746              		.cfi_offset 6, -8
 1747              		.cfi_offset 14, -4
 1748 0002 0446     		mov	r4, r0
 938:Middlewares/Third_Party/FreeRTOS/Source/CMSIS_RTOS/cmsis_os.c ****   int dummy = 0;
 1749              		.loc 1 938 3 is_stmt 1 view .LVU416
 1750              	.LVL133:
 939:Middlewares/Third_Party/FreeRTOS/Source/CMSIS_RTOS/cmsis_os.c ****   void *p = NULL;
 1751              		.loc 1 939 3 view .LVU417
 940:Middlewares/Third_Party/FreeRTOS/Source/CMSIS_RTOS/cmsis_os.c ****   uint32_t i;
 1752              		.loc 1 940 3 view .LVU418
 941:Middlewares/Third_Party/FreeRTOS/Source/CMSIS_RTOS/cmsis_os.c ****   uint32_t index;
 1753              		.loc 1 941 3 view .LVU419
 942:Middlewares/Third_Party/FreeRTOS/Source/CMSIS_RTOS/cmsis_os.c ****   
 943:Middlewares/Third_Party/FreeRTOS/Source/CMSIS_RTOS/cmsis_os.c ****   if (inHandlerMode()) {
 1754              		.loc 1 943 3 view .LVU420
 1755              		.loc 1 943 7 is_stmt 0 view .LVU421
 1756 0004 FFF7FEFF 		bl	inHandlerMode
 1757              	.LVL134:
 1758              		.loc 1 943 6 discriminator 1 view .LVU422
 1759 0008 58B1     		cbz	r0, .L121
 944:Middlewares/Third_Party/FreeRTOS/Source/CMSIS_RTOS/cmsis_os.c ****     dummy = portSET_INTERRUPT_MASK_FROM_ISR();
 1760              		.loc 1 944 5 is_stmt 1 view .LVU423
 1761              	.LBB10:
 1762              	.LBI10:
 1763              		.file 3 "Middlewares/Third_Party/FreeRTOS/Source/portable/GCC/ARM_CM3/portmacro.h"
   1:Middlewares/Third_Party/FreeRTOS/Source/portable/GCC/ARM_CM3/portmacro.h **** /*
   2:Middlewares/Third_Party/FreeRTOS/Source/portable/GCC/ARM_CM3/portmacro.h ****  * FreeRTOS Kernel V10.3.1
   3:Middlewares/Third_Party/FreeRTOS/Source/portable/GCC/ARM_CM3/portmacro.h ****  * Copyright (C) 2020 Amazon.com, Inc. or its affiliates.  All Rights Reserved.
   4:Middlewares/Third_Party/FreeRTOS/Source/portable/GCC/ARM_CM3/portmacro.h ****  *
   5:Middlewares/Third_Party/FreeRTOS/Source/portable/GCC/ARM_CM3/portmacro.h ****  * Permission is hereby granted, free of charge, to any person obtaining a copy of
   6:Middlewares/Third_Party/FreeRTOS/Source/portable/GCC/ARM_CM3/portmacro.h ****  * this software and associated documentation files (the "Software"), to deal in
   7:Middlewares/Third_Party/FreeRTOS/Source/portable/GCC/ARM_CM3/portmacro.h ****  * the Software without restriction, including without limitation the rights to
   8:Middlewares/Third_Party/FreeRTOS/Source/portable/GCC/ARM_CM3/portmacro.h ****  * use, copy, modify, merge, publish, distribute, sublicense, and/or sell copies of
   9:Middlewares/Third_Party/FreeRTOS/Source/portable/GCC/ARM_CM3/portmacro.h ****  * the Software, and to permit persons to whom the Software is furnished to do so,
  10:Middlewares/Third_Party/FreeRTOS/Source/portable/GCC/ARM_CM3/portmacro.h ****  * subject to the following conditions:
ARM GAS  D:\software\msy64\tmp\ccX5RH3v.s 			page 53


  11:Middlewares/Third_Party/FreeRTOS/Source/portable/GCC/ARM_CM3/portmacro.h ****  *
  12:Middlewares/Third_Party/FreeRTOS/Source/portable/GCC/ARM_CM3/portmacro.h ****  * The above copyright notice and this permission notice shall be included in all
  13:Middlewares/Third_Party/FreeRTOS/Source/portable/GCC/ARM_CM3/portmacro.h ****  * copies or substantial portions of the Software.
  14:Middlewares/Third_Party/FreeRTOS/Source/portable/GCC/ARM_CM3/portmacro.h ****  *
  15:Middlewares/Third_Party/FreeRTOS/Source/portable/GCC/ARM_CM3/portmacro.h ****  * THE SOFTWARE IS PROVIDED "AS IS", WITHOUT WARRANTY OF ANY KIND, EXPRESS OR
  16:Middlewares/Third_Party/FreeRTOS/Source/portable/GCC/ARM_CM3/portmacro.h ****  * IMPLIED, INCLUDING BUT NOT LIMITED TO THE WARRANTIES OF MERCHANTABILITY, FITNESS
  17:Middlewares/Third_Party/FreeRTOS/Source/portable/GCC/ARM_CM3/portmacro.h ****  * FOR A PARTICULAR PURPOSE AND NONINFRINGEMENT. IN NO EVENT SHALL THE AUTHORS OR
  18:Middlewares/Third_Party/FreeRTOS/Source/portable/GCC/ARM_CM3/portmacro.h ****  * COPYRIGHT HOLDERS BE LIABLE FOR ANY CLAIM, DAMAGES OR OTHER LIABILITY, WHETHER
  19:Middlewares/Third_Party/FreeRTOS/Source/portable/GCC/ARM_CM3/portmacro.h ****  * IN AN ACTION OF CONTRACT, TORT OR OTHERWISE, ARISING FROM, OUT OF OR IN
  20:Middlewares/Third_Party/FreeRTOS/Source/portable/GCC/ARM_CM3/portmacro.h ****  * CONNECTION WITH THE SOFTWARE OR THE USE OR OTHER DEALINGS IN THE SOFTWARE.
  21:Middlewares/Third_Party/FreeRTOS/Source/portable/GCC/ARM_CM3/portmacro.h ****  *
  22:Middlewares/Third_Party/FreeRTOS/Source/portable/GCC/ARM_CM3/portmacro.h ****  * http://www.FreeRTOS.org
  23:Middlewares/Third_Party/FreeRTOS/Source/portable/GCC/ARM_CM3/portmacro.h ****  * http://aws.amazon.com/freertos
  24:Middlewares/Third_Party/FreeRTOS/Source/portable/GCC/ARM_CM3/portmacro.h ****  *
  25:Middlewares/Third_Party/FreeRTOS/Source/portable/GCC/ARM_CM3/portmacro.h ****  * 1 tab == 4 spaces!
  26:Middlewares/Third_Party/FreeRTOS/Source/portable/GCC/ARM_CM3/portmacro.h ****  */
  27:Middlewares/Third_Party/FreeRTOS/Source/portable/GCC/ARM_CM3/portmacro.h **** 
  28:Middlewares/Third_Party/FreeRTOS/Source/portable/GCC/ARM_CM3/portmacro.h **** 
  29:Middlewares/Third_Party/FreeRTOS/Source/portable/GCC/ARM_CM3/portmacro.h **** #ifndef PORTMACRO_H
  30:Middlewares/Third_Party/FreeRTOS/Source/portable/GCC/ARM_CM3/portmacro.h **** #define PORTMACRO_H
  31:Middlewares/Third_Party/FreeRTOS/Source/portable/GCC/ARM_CM3/portmacro.h **** 
  32:Middlewares/Third_Party/FreeRTOS/Source/portable/GCC/ARM_CM3/portmacro.h **** #ifdef __cplusplus
  33:Middlewares/Third_Party/FreeRTOS/Source/portable/GCC/ARM_CM3/portmacro.h **** extern "C" {
  34:Middlewares/Third_Party/FreeRTOS/Source/portable/GCC/ARM_CM3/portmacro.h **** #endif
  35:Middlewares/Third_Party/FreeRTOS/Source/portable/GCC/ARM_CM3/portmacro.h **** 
  36:Middlewares/Third_Party/FreeRTOS/Source/portable/GCC/ARM_CM3/portmacro.h **** /*-----------------------------------------------------------
  37:Middlewares/Third_Party/FreeRTOS/Source/portable/GCC/ARM_CM3/portmacro.h ****  * Port specific definitions.
  38:Middlewares/Third_Party/FreeRTOS/Source/portable/GCC/ARM_CM3/portmacro.h ****  *
  39:Middlewares/Third_Party/FreeRTOS/Source/portable/GCC/ARM_CM3/portmacro.h ****  * The settings in this file configure FreeRTOS correctly for the
  40:Middlewares/Third_Party/FreeRTOS/Source/portable/GCC/ARM_CM3/portmacro.h ****  * given hardware and compiler.
  41:Middlewares/Third_Party/FreeRTOS/Source/portable/GCC/ARM_CM3/portmacro.h ****  *
  42:Middlewares/Third_Party/FreeRTOS/Source/portable/GCC/ARM_CM3/portmacro.h ****  * These settings should not be altered.
  43:Middlewares/Third_Party/FreeRTOS/Source/portable/GCC/ARM_CM3/portmacro.h ****  *-----------------------------------------------------------
  44:Middlewares/Third_Party/FreeRTOS/Source/portable/GCC/ARM_CM3/portmacro.h ****  */
  45:Middlewares/Third_Party/FreeRTOS/Source/portable/GCC/ARM_CM3/portmacro.h **** 
  46:Middlewares/Third_Party/FreeRTOS/Source/portable/GCC/ARM_CM3/portmacro.h **** /* Type definitions. */
  47:Middlewares/Third_Party/FreeRTOS/Source/portable/GCC/ARM_CM3/portmacro.h **** #define portCHAR		char
  48:Middlewares/Third_Party/FreeRTOS/Source/portable/GCC/ARM_CM3/portmacro.h **** #define portFLOAT		float
  49:Middlewares/Third_Party/FreeRTOS/Source/portable/GCC/ARM_CM3/portmacro.h **** #define portDOUBLE		double
  50:Middlewares/Third_Party/FreeRTOS/Source/portable/GCC/ARM_CM3/portmacro.h **** #define portLONG		long
  51:Middlewares/Third_Party/FreeRTOS/Source/portable/GCC/ARM_CM3/portmacro.h **** #define portSHORT		short
  52:Middlewares/Third_Party/FreeRTOS/Source/portable/GCC/ARM_CM3/portmacro.h **** #define portSTACK_TYPE	uint32_t
  53:Middlewares/Third_Party/FreeRTOS/Source/portable/GCC/ARM_CM3/portmacro.h **** #define portBASE_TYPE	long
  54:Middlewares/Third_Party/FreeRTOS/Source/portable/GCC/ARM_CM3/portmacro.h **** 
  55:Middlewares/Third_Party/FreeRTOS/Source/portable/GCC/ARM_CM3/portmacro.h **** typedef portSTACK_TYPE StackType_t;
  56:Middlewares/Third_Party/FreeRTOS/Source/portable/GCC/ARM_CM3/portmacro.h **** typedef long BaseType_t;
  57:Middlewares/Third_Party/FreeRTOS/Source/portable/GCC/ARM_CM3/portmacro.h **** typedef unsigned long UBaseType_t;
  58:Middlewares/Third_Party/FreeRTOS/Source/portable/GCC/ARM_CM3/portmacro.h **** 
  59:Middlewares/Third_Party/FreeRTOS/Source/portable/GCC/ARM_CM3/portmacro.h **** #if( configUSE_16_BIT_TICKS == 1 )
  60:Middlewares/Third_Party/FreeRTOS/Source/portable/GCC/ARM_CM3/portmacro.h **** 	typedef uint16_t TickType_t;
  61:Middlewares/Third_Party/FreeRTOS/Source/portable/GCC/ARM_CM3/portmacro.h **** 	#define portMAX_DELAY ( TickType_t ) 0xffff
  62:Middlewares/Third_Party/FreeRTOS/Source/portable/GCC/ARM_CM3/portmacro.h **** #else
  63:Middlewares/Third_Party/FreeRTOS/Source/portable/GCC/ARM_CM3/portmacro.h **** 	typedef uint32_t TickType_t;
  64:Middlewares/Third_Party/FreeRTOS/Source/portable/GCC/ARM_CM3/portmacro.h **** 	#define portMAX_DELAY ( TickType_t ) 0xffffffffUL
  65:Middlewares/Third_Party/FreeRTOS/Source/portable/GCC/ARM_CM3/portmacro.h **** 
  66:Middlewares/Third_Party/FreeRTOS/Source/portable/GCC/ARM_CM3/portmacro.h **** 	/* 32-bit tick type on a 32-bit architecture, so reads of the tick count do
  67:Middlewares/Third_Party/FreeRTOS/Source/portable/GCC/ARM_CM3/portmacro.h **** 	not need to be guarded with a critical section. */
ARM GAS  D:\software\msy64\tmp\ccX5RH3v.s 			page 54


  68:Middlewares/Third_Party/FreeRTOS/Source/portable/GCC/ARM_CM3/portmacro.h **** 	#define portTICK_TYPE_IS_ATOMIC 1
  69:Middlewares/Third_Party/FreeRTOS/Source/portable/GCC/ARM_CM3/portmacro.h **** #endif
  70:Middlewares/Third_Party/FreeRTOS/Source/portable/GCC/ARM_CM3/portmacro.h **** /*-----------------------------------------------------------*/
  71:Middlewares/Third_Party/FreeRTOS/Source/portable/GCC/ARM_CM3/portmacro.h **** 
  72:Middlewares/Third_Party/FreeRTOS/Source/portable/GCC/ARM_CM3/portmacro.h **** /* Architecture specifics. */
  73:Middlewares/Third_Party/FreeRTOS/Source/portable/GCC/ARM_CM3/portmacro.h **** #define portSTACK_GROWTH			( -1 )
  74:Middlewares/Third_Party/FreeRTOS/Source/portable/GCC/ARM_CM3/portmacro.h **** #define portTICK_PERIOD_MS			( ( TickType_t ) 1000 / configTICK_RATE_HZ )
  75:Middlewares/Third_Party/FreeRTOS/Source/portable/GCC/ARM_CM3/portmacro.h **** #define portBYTE_ALIGNMENT			8
  76:Middlewares/Third_Party/FreeRTOS/Source/portable/GCC/ARM_CM3/portmacro.h **** /*-----------------------------------------------------------*/
  77:Middlewares/Third_Party/FreeRTOS/Source/portable/GCC/ARM_CM3/portmacro.h **** 
  78:Middlewares/Third_Party/FreeRTOS/Source/portable/GCC/ARM_CM3/portmacro.h **** /* Scheduler utilities. */
  79:Middlewares/Third_Party/FreeRTOS/Source/portable/GCC/ARM_CM3/portmacro.h **** #define portYIELD() 															\
  80:Middlewares/Third_Party/FreeRTOS/Source/portable/GCC/ARM_CM3/portmacro.h **** {																				\
  81:Middlewares/Third_Party/FreeRTOS/Source/portable/GCC/ARM_CM3/portmacro.h **** 	/* Set a PendSV to request a context switch. */								\
  82:Middlewares/Third_Party/FreeRTOS/Source/portable/GCC/ARM_CM3/portmacro.h **** 	portNVIC_INT_CTRL_REG = portNVIC_PENDSVSET_BIT;								\
  83:Middlewares/Third_Party/FreeRTOS/Source/portable/GCC/ARM_CM3/portmacro.h **** 																				\
  84:Middlewares/Third_Party/FreeRTOS/Source/portable/GCC/ARM_CM3/portmacro.h **** 	/* Barriers are normally not required but do ensure the code is completely	\
  85:Middlewares/Third_Party/FreeRTOS/Source/portable/GCC/ARM_CM3/portmacro.h **** 	within the specified behaviour for the architecture. */						\
  86:Middlewares/Third_Party/FreeRTOS/Source/portable/GCC/ARM_CM3/portmacro.h **** 	__asm volatile( "dsb" ::: "memory" );										\
  87:Middlewares/Third_Party/FreeRTOS/Source/portable/GCC/ARM_CM3/portmacro.h **** 	__asm volatile( "isb" );													\
  88:Middlewares/Third_Party/FreeRTOS/Source/portable/GCC/ARM_CM3/portmacro.h **** }
  89:Middlewares/Third_Party/FreeRTOS/Source/portable/GCC/ARM_CM3/portmacro.h **** 
  90:Middlewares/Third_Party/FreeRTOS/Source/portable/GCC/ARM_CM3/portmacro.h **** #define portNVIC_INT_CTRL_REG		( * ( ( volatile uint32_t * ) 0xe000ed04 ) )
  91:Middlewares/Third_Party/FreeRTOS/Source/portable/GCC/ARM_CM3/portmacro.h **** #define portNVIC_PENDSVSET_BIT		( 1UL << 28UL )
  92:Middlewares/Third_Party/FreeRTOS/Source/portable/GCC/ARM_CM3/portmacro.h **** #define portEND_SWITCHING_ISR( xSwitchRequired ) if( xSwitchRequired != pdFALSE ) portYIELD()
  93:Middlewares/Third_Party/FreeRTOS/Source/portable/GCC/ARM_CM3/portmacro.h **** #define portYIELD_FROM_ISR( x ) portEND_SWITCHING_ISR( x )
  94:Middlewares/Third_Party/FreeRTOS/Source/portable/GCC/ARM_CM3/portmacro.h **** /*-----------------------------------------------------------*/
  95:Middlewares/Third_Party/FreeRTOS/Source/portable/GCC/ARM_CM3/portmacro.h **** 
  96:Middlewares/Third_Party/FreeRTOS/Source/portable/GCC/ARM_CM3/portmacro.h **** /* Critical section management. */
  97:Middlewares/Third_Party/FreeRTOS/Source/portable/GCC/ARM_CM3/portmacro.h **** extern void vPortEnterCritical( void );
  98:Middlewares/Third_Party/FreeRTOS/Source/portable/GCC/ARM_CM3/portmacro.h **** extern void vPortExitCritical( void );
  99:Middlewares/Third_Party/FreeRTOS/Source/portable/GCC/ARM_CM3/portmacro.h **** #define portSET_INTERRUPT_MASK_FROM_ISR()		ulPortRaiseBASEPRI()
 100:Middlewares/Third_Party/FreeRTOS/Source/portable/GCC/ARM_CM3/portmacro.h **** #define portCLEAR_INTERRUPT_MASK_FROM_ISR(x)	vPortSetBASEPRI(x)
 101:Middlewares/Third_Party/FreeRTOS/Source/portable/GCC/ARM_CM3/portmacro.h **** #define portDISABLE_INTERRUPTS()				vPortRaiseBASEPRI()
 102:Middlewares/Third_Party/FreeRTOS/Source/portable/GCC/ARM_CM3/portmacro.h **** #define portENABLE_INTERRUPTS()					vPortSetBASEPRI(0)
 103:Middlewares/Third_Party/FreeRTOS/Source/portable/GCC/ARM_CM3/portmacro.h **** #define portENTER_CRITICAL()					vPortEnterCritical()
 104:Middlewares/Third_Party/FreeRTOS/Source/portable/GCC/ARM_CM3/portmacro.h **** #define portEXIT_CRITICAL()						vPortExitCritical()
 105:Middlewares/Third_Party/FreeRTOS/Source/portable/GCC/ARM_CM3/portmacro.h **** 
 106:Middlewares/Third_Party/FreeRTOS/Source/portable/GCC/ARM_CM3/portmacro.h **** /*-----------------------------------------------------------*/
 107:Middlewares/Third_Party/FreeRTOS/Source/portable/GCC/ARM_CM3/portmacro.h **** 
 108:Middlewares/Third_Party/FreeRTOS/Source/portable/GCC/ARM_CM3/portmacro.h **** /* Task function macros as described on the FreeRTOS.org WEB site.  These are
 109:Middlewares/Third_Party/FreeRTOS/Source/portable/GCC/ARM_CM3/portmacro.h **** not necessary for to use this port.  They are defined so the common demo files
 110:Middlewares/Third_Party/FreeRTOS/Source/portable/GCC/ARM_CM3/portmacro.h **** (which build with all the ports) will build. */
 111:Middlewares/Third_Party/FreeRTOS/Source/portable/GCC/ARM_CM3/portmacro.h **** #define portTASK_FUNCTION_PROTO( vFunction, pvParameters ) void vFunction( void *pvParameters )
 112:Middlewares/Third_Party/FreeRTOS/Source/portable/GCC/ARM_CM3/portmacro.h **** #define portTASK_FUNCTION( vFunction, pvParameters ) void vFunction( void *pvParameters )
 113:Middlewares/Third_Party/FreeRTOS/Source/portable/GCC/ARM_CM3/portmacro.h **** /*-----------------------------------------------------------*/
 114:Middlewares/Third_Party/FreeRTOS/Source/portable/GCC/ARM_CM3/portmacro.h **** 
 115:Middlewares/Third_Party/FreeRTOS/Source/portable/GCC/ARM_CM3/portmacro.h **** /* Tickless idle/low power functionality. */
 116:Middlewares/Third_Party/FreeRTOS/Source/portable/GCC/ARM_CM3/portmacro.h **** #ifndef portSUPPRESS_TICKS_AND_SLEEP
 117:Middlewares/Third_Party/FreeRTOS/Source/portable/GCC/ARM_CM3/portmacro.h **** 	extern void vPortSuppressTicksAndSleep( TickType_t xExpectedIdleTime );
 118:Middlewares/Third_Party/FreeRTOS/Source/portable/GCC/ARM_CM3/portmacro.h **** 	#define portSUPPRESS_TICKS_AND_SLEEP( xExpectedIdleTime ) vPortSuppressTicksAndSleep( xExpectedIdl
 119:Middlewares/Third_Party/FreeRTOS/Source/portable/GCC/ARM_CM3/portmacro.h **** #endif
 120:Middlewares/Third_Party/FreeRTOS/Source/portable/GCC/ARM_CM3/portmacro.h **** /*-----------------------------------------------------------*/
 121:Middlewares/Third_Party/FreeRTOS/Source/portable/GCC/ARM_CM3/portmacro.h **** 
 122:Middlewares/Third_Party/FreeRTOS/Source/portable/GCC/ARM_CM3/portmacro.h **** /* Architecture specific optimisations. */
 123:Middlewares/Third_Party/FreeRTOS/Source/portable/GCC/ARM_CM3/portmacro.h **** #ifndef configUSE_PORT_OPTIMISED_TASK_SELECTION
 124:Middlewares/Third_Party/FreeRTOS/Source/portable/GCC/ARM_CM3/portmacro.h **** 	#define configUSE_PORT_OPTIMISED_TASK_SELECTION 1
ARM GAS  D:\software\msy64\tmp\ccX5RH3v.s 			page 55


 125:Middlewares/Third_Party/FreeRTOS/Source/portable/GCC/ARM_CM3/portmacro.h **** #endif
 126:Middlewares/Third_Party/FreeRTOS/Source/portable/GCC/ARM_CM3/portmacro.h **** 
 127:Middlewares/Third_Party/FreeRTOS/Source/portable/GCC/ARM_CM3/portmacro.h **** #if configUSE_PORT_OPTIMISED_TASK_SELECTION == 1
 128:Middlewares/Third_Party/FreeRTOS/Source/portable/GCC/ARM_CM3/portmacro.h **** 
 129:Middlewares/Third_Party/FreeRTOS/Source/portable/GCC/ARM_CM3/portmacro.h **** 	/* Generic helper function. */
 130:Middlewares/Third_Party/FreeRTOS/Source/portable/GCC/ARM_CM3/portmacro.h **** 	__attribute__( ( always_inline ) ) static inline uint8_t ucPortCountLeadingZeros( uint32_t ulBitma
 131:Middlewares/Third_Party/FreeRTOS/Source/portable/GCC/ARM_CM3/portmacro.h **** 	{
 132:Middlewares/Third_Party/FreeRTOS/Source/portable/GCC/ARM_CM3/portmacro.h **** 	uint8_t ucReturn;
 133:Middlewares/Third_Party/FreeRTOS/Source/portable/GCC/ARM_CM3/portmacro.h **** 
 134:Middlewares/Third_Party/FreeRTOS/Source/portable/GCC/ARM_CM3/portmacro.h **** 		__asm volatile ( "clz %0, %1" : "=r" ( ucReturn ) : "r" ( ulBitmap ) : "memory" );
 135:Middlewares/Third_Party/FreeRTOS/Source/portable/GCC/ARM_CM3/portmacro.h **** 		return ucReturn;
 136:Middlewares/Third_Party/FreeRTOS/Source/portable/GCC/ARM_CM3/portmacro.h **** 	}
 137:Middlewares/Third_Party/FreeRTOS/Source/portable/GCC/ARM_CM3/portmacro.h **** 
 138:Middlewares/Third_Party/FreeRTOS/Source/portable/GCC/ARM_CM3/portmacro.h **** 	/* Check the configuration. */
 139:Middlewares/Third_Party/FreeRTOS/Source/portable/GCC/ARM_CM3/portmacro.h **** 	#if( configMAX_PRIORITIES > 32 )
 140:Middlewares/Third_Party/FreeRTOS/Source/portable/GCC/ARM_CM3/portmacro.h **** 		#error configUSE_PORT_OPTIMISED_TASK_SELECTION can only be set to 1 when configMAX_PRIORITIES is 
 141:Middlewares/Third_Party/FreeRTOS/Source/portable/GCC/ARM_CM3/portmacro.h **** 	#endif
 142:Middlewares/Third_Party/FreeRTOS/Source/portable/GCC/ARM_CM3/portmacro.h **** 
 143:Middlewares/Third_Party/FreeRTOS/Source/portable/GCC/ARM_CM3/portmacro.h **** 	/* Store/clear the ready priorities in a bit map. */
 144:Middlewares/Third_Party/FreeRTOS/Source/portable/GCC/ARM_CM3/portmacro.h **** 	#define portRECORD_READY_PRIORITY( uxPriority, uxReadyPriorities ) ( uxReadyPriorities ) |= ( 1UL 
 145:Middlewares/Third_Party/FreeRTOS/Source/portable/GCC/ARM_CM3/portmacro.h **** 	#define portRESET_READY_PRIORITY( uxPriority, uxReadyPriorities ) ( uxReadyPriorities ) &= ~( 1UL 
 146:Middlewares/Third_Party/FreeRTOS/Source/portable/GCC/ARM_CM3/portmacro.h **** 
 147:Middlewares/Third_Party/FreeRTOS/Source/portable/GCC/ARM_CM3/portmacro.h **** 	/*-----------------------------------------------------------*/
 148:Middlewares/Third_Party/FreeRTOS/Source/portable/GCC/ARM_CM3/portmacro.h **** 
 149:Middlewares/Third_Party/FreeRTOS/Source/portable/GCC/ARM_CM3/portmacro.h **** 	#define portGET_HIGHEST_PRIORITY( uxTopPriority, uxReadyPriorities ) uxTopPriority = ( 31UL - ( ui
 150:Middlewares/Third_Party/FreeRTOS/Source/portable/GCC/ARM_CM3/portmacro.h **** 
 151:Middlewares/Third_Party/FreeRTOS/Source/portable/GCC/ARM_CM3/portmacro.h **** #endif /* configUSE_PORT_OPTIMISED_TASK_SELECTION */
 152:Middlewares/Third_Party/FreeRTOS/Source/portable/GCC/ARM_CM3/portmacro.h **** 
 153:Middlewares/Third_Party/FreeRTOS/Source/portable/GCC/ARM_CM3/portmacro.h **** /*-----------------------------------------------------------*/
 154:Middlewares/Third_Party/FreeRTOS/Source/portable/GCC/ARM_CM3/portmacro.h **** 
 155:Middlewares/Third_Party/FreeRTOS/Source/portable/GCC/ARM_CM3/portmacro.h **** #ifdef configASSERT
 156:Middlewares/Third_Party/FreeRTOS/Source/portable/GCC/ARM_CM3/portmacro.h **** 	void vPortValidateInterruptPriority( void );
 157:Middlewares/Third_Party/FreeRTOS/Source/portable/GCC/ARM_CM3/portmacro.h **** 	#define portASSERT_IF_INTERRUPT_PRIORITY_INVALID() 	vPortValidateInterruptPriority()
 158:Middlewares/Third_Party/FreeRTOS/Source/portable/GCC/ARM_CM3/portmacro.h **** #endif
 159:Middlewares/Third_Party/FreeRTOS/Source/portable/GCC/ARM_CM3/portmacro.h **** 
 160:Middlewares/Third_Party/FreeRTOS/Source/portable/GCC/ARM_CM3/portmacro.h **** /* portNOP() is not required by this port. */
 161:Middlewares/Third_Party/FreeRTOS/Source/portable/GCC/ARM_CM3/portmacro.h **** #define portNOP()
 162:Middlewares/Third_Party/FreeRTOS/Source/portable/GCC/ARM_CM3/portmacro.h **** 
 163:Middlewares/Third_Party/FreeRTOS/Source/portable/GCC/ARM_CM3/portmacro.h **** #define portINLINE	__inline
 164:Middlewares/Third_Party/FreeRTOS/Source/portable/GCC/ARM_CM3/portmacro.h **** 
 165:Middlewares/Third_Party/FreeRTOS/Source/portable/GCC/ARM_CM3/portmacro.h **** #ifndef portFORCE_INLINE
 166:Middlewares/Third_Party/FreeRTOS/Source/portable/GCC/ARM_CM3/portmacro.h **** 	#define portFORCE_INLINE inline __attribute__(( always_inline))
 167:Middlewares/Third_Party/FreeRTOS/Source/portable/GCC/ARM_CM3/portmacro.h **** #endif
 168:Middlewares/Third_Party/FreeRTOS/Source/portable/GCC/ARM_CM3/portmacro.h **** 
 169:Middlewares/Third_Party/FreeRTOS/Source/portable/GCC/ARM_CM3/portmacro.h **** /*-----------------------------------------------------------*/
 170:Middlewares/Third_Party/FreeRTOS/Source/portable/GCC/ARM_CM3/portmacro.h **** 
 171:Middlewares/Third_Party/FreeRTOS/Source/portable/GCC/ARM_CM3/portmacro.h **** portFORCE_INLINE static BaseType_t xPortIsInsideInterrupt( void )
 172:Middlewares/Third_Party/FreeRTOS/Source/portable/GCC/ARM_CM3/portmacro.h **** {
 173:Middlewares/Third_Party/FreeRTOS/Source/portable/GCC/ARM_CM3/portmacro.h **** uint32_t ulCurrentInterrupt;
 174:Middlewares/Third_Party/FreeRTOS/Source/portable/GCC/ARM_CM3/portmacro.h **** BaseType_t xReturn;
 175:Middlewares/Third_Party/FreeRTOS/Source/portable/GCC/ARM_CM3/portmacro.h **** 
 176:Middlewares/Third_Party/FreeRTOS/Source/portable/GCC/ARM_CM3/portmacro.h **** 	/* Obtain the number of the currently executing interrupt. */
 177:Middlewares/Third_Party/FreeRTOS/Source/portable/GCC/ARM_CM3/portmacro.h **** 	__asm volatile( "mrs %0, ipsr" : "=r"( ulCurrentInterrupt ) :: "memory" );
 178:Middlewares/Third_Party/FreeRTOS/Source/portable/GCC/ARM_CM3/portmacro.h **** 
 179:Middlewares/Third_Party/FreeRTOS/Source/portable/GCC/ARM_CM3/portmacro.h **** 	if( ulCurrentInterrupt == 0 )
 180:Middlewares/Third_Party/FreeRTOS/Source/portable/GCC/ARM_CM3/portmacro.h **** 	{
 181:Middlewares/Third_Party/FreeRTOS/Source/portable/GCC/ARM_CM3/portmacro.h **** 		xReturn = pdFALSE;
ARM GAS  D:\software\msy64\tmp\ccX5RH3v.s 			page 56


 182:Middlewares/Third_Party/FreeRTOS/Source/portable/GCC/ARM_CM3/portmacro.h **** 	}
 183:Middlewares/Third_Party/FreeRTOS/Source/portable/GCC/ARM_CM3/portmacro.h **** 	else
 184:Middlewares/Third_Party/FreeRTOS/Source/portable/GCC/ARM_CM3/portmacro.h **** 	{
 185:Middlewares/Third_Party/FreeRTOS/Source/portable/GCC/ARM_CM3/portmacro.h **** 		xReturn = pdTRUE;
 186:Middlewares/Third_Party/FreeRTOS/Source/portable/GCC/ARM_CM3/portmacro.h **** 	}
 187:Middlewares/Third_Party/FreeRTOS/Source/portable/GCC/ARM_CM3/portmacro.h **** 
 188:Middlewares/Third_Party/FreeRTOS/Source/portable/GCC/ARM_CM3/portmacro.h **** 	return xReturn;
 189:Middlewares/Third_Party/FreeRTOS/Source/portable/GCC/ARM_CM3/portmacro.h **** }
 190:Middlewares/Third_Party/FreeRTOS/Source/portable/GCC/ARM_CM3/portmacro.h **** 
 191:Middlewares/Third_Party/FreeRTOS/Source/portable/GCC/ARM_CM3/portmacro.h **** /*-----------------------------------------------------------*/
 192:Middlewares/Third_Party/FreeRTOS/Source/portable/GCC/ARM_CM3/portmacro.h **** 
 193:Middlewares/Third_Party/FreeRTOS/Source/portable/GCC/ARM_CM3/portmacro.h **** portFORCE_INLINE static void vPortRaiseBASEPRI( void )
 194:Middlewares/Third_Party/FreeRTOS/Source/portable/GCC/ARM_CM3/portmacro.h **** {
 195:Middlewares/Third_Party/FreeRTOS/Source/portable/GCC/ARM_CM3/portmacro.h **** uint32_t ulNewBASEPRI;
 196:Middlewares/Third_Party/FreeRTOS/Source/portable/GCC/ARM_CM3/portmacro.h **** 
 197:Middlewares/Third_Party/FreeRTOS/Source/portable/GCC/ARM_CM3/portmacro.h **** 	__asm volatile
 198:Middlewares/Third_Party/FreeRTOS/Source/portable/GCC/ARM_CM3/portmacro.h **** 	(
 199:Middlewares/Third_Party/FreeRTOS/Source/portable/GCC/ARM_CM3/portmacro.h **** 		"	mov %0, %1												\n" \
 200:Middlewares/Third_Party/FreeRTOS/Source/portable/GCC/ARM_CM3/portmacro.h **** 		"	msr basepri, %0											\n" \
 201:Middlewares/Third_Party/FreeRTOS/Source/portable/GCC/ARM_CM3/portmacro.h **** 		"	isb														\n" \
 202:Middlewares/Third_Party/FreeRTOS/Source/portable/GCC/ARM_CM3/portmacro.h **** 		"	dsb														\n" \
 203:Middlewares/Third_Party/FreeRTOS/Source/portable/GCC/ARM_CM3/portmacro.h **** 		:"=r" (ulNewBASEPRI) : "i" ( configMAX_SYSCALL_INTERRUPT_PRIORITY ) : "memory"
 204:Middlewares/Third_Party/FreeRTOS/Source/portable/GCC/ARM_CM3/portmacro.h **** 	);
 205:Middlewares/Third_Party/FreeRTOS/Source/portable/GCC/ARM_CM3/portmacro.h **** }
 206:Middlewares/Third_Party/FreeRTOS/Source/portable/GCC/ARM_CM3/portmacro.h **** 
 207:Middlewares/Third_Party/FreeRTOS/Source/portable/GCC/ARM_CM3/portmacro.h **** /*-----------------------------------------------------------*/
 208:Middlewares/Third_Party/FreeRTOS/Source/portable/GCC/ARM_CM3/portmacro.h **** 
 209:Middlewares/Third_Party/FreeRTOS/Source/portable/GCC/ARM_CM3/portmacro.h **** portFORCE_INLINE static uint32_t ulPortRaiseBASEPRI( void )
 1764              		.loc 3 209 34 view .LVU424
 1765              	.LBB11:
 210:Middlewares/Third_Party/FreeRTOS/Source/portable/GCC/ARM_CM3/portmacro.h **** {
 211:Middlewares/Third_Party/FreeRTOS/Source/portable/GCC/ARM_CM3/portmacro.h **** uint32_t ulOriginalBASEPRI, ulNewBASEPRI;
 1766              		.loc 3 211 1 view .LVU425
 212:Middlewares/Third_Party/FreeRTOS/Source/portable/GCC/ARM_CM3/portmacro.h **** 
 213:Middlewares/Third_Party/FreeRTOS/Source/portable/GCC/ARM_CM3/portmacro.h **** 	__asm volatile
 1767              		.loc 3 213 2 view .LVU426
 1768              		.syntax unified
 1769              	@ 213 "Middlewares/Third_Party/FreeRTOS/Source/portable/GCC/ARM_CM3/portmacro.h" 1
 1770 000a EFF31185 			mrs r5, basepri											
 1771 000e 4FF05003 		mov r3, #80												
 1772 0012 83F31188 		msr basepri, r3											
 1773 0016 BFF36F8F 		isb														
 1774 001a BFF34F8F 		dsb														
 1775              	
 1776              	@ 0 "" 2
 1777              	.LVL135:
 214:Middlewares/Third_Party/FreeRTOS/Source/portable/GCC/ARM_CM3/portmacro.h **** 	(
 215:Middlewares/Third_Party/FreeRTOS/Source/portable/GCC/ARM_CM3/portmacro.h **** 		"	mrs %0, basepri											\n" \
 216:Middlewares/Third_Party/FreeRTOS/Source/portable/GCC/ARM_CM3/portmacro.h **** 		"	mov %1, %2												\n" \
 217:Middlewares/Third_Party/FreeRTOS/Source/portable/GCC/ARM_CM3/portmacro.h **** 		"	msr basepri, %1											\n" \
 218:Middlewares/Third_Party/FreeRTOS/Source/portable/GCC/ARM_CM3/portmacro.h **** 		"	isb														\n" \
 219:Middlewares/Third_Party/FreeRTOS/Source/portable/GCC/ARM_CM3/portmacro.h **** 		"	dsb														\n" \
 220:Middlewares/Third_Party/FreeRTOS/Source/portable/GCC/ARM_CM3/portmacro.h **** 		:"=r" (ulOriginalBASEPRI), "=r" (ulNewBASEPRI) : "i" ( configMAX_SYSCALL_INTERRUPT_PRIORITY ) : "
 221:Middlewares/Third_Party/FreeRTOS/Source/portable/GCC/ARM_CM3/portmacro.h **** 	);
 222:Middlewares/Third_Party/FreeRTOS/Source/portable/GCC/ARM_CM3/portmacro.h **** 
 223:Middlewares/Third_Party/FreeRTOS/Source/portable/GCC/ARM_CM3/portmacro.h **** 	/* This return will not be reached but is necessary to prevent compiler
 224:Middlewares/Third_Party/FreeRTOS/Source/portable/GCC/ARM_CM3/portmacro.h **** 	warnings. */
ARM GAS  D:\software\msy64\tmp\ccX5RH3v.s 			page 57


 225:Middlewares/Third_Party/FreeRTOS/Source/portable/GCC/ARM_CM3/portmacro.h **** 	return ulOriginalBASEPRI;
 1778              		.loc 3 225 2 view .LVU427
 1779              		.thumb
 1780              		.syntax unified
 1781              	.L122:
 1782              		.loc 3 225 2 is_stmt 0 view .LVU428
 1783              	.LBE11:
 1784              	.LBE10:
 945:Middlewares/Third_Party/FreeRTOS/Source/CMSIS_RTOS/cmsis_os.c ****   }
 946:Middlewares/Third_Party/FreeRTOS/Source/CMSIS_RTOS/cmsis_os.c ****   else {
 947:Middlewares/Third_Party/FreeRTOS/Source/CMSIS_RTOS/cmsis_os.c ****     vPortEnterCritical();
 948:Middlewares/Third_Party/FreeRTOS/Source/CMSIS_RTOS/cmsis_os.c ****   }
 949:Middlewares/Third_Party/FreeRTOS/Source/CMSIS_RTOS/cmsis_os.c ****   
 950:Middlewares/Third_Party/FreeRTOS/Source/CMSIS_RTOS/cmsis_os.c ****   for (i = 0; i < pool_id->pool_sz; i++) {
 1785              		.loc 1 950 3 is_stmt 1 view .LVU429
 1786              		.loc 1 950 10 is_stmt 0 view .LVU430
 1787 001e 0021     		movs	r1, #0
 1788              		.loc 1 950 3 view .LVU431
 1789 0020 04E0     		b	.L123
 1790              	.LVL136:
 1791              	.L121:
 1792              		.loc 1 950 3 view .LVU432
 1793 0022 0546     		mov	r5, r0
 947:Middlewares/Third_Party/FreeRTOS/Source/CMSIS_RTOS/cmsis_os.c ****   }
 1794              		.loc 1 947 5 is_stmt 1 view .LVU433
 1795 0024 FFF7FEFF 		bl	vPortEnterCritical
 1796              	.LVL137:
 1797 0028 F9E7     		b	.L122
 1798              	.LVL138:
 1799              	.L124:
 1800              		.loc 1 950 38 discriminator 2 view .LVU434
 1801 002a 0131     		adds	r1, r1, #1
 1802              	.LVL139:
 1803              	.L123:
 1804              		.loc 1 950 17 discriminator 1 view .LVU435
 1805              		.loc 1 950 26 is_stmt 0 discriminator 1 view .LVU436
 1806 002c A268     		ldr	r2, [r4, #8]
 1807              		.loc 1 950 17 discriminator 1 view .LVU437
 1808 002e 8A42     		cmp	r2, r1
 1809 0030 11D9     		bls	.L130
 951:Middlewares/Third_Party/FreeRTOS/Source/CMSIS_RTOS/cmsis_os.c ****     index = (pool_id->currentIndex + i) % pool_id->pool_sz;
 1810              		.loc 1 951 5 is_stmt 1 view .LVU438
 1811              		.loc 1 951 21 is_stmt 0 view .LVU439
 1812 0032 2369     		ldr	r3, [r4, #16]
 1813              		.loc 1 951 36 view .LVU440
 1814 0034 0B44     		add	r3, r3, r1
 1815              		.loc 1 951 11 view .LVU441
 1816 0036 B3FBF2F0 		udiv	r0, r3, r2
 1817 003a 02FB1033 		mls	r3, r2, r0, r3
 1818              	.LVL140:
 952:Middlewares/Third_Party/FreeRTOS/Source/CMSIS_RTOS/cmsis_os.c ****     
 953:Middlewares/Third_Party/FreeRTOS/Source/CMSIS_RTOS/cmsis_os.c ****     if (pool_id->markers[index] == 0) {
 1819              		.loc 1 953 5 is_stmt 1 view .LVU442
 1820              		.loc 1 953 16 is_stmt 0 view .LVU443
 1821 003e 6268     		ldr	r2, [r4, #4]
 1822              		.loc 1 953 25 view .LVU444
 1823 0040 D05C     		ldrb	r0, [r2, r3]	@ zero_extendqisi2
ARM GAS  D:\software\msy64\tmp\ccX5RH3v.s 			page 58


 1824              		.loc 1 953 8 view .LVU445
 1825 0042 0028     		cmp	r0, #0
 1826 0044 F1D1     		bne	.L124
 954:Middlewares/Third_Party/FreeRTOS/Source/CMSIS_RTOS/cmsis_os.c ****       pool_id->markers[index] = 1;
 1827              		.loc 1 954 7 is_stmt 1 view .LVU446
 1828              		.loc 1 954 31 is_stmt 0 view .LVU447
 1829 0046 0121     		movs	r1, #1
 1830              	.LVL141:
 1831              		.loc 1 954 31 view .LVU448
 1832 0048 D154     		strb	r1, [r2, r3]
 955:Middlewares/Third_Party/FreeRTOS/Source/CMSIS_RTOS/cmsis_os.c ****       p = (void *)((uint32_t)(pool_id->pool) + (index * pool_id->item_sz));
 1833              		.loc 1 955 7 is_stmt 1 view .LVU449
 1834              		.loc 1 955 38 is_stmt 0 view .LVU450
 1835 004a 2668     		ldr	r6, [r4]
 1836              		.loc 1 955 64 view .LVU451
 1837 004c E268     		ldr	r2, [r4, #12]
 1838              		.loc 1 955 46 view .LVU452
 1839 004e 03FB0266 		mla	r6, r3, r2, r6
 1840              	.LVL142:
 956:Middlewares/Third_Party/FreeRTOS/Source/CMSIS_RTOS/cmsis_os.c ****       pool_id->currentIndex = index;
 1841              		.loc 1 956 7 is_stmt 1 view .LVU453
 1842              		.loc 1 956 29 is_stmt 0 view .LVU454
 1843 0052 2361     		str	r3, [r4, #16]
 957:Middlewares/Third_Party/FreeRTOS/Source/CMSIS_RTOS/cmsis_os.c ****       break;
 1844              		.loc 1 957 7 is_stmt 1 view .LVU455
 1845 0054 00E0     		b	.L125
 1846              	.LVL143:
 1847              	.L130:
 939:Middlewares/Third_Party/FreeRTOS/Source/CMSIS_RTOS/cmsis_os.c ****   uint32_t i;
 1848              		.loc 1 939 9 is_stmt 0 view .LVU456
 1849 0056 0026     		movs	r6, #0
 1850              	.LVL144:
 1851              	.L125:
 958:Middlewares/Third_Party/FreeRTOS/Source/CMSIS_RTOS/cmsis_os.c ****     }
 959:Middlewares/Third_Party/FreeRTOS/Source/CMSIS_RTOS/cmsis_os.c ****   }
 960:Middlewares/Third_Party/FreeRTOS/Source/CMSIS_RTOS/cmsis_os.c ****   
 961:Middlewares/Third_Party/FreeRTOS/Source/CMSIS_RTOS/cmsis_os.c ****   if (inHandlerMode()) {
 1852              		.loc 1 961 3 is_stmt 1 view .LVU457
 1853              		.loc 1 961 7 is_stmt 0 view .LVU458
 1854 0058 FFF7FEFF 		bl	inHandlerMode
 1855              	.LVL145:
 1856              		.loc 1 961 6 discriminator 1 view .LVU459
 1857 005c 18B1     		cbz	r0, .L127
 962:Middlewares/Third_Party/FreeRTOS/Source/CMSIS_RTOS/cmsis_os.c ****     portCLEAR_INTERRUPT_MASK_FROM_ISR(dummy);
 1858              		.loc 1 962 5 is_stmt 1 view .LVU460
 1859              	.LVL146:
 1860              	.LBB12:
 1861              	.LBI12:
 226:Middlewares/Third_Party/FreeRTOS/Source/portable/GCC/ARM_CM3/portmacro.h **** }
 227:Middlewares/Third_Party/FreeRTOS/Source/portable/GCC/ARM_CM3/portmacro.h **** /*-----------------------------------------------------------*/
 228:Middlewares/Third_Party/FreeRTOS/Source/portable/GCC/ARM_CM3/portmacro.h **** 
 229:Middlewares/Third_Party/FreeRTOS/Source/portable/GCC/ARM_CM3/portmacro.h **** portFORCE_INLINE static void vPortSetBASEPRI( uint32_t ulNewMaskValue )
 1862              		.loc 3 229 30 view .LVU461
 1863              	.LBB13:
 230:Middlewares/Third_Party/FreeRTOS/Source/portable/GCC/ARM_CM3/portmacro.h **** {
 231:Middlewares/Third_Party/FreeRTOS/Source/portable/GCC/ARM_CM3/portmacro.h **** 	__asm volatile
 1864              		.loc 3 231 2 view .LVU462
ARM GAS  D:\software\msy64\tmp\ccX5RH3v.s 			page 59


 1865              		.syntax unified
 1866              	@ 231 "Middlewares/Third_Party/FreeRTOS/Source/portable/GCC/ARM_CM3/portmacro.h" 1
 1867 005e 85F31188 			msr basepri, r5	
 1868              	@ 0 "" 2
 1869              	.LVL147:
 1870              		.thumb
 1871              		.syntax unified
 1872              	.L120:
 1873              		.loc 3 231 2 is_stmt 0 view .LVU463
 1874              	.LBE13:
 1875              	.LBE12:
 963:Middlewares/Third_Party/FreeRTOS/Source/CMSIS_RTOS/cmsis_os.c ****   }
 964:Middlewares/Third_Party/FreeRTOS/Source/CMSIS_RTOS/cmsis_os.c ****   else {
 965:Middlewares/Third_Party/FreeRTOS/Source/CMSIS_RTOS/cmsis_os.c ****     vPortExitCritical();
 966:Middlewares/Third_Party/FreeRTOS/Source/CMSIS_RTOS/cmsis_os.c ****   }
 967:Middlewares/Third_Party/FreeRTOS/Source/CMSIS_RTOS/cmsis_os.c ****   
 968:Middlewares/Third_Party/FreeRTOS/Source/CMSIS_RTOS/cmsis_os.c ****   return p;
 969:Middlewares/Third_Party/FreeRTOS/Source/CMSIS_RTOS/cmsis_os.c **** }
 1876              		.loc 1 969 1 view .LVU464
 1877 0062 3046     		mov	r0, r6
 1878 0064 70BD     		pop	{r4, r5, r6, pc}
 1879              	.LVL148:
 1880              	.L127:
 965:Middlewares/Third_Party/FreeRTOS/Source/CMSIS_RTOS/cmsis_os.c ****   }
 1881              		.loc 1 965 5 is_stmt 1 view .LVU465
 1882 0066 FFF7FEFF 		bl	vPortExitCritical
 1883              	.LVL149:
 968:Middlewares/Third_Party/FreeRTOS/Source/CMSIS_RTOS/cmsis_os.c **** }
 1884              		.loc 1 968 3 view .LVU466
 968:Middlewares/Third_Party/FreeRTOS/Source/CMSIS_RTOS/cmsis_os.c **** }
 1885              		.loc 1 968 10 is_stmt 0 view .LVU467
 1886 006a FAE7     		b	.L120
 1887              		.cfi_endproc
 1888              	.LFE77:
 1890              		.section	.text.osPoolCAlloc,"ax",%progbits
 1891              		.align	1
 1892              		.global	osPoolCAlloc
 1893              		.syntax unified
 1894              		.thumb
 1895              		.thumb_func
 1897              	osPoolCAlloc:
 1898              	.LVL150:
 1899              	.LFB78:
 970:Middlewares/Third_Party/FreeRTOS/Source/CMSIS_RTOS/cmsis_os.c **** 
 971:Middlewares/Third_Party/FreeRTOS/Source/CMSIS_RTOS/cmsis_os.c **** /**
 972:Middlewares/Third_Party/FreeRTOS/Source/CMSIS_RTOS/cmsis_os.c **** * @brief Allocate a memory block from a memory pool and set memory block to zero
 973:Middlewares/Third_Party/FreeRTOS/Source/CMSIS_RTOS/cmsis_os.c **** * @param  pool_id       memory pool ID obtain referenced with \ref osPoolCreate.
 974:Middlewares/Third_Party/FreeRTOS/Source/CMSIS_RTOS/cmsis_os.c **** * @retval  address of the allocated memory block or NULL in case of no memory available.
 975:Middlewares/Third_Party/FreeRTOS/Source/CMSIS_RTOS/cmsis_os.c **** * @note   MUST REMAIN UNCHANGED: \b osPoolCAlloc shall be consistent in every CMSIS-RTOS.
 976:Middlewares/Third_Party/FreeRTOS/Source/CMSIS_RTOS/cmsis_os.c **** */
 977:Middlewares/Third_Party/FreeRTOS/Source/CMSIS_RTOS/cmsis_os.c **** void *osPoolCAlloc (osPoolId pool_id)
 978:Middlewares/Third_Party/FreeRTOS/Source/CMSIS_RTOS/cmsis_os.c **** {
 1900              		.loc 1 978 1 is_stmt 1 view -0
 1901              		.cfi_startproc
 1902              		@ args = 0, pretend = 0, frame = 0
 1903              		@ frame_needed = 0, uses_anonymous_args = 0
 1904              		.loc 1 978 1 is_stmt 0 view .LVU469
ARM GAS  D:\software\msy64\tmp\ccX5RH3v.s 			page 60


 1905 0000 08B5     		push	{r3, lr}
 1906              	.LCFI45:
 1907              		.cfi_def_cfa_offset 8
 1908              		.cfi_offset 3, -8
 1909              		.cfi_offset 14, -4
 979:Middlewares/Third_Party/FreeRTOS/Source/CMSIS_RTOS/cmsis_os.c ****   void *p = osPoolAlloc(pool_id);
 1910              		.loc 1 979 3 is_stmt 1 view .LVU470
 1911              		.loc 1 979 13 is_stmt 0 view .LVU471
 1912 0002 FFF7FEFF 		bl	osPoolAlloc
 1913              	.LVL151:
 980:Middlewares/Third_Party/FreeRTOS/Source/CMSIS_RTOS/cmsis_os.c ****   
 981:Middlewares/Third_Party/FreeRTOS/Source/CMSIS_RTOS/cmsis_os.c ****   if (p != NULL)
 1914              		.loc 1 981 3 is_stmt 1 view .LVU472
 1915              		.loc 1 981 6 is_stmt 0 view .LVU473
 1916 0006 08B1     		cbz	r0, .L131
 982:Middlewares/Third_Party/FreeRTOS/Source/CMSIS_RTOS/cmsis_os.c ****   {
 983:Middlewares/Third_Party/FreeRTOS/Source/CMSIS_RTOS/cmsis_os.c ****     memset(p, 0, sizeof(pool_id->pool_sz));
 1917              		.loc 1 983 5 is_stmt 1 view .LVU474
 1918 0008 0023     		movs	r3, #0
 1919 000a 0360     		str	r3, [r0]	@ unaligned
 984:Middlewares/Third_Party/FreeRTOS/Source/CMSIS_RTOS/cmsis_os.c ****   }
 985:Middlewares/Third_Party/FreeRTOS/Source/CMSIS_RTOS/cmsis_os.c ****   
 986:Middlewares/Third_Party/FreeRTOS/Source/CMSIS_RTOS/cmsis_os.c ****   return p;
 1920              		.loc 1 986 3 view .LVU475
 1921              	.L131:
 987:Middlewares/Third_Party/FreeRTOS/Source/CMSIS_RTOS/cmsis_os.c **** }
 1922              		.loc 1 987 1 is_stmt 0 view .LVU476
 1923 000c 08BD     		pop	{r3, pc}
 1924              		.cfi_endproc
 1925              	.LFE78:
 1927              		.section	.text.osPoolFree,"ax",%progbits
 1928              		.align	1
 1929              		.global	osPoolFree
 1930              		.syntax unified
 1931              		.thumb
 1932              		.thumb_func
 1934              	osPoolFree:
 1935              	.LVL152:
 1936              	.LFB79:
 988:Middlewares/Third_Party/FreeRTOS/Source/CMSIS_RTOS/cmsis_os.c **** 
 989:Middlewares/Third_Party/FreeRTOS/Source/CMSIS_RTOS/cmsis_os.c **** /**
 990:Middlewares/Third_Party/FreeRTOS/Source/CMSIS_RTOS/cmsis_os.c **** * @brief Return an allocated memory block back to a specific memory pool
 991:Middlewares/Third_Party/FreeRTOS/Source/CMSIS_RTOS/cmsis_os.c **** * @param  pool_id       memory pool ID obtain referenced with \ref osPoolCreate.
 992:Middlewares/Third_Party/FreeRTOS/Source/CMSIS_RTOS/cmsis_os.c **** * @param  block         address of the allocated memory block that is returned to the memory pool.
 993:Middlewares/Third_Party/FreeRTOS/Source/CMSIS_RTOS/cmsis_os.c **** * @retval  status code that indicates the execution status of the function.
 994:Middlewares/Third_Party/FreeRTOS/Source/CMSIS_RTOS/cmsis_os.c **** * @note   MUST REMAIN UNCHANGED: \b osPoolFree shall be consistent in every CMSIS-RTOS.
 995:Middlewares/Third_Party/FreeRTOS/Source/CMSIS_RTOS/cmsis_os.c **** */
 996:Middlewares/Third_Party/FreeRTOS/Source/CMSIS_RTOS/cmsis_os.c **** osStatus osPoolFree (osPoolId pool_id, void *block)
 997:Middlewares/Third_Party/FreeRTOS/Source/CMSIS_RTOS/cmsis_os.c **** {
 1937              		.loc 1 997 1 is_stmt 1 view -0
 1938              		.cfi_startproc
 1939              		@ args = 0, pretend = 0, frame = 0
 1940              		@ frame_needed = 0, uses_anonymous_args = 0
 1941              		@ link register save eliminated.
 998:Middlewares/Third_Party/FreeRTOS/Source/CMSIS_RTOS/cmsis_os.c ****   uint32_t index;
 1942              		.loc 1 998 3 view .LVU478
 999:Middlewares/Third_Party/FreeRTOS/Source/CMSIS_RTOS/cmsis_os.c ****   
ARM GAS  D:\software\msy64\tmp\ccX5RH3v.s 			page 61


1000:Middlewares/Third_Party/FreeRTOS/Source/CMSIS_RTOS/cmsis_os.c ****   if (pool_id == NULL) {
 1943              		.loc 1 1000 3 view .LVU479
 1944              		.loc 1 1000 6 is_stmt 0 view .LVU480
 1945 0000 0346     		mov	r3, r0
 1946 0002 98B1     		cbz	r0, .L136
1001:Middlewares/Third_Party/FreeRTOS/Source/CMSIS_RTOS/cmsis_os.c ****     return osErrorParameter;
1002:Middlewares/Third_Party/FreeRTOS/Source/CMSIS_RTOS/cmsis_os.c ****   }
1003:Middlewares/Third_Party/FreeRTOS/Source/CMSIS_RTOS/cmsis_os.c ****   
1004:Middlewares/Third_Party/FreeRTOS/Source/CMSIS_RTOS/cmsis_os.c ****   if (block == NULL) {
 1947              		.loc 1 1004 3 is_stmt 1 view .LVU481
 1948              		.loc 1 1004 6 is_stmt 0 view .LVU482
 1949 0004 A1B1     		cbz	r1, .L137
1005:Middlewares/Third_Party/FreeRTOS/Source/CMSIS_RTOS/cmsis_os.c ****     return osErrorParameter;
1006:Middlewares/Third_Party/FreeRTOS/Source/CMSIS_RTOS/cmsis_os.c ****   }
1007:Middlewares/Third_Party/FreeRTOS/Source/CMSIS_RTOS/cmsis_os.c ****   
1008:Middlewares/Third_Party/FreeRTOS/Source/CMSIS_RTOS/cmsis_os.c ****   if (block < pool_id->pool) {
 1950              		.loc 1 1008 3 is_stmt 1 view .LVU483
 1951              		.loc 1 1008 22 is_stmt 0 view .LVU484
 1952 0006 0268     		ldr	r2, [r0]
 1953              		.loc 1 1008 6 view .LVU485
 1954 0008 8A42     		cmp	r2, r1
 1955 000a 13D8     		bhi	.L138
1009:Middlewares/Third_Party/FreeRTOS/Source/CMSIS_RTOS/cmsis_os.c ****     return osErrorParameter;
1010:Middlewares/Third_Party/FreeRTOS/Source/CMSIS_RTOS/cmsis_os.c ****   }
1011:Middlewares/Third_Party/FreeRTOS/Source/CMSIS_RTOS/cmsis_os.c ****   
1012:Middlewares/Third_Party/FreeRTOS/Source/CMSIS_RTOS/cmsis_os.c ****   index = (uint32_t)block - (uint32_t)(pool_id->pool);
 1956              		.loc 1 1012 3 is_stmt 1 view .LVU486
 1957              		.loc 1 1012 9 is_stmt 0 view .LVU487
 1958 000c 891A     		subs	r1, r1, r2
 1959              	.LVL153:
1013:Middlewares/Third_Party/FreeRTOS/Source/CMSIS_RTOS/cmsis_os.c ****   if (index % pool_id->item_sz) {
 1960              		.loc 1 1013 3 is_stmt 1 view .LVU488
 1961              		.loc 1 1013 22 is_stmt 0 view .LVU489
 1962 000e C268     		ldr	r2, [r0, #12]
 1963              		.loc 1 1013 13 view .LVU490
 1964 0010 B1FBF2F0 		udiv	r0, r1, r2
 1965              	.LVL154:
 1966              		.loc 1 1013 13 view .LVU491
 1967 0014 02FB1010 		mls	r0, r2, r0, r1
 1968              		.loc 1 1013 6 view .LVU492
 1969 0018 70B9     		cbnz	r0, .L139
1014:Middlewares/Third_Party/FreeRTOS/Source/CMSIS_RTOS/cmsis_os.c ****     return osErrorParameter;
1015:Middlewares/Third_Party/FreeRTOS/Source/CMSIS_RTOS/cmsis_os.c ****   }
1016:Middlewares/Third_Party/FreeRTOS/Source/CMSIS_RTOS/cmsis_os.c ****   index = index / pool_id->item_sz;
 1970              		.loc 1 1016 3 is_stmt 1 view .LVU493
 1971              		.loc 1 1016 9 is_stmt 0 view .LVU494
 1972 001a B1FBF2F1 		udiv	r1, r1, r2
 1973              	.LVL155:
1017:Middlewares/Third_Party/FreeRTOS/Source/CMSIS_RTOS/cmsis_os.c ****   if (index >= pool_id->pool_sz) {
 1974              		.loc 1 1017 3 is_stmt 1 view .LVU495
 1975              		.loc 1 1017 23 is_stmt 0 view .LVU496
 1976 001e 9A68     		ldr	r2, [r3, #8]
 1977              		.loc 1 1017 6 view .LVU497
 1978 0020 8A42     		cmp	r2, r1
 1979 0022 0BD9     		bls	.L140
1018:Middlewares/Third_Party/FreeRTOS/Source/CMSIS_RTOS/cmsis_os.c ****     return osErrorParameter;
1019:Middlewares/Third_Party/FreeRTOS/Source/CMSIS_RTOS/cmsis_os.c ****   }
ARM GAS  D:\software\msy64\tmp\ccX5RH3v.s 			page 62


1020:Middlewares/Third_Party/FreeRTOS/Source/CMSIS_RTOS/cmsis_os.c ****   
1021:Middlewares/Third_Party/FreeRTOS/Source/CMSIS_RTOS/cmsis_os.c ****   pool_id->markers[index] = 0;
 1980              		.loc 1 1021 3 is_stmt 1 view .LVU498
 1981              		.loc 1 1021 10 is_stmt 0 view .LVU499
 1982 0024 5B68     		ldr	r3, [r3, #4]
 1983              	.LVL156:
 1984              		.loc 1 1021 27 view .LVU500
 1985 0026 0022     		movs	r2, #0
 1986 0028 5A54     		strb	r2, [r3, r1]
1022:Middlewares/Third_Party/FreeRTOS/Source/CMSIS_RTOS/cmsis_os.c ****   
1023:Middlewares/Third_Party/FreeRTOS/Source/CMSIS_RTOS/cmsis_os.c ****   return osOK;
 1987              		.loc 1 1023 3 is_stmt 1 view .LVU501
 1988              		.loc 1 1023 10 is_stmt 0 view .LVU502
 1989 002a 7047     		bx	lr
 1990              	.LVL157:
 1991              	.L136:
1001:Middlewares/Third_Party/FreeRTOS/Source/CMSIS_RTOS/cmsis_os.c ****   }
 1992              		.loc 1 1001 12 view .LVU503
 1993 002c 8020     		movs	r0, #128
 1994              	.LVL158:
1001:Middlewares/Third_Party/FreeRTOS/Source/CMSIS_RTOS/cmsis_os.c ****   }
 1995              		.loc 1 1001 12 view .LVU504
 1996 002e 7047     		bx	lr
 1997              	.LVL159:
 1998              	.L137:
1005:Middlewares/Third_Party/FreeRTOS/Source/CMSIS_RTOS/cmsis_os.c ****   }
 1999              		.loc 1 1005 12 view .LVU505
 2000 0030 8020     		movs	r0, #128
 2001              	.LVL160:
1005:Middlewares/Third_Party/FreeRTOS/Source/CMSIS_RTOS/cmsis_os.c ****   }
 2002              		.loc 1 1005 12 view .LVU506
 2003 0032 7047     		bx	lr
 2004              	.LVL161:
 2005              	.L138:
1009:Middlewares/Third_Party/FreeRTOS/Source/CMSIS_RTOS/cmsis_os.c ****   }
 2006              		.loc 1 1009 12 view .LVU507
 2007 0034 8020     		movs	r0, #128
 2008              	.LVL162:
1009:Middlewares/Third_Party/FreeRTOS/Source/CMSIS_RTOS/cmsis_os.c ****   }
 2009              		.loc 1 1009 12 view .LVU508
 2010 0036 7047     		bx	lr
 2011              	.LVL163:
 2012              	.L139:
1014:Middlewares/Third_Party/FreeRTOS/Source/CMSIS_RTOS/cmsis_os.c ****   }
 2013              		.loc 1 1014 12 view .LVU509
 2014 0038 8020     		movs	r0, #128
 2015 003a 7047     		bx	lr
 2016              	.L140:
1018:Middlewares/Third_Party/FreeRTOS/Source/CMSIS_RTOS/cmsis_os.c ****   }
 2017              		.loc 1 1018 12 view .LVU510
 2018 003c 8020     		movs	r0, #128
1024:Middlewares/Third_Party/FreeRTOS/Source/CMSIS_RTOS/cmsis_os.c **** }
 2019              		.loc 1 1024 1 view .LVU511
 2020 003e 7047     		bx	lr
 2021              		.cfi_endproc
 2022              	.LFE79:
 2024              		.section	.text.osMessageCreate,"ax",%progbits
ARM GAS  D:\software\msy64\tmp\ccX5RH3v.s 			page 63


 2025              		.align	1
 2026              		.global	osMessageCreate
 2027              		.syntax unified
 2028              		.thumb
 2029              		.thumb_func
 2031              	osMessageCreate:
 2032              	.LVL164:
 2033              	.LFB80:
1025:Middlewares/Third_Party/FreeRTOS/Source/CMSIS_RTOS/cmsis_os.c **** 
1026:Middlewares/Third_Party/FreeRTOS/Source/CMSIS_RTOS/cmsis_os.c **** 
1027:Middlewares/Third_Party/FreeRTOS/Source/CMSIS_RTOS/cmsis_os.c **** #endif   /* Use Memory Pool Management */
1028:Middlewares/Third_Party/FreeRTOS/Source/CMSIS_RTOS/cmsis_os.c **** 
1029:Middlewares/Third_Party/FreeRTOS/Source/CMSIS_RTOS/cmsis_os.c **** /*******************   Message Queue Management Functions  *********************/
1030:Middlewares/Third_Party/FreeRTOS/Source/CMSIS_RTOS/cmsis_os.c **** 
1031:Middlewares/Third_Party/FreeRTOS/Source/CMSIS_RTOS/cmsis_os.c **** #if (defined (osFeature_MessageQ)  &&  (osFeature_MessageQ != 0)) /* Use Message Queues */
1032:Middlewares/Third_Party/FreeRTOS/Source/CMSIS_RTOS/cmsis_os.c **** 
1033:Middlewares/Third_Party/FreeRTOS/Source/CMSIS_RTOS/cmsis_os.c **** /**
1034:Middlewares/Third_Party/FreeRTOS/Source/CMSIS_RTOS/cmsis_os.c **** * @brief Create and Initialize a Message Queue
1035:Middlewares/Third_Party/FreeRTOS/Source/CMSIS_RTOS/cmsis_os.c **** * @param queue_def     queue definition referenced with \ref osMessageQ.
1036:Middlewares/Third_Party/FreeRTOS/Source/CMSIS_RTOS/cmsis_os.c **** * @param  thread_id     thread ID (obtained by \ref osThreadCreate or \ref osThreadGetId) or NULL.
1037:Middlewares/Third_Party/FreeRTOS/Source/CMSIS_RTOS/cmsis_os.c **** * @retval  message queue ID for reference by other functions or NULL in case of error.
1038:Middlewares/Third_Party/FreeRTOS/Source/CMSIS_RTOS/cmsis_os.c **** * @note   MUST REMAIN UNCHANGED: \b osMessageCreate shall be consistent in every CMSIS-RTOS.
1039:Middlewares/Third_Party/FreeRTOS/Source/CMSIS_RTOS/cmsis_os.c **** */
1040:Middlewares/Third_Party/FreeRTOS/Source/CMSIS_RTOS/cmsis_os.c **** osMessageQId osMessageCreate (const osMessageQDef_t *queue_def, osThreadId thread_id)
1041:Middlewares/Third_Party/FreeRTOS/Source/CMSIS_RTOS/cmsis_os.c **** {
 2034              		.loc 1 1041 1 is_stmt 1 view -0
 2035              		.cfi_startproc
 2036              		@ args = 0, pretend = 0, frame = 0
 2037              		@ frame_needed = 0, uses_anonymous_args = 0
 2038              		.loc 1 1041 1 is_stmt 0 view .LVU513
 2039 0000 00B5     		push	{lr}
 2040              	.LCFI46:
 2041              		.cfi_def_cfa_offset 4
 2042              		.cfi_offset 14, -4
 2043 0002 83B0     		sub	sp, sp, #12
 2044              	.LCFI47:
 2045              		.cfi_def_cfa_offset 16
1042:Middlewares/Third_Party/FreeRTOS/Source/CMSIS_RTOS/cmsis_os.c ****   (void) thread_id;
 2046              		.loc 1 1042 3 is_stmt 1 view .LVU514
1043:Middlewares/Third_Party/FreeRTOS/Source/CMSIS_RTOS/cmsis_os.c ****   
1044:Middlewares/Third_Party/FreeRTOS/Source/CMSIS_RTOS/cmsis_os.c **** #if( configSUPPORT_STATIC_ALLOCATION == 1 ) && ( configSUPPORT_DYNAMIC_ALLOCATION == 1 )
1045:Middlewares/Third_Party/FreeRTOS/Source/CMSIS_RTOS/cmsis_os.c **** 
1046:Middlewares/Third_Party/FreeRTOS/Source/CMSIS_RTOS/cmsis_os.c ****   if ((queue_def->buffer != NULL) && (queue_def->controlblock != NULL)) {
 2047              		.loc 1 1046 3 view .LVU515
 2048              		.loc 1 1046 17 is_stmt 0 view .LVU516
 2049 0004 8268     		ldr	r2, [r0, #8]
 2050              		.loc 1 1046 6 view .LVU517
 2051 0006 42B1     		cbz	r2, .L142
 2052              		.loc 1 1046 48 discriminator 1 view .LVU518
 2053 0008 C368     		ldr	r3, [r0, #12]
 2054              		.loc 1 1046 35 discriminator 1 view .LVU519
 2055 000a 33B1     		cbz	r3, .L142
1047:Middlewares/Third_Party/FreeRTOS/Source/CMSIS_RTOS/cmsis_os.c ****     return xQueueCreateStatic(queue_def->queue_sz, queue_def->item_sz, queue_def->buffer, queue_def
 2056              		.loc 1 1047 5 is_stmt 1 view .LVU520
 2057              		.loc 1 1047 12 is_stmt 0 view .LVU521
 2058 000c 0021     		movs	r1, #0
 2059              	.LVL165:
ARM GAS  D:\software\msy64\tmp\ccX5RH3v.s 			page 64


 2060              		.loc 1 1047 12 view .LVU522
 2061 000e 0091     		str	r1, [sp]
 2062 0010 4168     		ldr	r1, [r0, #4]
 2063 0012 0068     		ldr	r0, [r0]
 2064              	.LVL166:
 2065              		.loc 1 1047 12 view .LVU523
 2066 0014 FFF7FEFF 		bl	xQueueGenericCreateStatic
 2067              	.LVL167:
 2068 0018 04E0     		b	.L141
 2069              	.LVL168:
 2070              	.L142:
1048:Middlewares/Third_Party/FreeRTOS/Source/CMSIS_RTOS/cmsis_os.c ****   }
1049:Middlewares/Third_Party/FreeRTOS/Source/CMSIS_RTOS/cmsis_os.c ****   else {
1050:Middlewares/Third_Party/FreeRTOS/Source/CMSIS_RTOS/cmsis_os.c ****     return xQueueCreate(queue_def->queue_sz, queue_def->item_sz);
 2071              		.loc 1 1050 5 is_stmt 1 view .LVU524
 2072              		.loc 1 1050 12 is_stmt 0 view .LVU525
 2073 001a 0022     		movs	r2, #0
 2074 001c 4168     		ldr	r1, [r0, #4]
 2075              	.LVL169:
 2076              		.loc 1 1050 12 view .LVU526
 2077 001e 0068     		ldr	r0, [r0]
 2078              	.LVL170:
 2079              		.loc 1 1050 12 view .LVU527
 2080 0020 FFF7FEFF 		bl	xQueueGenericCreate
 2081              	.LVL171:
 2082              	.L141:
1051:Middlewares/Third_Party/FreeRTOS/Source/CMSIS_RTOS/cmsis_os.c ****   }
1052:Middlewares/Third_Party/FreeRTOS/Source/CMSIS_RTOS/cmsis_os.c **** #elif ( configSUPPORT_STATIC_ALLOCATION == 1 )
1053:Middlewares/Third_Party/FreeRTOS/Source/CMSIS_RTOS/cmsis_os.c ****   return xQueueCreateStatic(queue_def->queue_sz, queue_def->item_sz, queue_def->buffer, queue_def->
1054:Middlewares/Third_Party/FreeRTOS/Source/CMSIS_RTOS/cmsis_os.c **** #else  
1055:Middlewares/Third_Party/FreeRTOS/Source/CMSIS_RTOS/cmsis_os.c ****   return xQueueCreate(queue_def->queue_sz, queue_def->item_sz);
1056:Middlewares/Third_Party/FreeRTOS/Source/CMSIS_RTOS/cmsis_os.c **** #endif
1057:Middlewares/Third_Party/FreeRTOS/Source/CMSIS_RTOS/cmsis_os.c **** }
 2083              		.loc 1 1057 1 view .LVU528
 2084 0024 03B0     		add	sp, sp, #12
 2085              	.LCFI48:
 2086              		.cfi_def_cfa_offset 4
 2087              		@ sp needed
 2088 0026 5DF804FB 		ldr	pc, [sp], #4
 2089              		.cfi_endproc
 2090              	.LFE80:
 2092              		.section	.text.osMessagePut,"ax",%progbits
 2093              		.align	1
 2094              		.global	osMessagePut
 2095              		.syntax unified
 2096              		.thumb
 2097              		.thumb_func
 2099              	osMessagePut:
 2100              	.LVL172:
 2101              	.LFB81:
1058:Middlewares/Third_Party/FreeRTOS/Source/CMSIS_RTOS/cmsis_os.c **** 
1059:Middlewares/Third_Party/FreeRTOS/Source/CMSIS_RTOS/cmsis_os.c **** /**
1060:Middlewares/Third_Party/FreeRTOS/Source/CMSIS_RTOS/cmsis_os.c **** * @brief Put a Message to a Queue.
1061:Middlewares/Third_Party/FreeRTOS/Source/CMSIS_RTOS/cmsis_os.c **** * @param  queue_id  message queue ID obtained with \ref osMessageCreate.
1062:Middlewares/Third_Party/FreeRTOS/Source/CMSIS_RTOS/cmsis_os.c **** * @param  info      message information.
1063:Middlewares/Third_Party/FreeRTOS/Source/CMSIS_RTOS/cmsis_os.c **** * @param  millisec  timeout value or 0 in case of no time-out.
1064:Middlewares/Third_Party/FreeRTOS/Source/CMSIS_RTOS/cmsis_os.c **** * @retval status code that indicates the execution status of the function.
ARM GAS  D:\software\msy64\tmp\ccX5RH3v.s 			page 65


1065:Middlewares/Third_Party/FreeRTOS/Source/CMSIS_RTOS/cmsis_os.c **** * @note   MUST REMAIN UNCHANGED: \b osMessagePut shall be consistent in every CMSIS-RTOS.
1066:Middlewares/Third_Party/FreeRTOS/Source/CMSIS_RTOS/cmsis_os.c **** */
1067:Middlewares/Third_Party/FreeRTOS/Source/CMSIS_RTOS/cmsis_os.c **** osStatus osMessagePut (osMessageQId queue_id, uint32_t info, uint32_t millisec)
1068:Middlewares/Third_Party/FreeRTOS/Source/CMSIS_RTOS/cmsis_os.c **** {
 2102              		.loc 1 1068 1 is_stmt 1 view -0
 2103              		.cfi_startproc
 2104              		@ args = 0, pretend = 0, frame = 16
 2105              		@ frame_needed = 0, uses_anonymous_args = 0
 2106              		.loc 1 1068 1 is_stmt 0 view .LVU530
 2107 0000 30B5     		push	{r4, r5, lr}
 2108              	.LCFI49:
 2109              		.cfi_def_cfa_offset 12
 2110              		.cfi_offset 4, -12
 2111              		.cfi_offset 5, -8
 2112              		.cfi_offset 14, -4
 2113 0002 85B0     		sub	sp, sp, #20
 2114              	.LCFI50:
 2115              		.cfi_def_cfa_offset 32
 2116 0004 0446     		mov	r4, r0
 2117 0006 0191     		str	r1, [sp, #4]
1069:Middlewares/Third_Party/FreeRTOS/Source/CMSIS_RTOS/cmsis_os.c ****   portBASE_TYPE taskWoken = pdFALSE;
 2118              		.loc 1 1069 3 is_stmt 1 view .LVU531
 2119              		.loc 1 1069 17 is_stmt 0 view .LVU532
 2120 0008 0023     		movs	r3, #0
 2121 000a 0393     		str	r3, [sp, #12]
1070:Middlewares/Third_Party/FreeRTOS/Source/CMSIS_RTOS/cmsis_os.c ****   TickType_t ticks;
 2122              		.loc 1 1070 3 is_stmt 1 view .LVU533
1071:Middlewares/Third_Party/FreeRTOS/Source/CMSIS_RTOS/cmsis_os.c ****   
1072:Middlewares/Third_Party/FreeRTOS/Source/CMSIS_RTOS/cmsis_os.c ****   ticks = millisec / portTICK_PERIOD_MS;
 2123              		.loc 1 1072 3 view .LVU534
 2124              	.LVL173:
1073:Middlewares/Third_Party/FreeRTOS/Source/CMSIS_RTOS/cmsis_os.c ****   if (ticks == 0) {
 2125              		.loc 1 1073 3 view .LVU535
 2126              		.loc 1 1073 6 is_stmt 0 view .LVU536
 2127 000c 1546     		mov	r5, r2
 2128 000e 02B9     		cbnz	r2, .L146
1074:Middlewares/Third_Party/FreeRTOS/Source/CMSIS_RTOS/cmsis_os.c ****     ticks = 1;
 2129              		.loc 1 1074 11 view .LVU537
 2130 0010 0125     		movs	r5, #1
 2131              	.L146:
 2132              	.LVL174:
1075:Middlewares/Third_Party/FreeRTOS/Source/CMSIS_RTOS/cmsis_os.c ****   }
1076:Middlewares/Third_Party/FreeRTOS/Source/CMSIS_RTOS/cmsis_os.c ****   
1077:Middlewares/Third_Party/FreeRTOS/Source/CMSIS_RTOS/cmsis_os.c ****   if (inHandlerMode()) {
 2133              		.loc 1 1077 3 is_stmt 1 view .LVU538
 2134              		.loc 1 1077 7 is_stmt 0 view .LVU539
 2135 0012 FFF7FEFF 		bl	inHandlerMode
 2136              	.LVL175:
 2137              		.loc 1 1077 6 discriminator 1 view .LVU540
 2138 0016 A8B1     		cbz	r0, .L147
1078:Middlewares/Third_Party/FreeRTOS/Source/CMSIS_RTOS/cmsis_os.c ****     if (xQueueSendFromISR(queue_id, &info, &taskWoken) != pdTRUE) {
 2139              		.loc 1 1078 5 is_stmt 1 view .LVU541
 2140              		.loc 1 1078 9 is_stmt 0 view .LVU542
 2141 0018 0023     		movs	r3, #0
 2142 001a 03AA     		add	r2, sp, #12
 2143 001c 01A9     		add	r1, sp, #4
 2144 001e 2046     		mov	r0, r4
ARM GAS  D:\software\msy64\tmp\ccX5RH3v.s 			page 66


 2145 0020 FFF7FEFF 		bl	xQueueGenericSendFromISR
 2146              	.LVL176:
 2147              		.loc 1 1078 8 discriminator 1 view .LVU543
 2148 0024 0128     		cmp	r0, #1
 2149 0026 18D1     		bne	.L150
1079:Middlewares/Third_Party/FreeRTOS/Source/CMSIS_RTOS/cmsis_os.c ****       return osErrorOS;
1080:Middlewares/Third_Party/FreeRTOS/Source/CMSIS_RTOS/cmsis_os.c ****     }
1081:Middlewares/Third_Party/FreeRTOS/Source/CMSIS_RTOS/cmsis_os.c ****     portEND_SWITCHING_ISR(taskWoken);
 2150              		.loc 1 1081 5 is_stmt 1 view .LVU544
 2151 0028 039B     		ldr	r3, [sp, #12]
 2152 002a C3B1     		cbz	r3, .L151
 2153              		.loc 1 1081 5 discriminator 1 view .LVU545
 2154 002c 4FF0E023 		mov	r3, #-536813568
 2155 0030 4FF08052 		mov	r2, #268435456
 2156 0034 C3F8042D 		str	r2, [r3, #3332]
 2157              		.loc 1 1081 5 discriminator 1 view .LVU546
 2158              		.syntax unified
 2159              	@ 1081 "Middlewares/Third_Party/FreeRTOS/Source/CMSIS_RTOS/cmsis_os.c" 1
 2160 0038 BFF34F8F 		dsb
 2161              	@ 0 "" 2
 2162              		.loc 1 1081 5 discriminator 1 view .LVU547
 2163              	@ 1081 "Middlewares/Third_Party/FreeRTOS/Source/CMSIS_RTOS/cmsis_os.c" 1
 2164 003c BFF36F8F 		isb
 2165              	@ 0 "" 2
1082:Middlewares/Third_Party/FreeRTOS/Source/CMSIS_RTOS/cmsis_os.c ****   }
1083:Middlewares/Third_Party/FreeRTOS/Source/CMSIS_RTOS/cmsis_os.c ****   else {
1084:Middlewares/Third_Party/FreeRTOS/Source/CMSIS_RTOS/cmsis_os.c ****     if (xQueueSend(queue_id, &info, ticks) != pdTRUE) {
1085:Middlewares/Third_Party/FreeRTOS/Source/CMSIS_RTOS/cmsis_os.c ****       return osErrorOS;
1086:Middlewares/Third_Party/FreeRTOS/Source/CMSIS_RTOS/cmsis_os.c ****     }
1087:Middlewares/Third_Party/FreeRTOS/Source/CMSIS_RTOS/cmsis_os.c ****   }
1088:Middlewares/Third_Party/FreeRTOS/Source/CMSIS_RTOS/cmsis_os.c ****   
1089:Middlewares/Third_Party/FreeRTOS/Source/CMSIS_RTOS/cmsis_os.c ****   return osOK;
 2166              		.loc 1 1089 10 is_stmt 0 view .LVU548
 2167              		.thumb
 2168              		.syntax unified
 2169 0040 0020     		movs	r0, #0
 2170 0042 08E0     		b	.L145
 2171              	.L147:
1084:Middlewares/Third_Party/FreeRTOS/Source/CMSIS_RTOS/cmsis_os.c ****       return osErrorOS;
 2172              		.loc 1 1084 5 is_stmt 1 view .LVU549
1084:Middlewares/Third_Party/FreeRTOS/Source/CMSIS_RTOS/cmsis_os.c ****       return osErrorOS;
 2173              		.loc 1 1084 9 is_stmt 0 view .LVU550
 2174 0044 0023     		movs	r3, #0
 2175 0046 2A46     		mov	r2, r5
 2176 0048 01A9     		add	r1, sp, #4
 2177 004a 2046     		mov	r0, r4
 2178 004c FFF7FEFF 		bl	xQueueGenericSend
 2179              	.LVL177:
1084:Middlewares/Third_Party/FreeRTOS/Source/CMSIS_RTOS/cmsis_os.c ****       return osErrorOS;
 2180              		.loc 1 1084 8 discriminator 1 view .LVU551
 2181 0050 0128     		cmp	r0, #1
 2182 0052 06D1     		bne	.L152
 2183              		.loc 1 1089 10 view .LVU552
 2184 0054 0020     		movs	r0, #0
 2185              	.L145:
1090:Middlewares/Third_Party/FreeRTOS/Source/CMSIS_RTOS/cmsis_os.c **** }
 2186              		.loc 1 1090 1 view .LVU553
ARM GAS  D:\software\msy64\tmp\ccX5RH3v.s 			page 67


 2187 0056 05B0     		add	sp, sp, #20
 2188              	.LCFI51:
 2189              		.cfi_remember_state
 2190              		.cfi_def_cfa_offset 12
 2191              		@ sp needed
 2192 0058 30BD     		pop	{r4, r5, pc}
 2193              	.LVL178:
 2194              	.L150:
 2195              	.LCFI52:
 2196              		.cfi_restore_state
1079:Middlewares/Third_Party/FreeRTOS/Source/CMSIS_RTOS/cmsis_os.c ****     }
 2197              		.loc 1 1079 14 view .LVU554
 2198 005a FF20     		movs	r0, #255
 2199 005c FBE7     		b	.L145
 2200              	.L151:
1089:Middlewares/Third_Party/FreeRTOS/Source/CMSIS_RTOS/cmsis_os.c **** }
 2201              		.loc 1 1089 10 view .LVU555
 2202 005e 0020     		movs	r0, #0
 2203 0060 F9E7     		b	.L145
 2204              	.L152:
1085:Middlewares/Third_Party/FreeRTOS/Source/CMSIS_RTOS/cmsis_os.c ****     }
 2205              		.loc 1 1085 14 view .LVU556
 2206 0062 FF20     		movs	r0, #255
 2207 0064 F7E7     		b	.L145
 2208              		.cfi_endproc
 2209              	.LFE81:
 2211              		.section	.text.osMessageGet,"ax",%progbits
 2212              		.align	1
 2213              		.global	osMessageGet
 2214              		.syntax unified
 2215              		.thumb
 2216              		.thumb_func
 2218              	osMessageGet:
 2219              	.LVL179:
 2220              	.LFB82:
1091:Middlewares/Third_Party/FreeRTOS/Source/CMSIS_RTOS/cmsis_os.c **** 
1092:Middlewares/Third_Party/FreeRTOS/Source/CMSIS_RTOS/cmsis_os.c **** /**
1093:Middlewares/Third_Party/FreeRTOS/Source/CMSIS_RTOS/cmsis_os.c **** * @brief Get a Message or Wait for a Message from a Queue.
1094:Middlewares/Third_Party/FreeRTOS/Source/CMSIS_RTOS/cmsis_os.c **** * @param  queue_id  message queue ID obtained with \ref osMessageCreate.
1095:Middlewares/Third_Party/FreeRTOS/Source/CMSIS_RTOS/cmsis_os.c **** * @param  millisec  timeout value or 0 in case of no time-out.
1096:Middlewares/Third_Party/FreeRTOS/Source/CMSIS_RTOS/cmsis_os.c **** * @retval event information that includes status code.
1097:Middlewares/Third_Party/FreeRTOS/Source/CMSIS_RTOS/cmsis_os.c **** * @note   MUST REMAIN UNCHANGED: \b osMessageGet shall be consistent in every CMSIS-RTOS.
1098:Middlewares/Third_Party/FreeRTOS/Source/CMSIS_RTOS/cmsis_os.c **** */
1099:Middlewares/Third_Party/FreeRTOS/Source/CMSIS_RTOS/cmsis_os.c **** osEvent osMessageGet (osMessageQId queue_id, uint32_t millisec)
1100:Middlewares/Third_Party/FreeRTOS/Source/CMSIS_RTOS/cmsis_os.c **** {
 2221              		.loc 1 1100 1 is_stmt 1 view -0
 2222              		.cfi_startproc
 2223              		@ args = 0, pretend = 0, frame = 16
 2224              		@ frame_needed = 0, uses_anonymous_args = 0
 2225              		.loc 1 1100 1 is_stmt 0 view .LVU558
 2226 0000 70B5     		push	{r4, r5, r6, lr}
 2227              	.LCFI53:
 2228              		.cfi_def_cfa_offset 16
 2229              		.cfi_offset 4, -16
 2230              		.cfi_offset 5, -12
 2231              		.cfi_offset 6, -8
 2232              		.cfi_offset 14, -4
ARM GAS  D:\software\msy64\tmp\ccX5RH3v.s 			page 68


 2233 0002 84B0     		sub	sp, sp, #16
 2234              	.LCFI54:
 2235              		.cfi_def_cfa_offset 32
 2236 0004 0446     		mov	r4, r0
1101:Middlewares/Third_Party/FreeRTOS/Source/CMSIS_RTOS/cmsis_os.c ****   portBASE_TYPE taskWoken;
 2237              		.loc 1 1101 3 is_stmt 1 view .LVU559
1102:Middlewares/Third_Party/FreeRTOS/Source/CMSIS_RTOS/cmsis_os.c ****   TickType_t ticks;
 2238              		.loc 1 1102 3 view .LVU560
1103:Middlewares/Third_Party/FreeRTOS/Source/CMSIS_RTOS/cmsis_os.c ****   osEvent event;
 2239              		.loc 1 1103 3 view .LVU561
1104:Middlewares/Third_Party/FreeRTOS/Source/CMSIS_RTOS/cmsis_os.c ****   
1105:Middlewares/Third_Party/FreeRTOS/Source/CMSIS_RTOS/cmsis_os.c ****   event.def.message_id = queue_id;
 2240              		.loc 1 1105 3 view .LVU562
 2241              		.loc 1 1105 24 is_stmt 0 view .LVU563
 2242 0006 0291     		str	r1, [sp, #8]
1106:Middlewares/Third_Party/FreeRTOS/Source/CMSIS_RTOS/cmsis_os.c ****   event.value.v = 0;
 2243              		.loc 1 1106 3 is_stmt 1 view .LVU564
 2244              		.loc 1 1106 17 is_stmt 0 view .LVU565
 2245 0008 0023     		movs	r3, #0
 2246 000a 0193     		str	r3, [sp, #4]
1107:Middlewares/Third_Party/FreeRTOS/Source/CMSIS_RTOS/cmsis_os.c ****   
1108:Middlewares/Third_Party/FreeRTOS/Source/CMSIS_RTOS/cmsis_os.c ****   if (queue_id == NULL) {
 2247              		.loc 1 1108 3 is_stmt 1 view .LVU566
 2248              		.loc 1 1108 6 is_stmt 0 view .LVU567
 2249 000c E1B1     		cbz	r1, .L165
 2250 000e 0D46     		mov	r5, r1
 2251 0010 1646     		mov	r6, r2
1109:Middlewares/Third_Party/FreeRTOS/Source/CMSIS_RTOS/cmsis_os.c ****     event.status = osErrorParameter;
1110:Middlewares/Third_Party/FreeRTOS/Source/CMSIS_RTOS/cmsis_os.c ****     return event;
1111:Middlewares/Third_Party/FreeRTOS/Source/CMSIS_RTOS/cmsis_os.c ****   }
1112:Middlewares/Third_Party/FreeRTOS/Source/CMSIS_RTOS/cmsis_os.c ****   
1113:Middlewares/Third_Party/FreeRTOS/Source/CMSIS_RTOS/cmsis_os.c ****   taskWoken = pdFALSE;
 2252              		.loc 1 1113 3 is_stmt 1 view .LVU568
 2253              		.loc 1 1113 13 is_stmt 0 view .LVU569
 2254 0012 0023     		movs	r3, #0
 2255 0014 0393     		str	r3, [sp, #12]
1114:Middlewares/Third_Party/FreeRTOS/Source/CMSIS_RTOS/cmsis_os.c ****   
1115:Middlewares/Third_Party/FreeRTOS/Source/CMSIS_RTOS/cmsis_os.c ****   ticks = 0;
 2256              		.loc 1 1115 3 is_stmt 1 view .LVU570
 2257              	.LVL180:
1116:Middlewares/Third_Party/FreeRTOS/Source/CMSIS_RTOS/cmsis_os.c ****   if (millisec == osWaitForever) {
 2258              		.loc 1 1116 3 view .LVU571
1117:Middlewares/Third_Party/FreeRTOS/Source/CMSIS_RTOS/cmsis_os.c ****     ticks = portMAX_DELAY;
1118:Middlewares/Third_Party/FreeRTOS/Source/CMSIS_RTOS/cmsis_os.c ****   }
1119:Middlewares/Third_Party/FreeRTOS/Source/CMSIS_RTOS/cmsis_os.c ****   else if (millisec != 0) {
 2259              		.loc 1 1119 8 view .LVU572
1120:Middlewares/Third_Party/FreeRTOS/Source/CMSIS_RTOS/cmsis_os.c ****     ticks = millisec / portTICK_PERIOD_MS;
1121:Middlewares/Third_Party/FreeRTOS/Source/CMSIS_RTOS/cmsis_os.c ****     if (ticks == 0) {
1122:Middlewares/Third_Party/FreeRTOS/Source/CMSIS_RTOS/cmsis_os.c ****       ticks = 1;
1123:Middlewares/Third_Party/FreeRTOS/Source/CMSIS_RTOS/cmsis_os.c ****     }
1124:Middlewares/Third_Party/FreeRTOS/Source/CMSIS_RTOS/cmsis_os.c ****   }
1125:Middlewares/Third_Party/FreeRTOS/Source/CMSIS_RTOS/cmsis_os.c ****   
1126:Middlewares/Third_Party/FreeRTOS/Source/CMSIS_RTOS/cmsis_os.c ****   if (inHandlerMode()) {
 2260              		.loc 1 1126 3 view .LVU573
 2261              		.loc 1 1126 7 is_stmt 0 view .LVU574
 2262 0016 FFF7FEFF 		bl	inHandlerMode
 2263              	.LVL181:
ARM GAS  D:\software\msy64\tmp\ccX5RH3v.s 			page 69


 2264              		.loc 1 1126 6 discriminator 1 view .LVU575
 2265 001a 00B3     		cbz	r0, .L157
1127:Middlewares/Third_Party/FreeRTOS/Source/CMSIS_RTOS/cmsis_os.c ****     if (xQueueReceiveFromISR(queue_id, &event.value.v, &taskWoken) == pdTRUE) {
 2266              		.loc 1 1127 5 is_stmt 1 view .LVU576
 2267              		.loc 1 1127 9 is_stmt 0 view .LVU577
 2268 001c 03AA     		add	r2, sp, #12
 2269 001e 01A9     		add	r1, sp, #4
 2270 0020 2846     		mov	r0, r5
 2271 0022 FFF7FEFF 		bl	xQueueReceiveFromISR
 2272              	.LVL182:
 2273              		.loc 1 1127 8 discriminator 1 view .LVU578
 2274 0026 0128     		cmp	r0, #1
 2275 0028 16D0     		beq	.L166
1128:Middlewares/Third_Party/FreeRTOS/Source/CMSIS_RTOS/cmsis_os.c ****       /* We have mail */
1129:Middlewares/Third_Party/FreeRTOS/Source/CMSIS_RTOS/cmsis_os.c ****       event.status = osEventMessage;
1130:Middlewares/Third_Party/FreeRTOS/Source/CMSIS_RTOS/cmsis_os.c ****     }
1131:Middlewares/Third_Party/FreeRTOS/Source/CMSIS_RTOS/cmsis_os.c ****     else {
1132:Middlewares/Third_Party/FreeRTOS/Source/CMSIS_RTOS/cmsis_os.c ****       event.status = osOK;
 2276              		.loc 1 1132 7 is_stmt 1 view .LVU579
 2277              		.loc 1 1132 20 is_stmt 0 view .LVU580
 2278 002a 0023     		movs	r3, #0
 2279 002c 0093     		str	r3, [sp]
 2280              	.L159:
1133:Middlewares/Third_Party/FreeRTOS/Source/CMSIS_RTOS/cmsis_os.c ****     }
1134:Middlewares/Third_Party/FreeRTOS/Source/CMSIS_RTOS/cmsis_os.c ****     portEND_SWITCHING_ISR(taskWoken);
 2281              		.loc 1 1134 5 is_stmt 1 view .LVU581
 2282 002e 039B     		ldr	r3, [sp, #12]
 2283 0030 FBB1     		cbz	r3, .L160
 2284              		.loc 1 1134 5 discriminator 1 view .LVU582
 2285 0032 4FF0E023 		mov	r3, #-536813568
 2286 0036 4FF08052 		mov	r2, #268435456
 2287 003a C3F8042D 		str	r2, [r3, #3332]
 2288              		.loc 1 1134 5 discriminator 1 view .LVU583
 2289              		.syntax unified
 2290              	@ 1134 "Middlewares/Third_Party/FreeRTOS/Source/CMSIS_RTOS/cmsis_os.c" 1
 2291 003e BFF34F8F 		dsb
 2292              	@ 0 "" 2
 2293              		.loc 1 1134 5 discriminator 1 view .LVU584
 2294              	@ 1134 "Middlewares/Third_Party/FreeRTOS/Source/CMSIS_RTOS/cmsis_os.c" 1
 2295 0042 BFF36F8F 		isb
 2296              	@ 0 "" 2
 2297              		.thumb
 2298              		.syntax unified
 2299 0046 14E0     		b	.L160
 2300              	.LVL183:
 2301              	.L165:
1109:Middlewares/Third_Party/FreeRTOS/Source/CMSIS_RTOS/cmsis_os.c ****     return event;
 2302              		.loc 1 1109 5 view .LVU585
1109:Middlewares/Third_Party/FreeRTOS/Source/CMSIS_RTOS/cmsis_os.c ****     return event;
 2303              		.loc 1 1109 18 is_stmt 0 view .LVU586
 2304 0048 8023     		movs	r3, #128
 2305 004a 0093     		str	r3, [sp]
1110:Middlewares/Third_Party/FreeRTOS/Source/CMSIS_RTOS/cmsis_os.c ****   }
 2306              		.loc 1 1110 5 is_stmt 1 view .LVU587
1110:Middlewares/Third_Party/FreeRTOS/Source/CMSIS_RTOS/cmsis_os.c ****   }
 2307              		.loc 1 1110 12 is_stmt 0 view .LVU588
 2308 004c 6B46     		mov	r3, sp
ARM GAS  D:\software\msy64\tmp\ccX5RH3v.s 			page 70


 2309 004e 93E80700 		ldm	r3, {r0, r1, r2}
 2310              	.LVL184:
1110:Middlewares/Third_Party/FreeRTOS/Source/CMSIS_RTOS/cmsis_os.c ****   }
 2311              		.loc 1 1110 12 view .LVU589
 2312 0052 84E80700 		stm	r4, {r0, r1, r2}
 2313 0056 11E0     		b	.L154
 2314              	.LVL185:
 2315              	.L166:
1129:Middlewares/Third_Party/FreeRTOS/Source/CMSIS_RTOS/cmsis_os.c ****     }
 2316              		.loc 1 1129 7 is_stmt 1 view .LVU590
1129:Middlewares/Third_Party/FreeRTOS/Source/CMSIS_RTOS/cmsis_os.c ****     }
 2317              		.loc 1 1129 20 is_stmt 0 view .LVU591
 2318 0058 1023     		movs	r3, #16
 2319 005a 0093     		str	r3, [sp]
 2320 005c E7E7     		b	.L159
 2321              	.L157:
1135:Middlewares/Third_Party/FreeRTOS/Source/CMSIS_RTOS/cmsis_os.c ****   }
1136:Middlewares/Third_Party/FreeRTOS/Source/CMSIS_RTOS/cmsis_os.c ****   else {
1137:Middlewares/Third_Party/FreeRTOS/Source/CMSIS_RTOS/cmsis_os.c ****     if (xQueueReceive(queue_id, &event.value.v, ticks) == pdTRUE) {
 2322              		.loc 1 1137 5 is_stmt 1 view .LVU592
 2323              		.loc 1 1137 9 is_stmt 0 view .LVU593
 2324 005e 3246     		mov	r2, r6
 2325 0060 01A9     		add	r1, sp, #4
 2326 0062 2846     		mov	r0, r5
 2327 0064 FFF7FEFF 		bl	xQueueReceive
 2328              	.LVL186:
 2329              		.loc 1 1137 8 discriminator 1 view .LVU594
 2330 0068 0128     		cmp	r0, #1
 2331 006a 0AD0     		beq	.L167
1138:Middlewares/Third_Party/FreeRTOS/Source/CMSIS_RTOS/cmsis_os.c ****       /* We have mail */
1139:Middlewares/Third_Party/FreeRTOS/Source/CMSIS_RTOS/cmsis_os.c ****       event.status = osEventMessage;
1140:Middlewares/Third_Party/FreeRTOS/Source/CMSIS_RTOS/cmsis_os.c ****     }
1141:Middlewares/Third_Party/FreeRTOS/Source/CMSIS_RTOS/cmsis_os.c ****     else {
1142:Middlewares/Third_Party/FreeRTOS/Source/CMSIS_RTOS/cmsis_os.c ****       event.status = (ticks == 0) ? osOK : osEventTimeout;
 2332              		.loc 1 1142 7 is_stmt 1 view .LVU595
 2333              		.loc 1 1142 42 is_stmt 0 view .LVU596
 2334 006c 06B1     		cbz	r6, .L162
 2335              		.loc 1 1142 42 discriminator 2 view .LVU597
 2336 006e 4026     		movs	r6, #64
 2337              	.LVL187:
 2338              	.L162:
 2339              		.loc 1 1142 20 discriminator 4 view .LVU598
 2340 0070 0096     		str	r6, [sp]
 2341              	.L160:
1143:Middlewares/Third_Party/FreeRTOS/Source/CMSIS_RTOS/cmsis_os.c ****     }
1144:Middlewares/Third_Party/FreeRTOS/Source/CMSIS_RTOS/cmsis_os.c ****   }
1145:Middlewares/Third_Party/FreeRTOS/Source/CMSIS_RTOS/cmsis_os.c ****   
1146:Middlewares/Third_Party/FreeRTOS/Source/CMSIS_RTOS/cmsis_os.c ****   return event;
 2342              		.loc 1 1146 3 is_stmt 1 view .LVU599
 2343              		.loc 1 1146 10 is_stmt 0 view .LVU600
 2344 0072 6B46     		mov	r3, sp
 2345 0074 93E80700 		ldm	r3, {r0, r1, r2}
 2346 0078 84E80700 		stm	r4, {r0, r1, r2}
 2347              	.LVL188:
 2348              	.L154:
1147:Middlewares/Third_Party/FreeRTOS/Source/CMSIS_RTOS/cmsis_os.c **** }
 2349              		.loc 1 1147 1 view .LVU601
ARM GAS  D:\software\msy64\tmp\ccX5RH3v.s 			page 71


 2350 007c 2046     		mov	r0, r4
 2351 007e 04B0     		add	sp, sp, #16
 2352              	.LCFI55:
 2353              		.cfi_remember_state
 2354              		.cfi_def_cfa_offset 16
 2355              		@ sp needed
 2356 0080 70BD     		pop	{r4, r5, r6, pc}
 2357              	.LVL189:
 2358              	.L167:
 2359              	.LCFI56:
 2360              		.cfi_restore_state
1139:Middlewares/Third_Party/FreeRTOS/Source/CMSIS_RTOS/cmsis_os.c ****     }
 2361              		.loc 1 1139 7 is_stmt 1 view .LVU602
1139:Middlewares/Third_Party/FreeRTOS/Source/CMSIS_RTOS/cmsis_os.c ****     }
 2362              		.loc 1 1139 20 is_stmt 0 view .LVU603
 2363 0082 1023     		movs	r3, #16
 2364 0084 0093     		str	r3, [sp]
 2365 0086 F4E7     		b	.L160
 2366              		.cfi_endproc
 2367              	.LFE82:
 2369              		.section	.text.osMailCreate,"ax",%progbits
 2370              		.align	1
 2371              		.global	osMailCreate
 2372              		.syntax unified
 2373              		.thumb
 2374              		.thumb_func
 2376              	osMailCreate:
 2377              	.LVL190:
 2378              	.LFB83:
1148:Middlewares/Third_Party/FreeRTOS/Source/CMSIS_RTOS/cmsis_os.c **** 
1149:Middlewares/Third_Party/FreeRTOS/Source/CMSIS_RTOS/cmsis_os.c **** #endif     /* Use Message Queues */
1150:Middlewares/Third_Party/FreeRTOS/Source/CMSIS_RTOS/cmsis_os.c **** 
1151:Middlewares/Third_Party/FreeRTOS/Source/CMSIS_RTOS/cmsis_os.c **** /********************   Mail Queue Management Functions  ***********************/
1152:Middlewares/Third_Party/FreeRTOS/Source/CMSIS_RTOS/cmsis_os.c **** #if (defined (osFeature_MailQ)  &&  (osFeature_MailQ != 0))  /* Use Mail Queues */
1153:Middlewares/Third_Party/FreeRTOS/Source/CMSIS_RTOS/cmsis_os.c **** 
1154:Middlewares/Third_Party/FreeRTOS/Source/CMSIS_RTOS/cmsis_os.c **** 
1155:Middlewares/Third_Party/FreeRTOS/Source/CMSIS_RTOS/cmsis_os.c **** typedef struct os_mailQ_cb {
1156:Middlewares/Third_Party/FreeRTOS/Source/CMSIS_RTOS/cmsis_os.c ****   const osMailQDef_t *queue_def;
1157:Middlewares/Third_Party/FreeRTOS/Source/CMSIS_RTOS/cmsis_os.c ****   QueueHandle_t handle;
1158:Middlewares/Third_Party/FreeRTOS/Source/CMSIS_RTOS/cmsis_os.c ****   osPoolId pool;
1159:Middlewares/Third_Party/FreeRTOS/Source/CMSIS_RTOS/cmsis_os.c **** } os_mailQ_cb_t;
1160:Middlewares/Third_Party/FreeRTOS/Source/CMSIS_RTOS/cmsis_os.c **** 
1161:Middlewares/Third_Party/FreeRTOS/Source/CMSIS_RTOS/cmsis_os.c **** /**
1162:Middlewares/Third_Party/FreeRTOS/Source/CMSIS_RTOS/cmsis_os.c **** * @brief Create and Initialize mail queue
1163:Middlewares/Third_Party/FreeRTOS/Source/CMSIS_RTOS/cmsis_os.c **** * @param  queue_def     reference to the mail queue definition obtain with \ref osMailQ
1164:Middlewares/Third_Party/FreeRTOS/Source/CMSIS_RTOS/cmsis_os.c **** * @param   thread_id     thread ID (obtained by \ref osThreadCreate or \ref osThreadGetId) or NULL.
1165:Middlewares/Third_Party/FreeRTOS/Source/CMSIS_RTOS/cmsis_os.c **** * @retval mail queue ID for reference by other functions or NULL in case of error.
1166:Middlewares/Third_Party/FreeRTOS/Source/CMSIS_RTOS/cmsis_os.c **** * @note   MUST REMAIN UNCHANGED: \b osMailCreate shall be consistent in every CMSIS-RTOS.
1167:Middlewares/Third_Party/FreeRTOS/Source/CMSIS_RTOS/cmsis_os.c **** */
1168:Middlewares/Third_Party/FreeRTOS/Source/CMSIS_RTOS/cmsis_os.c **** osMailQId osMailCreate (const osMailQDef_t *queue_def, osThreadId thread_id)
1169:Middlewares/Third_Party/FreeRTOS/Source/CMSIS_RTOS/cmsis_os.c **** {
 2379              		.loc 1 1169 1 is_stmt 1 view -0
 2380              		.cfi_startproc
 2381              		@ args = 0, pretend = 0, frame = 16
 2382              		@ frame_needed = 0, uses_anonymous_args = 0
 2383              		.loc 1 1169 1 is_stmt 0 view .LVU605
 2384 0000 70B5     		push	{r4, r5, r6, lr}
ARM GAS  D:\software\msy64\tmp\ccX5RH3v.s 			page 72


 2385              	.LCFI57:
 2386              		.cfi_def_cfa_offset 16
 2387              		.cfi_offset 4, -16
 2388              		.cfi_offset 5, -12
 2389              		.cfi_offset 6, -8
 2390              		.cfi_offset 14, -4
 2391 0002 84B0     		sub	sp, sp, #16
 2392              	.LCFI58:
 2393              		.cfi_def_cfa_offset 32
 2394 0004 0446     		mov	r4, r0
1170:Middlewares/Third_Party/FreeRTOS/Source/CMSIS_RTOS/cmsis_os.c **** #if (configSUPPORT_DYNAMIC_ALLOCATION == 1)
1171:Middlewares/Third_Party/FreeRTOS/Source/CMSIS_RTOS/cmsis_os.c ****   (void) thread_id;
 2395              		.loc 1 1171 3 is_stmt 1 view .LVU606
1172:Middlewares/Third_Party/FreeRTOS/Source/CMSIS_RTOS/cmsis_os.c ****   
1173:Middlewares/Third_Party/FreeRTOS/Source/CMSIS_RTOS/cmsis_os.c ****   osPoolDef_t pool_def = {queue_def->queue_sz, queue_def->item_sz, NULL};
 2396              		.loc 1 1173 3 view .LVU607
 2397              		.loc 1 1173 36 is_stmt 0 view .LVU608
 2398 0006 0368     		ldr	r3, [r0]
 2399              		.loc 1 1173 15 view .LVU609
 2400 0008 0193     		str	r3, [sp, #4]
 2401              		.loc 1 1173 57 view .LVU610
 2402 000a 4368     		ldr	r3, [r0, #4]
 2403              		.loc 1 1173 15 view .LVU611
 2404 000c 0293     		str	r3, [sp, #8]
 2405 000e 0023     		movs	r3, #0
 2406 0010 0393     		str	r3, [sp, #12]
1174:Middlewares/Third_Party/FreeRTOS/Source/CMSIS_RTOS/cmsis_os.c ****   
1175:Middlewares/Third_Party/FreeRTOS/Source/CMSIS_RTOS/cmsis_os.c ****   /* Create a mail queue control block */
1176:Middlewares/Third_Party/FreeRTOS/Source/CMSIS_RTOS/cmsis_os.c **** 
1177:Middlewares/Third_Party/FreeRTOS/Source/CMSIS_RTOS/cmsis_os.c ****   *(queue_def->cb) = pvPortMalloc(sizeof(struct os_mailQ_cb));
 2407              		.loc 1 1177 3 is_stmt 1 view .LVU612
 2408              		.loc 1 1177 14 is_stmt 0 view .LVU613
 2409 0012 8568     		ldr	r5, [r0, #8]
 2410              		.loc 1 1177 22 view .LVU614
 2411 0014 0C20     		movs	r0, #12
 2412              	.LVL191:
 2413              		.loc 1 1177 22 view .LVU615
 2414 0016 FFF7FEFF 		bl	pvPortMalloc
 2415              	.LVL192:
 2416              		.loc 1 1177 20 discriminator 1 view .LVU616
 2417 001a 2860     		str	r0, [r5]
1178:Middlewares/Third_Party/FreeRTOS/Source/CMSIS_RTOS/cmsis_os.c **** 
1179:Middlewares/Third_Party/FreeRTOS/Source/CMSIS_RTOS/cmsis_os.c ****   if (*(queue_def->cb) == NULL) {
 2418              		.loc 1 1179 3 is_stmt 1 view .LVU617
 2419              		.loc 1 1179 18 is_stmt 0 view .LVU618
 2420 001c A368     		ldr	r3, [r4, #8]
 2421              		.loc 1 1179 7 view .LVU619
 2422 001e 1D68     		ldr	r5, [r3]
 2423              		.loc 1 1179 6 view .LVU620
 2424 0020 A5B1     		cbz	r5, .L168
1180:Middlewares/Third_Party/FreeRTOS/Source/CMSIS_RTOS/cmsis_os.c ****     return NULL;
1181:Middlewares/Third_Party/FreeRTOS/Source/CMSIS_RTOS/cmsis_os.c ****   }
1182:Middlewares/Third_Party/FreeRTOS/Source/CMSIS_RTOS/cmsis_os.c ****   (*(queue_def->cb))->queue_def = queue_def;
 2425              		.loc 1 1182 3 is_stmt 1 view .LVU621
 2426              		.loc 1 1182 33 is_stmt 0 view .LVU622
 2427 0022 2C60     		str	r4, [r5]
1183:Middlewares/Third_Party/FreeRTOS/Source/CMSIS_RTOS/cmsis_os.c ****   
ARM GAS  D:\software\msy64\tmp\ccX5RH3v.s 			page 73


1184:Middlewares/Third_Party/FreeRTOS/Source/CMSIS_RTOS/cmsis_os.c ****   /* Create a queue in FreeRTOS */
1185:Middlewares/Third_Party/FreeRTOS/Source/CMSIS_RTOS/cmsis_os.c ****   (*(queue_def->cb))->handle = xQueueCreate(queue_def->queue_sz, sizeof(void *));
 2428              		.loc 1 1185 3 is_stmt 1 view .LVU623
 2429              		.loc 1 1185 15 is_stmt 0 view .LVU624
 2430 0024 A368     		ldr	r3, [r4, #8]
 2431              		.loc 1 1185 4 view .LVU625
 2432 0026 1D68     		ldr	r5, [r3]
 2433              		.loc 1 1185 32 view .LVU626
 2434 0028 0022     		movs	r2, #0
 2435 002a 0421     		movs	r1, #4
 2436 002c 2068     		ldr	r0, [r4]
 2437 002e FFF7FEFF 		bl	xQueueGenericCreate
 2438              	.LVL193:
 2439              		.loc 1 1185 30 discriminator 1 view .LVU627
 2440 0032 6860     		str	r0, [r5, #4]
1186:Middlewares/Third_Party/FreeRTOS/Source/CMSIS_RTOS/cmsis_os.c **** 
1187:Middlewares/Third_Party/FreeRTOS/Source/CMSIS_RTOS/cmsis_os.c **** 
1188:Middlewares/Third_Party/FreeRTOS/Source/CMSIS_RTOS/cmsis_os.c ****   if ((*(queue_def->cb))->handle == NULL) {
 2441              		.loc 1 1188 3 is_stmt 1 view .LVU628
 2442              		.loc 1 1188 19 is_stmt 0 view .LVU629
 2443 0034 A368     		ldr	r3, [r4, #8]
 2444              		.loc 1 1188 8 view .LVU630
 2445 0036 1E68     		ldr	r6, [r3]
 2446              		.loc 1 1188 25 view .LVU631
 2447 0038 7568     		ldr	r5, [r6, #4]
 2448              		.loc 1 1188 6 view .LVU632
 2449 003a 55B1     		cbz	r5, .L172
1189:Middlewares/Third_Party/FreeRTOS/Source/CMSIS_RTOS/cmsis_os.c ****     vPortFree(*(queue_def->cb));
1190:Middlewares/Third_Party/FreeRTOS/Source/CMSIS_RTOS/cmsis_os.c ****     return NULL;
1191:Middlewares/Third_Party/FreeRTOS/Source/CMSIS_RTOS/cmsis_os.c ****   }
1192:Middlewares/Third_Party/FreeRTOS/Source/CMSIS_RTOS/cmsis_os.c ****   
1193:Middlewares/Third_Party/FreeRTOS/Source/CMSIS_RTOS/cmsis_os.c ****   /* Create a mail pool */
1194:Middlewares/Third_Party/FreeRTOS/Source/CMSIS_RTOS/cmsis_os.c ****   (*(queue_def->cb))->pool = osPoolCreate(&pool_def);
 2450              		.loc 1 1194 3 is_stmt 1 view .LVU633
 2451              		.loc 1 1194 30 is_stmt 0 view .LVU634
 2452 003c 01A8     		add	r0, sp, #4
 2453 003e FFF7FEFF 		bl	osPoolCreate
 2454              	.LVL194:
 2455              		.loc 1 1194 28 discriminator 1 view .LVU635
 2456 0042 B060     		str	r0, [r6, #8]
1195:Middlewares/Third_Party/FreeRTOS/Source/CMSIS_RTOS/cmsis_os.c ****   if ((*(queue_def->cb))->pool == NULL) {
 2457              		.loc 1 1195 3 is_stmt 1 view .LVU636
 2458              		.loc 1 1195 19 is_stmt 0 view .LVU637
 2459 0044 A368     		ldr	r3, [r4, #8]
 2460              		.loc 1 1195 8 view .LVU638
 2461 0046 1D68     		ldr	r5, [r3]
 2462              		.loc 1 1195 25 view .LVU639
 2463 0048 AC68     		ldr	r4, [r5, #8]
 2464              	.LVL195:
 2465              		.loc 1 1195 6 view .LVU640
 2466 004a 34B1     		cbz	r4, .L173
 2467              	.L168:
1196:Middlewares/Third_Party/FreeRTOS/Source/CMSIS_RTOS/cmsis_os.c ****     //TODO: Delete queue. How to do it in FreeRTOS?
1197:Middlewares/Third_Party/FreeRTOS/Source/CMSIS_RTOS/cmsis_os.c ****     vPortFree(*(queue_def->cb));
1198:Middlewares/Third_Party/FreeRTOS/Source/CMSIS_RTOS/cmsis_os.c ****     return NULL;
1199:Middlewares/Third_Party/FreeRTOS/Source/CMSIS_RTOS/cmsis_os.c ****   }
1200:Middlewares/Third_Party/FreeRTOS/Source/CMSIS_RTOS/cmsis_os.c ****   
ARM GAS  D:\software\msy64\tmp\ccX5RH3v.s 			page 74


1201:Middlewares/Third_Party/FreeRTOS/Source/CMSIS_RTOS/cmsis_os.c ****   return *(queue_def->cb);
1202:Middlewares/Third_Party/FreeRTOS/Source/CMSIS_RTOS/cmsis_os.c **** #else
1203:Middlewares/Third_Party/FreeRTOS/Source/CMSIS_RTOS/cmsis_os.c ****   return NULL;
1204:Middlewares/Third_Party/FreeRTOS/Source/CMSIS_RTOS/cmsis_os.c **** #endif
1205:Middlewares/Third_Party/FreeRTOS/Source/CMSIS_RTOS/cmsis_os.c **** }
 2468              		.loc 1 1205 1 view .LVU641
 2469 004c 2846     		mov	r0, r5
 2470 004e 04B0     		add	sp, sp, #16
 2471              	.LCFI59:
 2472              		.cfi_remember_state
 2473              		.cfi_def_cfa_offset 16
 2474              		@ sp needed
 2475 0050 70BD     		pop	{r4, r5, r6, pc}
 2476              	.LVL196:
 2477              	.L172:
 2478              	.LCFI60:
 2479              		.cfi_restore_state
1189:Middlewares/Third_Party/FreeRTOS/Source/CMSIS_RTOS/cmsis_os.c ****     return NULL;
 2480              		.loc 1 1189 5 is_stmt 1 view .LVU642
 2481 0052 3046     		mov	r0, r6
 2482 0054 FFF7FEFF 		bl	vPortFree
 2483              	.LVL197:
1190:Middlewares/Third_Party/FreeRTOS/Source/CMSIS_RTOS/cmsis_os.c ****   }
 2484              		.loc 1 1190 5 view .LVU643
1190:Middlewares/Third_Party/FreeRTOS/Source/CMSIS_RTOS/cmsis_os.c ****   }
 2485              		.loc 1 1190 12 is_stmt 0 view .LVU644
 2486 0058 F8E7     		b	.L168
 2487              	.LVL198:
 2488              	.L173:
1197:Middlewares/Third_Party/FreeRTOS/Source/CMSIS_RTOS/cmsis_os.c ****     return NULL;
 2489              		.loc 1 1197 5 is_stmt 1 view .LVU645
 2490 005a 2846     		mov	r0, r5
 2491 005c FFF7FEFF 		bl	vPortFree
 2492              	.LVL199:
1198:Middlewares/Third_Party/FreeRTOS/Source/CMSIS_RTOS/cmsis_os.c ****   }
 2493              		.loc 1 1198 5 view .LVU646
1198:Middlewares/Third_Party/FreeRTOS/Source/CMSIS_RTOS/cmsis_os.c ****   }
 2494              		.loc 1 1198 12 is_stmt 0 view .LVU647
 2495 0060 2546     		mov	r5, r4
 2496 0062 F3E7     		b	.L168
 2497              		.cfi_endproc
 2498              	.LFE83:
 2500              		.section	.text.osMailAlloc,"ax",%progbits
 2501              		.align	1
 2502              		.global	osMailAlloc
 2503              		.syntax unified
 2504              		.thumb
 2505              		.thumb_func
 2507              	osMailAlloc:
 2508              	.LVL200:
 2509              	.LFB84:
1206:Middlewares/Third_Party/FreeRTOS/Source/CMSIS_RTOS/cmsis_os.c **** 
1207:Middlewares/Third_Party/FreeRTOS/Source/CMSIS_RTOS/cmsis_os.c **** /**
1208:Middlewares/Third_Party/FreeRTOS/Source/CMSIS_RTOS/cmsis_os.c **** * @brief Allocate a memory block from a mail
1209:Middlewares/Third_Party/FreeRTOS/Source/CMSIS_RTOS/cmsis_os.c **** * @param  queue_id      mail queue ID obtained with \ref osMailCreate.
1210:Middlewares/Third_Party/FreeRTOS/Source/CMSIS_RTOS/cmsis_os.c **** * @param  millisec      timeout value or 0 in case of no time-out.
1211:Middlewares/Third_Party/FreeRTOS/Source/CMSIS_RTOS/cmsis_os.c **** * @retval pointer to memory block that can be filled with mail or NULL in case error.
ARM GAS  D:\software\msy64\tmp\ccX5RH3v.s 			page 75


1212:Middlewares/Third_Party/FreeRTOS/Source/CMSIS_RTOS/cmsis_os.c **** * @note   MUST REMAIN UNCHANGED: \b osMailAlloc shall be consistent in every CMSIS-RTOS.
1213:Middlewares/Third_Party/FreeRTOS/Source/CMSIS_RTOS/cmsis_os.c **** */
1214:Middlewares/Third_Party/FreeRTOS/Source/CMSIS_RTOS/cmsis_os.c **** void *osMailAlloc (osMailQId queue_id, uint32_t millisec)
1215:Middlewares/Third_Party/FreeRTOS/Source/CMSIS_RTOS/cmsis_os.c **** {
 2510              		.loc 1 1215 1 is_stmt 1 view -0
 2511              		.cfi_startproc
 2512              		@ args = 0, pretend = 0, frame = 0
 2513              		@ frame_needed = 0, uses_anonymous_args = 0
 2514              		.loc 1 1215 1 is_stmt 0 view .LVU649
 2515 0000 08B5     		push	{r3, lr}
 2516              	.LCFI61:
 2517              		.cfi_def_cfa_offset 8
 2518              		.cfi_offset 3, -8
 2519              		.cfi_offset 14, -4
1216:Middlewares/Third_Party/FreeRTOS/Source/CMSIS_RTOS/cmsis_os.c ****   (void) millisec;
 2520              		.loc 1 1216 3 is_stmt 1 view .LVU650
1217:Middlewares/Third_Party/FreeRTOS/Source/CMSIS_RTOS/cmsis_os.c ****   void *p;
 2521              		.loc 1 1217 3 view .LVU651
1218:Middlewares/Third_Party/FreeRTOS/Source/CMSIS_RTOS/cmsis_os.c ****   
1219:Middlewares/Third_Party/FreeRTOS/Source/CMSIS_RTOS/cmsis_os.c ****   
1220:Middlewares/Third_Party/FreeRTOS/Source/CMSIS_RTOS/cmsis_os.c ****   if (queue_id == NULL) {
 2522              		.loc 1 1220 3 view .LVU652
 2523              		.loc 1 1220 6 is_stmt 0 view .LVU653
 2524 0002 10B1     		cbz	r0, .L174
1221:Middlewares/Third_Party/FreeRTOS/Source/CMSIS_RTOS/cmsis_os.c ****     return NULL;
1222:Middlewares/Third_Party/FreeRTOS/Source/CMSIS_RTOS/cmsis_os.c ****   }
1223:Middlewares/Third_Party/FreeRTOS/Source/CMSIS_RTOS/cmsis_os.c ****   
1224:Middlewares/Third_Party/FreeRTOS/Source/CMSIS_RTOS/cmsis_os.c ****   p = osPoolAlloc(queue_id->pool);
 2525              		.loc 1 1224 3 is_stmt 1 view .LVU654
 2526              		.loc 1 1224 7 is_stmt 0 view .LVU655
 2527 0004 8068     		ldr	r0, [r0, #8]
 2528              	.LVL201:
 2529              		.loc 1 1224 7 view .LVU656
 2530 0006 FFF7FEFF 		bl	osPoolAlloc
 2531              	.LVL202:
1225:Middlewares/Third_Party/FreeRTOS/Source/CMSIS_RTOS/cmsis_os.c ****   
1226:Middlewares/Third_Party/FreeRTOS/Source/CMSIS_RTOS/cmsis_os.c ****   return p;
 2532              		.loc 1 1226 3 is_stmt 1 view .LVU657
 2533              	.L174:
1227:Middlewares/Third_Party/FreeRTOS/Source/CMSIS_RTOS/cmsis_os.c **** }
 2534              		.loc 1 1227 1 is_stmt 0 view .LVU658
 2535 000a 08BD     		pop	{r3, pc}
 2536              		.cfi_endproc
 2537              	.LFE84:
 2539              		.section	.text.osMailCAlloc,"ax",%progbits
 2540              		.align	1
 2541              		.global	osMailCAlloc
 2542              		.syntax unified
 2543              		.thumb
 2544              		.thumb_func
 2546              	osMailCAlloc:
 2547              	.LVL203:
 2548              	.LFB85:
1228:Middlewares/Third_Party/FreeRTOS/Source/CMSIS_RTOS/cmsis_os.c **** 
1229:Middlewares/Third_Party/FreeRTOS/Source/CMSIS_RTOS/cmsis_os.c **** /**
1230:Middlewares/Third_Party/FreeRTOS/Source/CMSIS_RTOS/cmsis_os.c **** * @brief Allocate a memory block from a mail and set memory block to zero
1231:Middlewares/Third_Party/FreeRTOS/Source/CMSIS_RTOS/cmsis_os.c **** * @param  queue_id      mail queue ID obtained with \ref osMailCreate.
ARM GAS  D:\software\msy64\tmp\ccX5RH3v.s 			page 76


1232:Middlewares/Third_Party/FreeRTOS/Source/CMSIS_RTOS/cmsis_os.c **** * @param  millisec      timeout value or 0 in case of no time-out.
1233:Middlewares/Third_Party/FreeRTOS/Source/CMSIS_RTOS/cmsis_os.c **** * @retval pointer to memory block that can be filled with mail or NULL in case error.
1234:Middlewares/Third_Party/FreeRTOS/Source/CMSIS_RTOS/cmsis_os.c **** * @note   MUST REMAIN UNCHANGED: \b osMailCAlloc shall be consistent in every CMSIS-RTOS.
1235:Middlewares/Third_Party/FreeRTOS/Source/CMSIS_RTOS/cmsis_os.c **** */
1236:Middlewares/Third_Party/FreeRTOS/Source/CMSIS_RTOS/cmsis_os.c **** void *osMailCAlloc (osMailQId queue_id, uint32_t millisec)
1237:Middlewares/Third_Party/FreeRTOS/Source/CMSIS_RTOS/cmsis_os.c **** {
 2549              		.loc 1 1237 1 is_stmt 1 view -0
 2550              		.cfi_startproc
 2551              		@ args = 0, pretend = 0, frame = 0
 2552              		@ frame_needed = 0, uses_anonymous_args = 0
 2553              		.loc 1 1237 1 is_stmt 0 view .LVU660
 2554 0000 10B5     		push	{r4, lr}
 2555              	.LCFI62:
 2556              		.cfi_def_cfa_offset 8
 2557              		.cfi_offset 4, -8
 2558              		.cfi_offset 14, -4
 2559 0002 0446     		mov	r4, r0
1238:Middlewares/Third_Party/FreeRTOS/Source/CMSIS_RTOS/cmsis_os.c ****   uint32_t i;
 2560              		.loc 1 1238 3 is_stmt 1 view .LVU661
1239:Middlewares/Third_Party/FreeRTOS/Source/CMSIS_RTOS/cmsis_os.c ****   void *p = osMailAlloc(queue_id, millisec);
 2561              		.loc 1 1239 3 view .LVU662
 2562              		.loc 1 1239 13 is_stmt 0 view .LVU663
 2563 0004 FFF7FEFF 		bl	osMailAlloc
 2564              	.LVL204:
1240:Middlewares/Third_Party/FreeRTOS/Source/CMSIS_RTOS/cmsis_os.c ****   
1241:Middlewares/Third_Party/FreeRTOS/Source/CMSIS_RTOS/cmsis_os.c ****   if (p) {
 2565              		.loc 1 1241 3 is_stmt 1 view .LVU664
 2566              		.loc 1 1241 6 is_stmt 0 view .LVU665
 2567 0008 0146     		mov	r1, r0
 2568 000a 40B1     		cbz	r0, .L178
1242:Middlewares/Third_Party/FreeRTOS/Source/CMSIS_RTOS/cmsis_os.c ****     for (i = 0; i < queue_id->queue_def->item_sz; i++) {
 2569              		.loc 1 1242 12 view .LVU666
 2570 000c 0023     		movs	r3, #0
 2571 000e 02E0     		b	.L179
 2572              	.LVL205:
 2573              	.L181:
1243:Middlewares/Third_Party/FreeRTOS/Source/CMSIS_RTOS/cmsis_os.c ****       ((uint8_t *)p)[i] = 0;
 2574              		.loc 1 1243 7 is_stmt 1 view .LVU667
 2575              		.loc 1 1243 25 is_stmt 0 view .LVU668
 2576 0010 0022     		movs	r2, #0
 2577 0012 CA54     		strb	r2, [r1, r3]
1242:Middlewares/Third_Party/FreeRTOS/Source/CMSIS_RTOS/cmsis_os.c ****     for (i = 0; i < queue_id->queue_def->item_sz; i++) {
 2578              		.loc 1 1242 52 is_stmt 1 discriminator 3 view .LVU669
 2579 0014 0133     		adds	r3, r3, #1
 2580              	.LVL206:
 2581              	.L179:
1242:Middlewares/Third_Party/FreeRTOS/Source/CMSIS_RTOS/cmsis_os.c ****     for (i = 0; i < queue_id->queue_def->item_sz; i++) {
 2582              		.loc 1 1242 19 discriminator 1 view .LVU670
1242:Middlewares/Third_Party/FreeRTOS/Source/CMSIS_RTOS/cmsis_os.c ****     for (i = 0; i < queue_id->queue_def->item_sz; i++) {
 2583              		.loc 1 1242 29 is_stmt 0 discriminator 1 view .LVU671
 2584 0016 2268     		ldr	r2, [r4]
1242:Middlewares/Third_Party/FreeRTOS/Source/CMSIS_RTOS/cmsis_os.c ****     for (i = 0; i < queue_id->queue_def->item_sz; i++) {
 2585              		.loc 1 1242 40 discriminator 1 view .LVU672
 2586 0018 5268     		ldr	r2, [r2, #4]
1242:Middlewares/Third_Party/FreeRTOS/Source/CMSIS_RTOS/cmsis_os.c ****     for (i = 0; i < queue_id->queue_def->item_sz; i++) {
 2587              		.loc 1 1242 19 discriminator 1 view .LVU673
 2588 001a 9A42     		cmp	r2, r3
ARM GAS  D:\software\msy64\tmp\ccX5RH3v.s 			page 77


 2589 001c F8D8     		bhi	.L181
 2590              	.LVL207:
 2591              	.L178:
1244:Middlewares/Third_Party/FreeRTOS/Source/CMSIS_RTOS/cmsis_os.c ****     }
1245:Middlewares/Third_Party/FreeRTOS/Source/CMSIS_RTOS/cmsis_os.c ****   }
1246:Middlewares/Third_Party/FreeRTOS/Source/CMSIS_RTOS/cmsis_os.c ****   
1247:Middlewares/Third_Party/FreeRTOS/Source/CMSIS_RTOS/cmsis_os.c ****   return p;
1248:Middlewares/Third_Party/FreeRTOS/Source/CMSIS_RTOS/cmsis_os.c **** }
 2592              		.loc 1 1248 1 view .LVU674
 2593 001e 0846     		mov	r0, r1
 2594              	.LVL208:
 2595              		.loc 1 1248 1 view .LVU675
 2596 0020 10BD     		pop	{r4, pc}
 2597              		.loc 1 1248 1 view .LVU676
 2598              		.cfi_endproc
 2599              	.LFE85:
 2601              		.section	.text.osMailPut,"ax",%progbits
 2602              		.align	1
 2603              		.global	osMailPut
 2604              		.syntax unified
 2605              		.thumb
 2606              		.thumb_func
 2608              	osMailPut:
 2609              	.LVL209:
 2610              	.LFB86:
1249:Middlewares/Third_Party/FreeRTOS/Source/CMSIS_RTOS/cmsis_os.c **** 
1250:Middlewares/Third_Party/FreeRTOS/Source/CMSIS_RTOS/cmsis_os.c **** /**
1251:Middlewares/Third_Party/FreeRTOS/Source/CMSIS_RTOS/cmsis_os.c **** * @brief Put a mail to a queue
1252:Middlewares/Third_Party/FreeRTOS/Source/CMSIS_RTOS/cmsis_os.c **** * @param  queue_id      mail queue ID obtained with \ref osMailCreate.
1253:Middlewares/Third_Party/FreeRTOS/Source/CMSIS_RTOS/cmsis_os.c **** * @param  mail          memory block previously allocated with \ref osMailAlloc or \ref osMailCAllo
1254:Middlewares/Third_Party/FreeRTOS/Source/CMSIS_RTOS/cmsis_os.c **** * @retval status code that indicates the execution status of the function.
1255:Middlewares/Third_Party/FreeRTOS/Source/CMSIS_RTOS/cmsis_os.c **** * @note   MUST REMAIN UNCHANGED: \b osMailPut shall be consistent in every CMSIS-RTOS.
1256:Middlewares/Third_Party/FreeRTOS/Source/CMSIS_RTOS/cmsis_os.c **** */
1257:Middlewares/Third_Party/FreeRTOS/Source/CMSIS_RTOS/cmsis_os.c **** osStatus osMailPut (osMailQId queue_id, void *mail)
1258:Middlewares/Third_Party/FreeRTOS/Source/CMSIS_RTOS/cmsis_os.c **** {
 2611              		.loc 1 1258 1 is_stmt 1 view -0
 2612              		.cfi_startproc
 2613              		@ args = 0, pretend = 0, frame = 16
 2614              		@ frame_needed = 0, uses_anonymous_args = 0
 2615              		.loc 1 1258 1 is_stmt 0 view .LVU678
 2616 0000 10B5     		push	{r4, lr}
 2617              	.LCFI63:
 2618              		.cfi_def_cfa_offset 8
 2619              		.cfi_offset 4, -8
 2620              		.cfi_offset 14, -4
 2621 0002 84B0     		sub	sp, sp, #16
 2622              	.LCFI64:
 2623              		.cfi_def_cfa_offset 24
 2624 0004 0191     		str	r1, [sp, #4]
1259:Middlewares/Third_Party/FreeRTOS/Source/CMSIS_RTOS/cmsis_os.c ****   portBASE_TYPE taskWoken;
 2625              		.loc 1 1259 3 is_stmt 1 view .LVU679
1260:Middlewares/Third_Party/FreeRTOS/Source/CMSIS_RTOS/cmsis_os.c ****   
1261:Middlewares/Third_Party/FreeRTOS/Source/CMSIS_RTOS/cmsis_os.c ****   
1262:Middlewares/Third_Party/FreeRTOS/Source/CMSIS_RTOS/cmsis_os.c ****   if (queue_id == NULL) {
 2626              		.loc 1 1262 3 view .LVU680
 2627              		.loc 1 1262 6 is_stmt 0 view .LVU681
 2628 0006 30B3     		cbz	r0, .L187
ARM GAS  D:\software\msy64\tmp\ccX5RH3v.s 			page 78


 2629 0008 0446     		mov	r4, r0
1263:Middlewares/Third_Party/FreeRTOS/Source/CMSIS_RTOS/cmsis_os.c ****     return osErrorParameter;
1264:Middlewares/Third_Party/FreeRTOS/Source/CMSIS_RTOS/cmsis_os.c ****   }
1265:Middlewares/Third_Party/FreeRTOS/Source/CMSIS_RTOS/cmsis_os.c ****   
1266:Middlewares/Third_Party/FreeRTOS/Source/CMSIS_RTOS/cmsis_os.c ****   taskWoken = pdFALSE;
 2630              		.loc 1 1266 3 is_stmt 1 view .LVU682
 2631              		.loc 1 1266 13 is_stmt 0 view .LVU683
 2632 000a 0023     		movs	r3, #0
 2633 000c 0393     		str	r3, [sp, #12]
1267:Middlewares/Third_Party/FreeRTOS/Source/CMSIS_RTOS/cmsis_os.c ****   
1268:Middlewares/Third_Party/FreeRTOS/Source/CMSIS_RTOS/cmsis_os.c ****   if (inHandlerMode()) {
 2634              		.loc 1 1268 3 is_stmt 1 view .LVU684
 2635              		.loc 1 1268 7 is_stmt 0 view .LVU685
 2636 000e FFF7FEFF 		bl	inHandlerMode
 2637              	.LVL210:
 2638              		.loc 1 1268 6 discriminator 1 view .LVU686
 2639 0012 A8B1     		cbz	r0, .L186
1269:Middlewares/Third_Party/FreeRTOS/Source/CMSIS_RTOS/cmsis_os.c ****     if (xQueueSendFromISR(queue_id->handle, &mail, &taskWoken) != pdTRUE) {
 2640              		.loc 1 1269 5 is_stmt 1 view .LVU687
 2641              		.loc 1 1269 9 is_stmt 0 view .LVU688
 2642 0014 0023     		movs	r3, #0
 2643 0016 03AA     		add	r2, sp, #12
 2644 0018 01A9     		add	r1, sp, #4
 2645 001a 6068     		ldr	r0, [r4, #4]
 2646 001c FFF7FEFF 		bl	xQueueGenericSendFromISR
 2647              	.LVL211:
 2648              		.loc 1 1269 8 discriminator 1 view .LVU689
 2649 0020 0128     		cmp	r0, #1
 2650 0022 1AD1     		bne	.L188
1270:Middlewares/Third_Party/FreeRTOS/Source/CMSIS_RTOS/cmsis_os.c ****       return osErrorOS;
1271:Middlewares/Third_Party/FreeRTOS/Source/CMSIS_RTOS/cmsis_os.c ****     }
1272:Middlewares/Third_Party/FreeRTOS/Source/CMSIS_RTOS/cmsis_os.c ****     portEND_SWITCHING_ISR(taskWoken);
 2651              		.loc 1 1272 5 is_stmt 1 view .LVU690
 2652 0024 039B     		ldr	r3, [sp, #12]
 2653 0026 D3B1     		cbz	r3, .L189
 2654              		.loc 1 1272 5 discriminator 1 view .LVU691
 2655 0028 4FF0E023 		mov	r3, #-536813568
 2656 002c 4FF08052 		mov	r2, #268435456
 2657 0030 C3F8042D 		str	r2, [r3, #3332]
 2658              		.loc 1 1272 5 discriminator 1 view .LVU692
 2659              		.syntax unified
 2660              	@ 1272 "Middlewares/Third_Party/FreeRTOS/Source/CMSIS_RTOS/cmsis_os.c" 1
 2661 0034 BFF34F8F 		dsb
 2662              	@ 0 "" 2
 2663              		.loc 1 1272 5 discriminator 1 view .LVU693
 2664              	@ 1272 "Middlewares/Third_Party/FreeRTOS/Source/CMSIS_RTOS/cmsis_os.c" 1
 2665 0038 BFF36F8F 		isb
 2666              	@ 0 "" 2
1273:Middlewares/Third_Party/FreeRTOS/Source/CMSIS_RTOS/cmsis_os.c ****   }
1274:Middlewares/Third_Party/FreeRTOS/Source/CMSIS_RTOS/cmsis_os.c ****   else {
1275:Middlewares/Third_Party/FreeRTOS/Source/CMSIS_RTOS/cmsis_os.c ****     if (xQueueSend(queue_id->handle, &mail, 0) != pdTRUE) { 
1276:Middlewares/Third_Party/FreeRTOS/Source/CMSIS_RTOS/cmsis_os.c ****       return osErrorOS;
1277:Middlewares/Third_Party/FreeRTOS/Source/CMSIS_RTOS/cmsis_os.c ****     }
1278:Middlewares/Third_Party/FreeRTOS/Source/CMSIS_RTOS/cmsis_os.c ****   }
1279:Middlewares/Third_Party/FreeRTOS/Source/CMSIS_RTOS/cmsis_os.c ****   
1280:Middlewares/Third_Party/FreeRTOS/Source/CMSIS_RTOS/cmsis_os.c ****   return osOK;
 2667              		.loc 1 1280 10 is_stmt 0 view .LVU694
ARM GAS  D:\software\msy64\tmp\ccX5RH3v.s 			page 79


 2668              		.thumb
 2669              		.syntax unified
 2670 003c 0020     		movs	r0, #0
 2671 003e 08E0     		b	.L184
 2672              	.L186:
1275:Middlewares/Third_Party/FreeRTOS/Source/CMSIS_RTOS/cmsis_os.c ****       return osErrorOS;
 2673              		.loc 1 1275 5 is_stmt 1 view .LVU695
1275:Middlewares/Third_Party/FreeRTOS/Source/CMSIS_RTOS/cmsis_os.c ****       return osErrorOS;
 2674              		.loc 1 1275 9 is_stmt 0 view .LVU696
 2675 0040 0023     		movs	r3, #0
 2676 0042 1A46     		mov	r2, r3
 2677 0044 01A9     		add	r1, sp, #4
 2678 0046 6068     		ldr	r0, [r4, #4]
 2679 0048 FFF7FEFF 		bl	xQueueGenericSend
 2680              	.LVL212:
1275:Middlewares/Third_Party/FreeRTOS/Source/CMSIS_RTOS/cmsis_os.c ****       return osErrorOS;
 2681              		.loc 1 1275 8 discriminator 1 view .LVU697
 2682 004c 0128     		cmp	r0, #1
 2683 004e 08D1     		bne	.L190
 2684              		.loc 1 1280 10 view .LVU698
 2685 0050 0020     		movs	r0, #0
 2686              	.LVL213:
 2687              	.L184:
1281:Middlewares/Third_Party/FreeRTOS/Source/CMSIS_RTOS/cmsis_os.c **** }
 2688              		.loc 1 1281 1 view .LVU699
 2689 0052 04B0     		add	sp, sp, #16
 2690              	.LCFI65:
 2691              		.cfi_remember_state
 2692              		.cfi_def_cfa_offset 8
 2693              		@ sp needed
 2694 0054 10BD     		pop	{r4, pc}
 2695              	.LVL214:
 2696              	.L187:
 2697              	.LCFI66:
 2698              		.cfi_restore_state
1263:Middlewares/Third_Party/FreeRTOS/Source/CMSIS_RTOS/cmsis_os.c ****   }
 2699              		.loc 1 1263 12 view .LVU700
 2700 0056 8020     		movs	r0, #128
 2701              	.LVL215:
1263:Middlewares/Third_Party/FreeRTOS/Source/CMSIS_RTOS/cmsis_os.c ****   }
 2702              		.loc 1 1263 12 view .LVU701
 2703 0058 FBE7     		b	.L184
 2704              	.LVL216:
 2705              	.L188:
1270:Middlewares/Third_Party/FreeRTOS/Source/CMSIS_RTOS/cmsis_os.c ****     }
 2706              		.loc 1 1270 14 view .LVU702
 2707 005a FF20     		movs	r0, #255
 2708 005c F9E7     		b	.L184
 2709              	.L189:
1280:Middlewares/Third_Party/FreeRTOS/Source/CMSIS_RTOS/cmsis_os.c **** }
 2710              		.loc 1 1280 10 view .LVU703
 2711 005e 0020     		movs	r0, #0
 2712 0060 F7E7     		b	.L184
 2713              	.L190:
1276:Middlewares/Third_Party/FreeRTOS/Source/CMSIS_RTOS/cmsis_os.c ****     }
 2714              		.loc 1 1276 14 view .LVU704
 2715 0062 FF20     		movs	r0, #255
ARM GAS  D:\software\msy64\tmp\ccX5RH3v.s 			page 80


 2716 0064 F5E7     		b	.L184
 2717              		.cfi_endproc
 2718              	.LFE86:
 2720              		.section	.text.osMailGet,"ax",%progbits
 2721              		.align	1
 2722              		.global	osMailGet
 2723              		.syntax unified
 2724              		.thumb
 2725              		.thumb_func
 2727              	osMailGet:
 2728              	.LVL217:
 2729              	.LFB87:
1282:Middlewares/Third_Party/FreeRTOS/Source/CMSIS_RTOS/cmsis_os.c **** 
1283:Middlewares/Third_Party/FreeRTOS/Source/CMSIS_RTOS/cmsis_os.c **** /**
1284:Middlewares/Third_Party/FreeRTOS/Source/CMSIS_RTOS/cmsis_os.c **** * @brief Get a mail from a queue
1285:Middlewares/Third_Party/FreeRTOS/Source/CMSIS_RTOS/cmsis_os.c **** * @param  queue_id   mail queue ID obtained with \ref osMailCreate.
1286:Middlewares/Third_Party/FreeRTOS/Source/CMSIS_RTOS/cmsis_os.c **** * @param millisec    timeout value or 0 in case of no time-out
1287:Middlewares/Third_Party/FreeRTOS/Source/CMSIS_RTOS/cmsis_os.c **** * @retval event that contains mail information or error code.
1288:Middlewares/Third_Party/FreeRTOS/Source/CMSIS_RTOS/cmsis_os.c **** * @note   MUST REMAIN UNCHANGED: \b osMailGet shall be consistent in every CMSIS-RTOS.
1289:Middlewares/Third_Party/FreeRTOS/Source/CMSIS_RTOS/cmsis_os.c **** */
1290:Middlewares/Third_Party/FreeRTOS/Source/CMSIS_RTOS/cmsis_os.c **** osEvent osMailGet (osMailQId queue_id, uint32_t millisec)
1291:Middlewares/Third_Party/FreeRTOS/Source/CMSIS_RTOS/cmsis_os.c **** {
 2730              		.loc 1 1291 1 is_stmt 1 view -0
 2731              		.cfi_startproc
 2732              		@ args = 0, pretend = 0, frame = 16
 2733              		@ frame_needed = 0, uses_anonymous_args = 0
 2734              		.loc 1 1291 1 is_stmt 0 view .LVU706
 2735 0000 70B5     		push	{r4, r5, r6, lr}
 2736              	.LCFI67:
 2737              		.cfi_def_cfa_offset 16
 2738              		.cfi_offset 4, -16
 2739              		.cfi_offset 5, -12
 2740              		.cfi_offset 6, -8
 2741              		.cfi_offset 14, -4
 2742 0002 84B0     		sub	sp, sp, #16
 2743              	.LCFI68:
 2744              		.cfi_def_cfa_offset 32
 2745 0004 0446     		mov	r4, r0
1292:Middlewares/Third_Party/FreeRTOS/Source/CMSIS_RTOS/cmsis_os.c ****   portBASE_TYPE taskWoken;
 2746              		.loc 1 1292 3 is_stmt 1 view .LVU707
1293:Middlewares/Third_Party/FreeRTOS/Source/CMSIS_RTOS/cmsis_os.c ****   TickType_t ticks;
 2747              		.loc 1 1293 3 view .LVU708
1294:Middlewares/Third_Party/FreeRTOS/Source/CMSIS_RTOS/cmsis_os.c ****   osEvent event;
 2748              		.loc 1 1294 3 view .LVU709
1295:Middlewares/Third_Party/FreeRTOS/Source/CMSIS_RTOS/cmsis_os.c ****   
1296:Middlewares/Third_Party/FreeRTOS/Source/CMSIS_RTOS/cmsis_os.c ****   event.def.mail_id = queue_id;
 2749              		.loc 1 1296 3 view .LVU710
 2750              		.loc 1 1296 21 is_stmt 0 view .LVU711
 2751 0006 0291     		str	r1, [sp, #8]
1297:Middlewares/Third_Party/FreeRTOS/Source/CMSIS_RTOS/cmsis_os.c ****   
1298:Middlewares/Third_Party/FreeRTOS/Source/CMSIS_RTOS/cmsis_os.c ****   if (queue_id == NULL) {
 2752              		.loc 1 1298 3 is_stmt 1 view .LVU712
 2753              		.loc 1 1298 6 is_stmt 0 view .LVU713
 2754 0008 E1B1     		cbz	r1, .L203
 2755 000a 0D46     		mov	r5, r1
 2756 000c 1646     		mov	r6, r2
1299:Middlewares/Third_Party/FreeRTOS/Source/CMSIS_RTOS/cmsis_os.c ****     event.status = osErrorParameter;
ARM GAS  D:\software\msy64\tmp\ccX5RH3v.s 			page 81


1300:Middlewares/Third_Party/FreeRTOS/Source/CMSIS_RTOS/cmsis_os.c ****     return event;
1301:Middlewares/Third_Party/FreeRTOS/Source/CMSIS_RTOS/cmsis_os.c ****   }
1302:Middlewares/Third_Party/FreeRTOS/Source/CMSIS_RTOS/cmsis_os.c ****   
1303:Middlewares/Third_Party/FreeRTOS/Source/CMSIS_RTOS/cmsis_os.c ****   taskWoken = pdFALSE;
 2757              		.loc 1 1303 3 is_stmt 1 view .LVU714
 2758              		.loc 1 1303 13 is_stmt 0 view .LVU715
 2759 000e 0023     		movs	r3, #0
 2760 0010 0393     		str	r3, [sp, #12]
1304:Middlewares/Third_Party/FreeRTOS/Source/CMSIS_RTOS/cmsis_os.c ****   
1305:Middlewares/Third_Party/FreeRTOS/Source/CMSIS_RTOS/cmsis_os.c ****   ticks = 0;
 2761              		.loc 1 1305 3 is_stmt 1 view .LVU716
 2762              	.LVL218:
1306:Middlewares/Third_Party/FreeRTOS/Source/CMSIS_RTOS/cmsis_os.c ****   if (millisec == osWaitForever) {
 2763              		.loc 1 1306 3 view .LVU717
1307:Middlewares/Third_Party/FreeRTOS/Source/CMSIS_RTOS/cmsis_os.c ****     ticks = portMAX_DELAY;
1308:Middlewares/Third_Party/FreeRTOS/Source/CMSIS_RTOS/cmsis_os.c ****   }
1309:Middlewares/Third_Party/FreeRTOS/Source/CMSIS_RTOS/cmsis_os.c ****   else if (millisec != 0) {
 2764              		.loc 1 1309 8 view .LVU718
1310:Middlewares/Third_Party/FreeRTOS/Source/CMSIS_RTOS/cmsis_os.c ****     ticks = millisec / portTICK_PERIOD_MS;
1311:Middlewares/Third_Party/FreeRTOS/Source/CMSIS_RTOS/cmsis_os.c ****     if (ticks == 0) {
1312:Middlewares/Third_Party/FreeRTOS/Source/CMSIS_RTOS/cmsis_os.c ****       ticks = 1;
1313:Middlewares/Third_Party/FreeRTOS/Source/CMSIS_RTOS/cmsis_os.c ****     }
1314:Middlewares/Third_Party/FreeRTOS/Source/CMSIS_RTOS/cmsis_os.c ****   }
1315:Middlewares/Third_Party/FreeRTOS/Source/CMSIS_RTOS/cmsis_os.c ****   
1316:Middlewares/Third_Party/FreeRTOS/Source/CMSIS_RTOS/cmsis_os.c ****   if (inHandlerMode()) {
 2765              		.loc 1 1316 3 view .LVU719
 2766              		.loc 1 1316 7 is_stmt 0 view .LVU720
 2767 0012 FFF7FEFF 		bl	inHandlerMode
 2768              	.LVL219:
 2769              		.loc 1 1316 6 discriminator 1 view .LVU721
 2770 0016 00B3     		cbz	r0, .L195
1317:Middlewares/Third_Party/FreeRTOS/Source/CMSIS_RTOS/cmsis_os.c ****     if (xQueueReceiveFromISR(queue_id->handle, &event.value.p, &taskWoken) == pdTRUE) {
 2771              		.loc 1 1317 5 is_stmt 1 view .LVU722
 2772              		.loc 1 1317 9 is_stmt 0 view .LVU723
 2773 0018 03AA     		add	r2, sp, #12
 2774 001a 01A9     		add	r1, sp, #4
 2775 001c 6868     		ldr	r0, [r5, #4]
 2776 001e FFF7FEFF 		bl	xQueueReceiveFromISR
 2777              	.LVL220:
 2778              		.loc 1 1317 8 discriminator 1 view .LVU724
 2779 0022 0128     		cmp	r0, #1
 2780 0024 16D0     		beq	.L204
1318:Middlewares/Third_Party/FreeRTOS/Source/CMSIS_RTOS/cmsis_os.c ****       /* We have mail */
1319:Middlewares/Third_Party/FreeRTOS/Source/CMSIS_RTOS/cmsis_os.c ****       event.status = osEventMail;
1320:Middlewares/Third_Party/FreeRTOS/Source/CMSIS_RTOS/cmsis_os.c ****     }
1321:Middlewares/Third_Party/FreeRTOS/Source/CMSIS_RTOS/cmsis_os.c ****     else {
1322:Middlewares/Third_Party/FreeRTOS/Source/CMSIS_RTOS/cmsis_os.c ****       event.status = osOK;
 2781              		.loc 1 1322 7 is_stmt 1 view .LVU725
 2782              		.loc 1 1322 20 is_stmt 0 view .LVU726
 2783 0026 0023     		movs	r3, #0
 2784 0028 0093     		str	r3, [sp]
 2785              	.L197:
1323:Middlewares/Third_Party/FreeRTOS/Source/CMSIS_RTOS/cmsis_os.c ****     }
1324:Middlewares/Third_Party/FreeRTOS/Source/CMSIS_RTOS/cmsis_os.c ****     portEND_SWITCHING_ISR(taskWoken);
 2786              		.loc 1 1324 5 is_stmt 1 view .LVU727
 2787 002a 039B     		ldr	r3, [sp, #12]
 2788 002c FBB1     		cbz	r3, .L198
ARM GAS  D:\software\msy64\tmp\ccX5RH3v.s 			page 82


 2789              		.loc 1 1324 5 discriminator 1 view .LVU728
 2790 002e 4FF0E023 		mov	r3, #-536813568
 2791 0032 4FF08052 		mov	r2, #268435456
 2792 0036 C3F8042D 		str	r2, [r3, #3332]
 2793              		.loc 1 1324 5 discriminator 1 view .LVU729
 2794              		.syntax unified
 2795              	@ 1324 "Middlewares/Third_Party/FreeRTOS/Source/CMSIS_RTOS/cmsis_os.c" 1
 2796 003a BFF34F8F 		dsb
 2797              	@ 0 "" 2
 2798              		.loc 1 1324 5 discriminator 1 view .LVU730
 2799              	@ 1324 "Middlewares/Third_Party/FreeRTOS/Source/CMSIS_RTOS/cmsis_os.c" 1
 2800 003e BFF36F8F 		isb
 2801              	@ 0 "" 2
 2802              		.thumb
 2803              		.syntax unified
 2804 0042 14E0     		b	.L198
 2805              	.LVL221:
 2806              	.L203:
1299:Middlewares/Third_Party/FreeRTOS/Source/CMSIS_RTOS/cmsis_os.c ****     return event;
 2807              		.loc 1 1299 5 view .LVU731
1299:Middlewares/Third_Party/FreeRTOS/Source/CMSIS_RTOS/cmsis_os.c ****     return event;
 2808              		.loc 1 1299 18 is_stmt 0 view .LVU732
 2809 0044 8023     		movs	r3, #128
 2810 0046 0093     		str	r3, [sp]
1300:Middlewares/Third_Party/FreeRTOS/Source/CMSIS_RTOS/cmsis_os.c ****   }
 2811              		.loc 1 1300 5 is_stmt 1 view .LVU733
1300:Middlewares/Third_Party/FreeRTOS/Source/CMSIS_RTOS/cmsis_os.c ****   }
 2812              		.loc 1 1300 12 is_stmt 0 view .LVU734
 2813 0048 6B46     		mov	r3, sp
 2814 004a 93E80700 		ldm	r3, {r0, r1, r2}
 2815              	.LVL222:
1300:Middlewares/Third_Party/FreeRTOS/Source/CMSIS_RTOS/cmsis_os.c ****   }
 2816              		.loc 1 1300 12 view .LVU735
 2817 004e 84E80700 		stm	r4, {r0, r1, r2}
 2818 0052 11E0     		b	.L192
 2819              	.LVL223:
 2820              	.L204:
1319:Middlewares/Third_Party/FreeRTOS/Source/CMSIS_RTOS/cmsis_os.c ****     }
 2821              		.loc 1 1319 7 is_stmt 1 view .LVU736
1319:Middlewares/Third_Party/FreeRTOS/Source/CMSIS_RTOS/cmsis_os.c ****     }
 2822              		.loc 1 1319 20 is_stmt 0 view .LVU737
 2823 0054 2023     		movs	r3, #32
 2824 0056 0093     		str	r3, [sp]
 2825 0058 E7E7     		b	.L197
 2826              	.L195:
1325:Middlewares/Third_Party/FreeRTOS/Source/CMSIS_RTOS/cmsis_os.c ****   }
1326:Middlewares/Third_Party/FreeRTOS/Source/CMSIS_RTOS/cmsis_os.c ****   else {
1327:Middlewares/Third_Party/FreeRTOS/Source/CMSIS_RTOS/cmsis_os.c ****     if (xQueueReceive(queue_id->handle, &event.value.p, ticks) == pdTRUE) {
 2827              		.loc 1 1327 5 is_stmt 1 view .LVU738
 2828              		.loc 1 1327 9 is_stmt 0 view .LVU739
 2829 005a 3246     		mov	r2, r6
 2830 005c 01A9     		add	r1, sp, #4
 2831 005e 6868     		ldr	r0, [r5, #4]
 2832 0060 FFF7FEFF 		bl	xQueueReceive
 2833              	.LVL224:
 2834              		.loc 1 1327 8 discriminator 1 view .LVU740
 2835 0064 0128     		cmp	r0, #1
ARM GAS  D:\software\msy64\tmp\ccX5RH3v.s 			page 83


 2836 0066 0AD0     		beq	.L205
1328:Middlewares/Third_Party/FreeRTOS/Source/CMSIS_RTOS/cmsis_os.c ****       /* We have mail */
1329:Middlewares/Third_Party/FreeRTOS/Source/CMSIS_RTOS/cmsis_os.c ****       event.status = osEventMail;
1330:Middlewares/Third_Party/FreeRTOS/Source/CMSIS_RTOS/cmsis_os.c ****     }
1331:Middlewares/Third_Party/FreeRTOS/Source/CMSIS_RTOS/cmsis_os.c ****     else {
1332:Middlewares/Third_Party/FreeRTOS/Source/CMSIS_RTOS/cmsis_os.c ****       event.status = (ticks == 0) ? osOK : osEventTimeout;
 2837              		.loc 1 1332 7 is_stmt 1 view .LVU741
 2838              		.loc 1 1332 42 is_stmt 0 view .LVU742
 2839 0068 06B1     		cbz	r6, .L200
 2840              		.loc 1 1332 42 discriminator 2 view .LVU743
 2841 006a 4026     		movs	r6, #64
 2842              	.LVL225:
 2843              	.L200:
 2844              		.loc 1 1332 20 discriminator 4 view .LVU744
 2845 006c 0096     		str	r6, [sp]
 2846              	.L198:
1333:Middlewares/Third_Party/FreeRTOS/Source/CMSIS_RTOS/cmsis_os.c ****     }
1334:Middlewares/Third_Party/FreeRTOS/Source/CMSIS_RTOS/cmsis_os.c ****   }
1335:Middlewares/Third_Party/FreeRTOS/Source/CMSIS_RTOS/cmsis_os.c ****   
1336:Middlewares/Third_Party/FreeRTOS/Source/CMSIS_RTOS/cmsis_os.c ****   return event;
 2847              		.loc 1 1336 3 is_stmt 1 view .LVU745
 2848              		.loc 1 1336 10 is_stmt 0 view .LVU746
 2849 006e 6B46     		mov	r3, sp
 2850 0070 93E80700 		ldm	r3, {r0, r1, r2}
 2851 0074 84E80700 		stm	r4, {r0, r1, r2}
 2852              	.LVL226:
 2853              	.L192:
1337:Middlewares/Third_Party/FreeRTOS/Source/CMSIS_RTOS/cmsis_os.c **** }
 2854              		.loc 1 1337 1 view .LVU747
 2855 0078 2046     		mov	r0, r4
 2856 007a 04B0     		add	sp, sp, #16
 2857              	.LCFI69:
 2858              		.cfi_remember_state
 2859              		.cfi_def_cfa_offset 16
 2860              		@ sp needed
 2861 007c 70BD     		pop	{r4, r5, r6, pc}
 2862              	.LVL227:
 2863              	.L205:
 2864              	.LCFI70:
 2865              		.cfi_restore_state
1329:Middlewares/Third_Party/FreeRTOS/Source/CMSIS_RTOS/cmsis_os.c ****     }
 2866              		.loc 1 1329 7 is_stmt 1 view .LVU748
1329:Middlewares/Third_Party/FreeRTOS/Source/CMSIS_RTOS/cmsis_os.c ****     }
 2867              		.loc 1 1329 20 is_stmt 0 view .LVU749
 2868 007e 2023     		movs	r3, #32
 2869 0080 0093     		str	r3, [sp]
 2870 0082 F4E7     		b	.L198
 2871              		.cfi_endproc
 2872              	.LFE87:
 2874              		.section	.text.osMailFree,"ax",%progbits
 2875              		.align	1
 2876              		.global	osMailFree
 2877              		.syntax unified
 2878              		.thumb
 2879              		.thumb_func
 2881              	osMailFree:
 2882              	.LVL228:
ARM GAS  D:\software\msy64\tmp\ccX5RH3v.s 			page 84


 2883              	.LFB88:
1338:Middlewares/Third_Party/FreeRTOS/Source/CMSIS_RTOS/cmsis_os.c **** 
1339:Middlewares/Third_Party/FreeRTOS/Source/CMSIS_RTOS/cmsis_os.c **** /**
1340:Middlewares/Third_Party/FreeRTOS/Source/CMSIS_RTOS/cmsis_os.c **** * @brief Free a memory block from a mail
1341:Middlewares/Third_Party/FreeRTOS/Source/CMSIS_RTOS/cmsis_os.c **** * @param  queue_id mail queue ID obtained with \ref osMailCreate.
1342:Middlewares/Third_Party/FreeRTOS/Source/CMSIS_RTOS/cmsis_os.c **** * @param  mail     pointer to the memory block that was obtained with \ref osMailGet.
1343:Middlewares/Third_Party/FreeRTOS/Source/CMSIS_RTOS/cmsis_os.c **** * @retval status code that indicates the execution status of the function.
1344:Middlewares/Third_Party/FreeRTOS/Source/CMSIS_RTOS/cmsis_os.c **** * @note   MUST REMAIN UNCHANGED: \b osMailFree shall be consistent in every CMSIS-RTOS.
1345:Middlewares/Third_Party/FreeRTOS/Source/CMSIS_RTOS/cmsis_os.c **** */
1346:Middlewares/Third_Party/FreeRTOS/Source/CMSIS_RTOS/cmsis_os.c **** osStatus osMailFree (osMailQId queue_id, void *mail)
1347:Middlewares/Third_Party/FreeRTOS/Source/CMSIS_RTOS/cmsis_os.c **** {
 2884              		.loc 1 1347 1 is_stmt 1 view -0
 2885              		.cfi_startproc
 2886              		@ args = 0, pretend = 0, frame = 0
 2887              		@ frame_needed = 0, uses_anonymous_args = 0
1348:Middlewares/Third_Party/FreeRTOS/Source/CMSIS_RTOS/cmsis_os.c ****   if (queue_id == NULL) {
 2888              		.loc 1 1348 3 view .LVU751
 2889              		.loc 1 1348 6 is_stmt 0 view .LVU752
 2890 0000 20B1     		cbz	r0, .L208
1347:Middlewares/Third_Party/FreeRTOS/Source/CMSIS_RTOS/cmsis_os.c ****   if (queue_id == NULL) {
 2891              		.loc 1 1347 1 view .LVU753
 2892 0002 08B5     		push	{r3, lr}
 2893              	.LCFI71:
 2894              		.cfi_def_cfa_offset 8
 2895              		.cfi_offset 3, -8
 2896              		.cfi_offset 14, -4
1349:Middlewares/Third_Party/FreeRTOS/Source/CMSIS_RTOS/cmsis_os.c ****     return osErrorParameter;
1350:Middlewares/Third_Party/FreeRTOS/Source/CMSIS_RTOS/cmsis_os.c ****   }
1351:Middlewares/Third_Party/FreeRTOS/Source/CMSIS_RTOS/cmsis_os.c ****   
1352:Middlewares/Third_Party/FreeRTOS/Source/CMSIS_RTOS/cmsis_os.c ****   return osPoolFree(queue_id->pool, mail);
 2897              		.loc 1 1352 3 is_stmt 1 view .LVU754
 2898              		.loc 1 1352 10 is_stmt 0 view .LVU755
 2899 0004 8068     		ldr	r0, [r0, #8]
 2900              	.LVL229:
 2901              		.loc 1 1352 10 view .LVU756
 2902 0006 FFF7FEFF 		bl	osPoolFree
 2903              	.LVL230:
1353:Middlewares/Third_Party/FreeRTOS/Source/CMSIS_RTOS/cmsis_os.c **** }
 2904              		.loc 1 1353 1 view .LVU757
 2905 000a 08BD     		pop	{r3, pc}
 2906              	.LVL231:
 2907              	.L208:
 2908              	.LCFI72:
 2909              		.cfi_def_cfa_offset 0
 2910              		.cfi_restore 3
 2911              		.cfi_restore 14
1349:Middlewares/Third_Party/FreeRTOS/Source/CMSIS_RTOS/cmsis_os.c ****     return osErrorParameter;
 2912              		.loc 1 1349 12 view .LVU758
 2913 000c 8020     		movs	r0, #128
 2914              	.LVL232:
 2915              		.loc 1 1353 1 view .LVU759
 2916 000e 7047     		bx	lr
 2917              		.cfi_endproc
 2918              	.LFE88:
 2920              		.section	.text.osSystickHandler,"ax",%progbits
 2921              		.align	1
 2922              		.global	osSystickHandler
ARM GAS  D:\software\msy64\tmp\ccX5RH3v.s 			page 85


 2923              		.syntax unified
 2924              		.thumb
 2925              		.thumb_func
 2927              	osSystickHandler:
 2928              	.LFB89:
1354:Middlewares/Third_Party/FreeRTOS/Source/CMSIS_RTOS/cmsis_os.c **** #endif  /* Use Mail Queues */
1355:Middlewares/Third_Party/FreeRTOS/Source/CMSIS_RTOS/cmsis_os.c **** 
1356:Middlewares/Third_Party/FreeRTOS/Source/CMSIS_RTOS/cmsis_os.c **** /*************************** Additional specific APIs to Free RTOS ************/
1357:Middlewares/Third_Party/FreeRTOS/Source/CMSIS_RTOS/cmsis_os.c **** /**
1358:Middlewares/Third_Party/FreeRTOS/Source/CMSIS_RTOS/cmsis_os.c **** * @brief  Handles the tick increment
1359:Middlewares/Third_Party/FreeRTOS/Source/CMSIS_RTOS/cmsis_os.c **** * @param  none.
1360:Middlewares/Third_Party/FreeRTOS/Source/CMSIS_RTOS/cmsis_os.c **** * @retval none.
1361:Middlewares/Third_Party/FreeRTOS/Source/CMSIS_RTOS/cmsis_os.c **** */
1362:Middlewares/Third_Party/FreeRTOS/Source/CMSIS_RTOS/cmsis_os.c **** void osSystickHandler(void)
1363:Middlewares/Third_Party/FreeRTOS/Source/CMSIS_RTOS/cmsis_os.c **** {
 2929              		.loc 1 1363 1 is_stmt 1 view -0
 2930              		.cfi_startproc
 2931              		@ args = 0, pretend = 0, frame = 0
 2932              		@ frame_needed = 0, uses_anonymous_args = 0
 2933 0000 08B5     		push	{r3, lr}
 2934              	.LCFI73:
 2935              		.cfi_def_cfa_offset 8
 2936              		.cfi_offset 3, -8
 2937              		.cfi_offset 14, -4
1364:Middlewares/Third_Party/FreeRTOS/Source/CMSIS_RTOS/cmsis_os.c **** 
1365:Middlewares/Third_Party/FreeRTOS/Source/CMSIS_RTOS/cmsis_os.c **** #if (INCLUDE_xTaskGetSchedulerState  == 1 )
1366:Middlewares/Third_Party/FreeRTOS/Source/CMSIS_RTOS/cmsis_os.c ****   if (xTaskGetSchedulerState() != taskSCHEDULER_NOT_STARTED)
 2938              		.loc 1 1366 3 view .LVU761
 2939              		.loc 1 1366 7 is_stmt 0 view .LVU762
 2940 0002 FFF7FEFF 		bl	xTaskGetSchedulerState
 2941              	.LVL233:
 2942              		.loc 1 1366 6 discriminator 1 view .LVU763
 2943 0006 0128     		cmp	r0, #1
 2944 0008 00D1     		bne	.L216
 2945              	.L213:
1367:Middlewares/Third_Party/FreeRTOS/Source/CMSIS_RTOS/cmsis_os.c ****   {
1368:Middlewares/Third_Party/FreeRTOS/Source/CMSIS_RTOS/cmsis_os.c **** #endif  /* INCLUDE_xTaskGetSchedulerState */  
1369:Middlewares/Third_Party/FreeRTOS/Source/CMSIS_RTOS/cmsis_os.c ****     xPortSysTickHandler();
1370:Middlewares/Third_Party/FreeRTOS/Source/CMSIS_RTOS/cmsis_os.c **** #if (INCLUDE_xTaskGetSchedulerState  == 1 )
1371:Middlewares/Third_Party/FreeRTOS/Source/CMSIS_RTOS/cmsis_os.c ****   }
1372:Middlewares/Third_Party/FreeRTOS/Source/CMSIS_RTOS/cmsis_os.c **** #endif  /* INCLUDE_xTaskGetSchedulerState */  
1373:Middlewares/Third_Party/FreeRTOS/Source/CMSIS_RTOS/cmsis_os.c **** }
 2946              		.loc 1 1373 1 view .LVU764
 2947 000a 08BD     		pop	{r3, pc}
 2948              	.L216:
1369:Middlewares/Third_Party/FreeRTOS/Source/CMSIS_RTOS/cmsis_os.c **** #if (INCLUDE_xTaskGetSchedulerState  == 1 )
 2949              		.loc 1 1369 5 is_stmt 1 view .LVU765
 2950 000c FFF7FEFF 		bl	SysTick_Handler
 2951              	.LVL234:
 2952              		.loc 1 1373 1 is_stmt 0 view .LVU766
 2953 0010 FBE7     		b	.L213
 2954              		.cfi_endproc
 2955              	.LFE89:
 2957              		.section	.text.osThreadSuspend,"ax",%progbits
 2958              		.align	1
 2959              		.global	osThreadSuspend
 2960              		.syntax unified
ARM GAS  D:\software\msy64\tmp\ccX5RH3v.s 			page 86


 2961              		.thumb
 2962              		.thumb_func
 2964              	osThreadSuspend:
 2965              	.LVL235:
 2966              	.LFB90:
1374:Middlewares/Third_Party/FreeRTOS/Source/CMSIS_RTOS/cmsis_os.c **** 
1375:Middlewares/Third_Party/FreeRTOS/Source/CMSIS_RTOS/cmsis_os.c **** #if ( INCLUDE_eTaskGetState == 1 )
1376:Middlewares/Third_Party/FreeRTOS/Source/CMSIS_RTOS/cmsis_os.c **** /**
1377:Middlewares/Third_Party/FreeRTOS/Source/CMSIS_RTOS/cmsis_os.c **** * @brief  Obtain the state of any thread.
1378:Middlewares/Third_Party/FreeRTOS/Source/CMSIS_RTOS/cmsis_os.c **** * @param   thread_id   thread ID obtained by \ref osThreadCreate or \ref osThreadGetId.
1379:Middlewares/Third_Party/FreeRTOS/Source/CMSIS_RTOS/cmsis_os.c **** * @retval  the stae of the thread, states are encoded by the osThreadState enumerated type.
1380:Middlewares/Third_Party/FreeRTOS/Source/CMSIS_RTOS/cmsis_os.c **** */
1381:Middlewares/Third_Party/FreeRTOS/Source/CMSIS_RTOS/cmsis_os.c **** osThreadState osThreadGetState(osThreadId thread_id)
1382:Middlewares/Third_Party/FreeRTOS/Source/CMSIS_RTOS/cmsis_os.c **** {
1383:Middlewares/Third_Party/FreeRTOS/Source/CMSIS_RTOS/cmsis_os.c ****   eTaskState ThreadState;
1384:Middlewares/Third_Party/FreeRTOS/Source/CMSIS_RTOS/cmsis_os.c ****   osThreadState result;
1385:Middlewares/Third_Party/FreeRTOS/Source/CMSIS_RTOS/cmsis_os.c ****   
1386:Middlewares/Third_Party/FreeRTOS/Source/CMSIS_RTOS/cmsis_os.c ****   ThreadState = eTaskGetState(thread_id);
1387:Middlewares/Third_Party/FreeRTOS/Source/CMSIS_RTOS/cmsis_os.c ****   
1388:Middlewares/Third_Party/FreeRTOS/Source/CMSIS_RTOS/cmsis_os.c ****   switch (ThreadState)
1389:Middlewares/Third_Party/FreeRTOS/Source/CMSIS_RTOS/cmsis_os.c ****   {
1390:Middlewares/Third_Party/FreeRTOS/Source/CMSIS_RTOS/cmsis_os.c ****   case eRunning :
1391:Middlewares/Third_Party/FreeRTOS/Source/CMSIS_RTOS/cmsis_os.c ****     result = osThreadRunning;
1392:Middlewares/Third_Party/FreeRTOS/Source/CMSIS_RTOS/cmsis_os.c ****     break;
1393:Middlewares/Third_Party/FreeRTOS/Source/CMSIS_RTOS/cmsis_os.c ****   case eReady :
1394:Middlewares/Third_Party/FreeRTOS/Source/CMSIS_RTOS/cmsis_os.c ****     result = osThreadReady;
1395:Middlewares/Third_Party/FreeRTOS/Source/CMSIS_RTOS/cmsis_os.c ****     break;
1396:Middlewares/Third_Party/FreeRTOS/Source/CMSIS_RTOS/cmsis_os.c ****   case eBlocked :
1397:Middlewares/Third_Party/FreeRTOS/Source/CMSIS_RTOS/cmsis_os.c ****     result = osThreadBlocked;
1398:Middlewares/Third_Party/FreeRTOS/Source/CMSIS_RTOS/cmsis_os.c ****     break;
1399:Middlewares/Third_Party/FreeRTOS/Source/CMSIS_RTOS/cmsis_os.c ****   case eSuspended :
1400:Middlewares/Third_Party/FreeRTOS/Source/CMSIS_RTOS/cmsis_os.c ****     result = osThreadSuspended;
1401:Middlewares/Third_Party/FreeRTOS/Source/CMSIS_RTOS/cmsis_os.c ****     break;
1402:Middlewares/Third_Party/FreeRTOS/Source/CMSIS_RTOS/cmsis_os.c ****   case eDeleted :
1403:Middlewares/Third_Party/FreeRTOS/Source/CMSIS_RTOS/cmsis_os.c ****     result = osThreadDeleted;
1404:Middlewares/Third_Party/FreeRTOS/Source/CMSIS_RTOS/cmsis_os.c ****     break;
1405:Middlewares/Third_Party/FreeRTOS/Source/CMSIS_RTOS/cmsis_os.c ****   default:
1406:Middlewares/Third_Party/FreeRTOS/Source/CMSIS_RTOS/cmsis_os.c ****     result = osThreadError;
1407:Middlewares/Third_Party/FreeRTOS/Source/CMSIS_RTOS/cmsis_os.c ****   } 
1408:Middlewares/Third_Party/FreeRTOS/Source/CMSIS_RTOS/cmsis_os.c ****   
1409:Middlewares/Third_Party/FreeRTOS/Source/CMSIS_RTOS/cmsis_os.c ****   return result;
1410:Middlewares/Third_Party/FreeRTOS/Source/CMSIS_RTOS/cmsis_os.c **** }
1411:Middlewares/Third_Party/FreeRTOS/Source/CMSIS_RTOS/cmsis_os.c **** #endif /* INCLUDE_eTaskGetState */
1412:Middlewares/Third_Party/FreeRTOS/Source/CMSIS_RTOS/cmsis_os.c **** 
1413:Middlewares/Third_Party/FreeRTOS/Source/CMSIS_RTOS/cmsis_os.c **** #if (INCLUDE_eTaskGetState == 1)
1414:Middlewares/Third_Party/FreeRTOS/Source/CMSIS_RTOS/cmsis_os.c **** /**
1415:Middlewares/Third_Party/FreeRTOS/Source/CMSIS_RTOS/cmsis_os.c **** * @brief Check if a thread is already suspended or not.
1416:Middlewares/Third_Party/FreeRTOS/Source/CMSIS_RTOS/cmsis_os.c **** * @param thread_id thread ID obtained by \ref osThreadCreate or \ref osThreadGetId.
1417:Middlewares/Third_Party/FreeRTOS/Source/CMSIS_RTOS/cmsis_os.c **** * @retval status code that indicates the execution status of the function.
1418:Middlewares/Third_Party/FreeRTOS/Source/CMSIS_RTOS/cmsis_os.c **** */
1419:Middlewares/Third_Party/FreeRTOS/Source/CMSIS_RTOS/cmsis_os.c **** osStatus osThreadIsSuspended(osThreadId thread_id)
1420:Middlewares/Third_Party/FreeRTOS/Source/CMSIS_RTOS/cmsis_os.c **** {
1421:Middlewares/Third_Party/FreeRTOS/Source/CMSIS_RTOS/cmsis_os.c ****   if (eTaskGetState(thread_id) == eSuspended)
1422:Middlewares/Third_Party/FreeRTOS/Source/CMSIS_RTOS/cmsis_os.c ****     return osOK;
1423:Middlewares/Third_Party/FreeRTOS/Source/CMSIS_RTOS/cmsis_os.c ****   else
1424:Middlewares/Third_Party/FreeRTOS/Source/CMSIS_RTOS/cmsis_os.c ****     return osErrorOS;
1425:Middlewares/Third_Party/FreeRTOS/Source/CMSIS_RTOS/cmsis_os.c **** }
ARM GAS  D:\software\msy64\tmp\ccX5RH3v.s 			page 87


1426:Middlewares/Third_Party/FreeRTOS/Source/CMSIS_RTOS/cmsis_os.c **** #endif /* INCLUDE_eTaskGetState */
1427:Middlewares/Third_Party/FreeRTOS/Source/CMSIS_RTOS/cmsis_os.c **** /**
1428:Middlewares/Third_Party/FreeRTOS/Source/CMSIS_RTOS/cmsis_os.c **** * @brief  Suspend execution of a thread.
1429:Middlewares/Third_Party/FreeRTOS/Source/CMSIS_RTOS/cmsis_os.c **** * @param   thread_id   thread ID obtained by \ref osThreadCreate or \ref osThreadGetId.
1430:Middlewares/Third_Party/FreeRTOS/Source/CMSIS_RTOS/cmsis_os.c **** * @retval  status code that indicates the execution status of the function.
1431:Middlewares/Third_Party/FreeRTOS/Source/CMSIS_RTOS/cmsis_os.c **** */
1432:Middlewares/Third_Party/FreeRTOS/Source/CMSIS_RTOS/cmsis_os.c **** osStatus osThreadSuspend (osThreadId thread_id)
1433:Middlewares/Third_Party/FreeRTOS/Source/CMSIS_RTOS/cmsis_os.c **** {
 2967              		.loc 1 1433 1 is_stmt 1 view -0
 2968              		.cfi_startproc
 2969              		@ args = 0, pretend = 0, frame = 0
 2970              		@ frame_needed = 0, uses_anonymous_args = 0
 2971              		.loc 1 1433 1 is_stmt 0 view .LVU768
 2972 0000 08B5     		push	{r3, lr}
 2973              	.LCFI74:
 2974              		.cfi_def_cfa_offset 8
 2975              		.cfi_offset 3, -8
 2976              		.cfi_offset 14, -4
1434:Middlewares/Third_Party/FreeRTOS/Source/CMSIS_RTOS/cmsis_os.c **** #if (INCLUDE_vTaskSuspend == 1)
1435:Middlewares/Third_Party/FreeRTOS/Source/CMSIS_RTOS/cmsis_os.c ****     vTaskSuspend(thread_id);
 2977              		.loc 1 1435 5 is_stmt 1 view .LVU769
 2978 0002 FFF7FEFF 		bl	vTaskSuspend
 2979              	.LVL236:
1436:Middlewares/Third_Party/FreeRTOS/Source/CMSIS_RTOS/cmsis_os.c ****   
1437:Middlewares/Third_Party/FreeRTOS/Source/CMSIS_RTOS/cmsis_os.c ****   return osOK;
 2980              		.loc 1 1437 3 view .LVU770
1438:Middlewares/Third_Party/FreeRTOS/Source/CMSIS_RTOS/cmsis_os.c **** #else
1439:Middlewares/Third_Party/FreeRTOS/Source/CMSIS_RTOS/cmsis_os.c ****   return osErrorResource;
1440:Middlewares/Third_Party/FreeRTOS/Source/CMSIS_RTOS/cmsis_os.c **** #endif
1441:Middlewares/Third_Party/FreeRTOS/Source/CMSIS_RTOS/cmsis_os.c **** }
 2981              		.loc 1 1441 1 is_stmt 0 view .LVU771
 2982 0006 0020     		movs	r0, #0
 2983 0008 08BD     		pop	{r3, pc}
 2984              		.cfi_endproc
 2985              	.LFE90:
 2987              		.section	.text.osThreadResume,"ax",%progbits
 2988              		.align	1
 2989              		.global	osThreadResume
 2990              		.syntax unified
 2991              		.thumb
 2992              		.thumb_func
 2994              	osThreadResume:
 2995              	.LVL237:
 2996              	.LFB91:
1442:Middlewares/Third_Party/FreeRTOS/Source/CMSIS_RTOS/cmsis_os.c **** 
1443:Middlewares/Third_Party/FreeRTOS/Source/CMSIS_RTOS/cmsis_os.c **** /**
1444:Middlewares/Third_Party/FreeRTOS/Source/CMSIS_RTOS/cmsis_os.c **** * @brief  Resume execution of a suspended thread.
1445:Middlewares/Third_Party/FreeRTOS/Source/CMSIS_RTOS/cmsis_os.c **** * @param   thread_id   thread ID obtained by \ref osThreadCreate or \ref osThreadGetId.
1446:Middlewares/Third_Party/FreeRTOS/Source/CMSIS_RTOS/cmsis_os.c **** * @retval  status code that indicates the execution status of the function.
1447:Middlewares/Third_Party/FreeRTOS/Source/CMSIS_RTOS/cmsis_os.c **** */
1448:Middlewares/Third_Party/FreeRTOS/Source/CMSIS_RTOS/cmsis_os.c **** osStatus osThreadResume (osThreadId thread_id)
1449:Middlewares/Third_Party/FreeRTOS/Source/CMSIS_RTOS/cmsis_os.c **** {
 2997              		.loc 1 1449 1 is_stmt 1 view -0
 2998              		.cfi_startproc
 2999              		@ args = 0, pretend = 0, frame = 0
 3000              		@ frame_needed = 0, uses_anonymous_args = 0
 3001              		.loc 1 1449 1 is_stmt 0 view .LVU773
ARM GAS  D:\software\msy64\tmp\ccX5RH3v.s 			page 88


 3002 0000 10B5     		push	{r4, lr}
 3003              	.LCFI75:
 3004              		.cfi_def_cfa_offset 8
 3005              		.cfi_offset 4, -8
 3006              		.cfi_offset 14, -4
 3007 0002 0446     		mov	r4, r0
1450:Middlewares/Third_Party/FreeRTOS/Source/CMSIS_RTOS/cmsis_os.c **** #if (INCLUDE_vTaskSuspend == 1)  
1451:Middlewares/Third_Party/FreeRTOS/Source/CMSIS_RTOS/cmsis_os.c ****   if(inHandlerMode())
 3008              		.loc 1 1451 3 is_stmt 1 view .LVU774
 3009              		.loc 1 1451 6 is_stmt 0 view .LVU775
 3010 0004 FFF7FEFF 		bl	inHandlerMode
 3011              	.LVL238:
 3012              		.loc 1 1451 5 discriminator 1 view .LVU776
 3013 0008 78B1     		cbz	r0, .L220
1452:Middlewares/Third_Party/FreeRTOS/Source/CMSIS_RTOS/cmsis_os.c ****   {
1453:Middlewares/Third_Party/FreeRTOS/Source/CMSIS_RTOS/cmsis_os.c ****     if (xTaskResumeFromISR(thread_id) == pdTRUE)
 3014              		.loc 1 1453 5 is_stmt 1 view .LVU777
 3015              		.loc 1 1453 9 is_stmt 0 view .LVU778
 3016 000a 2046     		mov	r0, r4
 3017 000c FFF7FEFF 		bl	xTaskResumeFromISR
 3018              	.LVL239:
 3019              		.loc 1 1453 8 discriminator 1 view .LVU779
 3020 0010 0128     		cmp	r0, #1
 3021 0012 0DD1     		bne	.L221
1454:Middlewares/Third_Party/FreeRTOS/Source/CMSIS_RTOS/cmsis_os.c ****     {
1455:Middlewares/Third_Party/FreeRTOS/Source/CMSIS_RTOS/cmsis_os.c ****       portYIELD_FROM_ISR(pdTRUE);
 3022              		.loc 1 1455 7 is_stmt 1 view .LVU780
 3023              		.loc 1 1455 7 discriminator 1 view .LVU781
 3024 0014 4FF0E023 		mov	r3, #-536813568
 3025 0018 4FF08052 		mov	r2, #268435456
 3026 001c C3F8042D 		str	r2, [r3, #3332]
 3027              		.loc 1 1455 7 discriminator 1 view .LVU782
 3028              		.syntax unified
 3029              	@ 1455 "Middlewares/Third_Party/FreeRTOS/Source/CMSIS_RTOS/cmsis_os.c" 1
 3030 0020 BFF34F8F 		dsb
 3031              	@ 0 "" 2
 3032              		.loc 1 1455 7 discriminator 1 view .LVU783
 3033              	@ 1455 "Middlewares/Third_Party/FreeRTOS/Source/CMSIS_RTOS/cmsis_os.c" 1
 3034 0024 BFF36F8F 		isb
 3035              	@ 0 "" 2
 3036              		.thumb
 3037              		.syntax unified
 3038 0028 02E0     		b	.L221
 3039              	.L220:
1456:Middlewares/Third_Party/FreeRTOS/Source/CMSIS_RTOS/cmsis_os.c ****     }
1457:Middlewares/Third_Party/FreeRTOS/Source/CMSIS_RTOS/cmsis_os.c ****   }
1458:Middlewares/Third_Party/FreeRTOS/Source/CMSIS_RTOS/cmsis_os.c ****   else
1459:Middlewares/Third_Party/FreeRTOS/Source/CMSIS_RTOS/cmsis_os.c ****   {
1460:Middlewares/Third_Party/FreeRTOS/Source/CMSIS_RTOS/cmsis_os.c ****     vTaskResume(thread_id);
 3040              		.loc 1 1460 5 view .LVU784
 3041 002a 2046     		mov	r0, r4
 3042 002c FFF7FEFF 		bl	vTaskResume
 3043              	.LVL240:
 3044              	.L221:
1461:Middlewares/Third_Party/FreeRTOS/Source/CMSIS_RTOS/cmsis_os.c ****   }
1462:Middlewares/Third_Party/FreeRTOS/Source/CMSIS_RTOS/cmsis_os.c ****   return osOK;
 3045              		.loc 1 1462 3 view .LVU785
ARM GAS  D:\software\msy64\tmp\ccX5RH3v.s 			page 89


1463:Middlewares/Third_Party/FreeRTOS/Source/CMSIS_RTOS/cmsis_os.c **** #else
1464:Middlewares/Third_Party/FreeRTOS/Source/CMSIS_RTOS/cmsis_os.c ****   return osErrorResource;
1465:Middlewares/Third_Party/FreeRTOS/Source/CMSIS_RTOS/cmsis_os.c **** #endif
1466:Middlewares/Third_Party/FreeRTOS/Source/CMSIS_RTOS/cmsis_os.c **** }
 3046              		.loc 1 1466 1 is_stmt 0 view .LVU786
 3047 0030 0020     		movs	r0, #0
 3048 0032 10BD     		pop	{r4, pc}
 3049              		.loc 1 1466 1 view .LVU787
 3050              		.cfi_endproc
 3051              	.LFE91:
 3053              		.section	.text.osThreadSuspendAll,"ax",%progbits
 3054              		.align	1
 3055              		.global	osThreadSuspendAll
 3056              		.syntax unified
 3057              		.thumb
 3058              		.thumb_func
 3060              	osThreadSuspendAll:
 3061              	.LFB92:
1467:Middlewares/Third_Party/FreeRTOS/Source/CMSIS_RTOS/cmsis_os.c **** 
1468:Middlewares/Third_Party/FreeRTOS/Source/CMSIS_RTOS/cmsis_os.c **** /**
1469:Middlewares/Third_Party/FreeRTOS/Source/CMSIS_RTOS/cmsis_os.c **** * @brief  Suspend execution of a all active threads.
1470:Middlewares/Third_Party/FreeRTOS/Source/CMSIS_RTOS/cmsis_os.c **** * @retval  status code that indicates the execution status of the function.
1471:Middlewares/Third_Party/FreeRTOS/Source/CMSIS_RTOS/cmsis_os.c **** */
1472:Middlewares/Third_Party/FreeRTOS/Source/CMSIS_RTOS/cmsis_os.c **** osStatus osThreadSuspendAll (void)
1473:Middlewares/Third_Party/FreeRTOS/Source/CMSIS_RTOS/cmsis_os.c **** {
 3062              		.loc 1 1473 1 is_stmt 1 view -0
 3063              		.cfi_startproc
 3064              		@ args = 0, pretend = 0, frame = 0
 3065              		@ frame_needed = 0, uses_anonymous_args = 0
 3066 0000 08B5     		push	{r3, lr}
 3067              	.LCFI76:
 3068              		.cfi_def_cfa_offset 8
 3069              		.cfi_offset 3, -8
 3070              		.cfi_offset 14, -4
1474:Middlewares/Third_Party/FreeRTOS/Source/CMSIS_RTOS/cmsis_os.c ****   vTaskSuspendAll();
 3071              		.loc 1 1474 3 view .LVU789
 3072 0002 FFF7FEFF 		bl	vTaskSuspendAll
 3073              	.LVL241:
1475:Middlewares/Third_Party/FreeRTOS/Source/CMSIS_RTOS/cmsis_os.c ****   
1476:Middlewares/Third_Party/FreeRTOS/Source/CMSIS_RTOS/cmsis_os.c ****   return osOK;
 3074              		.loc 1 1476 3 view .LVU790
1477:Middlewares/Third_Party/FreeRTOS/Source/CMSIS_RTOS/cmsis_os.c **** }
 3075              		.loc 1 1477 1 is_stmt 0 view .LVU791
 3076 0006 0020     		movs	r0, #0
 3077 0008 08BD     		pop	{r3, pc}
 3078              		.cfi_endproc
 3079              	.LFE92:
 3081              		.section	.text.osThreadResumeAll,"ax",%progbits
 3082              		.align	1
 3083              		.global	osThreadResumeAll
 3084              		.syntax unified
 3085              		.thumb
 3086              		.thumb_func
 3088              	osThreadResumeAll:
 3089              	.LFB93:
1478:Middlewares/Third_Party/FreeRTOS/Source/CMSIS_RTOS/cmsis_os.c **** 
1479:Middlewares/Third_Party/FreeRTOS/Source/CMSIS_RTOS/cmsis_os.c **** /**
ARM GAS  D:\software\msy64\tmp\ccX5RH3v.s 			page 90


1480:Middlewares/Third_Party/FreeRTOS/Source/CMSIS_RTOS/cmsis_os.c **** * @brief  Resume execution of a all suspended threads.
1481:Middlewares/Third_Party/FreeRTOS/Source/CMSIS_RTOS/cmsis_os.c **** * @retval  status code that indicates the execution status of the function.
1482:Middlewares/Third_Party/FreeRTOS/Source/CMSIS_RTOS/cmsis_os.c **** */
1483:Middlewares/Third_Party/FreeRTOS/Source/CMSIS_RTOS/cmsis_os.c **** osStatus osThreadResumeAll (void)
1484:Middlewares/Third_Party/FreeRTOS/Source/CMSIS_RTOS/cmsis_os.c **** {
 3090              		.loc 1 1484 1 is_stmt 1 view -0
 3091              		.cfi_startproc
 3092              		@ args = 0, pretend = 0, frame = 0
 3093              		@ frame_needed = 0, uses_anonymous_args = 0
 3094 0000 08B5     		push	{r3, lr}
 3095              	.LCFI77:
 3096              		.cfi_def_cfa_offset 8
 3097              		.cfi_offset 3, -8
 3098              		.cfi_offset 14, -4
1485:Middlewares/Third_Party/FreeRTOS/Source/CMSIS_RTOS/cmsis_os.c ****   if (xTaskResumeAll() == pdTRUE)
 3099              		.loc 1 1485 3 view .LVU793
 3100              		.loc 1 1485 7 is_stmt 0 view .LVU794
 3101 0002 FFF7FEFF 		bl	xTaskResumeAll
 3102              	.LVL242:
 3103              		.loc 1 1485 6 discriminator 1 view .LVU795
 3104 0006 0128     		cmp	r0, #1
 3105 0008 01D0     		beq	.L229
1486:Middlewares/Third_Party/FreeRTOS/Source/CMSIS_RTOS/cmsis_os.c ****     return osOK;
1487:Middlewares/Third_Party/FreeRTOS/Source/CMSIS_RTOS/cmsis_os.c ****   else
1488:Middlewares/Third_Party/FreeRTOS/Source/CMSIS_RTOS/cmsis_os.c ****     return osErrorOS;
 3106              		.loc 1 1488 12 view .LVU796
 3107 000a FF20     		movs	r0, #255
 3108              	.L225:
1489:Middlewares/Third_Party/FreeRTOS/Source/CMSIS_RTOS/cmsis_os.c ****   
1490:Middlewares/Third_Party/FreeRTOS/Source/CMSIS_RTOS/cmsis_os.c **** }
 3109              		.loc 1 1490 1 view .LVU797
 3110 000c 08BD     		pop	{r3, pc}
 3111              	.L229:
1486:Middlewares/Third_Party/FreeRTOS/Source/CMSIS_RTOS/cmsis_os.c ****     return osOK;
 3112              		.loc 1 1486 12 view .LVU798
 3113 000e 0020     		movs	r0, #0
 3114 0010 FCE7     		b	.L225
 3115              		.cfi_endproc
 3116              	.LFE93:
 3118              		.section	.text.osDelayUntil,"ax",%progbits
 3119              		.align	1
 3120              		.global	osDelayUntil
 3121              		.syntax unified
 3122              		.thumb
 3123              		.thumb_func
 3125              	osDelayUntil:
 3126              	.LVL243:
 3127              	.LFB94:
1491:Middlewares/Third_Party/FreeRTOS/Source/CMSIS_RTOS/cmsis_os.c **** 
1492:Middlewares/Third_Party/FreeRTOS/Source/CMSIS_RTOS/cmsis_os.c **** /**
1493:Middlewares/Third_Party/FreeRTOS/Source/CMSIS_RTOS/cmsis_os.c **** * @brief  Delay a task until a specified time
1494:Middlewares/Third_Party/FreeRTOS/Source/CMSIS_RTOS/cmsis_os.c **** * @param   PreviousWakeTime   Pointer to a variable that holds the time at which the 
1495:Middlewares/Third_Party/FreeRTOS/Source/CMSIS_RTOS/cmsis_os.c **** *          task was last unblocked. PreviousWakeTime must be initialised with the current time
1496:Middlewares/Third_Party/FreeRTOS/Source/CMSIS_RTOS/cmsis_os.c **** *          prior to its first use (PreviousWakeTime = osKernelSysTick() )
1497:Middlewares/Third_Party/FreeRTOS/Source/CMSIS_RTOS/cmsis_os.c **** * @param   millisec    time delay value
1498:Middlewares/Third_Party/FreeRTOS/Source/CMSIS_RTOS/cmsis_os.c **** * @retval  status code that indicates the execution status of the function.
1499:Middlewares/Third_Party/FreeRTOS/Source/CMSIS_RTOS/cmsis_os.c **** */
ARM GAS  D:\software\msy64\tmp\ccX5RH3v.s 			page 91


1500:Middlewares/Third_Party/FreeRTOS/Source/CMSIS_RTOS/cmsis_os.c **** osStatus osDelayUntil (uint32_t *PreviousWakeTime, uint32_t millisec)
1501:Middlewares/Third_Party/FreeRTOS/Source/CMSIS_RTOS/cmsis_os.c **** {
 3128              		.loc 1 1501 1 is_stmt 1 view -0
 3129              		.cfi_startproc
 3130              		@ args = 0, pretend = 0, frame = 0
 3131              		@ frame_needed = 0, uses_anonymous_args = 0
 3132              		@ link register save eliminated.
1502:Middlewares/Third_Party/FreeRTOS/Source/CMSIS_RTOS/cmsis_os.c **** #if INCLUDE_vTaskDelayUntil
1503:Middlewares/Third_Party/FreeRTOS/Source/CMSIS_RTOS/cmsis_os.c ****   TickType_t ticks = (millisec / portTICK_PERIOD_MS);
1504:Middlewares/Third_Party/FreeRTOS/Source/CMSIS_RTOS/cmsis_os.c ****   vTaskDelayUntil((TickType_t *) PreviousWakeTime, ticks ? ticks : 1);
1505:Middlewares/Third_Party/FreeRTOS/Source/CMSIS_RTOS/cmsis_os.c ****   
1506:Middlewares/Third_Party/FreeRTOS/Source/CMSIS_RTOS/cmsis_os.c ****   return osOK;
1507:Middlewares/Third_Party/FreeRTOS/Source/CMSIS_RTOS/cmsis_os.c **** #else
1508:Middlewares/Third_Party/FreeRTOS/Source/CMSIS_RTOS/cmsis_os.c ****   (void) millisec;
 3133              		.loc 1 1508 3 view .LVU800
1509:Middlewares/Third_Party/FreeRTOS/Source/CMSIS_RTOS/cmsis_os.c ****   (void) PreviousWakeTime;
 3134              		.loc 1 1509 3 view .LVU801
1510:Middlewares/Third_Party/FreeRTOS/Source/CMSIS_RTOS/cmsis_os.c ****   
1511:Middlewares/Third_Party/FreeRTOS/Source/CMSIS_RTOS/cmsis_os.c ****   return osErrorResource;
 3135              		.loc 1 1511 3 view .LVU802
1512:Middlewares/Third_Party/FreeRTOS/Source/CMSIS_RTOS/cmsis_os.c **** #endif
1513:Middlewares/Third_Party/FreeRTOS/Source/CMSIS_RTOS/cmsis_os.c **** }
 3136              		.loc 1 1513 1 is_stmt 0 view .LVU803
 3137 0000 8120     		movs	r0, #129
 3138              	.LVL244:
 3139              		.loc 1 1513 1 view .LVU804
 3140 0002 7047     		bx	lr
 3141              		.cfi_endproc
 3142              	.LFE94:
 3144              		.section	.text.osAbortDelay,"ax",%progbits
 3145              		.align	1
 3146              		.global	osAbortDelay
 3147              		.syntax unified
 3148              		.thumb
 3149              		.thumb_func
 3151              	osAbortDelay:
 3152              	.LVL245:
 3153              	.LFB95:
1514:Middlewares/Third_Party/FreeRTOS/Source/CMSIS_RTOS/cmsis_os.c **** 
1515:Middlewares/Third_Party/FreeRTOS/Source/CMSIS_RTOS/cmsis_os.c **** /**
1516:Middlewares/Third_Party/FreeRTOS/Source/CMSIS_RTOS/cmsis_os.c **** * @brief   Abort the delay for a specific thread
1517:Middlewares/Third_Party/FreeRTOS/Source/CMSIS_RTOS/cmsis_os.c **** * @param   thread_id   thread ID obtained by \ref osThreadCreate or \ref osThreadGetId   
1518:Middlewares/Third_Party/FreeRTOS/Source/CMSIS_RTOS/cmsis_os.c **** * @retval  status code that indicates the execution status of the function.
1519:Middlewares/Third_Party/FreeRTOS/Source/CMSIS_RTOS/cmsis_os.c **** */
1520:Middlewares/Third_Party/FreeRTOS/Source/CMSIS_RTOS/cmsis_os.c **** osStatus osAbortDelay(osThreadId thread_id)
1521:Middlewares/Third_Party/FreeRTOS/Source/CMSIS_RTOS/cmsis_os.c **** {
 3154              		.loc 1 1521 1 is_stmt 1 view -0
 3155              		.cfi_startproc
 3156              		@ args = 0, pretend = 0, frame = 0
 3157              		@ frame_needed = 0, uses_anonymous_args = 0
 3158              		@ link register save eliminated.
1522:Middlewares/Third_Party/FreeRTOS/Source/CMSIS_RTOS/cmsis_os.c **** #if INCLUDE_xTaskAbortDelay
1523:Middlewares/Third_Party/FreeRTOS/Source/CMSIS_RTOS/cmsis_os.c ****   
1524:Middlewares/Third_Party/FreeRTOS/Source/CMSIS_RTOS/cmsis_os.c ****   xTaskAbortDelay(thread_id);
1525:Middlewares/Third_Party/FreeRTOS/Source/CMSIS_RTOS/cmsis_os.c ****   
1526:Middlewares/Third_Party/FreeRTOS/Source/CMSIS_RTOS/cmsis_os.c ****   return osOK;
1527:Middlewares/Third_Party/FreeRTOS/Source/CMSIS_RTOS/cmsis_os.c **** #else
ARM GAS  D:\software\msy64\tmp\ccX5RH3v.s 			page 92


1528:Middlewares/Third_Party/FreeRTOS/Source/CMSIS_RTOS/cmsis_os.c ****   (void) thread_id;
 3159              		.loc 1 1528 3 view .LVU806
1529:Middlewares/Third_Party/FreeRTOS/Source/CMSIS_RTOS/cmsis_os.c ****   
1530:Middlewares/Third_Party/FreeRTOS/Source/CMSIS_RTOS/cmsis_os.c ****   return osErrorResource;
 3160              		.loc 1 1530 3 view .LVU807
1531:Middlewares/Third_Party/FreeRTOS/Source/CMSIS_RTOS/cmsis_os.c **** #endif
1532:Middlewares/Third_Party/FreeRTOS/Source/CMSIS_RTOS/cmsis_os.c **** }
 3161              		.loc 1 1532 1 is_stmt 0 view .LVU808
 3162 0000 8120     		movs	r0, #129
 3163              	.LVL246:
 3164              		.loc 1 1532 1 view .LVU809
 3165 0002 7047     		bx	lr
 3166              		.cfi_endproc
 3167              	.LFE95:
 3169              		.section	.text.osThreadList,"ax",%progbits
 3170              		.align	1
 3171              		.global	osThreadList
 3172              		.syntax unified
 3173              		.thumb
 3174              		.thumb_func
 3176              	osThreadList:
 3177              	.LVL247:
 3178              	.LFB96:
1533:Middlewares/Third_Party/FreeRTOS/Source/CMSIS_RTOS/cmsis_os.c **** 
1534:Middlewares/Third_Party/FreeRTOS/Source/CMSIS_RTOS/cmsis_os.c **** /**
1535:Middlewares/Third_Party/FreeRTOS/Source/CMSIS_RTOS/cmsis_os.c **** * @brief   Lists all the current threads, along with their current state 
1536:Middlewares/Third_Party/FreeRTOS/Source/CMSIS_RTOS/cmsis_os.c **** *          and stack usage high water mark.
1537:Middlewares/Third_Party/FreeRTOS/Source/CMSIS_RTOS/cmsis_os.c **** * @param   buffer   A buffer into which the above mentioned details
1538:Middlewares/Third_Party/FreeRTOS/Source/CMSIS_RTOS/cmsis_os.c **** *          will be written
1539:Middlewares/Third_Party/FreeRTOS/Source/CMSIS_RTOS/cmsis_os.c **** * @retval  status code that indicates the execution status of the function.
1540:Middlewares/Third_Party/FreeRTOS/Source/CMSIS_RTOS/cmsis_os.c **** */
1541:Middlewares/Third_Party/FreeRTOS/Source/CMSIS_RTOS/cmsis_os.c **** osStatus osThreadList (uint8_t *buffer)
1542:Middlewares/Third_Party/FreeRTOS/Source/CMSIS_RTOS/cmsis_os.c **** {
 3179              		.loc 1 1542 1 is_stmt 1 view -0
 3180              		.cfi_startproc
 3181              		@ args = 0, pretend = 0, frame = 0
 3182              		@ frame_needed = 0, uses_anonymous_args = 0
 3183              		@ link register save eliminated.
1543:Middlewares/Third_Party/FreeRTOS/Source/CMSIS_RTOS/cmsis_os.c **** #if ( ( configUSE_TRACE_FACILITY == 1 ) && ( configUSE_STATS_FORMATTING_FUNCTIONS == 1 ) )
1544:Middlewares/Third_Party/FreeRTOS/Source/CMSIS_RTOS/cmsis_os.c ****   vTaskList((char *)buffer);
1545:Middlewares/Third_Party/FreeRTOS/Source/CMSIS_RTOS/cmsis_os.c **** #endif
1546:Middlewares/Third_Party/FreeRTOS/Source/CMSIS_RTOS/cmsis_os.c ****   return osOK;
 3184              		.loc 1 1546 3 view .LVU811
1547:Middlewares/Third_Party/FreeRTOS/Source/CMSIS_RTOS/cmsis_os.c **** }
 3185              		.loc 1 1547 1 is_stmt 0 view .LVU812
 3186 0000 0020     		movs	r0, #0
 3187              	.LVL248:
 3188              		.loc 1 1547 1 view .LVU813
 3189 0002 7047     		bx	lr
 3190              		.cfi_endproc
 3191              	.LFE96:
 3193              		.section	.text.osMessagePeek,"ax",%progbits
 3194              		.align	1
 3195              		.global	osMessagePeek
 3196              		.syntax unified
 3197              		.thumb
 3198              		.thumb_func
ARM GAS  D:\software\msy64\tmp\ccX5RH3v.s 			page 93


 3200              	osMessagePeek:
 3201              	.LVL249:
 3202              	.LFB97:
1548:Middlewares/Third_Party/FreeRTOS/Source/CMSIS_RTOS/cmsis_os.c **** 
1549:Middlewares/Third_Party/FreeRTOS/Source/CMSIS_RTOS/cmsis_os.c **** /**
1550:Middlewares/Third_Party/FreeRTOS/Source/CMSIS_RTOS/cmsis_os.c **** * @brief  Receive an item from a queue without removing the item from the queue.
1551:Middlewares/Third_Party/FreeRTOS/Source/CMSIS_RTOS/cmsis_os.c **** * @param  queue_id  message queue ID obtained with \ref osMessageCreate.
1552:Middlewares/Third_Party/FreeRTOS/Source/CMSIS_RTOS/cmsis_os.c **** * @param  millisec  timeout value or 0 in case of no time-out.
1553:Middlewares/Third_Party/FreeRTOS/Source/CMSIS_RTOS/cmsis_os.c **** * @retval event information that includes status code.
1554:Middlewares/Third_Party/FreeRTOS/Source/CMSIS_RTOS/cmsis_os.c **** */
1555:Middlewares/Third_Party/FreeRTOS/Source/CMSIS_RTOS/cmsis_os.c **** osEvent osMessagePeek (osMessageQId queue_id, uint32_t millisec)
1556:Middlewares/Third_Party/FreeRTOS/Source/CMSIS_RTOS/cmsis_os.c **** {
 3203              		.loc 1 1556 1 is_stmt 1 view -0
 3204              		.cfi_startproc
 3205              		@ args = 0, pretend = 0, frame = 16
 3206              		@ frame_needed = 0, uses_anonymous_args = 0
 3207              		.loc 1 1556 1 is_stmt 0 view .LVU815
 3208 0000 30B5     		push	{r4, r5, lr}
 3209              	.LCFI78:
 3210              		.cfi_def_cfa_offset 12
 3211              		.cfi_offset 4, -12
 3212              		.cfi_offset 5, -8
 3213              		.cfi_offset 14, -4
 3214 0002 85B0     		sub	sp, sp, #20
 3215              	.LCFI79:
 3216              		.cfi_def_cfa_offset 32
 3217 0004 0446     		mov	r4, r0
1557:Middlewares/Third_Party/FreeRTOS/Source/CMSIS_RTOS/cmsis_os.c ****   TickType_t ticks;
 3218              		.loc 1 1557 3 is_stmt 1 view .LVU816
1558:Middlewares/Third_Party/FreeRTOS/Source/CMSIS_RTOS/cmsis_os.c ****   osEvent event;
 3219              		.loc 1 1558 3 view .LVU817
1559:Middlewares/Third_Party/FreeRTOS/Source/CMSIS_RTOS/cmsis_os.c ****   
1560:Middlewares/Third_Party/FreeRTOS/Source/CMSIS_RTOS/cmsis_os.c ****   event.def.message_id = queue_id;
 3220              		.loc 1 1560 3 view .LVU818
 3221              		.loc 1 1560 24 is_stmt 0 view .LVU819
 3222 0006 0391     		str	r1, [sp, #12]
1561:Middlewares/Third_Party/FreeRTOS/Source/CMSIS_RTOS/cmsis_os.c ****   
1562:Middlewares/Third_Party/FreeRTOS/Source/CMSIS_RTOS/cmsis_os.c ****   if (queue_id == NULL) {
 3223              		.loc 1 1562 3 is_stmt 1 view .LVU820
 3224              		.loc 1 1562 6 is_stmt 0 view .LVU821
 3225 0008 89B1     		cbz	r1, .L241
 3226 000a 0846     		mov	r0, r1
 3227              	.LVL250:
 3228              		.loc 1 1562 6 view .LVU822
 3229 000c 1546     		mov	r5, r2
1563:Middlewares/Third_Party/FreeRTOS/Source/CMSIS_RTOS/cmsis_os.c ****     event.status = osErrorParameter;
1564:Middlewares/Third_Party/FreeRTOS/Source/CMSIS_RTOS/cmsis_os.c ****     return event;
1565:Middlewares/Third_Party/FreeRTOS/Source/CMSIS_RTOS/cmsis_os.c ****   }
1566:Middlewares/Third_Party/FreeRTOS/Source/CMSIS_RTOS/cmsis_os.c ****   
1567:Middlewares/Third_Party/FreeRTOS/Source/CMSIS_RTOS/cmsis_os.c ****   ticks = 0;
 3230              		.loc 1 1567 3 is_stmt 1 view .LVU823
 3231              	.LVL251:
1568:Middlewares/Third_Party/FreeRTOS/Source/CMSIS_RTOS/cmsis_os.c ****   if (millisec == osWaitForever) {
 3232              		.loc 1 1568 3 view .LVU824
1569:Middlewares/Third_Party/FreeRTOS/Source/CMSIS_RTOS/cmsis_os.c ****     ticks = portMAX_DELAY;
1570:Middlewares/Third_Party/FreeRTOS/Source/CMSIS_RTOS/cmsis_os.c ****   }
1571:Middlewares/Third_Party/FreeRTOS/Source/CMSIS_RTOS/cmsis_os.c ****   else if (millisec != 0) {
ARM GAS  D:\software\msy64\tmp\ccX5RH3v.s 			page 94


 3233              		.loc 1 1571 8 view .LVU825
1572:Middlewares/Third_Party/FreeRTOS/Source/CMSIS_RTOS/cmsis_os.c ****     ticks = millisec / portTICK_PERIOD_MS;
1573:Middlewares/Third_Party/FreeRTOS/Source/CMSIS_RTOS/cmsis_os.c ****     if (ticks == 0) {
1574:Middlewares/Third_Party/FreeRTOS/Source/CMSIS_RTOS/cmsis_os.c ****       ticks = 1;
1575:Middlewares/Third_Party/FreeRTOS/Source/CMSIS_RTOS/cmsis_os.c ****     }
1576:Middlewares/Third_Party/FreeRTOS/Source/CMSIS_RTOS/cmsis_os.c ****   }
1577:Middlewares/Third_Party/FreeRTOS/Source/CMSIS_RTOS/cmsis_os.c ****   
1578:Middlewares/Third_Party/FreeRTOS/Source/CMSIS_RTOS/cmsis_os.c ****   if (xQueuePeek(queue_id, &event.value.v, ticks) == pdTRUE) 
 3234              		.loc 1 1578 3 view .LVU826
 3235              		.loc 1 1578 7 is_stmt 0 view .LVU827
 3236 000e 02A9     		add	r1, sp, #8
 3237              	.LVL252:
 3238              		.loc 1 1578 7 view .LVU828
 3239 0010 FFF7FEFF 		bl	xQueuePeek
 3240              	.LVL253:
 3241              		.loc 1 1578 6 discriminator 1 view .LVU829
 3242 0014 0128     		cmp	r0, #1
 3243 0016 12D0     		beq	.L242
1579:Middlewares/Third_Party/FreeRTOS/Source/CMSIS_RTOS/cmsis_os.c ****   {
1580:Middlewares/Third_Party/FreeRTOS/Source/CMSIS_RTOS/cmsis_os.c ****     /* We have mail */
1581:Middlewares/Third_Party/FreeRTOS/Source/CMSIS_RTOS/cmsis_os.c ****     event.status = osEventMessage;
1582:Middlewares/Third_Party/FreeRTOS/Source/CMSIS_RTOS/cmsis_os.c ****   }
1583:Middlewares/Third_Party/FreeRTOS/Source/CMSIS_RTOS/cmsis_os.c ****   else 
1584:Middlewares/Third_Party/FreeRTOS/Source/CMSIS_RTOS/cmsis_os.c ****   {
1585:Middlewares/Third_Party/FreeRTOS/Source/CMSIS_RTOS/cmsis_os.c ****     event.status = (ticks == 0) ? osOK : osEventTimeout;
 3244              		.loc 1 1585 5 is_stmt 1 view .LVU830
 3245              		.loc 1 1585 40 is_stmt 0 view .LVU831
 3246 0018 05B1     		cbz	r5, .L238
 3247              		.loc 1 1585 40 discriminator 2 view .LVU832
 3248 001a 4025     		movs	r5, #64
 3249              	.LVL254:
 3250              	.L238:
 3251              		.loc 1 1585 18 discriminator 4 view .LVU833
 3252 001c 0195     		str	r5, [sp, #4]
 3253              	.L237:
1586:Middlewares/Third_Party/FreeRTOS/Source/CMSIS_RTOS/cmsis_os.c ****   }
1587:Middlewares/Third_Party/FreeRTOS/Source/CMSIS_RTOS/cmsis_os.c ****   
1588:Middlewares/Third_Party/FreeRTOS/Source/CMSIS_RTOS/cmsis_os.c ****   return event;
 3254              		.loc 1 1588 3 is_stmt 1 view .LVU834
 3255              		.loc 1 1588 10 is_stmt 0 view .LVU835
 3256 001e 04AB     		add	r3, sp, #16
 3257 0020 13E90700 		ldmdb	r3, {r0, r1, r2}
 3258 0024 84E80700 		stm	r4, {r0, r1, r2}
 3259              	.LVL255:
 3260              	.L233:
1589:Middlewares/Third_Party/FreeRTOS/Source/CMSIS_RTOS/cmsis_os.c **** }
 3261              		.loc 1 1589 1 view .LVU836
 3262 0028 2046     		mov	r0, r4
 3263 002a 05B0     		add	sp, sp, #20
 3264              	.LCFI80:
 3265              		.cfi_remember_state
 3266              		.cfi_def_cfa_offset 12
 3267              		@ sp needed
 3268 002c 30BD     		pop	{r4, r5, pc}
 3269              	.LVL256:
 3270              	.L241:
 3271              	.LCFI81:
ARM GAS  D:\software\msy64\tmp\ccX5RH3v.s 			page 95


 3272              		.cfi_restore_state
1563:Middlewares/Third_Party/FreeRTOS/Source/CMSIS_RTOS/cmsis_os.c ****     return event;
 3273              		.loc 1 1563 5 is_stmt 1 view .LVU837
1563:Middlewares/Third_Party/FreeRTOS/Source/CMSIS_RTOS/cmsis_os.c ****     return event;
 3274              		.loc 1 1563 18 is_stmt 0 view .LVU838
 3275 002e 8023     		movs	r3, #128
 3276 0030 0193     		str	r3, [sp, #4]
1564:Middlewares/Third_Party/FreeRTOS/Source/CMSIS_RTOS/cmsis_os.c ****   }
 3277              		.loc 1 1564 5 is_stmt 1 view .LVU839
1564:Middlewares/Third_Party/FreeRTOS/Source/CMSIS_RTOS/cmsis_os.c ****   }
 3278              		.loc 1 1564 12 is_stmt 0 view .LVU840
 3279 0032 04AB     		add	r3, sp, #16
 3280 0034 13E90700 		ldmdb	r3, {r0, r1, r2}
 3281              	.LVL257:
1564:Middlewares/Third_Party/FreeRTOS/Source/CMSIS_RTOS/cmsis_os.c ****   }
 3282              		.loc 1 1564 12 view .LVU841
 3283 0038 84E80700 		stm	r4, {r0, r1, r2}
 3284 003c F4E7     		b	.L233
 3285              	.LVL258:
 3286              	.L242:
1581:Middlewares/Third_Party/FreeRTOS/Source/CMSIS_RTOS/cmsis_os.c ****   }
 3287              		.loc 1 1581 5 is_stmt 1 view .LVU842
1581:Middlewares/Third_Party/FreeRTOS/Source/CMSIS_RTOS/cmsis_os.c ****   }
 3288              		.loc 1 1581 18 is_stmt 0 view .LVU843
 3289 003e 1023     		movs	r3, #16
 3290 0040 0193     		str	r3, [sp, #4]
 3291 0042 ECE7     		b	.L237
 3292              		.cfi_endproc
 3293              	.LFE97:
 3295              		.section	.text.osMessageWaiting,"ax",%progbits
 3296              		.align	1
 3297              		.global	osMessageWaiting
 3298              		.syntax unified
 3299              		.thumb
 3300              		.thumb_func
 3302              	osMessageWaiting:
 3303              	.LVL259:
 3304              	.LFB98:
1590:Middlewares/Third_Party/FreeRTOS/Source/CMSIS_RTOS/cmsis_os.c **** 
1591:Middlewares/Third_Party/FreeRTOS/Source/CMSIS_RTOS/cmsis_os.c **** /**
1592:Middlewares/Third_Party/FreeRTOS/Source/CMSIS_RTOS/cmsis_os.c **** * @brief  Get the number of messaged stored in a queue.
1593:Middlewares/Third_Party/FreeRTOS/Source/CMSIS_RTOS/cmsis_os.c **** * @param  queue_id  message queue ID obtained with \ref osMessageCreate.
1594:Middlewares/Third_Party/FreeRTOS/Source/CMSIS_RTOS/cmsis_os.c **** * @retval number of messages stored in a queue.
1595:Middlewares/Third_Party/FreeRTOS/Source/CMSIS_RTOS/cmsis_os.c **** */
1596:Middlewares/Third_Party/FreeRTOS/Source/CMSIS_RTOS/cmsis_os.c **** uint32_t osMessageWaiting(osMessageQId queue_id)
1597:Middlewares/Third_Party/FreeRTOS/Source/CMSIS_RTOS/cmsis_os.c **** {
 3305              		.loc 1 1597 1 is_stmt 1 view -0
 3306              		.cfi_startproc
 3307              		@ args = 0, pretend = 0, frame = 0
 3308              		@ frame_needed = 0, uses_anonymous_args = 0
 3309              		.loc 1 1597 1 is_stmt 0 view .LVU845
 3310 0000 10B5     		push	{r4, lr}
 3311              	.LCFI82:
 3312              		.cfi_def_cfa_offset 8
 3313              		.cfi_offset 4, -8
 3314              		.cfi_offset 14, -4
 3315 0002 0446     		mov	r4, r0
ARM GAS  D:\software\msy64\tmp\ccX5RH3v.s 			page 96


1598:Middlewares/Third_Party/FreeRTOS/Source/CMSIS_RTOS/cmsis_os.c ****   if (inHandlerMode()) {
 3316              		.loc 1 1598 3 is_stmt 1 view .LVU846
 3317              		.loc 1 1598 7 is_stmt 0 view .LVU847
 3318 0004 FFF7FEFF 		bl	inHandlerMode
 3319              	.LVL260:
 3320              		.loc 1 1598 6 discriminator 1 view .LVU848
 3321 0008 18B1     		cbz	r0, .L244
1599:Middlewares/Third_Party/FreeRTOS/Source/CMSIS_RTOS/cmsis_os.c ****     return uxQueueMessagesWaitingFromISR(queue_id);
 3322              		.loc 1 1599 5 is_stmt 1 view .LVU849
 3323              		.loc 1 1599 12 is_stmt 0 view .LVU850
 3324 000a 2046     		mov	r0, r4
 3325 000c FFF7FEFF 		bl	uxQueueMessagesWaitingFromISR
 3326              	.LVL261:
 3327              	.L243:
1600:Middlewares/Third_Party/FreeRTOS/Source/CMSIS_RTOS/cmsis_os.c ****   }
1601:Middlewares/Third_Party/FreeRTOS/Source/CMSIS_RTOS/cmsis_os.c ****   else
1602:Middlewares/Third_Party/FreeRTOS/Source/CMSIS_RTOS/cmsis_os.c ****   {
1603:Middlewares/Third_Party/FreeRTOS/Source/CMSIS_RTOS/cmsis_os.c ****     return uxQueueMessagesWaiting(queue_id);
1604:Middlewares/Third_Party/FreeRTOS/Source/CMSIS_RTOS/cmsis_os.c ****   }
1605:Middlewares/Third_Party/FreeRTOS/Source/CMSIS_RTOS/cmsis_os.c **** }
 3328              		.loc 1 1605 1 view .LVU851
 3329 0010 10BD     		pop	{r4, pc}
 3330              	.LVL262:
 3331              	.L244:
1603:Middlewares/Third_Party/FreeRTOS/Source/CMSIS_RTOS/cmsis_os.c ****   }
 3332              		.loc 1 1603 5 is_stmt 1 view .LVU852
1603:Middlewares/Third_Party/FreeRTOS/Source/CMSIS_RTOS/cmsis_os.c ****   }
 3333              		.loc 1 1603 12 is_stmt 0 view .LVU853
 3334 0012 2046     		mov	r0, r4
 3335 0014 FFF7FEFF 		bl	uxQueueMessagesWaiting
 3336              	.LVL263:
 3337 0018 FAE7     		b	.L243
 3338              		.cfi_endproc
 3339              	.LFE98:
 3341              		.section	.text.osMessageAvailableSpace,"ax",%progbits
 3342              		.align	1
 3343              		.global	osMessageAvailableSpace
 3344              		.syntax unified
 3345              		.thumb
 3346              		.thumb_func
 3348              	osMessageAvailableSpace:
 3349              	.LVL264:
 3350              	.LFB99:
1606:Middlewares/Third_Party/FreeRTOS/Source/CMSIS_RTOS/cmsis_os.c **** 
1607:Middlewares/Third_Party/FreeRTOS/Source/CMSIS_RTOS/cmsis_os.c **** /**
1608:Middlewares/Third_Party/FreeRTOS/Source/CMSIS_RTOS/cmsis_os.c **** * @brief  Get the available space in a message queue.
1609:Middlewares/Third_Party/FreeRTOS/Source/CMSIS_RTOS/cmsis_os.c **** * @param  queue_id  message queue ID obtained with \ref osMessageCreate.
1610:Middlewares/Third_Party/FreeRTOS/Source/CMSIS_RTOS/cmsis_os.c **** * @retval available space in a message queue.
1611:Middlewares/Third_Party/FreeRTOS/Source/CMSIS_RTOS/cmsis_os.c **** */
1612:Middlewares/Third_Party/FreeRTOS/Source/CMSIS_RTOS/cmsis_os.c **** uint32_t osMessageAvailableSpace(osMessageQId queue_id)  
1613:Middlewares/Third_Party/FreeRTOS/Source/CMSIS_RTOS/cmsis_os.c **** {
 3351              		.loc 1 1613 1 is_stmt 1 view -0
 3352              		.cfi_startproc
 3353              		@ args = 0, pretend = 0, frame = 0
 3354              		@ frame_needed = 0, uses_anonymous_args = 0
 3355              		.loc 1 1613 1 is_stmt 0 view .LVU855
 3356 0000 08B5     		push	{r3, lr}
ARM GAS  D:\software\msy64\tmp\ccX5RH3v.s 			page 97


 3357              	.LCFI83:
 3358              		.cfi_def_cfa_offset 8
 3359              		.cfi_offset 3, -8
 3360              		.cfi_offset 14, -4
1614:Middlewares/Third_Party/FreeRTOS/Source/CMSIS_RTOS/cmsis_os.c ****   return uxQueueSpacesAvailable(queue_id);
 3361              		.loc 1 1614 3 is_stmt 1 view .LVU856
 3362              		.loc 1 1614 10 is_stmt 0 view .LVU857
 3363 0002 FFF7FEFF 		bl	uxQueueSpacesAvailable
 3364              	.LVL265:
1615:Middlewares/Third_Party/FreeRTOS/Source/CMSIS_RTOS/cmsis_os.c **** }
 3365              		.loc 1 1615 1 view .LVU858
 3366 0006 08BD     		pop	{r3, pc}
 3367              		.cfi_endproc
 3368              	.LFE99:
 3370              		.section	.text.osMessageDelete,"ax",%progbits
 3371              		.align	1
 3372              		.global	osMessageDelete
 3373              		.syntax unified
 3374              		.thumb
 3375              		.thumb_func
 3377              	osMessageDelete:
 3378              	.LVL266:
 3379              	.LFB100:
1616:Middlewares/Third_Party/FreeRTOS/Source/CMSIS_RTOS/cmsis_os.c **** 
1617:Middlewares/Third_Party/FreeRTOS/Source/CMSIS_RTOS/cmsis_os.c **** /**
1618:Middlewares/Third_Party/FreeRTOS/Source/CMSIS_RTOS/cmsis_os.c **** * @brief Delete a Message Queue
1619:Middlewares/Third_Party/FreeRTOS/Source/CMSIS_RTOS/cmsis_os.c **** * @param  queue_id  message queue ID obtained with \ref osMessageCreate.
1620:Middlewares/Third_Party/FreeRTOS/Source/CMSIS_RTOS/cmsis_os.c **** * @retval  status code that indicates the execution status of the function.
1621:Middlewares/Third_Party/FreeRTOS/Source/CMSIS_RTOS/cmsis_os.c **** */
1622:Middlewares/Third_Party/FreeRTOS/Source/CMSIS_RTOS/cmsis_os.c **** osStatus osMessageDelete (osMessageQId queue_id)
1623:Middlewares/Third_Party/FreeRTOS/Source/CMSIS_RTOS/cmsis_os.c **** {
 3380              		.loc 1 1623 1 is_stmt 1 view -0
 3381              		.cfi_startproc
 3382              		@ args = 0, pretend = 0, frame = 0
 3383              		@ frame_needed = 0, uses_anonymous_args = 0
 3384              		.loc 1 1623 1 is_stmt 0 view .LVU860
 3385 0000 10B5     		push	{r4, lr}
 3386              	.LCFI84:
 3387              		.cfi_def_cfa_offset 8
 3388              		.cfi_offset 4, -8
 3389              		.cfi_offset 14, -4
 3390 0002 0446     		mov	r4, r0
1624:Middlewares/Third_Party/FreeRTOS/Source/CMSIS_RTOS/cmsis_os.c ****   if (inHandlerMode()) {
 3391              		.loc 1 1624 3 is_stmt 1 view .LVU861
 3392              		.loc 1 1624 7 is_stmt 0 view .LVU862
 3393 0004 FFF7FEFF 		bl	inHandlerMode
 3394              	.LVL267:
 3395              		.loc 1 1624 6 discriminator 1 view .LVU863
 3396 0008 20B9     		cbnz	r0, .L251
1625:Middlewares/Third_Party/FreeRTOS/Source/CMSIS_RTOS/cmsis_os.c ****     return osErrorISR;
1626:Middlewares/Third_Party/FreeRTOS/Source/CMSIS_RTOS/cmsis_os.c ****   }
1627:Middlewares/Third_Party/FreeRTOS/Source/CMSIS_RTOS/cmsis_os.c **** 
1628:Middlewares/Third_Party/FreeRTOS/Source/CMSIS_RTOS/cmsis_os.c ****   vQueueDelete(queue_id);
 3397              		.loc 1 1628 3 is_stmt 1 view .LVU864
 3398 000a 2046     		mov	r0, r4
 3399 000c FFF7FEFF 		bl	vQueueDelete
 3400              	.LVL268:
ARM GAS  D:\software\msy64\tmp\ccX5RH3v.s 			page 98


1629:Middlewares/Third_Party/FreeRTOS/Source/CMSIS_RTOS/cmsis_os.c **** 
1630:Middlewares/Third_Party/FreeRTOS/Source/CMSIS_RTOS/cmsis_os.c ****   return osOK; 
 3401              		.loc 1 1630 3 view .LVU865
 3402              		.loc 1 1630 10 is_stmt 0 view .LVU866
 3403 0010 0020     		movs	r0, #0
 3404              	.L249:
1631:Middlewares/Third_Party/FreeRTOS/Source/CMSIS_RTOS/cmsis_os.c **** }
 3405              		.loc 1 1631 1 view .LVU867
 3406 0012 10BD     		pop	{r4, pc}
 3407              	.LVL269:
 3408              	.L251:
1625:Middlewares/Third_Party/FreeRTOS/Source/CMSIS_RTOS/cmsis_os.c ****     return osErrorISR;
 3409              		.loc 1 1625 12 view .LVU868
 3410 0014 8220     		movs	r0, #130
 3411 0016 FCE7     		b	.L249
 3412              		.cfi_endproc
 3413              	.LFE100:
 3415              		.section	.text.osRecursiveMutexCreate,"ax",%progbits
 3416              		.align	1
 3417              		.global	osRecursiveMutexCreate
 3418              		.syntax unified
 3419              		.thumb
 3420              		.thumb_func
 3422              	osRecursiveMutexCreate:
 3423              	.LVL270:
 3424              	.LFB101:
1632:Middlewares/Third_Party/FreeRTOS/Source/CMSIS_RTOS/cmsis_os.c **** 
1633:Middlewares/Third_Party/FreeRTOS/Source/CMSIS_RTOS/cmsis_os.c **** /**
1634:Middlewares/Third_Party/FreeRTOS/Source/CMSIS_RTOS/cmsis_os.c **** * @brief  Create and Initialize a Recursive Mutex
1635:Middlewares/Third_Party/FreeRTOS/Source/CMSIS_RTOS/cmsis_os.c **** * @param  mutex_def     mutex definition referenced with \ref osMutex.
1636:Middlewares/Third_Party/FreeRTOS/Source/CMSIS_RTOS/cmsis_os.c **** * @retval  mutex ID for reference by other functions or NULL in case of error..
1637:Middlewares/Third_Party/FreeRTOS/Source/CMSIS_RTOS/cmsis_os.c **** */
1638:Middlewares/Third_Party/FreeRTOS/Source/CMSIS_RTOS/cmsis_os.c **** osMutexId osRecursiveMutexCreate (const osMutexDef_t *mutex_def)
1639:Middlewares/Third_Party/FreeRTOS/Source/CMSIS_RTOS/cmsis_os.c **** {
 3425              		.loc 1 1639 1 is_stmt 1 view -0
 3426              		.cfi_startproc
 3427              		@ args = 0, pretend = 0, frame = 0
 3428              		@ frame_needed = 0, uses_anonymous_args = 0
 3429              		@ link register save eliminated.
1640:Middlewares/Third_Party/FreeRTOS/Source/CMSIS_RTOS/cmsis_os.c **** #if (configUSE_RECURSIVE_MUTEXES == 1)
1641:Middlewares/Third_Party/FreeRTOS/Source/CMSIS_RTOS/cmsis_os.c **** #if( configSUPPORT_STATIC_ALLOCATION == 1 ) && ( configSUPPORT_DYNAMIC_ALLOCATION == 1 )
1642:Middlewares/Third_Party/FreeRTOS/Source/CMSIS_RTOS/cmsis_os.c **** 
1643:Middlewares/Third_Party/FreeRTOS/Source/CMSIS_RTOS/cmsis_os.c ****   if (mutex_def->controlblock != NULL){
1644:Middlewares/Third_Party/FreeRTOS/Source/CMSIS_RTOS/cmsis_os.c ****     return xSemaphoreCreateRecursiveMutexStatic( mutex_def->controlblock );
1645:Middlewares/Third_Party/FreeRTOS/Source/CMSIS_RTOS/cmsis_os.c ****   }
1646:Middlewares/Third_Party/FreeRTOS/Source/CMSIS_RTOS/cmsis_os.c ****   else {
1647:Middlewares/Third_Party/FreeRTOS/Source/CMSIS_RTOS/cmsis_os.c ****     return xSemaphoreCreateRecursiveMutex();
1648:Middlewares/Third_Party/FreeRTOS/Source/CMSIS_RTOS/cmsis_os.c ****   }
1649:Middlewares/Third_Party/FreeRTOS/Source/CMSIS_RTOS/cmsis_os.c **** #elif ( configSUPPORT_STATIC_ALLOCATION == 1 )
1650:Middlewares/Third_Party/FreeRTOS/Source/CMSIS_RTOS/cmsis_os.c ****   return xSemaphoreCreateRecursiveMutexStatic( mutex_def->controlblock );
1651:Middlewares/Third_Party/FreeRTOS/Source/CMSIS_RTOS/cmsis_os.c **** #else 
1652:Middlewares/Third_Party/FreeRTOS/Source/CMSIS_RTOS/cmsis_os.c ****   return xSemaphoreCreateRecursiveMutex();
1653:Middlewares/Third_Party/FreeRTOS/Source/CMSIS_RTOS/cmsis_os.c **** #endif
1654:Middlewares/Third_Party/FreeRTOS/Source/CMSIS_RTOS/cmsis_os.c **** #else
1655:Middlewares/Third_Party/FreeRTOS/Source/CMSIS_RTOS/cmsis_os.c ****   return NULL;
 3430              		.loc 1 1655 3 view .LVU870
1656:Middlewares/Third_Party/FreeRTOS/Source/CMSIS_RTOS/cmsis_os.c **** #endif	
ARM GAS  D:\software\msy64\tmp\ccX5RH3v.s 			page 99


1657:Middlewares/Third_Party/FreeRTOS/Source/CMSIS_RTOS/cmsis_os.c **** }
 3431              		.loc 1 1657 1 is_stmt 0 view .LVU871
 3432 0000 0020     		movs	r0, #0
 3433              	.LVL271:
 3434              		.loc 1 1657 1 view .LVU872
 3435 0002 7047     		bx	lr
 3436              		.cfi_endproc
 3437              	.LFE101:
 3439              		.section	.text.osRecursiveMutexRelease,"ax",%progbits
 3440              		.align	1
 3441              		.global	osRecursiveMutexRelease
 3442              		.syntax unified
 3443              		.thumb
 3444              		.thumb_func
 3446              	osRecursiveMutexRelease:
 3447              	.LVL272:
 3448              	.LFB102:
1658:Middlewares/Third_Party/FreeRTOS/Source/CMSIS_RTOS/cmsis_os.c **** 
1659:Middlewares/Third_Party/FreeRTOS/Source/CMSIS_RTOS/cmsis_os.c **** /**
1660:Middlewares/Third_Party/FreeRTOS/Source/CMSIS_RTOS/cmsis_os.c **** * @brief  Release a Recursive Mutex
1661:Middlewares/Third_Party/FreeRTOS/Source/CMSIS_RTOS/cmsis_os.c **** * @param   mutex_id      mutex ID obtained by \ref osRecursiveMutexCreate.
1662:Middlewares/Third_Party/FreeRTOS/Source/CMSIS_RTOS/cmsis_os.c **** * @retval  status code that indicates the execution status of the function.
1663:Middlewares/Third_Party/FreeRTOS/Source/CMSIS_RTOS/cmsis_os.c **** */
1664:Middlewares/Third_Party/FreeRTOS/Source/CMSIS_RTOS/cmsis_os.c **** osStatus osRecursiveMutexRelease (osMutexId mutex_id)
1665:Middlewares/Third_Party/FreeRTOS/Source/CMSIS_RTOS/cmsis_os.c **** {
 3449              		.loc 1 1665 1 is_stmt 1 view -0
 3450              		.cfi_startproc
 3451              		@ args = 0, pretend = 0, frame = 0
 3452              		@ frame_needed = 0, uses_anonymous_args = 0
 3453              		@ link register save eliminated.
1666:Middlewares/Third_Party/FreeRTOS/Source/CMSIS_RTOS/cmsis_os.c **** #if (configUSE_RECURSIVE_MUTEXES == 1)
1667:Middlewares/Third_Party/FreeRTOS/Source/CMSIS_RTOS/cmsis_os.c ****   osStatus result = osOK;
1668:Middlewares/Third_Party/FreeRTOS/Source/CMSIS_RTOS/cmsis_os.c ****  
1669:Middlewares/Third_Party/FreeRTOS/Source/CMSIS_RTOS/cmsis_os.c ****   if (xSemaphoreGiveRecursive(mutex_id) != pdTRUE) 
1670:Middlewares/Third_Party/FreeRTOS/Source/CMSIS_RTOS/cmsis_os.c ****   {
1671:Middlewares/Third_Party/FreeRTOS/Source/CMSIS_RTOS/cmsis_os.c ****     result = osErrorOS;
1672:Middlewares/Third_Party/FreeRTOS/Source/CMSIS_RTOS/cmsis_os.c ****   }
1673:Middlewares/Third_Party/FreeRTOS/Source/CMSIS_RTOS/cmsis_os.c ****   return result;
1674:Middlewares/Third_Party/FreeRTOS/Source/CMSIS_RTOS/cmsis_os.c **** #else
1675:Middlewares/Third_Party/FreeRTOS/Source/CMSIS_RTOS/cmsis_os.c **** 	return osErrorResource;
 3454              		.loc 1 1675 2 view .LVU874
1676:Middlewares/Third_Party/FreeRTOS/Source/CMSIS_RTOS/cmsis_os.c **** #endif
1677:Middlewares/Third_Party/FreeRTOS/Source/CMSIS_RTOS/cmsis_os.c **** }
 3455              		.loc 1 1677 1 is_stmt 0 view .LVU875
 3456 0000 8120     		movs	r0, #129
 3457              	.LVL273:
 3458              		.loc 1 1677 1 view .LVU876
 3459 0002 7047     		bx	lr
 3460              		.cfi_endproc
 3461              	.LFE102:
 3463              		.section	.text.osRecursiveMutexWait,"ax",%progbits
 3464              		.align	1
 3465              		.global	osRecursiveMutexWait
 3466              		.syntax unified
 3467              		.thumb
 3468              		.thumb_func
 3470              	osRecursiveMutexWait:
ARM GAS  D:\software\msy64\tmp\ccX5RH3v.s 			page 100


 3471              	.LVL274:
 3472              	.LFB103:
1678:Middlewares/Third_Party/FreeRTOS/Source/CMSIS_RTOS/cmsis_os.c **** 
1679:Middlewares/Third_Party/FreeRTOS/Source/CMSIS_RTOS/cmsis_os.c **** /**
1680:Middlewares/Third_Party/FreeRTOS/Source/CMSIS_RTOS/cmsis_os.c **** * @brief  Release a Recursive Mutex
1681:Middlewares/Third_Party/FreeRTOS/Source/CMSIS_RTOS/cmsis_os.c **** * @param   mutex_id    mutex ID obtained by \ref osRecursiveMutexCreate.
1682:Middlewares/Third_Party/FreeRTOS/Source/CMSIS_RTOS/cmsis_os.c **** * @param millisec      timeout value or 0 in case of no time-out.
1683:Middlewares/Third_Party/FreeRTOS/Source/CMSIS_RTOS/cmsis_os.c **** * @retval  status code that indicates the execution status of the function.
1684:Middlewares/Third_Party/FreeRTOS/Source/CMSIS_RTOS/cmsis_os.c **** */
1685:Middlewares/Third_Party/FreeRTOS/Source/CMSIS_RTOS/cmsis_os.c **** osStatus osRecursiveMutexWait (osMutexId mutex_id, uint32_t millisec)
1686:Middlewares/Third_Party/FreeRTOS/Source/CMSIS_RTOS/cmsis_os.c **** {
 3473              		.loc 1 1686 1 is_stmt 1 view -0
 3474              		.cfi_startproc
 3475              		@ args = 0, pretend = 0, frame = 0
 3476              		@ frame_needed = 0, uses_anonymous_args = 0
 3477              		@ link register save eliminated.
1687:Middlewares/Third_Party/FreeRTOS/Source/CMSIS_RTOS/cmsis_os.c **** #if (configUSE_RECURSIVE_MUTEXES == 1)
1688:Middlewares/Third_Party/FreeRTOS/Source/CMSIS_RTOS/cmsis_os.c ****   TickType_t ticks;
1689:Middlewares/Third_Party/FreeRTOS/Source/CMSIS_RTOS/cmsis_os.c ****   
1690:Middlewares/Third_Party/FreeRTOS/Source/CMSIS_RTOS/cmsis_os.c ****   if (mutex_id == NULL)
1691:Middlewares/Third_Party/FreeRTOS/Source/CMSIS_RTOS/cmsis_os.c ****   {
1692:Middlewares/Third_Party/FreeRTOS/Source/CMSIS_RTOS/cmsis_os.c ****     return osErrorParameter;
1693:Middlewares/Third_Party/FreeRTOS/Source/CMSIS_RTOS/cmsis_os.c ****   }
1694:Middlewares/Third_Party/FreeRTOS/Source/CMSIS_RTOS/cmsis_os.c ****   
1695:Middlewares/Third_Party/FreeRTOS/Source/CMSIS_RTOS/cmsis_os.c ****   ticks = 0;
1696:Middlewares/Third_Party/FreeRTOS/Source/CMSIS_RTOS/cmsis_os.c ****   if (millisec == osWaitForever) 
1697:Middlewares/Third_Party/FreeRTOS/Source/CMSIS_RTOS/cmsis_os.c ****   {
1698:Middlewares/Third_Party/FreeRTOS/Source/CMSIS_RTOS/cmsis_os.c ****     ticks = portMAX_DELAY;
1699:Middlewares/Third_Party/FreeRTOS/Source/CMSIS_RTOS/cmsis_os.c ****   }
1700:Middlewares/Third_Party/FreeRTOS/Source/CMSIS_RTOS/cmsis_os.c ****   else if (millisec != 0) 
1701:Middlewares/Third_Party/FreeRTOS/Source/CMSIS_RTOS/cmsis_os.c ****   {
1702:Middlewares/Third_Party/FreeRTOS/Source/CMSIS_RTOS/cmsis_os.c ****     ticks = millisec / portTICK_PERIOD_MS;
1703:Middlewares/Third_Party/FreeRTOS/Source/CMSIS_RTOS/cmsis_os.c ****     if (ticks == 0) 
1704:Middlewares/Third_Party/FreeRTOS/Source/CMSIS_RTOS/cmsis_os.c ****     {
1705:Middlewares/Third_Party/FreeRTOS/Source/CMSIS_RTOS/cmsis_os.c ****       ticks = 1;
1706:Middlewares/Third_Party/FreeRTOS/Source/CMSIS_RTOS/cmsis_os.c ****     }
1707:Middlewares/Third_Party/FreeRTOS/Source/CMSIS_RTOS/cmsis_os.c ****   }
1708:Middlewares/Third_Party/FreeRTOS/Source/CMSIS_RTOS/cmsis_os.c ****   
1709:Middlewares/Third_Party/FreeRTOS/Source/CMSIS_RTOS/cmsis_os.c ****   if (xSemaphoreTakeRecursive(mutex_id, ticks) != pdTRUE) 
1710:Middlewares/Third_Party/FreeRTOS/Source/CMSIS_RTOS/cmsis_os.c ****   {
1711:Middlewares/Third_Party/FreeRTOS/Source/CMSIS_RTOS/cmsis_os.c ****     return osErrorOS;
1712:Middlewares/Third_Party/FreeRTOS/Source/CMSIS_RTOS/cmsis_os.c ****   }
1713:Middlewares/Third_Party/FreeRTOS/Source/CMSIS_RTOS/cmsis_os.c ****   return osOK;
1714:Middlewares/Third_Party/FreeRTOS/Source/CMSIS_RTOS/cmsis_os.c **** #else
1715:Middlewares/Third_Party/FreeRTOS/Source/CMSIS_RTOS/cmsis_os.c **** 	return osErrorResource;
 3478              		.loc 1 1715 2 view .LVU878
1716:Middlewares/Third_Party/FreeRTOS/Source/CMSIS_RTOS/cmsis_os.c **** #endif
1717:Middlewares/Third_Party/FreeRTOS/Source/CMSIS_RTOS/cmsis_os.c **** }
 3479              		.loc 1 1717 1 is_stmt 0 view .LVU879
 3480 0000 8120     		movs	r0, #129
 3481              	.LVL275:
 3482              		.loc 1 1717 1 view .LVU880
 3483 0002 7047     		bx	lr
 3484              		.cfi_endproc
 3485              	.LFE103:
 3487              		.section	.text.osSemaphoreGetCount,"ax",%progbits
 3488              		.align	1
ARM GAS  D:\software\msy64\tmp\ccX5RH3v.s 			page 101


 3489              		.global	osSemaphoreGetCount
 3490              		.syntax unified
 3491              		.thumb
 3492              		.thumb_func
 3494              	osSemaphoreGetCount:
 3495              	.LVL276:
 3496              	.LFB104:
1718:Middlewares/Third_Party/FreeRTOS/Source/CMSIS_RTOS/cmsis_os.c **** 
1719:Middlewares/Third_Party/FreeRTOS/Source/CMSIS_RTOS/cmsis_os.c **** /**
1720:Middlewares/Third_Party/FreeRTOS/Source/CMSIS_RTOS/cmsis_os.c **** * @brief  Returns the current count value of a counting semaphore
1721:Middlewares/Third_Party/FreeRTOS/Source/CMSIS_RTOS/cmsis_os.c **** * @param  semaphore_id  semaphore_id ID obtained by \ref osSemaphoreCreate.
1722:Middlewares/Third_Party/FreeRTOS/Source/CMSIS_RTOS/cmsis_os.c **** * @retval  count value
1723:Middlewares/Third_Party/FreeRTOS/Source/CMSIS_RTOS/cmsis_os.c **** */
1724:Middlewares/Third_Party/FreeRTOS/Source/CMSIS_RTOS/cmsis_os.c **** uint32_t osSemaphoreGetCount(osSemaphoreId semaphore_id)
1725:Middlewares/Third_Party/FreeRTOS/Source/CMSIS_RTOS/cmsis_os.c **** {
 3497              		.loc 1 1725 1 is_stmt 1 view -0
 3498              		.cfi_startproc
 3499              		@ args = 0, pretend = 0, frame = 0
 3500              		@ frame_needed = 0, uses_anonymous_args = 0
 3501              		.loc 1 1725 1 is_stmt 0 view .LVU882
 3502 0000 08B5     		push	{r3, lr}
 3503              	.LCFI85:
 3504              		.cfi_def_cfa_offset 8
 3505              		.cfi_offset 3, -8
 3506              		.cfi_offset 14, -4
1726:Middlewares/Third_Party/FreeRTOS/Source/CMSIS_RTOS/cmsis_os.c ****   return uxSemaphoreGetCount(semaphore_id);
 3507              		.loc 1 1726 3 is_stmt 1 view .LVU883
 3508              		.loc 1 1726 10 is_stmt 0 view .LVU884
 3509 0002 FFF7FEFF 		bl	uxQueueMessagesWaiting
 3510              	.LVL277:
1727:Middlewares/Third_Party/FreeRTOS/Source/CMSIS_RTOS/cmsis_os.c **** }
 3511              		.loc 1 1727 1 view .LVU885
 3512 0006 08BD     		pop	{r3, pc}
 3513              		.cfi_endproc
 3514              	.LFE104:
 3516              		.text
 3517              	.Letext0:
 3518              		.file 4 "D:/software/msy64/mingw64/lib/gcc/arm-none-eabi/13.3.0/include/stddef.h"
 3519              		.file 5 "D:/software/msy64/mingw64/arm-none-eabi/include/machine/_default_types.h"
 3520              		.file 6 "D:/software/msy64/mingw64/arm-none-eabi/include/sys/_stdint.h"
 3521              		.file 7 "Middlewares/Third_Party/FreeRTOS/Source/include/projdefs.h"
 3522              		.file 8 "Middlewares/Third_Party/FreeRTOS/Source/include/FreeRTOS.h"
 3523              		.file 9 "Middlewares/Third_Party/FreeRTOS/Source/include/task.h"
 3524              		.file 10 "Middlewares/Third_Party/FreeRTOS/Source/include/timers.h"
 3525              		.file 11 "Middlewares/Third_Party/FreeRTOS/Source/include/queue.h"
 3526              		.file 12 "Middlewares/Third_Party/FreeRTOS/Source/include/semphr.h"
 3527              		.file 13 "Middlewares/Third_Party/FreeRTOS/Source/CMSIS_RTOS/cmsis_os.h"
 3528              		.file 14 "D:/software/msy64/mingw64/arm-none-eabi/include/string.h"
 3529              		.file 15 "Middlewares/Third_Party/FreeRTOS/Source/include/portable.h"
ARM GAS  D:\software\msy64\tmp\ccX5RH3v.s 			page 102


DEFINED SYMBOLS
                            *ABS*:00000000 cmsis_os.c
D:\software\msy64\tmp\ccX5RH3v.s:19     .text.makeFreeRtosPriority:00000000 $t
D:\software\msy64\tmp\ccX5RH3v.s:24     .text.makeFreeRtosPriority:00000000 makeFreeRtosPriority
D:\software\msy64\tmp\ccX5RH3v.s:55     .text.makeCmsisPriority:00000000 $t
D:\software\msy64\tmp\ccX5RH3v.s:60     .text.makeCmsisPriority:00000000 makeCmsisPriority
D:\software\msy64\tmp\ccX5RH3v.s:94     .text.inHandlerMode:00000000 $t
D:\software\msy64\tmp\ccX5RH3v.s:99     .text.inHandlerMode:00000000 inHandlerMode
D:\software\msy64\tmp\ccX5RH3v.s:134    .text.osKernelStart:00000000 $t
D:\software\msy64\tmp\ccX5RH3v.s:140    .text.osKernelStart:00000000 osKernelStart
D:\software\msy64\tmp\ccX5RH3v.s:162    .text.osKernelRunning:00000000 $t
D:\software\msy64\tmp\ccX5RH3v.s:168    .text.osKernelRunning:00000000 osKernelRunning
D:\software\msy64\tmp\ccX5RH3v.s:199    .text.osKernelSysTick:00000000 $t
D:\software\msy64\tmp\ccX5RH3v.s:205    .text.osKernelSysTick:00000000 osKernelSysTick
D:\software\msy64\tmp\ccX5RH3v.s:239    .text.osThreadCreate:00000000 $t
D:\software\msy64\tmp\ccX5RH3v.s:245    .text.osThreadCreate:00000000 osThreadCreate
D:\software\msy64\tmp\ccX5RH3v.s:351    .text.osThreadGetId:00000000 $t
D:\software\msy64\tmp\ccX5RH3v.s:357    .text.osThreadGetId:00000000 osThreadGetId
D:\software\msy64\tmp\ccX5RH3v.s:378    .text.osThreadTerminate:00000000 $t
D:\software\msy64\tmp\ccX5RH3v.s:384    .text.osThreadTerminate:00000000 osThreadTerminate
D:\software\msy64\tmp\ccX5RH3v.s:408    .text.osThreadYield:00000000 $t
D:\software\msy64\tmp\ccX5RH3v.s:414    .text.osThreadYield:00000000 osThreadYield
D:\software\msy64\tmp\ccX5RH3v.s:445    .text.osThreadSetPriority:00000000 $t
D:\software\msy64\tmp\ccX5RH3v.s:451    .text.osThreadSetPriority:00000000 osThreadSetPriority
D:\software\msy64\tmp\ccX5RH3v.s:486    .text.osThreadGetPriority:00000000 $t
D:\software\msy64\tmp\ccX5RH3v.s:492    .text.osThreadGetPriority:00000000 osThreadGetPriority
D:\software\msy64\tmp\ccX5RH3v.s:539    .text.osDelay:00000000 $t
D:\software\msy64\tmp\ccX5RH3v.s:545    .text.osDelay:00000000 osDelay
D:\software\msy64\tmp\ccX5RH3v.s:577    .text.osTimerCreate:00000000 $t
D:\software\msy64\tmp\ccX5RH3v.s:583    .text.osTimerCreate:00000000 osTimerCreate
D:\software\msy64\tmp\ccX5RH3v.s:601    .text.osTimerStart:00000000 $t
D:\software\msy64\tmp\ccX5RH3v.s:607    .text.osTimerStart:00000000 osTimerStart
D:\software\msy64\tmp\ccX5RH3v.s:627    .text.osTimerStop:00000000 $t
D:\software\msy64\tmp\ccX5RH3v.s:633    .text.osTimerStop:00000000 osTimerStop
D:\software\msy64\tmp\ccX5RH3v.s:653    .text.osTimerDelete:00000000 $t
D:\software\msy64\tmp\ccX5RH3v.s:659    .text.osTimerDelete:00000000 osTimerDelete
D:\software\msy64\tmp\ccX5RH3v.s:679    .text.osSignalSet:00000000 $t
D:\software\msy64\tmp\ccX5RH3v.s:685    .text.osSignalSet:00000000 osSignalSet
D:\software\msy64\tmp\ccX5RH3v.s:788    .text.osSignalWait:00000000 $t
D:\software\msy64\tmp\ccX5RH3v.s:794    .text.osSignalWait:00000000 osSignalWait
D:\software\msy64\tmp\ccX5RH3v.s:900    .text.osMutexCreate:00000000 $t
D:\software\msy64\tmp\ccX5RH3v.s:906    .text.osMutexCreate:00000000 osMutexCreate
D:\software\msy64\tmp\ccX5RH3v.s:948    .text.osMutexWait:00000000 $t
D:\software\msy64\tmp\ccX5RH3v.s:954    .text.osMutexWait:00000000 osMutexWait
D:\software\msy64\tmp\ccX5RH3v.s:1069   .text.osMutexRelease:00000000 $t
D:\software\msy64\tmp\ccX5RH3v.s:1075   .text.osMutexRelease:00000000 osMutexRelease
D:\software\msy64\tmp\ccX5RH3v.s:1176   .text.osMutexDelete:00000000 $t
D:\software\msy64\tmp\ccX5RH3v.s:1182   .text.osMutexDelete:00000000 osMutexDelete
D:\software\msy64\tmp\ccX5RH3v.s:1221   .text.osSemaphoreCreate:00000000 $t
D:\software\msy64\tmp\ccX5RH3v.s:1227   .text.osSemaphoreCreate:00000000 osSemaphoreCreate
D:\software\msy64\tmp\ccX5RH3v.s:1319   .text.osSemaphoreWait:00000000 $t
D:\software\msy64\tmp\ccX5RH3v.s:1325   .text.osSemaphoreWait:00000000 osSemaphoreWait
D:\software\msy64\tmp\ccX5RH3v.s:1435   .text.osSemaphoreRelease:00000000 $t
D:\software\msy64\tmp\ccX5RH3v.s:1441   .text.osSemaphoreRelease:00000000 osSemaphoreRelease
D:\software\msy64\tmp\ccX5RH3v.s:1542   .text.osSemaphoreDelete:00000000 $t
D:\software\msy64\tmp\ccX5RH3v.s:1548   .text.osSemaphoreDelete:00000000 osSemaphoreDelete
D:\software\msy64\tmp\ccX5RH3v.s:1587   .text.osPoolCreate:00000000 $t
ARM GAS  D:\software\msy64\tmp\ccX5RH3v.s 			page 103


D:\software\msy64\tmp\ccX5RH3v.s:1593   .text.osPoolCreate:00000000 osPoolCreate
D:\software\msy64\tmp\ccX5RH3v.s:1727   .text.osPoolAlloc:00000000 $t
D:\software\msy64\tmp\ccX5RH3v.s:1733   .text.osPoolAlloc:00000000 osPoolAlloc
D:\software\msy64\tmp\ccX5RH3v.s:1891   .text.osPoolCAlloc:00000000 $t
D:\software\msy64\tmp\ccX5RH3v.s:1897   .text.osPoolCAlloc:00000000 osPoolCAlloc
D:\software\msy64\tmp\ccX5RH3v.s:1928   .text.osPoolFree:00000000 $t
D:\software\msy64\tmp\ccX5RH3v.s:1934   .text.osPoolFree:00000000 osPoolFree
D:\software\msy64\tmp\ccX5RH3v.s:2025   .text.osMessageCreate:00000000 $t
D:\software\msy64\tmp\ccX5RH3v.s:2031   .text.osMessageCreate:00000000 osMessageCreate
D:\software\msy64\tmp\ccX5RH3v.s:2093   .text.osMessagePut:00000000 $t
D:\software\msy64\tmp\ccX5RH3v.s:2099   .text.osMessagePut:00000000 osMessagePut
D:\software\msy64\tmp\ccX5RH3v.s:2212   .text.osMessageGet:00000000 $t
D:\software\msy64\tmp\ccX5RH3v.s:2218   .text.osMessageGet:00000000 osMessageGet
D:\software\msy64\tmp\ccX5RH3v.s:2370   .text.osMailCreate:00000000 $t
D:\software\msy64\tmp\ccX5RH3v.s:2376   .text.osMailCreate:00000000 osMailCreate
D:\software\msy64\tmp\ccX5RH3v.s:2501   .text.osMailAlloc:00000000 $t
D:\software\msy64\tmp\ccX5RH3v.s:2507   .text.osMailAlloc:00000000 osMailAlloc
D:\software\msy64\tmp\ccX5RH3v.s:2540   .text.osMailCAlloc:00000000 $t
D:\software\msy64\tmp\ccX5RH3v.s:2546   .text.osMailCAlloc:00000000 osMailCAlloc
D:\software\msy64\tmp\ccX5RH3v.s:2602   .text.osMailPut:00000000 $t
D:\software\msy64\tmp\ccX5RH3v.s:2608   .text.osMailPut:00000000 osMailPut
D:\software\msy64\tmp\ccX5RH3v.s:2721   .text.osMailGet:00000000 $t
D:\software\msy64\tmp\ccX5RH3v.s:2727   .text.osMailGet:00000000 osMailGet
D:\software\msy64\tmp\ccX5RH3v.s:2875   .text.osMailFree:00000000 $t
D:\software\msy64\tmp\ccX5RH3v.s:2881   .text.osMailFree:00000000 osMailFree
D:\software\msy64\tmp\ccX5RH3v.s:2921   .text.osSystickHandler:00000000 $t
D:\software\msy64\tmp\ccX5RH3v.s:2927   .text.osSystickHandler:00000000 osSystickHandler
D:\software\msy64\tmp\ccX5RH3v.s:2958   .text.osThreadSuspend:00000000 $t
D:\software\msy64\tmp\ccX5RH3v.s:2964   .text.osThreadSuspend:00000000 osThreadSuspend
D:\software\msy64\tmp\ccX5RH3v.s:2988   .text.osThreadResume:00000000 $t
D:\software\msy64\tmp\ccX5RH3v.s:2994   .text.osThreadResume:00000000 osThreadResume
D:\software\msy64\tmp\ccX5RH3v.s:3054   .text.osThreadSuspendAll:00000000 $t
D:\software\msy64\tmp\ccX5RH3v.s:3060   .text.osThreadSuspendAll:00000000 osThreadSuspendAll
D:\software\msy64\tmp\ccX5RH3v.s:3082   .text.osThreadResumeAll:00000000 $t
D:\software\msy64\tmp\ccX5RH3v.s:3088   .text.osThreadResumeAll:00000000 osThreadResumeAll
D:\software\msy64\tmp\ccX5RH3v.s:3119   .text.osDelayUntil:00000000 $t
D:\software\msy64\tmp\ccX5RH3v.s:3125   .text.osDelayUntil:00000000 osDelayUntil
D:\software\msy64\tmp\ccX5RH3v.s:3145   .text.osAbortDelay:00000000 $t
D:\software\msy64\tmp\ccX5RH3v.s:3151   .text.osAbortDelay:00000000 osAbortDelay
D:\software\msy64\tmp\ccX5RH3v.s:3170   .text.osThreadList:00000000 $t
D:\software\msy64\tmp\ccX5RH3v.s:3176   .text.osThreadList:00000000 osThreadList
D:\software\msy64\tmp\ccX5RH3v.s:3194   .text.osMessagePeek:00000000 $t
D:\software\msy64\tmp\ccX5RH3v.s:3200   .text.osMessagePeek:00000000 osMessagePeek
D:\software\msy64\tmp\ccX5RH3v.s:3296   .text.osMessageWaiting:00000000 $t
D:\software\msy64\tmp\ccX5RH3v.s:3302   .text.osMessageWaiting:00000000 osMessageWaiting
D:\software\msy64\tmp\ccX5RH3v.s:3342   .text.osMessageAvailableSpace:00000000 $t
D:\software\msy64\tmp\ccX5RH3v.s:3348   .text.osMessageAvailableSpace:00000000 osMessageAvailableSpace
D:\software\msy64\tmp\ccX5RH3v.s:3371   .text.osMessageDelete:00000000 $t
D:\software\msy64\tmp\ccX5RH3v.s:3377   .text.osMessageDelete:00000000 osMessageDelete
D:\software\msy64\tmp\ccX5RH3v.s:3416   .text.osRecursiveMutexCreate:00000000 $t
D:\software\msy64\tmp\ccX5RH3v.s:3422   .text.osRecursiveMutexCreate:00000000 osRecursiveMutexCreate
D:\software\msy64\tmp\ccX5RH3v.s:3440   .text.osRecursiveMutexRelease:00000000 $t
D:\software\msy64\tmp\ccX5RH3v.s:3446   .text.osRecursiveMutexRelease:00000000 osRecursiveMutexRelease
D:\software\msy64\tmp\ccX5RH3v.s:3464   .text.osRecursiveMutexWait:00000000 $t
D:\software\msy64\tmp\ccX5RH3v.s:3470   .text.osRecursiveMutexWait:00000000 osRecursiveMutexWait
D:\software\msy64\tmp\ccX5RH3v.s:3488   .text.osSemaphoreGetCount:00000000 $t
D:\software\msy64\tmp\ccX5RH3v.s:3494   .text.osSemaphoreGetCount:00000000 osSemaphoreGetCount
ARM GAS  D:\software\msy64\tmp\ccX5RH3v.s 			page 104



UNDEFINED SYMBOLS
vTaskStartScheduler
xTaskGetSchedulerState
xTaskGetTickCountFromISR
xTaskGetTickCount
xTaskCreateStatic
xTaskCreate
xTaskGetCurrentTaskHandle
vTaskDelete
vTaskPrioritySet
uxTaskPriorityGetFromISR
uxTaskPriorityGet
vTaskDelay
xTaskGenericNotifyFromISR
xTaskGenericNotify
xTaskNotifyWait
xQueueCreateMutexStatic
xQueueCreateMutex
xQueueReceiveFromISR
xQueueSemaphoreTake
xQueueGiveFromISR
xQueueGenericSend
vQueueDelete
xQueueGenericCreateStatic
xQueueGenericCreate
pvPortMalloc
vPortFree
vPortEnterCritical
vPortExitCritical
xQueueGenericSendFromISR
xQueueReceive
SysTick_Handler
vTaskSuspend
xTaskResumeFromISR
vTaskResume
vTaskSuspendAll
xTaskResumeAll
xQueuePeek
uxQueueMessagesWaitingFromISR
uxQueueMessagesWaiting
uxQueueSpacesAvailable
