ARM GAS  D:\software\msy64\tmp\ccv1Y56U.s 			page 1


   1              		.cpu cortex-m3
   2              		.arch armv7-m
   3              		.fpu softvfp
   4              		.eabi_attribute 20, 1
   5              		.eabi_attribute 21, 1
   6              		.eabi_attribute 23, 3
   7              		.eabi_attribute 24, 1
   8              		.eabi_attribute 25, 1
   9              		.eabi_attribute 26, 1
  10              		.eabi_attribute 30, 1
  11              		.eabi_attribute 34, 1
  12              		.eabi_attribute 18, 4
  13              		.file	"event_groups.c"
  14              		.text
  15              	.Ltext0:
  16              		.cfi_sections	.debug_frame
  17              		.file 1 "Middlewares/Third_Party/FreeRTOS/Source/event_groups.c"
  18              		.section	.text.prvTestWaitCondition,"ax",%progbits
  19              		.align	1
  20              		.syntax unified
  21              		.thumb
  22              		.thumb_func
  24              	prvTestWaitCondition:
  25              	.LVL0:
  26              	.LFB15:
   1:Middlewares/Third_Party/FreeRTOS/Source/event_groups.c **** /*
   2:Middlewares/Third_Party/FreeRTOS/Source/event_groups.c ****  * FreeRTOS Kernel V10.3.1
   3:Middlewares/Third_Party/FreeRTOS/Source/event_groups.c ****  * Copyright (C) 2020 Amazon.com, Inc. or its affiliates.  All Rights Reserved.
   4:Middlewares/Third_Party/FreeRTOS/Source/event_groups.c ****  *
   5:Middlewares/Third_Party/FreeRTOS/Source/event_groups.c ****  * Permission is hereby granted, free of charge, to any person obtaining a copy of
   6:Middlewares/Third_Party/FreeRTOS/Source/event_groups.c ****  * this software and associated documentation files (the "Software"), to deal in
   7:Middlewares/Third_Party/FreeRTOS/Source/event_groups.c ****  * the Software without restriction, including without limitation the rights to
   8:Middlewares/Third_Party/FreeRTOS/Source/event_groups.c ****  * use, copy, modify, merge, publish, distribute, sublicense, and/or sell copies of
   9:Middlewares/Third_Party/FreeRTOS/Source/event_groups.c ****  * the Software, and to permit persons to whom the Software is furnished to do so,
  10:Middlewares/Third_Party/FreeRTOS/Source/event_groups.c ****  * subject to the following conditions:
  11:Middlewares/Third_Party/FreeRTOS/Source/event_groups.c ****  *
  12:Middlewares/Third_Party/FreeRTOS/Source/event_groups.c ****  * The above copyright notice and this permission notice shall be included in all
  13:Middlewares/Third_Party/FreeRTOS/Source/event_groups.c ****  * copies or substantial portions of the Software.
  14:Middlewares/Third_Party/FreeRTOS/Source/event_groups.c ****  *
  15:Middlewares/Third_Party/FreeRTOS/Source/event_groups.c ****  * THE SOFTWARE IS PROVIDED "AS IS", WITHOUT WARRANTY OF ANY KIND, EXPRESS OR
  16:Middlewares/Third_Party/FreeRTOS/Source/event_groups.c ****  * IMPLIED, INCLUDING BUT NOT LIMITED TO THE WARRANTIES OF MERCHANTABILITY, FITNESS
  17:Middlewares/Third_Party/FreeRTOS/Source/event_groups.c ****  * FOR A PARTICULAR PURPOSE AND NONINFRINGEMENT. IN NO EVENT SHALL THE AUTHORS OR
  18:Middlewares/Third_Party/FreeRTOS/Source/event_groups.c ****  * COPYRIGHT HOLDERS BE LIABLE FOR ANY CLAIM, DAMAGES OR OTHER LIABILITY, WHETHER
  19:Middlewares/Third_Party/FreeRTOS/Source/event_groups.c ****  * IN AN ACTION OF CONTRACT, TORT OR OTHERWISE, ARISING FROM, OUT OF OR IN
  20:Middlewares/Third_Party/FreeRTOS/Source/event_groups.c ****  * CONNECTION WITH THE SOFTWARE OR THE USE OR OTHER DEALINGS IN THE SOFTWARE.
  21:Middlewares/Third_Party/FreeRTOS/Source/event_groups.c ****  *
  22:Middlewares/Third_Party/FreeRTOS/Source/event_groups.c ****  * http://www.FreeRTOS.org
  23:Middlewares/Third_Party/FreeRTOS/Source/event_groups.c ****  * http://aws.amazon.com/freertos
  24:Middlewares/Third_Party/FreeRTOS/Source/event_groups.c ****  *
  25:Middlewares/Third_Party/FreeRTOS/Source/event_groups.c ****  * 1 tab == 4 spaces!
  26:Middlewares/Third_Party/FreeRTOS/Source/event_groups.c ****  */
  27:Middlewares/Third_Party/FreeRTOS/Source/event_groups.c **** 
  28:Middlewares/Third_Party/FreeRTOS/Source/event_groups.c **** /* Standard includes. */
  29:Middlewares/Third_Party/FreeRTOS/Source/event_groups.c **** #include <stdlib.h>
  30:Middlewares/Third_Party/FreeRTOS/Source/event_groups.c **** 
  31:Middlewares/Third_Party/FreeRTOS/Source/event_groups.c **** /* Defining MPU_WRAPPERS_INCLUDED_FROM_API_FILE prevents task.h from redefining
  32:Middlewares/Third_Party/FreeRTOS/Source/event_groups.c **** all the API functions to use the MPU wrappers.  That should only be done when
ARM GAS  D:\software\msy64\tmp\ccv1Y56U.s 			page 2


  33:Middlewares/Third_Party/FreeRTOS/Source/event_groups.c **** task.h is included from an application file. */
  34:Middlewares/Third_Party/FreeRTOS/Source/event_groups.c **** #define MPU_WRAPPERS_INCLUDED_FROM_API_FILE
  35:Middlewares/Third_Party/FreeRTOS/Source/event_groups.c **** 
  36:Middlewares/Third_Party/FreeRTOS/Source/event_groups.c **** /* FreeRTOS includes. */
  37:Middlewares/Third_Party/FreeRTOS/Source/event_groups.c **** #include "FreeRTOS.h"
  38:Middlewares/Third_Party/FreeRTOS/Source/event_groups.c **** #include "task.h"
  39:Middlewares/Third_Party/FreeRTOS/Source/event_groups.c **** #include "timers.h"
  40:Middlewares/Third_Party/FreeRTOS/Source/event_groups.c **** #include "event_groups.h"
  41:Middlewares/Third_Party/FreeRTOS/Source/event_groups.c **** 
  42:Middlewares/Third_Party/FreeRTOS/Source/event_groups.c **** /* Lint e961, e750 and e9021 are suppressed as a MISRA exception justified
  43:Middlewares/Third_Party/FreeRTOS/Source/event_groups.c **** because the MPU ports require MPU_WRAPPERS_INCLUDED_FROM_API_FILE to be defined
  44:Middlewares/Third_Party/FreeRTOS/Source/event_groups.c **** for the header files above, but not in this file, in order to generate the
  45:Middlewares/Third_Party/FreeRTOS/Source/event_groups.c **** correct privileged Vs unprivileged linkage and placement. */
  46:Middlewares/Third_Party/FreeRTOS/Source/event_groups.c **** #undef MPU_WRAPPERS_INCLUDED_FROM_API_FILE /*lint !e961 !e750 !e9021 See comment above. */
  47:Middlewares/Third_Party/FreeRTOS/Source/event_groups.c **** 
  48:Middlewares/Third_Party/FreeRTOS/Source/event_groups.c **** /* The following bit fields convey control information in a task's event list
  49:Middlewares/Third_Party/FreeRTOS/Source/event_groups.c **** item value.  It is important they don't clash with the
  50:Middlewares/Third_Party/FreeRTOS/Source/event_groups.c **** taskEVENT_LIST_ITEM_VALUE_IN_USE definition. */
  51:Middlewares/Third_Party/FreeRTOS/Source/event_groups.c **** #if configUSE_16_BIT_TICKS == 1
  52:Middlewares/Third_Party/FreeRTOS/Source/event_groups.c **** 	#define eventCLEAR_EVENTS_ON_EXIT_BIT	0x0100U
  53:Middlewares/Third_Party/FreeRTOS/Source/event_groups.c **** 	#define eventUNBLOCKED_DUE_TO_BIT_SET	0x0200U
  54:Middlewares/Third_Party/FreeRTOS/Source/event_groups.c **** 	#define eventWAIT_FOR_ALL_BITS			0x0400U
  55:Middlewares/Third_Party/FreeRTOS/Source/event_groups.c **** 	#define eventEVENT_BITS_CONTROL_BYTES	0xff00U
  56:Middlewares/Third_Party/FreeRTOS/Source/event_groups.c **** #else
  57:Middlewares/Third_Party/FreeRTOS/Source/event_groups.c **** 	#define eventCLEAR_EVENTS_ON_EXIT_BIT	0x01000000UL
  58:Middlewares/Third_Party/FreeRTOS/Source/event_groups.c **** 	#define eventUNBLOCKED_DUE_TO_BIT_SET	0x02000000UL
  59:Middlewares/Third_Party/FreeRTOS/Source/event_groups.c **** 	#define eventWAIT_FOR_ALL_BITS			0x04000000UL
  60:Middlewares/Third_Party/FreeRTOS/Source/event_groups.c **** 	#define eventEVENT_BITS_CONTROL_BYTES	0xff000000UL
  61:Middlewares/Third_Party/FreeRTOS/Source/event_groups.c **** #endif
  62:Middlewares/Third_Party/FreeRTOS/Source/event_groups.c **** 
  63:Middlewares/Third_Party/FreeRTOS/Source/event_groups.c **** typedef struct EventGroupDef_t
  64:Middlewares/Third_Party/FreeRTOS/Source/event_groups.c **** {
  65:Middlewares/Third_Party/FreeRTOS/Source/event_groups.c **** 	EventBits_t uxEventBits;
  66:Middlewares/Third_Party/FreeRTOS/Source/event_groups.c **** 	List_t xTasksWaitingForBits;		/*< List of tasks waiting for a bit to be set. */
  67:Middlewares/Third_Party/FreeRTOS/Source/event_groups.c **** 
  68:Middlewares/Third_Party/FreeRTOS/Source/event_groups.c **** 	#if( configUSE_TRACE_FACILITY == 1 )
  69:Middlewares/Third_Party/FreeRTOS/Source/event_groups.c **** 		UBaseType_t uxEventGroupNumber;
  70:Middlewares/Third_Party/FreeRTOS/Source/event_groups.c **** 	#endif
  71:Middlewares/Third_Party/FreeRTOS/Source/event_groups.c **** 
  72:Middlewares/Third_Party/FreeRTOS/Source/event_groups.c **** 	#if( ( configSUPPORT_STATIC_ALLOCATION == 1 ) && ( configSUPPORT_DYNAMIC_ALLOCATION == 1 ) )
  73:Middlewares/Third_Party/FreeRTOS/Source/event_groups.c **** 		uint8_t ucStaticallyAllocated; /*< Set to pdTRUE if the event group is statically allocated to en
  74:Middlewares/Third_Party/FreeRTOS/Source/event_groups.c **** 	#endif
  75:Middlewares/Third_Party/FreeRTOS/Source/event_groups.c **** } EventGroup_t;
  76:Middlewares/Third_Party/FreeRTOS/Source/event_groups.c **** 
  77:Middlewares/Third_Party/FreeRTOS/Source/event_groups.c **** /*-----------------------------------------------------------*/
  78:Middlewares/Third_Party/FreeRTOS/Source/event_groups.c **** 
  79:Middlewares/Third_Party/FreeRTOS/Source/event_groups.c **** /*
  80:Middlewares/Third_Party/FreeRTOS/Source/event_groups.c ****  * Test the bits set in uxCurrentEventBits to see if the wait condition is met.
  81:Middlewares/Third_Party/FreeRTOS/Source/event_groups.c ****  * The wait condition is defined by xWaitForAllBits.  If xWaitForAllBits is
  82:Middlewares/Third_Party/FreeRTOS/Source/event_groups.c ****  * pdTRUE then the wait condition is met if all the bits set in uxBitsToWaitFor
  83:Middlewares/Third_Party/FreeRTOS/Source/event_groups.c ****  * are also set in uxCurrentEventBits.  If xWaitForAllBits is pdFALSE then the
  84:Middlewares/Third_Party/FreeRTOS/Source/event_groups.c ****  * wait condition is met if any of the bits set in uxBitsToWait for are also set
  85:Middlewares/Third_Party/FreeRTOS/Source/event_groups.c ****  * in uxCurrentEventBits.
  86:Middlewares/Third_Party/FreeRTOS/Source/event_groups.c ****  */
  87:Middlewares/Third_Party/FreeRTOS/Source/event_groups.c **** static BaseType_t prvTestWaitCondition( const EventBits_t uxCurrentEventBits, const EventBits_t uxB
  88:Middlewares/Third_Party/FreeRTOS/Source/event_groups.c **** 
  89:Middlewares/Third_Party/FreeRTOS/Source/event_groups.c **** /*-----------------------------------------------------------*/
ARM GAS  D:\software\msy64\tmp\ccv1Y56U.s 			page 3


  90:Middlewares/Third_Party/FreeRTOS/Source/event_groups.c **** 
  91:Middlewares/Third_Party/FreeRTOS/Source/event_groups.c **** #if( configSUPPORT_STATIC_ALLOCATION == 1 )
  92:Middlewares/Third_Party/FreeRTOS/Source/event_groups.c **** 
  93:Middlewares/Third_Party/FreeRTOS/Source/event_groups.c **** 	EventGroupHandle_t xEventGroupCreateStatic( StaticEventGroup_t *pxEventGroupBuffer )
  94:Middlewares/Third_Party/FreeRTOS/Source/event_groups.c **** 	{
  95:Middlewares/Third_Party/FreeRTOS/Source/event_groups.c **** 	EventGroup_t *pxEventBits;
  96:Middlewares/Third_Party/FreeRTOS/Source/event_groups.c **** 
  97:Middlewares/Third_Party/FreeRTOS/Source/event_groups.c **** 		/* A StaticEventGroup_t object must be provided. */
  98:Middlewares/Third_Party/FreeRTOS/Source/event_groups.c **** 		configASSERT( pxEventGroupBuffer );
  99:Middlewares/Third_Party/FreeRTOS/Source/event_groups.c **** 
 100:Middlewares/Third_Party/FreeRTOS/Source/event_groups.c **** 		#if( configASSERT_DEFINED == 1 )
 101:Middlewares/Third_Party/FreeRTOS/Source/event_groups.c **** 		{
 102:Middlewares/Third_Party/FreeRTOS/Source/event_groups.c **** 			/* Sanity check that the size of the structure used to declare a
 103:Middlewares/Third_Party/FreeRTOS/Source/event_groups.c **** 			variable of type StaticEventGroup_t equals the size of the real
 104:Middlewares/Third_Party/FreeRTOS/Source/event_groups.c **** 			event group structure. */
 105:Middlewares/Third_Party/FreeRTOS/Source/event_groups.c **** 			volatile size_t xSize = sizeof( StaticEventGroup_t );
 106:Middlewares/Third_Party/FreeRTOS/Source/event_groups.c **** 			configASSERT( xSize == sizeof( EventGroup_t ) );
 107:Middlewares/Third_Party/FreeRTOS/Source/event_groups.c **** 		} /*lint !e529 xSize is referenced if configASSERT() is defined. */
 108:Middlewares/Third_Party/FreeRTOS/Source/event_groups.c **** 		#endif /* configASSERT_DEFINED */
 109:Middlewares/Third_Party/FreeRTOS/Source/event_groups.c **** 
 110:Middlewares/Third_Party/FreeRTOS/Source/event_groups.c **** 		/* The user has provided a statically allocated event group - use it. */
 111:Middlewares/Third_Party/FreeRTOS/Source/event_groups.c **** 		pxEventBits = ( EventGroup_t * ) pxEventGroupBuffer; /*lint !e740 !e9087 EventGroup_t and StaticE
 112:Middlewares/Third_Party/FreeRTOS/Source/event_groups.c **** 
 113:Middlewares/Third_Party/FreeRTOS/Source/event_groups.c **** 		if( pxEventBits != NULL )
 114:Middlewares/Third_Party/FreeRTOS/Source/event_groups.c **** 		{
 115:Middlewares/Third_Party/FreeRTOS/Source/event_groups.c **** 			pxEventBits->uxEventBits = 0;
 116:Middlewares/Third_Party/FreeRTOS/Source/event_groups.c **** 			vListInitialise( &( pxEventBits->xTasksWaitingForBits ) );
 117:Middlewares/Third_Party/FreeRTOS/Source/event_groups.c **** 
 118:Middlewares/Third_Party/FreeRTOS/Source/event_groups.c **** 			#if( configSUPPORT_DYNAMIC_ALLOCATION == 1 )
 119:Middlewares/Third_Party/FreeRTOS/Source/event_groups.c **** 			{
 120:Middlewares/Third_Party/FreeRTOS/Source/event_groups.c **** 				/* Both static and dynamic allocation can be used, so note that
 121:Middlewares/Third_Party/FreeRTOS/Source/event_groups.c **** 				this event group was created statically in case the event group
 122:Middlewares/Third_Party/FreeRTOS/Source/event_groups.c **** 				is later deleted. */
 123:Middlewares/Third_Party/FreeRTOS/Source/event_groups.c **** 				pxEventBits->ucStaticallyAllocated = pdTRUE;
 124:Middlewares/Third_Party/FreeRTOS/Source/event_groups.c **** 			}
 125:Middlewares/Third_Party/FreeRTOS/Source/event_groups.c **** 			#endif /* configSUPPORT_DYNAMIC_ALLOCATION */
 126:Middlewares/Third_Party/FreeRTOS/Source/event_groups.c **** 
 127:Middlewares/Third_Party/FreeRTOS/Source/event_groups.c **** 			traceEVENT_GROUP_CREATE( pxEventBits );
 128:Middlewares/Third_Party/FreeRTOS/Source/event_groups.c **** 		}
 129:Middlewares/Third_Party/FreeRTOS/Source/event_groups.c **** 		else
 130:Middlewares/Third_Party/FreeRTOS/Source/event_groups.c **** 		{
 131:Middlewares/Third_Party/FreeRTOS/Source/event_groups.c **** 			/* xEventGroupCreateStatic should only ever be called with
 132:Middlewares/Third_Party/FreeRTOS/Source/event_groups.c **** 			pxEventGroupBuffer pointing to a pre-allocated (compile time
 133:Middlewares/Third_Party/FreeRTOS/Source/event_groups.c **** 			allocated) StaticEventGroup_t variable. */
 134:Middlewares/Third_Party/FreeRTOS/Source/event_groups.c **** 			traceEVENT_GROUP_CREATE_FAILED();
 135:Middlewares/Third_Party/FreeRTOS/Source/event_groups.c **** 		}
 136:Middlewares/Third_Party/FreeRTOS/Source/event_groups.c **** 
 137:Middlewares/Third_Party/FreeRTOS/Source/event_groups.c **** 		return pxEventBits;
 138:Middlewares/Third_Party/FreeRTOS/Source/event_groups.c **** 	}
 139:Middlewares/Third_Party/FreeRTOS/Source/event_groups.c **** 
 140:Middlewares/Third_Party/FreeRTOS/Source/event_groups.c **** #endif /* configSUPPORT_STATIC_ALLOCATION */
 141:Middlewares/Third_Party/FreeRTOS/Source/event_groups.c **** /*-----------------------------------------------------------*/
 142:Middlewares/Third_Party/FreeRTOS/Source/event_groups.c **** 
 143:Middlewares/Third_Party/FreeRTOS/Source/event_groups.c **** #if( configSUPPORT_DYNAMIC_ALLOCATION == 1 )
 144:Middlewares/Third_Party/FreeRTOS/Source/event_groups.c **** 
 145:Middlewares/Third_Party/FreeRTOS/Source/event_groups.c **** 	EventGroupHandle_t xEventGroupCreate( void )
 146:Middlewares/Third_Party/FreeRTOS/Source/event_groups.c **** 	{
ARM GAS  D:\software\msy64\tmp\ccv1Y56U.s 			page 4


 147:Middlewares/Third_Party/FreeRTOS/Source/event_groups.c **** 	EventGroup_t *pxEventBits;
 148:Middlewares/Third_Party/FreeRTOS/Source/event_groups.c **** 
 149:Middlewares/Third_Party/FreeRTOS/Source/event_groups.c **** 		/* Allocate the event group.  Justification for MISRA deviation as
 150:Middlewares/Third_Party/FreeRTOS/Source/event_groups.c **** 		follows:  pvPortMalloc() always ensures returned memory blocks are
 151:Middlewares/Third_Party/FreeRTOS/Source/event_groups.c **** 		aligned per the requirements of the MCU stack.  In this case
 152:Middlewares/Third_Party/FreeRTOS/Source/event_groups.c **** 		pvPortMalloc() must return a pointer that is guaranteed to meet the
 153:Middlewares/Third_Party/FreeRTOS/Source/event_groups.c **** 		alignment requirements of the EventGroup_t structure - which (if you
 154:Middlewares/Third_Party/FreeRTOS/Source/event_groups.c **** 		follow it through) is the alignment requirements of the TickType_t type
 155:Middlewares/Third_Party/FreeRTOS/Source/event_groups.c **** 		(EventBits_t being of TickType_t itself).  Therefore, whenever the
 156:Middlewares/Third_Party/FreeRTOS/Source/event_groups.c **** 		stack alignment requirements are greater than or equal to the
 157:Middlewares/Third_Party/FreeRTOS/Source/event_groups.c **** 		TickType_t alignment requirements the cast is safe.  In other cases,
 158:Middlewares/Third_Party/FreeRTOS/Source/event_groups.c **** 		where the natural word size of the architecture is less than
 159:Middlewares/Third_Party/FreeRTOS/Source/event_groups.c **** 		sizeof( TickType_t ), the TickType_t variables will be accessed in two
 160:Middlewares/Third_Party/FreeRTOS/Source/event_groups.c **** 		or more reads operations, and the alignment requirements is only that
 161:Middlewares/Third_Party/FreeRTOS/Source/event_groups.c **** 		of each individual read. */
 162:Middlewares/Third_Party/FreeRTOS/Source/event_groups.c **** 		pxEventBits = ( EventGroup_t * ) pvPortMalloc( sizeof( EventGroup_t ) ); /*lint !e9087 !e9079 see
 163:Middlewares/Third_Party/FreeRTOS/Source/event_groups.c **** 
 164:Middlewares/Third_Party/FreeRTOS/Source/event_groups.c **** 		if( pxEventBits != NULL )
 165:Middlewares/Third_Party/FreeRTOS/Source/event_groups.c **** 		{
 166:Middlewares/Third_Party/FreeRTOS/Source/event_groups.c **** 			pxEventBits->uxEventBits = 0;
 167:Middlewares/Third_Party/FreeRTOS/Source/event_groups.c **** 			vListInitialise( &( pxEventBits->xTasksWaitingForBits ) );
 168:Middlewares/Third_Party/FreeRTOS/Source/event_groups.c **** 
 169:Middlewares/Third_Party/FreeRTOS/Source/event_groups.c **** 			#if( configSUPPORT_STATIC_ALLOCATION == 1 )
 170:Middlewares/Third_Party/FreeRTOS/Source/event_groups.c **** 			{
 171:Middlewares/Third_Party/FreeRTOS/Source/event_groups.c **** 				/* Both static and dynamic allocation can be used, so note this
 172:Middlewares/Third_Party/FreeRTOS/Source/event_groups.c **** 				event group was allocated statically in case the event group is
 173:Middlewares/Third_Party/FreeRTOS/Source/event_groups.c **** 				later deleted. */
 174:Middlewares/Third_Party/FreeRTOS/Source/event_groups.c **** 				pxEventBits->ucStaticallyAllocated = pdFALSE;
 175:Middlewares/Third_Party/FreeRTOS/Source/event_groups.c **** 			}
 176:Middlewares/Third_Party/FreeRTOS/Source/event_groups.c **** 			#endif /* configSUPPORT_STATIC_ALLOCATION */
 177:Middlewares/Third_Party/FreeRTOS/Source/event_groups.c **** 
 178:Middlewares/Third_Party/FreeRTOS/Source/event_groups.c **** 			traceEVENT_GROUP_CREATE( pxEventBits );
 179:Middlewares/Third_Party/FreeRTOS/Source/event_groups.c **** 		}
 180:Middlewares/Third_Party/FreeRTOS/Source/event_groups.c **** 		else
 181:Middlewares/Third_Party/FreeRTOS/Source/event_groups.c **** 		{
 182:Middlewares/Third_Party/FreeRTOS/Source/event_groups.c **** 			traceEVENT_GROUP_CREATE_FAILED(); /*lint !e9063 Else branch only exists to allow tracing and doe
 183:Middlewares/Third_Party/FreeRTOS/Source/event_groups.c **** 		}
 184:Middlewares/Third_Party/FreeRTOS/Source/event_groups.c **** 
 185:Middlewares/Third_Party/FreeRTOS/Source/event_groups.c **** 		return pxEventBits;
 186:Middlewares/Third_Party/FreeRTOS/Source/event_groups.c **** 	}
 187:Middlewares/Third_Party/FreeRTOS/Source/event_groups.c **** 
 188:Middlewares/Third_Party/FreeRTOS/Source/event_groups.c **** #endif /* configSUPPORT_DYNAMIC_ALLOCATION */
 189:Middlewares/Third_Party/FreeRTOS/Source/event_groups.c **** /*-----------------------------------------------------------*/
 190:Middlewares/Third_Party/FreeRTOS/Source/event_groups.c **** 
 191:Middlewares/Third_Party/FreeRTOS/Source/event_groups.c **** EventBits_t xEventGroupSync( EventGroupHandle_t xEventGroup, const EventBits_t uxBitsToSet, const E
 192:Middlewares/Third_Party/FreeRTOS/Source/event_groups.c **** {
 193:Middlewares/Third_Party/FreeRTOS/Source/event_groups.c **** EventBits_t uxOriginalBitValue, uxReturn;
 194:Middlewares/Third_Party/FreeRTOS/Source/event_groups.c **** EventGroup_t *pxEventBits = xEventGroup;
 195:Middlewares/Third_Party/FreeRTOS/Source/event_groups.c **** BaseType_t xAlreadyYielded;
 196:Middlewares/Third_Party/FreeRTOS/Source/event_groups.c **** BaseType_t xTimeoutOccurred = pdFALSE;
 197:Middlewares/Third_Party/FreeRTOS/Source/event_groups.c **** 
 198:Middlewares/Third_Party/FreeRTOS/Source/event_groups.c **** 	configASSERT( ( uxBitsToWaitFor & eventEVENT_BITS_CONTROL_BYTES ) == 0 );
 199:Middlewares/Third_Party/FreeRTOS/Source/event_groups.c **** 	configASSERT( uxBitsToWaitFor != 0 );
 200:Middlewares/Third_Party/FreeRTOS/Source/event_groups.c **** 	#if ( ( INCLUDE_xTaskGetSchedulerState == 1 ) || ( configUSE_TIMERS == 1 ) )
 201:Middlewares/Third_Party/FreeRTOS/Source/event_groups.c **** 	{
 202:Middlewares/Third_Party/FreeRTOS/Source/event_groups.c **** 		configASSERT( !( ( xTaskGetSchedulerState() == taskSCHEDULER_SUSPENDED ) && ( xTicksToWait != 0 )
 203:Middlewares/Third_Party/FreeRTOS/Source/event_groups.c **** 	}
ARM GAS  D:\software\msy64\tmp\ccv1Y56U.s 			page 5


 204:Middlewares/Third_Party/FreeRTOS/Source/event_groups.c **** 	#endif
 205:Middlewares/Third_Party/FreeRTOS/Source/event_groups.c **** 
 206:Middlewares/Third_Party/FreeRTOS/Source/event_groups.c **** 	vTaskSuspendAll();
 207:Middlewares/Third_Party/FreeRTOS/Source/event_groups.c **** 	{
 208:Middlewares/Third_Party/FreeRTOS/Source/event_groups.c **** 		uxOriginalBitValue = pxEventBits->uxEventBits;
 209:Middlewares/Third_Party/FreeRTOS/Source/event_groups.c **** 
 210:Middlewares/Third_Party/FreeRTOS/Source/event_groups.c **** 		( void ) xEventGroupSetBits( xEventGroup, uxBitsToSet );
 211:Middlewares/Third_Party/FreeRTOS/Source/event_groups.c **** 
 212:Middlewares/Third_Party/FreeRTOS/Source/event_groups.c **** 		if( ( ( uxOriginalBitValue | uxBitsToSet ) & uxBitsToWaitFor ) == uxBitsToWaitFor )
 213:Middlewares/Third_Party/FreeRTOS/Source/event_groups.c **** 		{
 214:Middlewares/Third_Party/FreeRTOS/Source/event_groups.c **** 			/* All the rendezvous bits are now set - no need to block. */
 215:Middlewares/Third_Party/FreeRTOS/Source/event_groups.c **** 			uxReturn = ( uxOriginalBitValue | uxBitsToSet );
 216:Middlewares/Third_Party/FreeRTOS/Source/event_groups.c **** 
 217:Middlewares/Third_Party/FreeRTOS/Source/event_groups.c **** 			/* Rendezvous always clear the bits.  They will have been cleared
 218:Middlewares/Third_Party/FreeRTOS/Source/event_groups.c **** 			already unless this is the only task in the rendezvous. */
 219:Middlewares/Third_Party/FreeRTOS/Source/event_groups.c **** 			pxEventBits->uxEventBits &= ~uxBitsToWaitFor;
 220:Middlewares/Third_Party/FreeRTOS/Source/event_groups.c **** 
 221:Middlewares/Third_Party/FreeRTOS/Source/event_groups.c **** 			xTicksToWait = 0;
 222:Middlewares/Third_Party/FreeRTOS/Source/event_groups.c **** 		}
 223:Middlewares/Third_Party/FreeRTOS/Source/event_groups.c **** 		else
 224:Middlewares/Third_Party/FreeRTOS/Source/event_groups.c **** 		{
 225:Middlewares/Third_Party/FreeRTOS/Source/event_groups.c **** 			if( xTicksToWait != ( TickType_t ) 0 )
 226:Middlewares/Third_Party/FreeRTOS/Source/event_groups.c **** 			{
 227:Middlewares/Third_Party/FreeRTOS/Source/event_groups.c **** 				traceEVENT_GROUP_SYNC_BLOCK( xEventGroup, uxBitsToSet, uxBitsToWaitFor );
 228:Middlewares/Third_Party/FreeRTOS/Source/event_groups.c **** 
 229:Middlewares/Third_Party/FreeRTOS/Source/event_groups.c **** 				/* Store the bits that the calling task is waiting for in the
 230:Middlewares/Third_Party/FreeRTOS/Source/event_groups.c **** 				task's event list item so the kernel knows when a match is
 231:Middlewares/Third_Party/FreeRTOS/Source/event_groups.c **** 				found.  Then enter the blocked state. */
 232:Middlewares/Third_Party/FreeRTOS/Source/event_groups.c **** 				vTaskPlaceOnUnorderedEventList( &( pxEventBits->xTasksWaitingForBits ), ( uxBitsToWaitFor | eve
 233:Middlewares/Third_Party/FreeRTOS/Source/event_groups.c **** 
 234:Middlewares/Third_Party/FreeRTOS/Source/event_groups.c **** 				/* This assignment is obsolete as uxReturn will get set after
 235:Middlewares/Third_Party/FreeRTOS/Source/event_groups.c **** 				the task unblocks, but some compilers mistakenly generate a
 236:Middlewares/Third_Party/FreeRTOS/Source/event_groups.c **** 				warning about uxReturn being returned without being set if the
 237:Middlewares/Third_Party/FreeRTOS/Source/event_groups.c **** 				assignment is omitted. */
 238:Middlewares/Third_Party/FreeRTOS/Source/event_groups.c **** 				uxReturn = 0;
 239:Middlewares/Third_Party/FreeRTOS/Source/event_groups.c **** 			}
 240:Middlewares/Third_Party/FreeRTOS/Source/event_groups.c **** 			else
 241:Middlewares/Third_Party/FreeRTOS/Source/event_groups.c **** 			{
 242:Middlewares/Third_Party/FreeRTOS/Source/event_groups.c **** 				/* The rendezvous bits were not set, but no block time was
 243:Middlewares/Third_Party/FreeRTOS/Source/event_groups.c **** 				specified - just return the current event bit value. */
 244:Middlewares/Third_Party/FreeRTOS/Source/event_groups.c **** 				uxReturn = pxEventBits->uxEventBits;
 245:Middlewares/Third_Party/FreeRTOS/Source/event_groups.c **** 				xTimeoutOccurred = pdTRUE;
 246:Middlewares/Third_Party/FreeRTOS/Source/event_groups.c **** 			}
 247:Middlewares/Third_Party/FreeRTOS/Source/event_groups.c **** 		}
 248:Middlewares/Third_Party/FreeRTOS/Source/event_groups.c **** 	}
 249:Middlewares/Third_Party/FreeRTOS/Source/event_groups.c **** 	xAlreadyYielded = xTaskResumeAll();
 250:Middlewares/Third_Party/FreeRTOS/Source/event_groups.c **** 
 251:Middlewares/Third_Party/FreeRTOS/Source/event_groups.c **** 	if( xTicksToWait != ( TickType_t ) 0 )
 252:Middlewares/Third_Party/FreeRTOS/Source/event_groups.c **** 	{
 253:Middlewares/Third_Party/FreeRTOS/Source/event_groups.c **** 		if( xAlreadyYielded == pdFALSE )
 254:Middlewares/Third_Party/FreeRTOS/Source/event_groups.c **** 		{
 255:Middlewares/Third_Party/FreeRTOS/Source/event_groups.c **** 			portYIELD_WITHIN_API();
 256:Middlewares/Third_Party/FreeRTOS/Source/event_groups.c **** 		}
 257:Middlewares/Third_Party/FreeRTOS/Source/event_groups.c **** 		else
 258:Middlewares/Third_Party/FreeRTOS/Source/event_groups.c **** 		{
 259:Middlewares/Third_Party/FreeRTOS/Source/event_groups.c **** 			mtCOVERAGE_TEST_MARKER();
 260:Middlewares/Third_Party/FreeRTOS/Source/event_groups.c **** 		}
ARM GAS  D:\software\msy64\tmp\ccv1Y56U.s 			page 6


 261:Middlewares/Third_Party/FreeRTOS/Source/event_groups.c **** 
 262:Middlewares/Third_Party/FreeRTOS/Source/event_groups.c **** 		/* The task blocked to wait for its required bits to be set - at this
 263:Middlewares/Third_Party/FreeRTOS/Source/event_groups.c **** 		point either the required bits were set or the block time expired.  If
 264:Middlewares/Third_Party/FreeRTOS/Source/event_groups.c **** 		the required bits were set they will have been stored in the task's
 265:Middlewares/Third_Party/FreeRTOS/Source/event_groups.c **** 		event list item, and they should now be retrieved then cleared. */
 266:Middlewares/Third_Party/FreeRTOS/Source/event_groups.c **** 		uxReturn = uxTaskResetEventItemValue();
 267:Middlewares/Third_Party/FreeRTOS/Source/event_groups.c **** 
 268:Middlewares/Third_Party/FreeRTOS/Source/event_groups.c **** 		if( ( uxReturn & eventUNBLOCKED_DUE_TO_BIT_SET ) == ( EventBits_t ) 0 )
 269:Middlewares/Third_Party/FreeRTOS/Source/event_groups.c **** 		{
 270:Middlewares/Third_Party/FreeRTOS/Source/event_groups.c **** 			/* The task timed out, just return the current event bit value. */
 271:Middlewares/Third_Party/FreeRTOS/Source/event_groups.c **** 			taskENTER_CRITICAL();
 272:Middlewares/Third_Party/FreeRTOS/Source/event_groups.c **** 			{
 273:Middlewares/Third_Party/FreeRTOS/Source/event_groups.c **** 				uxReturn = pxEventBits->uxEventBits;
 274:Middlewares/Third_Party/FreeRTOS/Source/event_groups.c **** 
 275:Middlewares/Third_Party/FreeRTOS/Source/event_groups.c **** 				/* Although the task got here because it timed out before the
 276:Middlewares/Third_Party/FreeRTOS/Source/event_groups.c **** 				bits it was waiting for were set, it is possible that since it
 277:Middlewares/Third_Party/FreeRTOS/Source/event_groups.c **** 				unblocked another task has set the bits.  If this is the case
 278:Middlewares/Third_Party/FreeRTOS/Source/event_groups.c **** 				then it needs to clear the bits before exiting. */
 279:Middlewares/Third_Party/FreeRTOS/Source/event_groups.c **** 				if( ( uxReturn & uxBitsToWaitFor ) == uxBitsToWaitFor )
 280:Middlewares/Third_Party/FreeRTOS/Source/event_groups.c **** 				{
 281:Middlewares/Third_Party/FreeRTOS/Source/event_groups.c **** 					pxEventBits->uxEventBits &= ~uxBitsToWaitFor;
 282:Middlewares/Third_Party/FreeRTOS/Source/event_groups.c **** 				}
 283:Middlewares/Third_Party/FreeRTOS/Source/event_groups.c **** 				else
 284:Middlewares/Third_Party/FreeRTOS/Source/event_groups.c **** 				{
 285:Middlewares/Third_Party/FreeRTOS/Source/event_groups.c **** 					mtCOVERAGE_TEST_MARKER();
 286:Middlewares/Third_Party/FreeRTOS/Source/event_groups.c **** 				}
 287:Middlewares/Third_Party/FreeRTOS/Source/event_groups.c **** 			}
 288:Middlewares/Third_Party/FreeRTOS/Source/event_groups.c **** 			taskEXIT_CRITICAL();
 289:Middlewares/Third_Party/FreeRTOS/Source/event_groups.c **** 
 290:Middlewares/Third_Party/FreeRTOS/Source/event_groups.c **** 			xTimeoutOccurred = pdTRUE;
 291:Middlewares/Third_Party/FreeRTOS/Source/event_groups.c **** 		}
 292:Middlewares/Third_Party/FreeRTOS/Source/event_groups.c **** 		else
 293:Middlewares/Third_Party/FreeRTOS/Source/event_groups.c **** 		{
 294:Middlewares/Third_Party/FreeRTOS/Source/event_groups.c **** 			/* The task unblocked because the bits were set. */
 295:Middlewares/Third_Party/FreeRTOS/Source/event_groups.c **** 		}
 296:Middlewares/Third_Party/FreeRTOS/Source/event_groups.c **** 
 297:Middlewares/Third_Party/FreeRTOS/Source/event_groups.c **** 		/* Control bits might be set as the task had blocked should not be
 298:Middlewares/Third_Party/FreeRTOS/Source/event_groups.c **** 		returned. */
 299:Middlewares/Third_Party/FreeRTOS/Source/event_groups.c **** 		uxReturn &= ~eventEVENT_BITS_CONTROL_BYTES;
 300:Middlewares/Third_Party/FreeRTOS/Source/event_groups.c **** 	}
 301:Middlewares/Third_Party/FreeRTOS/Source/event_groups.c **** 
 302:Middlewares/Third_Party/FreeRTOS/Source/event_groups.c **** 	traceEVENT_GROUP_SYNC_END( xEventGroup, uxBitsToSet, uxBitsToWaitFor, xTimeoutOccurred );
 303:Middlewares/Third_Party/FreeRTOS/Source/event_groups.c **** 
 304:Middlewares/Third_Party/FreeRTOS/Source/event_groups.c **** 	/* Prevent compiler warnings when trace macros are not used. */
 305:Middlewares/Third_Party/FreeRTOS/Source/event_groups.c **** 	( void ) xTimeoutOccurred;
 306:Middlewares/Third_Party/FreeRTOS/Source/event_groups.c **** 
 307:Middlewares/Third_Party/FreeRTOS/Source/event_groups.c **** 	return uxReturn;
 308:Middlewares/Third_Party/FreeRTOS/Source/event_groups.c **** }
 309:Middlewares/Third_Party/FreeRTOS/Source/event_groups.c **** /*-----------------------------------------------------------*/
 310:Middlewares/Third_Party/FreeRTOS/Source/event_groups.c **** 
 311:Middlewares/Third_Party/FreeRTOS/Source/event_groups.c **** EventBits_t xEventGroupWaitBits( EventGroupHandle_t xEventGroup, const EventBits_t uxBitsToWaitFor,
 312:Middlewares/Third_Party/FreeRTOS/Source/event_groups.c **** {
 313:Middlewares/Third_Party/FreeRTOS/Source/event_groups.c **** EventGroup_t *pxEventBits = xEventGroup;
 314:Middlewares/Third_Party/FreeRTOS/Source/event_groups.c **** EventBits_t uxReturn, uxControlBits = 0;
 315:Middlewares/Third_Party/FreeRTOS/Source/event_groups.c **** BaseType_t xWaitConditionMet, xAlreadyYielded;
 316:Middlewares/Third_Party/FreeRTOS/Source/event_groups.c **** BaseType_t xTimeoutOccurred = pdFALSE;
 317:Middlewares/Third_Party/FreeRTOS/Source/event_groups.c **** 
ARM GAS  D:\software\msy64\tmp\ccv1Y56U.s 			page 7


 318:Middlewares/Third_Party/FreeRTOS/Source/event_groups.c **** 	/* Check the user is not attempting to wait on the bits used by the kernel
 319:Middlewares/Third_Party/FreeRTOS/Source/event_groups.c **** 	itself, and that at least one bit is being requested. */
 320:Middlewares/Third_Party/FreeRTOS/Source/event_groups.c **** 	configASSERT( xEventGroup );
 321:Middlewares/Third_Party/FreeRTOS/Source/event_groups.c **** 	configASSERT( ( uxBitsToWaitFor & eventEVENT_BITS_CONTROL_BYTES ) == 0 );
 322:Middlewares/Third_Party/FreeRTOS/Source/event_groups.c **** 	configASSERT( uxBitsToWaitFor != 0 );
 323:Middlewares/Third_Party/FreeRTOS/Source/event_groups.c **** 	#if ( ( INCLUDE_xTaskGetSchedulerState == 1 ) || ( configUSE_TIMERS == 1 ) )
 324:Middlewares/Third_Party/FreeRTOS/Source/event_groups.c **** 	{
 325:Middlewares/Third_Party/FreeRTOS/Source/event_groups.c **** 		configASSERT( !( ( xTaskGetSchedulerState() == taskSCHEDULER_SUSPENDED ) && ( xTicksToWait != 0 )
 326:Middlewares/Third_Party/FreeRTOS/Source/event_groups.c **** 	}
 327:Middlewares/Third_Party/FreeRTOS/Source/event_groups.c **** 	#endif
 328:Middlewares/Third_Party/FreeRTOS/Source/event_groups.c **** 
 329:Middlewares/Third_Party/FreeRTOS/Source/event_groups.c **** 	vTaskSuspendAll();
 330:Middlewares/Third_Party/FreeRTOS/Source/event_groups.c **** 	{
 331:Middlewares/Third_Party/FreeRTOS/Source/event_groups.c **** 		const EventBits_t uxCurrentEventBits = pxEventBits->uxEventBits;
 332:Middlewares/Third_Party/FreeRTOS/Source/event_groups.c **** 
 333:Middlewares/Third_Party/FreeRTOS/Source/event_groups.c **** 		/* Check to see if the wait condition is already met or not. */
 334:Middlewares/Third_Party/FreeRTOS/Source/event_groups.c **** 		xWaitConditionMet = prvTestWaitCondition( uxCurrentEventBits, uxBitsToWaitFor, xWaitForAllBits );
 335:Middlewares/Third_Party/FreeRTOS/Source/event_groups.c **** 
 336:Middlewares/Third_Party/FreeRTOS/Source/event_groups.c **** 		if( xWaitConditionMet != pdFALSE )
 337:Middlewares/Third_Party/FreeRTOS/Source/event_groups.c **** 		{
 338:Middlewares/Third_Party/FreeRTOS/Source/event_groups.c **** 			/* The wait condition has already been met so there is no need to
 339:Middlewares/Third_Party/FreeRTOS/Source/event_groups.c **** 			block. */
 340:Middlewares/Third_Party/FreeRTOS/Source/event_groups.c **** 			uxReturn = uxCurrentEventBits;
 341:Middlewares/Third_Party/FreeRTOS/Source/event_groups.c **** 			xTicksToWait = ( TickType_t ) 0;
 342:Middlewares/Third_Party/FreeRTOS/Source/event_groups.c **** 
 343:Middlewares/Third_Party/FreeRTOS/Source/event_groups.c **** 			/* Clear the wait bits if requested to do so. */
 344:Middlewares/Third_Party/FreeRTOS/Source/event_groups.c **** 			if( xClearOnExit != pdFALSE )
 345:Middlewares/Third_Party/FreeRTOS/Source/event_groups.c **** 			{
 346:Middlewares/Third_Party/FreeRTOS/Source/event_groups.c **** 				pxEventBits->uxEventBits &= ~uxBitsToWaitFor;
 347:Middlewares/Third_Party/FreeRTOS/Source/event_groups.c **** 			}
 348:Middlewares/Third_Party/FreeRTOS/Source/event_groups.c **** 			else
 349:Middlewares/Third_Party/FreeRTOS/Source/event_groups.c **** 			{
 350:Middlewares/Third_Party/FreeRTOS/Source/event_groups.c **** 				mtCOVERAGE_TEST_MARKER();
 351:Middlewares/Third_Party/FreeRTOS/Source/event_groups.c **** 			}
 352:Middlewares/Third_Party/FreeRTOS/Source/event_groups.c **** 		}
 353:Middlewares/Third_Party/FreeRTOS/Source/event_groups.c **** 		else if( xTicksToWait == ( TickType_t ) 0 )
 354:Middlewares/Third_Party/FreeRTOS/Source/event_groups.c **** 		{
 355:Middlewares/Third_Party/FreeRTOS/Source/event_groups.c **** 			/* The wait condition has not been met, but no block time was
 356:Middlewares/Third_Party/FreeRTOS/Source/event_groups.c **** 			specified, so just return the current value. */
 357:Middlewares/Third_Party/FreeRTOS/Source/event_groups.c **** 			uxReturn = uxCurrentEventBits;
 358:Middlewares/Third_Party/FreeRTOS/Source/event_groups.c **** 			xTimeoutOccurred = pdTRUE;
 359:Middlewares/Third_Party/FreeRTOS/Source/event_groups.c **** 		}
 360:Middlewares/Third_Party/FreeRTOS/Source/event_groups.c **** 		else
 361:Middlewares/Third_Party/FreeRTOS/Source/event_groups.c **** 		{
 362:Middlewares/Third_Party/FreeRTOS/Source/event_groups.c **** 			/* The task is going to block to wait for its required bits to be
 363:Middlewares/Third_Party/FreeRTOS/Source/event_groups.c **** 			set.  uxControlBits are used to remember the specified behaviour of
 364:Middlewares/Third_Party/FreeRTOS/Source/event_groups.c **** 			this call to xEventGroupWaitBits() - for use when the event bits
 365:Middlewares/Third_Party/FreeRTOS/Source/event_groups.c **** 			unblock the task. */
 366:Middlewares/Third_Party/FreeRTOS/Source/event_groups.c **** 			if( xClearOnExit != pdFALSE )
 367:Middlewares/Third_Party/FreeRTOS/Source/event_groups.c **** 			{
 368:Middlewares/Third_Party/FreeRTOS/Source/event_groups.c **** 				uxControlBits |= eventCLEAR_EVENTS_ON_EXIT_BIT;
 369:Middlewares/Third_Party/FreeRTOS/Source/event_groups.c **** 			}
 370:Middlewares/Third_Party/FreeRTOS/Source/event_groups.c **** 			else
 371:Middlewares/Third_Party/FreeRTOS/Source/event_groups.c **** 			{
 372:Middlewares/Third_Party/FreeRTOS/Source/event_groups.c **** 				mtCOVERAGE_TEST_MARKER();
 373:Middlewares/Third_Party/FreeRTOS/Source/event_groups.c **** 			}
 374:Middlewares/Third_Party/FreeRTOS/Source/event_groups.c **** 
ARM GAS  D:\software\msy64\tmp\ccv1Y56U.s 			page 8


 375:Middlewares/Third_Party/FreeRTOS/Source/event_groups.c **** 			if( xWaitForAllBits != pdFALSE )
 376:Middlewares/Third_Party/FreeRTOS/Source/event_groups.c **** 			{
 377:Middlewares/Third_Party/FreeRTOS/Source/event_groups.c **** 				uxControlBits |= eventWAIT_FOR_ALL_BITS;
 378:Middlewares/Third_Party/FreeRTOS/Source/event_groups.c **** 			}
 379:Middlewares/Third_Party/FreeRTOS/Source/event_groups.c **** 			else
 380:Middlewares/Third_Party/FreeRTOS/Source/event_groups.c **** 			{
 381:Middlewares/Third_Party/FreeRTOS/Source/event_groups.c **** 				mtCOVERAGE_TEST_MARKER();
 382:Middlewares/Third_Party/FreeRTOS/Source/event_groups.c **** 			}
 383:Middlewares/Third_Party/FreeRTOS/Source/event_groups.c **** 
 384:Middlewares/Third_Party/FreeRTOS/Source/event_groups.c **** 			/* Store the bits that the calling task is waiting for in the
 385:Middlewares/Third_Party/FreeRTOS/Source/event_groups.c **** 			task's event list item so the kernel knows when a match is
 386:Middlewares/Third_Party/FreeRTOS/Source/event_groups.c **** 			found.  Then enter the blocked state. */
 387:Middlewares/Third_Party/FreeRTOS/Source/event_groups.c **** 			vTaskPlaceOnUnorderedEventList( &( pxEventBits->xTasksWaitingForBits ), ( uxBitsToWaitFor | uxCo
 388:Middlewares/Third_Party/FreeRTOS/Source/event_groups.c **** 
 389:Middlewares/Third_Party/FreeRTOS/Source/event_groups.c **** 			/* This is obsolete as it will get set after the task unblocks, but
 390:Middlewares/Third_Party/FreeRTOS/Source/event_groups.c **** 			some compilers mistakenly generate a warning about the variable
 391:Middlewares/Third_Party/FreeRTOS/Source/event_groups.c **** 			being returned without being set if it is not done. */
 392:Middlewares/Third_Party/FreeRTOS/Source/event_groups.c **** 			uxReturn = 0;
 393:Middlewares/Third_Party/FreeRTOS/Source/event_groups.c **** 
 394:Middlewares/Third_Party/FreeRTOS/Source/event_groups.c **** 			traceEVENT_GROUP_WAIT_BITS_BLOCK( xEventGroup, uxBitsToWaitFor );
 395:Middlewares/Third_Party/FreeRTOS/Source/event_groups.c **** 		}
 396:Middlewares/Third_Party/FreeRTOS/Source/event_groups.c **** 	}
 397:Middlewares/Third_Party/FreeRTOS/Source/event_groups.c **** 	xAlreadyYielded = xTaskResumeAll();
 398:Middlewares/Third_Party/FreeRTOS/Source/event_groups.c **** 
 399:Middlewares/Third_Party/FreeRTOS/Source/event_groups.c **** 	if( xTicksToWait != ( TickType_t ) 0 )
 400:Middlewares/Third_Party/FreeRTOS/Source/event_groups.c **** 	{
 401:Middlewares/Third_Party/FreeRTOS/Source/event_groups.c **** 		if( xAlreadyYielded == pdFALSE )
 402:Middlewares/Third_Party/FreeRTOS/Source/event_groups.c **** 		{
 403:Middlewares/Third_Party/FreeRTOS/Source/event_groups.c **** 			portYIELD_WITHIN_API();
 404:Middlewares/Third_Party/FreeRTOS/Source/event_groups.c **** 		}
 405:Middlewares/Third_Party/FreeRTOS/Source/event_groups.c **** 		else
 406:Middlewares/Third_Party/FreeRTOS/Source/event_groups.c **** 		{
 407:Middlewares/Third_Party/FreeRTOS/Source/event_groups.c **** 			mtCOVERAGE_TEST_MARKER();
 408:Middlewares/Third_Party/FreeRTOS/Source/event_groups.c **** 		}
 409:Middlewares/Third_Party/FreeRTOS/Source/event_groups.c **** 
 410:Middlewares/Third_Party/FreeRTOS/Source/event_groups.c **** 		/* The task blocked to wait for its required bits to be set - at this
 411:Middlewares/Third_Party/FreeRTOS/Source/event_groups.c **** 		point either the required bits were set or the block time expired.  If
 412:Middlewares/Third_Party/FreeRTOS/Source/event_groups.c **** 		the required bits were set they will have been stored in the task's
 413:Middlewares/Third_Party/FreeRTOS/Source/event_groups.c **** 		event list item, and they should now be retrieved then cleared. */
 414:Middlewares/Third_Party/FreeRTOS/Source/event_groups.c **** 		uxReturn = uxTaskResetEventItemValue();
 415:Middlewares/Third_Party/FreeRTOS/Source/event_groups.c **** 
 416:Middlewares/Third_Party/FreeRTOS/Source/event_groups.c **** 		if( ( uxReturn & eventUNBLOCKED_DUE_TO_BIT_SET ) == ( EventBits_t ) 0 )
 417:Middlewares/Third_Party/FreeRTOS/Source/event_groups.c **** 		{
 418:Middlewares/Third_Party/FreeRTOS/Source/event_groups.c **** 			taskENTER_CRITICAL();
 419:Middlewares/Third_Party/FreeRTOS/Source/event_groups.c **** 			{
 420:Middlewares/Third_Party/FreeRTOS/Source/event_groups.c **** 				/* The task timed out, just return the current event bit value. */
 421:Middlewares/Third_Party/FreeRTOS/Source/event_groups.c **** 				uxReturn = pxEventBits->uxEventBits;
 422:Middlewares/Third_Party/FreeRTOS/Source/event_groups.c **** 
 423:Middlewares/Third_Party/FreeRTOS/Source/event_groups.c **** 				/* It is possible that the event bits were updated between this
 424:Middlewares/Third_Party/FreeRTOS/Source/event_groups.c **** 				task leaving the Blocked state and running again. */
 425:Middlewares/Third_Party/FreeRTOS/Source/event_groups.c **** 				if( prvTestWaitCondition( uxReturn, uxBitsToWaitFor, xWaitForAllBits ) != pdFALSE )
 426:Middlewares/Third_Party/FreeRTOS/Source/event_groups.c **** 				{
 427:Middlewares/Third_Party/FreeRTOS/Source/event_groups.c **** 					if( xClearOnExit != pdFALSE )
 428:Middlewares/Third_Party/FreeRTOS/Source/event_groups.c **** 					{
 429:Middlewares/Third_Party/FreeRTOS/Source/event_groups.c **** 						pxEventBits->uxEventBits &= ~uxBitsToWaitFor;
 430:Middlewares/Third_Party/FreeRTOS/Source/event_groups.c **** 					}
 431:Middlewares/Third_Party/FreeRTOS/Source/event_groups.c **** 					else
ARM GAS  D:\software\msy64\tmp\ccv1Y56U.s 			page 9


 432:Middlewares/Third_Party/FreeRTOS/Source/event_groups.c **** 					{
 433:Middlewares/Third_Party/FreeRTOS/Source/event_groups.c **** 						mtCOVERAGE_TEST_MARKER();
 434:Middlewares/Third_Party/FreeRTOS/Source/event_groups.c **** 					}
 435:Middlewares/Third_Party/FreeRTOS/Source/event_groups.c **** 				}
 436:Middlewares/Third_Party/FreeRTOS/Source/event_groups.c **** 				else
 437:Middlewares/Third_Party/FreeRTOS/Source/event_groups.c **** 				{
 438:Middlewares/Third_Party/FreeRTOS/Source/event_groups.c **** 					mtCOVERAGE_TEST_MARKER();
 439:Middlewares/Third_Party/FreeRTOS/Source/event_groups.c **** 				}
 440:Middlewares/Third_Party/FreeRTOS/Source/event_groups.c **** 				xTimeoutOccurred = pdTRUE;
 441:Middlewares/Third_Party/FreeRTOS/Source/event_groups.c **** 			}
 442:Middlewares/Third_Party/FreeRTOS/Source/event_groups.c **** 			taskEXIT_CRITICAL();
 443:Middlewares/Third_Party/FreeRTOS/Source/event_groups.c **** 		}
 444:Middlewares/Third_Party/FreeRTOS/Source/event_groups.c **** 		else
 445:Middlewares/Third_Party/FreeRTOS/Source/event_groups.c **** 		{
 446:Middlewares/Third_Party/FreeRTOS/Source/event_groups.c **** 			/* The task unblocked because the bits were set. */
 447:Middlewares/Third_Party/FreeRTOS/Source/event_groups.c **** 		}
 448:Middlewares/Third_Party/FreeRTOS/Source/event_groups.c **** 
 449:Middlewares/Third_Party/FreeRTOS/Source/event_groups.c **** 		/* The task blocked so control bits may have been set. */
 450:Middlewares/Third_Party/FreeRTOS/Source/event_groups.c **** 		uxReturn &= ~eventEVENT_BITS_CONTROL_BYTES;
 451:Middlewares/Third_Party/FreeRTOS/Source/event_groups.c **** 	}
 452:Middlewares/Third_Party/FreeRTOS/Source/event_groups.c **** 	traceEVENT_GROUP_WAIT_BITS_END( xEventGroup, uxBitsToWaitFor, xTimeoutOccurred );
 453:Middlewares/Third_Party/FreeRTOS/Source/event_groups.c **** 
 454:Middlewares/Third_Party/FreeRTOS/Source/event_groups.c **** 	/* Prevent compiler warnings when trace macros are not used. */
 455:Middlewares/Third_Party/FreeRTOS/Source/event_groups.c **** 	( void ) xTimeoutOccurred;
 456:Middlewares/Third_Party/FreeRTOS/Source/event_groups.c **** 
 457:Middlewares/Third_Party/FreeRTOS/Source/event_groups.c **** 	return uxReturn;
 458:Middlewares/Third_Party/FreeRTOS/Source/event_groups.c **** }
 459:Middlewares/Third_Party/FreeRTOS/Source/event_groups.c **** /*-----------------------------------------------------------*/
 460:Middlewares/Third_Party/FreeRTOS/Source/event_groups.c **** 
 461:Middlewares/Third_Party/FreeRTOS/Source/event_groups.c **** EventBits_t xEventGroupClearBits( EventGroupHandle_t xEventGroup, const EventBits_t uxBitsToClear )
 462:Middlewares/Third_Party/FreeRTOS/Source/event_groups.c **** {
 463:Middlewares/Third_Party/FreeRTOS/Source/event_groups.c **** EventGroup_t *pxEventBits = xEventGroup;
 464:Middlewares/Third_Party/FreeRTOS/Source/event_groups.c **** EventBits_t uxReturn;
 465:Middlewares/Third_Party/FreeRTOS/Source/event_groups.c **** 
 466:Middlewares/Third_Party/FreeRTOS/Source/event_groups.c **** 	/* Check the user is not attempting to clear the bits used by the kernel
 467:Middlewares/Third_Party/FreeRTOS/Source/event_groups.c **** 	itself. */
 468:Middlewares/Third_Party/FreeRTOS/Source/event_groups.c **** 	configASSERT( xEventGroup );
 469:Middlewares/Third_Party/FreeRTOS/Source/event_groups.c **** 	configASSERT( ( uxBitsToClear & eventEVENT_BITS_CONTROL_BYTES ) == 0 );
 470:Middlewares/Third_Party/FreeRTOS/Source/event_groups.c **** 
 471:Middlewares/Third_Party/FreeRTOS/Source/event_groups.c **** 	taskENTER_CRITICAL();
 472:Middlewares/Third_Party/FreeRTOS/Source/event_groups.c **** 	{
 473:Middlewares/Third_Party/FreeRTOS/Source/event_groups.c **** 		traceEVENT_GROUP_CLEAR_BITS( xEventGroup, uxBitsToClear );
 474:Middlewares/Third_Party/FreeRTOS/Source/event_groups.c **** 
 475:Middlewares/Third_Party/FreeRTOS/Source/event_groups.c **** 		/* The value returned is the event group value prior to the bits being
 476:Middlewares/Third_Party/FreeRTOS/Source/event_groups.c **** 		cleared. */
 477:Middlewares/Third_Party/FreeRTOS/Source/event_groups.c **** 		uxReturn = pxEventBits->uxEventBits;
 478:Middlewares/Third_Party/FreeRTOS/Source/event_groups.c **** 
 479:Middlewares/Third_Party/FreeRTOS/Source/event_groups.c **** 		/* Clear the bits. */
 480:Middlewares/Third_Party/FreeRTOS/Source/event_groups.c **** 		pxEventBits->uxEventBits &= ~uxBitsToClear;
 481:Middlewares/Third_Party/FreeRTOS/Source/event_groups.c **** 	}
 482:Middlewares/Third_Party/FreeRTOS/Source/event_groups.c **** 	taskEXIT_CRITICAL();
 483:Middlewares/Third_Party/FreeRTOS/Source/event_groups.c **** 
 484:Middlewares/Third_Party/FreeRTOS/Source/event_groups.c **** 	return uxReturn;
 485:Middlewares/Third_Party/FreeRTOS/Source/event_groups.c **** }
 486:Middlewares/Third_Party/FreeRTOS/Source/event_groups.c **** /*-----------------------------------------------------------*/
 487:Middlewares/Third_Party/FreeRTOS/Source/event_groups.c **** 
 488:Middlewares/Third_Party/FreeRTOS/Source/event_groups.c **** #if ( ( configUSE_TRACE_FACILITY == 1 ) && ( INCLUDE_xTimerPendFunctionCall == 1 ) && ( configUSE_T
ARM GAS  D:\software\msy64\tmp\ccv1Y56U.s 			page 10


 489:Middlewares/Third_Party/FreeRTOS/Source/event_groups.c **** 
 490:Middlewares/Third_Party/FreeRTOS/Source/event_groups.c **** 	BaseType_t xEventGroupClearBitsFromISR( EventGroupHandle_t xEventGroup, const EventBits_t uxBitsTo
 491:Middlewares/Third_Party/FreeRTOS/Source/event_groups.c **** 	{
 492:Middlewares/Third_Party/FreeRTOS/Source/event_groups.c **** 		BaseType_t xReturn;
 493:Middlewares/Third_Party/FreeRTOS/Source/event_groups.c **** 
 494:Middlewares/Third_Party/FreeRTOS/Source/event_groups.c **** 		traceEVENT_GROUP_CLEAR_BITS_FROM_ISR( xEventGroup, uxBitsToClear );
 495:Middlewares/Third_Party/FreeRTOS/Source/event_groups.c **** 		xReturn = xTimerPendFunctionCallFromISR( vEventGroupClearBitsCallback, ( void * ) xEventGroup, ( 
 496:Middlewares/Third_Party/FreeRTOS/Source/event_groups.c **** 
 497:Middlewares/Third_Party/FreeRTOS/Source/event_groups.c **** 		return xReturn;
 498:Middlewares/Third_Party/FreeRTOS/Source/event_groups.c **** 	}
 499:Middlewares/Third_Party/FreeRTOS/Source/event_groups.c **** 
 500:Middlewares/Third_Party/FreeRTOS/Source/event_groups.c **** #endif
 501:Middlewares/Third_Party/FreeRTOS/Source/event_groups.c **** /*-----------------------------------------------------------*/
 502:Middlewares/Third_Party/FreeRTOS/Source/event_groups.c **** 
 503:Middlewares/Third_Party/FreeRTOS/Source/event_groups.c **** EventBits_t xEventGroupGetBitsFromISR( EventGroupHandle_t xEventGroup )
 504:Middlewares/Third_Party/FreeRTOS/Source/event_groups.c **** {
 505:Middlewares/Third_Party/FreeRTOS/Source/event_groups.c **** UBaseType_t uxSavedInterruptStatus;
 506:Middlewares/Third_Party/FreeRTOS/Source/event_groups.c **** EventGroup_t const * const pxEventBits = xEventGroup;
 507:Middlewares/Third_Party/FreeRTOS/Source/event_groups.c **** EventBits_t uxReturn;
 508:Middlewares/Third_Party/FreeRTOS/Source/event_groups.c **** 
 509:Middlewares/Third_Party/FreeRTOS/Source/event_groups.c **** 	uxSavedInterruptStatus = portSET_INTERRUPT_MASK_FROM_ISR();
 510:Middlewares/Third_Party/FreeRTOS/Source/event_groups.c **** 	{
 511:Middlewares/Third_Party/FreeRTOS/Source/event_groups.c **** 		uxReturn = pxEventBits->uxEventBits;
 512:Middlewares/Third_Party/FreeRTOS/Source/event_groups.c **** 	}
 513:Middlewares/Third_Party/FreeRTOS/Source/event_groups.c **** 	portCLEAR_INTERRUPT_MASK_FROM_ISR( uxSavedInterruptStatus );
 514:Middlewares/Third_Party/FreeRTOS/Source/event_groups.c **** 
 515:Middlewares/Third_Party/FreeRTOS/Source/event_groups.c **** 	return uxReturn;
 516:Middlewares/Third_Party/FreeRTOS/Source/event_groups.c **** } /*lint !e818 EventGroupHandle_t is a typedef used in other functions to so can't be pointer to co
 517:Middlewares/Third_Party/FreeRTOS/Source/event_groups.c **** /*-----------------------------------------------------------*/
 518:Middlewares/Third_Party/FreeRTOS/Source/event_groups.c **** 
 519:Middlewares/Third_Party/FreeRTOS/Source/event_groups.c **** EventBits_t xEventGroupSetBits( EventGroupHandle_t xEventGroup, const EventBits_t uxBitsToSet )
 520:Middlewares/Third_Party/FreeRTOS/Source/event_groups.c **** {
 521:Middlewares/Third_Party/FreeRTOS/Source/event_groups.c **** ListItem_t *pxListItem, *pxNext;
 522:Middlewares/Third_Party/FreeRTOS/Source/event_groups.c **** ListItem_t const *pxListEnd;
 523:Middlewares/Third_Party/FreeRTOS/Source/event_groups.c **** List_t const * pxList;
 524:Middlewares/Third_Party/FreeRTOS/Source/event_groups.c **** EventBits_t uxBitsToClear = 0, uxBitsWaitedFor, uxControlBits;
 525:Middlewares/Third_Party/FreeRTOS/Source/event_groups.c **** EventGroup_t *pxEventBits = xEventGroup;
 526:Middlewares/Third_Party/FreeRTOS/Source/event_groups.c **** BaseType_t xMatchFound = pdFALSE;
 527:Middlewares/Third_Party/FreeRTOS/Source/event_groups.c **** 
 528:Middlewares/Third_Party/FreeRTOS/Source/event_groups.c **** 	/* Check the user is not attempting to set the bits used by the kernel
 529:Middlewares/Third_Party/FreeRTOS/Source/event_groups.c **** 	itself. */
 530:Middlewares/Third_Party/FreeRTOS/Source/event_groups.c **** 	configASSERT( xEventGroup );
 531:Middlewares/Third_Party/FreeRTOS/Source/event_groups.c **** 	configASSERT( ( uxBitsToSet & eventEVENT_BITS_CONTROL_BYTES ) == 0 );
 532:Middlewares/Third_Party/FreeRTOS/Source/event_groups.c **** 
 533:Middlewares/Third_Party/FreeRTOS/Source/event_groups.c **** 	pxList = &( pxEventBits->xTasksWaitingForBits );
 534:Middlewares/Third_Party/FreeRTOS/Source/event_groups.c **** 	pxListEnd = listGET_END_MARKER( pxList ); /*lint !e826 !e740 !e9087 The mini list structure is use
 535:Middlewares/Third_Party/FreeRTOS/Source/event_groups.c **** 	vTaskSuspendAll();
 536:Middlewares/Third_Party/FreeRTOS/Source/event_groups.c **** 	{
 537:Middlewares/Third_Party/FreeRTOS/Source/event_groups.c **** 		traceEVENT_GROUP_SET_BITS( xEventGroup, uxBitsToSet );
 538:Middlewares/Third_Party/FreeRTOS/Source/event_groups.c **** 
 539:Middlewares/Third_Party/FreeRTOS/Source/event_groups.c **** 		pxListItem = listGET_HEAD_ENTRY( pxList );
 540:Middlewares/Third_Party/FreeRTOS/Source/event_groups.c **** 
 541:Middlewares/Third_Party/FreeRTOS/Source/event_groups.c **** 		/* Set the bits. */
 542:Middlewares/Third_Party/FreeRTOS/Source/event_groups.c **** 		pxEventBits->uxEventBits |= uxBitsToSet;
 543:Middlewares/Third_Party/FreeRTOS/Source/event_groups.c **** 
 544:Middlewares/Third_Party/FreeRTOS/Source/event_groups.c **** 		/* See if the new bit value should unblock any tasks. */
 545:Middlewares/Third_Party/FreeRTOS/Source/event_groups.c **** 		while( pxListItem != pxListEnd )
ARM GAS  D:\software\msy64\tmp\ccv1Y56U.s 			page 11


 546:Middlewares/Third_Party/FreeRTOS/Source/event_groups.c **** 		{
 547:Middlewares/Third_Party/FreeRTOS/Source/event_groups.c **** 			pxNext = listGET_NEXT( pxListItem );
 548:Middlewares/Third_Party/FreeRTOS/Source/event_groups.c **** 			uxBitsWaitedFor = listGET_LIST_ITEM_VALUE( pxListItem );
 549:Middlewares/Third_Party/FreeRTOS/Source/event_groups.c **** 			xMatchFound = pdFALSE;
 550:Middlewares/Third_Party/FreeRTOS/Source/event_groups.c **** 
 551:Middlewares/Third_Party/FreeRTOS/Source/event_groups.c **** 			/* Split the bits waited for from the control bits. */
 552:Middlewares/Third_Party/FreeRTOS/Source/event_groups.c **** 			uxControlBits = uxBitsWaitedFor & eventEVENT_BITS_CONTROL_BYTES;
 553:Middlewares/Third_Party/FreeRTOS/Source/event_groups.c **** 			uxBitsWaitedFor &= ~eventEVENT_BITS_CONTROL_BYTES;
 554:Middlewares/Third_Party/FreeRTOS/Source/event_groups.c **** 
 555:Middlewares/Third_Party/FreeRTOS/Source/event_groups.c **** 			if( ( uxControlBits & eventWAIT_FOR_ALL_BITS ) == ( EventBits_t ) 0 )
 556:Middlewares/Third_Party/FreeRTOS/Source/event_groups.c **** 			{
 557:Middlewares/Third_Party/FreeRTOS/Source/event_groups.c **** 				/* Just looking for single bit being set. */
 558:Middlewares/Third_Party/FreeRTOS/Source/event_groups.c **** 				if( ( uxBitsWaitedFor & pxEventBits->uxEventBits ) != ( EventBits_t ) 0 )
 559:Middlewares/Third_Party/FreeRTOS/Source/event_groups.c **** 				{
 560:Middlewares/Third_Party/FreeRTOS/Source/event_groups.c **** 					xMatchFound = pdTRUE;
 561:Middlewares/Third_Party/FreeRTOS/Source/event_groups.c **** 				}
 562:Middlewares/Third_Party/FreeRTOS/Source/event_groups.c **** 				else
 563:Middlewares/Third_Party/FreeRTOS/Source/event_groups.c **** 				{
 564:Middlewares/Third_Party/FreeRTOS/Source/event_groups.c **** 					mtCOVERAGE_TEST_MARKER();
 565:Middlewares/Third_Party/FreeRTOS/Source/event_groups.c **** 				}
 566:Middlewares/Third_Party/FreeRTOS/Source/event_groups.c **** 			}
 567:Middlewares/Third_Party/FreeRTOS/Source/event_groups.c **** 			else if( ( uxBitsWaitedFor & pxEventBits->uxEventBits ) == uxBitsWaitedFor )
 568:Middlewares/Third_Party/FreeRTOS/Source/event_groups.c **** 			{
 569:Middlewares/Third_Party/FreeRTOS/Source/event_groups.c **** 				/* All bits are set. */
 570:Middlewares/Third_Party/FreeRTOS/Source/event_groups.c **** 				xMatchFound = pdTRUE;
 571:Middlewares/Third_Party/FreeRTOS/Source/event_groups.c **** 			}
 572:Middlewares/Third_Party/FreeRTOS/Source/event_groups.c **** 			else
 573:Middlewares/Third_Party/FreeRTOS/Source/event_groups.c **** 			{
 574:Middlewares/Third_Party/FreeRTOS/Source/event_groups.c **** 				/* Need all bits to be set, but not all the bits were set. */
 575:Middlewares/Third_Party/FreeRTOS/Source/event_groups.c **** 			}
 576:Middlewares/Third_Party/FreeRTOS/Source/event_groups.c **** 
 577:Middlewares/Third_Party/FreeRTOS/Source/event_groups.c **** 			if( xMatchFound != pdFALSE )
 578:Middlewares/Third_Party/FreeRTOS/Source/event_groups.c **** 			{
 579:Middlewares/Third_Party/FreeRTOS/Source/event_groups.c **** 				/* The bits match.  Should the bits be cleared on exit? */
 580:Middlewares/Third_Party/FreeRTOS/Source/event_groups.c **** 				if( ( uxControlBits & eventCLEAR_EVENTS_ON_EXIT_BIT ) != ( EventBits_t ) 0 )
 581:Middlewares/Third_Party/FreeRTOS/Source/event_groups.c **** 				{
 582:Middlewares/Third_Party/FreeRTOS/Source/event_groups.c **** 					uxBitsToClear |= uxBitsWaitedFor;
 583:Middlewares/Third_Party/FreeRTOS/Source/event_groups.c **** 				}
 584:Middlewares/Third_Party/FreeRTOS/Source/event_groups.c **** 				else
 585:Middlewares/Third_Party/FreeRTOS/Source/event_groups.c **** 				{
 586:Middlewares/Third_Party/FreeRTOS/Source/event_groups.c **** 					mtCOVERAGE_TEST_MARKER();
 587:Middlewares/Third_Party/FreeRTOS/Source/event_groups.c **** 				}
 588:Middlewares/Third_Party/FreeRTOS/Source/event_groups.c **** 
 589:Middlewares/Third_Party/FreeRTOS/Source/event_groups.c **** 				/* Store the actual event flag value in the task's event list
 590:Middlewares/Third_Party/FreeRTOS/Source/event_groups.c **** 				item before removing the task from the event list.  The
 591:Middlewares/Third_Party/FreeRTOS/Source/event_groups.c **** 				eventUNBLOCKED_DUE_TO_BIT_SET bit is set so the task knows
 592:Middlewares/Third_Party/FreeRTOS/Source/event_groups.c **** 				that is was unblocked due to its required bits matching, rather
 593:Middlewares/Third_Party/FreeRTOS/Source/event_groups.c **** 				than because it timed out. */
 594:Middlewares/Third_Party/FreeRTOS/Source/event_groups.c **** 				vTaskRemoveFromUnorderedEventList( pxListItem, pxEventBits->uxEventBits | eventUNBLOCKED_DUE_TO
 595:Middlewares/Third_Party/FreeRTOS/Source/event_groups.c **** 			}
 596:Middlewares/Third_Party/FreeRTOS/Source/event_groups.c **** 
 597:Middlewares/Third_Party/FreeRTOS/Source/event_groups.c **** 			/* Move onto the next list item.  Note pxListItem->pxNext is not
 598:Middlewares/Third_Party/FreeRTOS/Source/event_groups.c **** 			used here as the list item may have been removed from the event list
 599:Middlewares/Third_Party/FreeRTOS/Source/event_groups.c **** 			and inserted into the ready/pending reading list. */
 600:Middlewares/Third_Party/FreeRTOS/Source/event_groups.c **** 			pxListItem = pxNext;
 601:Middlewares/Third_Party/FreeRTOS/Source/event_groups.c **** 		}
 602:Middlewares/Third_Party/FreeRTOS/Source/event_groups.c **** 
ARM GAS  D:\software\msy64\tmp\ccv1Y56U.s 			page 12


 603:Middlewares/Third_Party/FreeRTOS/Source/event_groups.c **** 		/* Clear any bits that matched when the eventCLEAR_EVENTS_ON_EXIT_BIT
 604:Middlewares/Third_Party/FreeRTOS/Source/event_groups.c **** 		bit was set in the control word. */
 605:Middlewares/Third_Party/FreeRTOS/Source/event_groups.c **** 		pxEventBits->uxEventBits &= ~uxBitsToClear;
 606:Middlewares/Third_Party/FreeRTOS/Source/event_groups.c **** 	}
 607:Middlewares/Third_Party/FreeRTOS/Source/event_groups.c **** 	( void ) xTaskResumeAll();
 608:Middlewares/Third_Party/FreeRTOS/Source/event_groups.c **** 
 609:Middlewares/Third_Party/FreeRTOS/Source/event_groups.c **** 	return pxEventBits->uxEventBits;
 610:Middlewares/Third_Party/FreeRTOS/Source/event_groups.c **** }
 611:Middlewares/Third_Party/FreeRTOS/Source/event_groups.c **** /*-----------------------------------------------------------*/
 612:Middlewares/Third_Party/FreeRTOS/Source/event_groups.c **** 
 613:Middlewares/Third_Party/FreeRTOS/Source/event_groups.c **** void vEventGroupDelete( EventGroupHandle_t xEventGroup )
 614:Middlewares/Third_Party/FreeRTOS/Source/event_groups.c **** {
 615:Middlewares/Third_Party/FreeRTOS/Source/event_groups.c **** EventGroup_t *pxEventBits = xEventGroup;
 616:Middlewares/Third_Party/FreeRTOS/Source/event_groups.c **** const List_t *pxTasksWaitingForBits = &( pxEventBits->xTasksWaitingForBits );
 617:Middlewares/Third_Party/FreeRTOS/Source/event_groups.c **** 
 618:Middlewares/Third_Party/FreeRTOS/Source/event_groups.c **** 	vTaskSuspendAll();
 619:Middlewares/Third_Party/FreeRTOS/Source/event_groups.c **** 	{
 620:Middlewares/Third_Party/FreeRTOS/Source/event_groups.c **** 		traceEVENT_GROUP_DELETE( xEventGroup );
 621:Middlewares/Third_Party/FreeRTOS/Source/event_groups.c **** 
 622:Middlewares/Third_Party/FreeRTOS/Source/event_groups.c **** 		while( listCURRENT_LIST_LENGTH( pxTasksWaitingForBits ) > ( UBaseType_t ) 0 )
 623:Middlewares/Third_Party/FreeRTOS/Source/event_groups.c **** 		{
 624:Middlewares/Third_Party/FreeRTOS/Source/event_groups.c **** 			/* Unblock the task, returning 0 as the event list is being deleted
 625:Middlewares/Third_Party/FreeRTOS/Source/event_groups.c **** 			and cannot therefore have any bits set. */
 626:Middlewares/Third_Party/FreeRTOS/Source/event_groups.c **** 			configASSERT( pxTasksWaitingForBits->xListEnd.pxNext != ( const ListItem_t * ) &( pxTasksWaiting
 627:Middlewares/Third_Party/FreeRTOS/Source/event_groups.c **** 			vTaskRemoveFromUnorderedEventList( pxTasksWaitingForBits->xListEnd.pxNext, eventUNBLOCKED_DUE_TO
 628:Middlewares/Third_Party/FreeRTOS/Source/event_groups.c **** 		}
 629:Middlewares/Third_Party/FreeRTOS/Source/event_groups.c **** 
 630:Middlewares/Third_Party/FreeRTOS/Source/event_groups.c **** 		#if( ( configSUPPORT_DYNAMIC_ALLOCATION == 1 ) && ( configSUPPORT_STATIC_ALLOCATION == 0 ) )
 631:Middlewares/Third_Party/FreeRTOS/Source/event_groups.c **** 		{
 632:Middlewares/Third_Party/FreeRTOS/Source/event_groups.c **** 			/* The event group can only have been allocated dynamically - free
 633:Middlewares/Third_Party/FreeRTOS/Source/event_groups.c **** 			it again. */
 634:Middlewares/Third_Party/FreeRTOS/Source/event_groups.c **** 			vPortFree( pxEventBits );
 635:Middlewares/Third_Party/FreeRTOS/Source/event_groups.c **** 		}
 636:Middlewares/Third_Party/FreeRTOS/Source/event_groups.c **** 		#elif( ( configSUPPORT_DYNAMIC_ALLOCATION == 1 ) && ( configSUPPORT_STATIC_ALLOCATION == 1 ) )
 637:Middlewares/Third_Party/FreeRTOS/Source/event_groups.c **** 		{
 638:Middlewares/Third_Party/FreeRTOS/Source/event_groups.c **** 			/* The event group could have been allocated statically or
 639:Middlewares/Third_Party/FreeRTOS/Source/event_groups.c **** 			dynamically, so check before attempting to free the memory. */
 640:Middlewares/Third_Party/FreeRTOS/Source/event_groups.c **** 			if( pxEventBits->ucStaticallyAllocated == ( uint8_t ) pdFALSE )
 641:Middlewares/Third_Party/FreeRTOS/Source/event_groups.c **** 			{
 642:Middlewares/Third_Party/FreeRTOS/Source/event_groups.c **** 				vPortFree( pxEventBits );
 643:Middlewares/Third_Party/FreeRTOS/Source/event_groups.c **** 			}
 644:Middlewares/Third_Party/FreeRTOS/Source/event_groups.c **** 			else
 645:Middlewares/Third_Party/FreeRTOS/Source/event_groups.c **** 			{
 646:Middlewares/Third_Party/FreeRTOS/Source/event_groups.c **** 				mtCOVERAGE_TEST_MARKER();
 647:Middlewares/Third_Party/FreeRTOS/Source/event_groups.c **** 			}
 648:Middlewares/Third_Party/FreeRTOS/Source/event_groups.c **** 		}
 649:Middlewares/Third_Party/FreeRTOS/Source/event_groups.c **** 		#endif /* configSUPPORT_DYNAMIC_ALLOCATION */
 650:Middlewares/Third_Party/FreeRTOS/Source/event_groups.c **** 	}
 651:Middlewares/Third_Party/FreeRTOS/Source/event_groups.c **** 	( void ) xTaskResumeAll();
 652:Middlewares/Third_Party/FreeRTOS/Source/event_groups.c **** }
 653:Middlewares/Third_Party/FreeRTOS/Source/event_groups.c **** /*-----------------------------------------------------------*/
 654:Middlewares/Third_Party/FreeRTOS/Source/event_groups.c **** 
 655:Middlewares/Third_Party/FreeRTOS/Source/event_groups.c **** /* For internal use only - execute a 'set bits' command that was pended from
 656:Middlewares/Third_Party/FreeRTOS/Source/event_groups.c **** an interrupt. */
 657:Middlewares/Third_Party/FreeRTOS/Source/event_groups.c **** void vEventGroupSetBitsCallback( void *pvEventGroup, const uint32_t ulBitsToSet )
 658:Middlewares/Third_Party/FreeRTOS/Source/event_groups.c **** {
 659:Middlewares/Third_Party/FreeRTOS/Source/event_groups.c **** 	( void ) xEventGroupSetBits( pvEventGroup, ( EventBits_t ) ulBitsToSet ); /*lint !e9079 Can't avoi
ARM GAS  D:\software\msy64\tmp\ccv1Y56U.s 			page 13


 660:Middlewares/Third_Party/FreeRTOS/Source/event_groups.c **** }
 661:Middlewares/Third_Party/FreeRTOS/Source/event_groups.c **** /*-----------------------------------------------------------*/
 662:Middlewares/Third_Party/FreeRTOS/Source/event_groups.c **** 
 663:Middlewares/Third_Party/FreeRTOS/Source/event_groups.c **** /* For internal use only - execute a 'clear bits' command that was pended from
 664:Middlewares/Third_Party/FreeRTOS/Source/event_groups.c **** an interrupt. */
 665:Middlewares/Third_Party/FreeRTOS/Source/event_groups.c **** void vEventGroupClearBitsCallback( void *pvEventGroup, const uint32_t ulBitsToClear )
 666:Middlewares/Third_Party/FreeRTOS/Source/event_groups.c **** {
 667:Middlewares/Third_Party/FreeRTOS/Source/event_groups.c **** 	( void ) xEventGroupClearBits( pvEventGroup, ( EventBits_t ) ulBitsToClear ); /*lint !e9079 Can't 
 668:Middlewares/Third_Party/FreeRTOS/Source/event_groups.c **** }
 669:Middlewares/Third_Party/FreeRTOS/Source/event_groups.c **** /*-----------------------------------------------------------*/
 670:Middlewares/Third_Party/FreeRTOS/Source/event_groups.c **** 
 671:Middlewares/Third_Party/FreeRTOS/Source/event_groups.c **** static BaseType_t prvTestWaitCondition( const EventBits_t uxCurrentEventBits, const EventBits_t uxB
 672:Middlewares/Third_Party/FreeRTOS/Source/event_groups.c **** {
  27              		.loc 1 672 1 view -0
  28              		.cfi_startproc
  29              		@ args = 0, pretend = 0, frame = 0
  30              		@ frame_needed = 0, uses_anonymous_args = 0
  31              		@ link register save eliminated.
 673:Middlewares/Third_Party/FreeRTOS/Source/event_groups.c **** BaseType_t xWaitConditionMet = pdFALSE;
  32              		.loc 1 673 1 view .LVU1
 674:Middlewares/Third_Party/FreeRTOS/Source/event_groups.c **** 
 675:Middlewares/Third_Party/FreeRTOS/Source/event_groups.c **** 	if( xWaitForAllBits == pdFALSE )
  33              		.loc 1 675 2 view .LVU2
  34              		.loc 1 675 4 is_stmt 0 view .LVU3
  35 0000 1AB9     		cbnz	r2, .L2
 676:Middlewares/Third_Party/FreeRTOS/Source/event_groups.c **** 	{
 677:Middlewares/Third_Party/FreeRTOS/Source/event_groups.c **** 		/* Task only has to wait for one bit within uxBitsToWaitFor to be
 678:Middlewares/Third_Party/FreeRTOS/Source/event_groups.c **** 		set.  Is one already set? */
 679:Middlewares/Third_Party/FreeRTOS/Source/event_groups.c **** 		if( ( uxCurrentEventBits & uxBitsToWaitFor ) != ( EventBits_t ) 0 )
  36              		.loc 1 679 3 is_stmt 1 view .LVU4
  37              		.loc 1 679 5 is_stmt 0 view .LVU5
  38 0002 0842     		tst	r0, r1
  39 0004 05D1     		bne	.L4
 673:Middlewares/Third_Party/FreeRTOS/Source/event_groups.c **** 
  40              		.loc 1 673 12 view .LVU6
  41 0006 1046     		mov	r0, r2
  42              	.LVL1:
 673:Middlewares/Third_Party/FreeRTOS/Source/event_groups.c **** 
  43              		.loc 1 673 12 view .LVU7
  44 0008 7047     		bx	lr
  45              	.LVL2:
  46              	.L2:
 680:Middlewares/Third_Party/FreeRTOS/Source/event_groups.c **** 		{
 681:Middlewares/Third_Party/FreeRTOS/Source/event_groups.c **** 			xWaitConditionMet = pdTRUE;
 682:Middlewares/Third_Party/FreeRTOS/Source/event_groups.c **** 		}
 683:Middlewares/Third_Party/FreeRTOS/Source/event_groups.c **** 		else
 684:Middlewares/Third_Party/FreeRTOS/Source/event_groups.c **** 		{
 685:Middlewares/Third_Party/FreeRTOS/Source/event_groups.c **** 			mtCOVERAGE_TEST_MARKER();
 686:Middlewares/Third_Party/FreeRTOS/Source/event_groups.c **** 		}
 687:Middlewares/Third_Party/FreeRTOS/Source/event_groups.c **** 	}
 688:Middlewares/Third_Party/FreeRTOS/Source/event_groups.c **** 	else
 689:Middlewares/Third_Party/FreeRTOS/Source/event_groups.c **** 	{
 690:Middlewares/Third_Party/FreeRTOS/Source/event_groups.c **** 		/* Task has to wait for all the bits in uxBitsToWaitFor to be set.
 691:Middlewares/Third_Party/FreeRTOS/Source/event_groups.c **** 		Are they set already? */
 692:Middlewares/Third_Party/FreeRTOS/Source/event_groups.c **** 		if( ( uxCurrentEventBits & uxBitsToWaitFor ) == uxBitsToWaitFor )
  47              		.loc 1 692 3 is_stmt 1 view .LVU8
  48              		.loc 1 692 5 is_stmt 0 view .LVU9
ARM GAS  D:\software\msy64\tmp\ccv1Y56U.s 			page 14


  49 000a 8143     		bics	r1, r1, r0
  50              	.LVL3:
  51              		.loc 1 692 5 view .LVU10
  52 000c 03D0     		beq	.L5
 673:Middlewares/Third_Party/FreeRTOS/Source/event_groups.c **** 
  53              		.loc 1 673 12 view .LVU11
  54 000e 0020     		movs	r0, #0
  55              	.LVL4:
 673:Middlewares/Third_Party/FreeRTOS/Source/event_groups.c **** 
  56              		.loc 1 673 12 view .LVU12
  57 0010 7047     		bx	lr
  58              	.LVL5:
  59              	.L4:
 681:Middlewares/Third_Party/FreeRTOS/Source/event_groups.c **** 		}
  60              		.loc 1 681 22 view .LVU13
  61 0012 0120     		movs	r0, #1
  62              	.LVL6:
 681:Middlewares/Third_Party/FreeRTOS/Source/event_groups.c **** 		}
  63              		.loc 1 681 22 view .LVU14
  64 0014 7047     		bx	lr
  65              	.LVL7:
  66              	.L5:
 693:Middlewares/Third_Party/FreeRTOS/Source/event_groups.c **** 		{
 694:Middlewares/Third_Party/FreeRTOS/Source/event_groups.c **** 			xWaitConditionMet = pdTRUE;
  67              		.loc 1 694 22 view .LVU15
  68 0016 0120     		movs	r0, #1
  69              	.LVL8:
 695:Middlewares/Third_Party/FreeRTOS/Source/event_groups.c **** 		}
 696:Middlewares/Third_Party/FreeRTOS/Source/event_groups.c **** 		else
 697:Middlewares/Third_Party/FreeRTOS/Source/event_groups.c **** 		{
 698:Middlewares/Third_Party/FreeRTOS/Source/event_groups.c **** 			mtCOVERAGE_TEST_MARKER();
  70              		.loc 1 698 28 is_stmt 1 view .LVU16
 699:Middlewares/Third_Party/FreeRTOS/Source/event_groups.c **** 		}
 700:Middlewares/Third_Party/FreeRTOS/Source/event_groups.c **** 	}
 701:Middlewares/Third_Party/FreeRTOS/Source/event_groups.c **** 
 702:Middlewares/Third_Party/FreeRTOS/Source/event_groups.c **** 	return xWaitConditionMet;
  71              		.loc 1 702 2 view .LVU17
 703:Middlewares/Third_Party/FreeRTOS/Source/event_groups.c **** }
  72              		.loc 1 703 1 is_stmt 0 view .LVU18
  73 0018 7047     		bx	lr
  74              		.cfi_endproc
  75              	.LFE15:
  77              		.section	.text.xEventGroupCreateStatic,"ax",%progbits
  78              		.align	1
  79              		.global	xEventGroupCreateStatic
  80              		.syntax unified
  81              		.thumb
  82              		.thumb_func
  84              	xEventGroupCreateStatic:
  85              	.LVL9:
  86              	.LFB5:
  94:Middlewares/Third_Party/FreeRTOS/Source/event_groups.c **** 	EventGroup_t *pxEventBits;
  87              		.loc 1 94 2 is_stmt 1 view -0
  88              		.cfi_startproc
  89              		@ args = 0, pretend = 0, frame = 8
  90              		@ frame_needed = 0, uses_anonymous_args = 0
  95:Middlewares/Third_Party/FreeRTOS/Source/event_groups.c **** 
ARM GAS  D:\software\msy64\tmp\ccv1Y56U.s 			page 15


  91              		.loc 1 95 2 view .LVU20
  98:Middlewares/Third_Party/FreeRTOS/Source/event_groups.c **** 
  92              		.loc 1 98 3 view .LVU21
  93 0000 80B1     		cbz	r0, .L13
  94:Middlewares/Third_Party/FreeRTOS/Source/event_groups.c **** 	EventGroup_t *pxEventBits;
  94              		.loc 1 94 2 is_stmt 0 view .LVU22
  95 0002 10B5     		push	{r4, lr}
  96              	.LCFI0:
  97              		.cfi_def_cfa_offset 8
  98              		.cfi_offset 4, -8
  99              		.cfi_offset 14, -4
 100 0004 82B0     		sub	sp, sp, #8
 101              	.LCFI1:
 102              		.cfi_def_cfa_offset 16
 103 0006 0446     		mov	r4, r0
  98:Middlewares/Third_Party/FreeRTOS/Source/event_groups.c **** 
 104              		.loc 1 98 37 is_stmt 1 discriminator 2 view .LVU23
 105              	.LBB36:
 105:Middlewares/Third_Party/FreeRTOS/Source/event_groups.c **** 			configASSERT( xSize == sizeof( EventGroup_t ) );
 106              		.loc 1 105 4 view .LVU24
 105:Middlewares/Third_Party/FreeRTOS/Source/event_groups.c **** 			configASSERT( xSize == sizeof( EventGroup_t ) );
 107              		.loc 1 105 20 is_stmt 0 view .LVU25
 108 0008 1C23     		movs	r3, #28
 109 000a 0193     		str	r3, [sp, #4]
 106:Middlewares/Third_Party/FreeRTOS/Source/event_groups.c **** 		} /*lint !e529 xSize is referenced if configASSERT() is defined. */
 110              		.loc 1 106 4 is_stmt 1 view .LVU26
 111 000c 019B     		ldr	r3, [sp, #4]
 112 000e 1C2B     		cmp	r3, #28
 113 0010 11D0     		beq	.L9
 106:Middlewares/Third_Party/FreeRTOS/Source/event_groups.c **** 		} /*lint !e529 xSize is referenced if configASSERT() is defined. */
 114              		.loc 1 106 4 discriminator 1 view .LVU27
 115              	.LBB37:
 116              	.LBI37:
 117              		.file 2 "Middlewares/Third_Party/FreeRTOS/Source/portable/GCC/ARM_CM3/portmacro.h"
   1:Middlewares/Third_Party/FreeRTOS/Source/portable/GCC/ARM_CM3/portmacro.h **** /*
   2:Middlewares/Third_Party/FreeRTOS/Source/portable/GCC/ARM_CM3/portmacro.h ****  * FreeRTOS Kernel V10.3.1
   3:Middlewares/Third_Party/FreeRTOS/Source/portable/GCC/ARM_CM3/portmacro.h ****  * Copyright (C) 2020 Amazon.com, Inc. or its affiliates.  All Rights Reserved.
   4:Middlewares/Third_Party/FreeRTOS/Source/portable/GCC/ARM_CM3/portmacro.h ****  *
   5:Middlewares/Third_Party/FreeRTOS/Source/portable/GCC/ARM_CM3/portmacro.h ****  * Permission is hereby granted, free of charge, to any person obtaining a copy of
   6:Middlewares/Third_Party/FreeRTOS/Source/portable/GCC/ARM_CM3/portmacro.h ****  * this software and associated documentation files (the "Software"), to deal in
   7:Middlewares/Third_Party/FreeRTOS/Source/portable/GCC/ARM_CM3/portmacro.h ****  * the Software without restriction, including without limitation the rights to
   8:Middlewares/Third_Party/FreeRTOS/Source/portable/GCC/ARM_CM3/portmacro.h ****  * use, copy, modify, merge, publish, distribute, sublicense, and/or sell copies of
   9:Middlewares/Third_Party/FreeRTOS/Source/portable/GCC/ARM_CM3/portmacro.h ****  * the Software, and to permit persons to whom the Software is furnished to do so,
  10:Middlewares/Third_Party/FreeRTOS/Source/portable/GCC/ARM_CM3/portmacro.h ****  * subject to the following conditions:
  11:Middlewares/Third_Party/FreeRTOS/Source/portable/GCC/ARM_CM3/portmacro.h ****  *
  12:Middlewares/Third_Party/FreeRTOS/Source/portable/GCC/ARM_CM3/portmacro.h ****  * The above copyright notice and this permission notice shall be included in all
  13:Middlewares/Third_Party/FreeRTOS/Source/portable/GCC/ARM_CM3/portmacro.h ****  * copies or substantial portions of the Software.
  14:Middlewares/Third_Party/FreeRTOS/Source/portable/GCC/ARM_CM3/portmacro.h ****  *
  15:Middlewares/Third_Party/FreeRTOS/Source/portable/GCC/ARM_CM3/portmacro.h ****  * THE SOFTWARE IS PROVIDED "AS IS", WITHOUT WARRANTY OF ANY KIND, EXPRESS OR
  16:Middlewares/Third_Party/FreeRTOS/Source/portable/GCC/ARM_CM3/portmacro.h ****  * IMPLIED, INCLUDING BUT NOT LIMITED TO THE WARRANTIES OF MERCHANTABILITY, FITNESS
  17:Middlewares/Third_Party/FreeRTOS/Source/portable/GCC/ARM_CM3/portmacro.h ****  * FOR A PARTICULAR PURPOSE AND NONINFRINGEMENT. IN NO EVENT SHALL THE AUTHORS OR
  18:Middlewares/Third_Party/FreeRTOS/Source/portable/GCC/ARM_CM3/portmacro.h ****  * COPYRIGHT HOLDERS BE LIABLE FOR ANY CLAIM, DAMAGES OR OTHER LIABILITY, WHETHER
  19:Middlewares/Third_Party/FreeRTOS/Source/portable/GCC/ARM_CM3/portmacro.h ****  * IN AN ACTION OF CONTRACT, TORT OR OTHERWISE, ARISING FROM, OUT OF OR IN
  20:Middlewares/Third_Party/FreeRTOS/Source/portable/GCC/ARM_CM3/portmacro.h ****  * CONNECTION WITH THE SOFTWARE OR THE USE OR OTHER DEALINGS IN THE SOFTWARE.
  21:Middlewares/Third_Party/FreeRTOS/Source/portable/GCC/ARM_CM3/portmacro.h ****  *
  22:Middlewares/Third_Party/FreeRTOS/Source/portable/GCC/ARM_CM3/portmacro.h ****  * http://www.FreeRTOS.org
  23:Middlewares/Third_Party/FreeRTOS/Source/portable/GCC/ARM_CM3/portmacro.h ****  * http://aws.amazon.com/freertos
ARM GAS  D:\software\msy64\tmp\ccv1Y56U.s 			page 16


  24:Middlewares/Third_Party/FreeRTOS/Source/portable/GCC/ARM_CM3/portmacro.h ****  *
  25:Middlewares/Third_Party/FreeRTOS/Source/portable/GCC/ARM_CM3/portmacro.h ****  * 1 tab == 4 spaces!
  26:Middlewares/Third_Party/FreeRTOS/Source/portable/GCC/ARM_CM3/portmacro.h ****  */
  27:Middlewares/Third_Party/FreeRTOS/Source/portable/GCC/ARM_CM3/portmacro.h **** 
  28:Middlewares/Third_Party/FreeRTOS/Source/portable/GCC/ARM_CM3/portmacro.h **** 
  29:Middlewares/Third_Party/FreeRTOS/Source/portable/GCC/ARM_CM3/portmacro.h **** #ifndef PORTMACRO_H
  30:Middlewares/Third_Party/FreeRTOS/Source/portable/GCC/ARM_CM3/portmacro.h **** #define PORTMACRO_H
  31:Middlewares/Third_Party/FreeRTOS/Source/portable/GCC/ARM_CM3/portmacro.h **** 
  32:Middlewares/Third_Party/FreeRTOS/Source/portable/GCC/ARM_CM3/portmacro.h **** #ifdef __cplusplus
  33:Middlewares/Third_Party/FreeRTOS/Source/portable/GCC/ARM_CM3/portmacro.h **** extern "C" {
  34:Middlewares/Third_Party/FreeRTOS/Source/portable/GCC/ARM_CM3/portmacro.h **** #endif
  35:Middlewares/Third_Party/FreeRTOS/Source/portable/GCC/ARM_CM3/portmacro.h **** 
  36:Middlewares/Third_Party/FreeRTOS/Source/portable/GCC/ARM_CM3/portmacro.h **** /*-----------------------------------------------------------
  37:Middlewares/Third_Party/FreeRTOS/Source/portable/GCC/ARM_CM3/portmacro.h ****  * Port specific definitions.
  38:Middlewares/Third_Party/FreeRTOS/Source/portable/GCC/ARM_CM3/portmacro.h ****  *
  39:Middlewares/Third_Party/FreeRTOS/Source/portable/GCC/ARM_CM3/portmacro.h ****  * The settings in this file configure FreeRTOS correctly for the
  40:Middlewares/Third_Party/FreeRTOS/Source/portable/GCC/ARM_CM3/portmacro.h ****  * given hardware and compiler.
  41:Middlewares/Third_Party/FreeRTOS/Source/portable/GCC/ARM_CM3/portmacro.h ****  *
  42:Middlewares/Third_Party/FreeRTOS/Source/portable/GCC/ARM_CM3/portmacro.h ****  * These settings should not be altered.
  43:Middlewares/Third_Party/FreeRTOS/Source/portable/GCC/ARM_CM3/portmacro.h ****  *-----------------------------------------------------------
  44:Middlewares/Third_Party/FreeRTOS/Source/portable/GCC/ARM_CM3/portmacro.h ****  */
  45:Middlewares/Third_Party/FreeRTOS/Source/portable/GCC/ARM_CM3/portmacro.h **** 
  46:Middlewares/Third_Party/FreeRTOS/Source/portable/GCC/ARM_CM3/portmacro.h **** /* Type definitions. */
  47:Middlewares/Third_Party/FreeRTOS/Source/portable/GCC/ARM_CM3/portmacro.h **** #define portCHAR		char
  48:Middlewares/Third_Party/FreeRTOS/Source/portable/GCC/ARM_CM3/portmacro.h **** #define portFLOAT		float
  49:Middlewares/Third_Party/FreeRTOS/Source/portable/GCC/ARM_CM3/portmacro.h **** #define portDOUBLE		double
  50:Middlewares/Third_Party/FreeRTOS/Source/portable/GCC/ARM_CM3/portmacro.h **** #define portLONG		long
  51:Middlewares/Third_Party/FreeRTOS/Source/portable/GCC/ARM_CM3/portmacro.h **** #define portSHORT		short
  52:Middlewares/Third_Party/FreeRTOS/Source/portable/GCC/ARM_CM3/portmacro.h **** #define portSTACK_TYPE	uint32_t
  53:Middlewares/Third_Party/FreeRTOS/Source/portable/GCC/ARM_CM3/portmacro.h **** #define portBASE_TYPE	long
  54:Middlewares/Third_Party/FreeRTOS/Source/portable/GCC/ARM_CM3/portmacro.h **** 
  55:Middlewares/Third_Party/FreeRTOS/Source/portable/GCC/ARM_CM3/portmacro.h **** typedef portSTACK_TYPE StackType_t;
  56:Middlewares/Third_Party/FreeRTOS/Source/portable/GCC/ARM_CM3/portmacro.h **** typedef long BaseType_t;
  57:Middlewares/Third_Party/FreeRTOS/Source/portable/GCC/ARM_CM3/portmacro.h **** typedef unsigned long UBaseType_t;
  58:Middlewares/Third_Party/FreeRTOS/Source/portable/GCC/ARM_CM3/portmacro.h **** 
  59:Middlewares/Third_Party/FreeRTOS/Source/portable/GCC/ARM_CM3/portmacro.h **** #if( configUSE_16_BIT_TICKS == 1 )
  60:Middlewares/Third_Party/FreeRTOS/Source/portable/GCC/ARM_CM3/portmacro.h **** 	typedef uint16_t TickType_t;
  61:Middlewares/Third_Party/FreeRTOS/Source/portable/GCC/ARM_CM3/portmacro.h **** 	#define portMAX_DELAY ( TickType_t ) 0xffff
  62:Middlewares/Third_Party/FreeRTOS/Source/portable/GCC/ARM_CM3/portmacro.h **** #else
  63:Middlewares/Third_Party/FreeRTOS/Source/portable/GCC/ARM_CM3/portmacro.h **** 	typedef uint32_t TickType_t;
  64:Middlewares/Third_Party/FreeRTOS/Source/portable/GCC/ARM_CM3/portmacro.h **** 	#define portMAX_DELAY ( TickType_t ) 0xffffffffUL
  65:Middlewares/Third_Party/FreeRTOS/Source/portable/GCC/ARM_CM3/portmacro.h **** 
  66:Middlewares/Third_Party/FreeRTOS/Source/portable/GCC/ARM_CM3/portmacro.h **** 	/* 32-bit tick type on a 32-bit architecture, so reads of the tick count do
  67:Middlewares/Third_Party/FreeRTOS/Source/portable/GCC/ARM_CM3/portmacro.h **** 	not need to be guarded with a critical section. */
  68:Middlewares/Third_Party/FreeRTOS/Source/portable/GCC/ARM_CM3/portmacro.h **** 	#define portTICK_TYPE_IS_ATOMIC 1
  69:Middlewares/Third_Party/FreeRTOS/Source/portable/GCC/ARM_CM3/portmacro.h **** #endif
  70:Middlewares/Third_Party/FreeRTOS/Source/portable/GCC/ARM_CM3/portmacro.h **** /*-----------------------------------------------------------*/
  71:Middlewares/Third_Party/FreeRTOS/Source/portable/GCC/ARM_CM3/portmacro.h **** 
  72:Middlewares/Third_Party/FreeRTOS/Source/portable/GCC/ARM_CM3/portmacro.h **** /* Architecture specifics. */
  73:Middlewares/Third_Party/FreeRTOS/Source/portable/GCC/ARM_CM3/portmacro.h **** #define portSTACK_GROWTH			( -1 )
  74:Middlewares/Third_Party/FreeRTOS/Source/portable/GCC/ARM_CM3/portmacro.h **** #define portTICK_PERIOD_MS			( ( TickType_t ) 1000 / configTICK_RATE_HZ )
  75:Middlewares/Third_Party/FreeRTOS/Source/portable/GCC/ARM_CM3/portmacro.h **** #define portBYTE_ALIGNMENT			8
  76:Middlewares/Third_Party/FreeRTOS/Source/portable/GCC/ARM_CM3/portmacro.h **** /*-----------------------------------------------------------*/
  77:Middlewares/Third_Party/FreeRTOS/Source/portable/GCC/ARM_CM3/portmacro.h **** 
  78:Middlewares/Third_Party/FreeRTOS/Source/portable/GCC/ARM_CM3/portmacro.h **** /* Scheduler utilities. */
  79:Middlewares/Third_Party/FreeRTOS/Source/portable/GCC/ARM_CM3/portmacro.h **** #define portYIELD() 															\
  80:Middlewares/Third_Party/FreeRTOS/Source/portable/GCC/ARM_CM3/portmacro.h **** {																				\
ARM GAS  D:\software\msy64\tmp\ccv1Y56U.s 			page 17


  81:Middlewares/Third_Party/FreeRTOS/Source/portable/GCC/ARM_CM3/portmacro.h **** 	/* Set a PendSV to request a context switch. */								\
  82:Middlewares/Third_Party/FreeRTOS/Source/portable/GCC/ARM_CM3/portmacro.h **** 	portNVIC_INT_CTRL_REG = portNVIC_PENDSVSET_BIT;								\
  83:Middlewares/Third_Party/FreeRTOS/Source/portable/GCC/ARM_CM3/portmacro.h **** 																				\
  84:Middlewares/Third_Party/FreeRTOS/Source/portable/GCC/ARM_CM3/portmacro.h **** 	/* Barriers are normally not required but do ensure the code is completely	\
  85:Middlewares/Third_Party/FreeRTOS/Source/portable/GCC/ARM_CM3/portmacro.h **** 	within the specified behaviour for the architecture. */						\
  86:Middlewares/Third_Party/FreeRTOS/Source/portable/GCC/ARM_CM3/portmacro.h **** 	__asm volatile( "dsb" ::: "memory" );										\
  87:Middlewares/Third_Party/FreeRTOS/Source/portable/GCC/ARM_CM3/portmacro.h **** 	__asm volatile( "isb" );													\
  88:Middlewares/Third_Party/FreeRTOS/Source/portable/GCC/ARM_CM3/portmacro.h **** }
  89:Middlewares/Third_Party/FreeRTOS/Source/portable/GCC/ARM_CM3/portmacro.h **** 
  90:Middlewares/Third_Party/FreeRTOS/Source/portable/GCC/ARM_CM3/portmacro.h **** #define portNVIC_INT_CTRL_REG		( * ( ( volatile uint32_t * ) 0xe000ed04 ) )
  91:Middlewares/Third_Party/FreeRTOS/Source/portable/GCC/ARM_CM3/portmacro.h **** #define portNVIC_PENDSVSET_BIT		( 1UL << 28UL )
  92:Middlewares/Third_Party/FreeRTOS/Source/portable/GCC/ARM_CM3/portmacro.h **** #define portEND_SWITCHING_ISR( xSwitchRequired ) if( xSwitchRequired != pdFALSE ) portYIELD()
  93:Middlewares/Third_Party/FreeRTOS/Source/portable/GCC/ARM_CM3/portmacro.h **** #define portYIELD_FROM_ISR( x ) portEND_SWITCHING_ISR( x )
  94:Middlewares/Third_Party/FreeRTOS/Source/portable/GCC/ARM_CM3/portmacro.h **** /*-----------------------------------------------------------*/
  95:Middlewares/Third_Party/FreeRTOS/Source/portable/GCC/ARM_CM3/portmacro.h **** 
  96:Middlewares/Third_Party/FreeRTOS/Source/portable/GCC/ARM_CM3/portmacro.h **** /* Critical section management. */
  97:Middlewares/Third_Party/FreeRTOS/Source/portable/GCC/ARM_CM3/portmacro.h **** extern void vPortEnterCritical( void );
  98:Middlewares/Third_Party/FreeRTOS/Source/portable/GCC/ARM_CM3/portmacro.h **** extern void vPortExitCritical( void );
  99:Middlewares/Third_Party/FreeRTOS/Source/portable/GCC/ARM_CM3/portmacro.h **** #define portSET_INTERRUPT_MASK_FROM_ISR()		ulPortRaiseBASEPRI()
 100:Middlewares/Third_Party/FreeRTOS/Source/portable/GCC/ARM_CM3/portmacro.h **** #define portCLEAR_INTERRUPT_MASK_FROM_ISR(x)	vPortSetBASEPRI(x)
 101:Middlewares/Third_Party/FreeRTOS/Source/portable/GCC/ARM_CM3/portmacro.h **** #define portDISABLE_INTERRUPTS()				vPortRaiseBASEPRI()
 102:Middlewares/Third_Party/FreeRTOS/Source/portable/GCC/ARM_CM3/portmacro.h **** #define portENABLE_INTERRUPTS()					vPortSetBASEPRI(0)
 103:Middlewares/Third_Party/FreeRTOS/Source/portable/GCC/ARM_CM3/portmacro.h **** #define portENTER_CRITICAL()					vPortEnterCritical()
 104:Middlewares/Third_Party/FreeRTOS/Source/portable/GCC/ARM_CM3/portmacro.h **** #define portEXIT_CRITICAL()						vPortExitCritical()
 105:Middlewares/Third_Party/FreeRTOS/Source/portable/GCC/ARM_CM3/portmacro.h **** 
 106:Middlewares/Third_Party/FreeRTOS/Source/portable/GCC/ARM_CM3/portmacro.h **** /*-----------------------------------------------------------*/
 107:Middlewares/Third_Party/FreeRTOS/Source/portable/GCC/ARM_CM3/portmacro.h **** 
 108:Middlewares/Third_Party/FreeRTOS/Source/portable/GCC/ARM_CM3/portmacro.h **** /* Task function macros as described on the FreeRTOS.org WEB site.  These are
 109:Middlewares/Third_Party/FreeRTOS/Source/portable/GCC/ARM_CM3/portmacro.h **** not necessary for to use this port.  They are defined so the common demo files
 110:Middlewares/Third_Party/FreeRTOS/Source/portable/GCC/ARM_CM3/portmacro.h **** (which build with all the ports) will build. */
 111:Middlewares/Third_Party/FreeRTOS/Source/portable/GCC/ARM_CM3/portmacro.h **** #define portTASK_FUNCTION_PROTO( vFunction, pvParameters ) void vFunction( void *pvParameters )
 112:Middlewares/Third_Party/FreeRTOS/Source/portable/GCC/ARM_CM3/portmacro.h **** #define portTASK_FUNCTION( vFunction, pvParameters ) void vFunction( void *pvParameters )
 113:Middlewares/Third_Party/FreeRTOS/Source/portable/GCC/ARM_CM3/portmacro.h **** /*-----------------------------------------------------------*/
 114:Middlewares/Third_Party/FreeRTOS/Source/portable/GCC/ARM_CM3/portmacro.h **** 
 115:Middlewares/Third_Party/FreeRTOS/Source/portable/GCC/ARM_CM3/portmacro.h **** /* Tickless idle/low power functionality. */
 116:Middlewares/Third_Party/FreeRTOS/Source/portable/GCC/ARM_CM3/portmacro.h **** #ifndef portSUPPRESS_TICKS_AND_SLEEP
 117:Middlewares/Third_Party/FreeRTOS/Source/portable/GCC/ARM_CM3/portmacro.h **** 	extern void vPortSuppressTicksAndSleep( TickType_t xExpectedIdleTime );
 118:Middlewares/Third_Party/FreeRTOS/Source/portable/GCC/ARM_CM3/portmacro.h **** 	#define portSUPPRESS_TICKS_AND_SLEEP( xExpectedIdleTime ) vPortSuppressTicksAndSleep( xExpectedIdl
 119:Middlewares/Third_Party/FreeRTOS/Source/portable/GCC/ARM_CM3/portmacro.h **** #endif
 120:Middlewares/Third_Party/FreeRTOS/Source/portable/GCC/ARM_CM3/portmacro.h **** /*-----------------------------------------------------------*/
 121:Middlewares/Third_Party/FreeRTOS/Source/portable/GCC/ARM_CM3/portmacro.h **** 
 122:Middlewares/Third_Party/FreeRTOS/Source/portable/GCC/ARM_CM3/portmacro.h **** /* Architecture specific optimisations. */
 123:Middlewares/Third_Party/FreeRTOS/Source/portable/GCC/ARM_CM3/portmacro.h **** #ifndef configUSE_PORT_OPTIMISED_TASK_SELECTION
 124:Middlewares/Third_Party/FreeRTOS/Source/portable/GCC/ARM_CM3/portmacro.h **** 	#define configUSE_PORT_OPTIMISED_TASK_SELECTION 1
 125:Middlewares/Third_Party/FreeRTOS/Source/portable/GCC/ARM_CM3/portmacro.h **** #endif
 126:Middlewares/Third_Party/FreeRTOS/Source/portable/GCC/ARM_CM3/portmacro.h **** 
 127:Middlewares/Third_Party/FreeRTOS/Source/portable/GCC/ARM_CM3/portmacro.h **** #if configUSE_PORT_OPTIMISED_TASK_SELECTION == 1
 128:Middlewares/Third_Party/FreeRTOS/Source/portable/GCC/ARM_CM3/portmacro.h **** 
 129:Middlewares/Third_Party/FreeRTOS/Source/portable/GCC/ARM_CM3/portmacro.h **** 	/* Generic helper function. */
 130:Middlewares/Third_Party/FreeRTOS/Source/portable/GCC/ARM_CM3/portmacro.h **** 	__attribute__( ( always_inline ) ) static inline uint8_t ucPortCountLeadingZeros( uint32_t ulBitma
 131:Middlewares/Third_Party/FreeRTOS/Source/portable/GCC/ARM_CM3/portmacro.h **** 	{
 132:Middlewares/Third_Party/FreeRTOS/Source/portable/GCC/ARM_CM3/portmacro.h **** 	uint8_t ucReturn;
 133:Middlewares/Third_Party/FreeRTOS/Source/portable/GCC/ARM_CM3/portmacro.h **** 
 134:Middlewares/Third_Party/FreeRTOS/Source/portable/GCC/ARM_CM3/portmacro.h **** 		__asm volatile ( "clz %0, %1" : "=r" ( ucReturn ) : "r" ( ulBitmap ) : "memory" );
 135:Middlewares/Third_Party/FreeRTOS/Source/portable/GCC/ARM_CM3/portmacro.h **** 		return ucReturn;
 136:Middlewares/Third_Party/FreeRTOS/Source/portable/GCC/ARM_CM3/portmacro.h **** 	}
 137:Middlewares/Third_Party/FreeRTOS/Source/portable/GCC/ARM_CM3/portmacro.h **** 
ARM GAS  D:\software\msy64\tmp\ccv1Y56U.s 			page 18


 138:Middlewares/Third_Party/FreeRTOS/Source/portable/GCC/ARM_CM3/portmacro.h **** 	/* Check the configuration. */
 139:Middlewares/Third_Party/FreeRTOS/Source/portable/GCC/ARM_CM3/portmacro.h **** 	#if( configMAX_PRIORITIES > 32 )
 140:Middlewares/Third_Party/FreeRTOS/Source/portable/GCC/ARM_CM3/portmacro.h **** 		#error configUSE_PORT_OPTIMISED_TASK_SELECTION can only be set to 1 when configMAX_PRIORITIES is 
 141:Middlewares/Third_Party/FreeRTOS/Source/portable/GCC/ARM_CM3/portmacro.h **** 	#endif
 142:Middlewares/Third_Party/FreeRTOS/Source/portable/GCC/ARM_CM3/portmacro.h **** 
 143:Middlewares/Third_Party/FreeRTOS/Source/portable/GCC/ARM_CM3/portmacro.h **** 	/* Store/clear the ready priorities in a bit map. */
 144:Middlewares/Third_Party/FreeRTOS/Source/portable/GCC/ARM_CM3/portmacro.h **** 	#define portRECORD_READY_PRIORITY( uxPriority, uxReadyPriorities ) ( uxReadyPriorities ) |= ( 1UL 
 145:Middlewares/Third_Party/FreeRTOS/Source/portable/GCC/ARM_CM3/portmacro.h **** 	#define portRESET_READY_PRIORITY( uxPriority, uxReadyPriorities ) ( uxReadyPriorities ) &= ~( 1UL 
 146:Middlewares/Third_Party/FreeRTOS/Source/portable/GCC/ARM_CM3/portmacro.h **** 
 147:Middlewares/Third_Party/FreeRTOS/Source/portable/GCC/ARM_CM3/portmacro.h **** 	/*-----------------------------------------------------------*/
 148:Middlewares/Third_Party/FreeRTOS/Source/portable/GCC/ARM_CM3/portmacro.h **** 
 149:Middlewares/Third_Party/FreeRTOS/Source/portable/GCC/ARM_CM3/portmacro.h **** 	#define portGET_HIGHEST_PRIORITY( uxTopPriority, uxReadyPriorities ) uxTopPriority = ( 31UL - ( ui
 150:Middlewares/Third_Party/FreeRTOS/Source/portable/GCC/ARM_CM3/portmacro.h **** 
 151:Middlewares/Third_Party/FreeRTOS/Source/portable/GCC/ARM_CM3/portmacro.h **** #endif /* configUSE_PORT_OPTIMISED_TASK_SELECTION */
 152:Middlewares/Third_Party/FreeRTOS/Source/portable/GCC/ARM_CM3/portmacro.h **** 
 153:Middlewares/Third_Party/FreeRTOS/Source/portable/GCC/ARM_CM3/portmacro.h **** /*-----------------------------------------------------------*/
 154:Middlewares/Third_Party/FreeRTOS/Source/portable/GCC/ARM_CM3/portmacro.h **** 
 155:Middlewares/Third_Party/FreeRTOS/Source/portable/GCC/ARM_CM3/portmacro.h **** #ifdef configASSERT
 156:Middlewares/Third_Party/FreeRTOS/Source/portable/GCC/ARM_CM3/portmacro.h **** 	void vPortValidateInterruptPriority( void );
 157:Middlewares/Third_Party/FreeRTOS/Source/portable/GCC/ARM_CM3/portmacro.h **** 	#define portASSERT_IF_INTERRUPT_PRIORITY_INVALID() 	vPortValidateInterruptPriority()
 158:Middlewares/Third_Party/FreeRTOS/Source/portable/GCC/ARM_CM3/portmacro.h **** #endif
 159:Middlewares/Third_Party/FreeRTOS/Source/portable/GCC/ARM_CM3/portmacro.h **** 
 160:Middlewares/Third_Party/FreeRTOS/Source/portable/GCC/ARM_CM3/portmacro.h **** /* portNOP() is not required by this port. */
 161:Middlewares/Third_Party/FreeRTOS/Source/portable/GCC/ARM_CM3/portmacro.h **** #define portNOP()
 162:Middlewares/Third_Party/FreeRTOS/Source/portable/GCC/ARM_CM3/portmacro.h **** 
 163:Middlewares/Third_Party/FreeRTOS/Source/portable/GCC/ARM_CM3/portmacro.h **** #define portINLINE	__inline
 164:Middlewares/Third_Party/FreeRTOS/Source/portable/GCC/ARM_CM3/portmacro.h **** 
 165:Middlewares/Third_Party/FreeRTOS/Source/portable/GCC/ARM_CM3/portmacro.h **** #ifndef portFORCE_INLINE
 166:Middlewares/Third_Party/FreeRTOS/Source/portable/GCC/ARM_CM3/portmacro.h **** 	#define portFORCE_INLINE inline __attribute__(( always_inline))
 167:Middlewares/Third_Party/FreeRTOS/Source/portable/GCC/ARM_CM3/portmacro.h **** #endif
 168:Middlewares/Third_Party/FreeRTOS/Source/portable/GCC/ARM_CM3/portmacro.h **** 
 169:Middlewares/Third_Party/FreeRTOS/Source/portable/GCC/ARM_CM3/portmacro.h **** /*-----------------------------------------------------------*/
 170:Middlewares/Third_Party/FreeRTOS/Source/portable/GCC/ARM_CM3/portmacro.h **** 
 171:Middlewares/Third_Party/FreeRTOS/Source/portable/GCC/ARM_CM3/portmacro.h **** portFORCE_INLINE static BaseType_t xPortIsInsideInterrupt( void )
 172:Middlewares/Third_Party/FreeRTOS/Source/portable/GCC/ARM_CM3/portmacro.h **** {
 173:Middlewares/Third_Party/FreeRTOS/Source/portable/GCC/ARM_CM3/portmacro.h **** uint32_t ulCurrentInterrupt;
 174:Middlewares/Third_Party/FreeRTOS/Source/portable/GCC/ARM_CM3/portmacro.h **** BaseType_t xReturn;
 175:Middlewares/Third_Party/FreeRTOS/Source/portable/GCC/ARM_CM3/portmacro.h **** 
 176:Middlewares/Third_Party/FreeRTOS/Source/portable/GCC/ARM_CM3/portmacro.h **** 	/* Obtain the number of the currently executing interrupt. */
 177:Middlewares/Third_Party/FreeRTOS/Source/portable/GCC/ARM_CM3/portmacro.h **** 	__asm volatile( "mrs %0, ipsr" : "=r"( ulCurrentInterrupt ) :: "memory" );
 178:Middlewares/Third_Party/FreeRTOS/Source/portable/GCC/ARM_CM3/portmacro.h **** 
 179:Middlewares/Third_Party/FreeRTOS/Source/portable/GCC/ARM_CM3/portmacro.h **** 	if( ulCurrentInterrupt == 0 )
 180:Middlewares/Third_Party/FreeRTOS/Source/portable/GCC/ARM_CM3/portmacro.h **** 	{
 181:Middlewares/Third_Party/FreeRTOS/Source/portable/GCC/ARM_CM3/portmacro.h **** 		xReturn = pdFALSE;
 182:Middlewares/Third_Party/FreeRTOS/Source/portable/GCC/ARM_CM3/portmacro.h **** 	}
 183:Middlewares/Third_Party/FreeRTOS/Source/portable/GCC/ARM_CM3/portmacro.h **** 	else
 184:Middlewares/Third_Party/FreeRTOS/Source/portable/GCC/ARM_CM3/portmacro.h **** 	{
 185:Middlewares/Third_Party/FreeRTOS/Source/portable/GCC/ARM_CM3/portmacro.h **** 		xReturn = pdTRUE;
 186:Middlewares/Third_Party/FreeRTOS/Source/portable/GCC/ARM_CM3/portmacro.h **** 	}
 187:Middlewares/Third_Party/FreeRTOS/Source/portable/GCC/ARM_CM3/portmacro.h **** 
 188:Middlewares/Third_Party/FreeRTOS/Source/portable/GCC/ARM_CM3/portmacro.h **** 	return xReturn;
 189:Middlewares/Third_Party/FreeRTOS/Source/portable/GCC/ARM_CM3/portmacro.h **** }
 190:Middlewares/Third_Party/FreeRTOS/Source/portable/GCC/ARM_CM3/portmacro.h **** 
 191:Middlewares/Third_Party/FreeRTOS/Source/portable/GCC/ARM_CM3/portmacro.h **** /*-----------------------------------------------------------*/
 192:Middlewares/Third_Party/FreeRTOS/Source/portable/GCC/ARM_CM3/portmacro.h **** 
 193:Middlewares/Third_Party/FreeRTOS/Source/portable/GCC/ARM_CM3/portmacro.h **** portFORCE_INLINE static void vPortRaiseBASEPRI( void )
 118              		.loc 2 193 30 view .LVU28
ARM GAS  D:\software\msy64\tmp\ccv1Y56U.s 			page 19


 119              	.LBB38:
 194:Middlewares/Third_Party/FreeRTOS/Source/portable/GCC/ARM_CM3/portmacro.h **** {
 195:Middlewares/Third_Party/FreeRTOS/Source/portable/GCC/ARM_CM3/portmacro.h **** uint32_t ulNewBASEPRI;
 120              		.loc 2 195 1 view .LVU29
 196:Middlewares/Third_Party/FreeRTOS/Source/portable/GCC/ARM_CM3/portmacro.h **** 
 197:Middlewares/Third_Party/FreeRTOS/Source/portable/GCC/ARM_CM3/portmacro.h **** 	__asm volatile
 121              		.loc 2 197 2 view .LVU30
 122              		.syntax unified
 123              	@ 197 "Middlewares/Third_Party/FreeRTOS/Source/portable/GCC/ARM_CM3/portmacro.h" 1
 124 0012 4FF05003 			mov r3, #80												
 125 0016 83F31188 		msr basepri, r3											
 126 001a BFF36F8F 		isb														
 127 001e BFF34F8F 		dsb														
 128              	
 129              	@ 0 "" 2
 130              		.thumb
 131              		.syntax unified
 132              	.L10:
 133              	.LBE38:
 134              	.LBE37:
 106:Middlewares/Third_Party/FreeRTOS/Source/event_groups.c **** 		} /*lint !e529 xSize is referenced if configASSERT() is defined. */
 135              		.loc 1 106 4 discriminator 3 view .LVU31
 106:Middlewares/Third_Party/FreeRTOS/Source/event_groups.c **** 		} /*lint !e529 xSize is referenced if configASSERT() is defined. */
 136              		.loc 1 106 4 discriminator 3 view .LVU32
 137 0022 FEE7     		b	.L10
 138              	.L13:
 139              	.LCFI2:
 140              		.cfi_def_cfa_offset 0
 141              		.cfi_restore 4
 142              		.cfi_restore 14
 106:Middlewares/Third_Party/FreeRTOS/Source/event_groups.c **** 		} /*lint !e529 xSize is referenced if configASSERT() is defined. */
 143              		.loc 1 106 4 is_stmt 0 discriminator 3 view .LVU33
 144              	.LBE36:
  98:Middlewares/Third_Party/FreeRTOS/Source/event_groups.c **** 
 145              		.loc 1 98 3 is_stmt 1 discriminator 1 view .LVU34
 146              	.LBB39:
 147              	.LBI39:
 193:Middlewares/Third_Party/FreeRTOS/Source/portable/GCC/ARM_CM3/portmacro.h **** {
 148              		.loc 2 193 30 view .LVU35
 149              	.LBB40:
 195:Middlewares/Third_Party/FreeRTOS/Source/portable/GCC/ARM_CM3/portmacro.h **** 
 150              		.loc 2 195 1 view .LVU36
 151              		.loc 2 197 2 view .LVU37
 152              		.syntax unified
 153              	@ 197 "Middlewares/Third_Party/FreeRTOS/Source/portable/GCC/ARM_CM3/portmacro.h" 1
 154 0024 4FF05003 			mov r3, #80												
 155 0028 83F31188 		msr basepri, r3											
 156 002c BFF36F8F 		isb														
 157 0030 BFF34F8F 		dsb														
 158              	
 159              	@ 0 "" 2
 160              		.thumb
 161              		.syntax unified
 162              	.L8:
 163              	.LBE40:
 164              	.LBE39:
  98:Middlewares/Third_Party/FreeRTOS/Source/event_groups.c **** 
ARM GAS  D:\software\msy64\tmp\ccv1Y56U.s 			page 20


 165              		.loc 1 98 3 discriminator 3 view .LVU38
  98:Middlewares/Third_Party/FreeRTOS/Source/event_groups.c **** 
 166              		.loc 1 98 3 discriminator 3 view .LVU39
 167 0034 FEE7     		b	.L8
 168              	.L9:
 169              	.LCFI3:
 170              		.cfi_def_cfa_offset 16
 171              		.cfi_offset 4, -8
 172              		.cfi_offset 14, -4
 173              	.LBB41:
 106:Middlewares/Third_Party/FreeRTOS/Source/event_groups.c **** 		} /*lint !e529 xSize is referenced if configASSERT() is defined. */
 174              		.loc 1 106 51 discriminator 2 view .LVU40
 175              	.LBE41:
 111:Middlewares/Third_Party/FreeRTOS/Source/event_groups.c **** 
 176              		.loc 1 111 3 view .LVU41
 177              	.LVL10:
 113:Middlewares/Third_Party/FreeRTOS/Source/event_groups.c **** 		{
 178              		.loc 1 113 3 view .LVU42
 115:Middlewares/Third_Party/FreeRTOS/Source/event_groups.c **** 			vListInitialise( &( pxEventBits->xTasksWaitingForBits ) );
 179              		.loc 1 115 4 view .LVU43
 115:Middlewares/Third_Party/FreeRTOS/Source/event_groups.c **** 			vListInitialise( &( pxEventBits->xTasksWaitingForBits ) );
 180              		.loc 1 115 29 is_stmt 0 view .LVU44
 181 0036 0023     		movs	r3, #0
 182 0038 40F8043B 		str	r3, [r0], #4
 183              	.LVL11:
 116:Middlewares/Third_Party/FreeRTOS/Source/event_groups.c **** 
 184              		.loc 1 116 4 is_stmt 1 view .LVU45
 185 003c FFF7FEFF 		bl	vListInitialise
 186              	.LVL12:
 123:Middlewares/Third_Party/FreeRTOS/Source/event_groups.c **** 			}
 187              		.loc 1 123 5 view .LVU46
 123:Middlewares/Third_Party/FreeRTOS/Source/event_groups.c **** 			}
 188              		.loc 1 123 40 is_stmt 0 view .LVU47
 189 0040 0123     		movs	r3, #1
 190 0042 2376     		strb	r3, [r4, #24]
 127:Middlewares/Third_Party/FreeRTOS/Source/event_groups.c **** 		}
 191              		.loc 1 127 42 is_stmt 1 view .LVU48
 134:Middlewares/Third_Party/FreeRTOS/Source/event_groups.c **** 		}
 192              		.loc 1 134 36 view .LVU49
 137:Middlewares/Third_Party/FreeRTOS/Source/event_groups.c **** 	}
 193              		.loc 1 137 3 view .LVU50
 138:Middlewares/Third_Party/FreeRTOS/Source/event_groups.c **** 
 194              		.loc 1 138 2 is_stmt 0 view .LVU51
 195 0044 2046     		mov	r0, r4
 196 0046 02B0     		add	sp, sp, #8
 197              	.LCFI4:
 198              		.cfi_def_cfa_offset 8
 199              		@ sp needed
 200 0048 10BD     		pop	{r4, pc}
 138:Middlewares/Third_Party/FreeRTOS/Source/event_groups.c **** 
 201              		.loc 1 138 2 view .LVU52
 202              		.cfi_endproc
 203              	.LFE5:
 205              		.section	.text.xEventGroupCreate,"ax",%progbits
 206              		.align	1
 207              		.global	xEventGroupCreate
 208              		.syntax unified
ARM GAS  D:\software\msy64\tmp\ccv1Y56U.s 			page 21


 209              		.thumb
 210              		.thumb_func
 212              	xEventGroupCreate:
 213              	.LFB6:
 146:Middlewares/Third_Party/FreeRTOS/Source/event_groups.c **** 	EventGroup_t *pxEventBits;
 214              		.loc 1 146 2 is_stmt 1 view -0
 215              		.cfi_startproc
 216              		@ args = 0, pretend = 0, frame = 0
 217              		@ frame_needed = 0, uses_anonymous_args = 0
 218 0000 38B5     		push	{r3, r4, r5, lr}
 219              	.LCFI5:
 220              		.cfi_def_cfa_offset 16
 221              		.cfi_offset 3, -16
 222              		.cfi_offset 4, -12
 223              		.cfi_offset 5, -8
 224              		.cfi_offset 14, -4
 147:Middlewares/Third_Party/FreeRTOS/Source/event_groups.c **** 
 225              		.loc 1 147 2 view .LVU54
 162:Middlewares/Third_Party/FreeRTOS/Source/event_groups.c **** 
 226              		.loc 1 162 3 view .LVU55
 162:Middlewares/Third_Party/FreeRTOS/Source/event_groups.c **** 
 227              		.loc 1 162 36 is_stmt 0 view .LVU56
 228 0002 1C20     		movs	r0, #28
 229 0004 FFF7FEFF 		bl	pvPortMalloc
 230              	.LVL13:
 164:Middlewares/Third_Party/FreeRTOS/Source/event_groups.c **** 		{
 231              		.loc 1 164 3 is_stmt 1 view .LVU57
 164:Middlewares/Third_Party/FreeRTOS/Source/event_groups.c **** 		{
 232              		.loc 1 164 5 is_stmt 0 view .LVU58
 233 0008 0446     		mov	r4, r0
 234 000a 28B1     		cbz	r0, .L14
 166:Middlewares/Third_Party/FreeRTOS/Source/event_groups.c **** 			vListInitialise( &( pxEventBits->xTasksWaitingForBits ) );
 235              		.loc 1 166 4 is_stmt 1 view .LVU59
 166:Middlewares/Third_Party/FreeRTOS/Source/event_groups.c **** 			vListInitialise( &( pxEventBits->xTasksWaitingForBits ) );
 236              		.loc 1 166 29 is_stmt 0 view .LVU60
 237 000c 0025     		movs	r5, #0
 238 000e 40F8045B 		str	r5, [r0], #4
 239              	.LVL14:
 167:Middlewares/Third_Party/FreeRTOS/Source/event_groups.c **** 
 240              		.loc 1 167 4 is_stmt 1 view .LVU61
 241 0012 FFF7FEFF 		bl	vListInitialise
 242              	.LVL15:
 174:Middlewares/Third_Party/FreeRTOS/Source/event_groups.c **** 			}
 243              		.loc 1 174 5 view .LVU62
 174:Middlewares/Third_Party/FreeRTOS/Source/event_groups.c **** 			}
 244              		.loc 1 174 40 is_stmt 0 view .LVU63
 245 0016 2576     		strb	r5, [r4, #24]
 178:Middlewares/Third_Party/FreeRTOS/Source/event_groups.c **** 		}
 246              		.loc 1 178 42 is_stmt 1 view .LVU64
 182:Middlewares/Third_Party/FreeRTOS/Source/event_groups.c **** 		}
 247              		.loc 1 182 36 view .LVU65
 185:Middlewares/Third_Party/FreeRTOS/Source/event_groups.c **** 	}
 248              		.loc 1 185 3 view .LVU66
 249              	.L14:
 186:Middlewares/Third_Party/FreeRTOS/Source/event_groups.c **** 
 250              		.loc 1 186 2 is_stmt 0 view .LVU67
 251 0018 2046     		mov	r0, r4
ARM GAS  D:\software\msy64\tmp\ccv1Y56U.s 			page 22


 252 001a 38BD     		pop	{r3, r4, r5, pc}
 186:Middlewares/Third_Party/FreeRTOS/Source/event_groups.c **** 
 253              		.loc 1 186 2 view .LVU68
 254              		.cfi_endproc
 255              	.LFE6:
 257              		.section	.text.xEventGroupWaitBits,"ax",%progbits
 258              		.align	1
 259              		.global	xEventGroupWaitBits
 260              		.syntax unified
 261              		.thumb
 262              		.thumb_func
 264              	xEventGroupWaitBits:
 265              	.LVL16:
 266              	.LFB8:
 312:Middlewares/Third_Party/FreeRTOS/Source/event_groups.c **** EventGroup_t *pxEventBits = xEventGroup;
 267              		.loc 1 312 1 is_stmt 1 view -0
 268              		.cfi_startproc
 269              		@ args = 4, pretend = 0, frame = 0
 270              		@ frame_needed = 0, uses_anonymous_args = 0
 313:Middlewares/Third_Party/FreeRTOS/Source/event_groups.c **** EventBits_t uxReturn, uxControlBits = 0;
 271              		.loc 1 313 1 view .LVU70
 314:Middlewares/Third_Party/FreeRTOS/Source/event_groups.c **** BaseType_t xWaitConditionMet, xAlreadyYielded;
 272              		.loc 1 314 1 view .LVU71
 315:Middlewares/Third_Party/FreeRTOS/Source/event_groups.c **** BaseType_t xTimeoutOccurred = pdFALSE;
 273              		.loc 1 315 1 view .LVU72
 316:Middlewares/Third_Party/FreeRTOS/Source/event_groups.c **** 
 274              		.loc 1 316 1 view .LVU73
 320:Middlewares/Third_Party/FreeRTOS/Source/event_groups.c **** 	configASSERT( ( uxBitsToWaitFor & eventEVENT_BITS_CONTROL_BYTES ) == 0 );
 275              		.loc 1 320 2 view .LVU74
 276 0000 88B1     		cbz	r0, .L38
 312:Middlewares/Third_Party/FreeRTOS/Source/event_groups.c **** EventGroup_t *pxEventBits = xEventGroup;
 277              		.loc 1 312 1 is_stmt 0 view .LVU75
 278 0002 2DE9F041 		push	{r4, r5, r6, r7, r8, lr}
 279              	.LCFI6:
 280              		.cfi_def_cfa_offset 24
 281              		.cfi_offset 4, -24
 282              		.cfi_offset 5, -20
 283              		.cfi_offset 6, -16
 284              		.cfi_offset 7, -12
 285              		.cfi_offset 8, -8
 286              		.cfi_offset 14, -4
 287 0006 0C46     		mov	r4, r1
 288 0008 1646     		mov	r6, r2
 289 000a 1D46     		mov	r5, r3
 290 000c 0746     		mov	r7, r0
 320:Middlewares/Third_Party/FreeRTOS/Source/event_groups.c **** 	configASSERT( ( uxBitsToWaitFor & eventEVENT_BITS_CONTROL_BYTES ) == 0 );
 291              		.loc 1 320 29 is_stmt 1 discriminator 2 view .LVU76
 321:Middlewares/Third_Party/FreeRTOS/Source/event_groups.c **** 	configASSERT( uxBitsToWaitFor != 0 );
 292              		.loc 1 321 2 view .LVU77
 293 000e B1F1807F 		cmp	r1, #16777216
 294 0012 11D3     		bcc	.L20
 321:Middlewares/Third_Party/FreeRTOS/Source/event_groups.c **** 	configASSERT( uxBitsToWaitFor != 0 );
 295              		.loc 1 321 2 discriminator 1 view .LVU78
 296              	.LBB42:
 297              	.LBI42:
 193:Middlewares/Third_Party/FreeRTOS/Source/portable/GCC/ARM_CM3/portmacro.h **** {
 298              		.loc 2 193 30 view .LVU79
ARM GAS  D:\software\msy64\tmp\ccv1Y56U.s 			page 23


 299              	.LBB43:
 195:Middlewares/Third_Party/FreeRTOS/Source/portable/GCC/ARM_CM3/portmacro.h **** 
 300              		.loc 2 195 1 view .LVU80
 301              		.loc 2 197 2 view .LVU81
 302              		.syntax unified
 303              	@ 197 "Middlewares/Third_Party/FreeRTOS/Source/portable/GCC/ARM_CM3/portmacro.h" 1
 304 0014 4FF05003 			mov r3, #80												
 305 0018 83F31188 		msr basepri, r3											
 306 001c BFF36F8F 		isb														
 307 0020 BFF34F8F 		dsb														
 308              	
 309              	@ 0 "" 2
 310              	.LVL17:
 311              		.thumb
 312              		.syntax unified
 313              	.L21:
 314              		.loc 2 197 2 is_stmt 0 view .LVU82
 315              	.LBE43:
 316              	.LBE42:
 321:Middlewares/Third_Party/FreeRTOS/Source/event_groups.c **** 	configASSERT( uxBitsToWaitFor != 0 );
 317              		.loc 1 321 2 is_stmt 1 discriminator 3 view .LVU83
 321:Middlewares/Third_Party/FreeRTOS/Source/event_groups.c **** 	configASSERT( uxBitsToWaitFor != 0 );
 318              		.loc 1 321 2 discriminator 3 view .LVU84
 319 0024 FEE7     		b	.L21
 320              	.LVL18:
 321              	.L38:
 322              	.LCFI7:
 323              		.cfi_def_cfa_offset 0
 324              		.cfi_restore 4
 325              		.cfi_restore 5
 326              		.cfi_restore 6
 327              		.cfi_restore 7
 328              		.cfi_restore 8
 329              		.cfi_restore 14
 320:Middlewares/Third_Party/FreeRTOS/Source/event_groups.c **** 	configASSERT( ( uxBitsToWaitFor & eventEVENT_BITS_CONTROL_BYTES ) == 0 );
 330              		.loc 1 320 2 discriminator 1 view .LVU85
 331              	.LBB44:
 332              	.LBI44:
 193:Middlewares/Third_Party/FreeRTOS/Source/portable/GCC/ARM_CM3/portmacro.h **** {
 333              		.loc 2 193 30 view .LVU86
 334              	.LBB45:
 195:Middlewares/Third_Party/FreeRTOS/Source/portable/GCC/ARM_CM3/portmacro.h **** 
 335              		.loc 2 195 1 view .LVU87
 336              		.loc 2 197 2 view .LVU88
 337              		.syntax unified
 338              	@ 197 "Middlewares/Third_Party/FreeRTOS/Source/portable/GCC/ARM_CM3/portmacro.h" 1
 339 0026 4FF05003 			mov r3, #80												
 340 002a 83F31188 		msr basepri, r3											
 341 002e BFF36F8F 		isb														
 342 0032 BFF34F8F 		dsb														
 343              	
 344              	@ 0 "" 2
 345              	.LVL19:
 346              		.thumb
 347              		.syntax unified
 348              	.L19:
 349              		.loc 2 197 2 is_stmt 0 view .LVU89
ARM GAS  D:\software\msy64\tmp\ccv1Y56U.s 			page 24


 350              	.LBE45:
 351              	.LBE44:
 320:Middlewares/Third_Party/FreeRTOS/Source/event_groups.c **** 	configASSERT( ( uxBitsToWaitFor & eventEVENT_BITS_CONTROL_BYTES ) == 0 );
 352              		.loc 1 320 2 is_stmt 1 discriminator 3 view .LVU90
 320:Middlewares/Third_Party/FreeRTOS/Source/event_groups.c **** 	configASSERT( ( uxBitsToWaitFor & eventEVENT_BITS_CONTROL_BYTES ) == 0 );
 353              		.loc 1 320 2 discriminator 3 view .LVU91
 354 0036 FEE7     		b	.L19
 355              	.LVL20:
 356              	.L20:
 357              	.LCFI8:
 358              		.cfi_def_cfa_offset 24
 359              		.cfi_offset 4, -24
 360              		.cfi_offset 5, -20
 361              		.cfi_offset 6, -16
 362              		.cfi_offset 7, -12
 363              		.cfi_offset 8, -8
 364              		.cfi_offset 14, -4
 321:Middlewares/Third_Party/FreeRTOS/Source/event_groups.c **** 	configASSERT( uxBitsToWaitFor != 0 );
 365              		.loc 1 321 74 discriminator 2 view .LVU92
 322:Middlewares/Third_Party/FreeRTOS/Source/event_groups.c **** 	#if ( ( INCLUDE_xTaskGetSchedulerState == 1 ) || ( configUSE_TIMERS == 1 ) )
 366              		.loc 1 322 2 view .LVU93
 367 0038 41B9     		cbnz	r1, .L22
 322:Middlewares/Third_Party/FreeRTOS/Source/event_groups.c **** 	#if ( ( INCLUDE_xTaskGetSchedulerState == 1 ) || ( configUSE_TIMERS == 1 ) )
 368              		.loc 1 322 2 discriminator 1 view .LVU94
 369              	.LBB46:
 370              	.LBI46:
 193:Middlewares/Third_Party/FreeRTOS/Source/portable/GCC/ARM_CM3/portmacro.h **** {
 371              		.loc 2 193 30 view .LVU95
 372              	.LBB47:
 195:Middlewares/Third_Party/FreeRTOS/Source/portable/GCC/ARM_CM3/portmacro.h **** 
 373              		.loc 2 195 1 view .LVU96
 374              		.loc 2 197 2 view .LVU97
 375              		.syntax unified
 376              	@ 197 "Middlewares/Third_Party/FreeRTOS/Source/portable/GCC/ARM_CM3/portmacro.h" 1
 377 003a 4FF05003 			mov r3, #80												
 378 003e 83F31188 		msr basepri, r3											
 379 0042 BFF36F8F 		isb														
 380 0046 BFF34F8F 		dsb														
 381              	
 382              	@ 0 "" 2
 383              	.LVL21:
 384              		.thumb
 385              		.syntax unified
 386              	.L23:
 387              		.loc 2 197 2 is_stmt 0 view .LVU98
 388              	.LBE47:
 389              	.LBE46:
 322:Middlewares/Third_Party/FreeRTOS/Source/event_groups.c **** 	#if ( ( INCLUDE_xTaskGetSchedulerState == 1 ) || ( configUSE_TIMERS == 1 ) )
 390              		.loc 1 322 2 is_stmt 1 discriminator 3 view .LVU99
 322:Middlewares/Third_Party/FreeRTOS/Source/event_groups.c **** 	#if ( ( INCLUDE_xTaskGetSchedulerState == 1 ) || ( configUSE_TIMERS == 1 ) )
 391              		.loc 1 322 2 discriminator 3 view .LVU100
 392 004a FEE7     		b	.L23
 393              	.LVL22:
 394              	.L22:
 322:Middlewares/Third_Party/FreeRTOS/Source/event_groups.c **** 	#if ( ( INCLUDE_xTaskGetSchedulerState == 1 ) || ( configUSE_TIMERS == 1 ) )
 395              		.loc 1 322 38 discriminator 2 view .LVU101
 325:Middlewares/Third_Party/FreeRTOS/Source/event_groups.c **** 	}
ARM GAS  D:\software\msy64\tmp\ccv1Y56U.s 			page 25


 396              		.loc 1 325 3 view .LVU102
 397 004c FFF7FEFF 		bl	xTaskGetSchedulerState
 398              	.LVL23:
 325:Middlewares/Third_Party/FreeRTOS/Source/event_groups.c **** 	}
 399              		.loc 1 325 3 is_stmt 0 discriminator 1 view .LVU103
 400 0050 50B9     		cbnz	r0, .L24
 325:Middlewares/Third_Party/FreeRTOS/Source/event_groups.c **** 	}
 401              		.loc 1 325 3 discriminator 2 view .LVU104
 402 0052 069B     		ldr	r3, [sp, #24]
 403 0054 43B1     		cbz	r3, .L24
 325:Middlewares/Third_Party/FreeRTOS/Source/event_groups.c **** 	}
 404              		.loc 1 325 3 is_stmt 1 discriminator 7 view .LVU105
 405              	.LBB48:
 406              	.LBI48:
 193:Middlewares/Third_Party/FreeRTOS/Source/portable/GCC/ARM_CM3/portmacro.h **** {
 407              		.loc 2 193 30 view .LVU106
 408              	.LBB49:
 195:Middlewares/Third_Party/FreeRTOS/Source/portable/GCC/ARM_CM3/portmacro.h **** 
 409              		.loc 2 195 1 view .LVU107
 410              		.loc 2 197 2 view .LVU108
 411              		.syntax unified
 412              	@ 197 "Middlewares/Third_Party/FreeRTOS/Source/portable/GCC/ARM_CM3/portmacro.h" 1
 413 0056 4FF05003 			mov r3, #80												
 414 005a 83F31188 		msr basepri, r3											
 415 005e BFF36F8F 		isb														
 416 0062 BFF34F8F 		dsb														
 417              	
 418              	@ 0 "" 2
 419              		.thumb
 420              		.syntax unified
 421              	.L25:
 422              	.LBE49:
 423              	.LBE48:
 325:Middlewares/Third_Party/FreeRTOS/Source/event_groups.c **** 	}
 424              		.loc 1 325 3 discriminator 9 view .LVU109
 325:Middlewares/Third_Party/FreeRTOS/Source/event_groups.c **** 	}
 425              		.loc 1 325 3 discriminator 9 view .LVU110
 426 0066 FEE7     		b	.L25
 427              	.L24:
 325:Middlewares/Third_Party/FreeRTOS/Source/event_groups.c **** 	}
 428              		.loc 1 325 104 discriminator 8 view .LVU111
 329:Middlewares/Third_Party/FreeRTOS/Source/event_groups.c **** 	{
 429              		.loc 1 329 2 view .LVU112
 430 0068 FFF7FEFF 		bl	vTaskSuspendAll
 431              	.LVL24:
 432              	.LBB50:
 331:Middlewares/Third_Party/FreeRTOS/Source/event_groups.c **** 
 433              		.loc 1 331 3 view .LVU113
 331:Middlewares/Third_Party/FreeRTOS/Source/event_groups.c **** 
 434              		.loc 1 331 21 is_stmt 0 view .LVU114
 435 006c D7F80080 		ldr	r8, [r7]
 436              	.LVL25:
 334:Middlewares/Third_Party/FreeRTOS/Source/event_groups.c **** 
 437              		.loc 1 334 3 is_stmt 1 view .LVU115
 334:Middlewares/Third_Party/FreeRTOS/Source/event_groups.c **** 
 438              		.loc 1 334 23 is_stmt 0 view .LVU116
 439 0070 2A46     		mov	r2, r5
ARM GAS  D:\software\msy64\tmp\ccv1Y56U.s 			page 26


 440 0072 2146     		mov	r1, r4
 441 0074 4046     		mov	r0, r8
 442 0076 FFF7FEFF 		bl	prvTestWaitCondition
 443              	.LVL26:
 336:Middlewares/Third_Party/FreeRTOS/Source/event_groups.c **** 		{
 444              		.loc 1 336 3 is_stmt 1 view .LVU117
 336:Middlewares/Third_Party/FreeRTOS/Source/event_groups.c **** 		{
 445              		.loc 1 336 5 is_stmt 0 view .LVU118
 446 007a F8B1     		cbz	r0, .L26
 340:Middlewares/Third_Party/FreeRTOS/Source/event_groups.c **** 			xTicksToWait = ( TickType_t ) 0;
 447              		.loc 1 340 4 is_stmt 1 view .LVU119
 448              	.LVL27:
 341:Middlewares/Third_Party/FreeRTOS/Source/event_groups.c **** 
 449              		.loc 1 341 4 view .LVU120
 344:Middlewares/Third_Party/FreeRTOS/Source/event_groups.c **** 			{
 450              		.loc 1 344 4 view .LVU121
 344:Middlewares/Third_Party/FreeRTOS/Source/event_groups.c **** 			{
 451              		.loc 1 344 6 is_stmt 0 view .LVU122
 452 007c 8EB3     		cbz	r6, .L34
 346:Middlewares/Third_Party/FreeRTOS/Source/event_groups.c **** 			}
 453              		.loc 1 346 5 is_stmt 1 view .LVU123
 346:Middlewares/Third_Party/FreeRTOS/Source/event_groups.c **** 			}
 454              		.loc 1 346 30 is_stmt 0 view .LVU124
 455 007e 28EA0403 		bic	r3, r8, r4
 456 0082 3B60     		str	r3, [r7]
 341:Middlewares/Third_Party/FreeRTOS/Source/event_groups.c **** 
 457              		.loc 1 341 17 view .LVU125
 458 0084 0023     		movs	r3, #0
 459 0086 0693     		str	r3, [sp, #24]
 460              	.LVL28:
 461              	.L27:
 394:Middlewares/Third_Party/FreeRTOS/Source/event_groups.c **** 		}
 462              		.loc 1 394 68 is_stmt 1 view .LVU126
 463              	.LBE50:
 397:Middlewares/Third_Party/FreeRTOS/Source/event_groups.c **** 
 464              		.loc 1 397 2 view .LVU127
 397:Middlewares/Third_Party/FreeRTOS/Source/event_groups.c **** 
 465              		.loc 1 397 20 is_stmt 0 view .LVU128
 466 0088 FFF7FEFF 		bl	xTaskResumeAll
 467              	.LVL29:
 399:Middlewares/Third_Party/FreeRTOS/Source/event_groups.c **** 	{
 468              		.loc 1 399 2 is_stmt 1 view .LVU129
 399:Middlewares/Third_Party/FreeRTOS/Source/event_groups.c **** 	{
 469              		.loc 1 399 4 is_stmt 0 view .LVU130
 470 008c 069B     		ldr	r3, [sp, #24]
 471 008e 93B1     		cbz	r3, .L17
 401:Middlewares/Third_Party/FreeRTOS/Source/event_groups.c **** 		{
 472              		.loc 1 401 3 is_stmt 1 view .LVU131
 401:Middlewares/Third_Party/FreeRTOS/Source/event_groups.c **** 		{
 473              		.loc 1 401 5 is_stmt 0 view .LVU132
 474 0090 48B9     		cbnz	r0, .L31
 403:Middlewares/Third_Party/FreeRTOS/Source/event_groups.c **** 		}
 475              		.loc 1 403 4 is_stmt 1 view .LVU133
 476 0092 4FF0E023 		mov	r3, #-536813568
 477 0096 4FF08052 		mov	r2, #268435456
 478 009a C3F8042D 		str	r2, [r3, #3332]
 479              	.LVL30:
ARM GAS  D:\software\msy64\tmp\ccv1Y56U.s 			page 27


 403:Middlewares/Third_Party/FreeRTOS/Source/event_groups.c **** 		}
 480              		.loc 1 403 4 view .LVU134
 481              		.syntax unified
 482              	@ 403 "Middlewares/Third_Party/FreeRTOS/Source/event_groups.c" 1
 483 009e BFF34F8F 		dsb
 484              	@ 0 "" 2
 403:Middlewares/Third_Party/FreeRTOS/Source/event_groups.c **** 		}
 485              		.loc 1 403 4 view .LVU135
 486              	@ 403 "Middlewares/Third_Party/FreeRTOS/Source/event_groups.c" 1
 487 00a2 BFF36F8F 		isb
 488              	@ 0 "" 2
 403:Middlewares/Third_Party/FreeRTOS/Source/event_groups.c **** 		}
 489              		.loc 1 403 26 view .LVU136
 490              		.thumb
 491              		.syntax unified
 492              	.L31:
 407:Middlewares/Third_Party/FreeRTOS/Source/event_groups.c **** 		}
 493              		.loc 1 407 28 view .LVU137
 414:Middlewares/Third_Party/FreeRTOS/Source/event_groups.c **** 
 494              		.loc 1 414 3 view .LVU138
 414:Middlewares/Third_Party/FreeRTOS/Source/event_groups.c **** 
 495              		.loc 1 414 14 is_stmt 0 view .LVU139
 496 00a6 FFF7FEFF 		bl	uxTaskResetEventItemValue
 497              	.LVL31:
 414:Middlewares/Third_Party/FreeRTOS/Source/event_groups.c **** 
 498              		.loc 1 414 14 view .LVU140
 499 00aa 8046     		mov	r8, r0
 500              	.LVL32:
 416:Middlewares/Third_Party/FreeRTOS/Source/event_groups.c **** 		{
 501              		.loc 1 416 3 is_stmt 1 view .LVU141
 416:Middlewares/Third_Party/FreeRTOS/Source/event_groups.c **** 		{
 502              		.loc 1 416 5 is_stmt 0 view .LVU142
 503 00ac 10F0007F 		tst	r0, #33554432
 504 00b0 1AD0     		beq	.L39
 505              	.LVL33:
 506              	.L32:
 447:Middlewares/Third_Party/FreeRTOS/Source/event_groups.c **** 
 507              		.loc 1 447 3 is_stmt 1 view .LVU143
 450:Middlewares/Third_Party/FreeRTOS/Source/event_groups.c **** 	}
 508              		.loc 1 450 3 view .LVU144
 450:Middlewares/Third_Party/FreeRTOS/Source/event_groups.c **** 	}
 509              		.loc 1 450 12 is_stmt 0 view .LVU145
 510 00b2 28F07F48 		bic	r8, r8, #-16777216
 511              	.LVL34:
 452:Middlewares/Third_Party/FreeRTOS/Source/event_groups.c **** 
 512              		.loc 1 452 2 is_stmt 1 view .LVU146
 455:Middlewares/Third_Party/FreeRTOS/Source/event_groups.c **** 
 513              		.loc 1 455 2 view .LVU147
 457:Middlewares/Third_Party/FreeRTOS/Source/event_groups.c **** }
 514              		.loc 1 457 2 view .LVU148
 515              	.L17:
 458:Middlewares/Third_Party/FreeRTOS/Source/event_groups.c **** /*-----------------------------------------------------------*/
 516              		.loc 1 458 1 is_stmt 0 view .LVU149
 517 00b6 4046     		mov	r0, r8
 518 00b8 BDE8F081 		pop	{r4, r5, r6, r7, r8, pc}
 519              	.LVL35:
 520              	.L26:
ARM GAS  D:\software\msy64\tmp\ccv1Y56U.s 			page 28


 521              	.LBB51:
 353:Middlewares/Third_Party/FreeRTOS/Source/event_groups.c **** 		{
 522              		.loc 1 353 8 is_stmt 1 view .LVU150
 353:Middlewares/Third_Party/FreeRTOS/Source/event_groups.c **** 		{
 523              		.loc 1 353 10 is_stmt 0 view .LVU151
 524 00bc 069B     		ldr	r3, [sp, #24]
 525 00be 002B     		cmp	r3, #0
 526 00c0 E2D0     		beq	.L27
 366:Middlewares/Third_Party/FreeRTOS/Source/event_groups.c **** 			{
 527              		.loc 1 366 4 is_stmt 1 view .LVU152
 366:Middlewares/Third_Party/FreeRTOS/Source/event_groups.c **** 			{
 528              		.loc 1 366 6 is_stmt 0 view .LVU153
 529 00c2 5EB9     		cbnz	r6, .L35
 530              	.LBE51:
 314:Middlewares/Third_Party/FreeRTOS/Source/event_groups.c **** BaseType_t xWaitConditionMet, xAlreadyYielded;
 531              		.loc 1 314 23 view .LVU154
 532 00c4 0021     		movs	r1, #0
 533              	.L28:
 534              	.LVL36:
 535              	.LBB52:
 372:Middlewares/Third_Party/FreeRTOS/Source/event_groups.c **** 			}
 536              		.loc 1 372 29 is_stmt 1 view .LVU155
 375:Middlewares/Third_Party/FreeRTOS/Source/event_groups.c **** 			{
 537              		.loc 1 375 4 view .LVU156
 375:Middlewares/Third_Party/FreeRTOS/Source/event_groups.c **** 			{
 538              		.loc 1 375 6 is_stmt 0 view .LVU157
 539 00c6 0DB1     		cbz	r5, .L29
 377:Middlewares/Third_Party/FreeRTOS/Source/event_groups.c **** 			}
 540              		.loc 1 377 5 is_stmt 1 view .LVU158
 377:Middlewares/Third_Party/FreeRTOS/Source/event_groups.c **** 			}
 541              		.loc 1 377 19 is_stmt 0 view .LVU159
 542 00c8 41F08061 		orr	r1, r1, #67108864
 543              	.LVL37:
 544              	.L29:
 381:Middlewares/Third_Party/FreeRTOS/Source/event_groups.c **** 			}
 545              		.loc 1 381 29 is_stmt 1 view .LVU160
 387:Middlewares/Third_Party/FreeRTOS/Source/event_groups.c **** 
 546              		.loc 1 387 4 view .LVU161
 547 00cc 069A     		ldr	r2, [sp, #24]
 548 00ce 2143     		orrs	r1, r1, r4
 549              	.LVL38:
 387:Middlewares/Third_Party/FreeRTOS/Source/event_groups.c **** 
 550              		.loc 1 387 4 is_stmt 0 view .LVU162
 551 00d0 381D     		adds	r0, r7, #4
 552              	.LVL39:
 387:Middlewares/Third_Party/FreeRTOS/Source/event_groups.c **** 
 553              		.loc 1 387 4 view .LVU163
 554 00d2 FFF7FEFF 		bl	vTaskPlaceOnUnorderedEventList
 555              	.LVL40:
 392:Middlewares/Third_Party/FreeRTOS/Source/event_groups.c **** 
 556              		.loc 1 392 4 is_stmt 1 view .LVU164
 392:Middlewares/Third_Party/FreeRTOS/Source/event_groups.c **** 
 557              		.loc 1 392 13 is_stmt 0 view .LVU165
 558 00d6 4FF00008 		mov	r8, #0
 559              	.LVL41:
 392:Middlewares/Third_Party/FreeRTOS/Source/event_groups.c **** 
 560              		.loc 1 392 13 view .LVU166
ARM GAS  D:\software\msy64\tmp\ccv1Y56U.s 			page 29


 561 00da D5E7     		b	.L27
 562              	.LVL42:
 563              	.L35:
 368:Middlewares/Third_Party/FreeRTOS/Source/event_groups.c **** 			}
 564              		.loc 1 368 19 view .LVU167
 565 00dc 4FF08071 		mov	r1, #16777216
 566 00e0 F1E7     		b	.L28
 567              	.LVL43:
 568              	.L34:
 341:Middlewares/Third_Party/FreeRTOS/Source/event_groups.c **** 
 569              		.loc 1 341 17 view .LVU168
 570 00e2 0023     		movs	r3, #0
 571 00e4 0693     		str	r3, [sp, #24]
 572 00e6 CFE7     		b	.L27
 573              	.LVL44:
 574              	.L39:
 341:Middlewares/Third_Party/FreeRTOS/Source/event_groups.c **** 
 575              		.loc 1 341 17 view .LVU169
 576              	.LBE52:
 418:Middlewares/Third_Party/FreeRTOS/Source/event_groups.c **** 			{
 577              		.loc 1 418 4 is_stmt 1 view .LVU170
 578 00e8 FFF7FEFF 		bl	vPortEnterCritical
 579              	.LVL45:
 421:Middlewares/Third_Party/FreeRTOS/Source/event_groups.c **** 
 580              		.loc 1 421 5 view .LVU171
 421:Middlewares/Third_Party/FreeRTOS/Source/event_groups.c **** 
 581              		.loc 1 421 14 is_stmt 0 view .LVU172
 582 00ec D7F80080 		ldr	r8, [r7]
 583              	.LVL46:
 425:Middlewares/Third_Party/FreeRTOS/Source/event_groups.c **** 				{
 584              		.loc 1 425 5 is_stmt 1 view .LVU173
 425:Middlewares/Third_Party/FreeRTOS/Source/event_groups.c **** 				{
 585              		.loc 1 425 9 is_stmt 0 view .LVU174
 586 00f0 2A46     		mov	r2, r5
 587 00f2 2146     		mov	r1, r4
 588 00f4 4046     		mov	r0, r8
 589 00f6 FFF7FEFF 		bl	prvTestWaitCondition
 590              	.LVL47:
 425:Middlewares/Third_Party/FreeRTOS/Source/event_groups.c **** 				{
 591              		.loc 1 425 7 discriminator 1 view .LVU175
 592 00fa 18B1     		cbz	r0, .L33
 427:Middlewares/Third_Party/FreeRTOS/Source/event_groups.c **** 					{
 593              		.loc 1 427 6 is_stmt 1 view .LVU176
 427:Middlewares/Third_Party/FreeRTOS/Source/event_groups.c **** 					{
 594              		.loc 1 427 8 is_stmt 0 view .LVU177
 595 00fc 16B1     		cbz	r6, .L33
 429:Middlewares/Third_Party/FreeRTOS/Source/event_groups.c **** 					}
 596              		.loc 1 429 7 is_stmt 1 view .LVU178
 429:Middlewares/Third_Party/FreeRTOS/Source/event_groups.c **** 					}
 597              		.loc 1 429 32 is_stmt 0 view .LVU179
 598 00fe 28EA0404 		bic	r4, r8, r4
 599              	.LVL48:
 429:Middlewares/Third_Party/FreeRTOS/Source/event_groups.c **** 					}
 600              		.loc 1 429 32 view .LVU180
 601 0102 3C60     		str	r4, [r7]
 602              	.L33:
 438:Middlewares/Third_Party/FreeRTOS/Source/event_groups.c **** 				}
ARM GAS  D:\software\msy64\tmp\ccv1Y56U.s 			page 30


 603              		.loc 1 438 30 is_stmt 1 view .LVU181
 440:Middlewares/Third_Party/FreeRTOS/Source/event_groups.c **** 			}
 604              		.loc 1 440 5 view .LVU182
 605              	.LVL49:
 442:Middlewares/Third_Party/FreeRTOS/Source/event_groups.c **** 		}
 606              		.loc 1 442 4 view .LVU183
 607 0104 FFF7FEFF 		bl	vPortExitCritical
 608              	.LVL50:
 609 0108 D3E7     		b	.L32
 610              		.cfi_endproc
 611              	.LFE8:
 613              		.section	.text.xEventGroupClearBits,"ax",%progbits
 614              		.align	1
 615              		.global	xEventGroupClearBits
 616              		.syntax unified
 617              		.thumb
 618              		.thumb_func
 620              	xEventGroupClearBits:
 621              	.LVL51:
 622              	.LFB9:
 462:Middlewares/Third_Party/FreeRTOS/Source/event_groups.c **** EventGroup_t *pxEventBits = xEventGroup;
 623              		.loc 1 462 1 view -0
 624              		.cfi_startproc
 625              		@ args = 0, pretend = 0, frame = 0
 626              		@ frame_needed = 0, uses_anonymous_args = 0
 463:Middlewares/Third_Party/FreeRTOS/Source/event_groups.c **** EventBits_t uxReturn;
 627              		.loc 1 463 1 view .LVU185
 464:Middlewares/Third_Party/FreeRTOS/Source/event_groups.c **** 
 628              		.loc 1 464 1 view .LVU186
 468:Middlewares/Third_Party/FreeRTOS/Source/event_groups.c **** 	configASSERT( ( uxBitsToClear & eventEVENT_BITS_CONTROL_BYTES ) == 0 );
 629              		.loc 1 468 2 view .LVU187
 630 0000 70B1     		cbz	r0, .L47
 462:Middlewares/Third_Party/FreeRTOS/Source/event_groups.c **** EventGroup_t *pxEventBits = xEventGroup;
 631              		.loc 1 462 1 is_stmt 0 view .LVU188
 632 0002 70B5     		push	{r4, r5, r6, lr}
 633              	.LCFI9:
 634              		.cfi_def_cfa_offset 16
 635              		.cfi_offset 4, -16
 636              		.cfi_offset 5, -12
 637              		.cfi_offset 6, -8
 638              		.cfi_offset 14, -4
 639 0004 0C46     		mov	r4, r1
 640 0006 0546     		mov	r5, r0
 468:Middlewares/Third_Party/FreeRTOS/Source/event_groups.c **** 	configASSERT( ( uxBitsToClear & eventEVENT_BITS_CONTROL_BYTES ) == 0 );
 641              		.loc 1 468 29 is_stmt 1 discriminator 2 view .LVU189
 469:Middlewares/Third_Party/FreeRTOS/Source/event_groups.c **** 
 642              		.loc 1 469 2 view .LVU190
 643 0008 B1F1807F 		cmp	r1, #16777216
 644 000c 11D3     		bcc	.L43
 469:Middlewares/Third_Party/FreeRTOS/Source/event_groups.c **** 
 645              		.loc 1 469 2 discriminator 1 view .LVU191
 646              	.LBB53:
 647              	.LBI53:
 193:Middlewares/Third_Party/FreeRTOS/Source/portable/GCC/ARM_CM3/portmacro.h **** {
 648              		.loc 2 193 30 view .LVU192
 649              	.LBB54:
 195:Middlewares/Third_Party/FreeRTOS/Source/portable/GCC/ARM_CM3/portmacro.h **** 
ARM GAS  D:\software\msy64\tmp\ccv1Y56U.s 			page 31


 650              		.loc 2 195 1 view .LVU193
 651              		.loc 2 197 2 view .LVU194
 652              		.syntax unified
 653              	@ 197 "Middlewares/Third_Party/FreeRTOS/Source/portable/GCC/ARM_CM3/portmacro.h" 1
 654 000e 4FF05003 			mov r3, #80												
 655 0012 83F31188 		msr basepri, r3											
 656 0016 BFF36F8F 		isb														
 657 001a BFF34F8F 		dsb														
 658              	
 659              	@ 0 "" 2
 660              		.thumb
 661              		.syntax unified
 662              	.L44:
 663              	.LBE54:
 664              	.LBE53:
 469:Middlewares/Third_Party/FreeRTOS/Source/event_groups.c **** 
 665              		.loc 1 469 2 discriminator 3 view .LVU195
 469:Middlewares/Third_Party/FreeRTOS/Source/event_groups.c **** 
 666              		.loc 1 469 2 discriminator 3 view .LVU196
 667 001e FEE7     		b	.L44
 668              	.L47:
 669              	.LCFI10:
 670              		.cfi_def_cfa_offset 0
 671              		.cfi_restore 4
 672              		.cfi_restore 5
 673              		.cfi_restore 6
 674              		.cfi_restore 14
 468:Middlewares/Third_Party/FreeRTOS/Source/event_groups.c **** 	configASSERT( ( uxBitsToClear & eventEVENT_BITS_CONTROL_BYTES ) == 0 );
 675              		.loc 1 468 2 discriminator 1 view .LVU197
 676              	.LBB55:
 677              	.LBI55:
 193:Middlewares/Third_Party/FreeRTOS/Source/portable/GCC/ARM_CM3/portmacro.h **** {
 678              		.loc 2 193 30 view .LVU198
 679              	.LBB56:
 195:Middlewares/Third_Party/FreeRTOS/Source/portable/GCC/ARM_CM3/portmacro.h **** 
 680              		.loc 2 195 1 view .LVU199
 681              		.loc 2 197 2 view .LVU200
 682              		.syntax unified
 683              	@ 197 "Middlewares/Third_Party/FreeRTOS/Source/portable/GCC/ARM_CM3/portmacro.h" 1
 684 0020 4FF05003 			mov r3, #80												
 685 0024 83F31188 		msr basepri, r3											
 686 0028 BFF36F8F 		isb														
 687 002c BFF34F8F 		dsb														
 688              	
 689              	@ 0 "" 2
 690              		.thumb
 691              		.syntax unified
 692              	.L42:
 693              	.LBE56:
 694              	.LBE55:
 468:Middlewares/Third_Party/FreeRTOS/Source/event_groups.c **** 	configASSERT( ( uxBitsToClear & eventEVENT_BITS_CONTROL_BYTES ) == 0 );
 695              		.loc 1 468 2 discriminator 3 view .LVU201
 468:Middlewares/Third_Party/FreeRTOS/Source/event_groups.c **** 	configASSERT( ( uxBitsToClear & eventEVENT_BITS_CONTROL_BYTES ) == 0 );
 696              		.loc 1 468 2 discriminator 3 view .LVU202
 697 0030 FEE7     		b	.L42
 698              	.L43:
 699              	.LCFI11:
ARM GAS  D:\software\msy64\tmp\ccv1Y56U.s 			page 32


 700              		.cfi_def_cfa_offset 16
 701              		.cfi_offset 4, -16
 702              		.cfi_offset 5, -12
 703              		.cfi_offset 6, -8
 704              		.cfi_offset 14, -4
 469:Middlewares/Third_Party/FreeRTOS/Source/event_groups.c **** 
 705              		.loc 1 469 72 discriminator 2 view .LVU203
 471:Middlewares/Third_Party/FreeRTOS/Source/event_groups.c **** 	{
 706              		.loc 1 471 2 view .LVU204
 707 0032 FFF7FEFF 		bl	vPortEnterCritical
 708              	.LVL52:
 473:Middlewares/Third_Party/FreeRTOS/Source/event_groups.c **** 
 709              		.loc 1 473 60 view .LVU205
 477:Middlewares/Third_Party/FreeRTOS/Source/event_groups.c **** 
 710              		.loc 1 477 3 view .LVU206
 477:Middlewares/Third_Party/FreeRTOS/Source/event_groups.c **** 
 711              		.loc 1 477 12 is_stmt 0 view .LVU207
 712 0036 2E68     		ldr	r6, [r5]
 713              	.LVL53:
 480:Middlewares/Third_Party/FreeRTOS/Source/event_groups.c **** 	}
 714              		.loc 1 480 3 is_stmt 1 view .LVU208
 480:Middlewares/Third_Party/FreeRTOS/Source/event_groups.c **** 	}
 715              		.loc 1 480 28 is_stmt 0 view .LVU209
 716 0038 26EA0404 		bic	r4, r6, r4
 717              	.LVL54:
 480:Middlewares/Third_Party/FreeRTOS/Source/event_groups.c **** 	}
 718              		.loc 1 480 28 view .LVU210
 719 003c 2C60     		str	r4, [r5]
 482:Middlewares/Third_Party/FreeRTOS/Source/event_groups.c **** 
 720              		.loc 1 482 2 is_stmt 1 view .LVU211
 721 003e FFF7FEFF 		bl	vPortExitCritical
 722              	.LVL55:
 484:Middlewares/Third_Party/FreeRTOS/Source/event_groups.c **** }
 723              		.loc 1 484 2 view .LVU212
 485:Middlewares/Third_Party/FreeRTOS/Source/event_groups.c **** /*-----------------------------------------------------------*/
 724              		.loc 1 485 1 is_stmt 0 view .LVU213
 725 0042 3046     		mov	r0, r6
 726 0044 70BD     		pop	{r4, r5, r6, pc}
 485:Middlewares/Third_Party/FreeRTOS/Source/event_groups.c **** /*-----------------------------------------------------------*/
 727              		.loc 1 485 1 view .LVU214
 728              		.cfi_endproc
 729              	.LFE9:
 731              		.section	.text.xEventGroupGetBitsFromISR,"ax",%progbits
 732              		.align	1
 733              		.global	xEventGroupGetBitsFromISR
 734              		.syntax unified
 735              		.thumb
 736              		.thumb_func
 738              	xEventGroupGetBitsFromISR:
 739              	.LVL56:
 740              	.LFB10:
 504:Middlewares/Third_Party/FreeRTOS/Source/event_groups.c **** UBaseType_t uxSavedInterruptStatus;
 741              		.loc 1 504 1 is_stmt 1 view -0
 742              		.cfi_startproc
 743              		@ args = 0, pretend = 0, frame = 0
 744              		@ frame_needed = 0, uses_anonymous_args = 0
 745              		@ link register save eliminated.
ARM GAS  D:\software\msy64\tmp\ccv1Y56U.s 			page 33


 505:Middlewares/Third_Party/FreeRTOS/Source/event_groups.c **** EventGroup_t const * const pxEventBits = xEventGroup;
 746              		.loc 1 505 1 view .LVU216
 506:Middlewares/Third_Party/FreeRTOS/Source/event_groups.c **** EventBits_t uxReturn;
 747              		.loc 1 506 1 view .LVU217
 507:Middlewares/Third_Party/FreeRTOS/Source/event_groups.c **** 
 748              		.loc 1 507 1 view .LVU218
 509:Middlewares/Third_Party/FreeRTOS/Source/event_groups.c **** 	{
 749              		.loc 1 509 2 view .LVU219
 750              	.LBB57:
 751              	.LBI57:
 198:Middlewares/Third_Party/FreeRTOS/Source/portable/GCC/ARM_CM3/portmacro.h **** 	(
 199:Middlewares/Third_Party/FreeRTOS/Source/portable/GCC/ARM_CM3/portmacro.h **** 		"	mov %0, %1												\n" \
 200:Middlewares/Third_Party/FreeRTOS/Source/portable/GCC/ARM_CM3/portmacro.h **** 		"	msr basepri, %0											\n" \
 201:Middlewares/Third_Party/FreeRTOS/Source/portable/GCC/ARM_CM3/portmacro.h **** 		"	isb														\n" \
 202:Middlewares/Third_Party/FreeRTOS/Source/portable/GCC/ARM_CM3/portmacro.h **** 		"	dsb														\n" \
 203:Middlewares/Third_Party/FreeRTOS/Source/portable/GCC/ARM_CM3/portmacro.h **** 		:"=r" (ulNewBASEPRI) : "i" ( configMAX_SYSCALL_INTERRUPT_PRIORITY ) : "memory"
 204:Middlewares/Third_Party/FreeRTOS/Source/portable/GCC/ARM_CM3/portmacro.h **** 	);
 205:Middlewares/Third_Party/FreeRTOS/Source/portable/GCC/ARM_CM3/portmacro.h **** }
 206:Middlewares/Third_Party/FreeRTOS/Source/portable/GCC/ARM_CM3/portmacro.h **** 
 207:Middlewares/Third_Party/FreeRTOS/Source/portable/GCC/ARM_CM3/portmacro.h **** /*-----------------------------------------------------------*/
 208:Middlewares/Third_Party/FreeRTOS/Source/portable/GCC/ARM_CM3/portmacro.h **** 
 209:Middlewares/Third_Party/FreeRTOS/Source/portable/GCC/ARM_CM3/portmacro.h **** portFORCE_INLINE static uint32_t ulPortRaiseBASEPRI( void )
 752              		.loc 2 209 34 view .LVU220
 753              	.LBB58:
 210:Middlewares/Third_Party/FreeRTOS/Source/portable/GCC/ARM_CM3/portmacro.h **** {
 211:Middlewares/Third_Party/FreeRTOS/Source/portable/GCC/ARM_CM3/portmacro.h **** uint32_t ulOriginalBASEPRI, ulNewBASEPRI;
 754              		.loc 2 211 1 view .LVU221
 212:Middlewares/Third_Party/FreeRTOS/Source/portable/GCC/ARM_CM3/portmacro.h **** 
 213:Middlewares/Third_Party/FreeRTOS/Source/portable/GCC/ARM_CM3/portmacro.h **** 	__asm volatile
 755              		.loc 2 213 2 view .LVU222
 756              		.syntax unified
 757              	@ 213 "Middlewares/Third_Party/FreeRTOS/Source/portable/GCC/ARM_CM3/portmacro.h" 1
 758 0000 EFF31183 			mrs r3, basepri											
 759 0004 4FF05002 		mov r2, #80												
 760 0008 82F31188 		msr basepri, r2											
 761 000c BFF36F8F 		isb														
 762 0010 BFF34F8F 		dsb														
 763              	
 764              	@ 0 "" 2
 765              	.LVL57:
 214:Middlewares/Third_Party/FreeRTOS/Source/portable/GCC/ARM_CM3/portmacro.h **** 	(
 215:Middlewares/Third_Party/FreeRTOS/Source/portable/GCC/ARM_CM3/portmacro.h **** 		"	mrs %0, basepri											\n" \
 216:Middlewares/Third_Party/FreeRTOS/Source/portable/GCC/ARM_CM3/portmacro.h **** 		"	mov %1, %2												\n" \
 217:Middlewares/Third_Party/FreeRTOS/Source/portable/GCC/ARM_CM3/portmacro.h **** 		"	msr basepri, %1											\n" \
 218:Middlewares/Third_Party/FreeRTOS/Source/portable/GCC/ARM_CM3/portmacro.h **** 		"	isb														\n" \
 219:Middlewares/Third_Party/FreeRTOS/Source/portable/GCC/ARM_CM3/portmacro.h **** 		"	dsb														\n" \
 220:Middlewares/Third_Party/FreeRTOS/Source/portable/GCC/ARM_CM3/portmacro.h **** 		:"=r" (ulOriginalBASEPRI), "=r" (ulNewBASEPRI) : "i" ( configMAX_SYSCALL_INTERRUPT_PRIORITY ) : "
 221:Middlewares/Third_Party/FreeRTOS/Source/portable/GCC/ARM_CM3/portmacro.h **** 	);
 222:Middlewares/Third_Party/FreeRTOS/Source/portable/GCC/ARM_CM3/portmacro.h **** 
 223:Middlewares/Third_Party/FreeRTOS/Source/portable/GCC/ARM_CM3/portmacro.h **** 	/* This return will not be reached but is necessary to prevent compiler
 224:Middlewares/Third_Party/FreeRTOS/Source/portable/GCC/ARM_CM3/portmacro.h **** 	warnings. */
 225:Middlewares/Third_Party/FreeRTOS/Source/portable/GCC/ARM_CM3/portmacro.h **** 	return ulOriginalBASEPRI;
 766              		.loc 2 225 2 view .LVU223
 767              		.loc 2 225 2 is_stmt 0 view .LVU224
 768              		.thumb
 769              		.syntax unified
 770              	.LBE58:
ARM GAS  D:\software\msy64\tmp\ccv1Y56U.s 			page 34


 771              	.LBE57:
 511:Middlewares/Third_Party/FreeRTOS/Source/event_groups.c **** 	}
 772              		.loc 1 511 3 is_stmt 1 view .LVU225
 511:Middlewares/Third_Party/FreeRTOS/Source/event_groups.c **** 	}
 773              		.loc 1 511 12 is_stmt 0 view .LVU226
 774 0014 0068     		ldr	r0, [r0]
 775              	.LVL58:
 513:Middlewares/Third_Party/FreeRTOS/Source/event_groups.c **** 
 776              		.loc 1 513 2 is_stmt 1 view .LVU227
 777              	.LBB59:
 778              	.LBI59:
 226:Middlewares/Third_Party/FreeRTOS/Source/portable/GCC/ARM_CM3/portmacro.h **** }
 227:Middlewares/Third_Party/FreeRTOS/Source/portable/GCC/ARM_CM3/portmacro.h **** /*-----------------------------------------------------------*/
 228:Middlewares/Third_Party/FreeRTOS/Source/portable/GCC/ARM_CM3/portmacro.h **** 
 229:Middlewares/Third_Party/FreeRTOS/Source/portable/GCC/ARM_CM3/portmacro.h **** portFORCE_INLINE static void vPortSetBASEPRI( uint32_t ulNewMaskValue )
 779              		.loc 2 229 30 view .LVU228
 780              	.LBB60:
 230:Middlewares/Third_Party/FreeRTOS/Source/portable/GCC/ARM_CM3/portmacro.h **** {
 231:Middlewares/Third_Party/FreeRTOS/Source/portable/GCC/ARM_CM3/portmacro.h **** 	__asm volatile
 781              		.loc 2 231 2 view .LVU229
 782              		.syntax unified
 783              	@ 231 "Middlewares/Third_Party/FreeRTOS/Source/portable/GCC/ARM_CM3/portmacro.h" 1
 784 0016 83F31188 			msr basepri, r3	
 785              	@ 0 "" 2
 786              	.LVL59:
 787              		.loc 2 231 2 is_stmt 0 view .LVU230
 788              		.thumb
 789              		.syntax unified
 790              	.LBE60:
 791              	.LBE59:
 515:Middlewares/Third_Party/FreeRTOS/Source/event_groups.c **** } /*lint !e818 EventGroupHandle_t is a typedef used in other functions to so can't be pointer to co
 792              		.loc 1 515 2 is_stmt 1 view .LVU231
 516:Middlewares/Third_Party/FreeRTOS/Source/event_groups.c **** /*-----------------------------------------------------------*/
 793              		.loc 1 516 1 is_stmt 0 view .LVU232
 794 001a 7047     		bx	lr
 795              		.cfi_endproc
 796              	.LFE10:
 798              		.section	.text.xEventGroupSetBits,"ax",%progbits
 799              		.align	1
 800              		.global	xEventGroupSetBits
 801              		.syntax unified
 802              		.thumb
 803              		.thumb_func
 805              	xEventGroupSetBits:
 806              	.LVL60:
 807              	.LFB11:
 520:Middlewares/Third_Party/FreeRTOS/Source/event_groups.c **** ListItem_t *pxListItem, *pxNext;
 808              		.loc 1 520 1 is_stmt 1 view -0
 809              		.cfi_startproc
 810              		@ args = 0, pretend = 0, frame = 0
 811              		@ frame_needed = 0, uses_anonymous_args = 0
 520:Middlewares/Third_Party/FreeRTOS/Source/event_groups.c **** ListItem_t *pxListItem, *pxNext;
 812              		.loc 1 520 1 is_stmt 0 view .LVU234
 813 0000 F8B5     		push	{r3, r4, r5, r6, r7, lr}
 814              	.LCFI12:
 815              		.cfi_def_cfa_offset 24
 816              		.cfi_offset 3, -24
ARM GAS  D:\software\msy64\tmp\ccv1Y56U.s 			page 35


 817              		.cfi_offset 4, -20
 818              		.cfi_offset 5, -16
 819              		.cfi_offset 6, -12
 820              		.cfi_offset 7, -8
 821              		.cfi_offset 14, -4
 521:Middlewares/Third_Party/FreeRTOS/Source/event_groups.c **** ListItem_t const *pxListEnd;
 822              		.loc 1 521 1 is_stmt 1 view .LVU235
 522:Middlewares/Third_Party/FreeRTOS/Source/event_groups.c **** List_t const * pxList;
 823              		.loc 1 522 1 view .LVU236
 523:Middlewares/Third_Party/FreeRTOS/Source/event_groups.c **** EventBits_t uxBitsToClear = 0, uxBitsWaitedFor, uxControlBits;
 824              		.loc 1 523 1 view .LVU237
 524:Middlewares/Third_Party/FreeRTOS/Source/event_groups.c **** EventGroup_t *pxEventBits = xEventGroup;
 825              		.loc 1 524 1 view .LVU238
 826              	.LVL61:
 525:Middlewares/Third_Party/FreeRTOS/Source/event_groups.c **** BaseType_t xMatchFound = pdFALSE;
 827              		.loc 1 525 1 view .LVU239
 526:Middlewares/Third_Party/FreeRTOS/Source/event_groups.c **** 
 828              		.loc 1 526 1 view .LVU240
 530:Middlewares/Third_Party/FreeRTOS/Source/event_groups.c **** 	configASSERT( ( uxBitsToSet & eventEVENT_BITS_CONTROL_BYTES ) == 0 );
 829              		.loc 1 530 2 view .LVU241
 830 0002 68B1     		cbz	r0, .L61
 831 0004 0D46     		mov	r5, r1
 832 0006 0446     		mov	r4, r0
 530:Middlewares/Third_Party/FreeRTOS/Source/event_groups.c **** 	configASSERT( ( uxBitsToSet & eventEVENT_BITS_CONTROL_BYTES ) == 0 );
 833              		.loc 1 530 29 discriminator 2 view .LVU242
 531:Middlewares/Third_Party/FreeRTOS/Source/event_groups.c **** 
 834              		.loc 1 531 2 view .LVU243
 835 0008 B1F1807F 		cmp	r1, #16777216
 836 000c 11D3     		bcc	.L52
 531:Middlewares/Third_Party/FreeRTOS/Source/event_groups.c **** 
 837              		.loc 1 531 2 discriminator 1 view .LVU244
 838              	.LBB61:
 839              	.LBI61:
 193:Middlewares/Third_Party/FreeRTOS/Source/portable/GCC/ARM_CM3/portmacro.h **** {
 840              		.loc 2 193 30 view .LVU245
 841              	.LBB62:
 195:Middlewares/Third_Party/FreeRTOS/Source/portable/GCC/ARM_CM3/portmacro.h **** 
 842              		.loc 2 195 1 view .LVU246
 197:Middlewares/Third_Party/FreeRTOS/Source/portable/GCC/ARM_CM3/portmacro.h **** 	(
 843              		.loc 2 197 2 view .LVU247
 844              		.syntax unified
 845              	@ 197 "Middlewares/Third_Party/FreeRTOS/Source/portable/GCC/ARM_CM3/portmacro.h" 1
 846 000e 4FF05003 			mov r3, #80												
 847 0012 83F31188 		msr basepri, r3											
 848 0016 BFF36F8F 		isb														
 849 001a BFF34F8F 		dsb														
 850              	
 851              	@ 0 "" 2
 852              		.thumb
 853              		.syntax unified
 854              	.L53:
 855              	.LBE62:
 856              	.LBE61:
 531:Middlewares/Third_Party/FreeRTOS/Source/event_groups.c **** 
 857              		.loc 1 531 2 discriminator 3 view .LVU248
 531:Middlewares/Third_Party/FreeRTOS/Source/event_groups.c **** 
 858              		.loc 1 531 2 discriminator 3 view .LVU249
ARM GAS  D:\software\msy64\tmp\ccv1Y56U.s 			page 36


 859 001e FEE7     		b	.L53
 860              	.L61:
 530:Middlewares/Third_Party/FreeRTOS/Source/event_groups.c **** 	configASSERT( ( uxBitsToSet & eventEVENT_BITS_CONTROL_BYTES ) == 0 );
 861              		.loc 1 530 2 discriminator 1 view .LVU250
 862              	.LBB63:
 863              	.LBI63:
 193:Middlewares/Third_Party/FreeRTOS/Source/portable/GCC/ARM_CM3/portmacro.h **** {
 864              		.loc 2 193 30 view .LVU251
 865              	.LBB64:
 195:Middlewares/Third_Party/FreeRTOS/Source/portable/GCC/ARM_CM3/portmacro.h **** 
 866              		.loc 2 195 1 view .LVU252
 197:Middlewares/Third_Party/FreeRTOS/Source/portable/GCC/ARM_CM3/portmacro.h **** 	(
 867              		.loc 2 197 2 view .LVU253
 868              		.syntax unified
 869              	@ 197 "Middlewares/Third_Party/FreeRTOS/Source/portable/GCC/ARM_CM3/portmacro.h" 1
 870 0020 4FF05003 			mov r3, #80												
 871 0024 83F31188 		msr basepri, r3											
 872 0028 BFF36F8F 		isb														
 873 002c BFF34F8F 		dsb														
 874              	
 875              	@ 0 "" 2
 876              		.thumb
 877              		.syntax unified
 878              	.L51:
 879              	.LBE64:
 880              	.LBE63:
 530:Middlewares/Third_Party/FreeRTOS/Source/event_groups.c **** 	configASSERT( ( uxBitsToSet & eventEVENT_BITS_CONTROL_BYTES ) == 0 );
 881              		.loc 1 530 2 discriminator 3 view .LVU254
 530:Middlewares/Third_Party/FreeRTOS/Source/event_groups.c **** 	configASSERT( ( uxBitsToSet & eventEVENT_BITS_CONTROL_BYTES ) == 0 );
 882              		.loc 1 530 2 discriminator 3 view .LVU255
 883 0030 FEE7     		b	.L51
 884              	.L52:
 531:Middlewares/Third_Party/FreeRTOS/Source/event_groups.c **** 
 885              		.loc 1 531 70 discriminator 2 view .LVU256
 533:Middlewares/Third_Party/FreeRTOS/Source/event_groups.c **** 	pxListEnd = listGET_END_MARKER( pxList ); /*lint !e826 !e740 !e9087 The mini list structure is use
 886              		.loc 1 533 2 view .LVU257
 887              	.LVL62:
 534:Middlewares/Third_Party/FreeRTOS/Source/event_groups.c **** 	vTaskSuspendAll();
 888              		.loc 1 534 2 view .LVU258
 534:Middlewares/Third_Party/FreeRTOS/Source/event_groups.c **** 	vTaskSuspendAll();
 889              		.loc 1 534 12 is_stmt 0 view .LVU259
 890 0032 00F10C06 		add	r6, r0, #12
 891              	.LVL63:
 535:Middlewares/Third_Party/FreeRTOS/Source/event_groups.c **** 	{
 892              		.loc 1 535 2 is_stmt 1 view .LVU260
 893 0036 FFF7FEFF 		bl	vTaskSuspendAll
 894              	.LVL64:
 537:Middlewares/Third_Party/FreeRTOS/Source/event_groups.c **** 
 895              		.loc 1 537 56 view .LVU261
 539:Middlewares/Third_Party/FreeRTOS/Source/event_groups.c **** 
 896              		.loc 1 539 3 view .LVU262
 539:Middlewares/Third_Party/FreeRTOS/Source/event_groups.c **** 
 897              		.loc 1 539 14 is_stmt 0 view .LVU263
 898 003a 2069     		ldr	r0, [r4, #16]
 899              	.LVL65:
 542:Middlewares/Third_Party/FreeRTOS/Source/event_groups.c **** 
 900              		.loc 1 542 3 is_stmt 1 view .LVU264
ARM GAS  D:\software\msy64\tmp\ccv1Y56U.s 			page 37


 542:Middlewares/Third_Party/FreeRTOS/Source/event_groups.c **** 
 901              		.loc 1 542 14 is_stmt 0 view .LVU265
 902 003c 2368     		ldr	r3, [r4]
 542:Middlewares/Third_Party/FreeRTOS/Source/event_groups.c **** 
 903              		.loc 1 542 28 view .LVU266
 904 003e 2B43     		orrs	r3, r3, r5
 905 0040 2360     		str	r3, [r4]
 545:Middlewares/Third_Party/FreeRTOS/Source/event_groups.c **** 		{
 906              		.loc 1 545 3 is_stmt 1 view .LVU267
 524:Middlewares/Third_Party/FreeRTOS/Source/event_groups.c **** EventGroup_t *pxEventBits = xEventGroup;
 907              		.loc 1 524 13 is_stmt 0 view .LVU268
 908 0042 0027     		movs	r7, #0
 545:Middlewares/Third_Party/FreeRTOS/Source/event_groups.c **** 		{
 909              		.loc 1 545 8 view .LVU269
 910 0044 0AE0     		b	.L54
 911              	.LVL66:
 912              	.L55:
 567:Middlewares/Third_Party/FreeRTOS/Source/event_groups.c **** 			{
 913              		.loc 1 567 9 is_stmt 1 view .LVU270
 567:Middlewares/Third_Party/FreeRTOS/Source/event_groups.c **** 			{
 914              		.loc 1 567 44 is_stmt 0 view .LVU271
 915 0046 2168     		ldr	r1, [r4]
 567:Middlewares/Third_Party/FreeRTOS/Source/event_groups.c **** 			{
 916              		.loc 1 567 11 view .LVU272
 917 0048 32EA0101 		bics	r1, r2, r1
 918 004c 05D1     		bne	.L57
 567:Middlewares/Third_Party/FreeRTOS/Source/event_groups.c **** 			{
 919              		.loc 1 567 11 view .LVU273
 920 004e 11E0     		b	.L56
 921              	.LVL67:
 922              	.L58:
 586:Middlewares/Third_Party/FreeRTOS/Source/event_groups.c **** 				}
 923              		.loc 1 586 30 is_stmt 1 view .LVU274
 594:Middlewares/Third_Party/FreeRTOS/Source/event_groups.c **** 			}
 924              		.loc 1 594 5 view .LVU275
 594:Middlewares/Third_Party/FreeRTOS/Source/event_groups.c **** 			}
 925              		.loc 1 594 63 is_stmt 0 view .LVU276
 926 0050 2168     		ldr	r1, [r4]
 594:Middlewares/Third_Party/FreeRTOS/Source/event_groups.c **** 			}
 927              		.loc 1 594 5 view .LVU277
 928 0052 41F00071 		orr	r1, r1, #33554432
 929 0056 FFF7FEFF 		bl	vTaskRemoveFromUnorderedEventList
 930              	.LVL68:
 931              	.L57:
 520:Middlewares/Third_Party/FreeRTOS/Source/event_groups.c **** ListItem_t *pxListItem, *pxNext;
 932              		.loc 1 520 1 view .LVU278
 933 005a 2846     		mov	r0, r5
 934              	.LVL69:
 935              	.L54:
 545:Middlewares/Third_Party/FreeRTOS/Source/event_groups.c **** 		{
 936              		.loc 1 545 21 is_stmt 1 view .LVU279
 937 005c B042     		cmp	r0, r6
 938 005e 0ED0     		beq	.L62
 547:Middlewares/Third_Party/FreeRTOS/Source/event_groups.c **** 			uxBitsWaitedFor = listGET_LIST_ITEM_VALUE( pxListItem );
 939              		.loc 1 547 4 view .LVU280
 547:Middlewares/Third_Party/FreeRTOS/Source/event_groups.c **** 			uxBitsWaitedFor = listGET_LIST_ITEM_VALUE( pxListItem );
 940              		.loc 1 547 11 is_stmt 0 view .LVU281
ARM GAS  D:\software\msy64\tmp\ccv1Y56U.s 			page 38


 941 0060 4568     		ldr	r5, [r0, #4]
 942              	.LVL70:
 548:Middlewares/Third_Party/FreeRTOS/Source/event_groups.c **** 			xMatchFound = pdFALSE;
 943              		.loc 1 548 4 is_stmt 1 view .LVU282
 548:Middlewares/Third_Party/FreeRTOS/Source/event_groups.c **** 			xMatchFound = pdFALSE;
 944              		.loc 1 548 20 is_stmt 0 view .LVU283
 945 0062 0368     		ldr	r3, [r0]
 946              	.LVL71:
 549:Middlewares/Third_Party/FreeRTOS/Source/event_groups.c **** 
 947              		.loc 1 549 4 is_stmt 1 view .LVU284
 552:Middlewares/Third_Party/FreeRTOS/Source/event_groups.c **** 			uxBitsWaitedFor &= ~eventEVENT_BITS_CONTROL_BYTES;
 948              		.loc 1 552 4 view .LVU285
 553:Middlewares/Third_Party/FreeRTOS/Source/event_groups.c **** 
 949              		.loc 1 553 4 view .LVU286
 553:Middlewares/Third_Party/FreeRTOS/Source/event_groups.c **** 
 950              		.loc 1 553 20 is_stmt 0 view .LVU287
 951 0064 23F07F42 		bic	r2, r3, #-16777216
 952              	.LVL72:
 555:Middlewares/Third_Party/FreeRTOS/Source/event_groups.c **** 			{
 953              		.loc 1 555 4 is_stmt 1 view .LVU288
 555:Middlewares/Third_Party/FreeRTOS/Source/event_groups.c **** 			{
 954              		.loc 1 555 6 is_stmt 0 view .LVU289
 955 0068 13F0806F 		tst	r3, #67108864
 956 006c EBD1     		bne	.L55
 558:Middlewares/Third_Party/FreeRTOS/Source/event_groups.c **** 				{
 957              		.loc 1 558 5 is_stmt 1 view .LVU290
 558:Middlewares/Third_Party/FreeRTOS/Source/event_groups.c **** 				{
 958              		.loc 1 558 40 is_stmt 0 view .LVU291
 959 006e 2168     		ldr	r1, [r4]
 558:Middlewares/Third_Party/FreeRTOS/Source/event_groups.c **** 				{
 960              		.loc 1 558 7 view .LVU292
 961 0070 1142     		tst	r1, r2
 962 0072 F2D0     		beq	.L57
 963              	.L56:
 964              	.LVL73:
 580:Middlewares/Third_Party/FreeRTOS/Source/event_groups.c **** 				{
 965              		.loc 1 580 5 is_stmt 1 view .LVU293
 580:Middlewares/Third_Party/FreeRTOS/Source/event_groups.c **** 				{
 966              		.loc 1 580 7 is_stmt 0 view .LVU294
 967 0074 13F0807F 		tst	r3, #16777216
 968 0078 EAD0     		beq	.L58
 582:Middlewares/Third_Party/FreeRTOS/Source/event_groups.c **** 				}
 969              		.loc 1 582 6 is_stmt 1 view .LVU295
 582:Middlewares/Third_Party/FreeRTOS/Source/event_groups.c **** 				}
 970              		.loc 1 582 20 is_stmt 0 view .LVU296
 971 007a 1743     		orrs	r7, r7, r2
 972              	.LVL74:
 582:Middlewares/Third_Party/FreeRTOS/Source/event_groups.c **** 				}
 973              		.loc 1 582 20 view .LVU297
 974 007c E8E7     		b	.L58
 975              	.LVL75:
 976              	.L62:
 605:Middlewares/Third_Party/FreeRTOS/Source/event_groups.c **** 	}
 977              		.loc 1 605 3 is_stmt 1 view .LVU298
 605:Middlewares/Third_Party/FreeRTOS/Source/event_groups.c **** 	}
 978              		.loc 1 605 14 is_stmt 0 view .LVU299
 979 007e 2368     		ldr	r3, [r4]
ARM GAS  D:\software\msy64\tmp\ccv1Y56U.s 			page 39


 605:Middlewares/Third_Party/FreeRTOS/Source/event_groups.c **** 	}
 980              		.loc 1 605 28 view .LVU300
 981 0080 23EA0703 		bic	r3, r3, r7
 982 0084 2360     		str	r3, [r4]
 607:Middlewares/Third_Party/FreeRTOS/Source/event_groups.c **** 
 983              		.loc 1 607 2 is_stmt 1 view .LVU301
 607:Middlewares/Third_Party/FreeRTOS/Source/event_groups.c **** 
 984              		.loc 1 607 11 is_stmt 0 view .LVU302
 985 0086 FFF7FEFF 		bl	xTaskResumeAll
 986              	.LVL76:
 609:Middlewares/Third_Party/FreeRTOS/Source/event_groups.c **** }
 987              		.loc 1 609 2 is_stmt 1 view .LVU303
 610:Middlewares/Third_Party/FreeRTOS/Source/event_groups.c **** /*-----------------------------------------------------------*/
 988              		.loc 1 610 1 is_stmt 0 view .LVU304
 989 008a 2068     		ldr	r0, [r4]
 990 008c F8BD     		pop	{r3, r4, r5, r6, r7, pc}
 610:Middlewares/Third_Party/FreeRTOS/Source/event_groups.c **** /*-----------------------------------------------------------*/
 991              		.loc 1 610 1 view .LVU305
 992              		.cfi_endproc
 993              	.LFE11:
 995              		.section	.text.xEventGroupSync,"ax",%progbits
 996              		.align	1
 997              		.global	xEventGroupSync
 998              		.syntax unified
 999              		.thumb
 1000              		.thumb_func
 1002              	xEventGroupSync:
 1003              	.LVL77:
 1004              	.LFB7:
 192:Middlewares/Third_Party/FreeRTOS/Source/event_groups.c **** EventBits_t uxOriginalBitValue, uxReturn;
 1005              		.loc 1 192 1 is_stmt 1 view -0
 1006              		.cfi_startproc
 1007              		@ args = 0, pretend = 0, frame = 0
 1008              		@ frame_needed = 0, uses_anonymous_args = 0
 193:Middlewares/Third_Party/FreeRTOS/Source/event_groups.c **** EventGroup_t *pxEventBits = xEventGroup;
 1009              		.loc 1 193 1 view .LVU307
 194:Middlewares/Third_Party/FreeRTOS/Source/event_groups.c **** BaseType_t xAlreadyYielded;
 1010              		.loc 1 194 1 view .LVU308
 195:Middlewares/Third_Party/FreeRTOS/Source/event_groups.c **** BaseType_t xTimeoutOccurred = pdFALSE;
 1011              		.loc 1 195 1 view .LVU309
 196:Middlewares/Third_Party/FreeRTOS/Source/event_groups.c **** 
 1012              		.loc 1 196 1 view .LVU310
 198:Middlewares/Third_Party/FreeRTOS/Source/event_groups.c **** 	configASSERT( uxBitsToWaitFor != 0 );
 1013              		.loc 1 198 2 view .LVU311
 1014 0000 B2F1807F 		cmp	r2, #16777216
 1015 0004 08D3     		bcc	.L64
 198:Middlewares/Third_Party/FreeRTOS/Source/event_groups.c **** 	configASSERT( uxBitsToWaitFor != 0 );
 1016              		.loc 1 198 2 discriminator 1 view .LVU312
 1017              	.LBB65:
 1018              	.LBI65:
 193:Middlewares/Third_Party/FreeRTOS/Source/portable/GCC/ARM_CM3/portmacro.h **** {
 1019              		.loc 2 193 30 view .LVU313
 1020              	.LBB66:
 195:Middlewares/Third_Party/FreeRTOS/Source/portable/GCC/ARM_CM3/portmacro.h **** 
 1021              		.loc 2 195 1 view .LVU314
 197:Middlewares/Third_Party/FreeRTOS/Source/portable/GCC/ARM_CM3/portmacro.h **** 	(
 1022              		.loc 2 197 2 view .LVU315
ARM GAS  D:\software\msy64\tmp\ccv1Y56U.s 			page 40


 1023              		.syntax unified
 1024              	@ 197 "Middlewares/Third_Party/FreeRTOS/Source/portable/GCC/ARM_CM3/portmacro.h" 1
 1025 0006 4FF05003 			mov r3, #80												
 1026 000a 83F31188 		msr basepri, r3											
 1027 000e BFF36F8F 		isb														
 1028 0012 BFF34F8F 		dsb														
 1029              	
 1030              	@ 0 "" 2
 1031              	.LVL78:
 1032              		.thumb
 1033              		.syntax unified
 1034              	.L65:
 197:Middlewares/Third_Party/FreeRTOS/Source/portable/GCC/ARM_CM3/portmacro.h **** 	(
 1035              		.loc 2 197 2 is_stmt 0 view .LVU316
 1036              	.LBE66:
 1037              	.LBE65:
 198:Middlewares/Third_Party/FreeRTOS/Source/event_groups.c **** 	configASSERT( uxBitsToWaitFor != 0 );
 1038              		.loc 1 198 2 is_stmt 1 discriminator 3 view .LVU317
 198:Middlewares/Third_Party/FreeRTOS/Source/event_groups.c **** 	configASSERT( uxBitsToWaitFor != 0 );
 1039              		.loc 1 198 2 discriminator 3 view .LVU318
 1040 0016 FEE7     		b	.L65
 1041              	.LVL79:
 1042              	.L64:
 192:Middlewares/Third_Party/FreeRTOS/Source/event_groups.c **** EventBits_t uxOriginalBitValue, uxReturn;
 1043              		.loc 1 192 1 is_stmt 0 view .LVU319
 1044 0018 2DE9F041 		push	{r4, r5, r6, r7, r8, lr}
 1045              	.LCFI13:
 1046              		.cfi_def_cfa_offset 24
 1047              		.cfi_offset 4, -24
 1048              		.cfi_offset 5, -20
 1049              		.cfi_offset 6, -16
 1050              		.cfi_offset 7, -12
 1051              		.cfi_offset 8, -8
 1052              		.cfi_offset 14, -4
 1053 001c 0746     		mov	r7, r0
 1054 001e 0D46     		mov	r5, r1
 1055 0020 1446     		mov	r4, r2
 1056 0022 1E46     		mov	r6, r3
 198:Middlewares/Third_Party/FreeRTOS/Source/event_groups.c **** 	configASSERT( uxBitsToWaitFor != 0 );
 1057              		.loc 1 198 74 is_stmt 1 discriminator 2 view .LVU320
 199:Middlewares/Third_Party/FreeRTOS/Source/event_groups.c **** 	#if ( ( INCLUDE_xTaskGetSchedulerState == 1 ) || ( configUSE_TIMERS == 1 ) )
 1058              		.loc 1 199 2 view .LVU321
 1059 0024 42B9     		cbnz	r2, .L66
 199:Middlewares/Third_Party/FreeRTOS/Source/event_groups.c **** 	#if ( ( INCLUDE_xTaskGetSchedulerState == 1 ) || ( configUSE_TIMERS == 1 ) )
 1060              		.loc 1 199 2 discriminator 1 view .LVU322
 1061              	.LBB67:
 1062              	.LBI67:
 193:Middlewares/Third_Party/FreeRTOS/Source/portable/GCC/ARM_CM3/portmacro.h **** {
 1063              		.loc 2 193 30 view .LVU323
 1064              	.LBB68:
 195:Middlewares/Third_Party/FreeRTOS/Source/portable/GCC/ARM_CM3/portmacro.h **** 
 1065              		.loc 2 195 1 view .LVU324
 197:Middlewares/Third_Party/FreeRTOS/Source/portable/GCC/ARM_CM3/portmacro.h **** 	(
 1066              		.loc 2 197 2 view .LVU325
 1067              		.syntax unified
 1068              	@ 197 "Middlewares/Third_Party/FreeRTOS/Source/portable/GCC/ARM_CM3/portmacro.h" 1
 1069 0026 4FF05003 			mov r3, #80												
ARM GAS  D:\software\msy64\tmp\ccv1Y56U.s 			page 41


 1070 002a 83F31188 		msr basepri, r3											
 1071 002e BFF36F8F 		isb														
 1072 0032 BFF34F8F 		dsb														
 1073              	
 1074              	@ 0 "" 2
 1075              	.LVL80:
 1076              		.thumb
 1077              		.syntax unified
 1078              	.L67:
 197:Middlewares/Third_Party/FreeRTOS/Source/portable/GCC/ARM_CM3/portmacro.h **** 	(
 1079              		.loc 2 197 2 is_stmt 0 view .LVU326
 1080              	.LBE68:
 1081              	.LBE67:
 199:Middlewares/Third_Party/FreeRTOS/Source/event_groups.c **** 	#if ( ( INCLUDE_xTaskGetSchedulerState == 1 ) || ( configUSE_TIMERS == 1 ) )
 1082              		.loc 1 199 2 is_stmt 1 discriminator 3 view .LVU327
 199:Middlewares/Third_Party/FreeRTOS/Source/event_groups.c **** 	#if ( ( INCLUDE_xTaskGetSchedulerState == 1 ) || ( configUSE_TIMERS == 1 ) )
 1083              		.loc 1 199 2 discriminator 3 view .LVU328
 1084 0036 FEE7     		b	.L67
 1085              	.LVL81:
 1086              	.L66:
 199:Middlewares/Third_Party/FreeRTOS/Source/event_groups.c **** 	#if ( ( INCLUDE_xTaskGetSchedulerState == 1 ) || ( configUSE_TIMERS == 1 ) )
 1087              		.loc 1 199 38 discriminator 2 view .LVU329
 202:Middlewares/Third_Party/FreeRTOS/Source/event_groups.c **** 	}
 1088              		.loc 1 202 3 view .LVU330
 1089 0038 FFF7FEFF 		bl	xTaskGetSchedulerState
 1090              	.LVL82:
 202:Middlewares/Third_Party/FreeRTOS/Source/event_groups.c **** 	}
 1091              		.loc 1 202 3 is_stmt 0 discriminator 1 view .LVU331
 1092 003c 48B9     		cbnz	r0, .L68
 202:Middlewares/Third_Party/FreeRTOS/Source/event_groups.c **** 	}
 1093              		.loc 1 202 3 discriminator 2 view .LVU332
 1094 003e 46B1     		cbz	r6, .L68
 202:Middlewares/Third_Party/FreeRTOS/Source/event_groups.c **** 	}
 1095              		.loc 1 202 3 is_stmt 1 discriminator 7 view .LVU333
 1096              	.LBB69:
 1097              	.LBI69:
 193:Middlewares/Third_Party/FreeRTOS/Source/portable/GCC/ARM_CM3/portmacro.h **** {
 1098              		.loc 2 193 30 view .LVU334
 1099              	.LBB70:
 195:Middlewares/Third_Party/FreeRTOS/Source/portable/GCC/ARM_CM3/portmacro.h **** 
 1100              		.loc 2 195 1 view .LVU335
 197:Middlewares/Third_Party/FreeRTOS/Source/portable/GCC/ARM_CM3/portmacro.h **** 	(
 1101              		.loc 2 197 2 view .LVU336
 1102              		.syntax unified
 1103              	@ 197 "Middlewares/Third_Party/FreeRTOS/Source/portable/GCC/ARM_CM3/portmacro.h" 1
 1104 0040 4FF05003 			mov r3, #80												
 1105 0044 83F31188 		msr basepri, r3											
 1106 0048 BFF36F8F 		isb														
 1107 004c BFF34F8F 		dsb														
 1108              	
 1109              	@ 0 "" 2
 1110              		.thumb
 1111              		.syntax unified
 1112              	.L69:
 1113              	.LBE70:
 1114              	.LBE69:
 202:Middlewares/Third_Party/FreeRTOS/Source/event_groups.c **** 	}
ARM GAS  D:\software\msy64\tmp\ccv1Y56U.s 			page 42


 1115              		.loc 1 202 3 discriminator 9 view .LVU337
 202:Middlewares/Third_Party/FreeRTOS/Source/event_groups.c **** 	}
 1116              		.loc 1 202 3 discriminator 9 view .LVU338
 1117 0050 FEE7     		b	.L69
 1118              	.L68:
 202:Middlewares/Third_Party/FreeRTOS/Source/event_groups.c **** 	}
 1119              		.loc 1 202 104 discriminator 8 view .LVU339
 206:Middlewares/Third_Party/FreeRTOS/Source/event_groups.c **** 	{
 1120              		.loc 1 206 2 view .LVU340
 1121 0052 FFF7FEFF 		bl	vTaskSuspendAll
 1122              	.LVL83:
 208:Middlewares/Third_Party/FreeRTOS/Source/event_groups.c **** 
 1123              		.loc 1 208 3 view .LVU341
 208:Middlewares/Third_Party/FreeRTOS/Source/event_groups.c **** 
 1124              		.loc 1 208 22 is_stmt 0 view .LVU342
 1125 0056 D7F80080 		ldr	r8, [r7]
 1126              	.LVL84:
 210:Middlewares/Third_Party/FreeRTOS/Source/event_groups.c **** 
 1127              		.loc 1 210 3 is_stmt 1 view .LVU343
 210:Middlewares/Third_Party/FreeRTOS/Source/event_groups.c **** 
 1128              		.loc 1 210 12 is_stmt 0 view .LVU344
 1129 005a 2946     		mov	r1, r5
 1130 005c 3846     		mov	r0, r7
 1131 005e FFF7FEFF 		bl	xEventGroupSetBits
 1132              	.LVL85:
 212:Middlewares/Third_Party/FreeRTOS/Source/event_groups.c **** 		{
 1133              		.loc 1 212 3 is_stmt 1 view .LVU345
 212:Middlewares/Third_Party/FreeRTOS/Source/event_groups.c **** 		{
 1134              		.loc 1 212 30 is_stmt 0 view .LVU346
 1135 0062 48EA0505 		orr	r5, r8, r5
 1136              	.LVL86:
 212:Middlewares/Third_Party/FreeRTOS/Source/event_groups.c **** 		{
 1137              		.loc 1 212 5 view .LVU347
 1138 0066 34EA0503 		bics	r3, r4, r5
 1139 006a 1AD0     		beq	.L79
 225:Middlewares/Third_Party/FreeRTOS/Source/event_groups.c **** 			{
 1140              		.loc 1 225 4 is_stmt 1 view .LVU348
 225:Middlewares/Third_Party/FreeRTOS/Source/event_groups.c **** 			{
 1141              		.loc 1 225 6 is_stmt 0 view .LVU349
 1142 006c FEB9     		cbnz	r6, .L80
 244:Middlewares/Third_Party/FreeRTOS/Source/event_groups.c **** 				xTimeoutOccurred = pdTRUE;
 1143              		.loc 1 244 5 is_stmt 1 view .LVU350
 244:Middlewares/Third_Party/FreeRTOS/Source/event_groups.c **** 				xTimeoutOccurred = pdTRUE;
 1144              		.loc 1 244 14 is_stmt 0 view .LVU351
 1145 006e 3D68     		ldr	r5, [r7]
 1146              	.LVL87:
 245:Middlewares/Third_Party/FreeRTOS/Source/event_groups.c **** 			}
 1147              		.loc 1 245 5 is_stmt 1 view .LVU352
 1148              	.L71:
 249:Middlewares/Third_Party/FreeRTOS/Source/event_groups.c **** 
 1149              		.loc 1 249 2 view .LVU353
 249:Middlewares/Third_Party/FreeRTOS/Source/event_groups.c **** 
 1150              		.loc 1 249 20 is_stmt 0 view .LVU354
 1151 0070 FFF7FEFF 		bl	xTaskResumeAll
 1152              	.LVL88:
 251:Middlewares/Third_Party/FreeRTOS/Source/event_groups.c **** 	{
 1153              		.loc 1 251 2 is_stmt 1 view .LVU355
ARM GAS  D:\software\msy64\tmp\ccv1Y56U.s 			page 43


 251:Middlewares/Third_Party/FreeRTOS/Source/event_groups.c **** 	{
 1154              		.loc 1 251 4 is_stmt 0 view .LVU356
 1155 0074 96B1     		cbz	r6, .L63
 253:Middlewares/Third_Party/FreeRTOS/Source/event_groups.c **** 		{
 1156              		.loc 1 253 3 is_stmt 1 view .LVU357
 253:Middlewares/Third_Party/FreeRTOS/Source/event_groups.c **** 		{
 1157              		.loc 1 253 5 is_stmt 0 view .LVU358
 1158 0076 48B9     		cbnz	r0, .L74
 255:Middlewares/Third_Party/FreeRTOS/Source/event_groups.c **** 		}
 1159              		.loc 1 255 4 is_stmt 1 view .LVU359
 1160 0078 4FF0E023 		mov	r3, #-536813568
 1161 007c 4FF08052 		mov	r2, #268435456
 1162 0080 C3F8042D 		str	r2, [r3, #3332]
 255:Middlewares/Third_Party/FreeRTOS/Source/event_groups.c **** 		}
 1163              		.loc 1 255 4 view .LVU360
 1164              		.syntax unified
 1165              	@ 255 "Middlewares/Third_Party/FreeRTOS/Source/event_groups.c" 1
 1166 0084 BFF34F8F 		dsb
 1167              	@ 0 "" 2
 255:Middlewares/Third_Party/FreeRTOS/Source/event_groups.c **** 		}
 1168              		.loc 1 255 4 view .LVU361
 1169              	@ 255 "Middlewares/Third_Party/FreeRTOS/Source/event_groups.c" 1
 1170 0088 BFF36F8F 		isb
 1171              	@ 0 "" 2
 255:Middlewares/Third_Party/FreeRTOS/Source/event_groups.c **** 		}
 1172              		.loc 1 255 26 view .LVU362
 1173              		.thumb
 1174              		.syntax unified
 1175              	.L74:
 259:Middlewares/Third_Party/FreeRTOS/Source/event_groups.c **** 		}
 1176              		.loc 1 259 28 view .LVU363
 266:Middlewares/Third_Party/FreeRTOS/Source/event_groups.c **** 
 1177              		.loc 1 266 3 view .LVU364
 266:Middlewares/Third_Party/FreeRTOS/Source/event_groups.c **** 
 1178              		.loc 1 266 14 is_stmt 0 view .LVU365
 1179 008c FFF7FEFF 		bl	uxTaskResetEventItemValue
 1180              	.LVL89:
 266:Middlewares/Third_Party/FreeRTOS/Source/event_groups.c **** 
 1181              		.loc 1 266 14 view .LVU366
 1182 0090 0546     		mov	r5, r0
 1183              	.LVL90:
 268:Middlewares/Third_Party/FreeRTOS/Source/event_groups.c **** 		{
 1184              		.loc 1 268 3 is_stmt 1 view .LVU367
 268:Middlewares/Third_Party/FreeRTOS/Source/event_groups.c **** 		{
 1185              		.loc 1 268 5 is_stmt 0 view .LVU368
 1186 0092 10F0007F 		tst	r0, #33554432
 1187 0096 12D0     		beq	.L81
 1188              	.LVL91:
 1189              	.L75:
 295:Middlewares/Third_Party/FreeRTOS/Source/event_groups.c **** 
 1190              		.loc 1 295 3 is_stmt 1 view .LVU369
 299:Middlewares/Third_Party/FreeRTOS/Source/event_groups.c **** 	}
 1191              		.loc 1 299 3 view .LVU370
 299:Middlewares/Third_Party/FreeRTOS/Source/event_groups.c **** 	}
 1192              		.loc 1 299 12 is_stmt 0 view .LVU371
 1193 0098 25F07F45 		bic	r5, r5, #-16777216
 1194              	.LVL92:
ARM GAS  D:\software\msy64\tmp\ccv1Y56U.s 			page 44


 302:Middlewares/Third_Party/FreeRTOS/Source/event_groups.c **** 
 1195              		.loc 1 302 2 is_stmt 1 view .LVU372
 305:Middlewares/Third_Party/FreeRTOS/Source/event_groups.c **** 
 1196              		.loc 1 305 2 view .LVU373
 307:Middlewares/Third_Party/FreeRTOS/Source/event_groups.c **** }
 1197              		.loc 1 307 2 view .LVU374
 1198              	.L63:
 308:Middlewares/Third_Party/FreeRTOS/Source/event_groups.c **** /*-----------------------------------------------------------*/
 1199              		.loc 1 308 1 is_stmt 0 view .LVU375
 1200 009c 2846     		mov	r0, r5
 1201 009e BDE8F081 		pop	{r4, r5, r6, r7, r8, pc}
 1202              	.LVL93:
 1203              	.L79:
 215:Middlewares/Third_Party/FreeRTOS/Source/event_groups.c **** 
 1204              		.loc 1 215 4 is_stmt 1 view .LVU376
 219:Middlewares/Third_Party/FreeRTOS/Source/event_groups.c **** 
 1205              		.loc 1 219 4 view .LVU377
 219:Middlewares/Third_Party/FreeRTOS/Source/event_groups.c **** 
 1206              		.loc 1 219 15 is_stmt 0 view .LVU378
 1207 00a2 3B68     		ldr	r3, [r7]
 219:Middlewares/Third_Party/FreeRTOS/Source/event_groups.c **** 
 1208              		.loc 1 219 29 view .LVU379
 1209 00a4 23EA0403 		bic	r3, r3, r4
 1210 00a8 3B60     		str	r3, [r7]
 221:Middlewares/Third_Party/FreeRTOS/Source/event_groups.c **** 		}
 1211              		.loc 1 221 4 is_stmt 1 view .LVU380
 1212              	.LVL94:
 221:Middlewares/Third_Party/FreeRTOS/Source/event_groups.c **** 		}
 1213              		.loc 1 221 17 is_stmt 0 view .LVU381
 1214 00aa 0026     		movs	r6, #0
 1215 00ac E0E7     		b	.L71
 1216              	.LVL95:
 1217              	.L80:
 227:Middlewares/Third_Party/FreeRTOS/Source/event_groups.c **** 
 1218              		.loc 1 227 77 is_stmt 1 view .LVU382
 232:Middlewares/Third_Party/FreeRTOS/Source/event_groups.c **** 
 1219              		.loc 1 232 5 view .LVU383
 1220 00ae 3246     		mov	r2, r6
 1221 00b0 44F0A061 		orr	r1, r4, #83886080
 1222 00b4 381D     		adds	r0, r7, #4
 1223 00b6 FFF7FEFF 		bl	vTaskPlaceOnUnorderedEventList
 1224              	.LVL96:
 238:Middlewares/Third_Party/FreeRTOS/Source/event_groups.c **** 			}
 1225              		.loc 1 238 5 view .LVU384
 238:Middlewares/Third_Party/FreeRTOS/Source/event_groups.c **** 			}
 1226              		.loc 1 238 14 is_stmt 0 view .LVU385
 1227 00ba 0025     		movs	r5, #0
 1228 00bc D8E7     		b	.L71
 1229              	.LVL97:
 1230              	.L81:
 271:Middlewares/Third_Party/FreeRTOS/Source/event_groups.c **** 			{
 1231              		.loc 1 271 4 is_stmt 1 view .LVU386
 1232 00be FFF7FEFF 		bl	vPortEnterCritical
 1233              	.LVL98:
 273:Middlewares/Third_Party/FreeRTOS/Source/event_groups.c **** 
 1234              		.loc 1 273 5 view .LVU387
 273:Middlewares/Third_Party/FreeRTOS/Source/event_groups.c **** 
ARM GAS  D:\software\msy64\tmp\ccv1Y56U.s 			page 45


 1235              		.loc 1 273 14 is_stmt 0 view .LVU388
 1236 00c2 3D68     		ldr	r5, [r7]
 1237              	.LVL99:
 279:Middlewares/Third_Party/FreeRTOS/Source/event_groups.c **** 				{
 1238              		.loc 1 279 5 is_stmt 1 view .LVU389
 279:Middlewares/Third_Party/FreeRTOS/Source/event_groups.c **** 				{
 1239              		.loc 1 279 7 is_stmt 0 view .LVU390
 1240 00c4 34EA0503 		bics	r3, r4, r5
 1241 00c8 02D0     		beq	.L82
 1242              	.LVL100:
 1243              	.L76:
 285:Middlewares/Third_Party/FreeRTOS/Source/event_groups.c **** 				}
 1244              		.loc 1 285 30 is_stmt 1 view .LVU391
 288:Middlewares/Third_Party/FreeRTOS/Source/event_groups.c **** 
 1245              		.loc 1 288 4 view .LVU392
 1246 00ca FFF7FEFF 		bl	vPortExitCritical
 1247              	.LVL101:
 290:Middlewares/Third_Party/FreeRTOS/Source/event_groups.c **** 		}
 1248              		.loc 1 290 4 view .LVU393
 290:Middlewares/Third_Party/FreeRTOS/Source/event_groups.c **** 		}
 1249              		.loc 1 290 4 is_stmt 0 view .LVU394
 1250 00ce E3E7     		b	.L75
 1251              	.LVL102:
 1252              	.L82:
 281:Middlewares/Third_Party/FreeRTOS/Source/event_groups.c **** 				}
 1253              		.loc 1 281 6 is_stmt 1 view .LVU395
 281:Middlewares/Third_Party/FreeRTOS/Source/event_groups.c **** 				}
 1254              		.loc 1 281 31 is_stmt 0 view .LVU396
 1255 00d0 25EA0404 		bic	r4, r5, r4
 1256              	.LVL103:
 281:Middlewares/Third_Party/FreeRTOS/Source/event_groups.c **** 				}
 1257              		.loc 1 281 31 view .LVU397
 1258 00d4 3C60     		str	r4, [r7]
 1259 00d6 F8E7     		b	.L76
 1260              		.cfi_endproc
 1261              	.LFE7:
 1263              		.section	.text.vEventGroupDelete,"ax",%progbits
 1264              		.align	1
 1265              		.global	vEventGroupDelete
 1266              		.syntax unified
 1267              		.thumb
 1268              		.thumb_func
 1270              	vEventGroupDelete:
 1271              	.LVL104:
 1272              	.LFB12:
 614:Middlewares/Third_Party/FreeRTOS/Source/event_groups.c **** EventGroup_t *pxEventBits = xEventGroup;
 1273              		.loc 1 614 1 is_stmt 1 view -0
 1274              		.cfi_startproc
 1275              		@ args = 0, pretend = 0, frame = 0
 1276              		@ frame_needed = 0, uses_anonymous_args = 0
 614:Middlewares/Third_Party/FreeRTOS/Source/event_groups.c **** EventGroup_t *pxEventBits = xEventGroup;
 1277              		.loc 1 614 1 is_stmt 0 view .LVU399
 1278 0000 10B5     		push	{r4, lr}
 1279              	.LCFI14:
 1280              		.cfi_def_cfa_offset 8
 1281              		.cfi_offset 4, -8
 1282              		.cfi_offset 14, -4
ARM GAS  D:\software\msy64\tmp\ccv1Y56U.s 			page 46


 1283 0002 0446     		mov	r4, r0
 615:Middlewares/Third_Party/FreeRTOS/Source/event_groups.c **** const List_t *pxTasksWaitingForBits = &( pxEventBits->xTasksWaitingForBits );
 1284              		.loc 1 615 1 is_stmt 1 view .LVU400
 1285              	.LVL105:
 616:Middlewares/Third_Party/FreeRTOS/Source/event_groups.c **** 
 1286              		.loc 1 616 1 view .LVU401
 618:Middlewares/Third_Party/FreeRTOS/Source/event_groups.c **** 	{
 1287              		.loc 1 618 2 view .LVU402
 1288 0004 FFF7FEFF 		bl	vTaskSuspendAll
 1289              	.LVL106:
 620:Middlewares/Third_Party/FreeRTOS/Source/event_groups.c **** 
 1290              		.loc 1 620 41 view .LVU403
 622:Middlewares/Third_Party/FreeRTOS/Source/event_groups.c **** 		{
 1291              		.loc 1 622 3 view .LVU404
 1292              	.L84:
 622:Middlewares/Third_Party/FreeRTOS/Source/event_groups.c **** 		{
 1293              		.loc 1 622 59 view .LVU405
 622:Middlewares/Third_Party/FreeRTOS/Source/event_groups.c **** 		{
 1294              		.loc 1 622 10 is_stmt 0 view .LVU406
 1295 0008 6368     		ldr	r3, [r4, #4]
 622:Middlewares/Third_Party/FreeRTOS/Source/event_groups.c **** 		{
 1296              		.loc 1 622 59 view .LVU407
 1297 000a 93B1     		cbz	r3, .L90
 626:Middlewares/Third_Party/FreeRTOS/Source/event_groups.c **** 			vTaskRemoveFromUnorderedEventList( pxTasksWaitingForBits->xListEnd.pxNext, eventUNBLOCKED_DUE_TO
 1298              		.loc 1 626 4 is_stmt 1 view .LVU408
 1299 000c 2069     		ldr	r0, [r4, #16]
 1300 000e 04F10C03 		add	r3, r4, #12
 1301 0012 9842     		cmp	r0, r3
 1302 0014 04D0     		beq	.L91
 626:Middlewares/Third_Party/FreeRTOS/Source/event_groups.c **** 			vTaskRemoveFromUnorderedEventList( pxTasksWaitingForBits->xListEnd.pxNext, eventUNBLOCKED_DUE_TO
 1303              		.loc 1 626 121 discriminator 2 view .LVU409
 627:Middlewares/Third_Party/FreeRTOS/Source/event_groups.c **** 		}
 1304              		.loc 1 627 4 view .LVU410
 1305 0016 4FF00071 		mov	r1, #33554432
 1306 001a FFF7FEFF 		bl	vTaskRemoveFromUnorderedEventList
 1307              	.LVL107:
 1308 001e F3E7     		b	.L84
 1309              	.L91:
 626:Middlewares/Third_Party/FreeRTOS/Source/event_groups.c **** 			vTaskRemoveFromUnorderedEventList( pxTasksWaitingForBits->xListEnd.pxNext, eventUNBLOCKED_DUE_TO
 1310              		.loc 1 626 4 discriminator 1 view .LVU411
 1311              	.LBB71:
 1312              	.LBI71:
 193:Middlewares/Third_Party/FreeRTOS/Source/portable/GCC/ARM_CM3/portmacro.h **** {
 1313              		.loc 2 193 30 view .LVU412
 1314              	.LBB72:
 195:Middlewares/Third_Party/FreeRTOS/Source/portable/GCC/ARM_CM3/portmacro.h **** 
 1315              		.loc 2 195 1 view .LVU413
 197:Middlewares/Third_Party/FreeRTOS/Source/portable/GCC/ARM_CM3/portmacro.h **** 	(
 1316              		.loc 2 197 2 view .LVU414
 1317              		.syntax unified
 1318              	@ 197 "Middlewares/Third_Party/FreeRTOS/Source/portable/GCC/ARM_CM3/portmacro.h" 1
 1319 0020 4FF05003 			mov r3, #80												
 1320 0024 83F31188 		msr basepri, r3											
 1321 0028 BFF36F8F 		isb														
 1322 002c BFF34F8F 		dsb														
 1323              	
 1324              	@ 0 "" 2
ARM GAS  D:\software\msy64\tmp\ccv1Y56U.s 			page 47


 1325              		.thumb
 1326              		.syntax unified
 1327              	.L86:
 1328              	.LBE72:
 1329              	.LBE71:
 626:Middlewares/Third_Party/FreeRTOS/Source/event_groups.c **** 			vTaskRemoveFromUnorderedEventList( pxTasksWaitingForBits->xListEnd.pxNext, eventUNBLOCKED_DUE_TO
 1330              		.loc 1 626 4 discriminator 3 view .LVU415
 626:Middlewares/Third_Party/FreeRTOS/Source/event_groups.c **** 			vTaskRemoveFromUnorderedEventList( pxTasksWaitingForBits->xListEnd.pxNext, eventUNBLOCKED_DUE_TO
 1331              		.loc 1 626 4 discriminator 3 view .LVU416
 1332 0030 FEE7     		b	.L86
 1333              	.L90:
 640:Middlewares/Third_Party/FreeRTOS/Source/event_groups.c **** 			{
 1334              		.loc 1 640 4 view .LVU417
 640:Middlewares/Third_Party/FreeRTOS/Source/event_groups.c **** 			{
 1335              		.loc 1 640 19 is_stmt 0 view .LVU418
 1336 0032 237E     		ldrb	r3, [r4, #24]	@ zero_extendqisi2
 640:Middlewares/Third_Party/FreeRTOS/Source/event_groups.c **** 			{
 1337              		.loc 1 640 6 view .LVU419
 1338 0034 13B1     		cbz	r3, .L92
 1339              	.L88:
 646:Middlewares/Third_Party/FreeRTOS/Source/event_groups.c **** 			}
 1340              		.loc 1 646 29 is_stmt 1 view .LVU420
 651:Middlewares/Third_Party/FreeRTOS/Source/event_groups.c **** }
 1341              		.loc 1 651 2 view .LVU421
 651:Middlewares/Third_Party/FreeRTOS/Source/event_groups.c **** }
 1342              		.loc 1 651 11 is_stmt 0 view .LVU422
 1343 0036 FFF7FEFF 		bl	xTaskResumeAll
 1344              	.LVL108:
 652:Middlewares/Third_Party/FreeRTOS/Source/event_groups.c **** /*-----------------------------------------------------------*/
 1345              		.loc 1 652 1 view .LVU423
 1346 003a 10BD     		pop	{r4, pc}
 1347              	.LVL109:
 1348              	.L92:
 642:Middlewares/Third_Party/FreeRTOS/Source/event_groups.c **** 			}
 1349              		.loc 1 642 5 is_stmt 1 view .LVU424
 1350 003c 2046     		mov	r0, r4
 1351 003e FFF7FEFF 		bl	vPortFree
 1352              	.LVL110:
 1353 0042 F8E7     		b	.L88
 1354              		.cfi_endproc
 1355              	.LFE12:
 1357              		.section	.text.vEventGroupSetBitsCallback,"ax",%progbits
 1358              		.align	1
 1359              		.global	vEventGroupSetBitsCallback
 1360              		.syntax unified
 1361              		.thumb
 1362              		.thumb_func
 1364              	vEventGroupSetBitsCallback:
 1365              	.LVL111:
 1366              	.LFB13:
 658:Middlewares/Third_Party/FreeRTOS/Source/event_groups.c **** 	( void ) xEventGroupSetBits( pvEventGroup, ( EventBits_t ) ulBitsToSet ); /*lint !e9079 Can't avoi
 1367              		.loc 1 658 1 view -0
 1368              		.cfi_startproc
 1369              		@ args = 0, pretend = 0, frame = 0
 1370              		@ frame_needed = 0, uses_anonymous_args = 0
 658:Middlewares/Third_Party/FreeRTOS/Source/event_groups.c **** 	( void ) xEventGroupSetBits( pvEventGroup, ( EventBits_t ) ulBitsToSet ); /*lint !e9079 Can't avoi
 1371              		.loc 1 658 1 is_stmt 0 view .LVU426
ARM GAS  D:\software\msy64\tmp\ccv1Y56U.s 			page 48


 1372 0000 08B5     		push	{r3, lr}
 1373              	.LCFI15:
 1374              		.cfi_def_cfa_offset 8
 1375              		.cfi_offset 3, -8
 1376              		.cfi_offset 14, -4
 659:Middlewares/Third_Party/FreeRTOS/Source/event_groups.c **** }
 1377              		.loc 1 659 2 is_stmt 1 view .LVU427
 659:Middlewares/Third_Party/FreeRTOS/Source/event_groups.c **** }
 1378              		.loc 1 659 11 is_stmt 0 view .LVU428
 1379 0002 FFF7FEFF 		bl	xEventGroupSetBits
 1380              	.LVL112:
 660:Middlewares/Third_Party/FreeRTOS/Source/event_groups.c **** /*-----------------------------------------------------------*/
 1381              		.loc 1 660 1 view .LVU429
 1382 0006 08BD     		pop	{r3, pc}
 1383              		.cfi_endproc
 1384              	.LFE13:
 1386              		.section	.text.vEventGroupClearBitsCallback,"ax",%progbits
 1387              		.align	1
 1388              		.global	vEventGroupClearBitsCallback
 1389              		.syntax unified
 1390              		.thumb
 1391              		.thumb_func
 1393              	vEventGroupClearBitsCallback:
 1394              	.LVL113:
 1395              	.LFB14:
 666:Middlewares/Third_Party/FreeRTOS/Source/event_groups.c **** 	( void ) xEventGroupClearBits( pvEventGroup, ( EventBits_t ) ulBitsToClear ); /*lint !e9079 Can't 
 1396              		.loc 1 666 1 is_stmt 1 view -0
 1397              		.cfi_startproc
 1398              		@ args = 0, pretend = 0, frame = 0
 1399              		@ frame_needed = 0, uses_anonymous_args = 0
 666:Middlewares/Third_Party/FreeRTOS/Source/event_groups.c **** 	( void ) xEventGroupClearBits( pvEventGroup, ( EventBits_t ) ulBitsToClear ); /*lint !e9079 Can't 
 1400              		.loc 1 666 1 is_stmt 0 view .LVU431
 1401 0000 08B5     		push	{r3, lr}
 1402              	.LCFI16:
 1403              		.cfi_def_cfa_offset 8
 1404              		.cfi_offset 3, -8
 1405              		.cfi_offset 14, -4
 667:Middlewares/Third_Party/FreeRTOS/Source/event_groups.c **** }
 1406              		.loc 1 667 2 is_stmt 1 view .LVU432
 667:Middlewares/Third_Party/FreeRTOS/Source/event_groups.c **** }
 1407              		.loc 1 667 11 is_stmt 0 view .LVU433
 1408 0002 FFF7FEFF 		bl	xEventGroupClearBits
 1409              	.LVL114:
 668:Middlewares/Third_Party/FreeRTOS/Source/event_groups.c **** /*-----------------------------------------------------------*/
 1410              		.loc 1 668 1 view .LVU434
 1411 0006 08BD     		pop	{r3, pc}
 1412              		.cfi_endproc
 1413              	.LFE14:
 1415              		.text
 1416              	.Letext0:
 1417              		.file 3 "D:/software/msy64/mingw64/lib/gcc/arm-none-eabi/13.3.0/include/stddef.h"
 1418              		.file 4 "D:/software/msy64/mingw64/arm-none-eabi/include/machine/_default_types.h"
 1419              		.file 5 "D:/software/msy64/mingw64/arm-none-eabi/include/sys/_stdint.h"
 1420              		.file 6 "Middlewares/Third_Party/FreeRTOS/Source/include/FreeRTOS.h"
 1421              		.file 7 "Middlewares/Third_Party/FreeRTOS/Source/include/list.h"
 1422              		.file 8 "Middlewares/Third_Party/FreeRTOS/Source/include/event_groups.h"
 1423              		.file 9 "Middlewares/Third_Party/FreeRTOS/Source/include/portable.h"
ARM GAS  D:\software\msy64\tmp\ccv1Y56U.s 			page 49


 1424              		.file 10 "Middlewares/Third_Party/FreeRTOS/Source/include/task.h"
ARM GAS  D:\software\msy64\tmp\ccv1Y56U.s 			page 50


DEFINED SYMBOLS
                            *ABS*:00000000 event_groups.c
D:\software\msy64\tmp\ccv1Y56U.s:19     .text.prvTestWaitCondition:00000000 $t
D:\software\msy64\tmp\ccv1Y56U.s:24     .text.prvTestWaitCondition:00000000 prvTestWaitCondition
D:\software\msy64\tmp\ccv1Y56U.s:78     .text.xEventGroupCreateStatic:00000000 $t
D:\software\msy64\tmp\ccv1Y56U.s:84     .text.xEventGroupCreateStatic:00000000 xEventGroupCreateStatic
D:\software\msy64\tmp\ccv1Y56U.s:206    .text.xEventGroupCreate:00000000 $t
D:\software\msy64\tmp\ccv1Y56U.s:212    .text.xEventGroupCreate:00000000 xEventGroupCreate
D:\software\msy64\tmp\ccv1Y56U.s:258    .text.xEventGroupWaitBits:00000000 $t
D:\software\msy64\tmp\ccv1Y56U.s:264    .text.xEventGroupWaitBits:00000000 xEventGroupWaitBits
D:\software\msy64\tmp\ccv1Y56U.s:614    .text.xEventGroupClearBits:00000000 $t
D:\software\msy64\tmp\ccv1Y56U.s:620    .text.xEventGroupClearBits:00000000 xEventGroupClearBits
D:\software\msy64\tmp\ccv1Y56U.s:732    .text.xEventGroupGetBitsFromISR:00000000 $t
D:\software\msy64\tmp\ccv1Y56U.s:738    .text.xEventGroupGetBitsFromISR:00000000 xEventGroupGetBitsFromISR
D:\software\msy64\tmp\ccv1Y56U.s:799    .text.xEventGroupSetBits:00000000 $t
D:\software\msy64\tmp\ccv1Y56U.s:805    .text.xEventGroupSetBits:00000000 xEventGroupSetBits
D:\software\msy64\tmp\ccv1Y56U.s:996    .text.xEventGroupSync:00000000 $t
D:\software\msy64\tmp\ccv1Y56U.s:1002   .text.xEventGroupSync:00000000 xEventGroupSync
D:\software\msy64\tmp\ccv1Y56U.s:1264   .text.vEventGroupDelete:00000000 $t
D:\software\msy64\tmp\ccv1Y56U.s:1270   .text.vEventGroupDelete:00000000 vEventGroupDelete
D:\software\msy64\tmp\ccv1Y56U.s:1358   .text.vEventGroupSetBitsCallback:00000000 $t
D:\software\msy64\tmp\ccv1Y56U.s:1364   .text.vEventGroupSetBitsCallback:00000000 vEventGroupSetBitsCallback
D:\software\msy64\tmp\ccv1Y56U.s:1387   .text.vEventGroupClearBitsCallback:00000000 $t
D:\software\msy64\tmp\ccv1Y56U.s:1393   .text.vEventGroupClearBitsCallback:00000000 vEventGroupClearBitsCallback

UNDEFINED SYMBOLS
vListInitialise
pvPortMalloc
xTaskGetSchedulerState
vTaskSuspendAll
xTaskResumeAll
uxTaskResetEventItemValue
vTaskPlaceOnUnorderedEventList
vPortEnterCritical
vPortExitCritical
vTaskRemoveFromUnorderedEventList
vPortFree
