ARM GAS  D:\software\msy64\tmp\ccpcBi2W.s 			page 1


   1              		.cpu cortex-m3
   2              		.arch armv7-m
   3              		.fpu softvfp
   4              		.eabi_attribute 20, 1
   5              		.eabi_attribute 21, 1
   6              		.eabi_attribute 23, 3
   7              		.eabi_attribute 24, 1
   8              		.eabi_attribute 25, 1
   9              		.eabi_attribute 26, 1
  10              		.eabi_attribute 30, 1
  11              		.eabi_attribute 34, 1
  12              		.eabi_attribute 18, 4
  13              		.file	"queue.c"
  14              		.text
  15              	.Ltext0:
  16              		.cfi_sections	.debug_frame
  17              		.file 1 "Middlewares/Third_Party/FreeRTOS/Source/queue.c"
  18              		.section	.text.prvGetDisinheritPriorityAfterTimeout,"ax",%progbits
  19              		.align	1
  20              		.syntax unified
  21              		.thumb
  22              		.thumb_func
  24              	prvGetDisinheritPriorityAfterTimeout:
  25              	.LVL0:
  26              	.LFB24:
   1:Middlewares/Third_Party/FreeRTOS/Source/queue.c **** /*
   2:Middlewares/Third_Party/FreeRTOS/Source/queue.c ****  * FreeRTOS Kernel V10.3.1
   3:Middlewares/Third_Party/FreeRTOS/Source/queue.c ****  * Copyright (C) 2020 Amazon.com, Inc. or its affiliates.  All Rights Reserved.
   4:Middlewares/Third_Party/FreeRTOS/Source/queue.c ****  *
   5:Middlewares/Third_Party/FreeRTOS/Source/queue.c ****  * Permission is hereby granted, free of charge, to any person obtaining a copy of
   6:Middlewares/Third_Party/FreeRTOS/Source/queue.c ****  * this software and associated documentation files (the "Software"), to deal in
   7:Middlewares/Third_Party/FreeRTOS/Source/queue.c ****  * the Software without restriction, including without limitation the rights to
   8:Middlewares/Third_Party/FreeRTOS/Source/queue.c ****  * use, copy, modify, merge, publish, distribute, sublicense, and/or sell copies of
   9:Middlewares/Third_Party/FreeRTOS/Source/queue.c ****  * the Software, and to permit persons to whom the Software is furnished to do so,
  10:Middlewares/Third_Party/FreeRTOS/Source/queue.c ****  * subject to the following conditions:
  11:Middlewares/Third_Party/FreeRTOS/Source/queue.c ****  *
  12:Middlewares/Third_Party/FreeRTOS/Source/queue.c ****  * The above copyright notice and this permission notice shall be included in all
  13:Middlewares/Third_Party/FreeRTOS/Source/queue.c ****  * copies or substantial portions of the Software.
  14:Middlewares/Third_Party/FreeRTOS/Source/queue.c ****  *
  15:Middlewares/Third_Party/FreeRTOS/Source/queue.c ****  * THE SOFTWARE IS PROVIDED "AS IS", WITHOUT WARRANTY OF ANY KIND, EXPRESS OR
  16:Middlewares/Third_Party/FreeRTOS/Source/queue.c ****  * IMPLIED, INCLUDING BUT NOT LIMITED TO THE WARRANTIES OF MERCHANTABILITY, FITNESS
  17:Middlewares/Third_Party/FreeRTOS/Source/queue.c ****  * FOR A PARTICULAR PURPOSE AND NONINFRINGEMENT. IN NO EVENT SHALL THE AUTHORS OR
  18:Middlewares/Third_Party/FreeRTOS/Source/queue.c ****  * COPYRIGHT HOLDERS BE LIABLE FOR ANY CLAIM, DAMAGES OR OTHER LIABILITY, WHETHER
  19:Middlewares/Third_Party/FreeRTOS/Source/queue.c ****  * IN AN ACTION OF CONTRACT, TORT OR OTHERWISE, ARISING FROM, OUT OF OR IN
  20:Middlewares/Third_Party/FreeRTOS/Source/queue.c ****  * CONNECTION WITH THE SOFTWARE OR THE USE OR OTHER DEALINGS IN THE SOFTWARE.
  21:Middlewares/Third_Party/FreeRTOS/Source/queue.c ****  *
  22:Middlewares/Third_Party/FreeRTOS/Source/queue.c ****  * http://www.FreeRTOS.org
  23:Middlewares/Third_Party/FreeRTOS/Source/queue.c ****  * http://aws.amazon.com/freertos
  24:Middlewares/Third_Party/FreeRTOS/Source/queue.c ****  *
  25:Middlewares/Third_Party/FreeRTOS/Source/queue.c ****  * 1 tab == 4 spaces!
  26:Middlewares/Third_Party/FreeRTOS/Source/queue.c ****  */
  27:Middlewares/Third_Party/FreeRTOS/Source/queue.c **** 
  28:Middlewares/Third_Party/FreeRTOS/Source/queue.c **** #include <stdlib.h>
  29:Middlewares/Third_Party/FreeRTOS/Source/queue.c **** #include <string.h>
  30:Middlewares/Third_Party/FreeRTOS/Source/queue.c **** 
  31:Middlewares/Third_Party/FreeRTOS/Source/queue.c **** /* Defining MPU_WRAPPERS_INCLUDED_FROM_API_FILE prevents task.h from redefining
  32:Middlewares/Third_Party/FreeRTOS/Source/queue.c **** all the API functions to use the MPU wrappers.  That should only be done when
ARM GAS  D:\software\msy64\tmp\ccpcBi2W.s 			page 2


  33:Middlewares/Third_Party/FreeRTOS/Source/queue.c **** task.h is included from an application file. */
  34:Middlewares/Third_Party/FreeRTOS/Source/queue.c **** #define MPU_WRAPPERS_INCLUDED_FROM_API_FILE
  35:Middlewares/Third_Party/FreeRTOS/Source/queue.c **** 
  36:Middlewares/Third_Party/FreeRTOS/Source/queue.c **** #include "FreeRTOS.h"
  37:Middlewares/Third_Party/FreeRTOS/Source/queue.c **** #include "task.h"
  38:Middlewares/Third_Party/FreeRTOS/Source/queue.c **** #include "queue.h"
  39:Middlewares/Third_Party/FreeRTOS/Source/queue.c **** 
  40:Middlewares/Third_Party/FreeRTOS/Source/queue.c **** #if ( configUSE_CO_ROUTINES == 1 )
  41:Middlewares/Third_Party/FreeRTOS/Source/queue.c **** 	#include "croutine.h"
  42:Middlewares/Third_Party/FreeRTOS/Source/queue.c **** #endif
  43:Middlewares/Third_Party/FreeRTOS/Source/queue.c **** 
  44:Middlewares/Third_Party/FreeRTOS/Source/queue.c **** /* Lint e9021, e961 and e750 are suppressed as a MISRA exception justified
  45:Middlewares/Third_Party/FreeRTOS/Source/queue.c **** because the MPU ports require MPU_WRAPPERS_INCLUDED_FROM_API_FILE to be defined
  46:Middlewares/Third_Party/FreeRTOS/Source/queue.c **** for the header files above, but not in this file, in order to generate the
  47:Middlewares/Third_Party/FreeRTOS/Source/queue.c **** correct privileged Vs unprivileged linkage and placement. */
  48:Middlewares/Third_Party/FreeRTOS/Source/queue.c **** #undef MPU_WRAPPERS_INCLUDED_FROM_API_FILE /*lint !e961 !e750 !e9021. */
  49:Middlewares/Third_Party/FreeRTOS/Source/queue.c **** 
  50:Middlewares/Third_Party/FreeRTOS/Source/queue.c **** 
  51:Middlewares/Third_Party/FreeRTOS/Source/queue.c **** /* Constants used with the cRxLock and cTxLock structure members. */
  52:Middlewares/Third_Party/FreeRTOS/Source/queue.c **** #define queueUNLOCKED					( ( int8_t ) -1 )
  53:Middlewares/Third_Party/FreeRTOS/Source/queue.c **** #define queueLOCKED_UNMODIFIED			( ( int8_t ) 0 )
  54:Middlewares/Third_Party/FreeRTOS/Source/queue.c **** 
  55:Middlewares/Third_Party/FreeRTOS/Source/queue.c **** /* When the Queue_t structure is used to represent a base queue its pcHead and
  56:Middlewares/Third_Party/FreeRTOS/Source/queue.c **** pcTail members are used as pointers into the queue storage area.  When the
  57:Middlewares/Third_Party/FreeRTOS/Source/queue.c **** Queue_t structure is used to represent a mutex pcHead and pcTail pointers are
  58:Middlewares/Third_Party/FreeRTOS/Source/queue.c **** not necessary, and the pcHead pointer is set to NULL to indicate that the
  59:Middlewares/Third_Party/FreeRTOS/Source/queue.c **** structure instead holds a pointer to the mutex holder (if any).  Map alternative
  60:Middlewares/Third_Party/FreeRTOS/Source/queue.c **** names to the pcHead and structure member to ensure the readability of the code
  61:Middlewares/Third_Party/FreeRTOS/Source/queue.c **** is maintained.  The QueuePointers_t and SemaphoreData_t types are used to form
  62:Middlewares/Third_Party/FreeRTOS/Source/queue.c **** a union as their usage is mutually exclusive dependent on what the queue is
  63:Middlewares/Third_Party/FreeRTOS/Source/queue.c **** being used for. */
  64:Middlewares/Third_Party/FreeRTOS/Source/queue.c **** #define uxQueueType						pcHead
  65:Middlewares/Third_Party/FreeRTOS/Source/queue.c **** #define queueQUEUE_IS_MUTEX				NULL
  66:Middlewares/Third_Party/FreeRTOS/Source/queue.c **** 
  67:Middlewares/Third_Party/FreeRTOS/Source/queue.c **** typedef struct QueuePointers
  68:Middlewares/Third_Party/FreeRTOS/Source/queue.c **** {
  69:Middlewares/Third_Party/FreeRTOS/Source/queue.c **** 	int8_t *pcTail;					/*< Points to the byte at the end of the queue storage area.  Once more byte i
  70:Middlewares/Third_Party/FreeRTOS/Source/queue.c **** 	int8_t *pcReadFrom;				/*< Points to the last place that a queued item was read from when the stru
  71:Middlewares/Third_Party/FreeRTOS/Source/queue.c **** } QueuePointers_t;
  72:Middlewares/Third_Party/FreeRTOS/Source/queue.c **** 
  73:Middlewares/Third_Party/FreeRTOS/Source/queue.c **** typedef struct SemaphoreData
  74:Middlewares/Third_Party/FreeRTOS/Source/queue.c **** {
  75:Middlewares/Third_Party/FreeRTOS/Source/queue.c **** 	TaskHandle_t xMutexHolder;		 /*< The handle of the task that holds the mutex. */
  76:Middlewares/Third_Party/FreeRTOS/Source/queue.c **** 	UBaseType_t uxRecursiveCallCount;/*< Maintains a count of the number of times a recursive mutex ha
  77:Middlewares/Third_Party/FreeRTOS/Source/queue.c **** } SemaphoreData_t;
  78:Middlewares/Third_Party/FreeRTOS/Source/queue.c **** 
  79:Middlewares/Third_Party/FreeRTOS/Source/queue.c **** /* Semaphores do not actually store or copy data, so have an item size of
  80:Middlewares/Third_Party/FreeRTOS/Source/queue.c **** zero. */
  81:Middlewares/Third_Party/FreeRTOS/Source/queue.c **** #define queueSEMAPHORE_QUEUE_ITEM_LENGTH ( ( UBaseType_t ) 0 )
  82:Middlewares/Third_Party/FreeRTOS/Source/queue.c **** #define queueMUTEX_GIVE_BLOCK_TIME		 ( ( TickType_t ) 0U )
  83:Middlewares/Third_Party/FreeRTOS/Source/queue.c **** 
  84:Middlewares/Third_Party/FreeRTOS/Source/queue.c **** #if( configUSE_PREEMPTION == 0 )
  85:Middlewares/Third_Party/FreeRTOS/Source/queue.c **** 	/* If the cooperative scheduler is being used then a yield should not be
  86:Middlewares/Third_Party/FreeRTOS/Source/queue.c **** 	performed just because a higher priority task has been woken. */
  87:Middlewares/Third_Party/FreeRTOS/Source/queue.c **** 	#define queueYIELD_IF_USING_PREEMPTION()
  88:Middlewares/Third_Party/FreeRTOS/Source/queue.c **** #else
  89:Middlewares/Third_Party/FreeRTOS/Source/queue.c **** 	#define queueYIELD_IF_USING_PREEMPTION() portYIELD_WITHIN_API()
ARM GAS  D:\software\msy64\tmp\ccpcBi2W.s 			page 3


  90:Middlewares/Third_Party/FreeRTOS/Source/queue.c **** #endif
  91:Middlewares/Third_Party/FreeRTOS/Source/queue.c **** 
  92:Middlewares/Third_Party/FreeRTOS/Source/queue.c **** /*
  93:Middlewares/Third_Party/FreeRTOS/Source/queue.c ****  * Definition of the queue used by the scheduler.
  94:Middlewares/Third_Party/FreeRTOS/Source/queue.c ****  * Items are queued by copy, not reference.  See the following link for the
  95:Middlewares/Third_Party/FreeRTOS/Source/queue.c ****  * rationale: https://www.freertos.org/Embedded-RTOS-Queues.html
  96:Middlewares/Third_Party/FreeRTOS/Source/queue.c ****  */
  97:Middlewares/Third_Party/FreeRTOS/Source/queue.c **** typedef struct QueueDefinition 		/* The old naming convention is used to prevent breaking kernel aw
  98:Middlewares/Third_Party/FreeRTOS/Source/queue.c **** {
  99:Middlewares/Third_Party/FreeRTOS/Source/queue.c **** 	int8_t *pcHead;					/*< Points to the beginning of the queue storage area. */
 100:Middlewares/Third_Party/FreeRTOS/Source/queue.c **** 	int8_t *pcWriteTo;				/*< Points to the free next place in the storage area. */
 101:Middlewares/Third_Party/FreeRTOS/Source/queue.c **** 
 102:Middlewares/Third_Party/FreeRTOS/Source/queue.c **** 	union
 103:Middlewares/Third_Party/FreeRTOS/Source/queue.c **** 	{
 104:Middlewares/Third_Party/FreeRTOS/Source/queue.c **** 		QueuePointers_t xQueue;		/*< Data required exclusively when this structure is used as a queue. */
 105:Middlewares/Third_Party/FreeRTOS/Source/queue.c **** 		SemaphoreData_t xSemaphore; /*< Data required exclusively when this structure is used as a semaph
 106:Middlewares/Third_Party/FreeRTOS/Source/queue.c **** 	} u;
 107:Middlewares/Third_Party/FreeRTOS/Source/queue.c **** 
 108:Middlewares/Third_Party/FreeRTOS/Source/queue.c **** 	List_t xTasksWaitingToSend;		/*< List of tasks that are blocked waiting to post onto this queue.  
 109:Middlewares/Third_Party/FreeRTOS/Source/queue.c **** 	List_t xTasksWaitingToReceive;	/*< List of tasks that are blocked waiting to read from this queue.
 110:Middlewares/Third_Party/FreeRTOS/Source/queue.c **** 
 111:Middlewares/Third_Party/FreeRTOS/Source/queue.c **** 	volatile UBaseType_t uxMessagesWaiting;/*< The number of items currently in the queue. */
 112:Middlewares/Third_Party/FreeRTOS/Source/queue.c **** 	UBaseType_t uxLength;			/*< The length of the queue defined as the number of items it will hold, n
 113:Middlewares/Third_Party/FreeRTOS/Source/queue.c **** 	UBaseType_t uxItemSize;			/*< The size of each items that the queue will hold. */
 114:Middlewares/Third_Party/FreeRTOS/Source/queue.c **** 
 115:Middlewares/Third_Party/FreeRTOS/Source/queue.c **** 	volatile int8_t cRxLock;		/*< Stores the number of items received from the queue (removed from the
 116:Middlewares/Third_Party/FreeRTOS/Source/queue.c **** 	volatile int8_t cTxLock;		/*< Stores the number of items transmitted to the queue (added to the qu
 117:Middlewares/Third_Party/FreeRTOS/Source/queue.c **** 
 118:Middlewares/Third_Party/FreeRTOS/Source/queue.c **** 	#if( ( configSUPPORT_STATIC_ALLOCATION == 1 ) && ( configSUPPORT_DYNAMIC_ALLOCATION == 1 ) )
 119:Middlewares/Third_Party/FreeRTOS/Source/queue.c **** 		uint8_t ucStaticallyAllocated;	/*< Set to pdTRUE if the memory used by the queue was statically a
 120:Middlewares/Third_Party/FreeRTOS/Source/queue.c **** 	#endif
 121:Middlewares/Third_Party/FreeRTOS/Source/queue.c **** 
 122:Middlewares/Third_Party/FreeRTOS/Source/queue.c **** 	#if ( configUSE_QUEUE_SETS == 1 )
 123:Middlewares/Third_Party/FreeRTOS/Source/queue.c **** 		struct QueueDefinition *pxQueueSetContainer;
 124:Middlewares/Third_Party/FreeRTOS/Source/queue.c **** 	#endif
 125:Middlewares/Third_Party/FreeRTOS/Source/queue.c **** 
 126:Middlewares/Third_Party/FreeRTOS/Source/queue.c **** 	#if ( configUSE_TRACE_FACILITY == 1 )
 127:Middlewares/Third_Party/FreeRTOS/Source/queue.c **** 		UBaseType_t uxQueueNumber;
 128:Middlewares/Third_Party/FreeRTOS/Source/queue.c **** 		uint8_t ucQueueType;
 129:Middlewares/Third_Party/FreeRTOS/Source/queue.c **** 	#endif
 130:Middlewares/Third_Party/FreeRTOS/Source/queue.c **** 
 131:Middlewares/Third_Party/FreeRTOS/Source/queue.c **** } xQUEUE;
 132:Middlewares/Third_Party/FreeRTOS/Source/queue.c **** 
 133:Middlewares/Third_Party/FreeRTOS/Source/queue.c **** /* The old xQUEUE name is maintained above then typedefed to the new Queue_t
 134:Middlewares/Third_Party/FreeRTOS/Source/queue.c **** name below to enable the use of older kernel aware debuggers. */
 135:Middlewares/Third_Party/FreeRTOS/Source/queue.c **** typedef xQUEUE Queue_t;
 136:Middlewares/Third_Party/FreeRTOS/Source/queue.c **** 
 137:Middlewares/Third_Party/FreeRTOS/Source/queue.c **** /*-----------------------------------------------------------*/
 138:Middlewares/Third_Party/FreeRTOS/Source/queue.c **** 
 139:Middlewares/Third_Party/FreeRTOS/Source/queue.c **** /*
 140:Middlewares/Third_Party/FreeRTOS/Source/queue.c ****  * The queue registry is just a means for kernel aware debuggers to locate
 141:Middlewares/Third_Party/FreeRTOS/Source/queue.c ****  * queue structures.  It has no other purpose so is an optional component.
 142:Middlewares/Third_Party/FreeRTOS/Source/queue.c ****  */
 143:Middlewares/Third_Party/FreeRTOS/Source/queue.c **** #if ( configQUEUE_REGISTRY_SIZE > 0 )
 144:Middlewares/Third_Party/FreeRTOS/Source/queue.c **** 
 145:Middlewares/Third_Party/FreeRTOS/Source/queue.c **** 	/* The type stored within the queue registry array.  This allows a name
 146:Middlewares/Third_Party/FreeRTOS/Source/queue.c **** 	to be assigned to each queue making kernel aware debugging a little
ARM GAS  D:\software\msy64\tmp\ccpcBi2W.s 			page 4


 147:Middlewares/Third_Party/FreeRTOS/Source/queue.c **** 	more user friendly. */
 148:Middlewares/Third_Party/FreeRTOS/Source/queue.c **** 	typedef struct QUEUE_REGISTRY_ITEM
 149:Middlewares/Third_Party/FreeRTOS/Source/queue.c **** 	{
 150:Middlewares/Third_Party/FreeRTOS/Source/queue.c **** 		const char *pcQueueName; /*lint !e971 Unqualified char types are allowed for strings and single c
 151:Middlewares/Third_Party/FreeRTOS/Source/queue.c **** 		QueueHandle_t xHandle;
 152:Middlewares/Third_Party/FreeRTOS/Source/queue.c **** 	} xQueueRegistryItem;
 153:Middlewares/Third_Party/FreeRTOS/Source/queue.c **** 
 154:Middlewares/Third_Party/FreeRTOS/Source/queue.c **** 	/* The old xQueueRegistryItem name is maintained above then typedefed to the
 155:Middlewares/Third_Party/FreeRTOS/Source/queue.c **** 	new xQueueRegistryItem name below to enable the use of older kernel aware
 156:Middlewares/Third_Party/FreeRTOS/Source/queue.c **** 	debuggers. */
 157:Middlewares/Third_Party/FreeRTOS/Source/queue.c **** 	typedef xQueueRegistryItem QueueRegistryItem_t;
 158:Middlewares/Third_Party/FreeRTOS/Source/queue.c **** 
 159:Middlewares/Third_Party/FreeRTOS/Source/queue.c **** 	/* The queue registry is simply an array of QueueRegistryItem_t structures.
 160:Middlewares/Third_Party/FreeRTOS/Source/queue.c **** 	The pcQueueName member of a structure being NULL is indicative of the
 161:Middlewares/Third_Party/FreeRTOS/Source/queue.c **** 	array position being vacant. */
 162:Middlewares/Third_Party/FreeRTOS/Source/queue.c **** 	PRIVILEGED_DATA QueueRegistryItem_t xQueueRegistry[ configQUEUE_REGISTRY_SIZE ];
 163:Middlewares/Third_Party/FreeRTOS/Source/queue.c **** 
 164:Middlewares/Third_Party/FreeRTOS/Source/queue.c **** #endif /* configQUEUE_REGISTRY_SIZE */
 165:Middlewares/Third_Party/FreeRTOS/Source/queue.c **** 
 166:Middlewares/Third_Party/FreeRTOS/Source/queue.c **** /*
 167:Middlewares/Third_Party/FreeRTOS/Source/queue.c ****  * Unlocks a queue locked by a call to prvLockQueue.  Locking a queue does not
 168:Middlewares/Third_Party/FreeRTOS/Source/queue.c ****  * prevent an ISR from adding or removing items to the queue, but does prevent
 169:Middlewares/Third_Party/FreeRTOS/Source/queue.c ****  * an ISR from removing tasks from the queue event lists.  If an ISR finds a
 170:Middlewares/Third_Party/FreeRTOS/Source/queue.c ****  * queue is locked it will instead increment the appropriate queue lock count
 171:Middlewares/Third_Party/FreeRTOS/Source/queue.c ****  * to indicate that a task may require unblocking.  When the queue in unlocked
 172:Middlewares/Third_Party/FreeRTOS/Source/queue.c ****  * these lock counts are inspected, and the appropriate action taken.
 173:Middlewares/Third_Party/FreeRTOS/Source/queue.c ****  */
 174:Middlewares/Third_Party/FreeRTOS/Source/queue.c **** static void prvUnlockQueue( Queue_t * const pxQueue ) PRIVILEGED_FUNCTION;
 175:Middlewares/Third_Party/FreeRTOS/Source/queue.c **** 
 176:Middlewares/Third_Party/FreeRTOS/Source/queue.c **** /*
 177:Middlewares/Third_Party/FreeRTOS/Source/queue.c ****  * Uses a critical section to determine if there is any data in a queue.
 178:Middlewares/Third_Party/FreeRTOS/Source/queue.c ****  *
 179:Middlewares/Third_Party/FreeRTOS/Source/queue.c ****  * @return pdTRUE if the queue contains no items, otherwise pdFALSE.
 180:Middlewares/Third_Party/FreeRTOS/Source/queue.c ****  */
 181:Middlewares/Third_Party/FreeRTOS/Source/queue.c **** static BaseType_t prvIsQueueEmpty( const Queue_t *pxQueue ) PRIVILEGED_FUNCTION;
 182:Middlewares/Third_Party/FreeRTOS/Source/queue.c **** 
 183:Middlewares/Third_Party/FreeRTOS/Source/queue.c **** /*
 184:Middlewares/Third_Party/FreeRTOS/Source/queue.c ****  * Uses a critical section to determine if there is any space in a queue.
 185:Middlewares/Third_Party/FreeRTOS/Source/queue.c ****  *
 186:Middlewares/Third_Party/FreeRTOS/Source/queue.c ****  * @return pdTRUE if there is no space, otherwise pdFALSE;
 187:Middlewares/Third_Party/FreeRTOS/Source/queue.c ****  */
 188:Middlewares/Third_Party/FreeRTOS/Source/queue.c **** static BaseType_t prvIsQueueFull( const Queue_t *pxQueue ) PRIVILEGED_FUNCTION;
 189:Middlewares/Third_Party/FreeRTOS/Source/queue.c **** 
 190:Middlewares/Third_Party/FreeRTOS/Source/queue.c **** /*
 191:Middlewares/Third_Party/FreeRTOS/Source/queue.c ****  * Copies an item into the queue, either at the front of the queue or the
 192:Middlewares/Third_Party/FreeRTOS/Source/queue.c ****  * back of the queue.
 193:Middlewares/Third_Party/FreeRTOS/Source/queue.c ****  */
 194:Middlewares/Third_Party/FreeRTOS/Source/queue.c **** static BaseType_t prvCopyDataToQueue( Queue_t * const pxQueue, const void *pvItemToQueue, const Bas
 195:Middlewares/Third_Party/FreeRTOS/Source/queue.c **** 
 196:Middlewares/Third_Party/FreeRTOS/Source/queue.c **** /*
 197:Middlewares/Third_Party/FreeRTOS/Source/queue.c ****  * Copies an item out of a queue.
 198:Middlewares/Third_Party/FreeRTOS/Source/queue.c ****  */
 199:Middlewares/Third_Party/FreeRTOS/Source/queue.c **** static void prvCopyDataFromQueue( Queue_t * const pxQueue, void * const pvBuffer ) PRIVILEGED_FUNCT
 200:Middlewares/Third_Party/FreeRTOS/Source/queue.c **** 
 201:Middlewares/Third_Party/FreeRTOS/Source/queue.c **** #if ( configUSE_QUEUE_SETS == 1 )
 202:Middlewares/Third_Party/FreeRTOS/Source/queue.c **** 	/*
 203:Middlewares/Third_Party/FreeRTOS/Source/queue.c **** 	 * Checks to see if a queue is a member of a queue set, and if so, notifies
ARM GAS  D:\software\msy64\tmp\ccpcBi2W.s 			page 5


 204:Middlewares/Third_Party/FreeRTOS/Source/queue.c **** 	 * the queue set that the queue contains data.
 205:Middlewares/Third_Party/FreeRTOS/Source/queue.c **** 	 */
 206:Middlewares/Third_Party/FreeRTOS/Source/queue.c **** 	static BaseType_t prvNotifyQueueSetContainer( const Queue_t * const pxQueue ) PRIVILEGED_FUNCTION;
 207:Middlewares/Third_Party/FreeRTOS/Source/queue.c **** #endif
 208:Middlewares/Third_Party/FreeRTOS/Source/queue.c **** 
 209:Middlewares/Third_Party/FreeRTOS/Source/queue.c **** /*
 210:Middlewares/Third_Party/FreeRTOS/Source/queue.c ****  * Called after a Queue_t structure has been allocated either statically or
 211:Middlewares/Third_Party/FreeRTOS/Source/queue.c ****  * dynamically to fill in the structure's members.
 212:Middlewares/Third_Party/FreeRTOS/Source/queue.c ****  */
 213:Middlewares/Third_Party/FreeRTOS/Source/queue.c **** static void prvInitialiseNewQueue( const UBaseType_t uxQueueLength, const UBaseType_t uxItemSize, u
 214:Middlewares/Third_Party/FreeRTOS/Source/queue.c **** 
 215:Middlewares/Third_Party/FreeRTOS/Source/queue.c **** /*
 216:Middlewares/Third_Party/FreeRTOS/Source/queue.c ****  * Mutexes are a special type of queue.  When a mutex is created, first the
 217:Middlewares/Third_Party/FreeRTOS/Source/queue.c ****  * queue is created, then prvInitialiseMutex() is called to configure the queue
 218:Middlewares/Third_Party/FreeRTOS/Source/queue.c ****  * as a mutex.
 219:Middlewares/Third_Party/FreeRTOS/Source/queue.c ****  */
 220:Middlewares/Third_Party/FreeRTOS/Source/queue.c **** #if( configUSE_MUTEXES == 1 )
 221:Middlewares/Third_Party/FreeRTOS/Source/queue.c **** 	static void prvInitialiseMutex( Queue_t *pxNewQueue ) PRIVILEGED_FUNCTION;
 222:Middlewares/Third_Party/FreeRTOS/Source/queue.c **** #endif
 223:Middlewares/Third_Party/FreeRTOS/Source/queue.c **** 
 224:Middlewares/Third_Party/FreeRTOS/Source/queue.c **** #if( configUSE_MUTEXES == 1 )
 225:Middlewares/Third_Party/FreeRTOS/Source/queue.c **** 	/*
 226:Middlewares/Third_Party/FreeRTOS/Source/queue.c **** 	 * If a task waiting for a mutex causes the mutex holder to inherit a
 227:Middlewares/Third_Party/FreeRTOS/Source/queue.c **** 	 * priority, but the waiting task times out, then the holder should
 228:Middlewares/Third_Party/FreeRTOS/Source/queue.c **** 	 * disinherit the priority - but only down to the highest priority of any
 229:Middlewares/Third_Party/FreeRTOS/Source/queue.c **** 	 * other tasks that are waiting for the same mutex.  This function returns
 230:Middlewares/Third_Party/FreeRTOS/Source/queue.c **** 	 * that priority.
 231:Middlewares/Third_Party/FreeRTOS/Source/queue.c **** 	 */
 232:Middlewares/Third_Party/FreeRTOS/Source/queue.c **** 	static UBaseType_t prvGetDisinheritPriorityAfterTimeout( const Queue_t * const pxQueue ) PRIVILEGE
 233:Middlewares/Third_Party/FreeRTOS/Source/queue.c **** #endif
 234:Middlewares/Third_Party/FreeRTOS/Source/queue.c **** /*-----------------------------------------------------------*/
 235:Middlewares/Third_Party/FreeRTOS/Source/queue.c **** 
 236:Middlewares/Third_Party/FreeRTOS/Source/queue.c **** /*
 237:Middlewares/Third_Party/FreeRTOS/Source/queue.c ****  * Macro to mark a queue as locked.  Locking a queue prevents an ISR from
 238:Middlewares/Third_Party/FreeRTOS/Source/queue.c ****  * accessing the queue event lists.
 239:Middlewares/Third_Party/FreeRTOS/Source/queue.c ****  */
 240:Middlewares/Third_Party/FreeRTOS/Source/queue.c **** #define prvLockQueue( pxQueue )								\
 241:Middlewares/Third_Party/FreeRTOS/Source/queue.c **** 	taskENTER_CRITICAL();									\
 242:Middlewares/Third_Party/FreeRTOS/Source/queue.c **** 	{														\
 243:Middlewares/Third_Party/FreeRTOS/Source/queue.c **** 		if( ( pxQueue )->cRxLock == queueUNLOCKED )			\
 244:Middlewares/Third_Party/FreeRTOS/Source/queue.c **** 		{													\
 245:Middlewares/Third_Party/FreeRTOS/Source/queue.c **** 			( pxQueue )->cRxLock = queueLOCKED_UNMODIFIED;	\
 246:Middlewares/Third_Party/FreeRTOS/Source/queue.c **** 		}													\
 247:Middlewares/Third_Party/FreeRTOS/Source/queue.c **** 		if( ( pxQueue )->cTxLock == queueUNLOCKED )			\
 248:Middlewares/Third_Party/FreeRTOS/Source/queue.c **** 		{													\
 249:Middlewares/Third_Party/FreeRTOS/Source/queue.c **** 			( pxQueue )->cTxLock = queueLOCKED_UNMODIFIED;	\
 250:Middlewares/Third_Party/FreeRTOS/Source/queue.c **** 		}													\
 251:Middlewares/Third_Party/FreeRTOS/Source/queue.c **** 	}														\
 252:Middlewares/Third_Party/FreeRTOS/Source/queue.c **** 	taskEXIT_CRITICAL()
 253:Middlewares/Third_Party/FreeRTOS/Source/queue.c **** /*-----------------------------------------------------------*/
 254:Middlewares/Third_Party/FreeRTOS/Source/queue.c **** 
 255:Middlewares/Third_Party/FreeRTOS/Source/queue.c **** BaseType_t xQueueGenericReset( QueueHandle_t xQueue, BaseType_t xNewQueue )
 256:Middlewares/Third_Party/FreeRTOS/Source/queue.c **** {
 257:Middlewares/Third_Party/FreeRTOS/Source/queue.c **** Queue_t * const pxQueue = xQueue;
 258:Middlewares/Third_Party/FreeRTOS/Source/queue.c **** 
 259:Middlewares/Third_Party/FreeRTOS/Source/queue.c **** 	configASSERT( pxQueue );
 260:Middlewares/Third_Party/FreeRTOS/Source/queue.c **** 
ARM GAS  D:\software\msy64\tmp\ccpcBi2W.s 			page 6


 261:Middlewares/Third_Party/FreeRTOS/Source/queue.c **** 	taskENTER_CRITICAL();
 262:Middlewares/Third_Party/FreeRTOS/Source/queue.c **** 	{
 263:Middlewares/Third_Party/FreeRTOS/Source/queue.c **** 		pxQueue->u.xQueue.pcTail = pxQueue->pcHead + ( pxQueue->uxLength * pxQueue->uxItemSize ); /*lint 
 264:Middlewares/Third_Party/FreeRTOS/Source/queue.c **** 		pxQueue->uxMessagesWaiting = ( UBaseType_t ) 0U;
 265:Middlewares/Third_Party/FreeRTOS/Source/queue.c **** 		pxQueue->pcWriteTo = pxQueue->pcHead;
 266:Middlewares/Third_Party/FreeRTOS/Source/queue.c **** 		pxQueue->u.xQueue.pcReadFrom = pxQueue->pcHead + ( ( pxQueue->uxLength - 1U ) * pxQueue->uxItemSi
 267:Middlewares/Third_Party/FreeRTOS/Source/queue.c **** 		pxQueue->cRxLock = queueUNLOCKED;
 268:Middlewares/Third_Party/FreeRTOS/Source/queue.c **** 		pxQueue->cTxLock = queueUNLOCKED;
 269:Middlewares/Third_Party/FreeRTOS/Source/queue.c **** 
 270:Middlewares/Third_Party/FreeRTOS/Source/queue.c **** 		if( xNewQueue == pdFALSE )
 271:Middlewares/Third_Party/FreeRTOS/Source/queue.c **** 		{
 272:Middlewares/Third_Party/FreeRTOS/Source/queue.c **** 			/* If there are tasks blocked waiting to read from the queue, then
 273:Middlewares/Third_Party/FreeRTOS/Source/queue.c **** 			the tasks will remain blocked as after this function exits the queue
 274:Middlewares/Third_Party/FreeRTOS/Source/queue.c **** 			will still be empty.  If there are tasks blocked waiting to write to
 275:Middlewares/Third_Party/FreeRTOS/Source/queue.c **** 			the queue, then one should be unblocked as after this function exits
 276:Middlewares/Third_Party/FreeRTOS/Source/queue.c **** 			it will be possible to write to it. */
 277:Middlewares/Third_Party/FreeRTOS/Source/queue.c **** 			if( listLIST_IS_EMPTY( &( pxQueue->xTasksWaitingToSend ) ) == pdFALSE )
 278:Middlewares/Third_Party/FreeRTOS/Source/queue.c **** 			{
 279:Middlewares/Third_Party/FreeRTOS/Source/queue.c **** 				if( xTaskRemoveFromEventList( &( pxQueue->xTasksWaitingToSend ) ) != pdFALSE )
 280:Middlewares/Third_Party/FreeRTOS/Source/queue.c **** 				{
 281:Middlewares/Third_Party/FreeRTOS/Source/queue.c **** 					queueYIELD_IF_USING_PREEMPTION();
 282:Middlewares/Third_Party/FreeRTOS/Source/queue.c **** 				}
 283:Middlewares/Third_Party/FreeRTOS/Source/queue.c **** 				else
 284:Middlewares/Third_Party/FreeRTOS/Source/queue.c **** 				{
 285:Middlewares/Third_Party/FreeRTOS/Source/queue.c **** 					mtCOVERAGE_TEST_MARKER();
 286:Middlewares/Third_Party/FreeRTOS/Source/queue.c **** 				}
 287:Middlewares/Third_Party/FreeRTOS/Source/queue.c **** 			}
 288:Middlewares/Third_Party/FreeRTOS/Source/queue.c **** 			else
 289:Middlewares/Third_Party/FreeRTOS/Source/queue.c **** 			{
 290:Middlewares/Third_Party/FreeRTOS/Source/queue.c **** 				mtCOVERAGE_TEST_MARKER();
 291:Middlewares/Third_Party/FreeRTOS/Source/queue.c **** 			}
 292:Middlewares/Third_Party/FreeRTOS/Source/queue.c **** 		}
 293:Middlewares/Third_Party/FreeRTOS/Source/queue.c **** 		else
 294:Middlewares/Third_Party/FreeRTOS/Source/queue.c **** 		{
 295:Middlewares/Third_Party/FreeRTOS/Source/queue.c **** 			/* Ensure the event queues start in the correct state. */
 296:Middlewares/Third_Party/FreeRTOS/Source/queue.c **** 			vListInitialise( &( pxQueue->xTasksWaitingToSend ) );
 297:Middlewares/Third_Party/FreeRTOS/Source/queue.c **** 			vListInitialise( &( pxQueue->xTasksWaitingToReceive ) );
 298:Middlewares/Third_Party/FreeRTOS/Source/queue.c **** 		}
 299:Middlewares/Third_Party/FreeRTOS/Source/queue.c **** 	}
 300:Middlewares/Third_Party/FreeRTOS/Source/queue.c **** 	taskEXIT_CRITICAL();
 301:Middlewares/Third_Party/FreeRTOS/Source/queue.c **** 
 302:Middlewares/Third_Party/FreeRTOS/Source/queue.c **** 	/* A value is returned for calling semantic consistency with previous
 303:Middlewares/Third_Party/FreeRTOS/Source/queue.c **** 	versions. */
 304:Middlewares/Third_Party/FreeRTOS/Source/queue.c **** 	return pdPASS;
 305:Middlewares/Third_Party/FreeRTOS/Source/queue.c **** }
 306:Middlewares/Third_Party/FreeRTOS/Source/queue.c **** /*-----------------------------------------------------------*/
 307:Middlewares/Third_Party/FreeRTOS/Source/queue.c **** 
 308:Middlewares/Third_Party/FreeRTOS/Source/queue.c **** #if( configSUPPORT_STATIC_ALLOCATION == 1 )
 309:Middlewares/Third_Party/FreeRTOS/Source/queue.c **** 
 310:Middlewares/Third_Party/FreeRTOS/Source/queue.c **** 	QueueHandle_t xQueueGenericCreateStatic( const UBaseType_t uxQueueLength, const UBaseType_t uxItem
 311:Middlewares/Third_Party/FreeRTOS/Source/queue.c **** 	{
 312:Middlewares/Third_Party/FreeRTOS/Source/queue.c **** 	Queue_t *pxNewQueue;
 313:Middlewares/Third_Party/FreeRTOS/Source/queue.c **** 
 314:Middlewares/Third_Party/FreeRTOS/Source/queue.c **** 		configASSERT( uxQueueLength > ( UBaseType_t ) 0 );
 315:Middlewares/Third_Party/FreeRTOS/Source/queue.c **** 
 316:Middlewares/Third_Party/FreeRTOS/Source/queue.c **** 		/* The StaticQueue_t structure and the queue storage area must be
 317:Middlewares/Third_Party/FreeRTOS/Source/queue.c **** 		supplied. */
ARM GAS  D:\software\msy64\tmp\ccpcBi2W.s 			page 7


 318:Middlewares/Third_Party/FreeRTOS/Source/queue.c **** 		configASSERT( pxStaticQueue != NULL );
 319:Middlewares/Third_Party/FreeRTOS/Source/queue.c **** 
 320:Middlewares/Third_Party/FreeRTOS/Source/queue.c **** 		/* A queue storage area should be provided if the item size is not 0, and
 321:Middlewares/Third_Party/FreeRTOS/Source/queue.c **** 		should not be provided if the item size is 0. */
 322:Middlewares/Third_Party/FreeRTOS/Source/queue.c **** 		configASSERT( !( ( pucQueueStorage != NULL ) && ( uxItemSize == 0 ) ) );
 323:Middlewares/Third_Party/FreeRTOS/Source/queue.c **** 		configASSERT( !( ( pucQueueStorage == NULL ) && ( uxItemSize != 0 ) ) );
 324:Middlewares/Third_Party/FreeRTOS/Source/queue.c **** 
 325:Middlewares/Third_Party/FreeRTOS/Source/queue.c **** 		#if( configASSERT_DEFINED == 1 )
 326:Middlewares/Third_Party/FreeRTOS/Source/queue.c **** 		{
 327:Middlewares/Third_Party/FreeRTOS/Source/queue.c **** 			/* Sanity check that the size of the structure used to declare a
 328:Middlewares/Third_Party/FreeRTOS/Source/queue.c **** 			variable of type StaticQueue_t or StaticSemaphore_t equals the size of
 329:Middlewares/Third_Party/FreeRTOS/Source/queue.c **** 			the real queue and semaphore structures. */
 330:Middlewares/Third_Party/FreeRTOS/Source/queue.c **** 			volatile size_t xSize = sizeof( StaticQueue_t );
 331:Middlewares/Third_Party/FreeRTOS/Source/queue.c **** 			configASSERT( xSize == sizeof( Queue_t ) );
 332:Middlewares/Third_Party/FreeRTOS/Source/queue.c **** 			( void ) xSize; /* Keeps lint quiet when configASSERT() is not defined. */
 333:Middlewares/Third_Party/FreeRTOS/Source/queue.c **** 		}
 334:Middlewares/Third_Party/FreeRTOS/Source/queue.c **** 		#endif /* configASSERT_DEFINED */
 335:Middlewares/Third_Party/FreeRTOS/Source/queue.c **** 
 336:Middlewares/Third_Party/FreeRTOS/Source/queue.c **** 		/* The address of a statically allocated queue was passed in, use it.
 337:Middlewares/Third_Party/FreeRTOS/Source/queue.c **** 		The address of a statically allocated storage area was also passed in
 338:Middlewares/Third_Party/FreeRTOS/Source/queue.c **** 		but is already set. */
 339:Middlewares/Third_Party/FreeRTOS/Source/queue.c **** 		pxNewQueue = ( Queue_t * ) pxStaticQueue; /*lint !e740 !e9087 Unusual cast is ok as the structure
 340:Middlewares/Third_Party/FreeRTOS/Source/queue.c **** 
 341:Middlewares/Third_Party/FreeRTOS/Source/queue.c **** 		if( pxNewQueue != NULL )
 342:Middlewares/Third_Party/FreeRTOS/Source/queue.c **** 		{
 343:Middlewares/Third_Party/FreeRTOS/Source/queue.c **** 			#if( configSUPPORT_DYNAMIC_ALLOCATION == 1 )
 344:Middlewares/Third_Party/FreeRTOS/Source/queue.c **** 			{
 345:Middlewares/Third_Party/FreeRTOS/Source/queue.c **** 				/* Queues can be allocated wither statically or dynamically, so
 346:Middlewares/Third_Party/FreeRTOS/Source/queue.c **** 				note this queue was allocated statically in case the queue is
 347:Middlewares/Third_Party/FreeRTOS/Source/queue.c **** 				later deleted. */
 348:Middlewares/Third_Party/FreeRTOS/Source/queue.c **** 				pxNewQueue->ucStaticallyAllocated = pdTRUE;
 349:Middlewares/Third_Party/FreeRTOS/Source/queue.c **** 			}
 350:Middlewares/Third_Party/FreeRTOS/Source/queue.c **** 			#endif /* configSUPPORT_DYNAMIC_ALLOCATION */
 351:Middlewares/Third_Party/FreeRTOS/Source/queue.c **** 
 352:Middlewares/Third_Party/FreeRTOS/Source/queue.c **** 			prvInitialiseNewQueue( uxQueueLength, uxItemSize, pucQueueStorage, ucQueueType, pxNewQueue );
 353:Middlewares/Third_Party/FreeRTOS/Source/queue.c **** 		}
 354:Middlewares/Third_Party/FreeRTOS/Source/queue.c **** 		else
 355:Middlewares/Third_Party/FreeRTOS/Source/queue.c **** 		{
 356:Middlewares/Third_Party/FreeRTOS/Source/queue.c **** 			traceQUEUE_CREATE_FAILED( ucQueueType );
 357:Middlewares/Third_Party/FreeRTOS/Source/queue.c **** 			mtCOVERAGE_TEST_MARKER();
 358:Middlewares/Third_Party/FreeRTOS/Source/queue.c **** 		}
 359:Middlewares/Third_Party/FreeRTOS/Source/queue.c **** 
 360:Middlewares/Third_Party/FreeRTOS/Source/queue.c **** 		return pxNewQueue;
 361:Middlewares/Third_Party/FreeRTOS/Source/queue.c **** 	}
 362:Middlewares/Third_Party/FreeRTOS/Source/queue.c **** 
 363:Middlewares/Third_Party/FreeRTOS/Source/queue.c **** #endif /* configSUPPORT_STATIC_ALLOCATION */
 364:Middlewares/Third_Party/FreeRTOS/Source/queue.c **** /*-----------------------------------------------------------*/
 365:Middlewares/Third_Party/FreeRTOS/Source/queue.c **** 
 366:Middlewares/Third_Party/FreeRTOS/Source/queue.c **** #if( configSUPPORT_DYNAMIC_ALLOCATION == 1 )
 367:Middlewares/Third_Party/FreeRTOS/Source/queue.c **** 
 368:Middlewares/Third_Party/FreeRTOS/Source/queue.c **** 	QueueHandle_t xQueueGenericCreate( const UBaseType_t uxQueueLength, const UBaseType_t uxItemSize, 
 369:Middlewares/Third_Party/FreeRTOS/Source/queue.c **** 	{
 370:Middlewares/Third_Party/FreeRTOS/Source/queue.c **** 	Queue_t *pxNewQueue;
 371:Middlewares/Third_Party/FreeRTOS/Source/queue.c **** 	size_t xQueueSizeInBytes;
 372:Middlewares/Third_Party/FreeRTOS/Source/queue.c **** 	uint8_t *pucQueueStorage;
 373:Middlewares/Third_Party/FreeRTOS/Source/queue.c **** 
 374:Middlewares/Third_Party/FreeRTOS/Source/queue.c **** 		configASSERT( uxQueueLength > ( UBaseType_t ) 0 );
ARM GAS  D:\software\msy64\tmp\ccpcBi2W.s 			page 8


 375:Middlewares/Third_Party/FreeRTOS/Source/queue.c **** 
 376:Middlewares/Third_Party/FreeRTOS/Source/queue.c **** 		/* Allocate enough space to hold the maximum number of items that
 377:Middlewares/Third_Party/FreeRTOS/Source/queue.c **** 		can be in the queue at any time.  It is valid for uxItemSize to be
 378:Middlewares/Third_Party/FreeRTOS/Source/queue.c **** 		zero in the case the queue is used as a semaphore. */
 379:Middlewares/Third_Party/FreeRTOS/Source/queue.c **** 		xQueueSizeInBytes = ( size_t ) ( uxQueueLength * uxItemSize ); /*lint !e961 MISRA exception as th
 380:Middlewares/Third_Party/FreeRTOS/Source/queue.c **** 
 381:Middlewares/Third_Party/FreeRTOS/Source/queue.c **** 		/* Allocate the queue and storage area.  Justification for MISRA
 382:Middlewares/Third_Party/FreeRTOS/Source/queue.c **** 		deviation as follows:  pvPortMalloc() always ensures returned memory
 383:Middlewares/Third_Party/FreeRTOS/Source/queue.c **** 		blocks are aligned per the requirements of the MCU stack.  In this case
 384:Middlewares/Third_Party/FreeRTOS/Source/queue.c **** 		pvPortMalloc() must return a pointer that is guaranteed to meet the
 385:Middlewares/Third_Party/FreeRTOS/Source/queue.c **** 		alignment requirements of the Queue_t structure - which in this case
 386:Middlewares/Third_Party/FreeRTOS/Source/queue.c **** 		is an int8_t *.  Therefore, whenever the stack alignment requirements
 387:Middlewares/Third_Party/FreeRTOS/Source/queue.c **** 		are greater than or equal to the pointer to char requirements the cast
 388:Middlewares/Third_Party/FreeRTOS/Source/queue.c **** 		is safe.  In other cases alignment requirements are not strict (one or
 389:Middlewares/Third_Party/FreeRTOS/Source/queue.c **** 		two bytes). */
 390:Middlewares/Third_Party/FreeRTOS/Source/queue.c **** 		pxNewQueue = ( Queue_t * ) pvPortMalloc( sizeof( Queue_t ) + xQueueSizeInBytes ); /*lint !e9087 !
 391:Middlewares/Third_Party/FreeRTOS/Source/queue.c **** 
 392:Middlewares/Third_Party/FreeRTOS/Source/queue.c **** 		if( pxNewQueue != NULL )
 393:Middlewares/Third_Party/FreeRTOS/Source/queue.c **** 		{
 394:Middlewares/Third_Party/FreeRTOS/Source/queue.c **** 			/* Jump past the queue structure to find the location of the queue
 395:Middlewares/Third_Party/FreeRTOS/Source/queue.c **** 			storage area. */
 396:Middlewares/Third_Party/FreeRTOS/Source/queue.c **** 			pucQueueStorage = ( uint8_t * ) pxNewQueue;
 397:Middlewares/Third_Party/FreeRTOS/Source/queue.c **** 			pucQueueStorage += sizeof( Queue_t ); /*lint !e9016 Pointer arithmetic allowed on char types, es
 398:Middlewares/Third_Party/FreeRTOS/Source/queue.c **** 
 399:Middlewares/Third_Party/FreeRTOS/Source/queue.c **** 			#if( configSUPPORT_STATIC_ALLOCATION == 1 )
 400:Middlewares/Third_Party/FreeRTOS/Source/queue.c **** 			{
 401:Middlewares/Third_Party/FreeRTOS/Source/queue.c **** 				/* Queues can be created either statically or dynamically, so
 402:Middlewares/Third_Party/FreeRTOS/Source/queue.c **** 				note this task was created dynamically in case it is later
 403:Middlewares/Third_Party/FreeRTOS/Source/queue.c **** 				deleted. */
 404:Middlewares/Third_Party/FreeRTOS/Source/queue.c **** 				pxNewQueue->ucStaticallyAllocated = pdFALSE;
 405:Middlewares/Third_Party/FreeRTOS/Source/queue.c **** 			}
 406:Middlewares/Third_Party/FreeRTOS/Source/queue.c **** 			#endif /* configSUPPORT_STATIC_ALLOCATION */
 407:Middlewares/Third_Party/FreeRTOS/Source/queue.c **** 
 408:Middlewares/Third_Party/FreeRTOS/Source/queue.c **** 			prvInitialiseNewQueue( uxQueueLength, uxItemSize, pucQueueStorage, ucQueueType, pxNewQueue );
 409:Middlewares/Third_Party/FreeRTOS/Source/queue.c **** 		}
 410:Middlewares/Third_Party/FreeRTOS/Source/queue.c **** 		else
 411:Middlewares/Third_Party/FreeRTOS/Source/queue.c **** 		{
 412:Middlewares/Third_Party/FreeRTOS/Source/queue.c **** 			traceQUEUE_CREATE_FAILED( ucQueueType );
 413:Middlewares/Third_Party/FreeRTOS/Source/queue.c **** 			mtCOVERAGE_TEST_MARKER();
 414:Middlewares/Third_Party/FreeRTOS/Source/queue.c **** 		}
 415:Middlewares/Third_Party/FreeRTOS/Source/queue.c **** 
 416:Middlewares/Third_Party/FreeRTOS/Source/queue.c **** 		return pxNewQueue;
 417:Middlewares/Third_Party/FreeRTOS/Source/queue.c **** 	}
 418:Middlewares/Third_Party/FreeRTOS/Source/queue.c **** 
 419:Middlewares/Third_Party/FreeRTOS/Source/queue.c **** #endif /* configSUPPORT_STATIC_ALLOCATION */
 420:Middlewares/Third_Party/FreeRTOS/Source/queue.c **** /*-----------------------------------------------------------*/
 421:Middlewares/Third_Party/FreeRTOS/Source/queue.c **** 
 422:Middlewares/Third_Party/FreeRTOS/Source/queue.c **** static void prvInitialiseNewQueue( const UBaseType_t uxQueueLength, const UBaseType_t uxItemSize, u
 423:Middlewares/Third_Party/FreeRTOS/Source/queue.c **** {
 424:Middlewares/Third_Party/FreeRTOS/Source/queue.c **** 	/* Remove compiler warnings about unused parameters should
 425:Middlewares/Third_Party/FreeRTOS/Source/queue.c **** 	configUSE_TRACE_FACILITY not be set to 1. */
 426:Middlewares/Third_Party/FreeRTOS/Source/queue.c **** 	( void ) ucQueueType;
 427:Middlewares/Third_Party/FreeRTOS/Source/queue.c **** 
 428:Middlewares/Third_Party/FreeRTOS/Source/queue.c **** 	if( uxItemSize == ( UBaseType_t ) 0 )
 429:Middlewares/Third_Party/FreeRTOS/Source/queue.c **** 	{
 430:Middlewares/Third_Party/FreeRTOS/Source/queue.c **** 		/* No RAM was allocated for the queue storage area, but PC head cannot
 431:Middlewares/Third_Party/FreeRTOS/Source/queue.c **** 		be set to NULL because NULL is used as a key to say the queue is used as
ARM GAS  D:\software\msy64\tmp\ccpcBi2W.s 			page 9


 432:Middlewares/Third_Party/FreeRTOS/Source/queue.c **** 		a mutex.  Therefore just set pcHead to point to the queue as a benign
 433:Middlewares/Third_Party/FreeRTOS/Source/queue.c **** 		value that is known to be within the memory map. */
 434:Middlewares/Third_Party/FreeRTOS/Source/queue.c **** 		pxNewQueue->pcHead = ( int8_t * ) pxNewQueue;
 435:Middlewares/Third_Party/FreeRTOS/Source/queue.c **** 	}
 436:Middlewares/Third_Party/FreeRTOS/Source/queue.c **** 	else
 437:Middlewares/Third_Party/FreeRTOS/Source/queue.c **** 	{
 438:Middlewares/Third_Party/FreeRTOS/Source/queue.c **** 		/* Set the head to the start of the queue storage area. */
 439:Middlewares/Third_Party/FreeRTOS/Source/queue.c **** 		pxNewQueue->pcHead = ( int8_t * ) pucQueueStorage;
 440:Middlewares/Third_Party/FreeRTOS/Source/queue.c **** 	}
 441:Middlewares/Third_Party/FreeRTOS/Source/queue.c **** 
 442:Middlewares/Third_Party/FreeRTOS/Source/queue.c **** 	/* Initialise the queue members as described where the queue type is
 443:Middlewares/Third_Party/FreeRTOS/Source/queue.c **** 	defined. */
 444:Middlewares/Third_Party/FreeRTOS/Source/queue.c **** 	pxNewQueue->uxLength = uxQueueLength;
 445:Middlewares/Third_Party/FreeRTOS/Source/queue.c **** 	pxNewQueue->uxItemSize = uxItemSize;
 446:Middlewares/Third_Party/FreeRTOS/Source/queue.c **** 	( void ) xQueueGenericReset( pxNewQueue, pdTRUE );
 447:Middlewares/Third_Party/FreeRTOS/Source/queue.c **** 
 448:Middlewares/Third_Party/FreeRTOS/Source/queue.c **** 	#if ( configUSE_TRACE_FACILITY == 1 )
 449:Middlewares/Third_Party/FreeRTOS/Source/queue.c **** 	{
 450:Middlewares/Third_Party/FreeRTOS/Source/queue.c **** 		pxNewQueue->ucQueueType = ucQueueType;
 451:Middlewares/Third_Party/FreeRTOS/Source/queue.c **** 	}
 452:Middlewares/Third_Party/FreeRTOS/Source/queue.c **** 	#endif /* configUSE_TRACE_FACILITY */
 453:Middlewares/Third_Party/FreeRTOS/Source/queue.c **** 
 454:Middlewares/Third_Party/FreeRTOS/Source/queue.c **** 	#if( configUSE_QUEUE_SETS == 1 )
 455:Middlewares/Third_Party/FreeRTOS/Source/queue.c **** 	{
 456:Middlewares/Third_Party/FreeRTOS/Source/queue.c **** 		pxNewQueue->pxQueueSetContainer = NULL;
 457:Middlewares/Third_Party/FreeRTOS/Source/queue.c **** 	}
 458:Middlewares/Third_Party/FreeRTOS/Source/queue.c **** 	#endif /* configUSE_QUEUE_SETS */
 459:Middlewares/Third_Party/FreeRTOS/Source/queue.c **** 
 460:Middlewares/Third_Party/FreeRTOS/Source/queue.c **** 	traceQUEUE_CREATE( pxNewQueue );
 461:Middlewares/Third_Party/FreeRTOS/Source/queue.c **** }
 462:Middlewares/Third_Party/FreeRTOS/Source/queue.c **** /*-----------------------------------------------------------*/
 463:Middlewares/Third_Party/FreeRTOS/Source/queue.c **** 
 464:Middlewares/Third_Party/FreeRTOS/Source/queue.c **** #if( configUSE_MUTEXES == 1 )
 465:Middlewares/Third_Party/FreeRTOS/Source/queue.c **** 
 466:Middlewares/Third_Party/FreeRTOS/Source/queue.c **** 	static void prvInitialiseMutex( Queue_t *pxNewQueue )
 467:Middlewares/Third_Party/FreeRTOS/Source/queue.c **** 	{
 468:Middlewares/Third_Party/FreeRTOS/Source/queue.c **** 		if( pxNewQueue != NULL )
 469:Middlewares/Third_Party/FreeRTOS/Source/queue.c **** 		{
 470:Middlewares/Third_Party/FreeRTOS/Source/queue.c **** 			/* The queue create function will set all the queue structure members
 471:Middlewares/Third_Party/FreeRTOS/Source/queue.c **** 			correctly for a generic queue, but this function is creating a
 472:Middlewares/Third_Party/FreeRTOS/Source/queue.c **** 			mutex.  Overwrite those members that need to be set differently -
 473:Middlewares/Third_Party/FreeRTOS/Source/queue.c **** 			in particular the information required for priority inheritance. */
 474:Middlewares/Third_Party/FreeRTOS/Source/queue.c **** 			pxNewQueue->u.xSemaphore.xMutexHolder = NULL;
 475:Middlewares/Third_Party/FreeRTOS/Source/queue.c **** 			pxNewQueue->uxQueueType = queueQUEUE_IS_MUTEX;
 476:Middlewares/Third_Party/FreeRTOS/Source/queue.c **** 
 477:Middlewares/Third_Party/FreeRTOS/Source/queue.c **** 			/* In case this is a recursive mutex. */
 478:Middlewares/Third_Party/FreeRTOS/Source/queue.c **** 			pxNewQueue->u.xSemaphore.uxRecursiveCallCount = 0;
 479:Middlewares/Third_Party/FreeRTOS/Source/queue.c **** 
 480:Middlewares/Third_Party/FreeRTOS/Source/queue.c **** 			traceCREATE_MUTEX( pxNewQueue );
 481:Middlewares/Third_Party/FreeRTOS/Source/queue.c **** 
 482:Middlewares/Third_Party/FreeRTOS/Source/queue.c **** 			/* Start with the semaphore in the expected state. */
 483:Middlewares/Third_Party/FreeRTOS/Source/queue.c **** 			( void ) xQueueGenericSend( pxNewQueue, NULL, ( TickType_t ) 0U, queueSEND_TO_BACK );
 484:Middlewares/Third_Party/FreeRTOS/Source/queue.c **** 		}
 485:Middlewares/Third_Party/FreeRTOS/Source/queue.c **** 		else
 486:Middlewares/Third_Party/FreeRTOS/Source/queue.c **** 		{
 487:Middlewares/Third_Party/FreeRTOS/Source/queue.c **** 			traceCREATE_MUTEX_FAILED();
 488:Middlewares/Third_Party/FreeRTOS/Source/queue.c **** 		}
ARM GAS  D:\software\msy64\tmp\ccpcBi2W.s 			page 10


 489:Middlewares/Third_Party/FreeRTOS/Source/queue.c **** 	}
 490:Middlewares/Third_Party/FreeRTOS/Source/queue.c **** 
 491:Middlewares/Third_Party/FreeRTOS/Source/queue.c **** #endif /* configUSE_MUTEXES */
 492:Middlewares/Third_Party/FreeRTOS/Source/queue.c **** /*-----------------------------------------------------------*/
 493:Middlewares/Third_Party/FreeRTOS/Source/queue.c **** 
 494:Middlewares/Third_Party/FreeRTOS/Source/queue.c **** #if( ( configUSE_MUTEXES == 1 ) && ( configSUPPORT_DYNAMIC_ALLOCATION == 1 ) )
 495:Middlewares/Third_Party/FreeRTOS/Source/queue.c **** 
 496:Middlewares/Third_Party/FreeRTOS/Source/queue.c **** 	QueueHandle_t xQueueCreateMutex( const uint8_t ucQueueType )
 497:Middlewares/Third_Party/FreeRTOS/Source/queue.c **** 	{
 498:Middlewares/Third_Party/FreeRTOS/Source/queue.c **** 	QueueHandle_t xNewQueue;
 499:Middlewares/Third_Party/FreeRTOS/Source/queue.c **** 	const UBaseType_t uxMutexLength = ( UBaseType_t ) 1, uxMutexSize = ( UBaseType_t ) 0;
 500:Middlewares/Third_Party/FreeRTOS/Source/queue.c **** 
 501:Middlewares/Third_Party/FreeRTOS/Source/queue.c **** 		xNewQueue = xQueueGenericCreate( uxMutexLength, uxMutexSize, ucQueueType );
 502:Middlewares/Third_Party/FreeRTOS/Source/queue.c **** 		prvInitialiseMutex( ( Queue_t * ) xNewQueue );
 503:Middlewares/Third_Party/FreeRTOS/Source/queue.c **** 
 504:Middlewares/Third_Party/FreeRTOS/Source/queue.c **** 		return xNewQueue;
 505:Middlewares/Third_Party/FreeRTOS/Source/queue.c **** 	}
 506:Middlewares/Third_Party/FreeRTOS/Source/queue.c **** 
 507:Middlewares/Third_Party/FreeRTOS/Source/queue.c **** #endif /* configUSE_MUTEXES */
 508:Middlewares/Third_Party/FreeRTOS/Source/queue.c **** /*-----------------------------------------------------------*/
 509:Middlewares/Third_Party/FreeRTOS/Source/queue.c **** 
 510:Middlewares/Third_Party/FreeRTOS/Source/queue.c **** #if( ( configUSE_MUTEXES == 1 ) && ( configSUPPORT_STATIC_ALLOCATION == 1 ) )
 511:Middlewares/Third_Party/FreeRTOS/Source/queue.c **** 
 512:Middlewares/Third_Party/FreeRTOS/Source/queue.c **** 	QueueHandle_t xQueueCreateMutexStatic( const uint8_t ucQueueType, StaticQueue_t *pxStaticQueue )
 513:Middlewares/Third_Party/FreeRTOS/Source/queue.c **** 	{
 514:Middlewares/Third_Party/FreeRTOS/Source/queue.c **** 	QueueHandle_t xNewQueue;
 515:Middlewares/Third_Party/FreeRTOS/Source/queue.c **** 	const UBaseType_t uxMutexLength = ( UBaseType_t ) 1, uxMutexSize = ( UBaseType_t ) 0;
 516:Middlewares/Third_Party/FreeRTOS/Source/queue.c **** 
 517:Middlewares/Third_Party/FreeRTOS/Source/queue.c **** 		/* Prevent compiler warnings about unused parameters if
 518:Middlewares/Third_Party/FreeRTOS/Source/queue.c **** 		configUSE_TRACE_FACILITY does not equal 1. */
 519:Middlewares/Third_Party/FreeRTOS/Source/queue.c **** 		( void ) ucQueueType;
 520:Middlewares/Third_Party/FreeRTOS/Source/queue.c **** 
 521:Middlewares/Third_Party/FreeRTOS/Source/queue.c **** 		xNewQueue = xQueueGenericCreateStatic( uxMutexLength, uxMutexSize, NULL, pxStaticQueue, ucQueueTy
 522:Middlewares/Third_Party/FreeRTOS/Source/queue.c **** 		prvInitialiseMutex( ( Queue_t * ) xNewQueue );
 523:Middlewares/Third_Party/FreeRTOS/Source/queue.c **** 
 524:Middlewares/Third_Party/FreeRTOS/Source/queue.c **** 		return xNewQueue;
 525:Middlewares/Third_Party/FreeRTOS/Source/queue.c **** 	}
 526:Middlewares/Third_Party/FreeRTOS/Source/queue.c **** 
 527:Middlewares/Third_Party/FreeRTOS/Source/queue.c **** #endif /* configUSE_MUTEXES */
 528:Middlewares/Third_Party/FreeRTOS/Source/queue.c **** /*-----------------------------------------------------------*/
 529:Middlewares/Third_Party/FreeRTOS/Source/queue.c **** 
 530:Middlewares/Third_Party/FreeRTOS/Source/queue.c **** #if ( ( configUSE_MUTEXES == 1 ) && ( INCLUDE_xSemaphoreGetMutexHolder == 1 ) )
 531:Middlewares/Third_Party/FreeRTOS/Source/queue.c **** 
 532:Middlewares/Third_Party/FreeRTOS/Source/queue.c **** 	TaskHandle_t xQueueGetMutexHolder( QueueHandle_t xSemaphore )
 533:Middlewares/Third_Party/FreeRTOS/Source/queue.c **** 	{
 534:Middlewares/Third_Party/FreeRTOS/Source/queue.c **** 	TaskHandle_t pxReturn;
 535:Middlewares/Third_Party/FreeRTOS/Source/queue.c **** 	Queue_t * const pxSemaphore = ( Queue_t * ) xSemaphore;
 536:Middlewares/Third_Party/FreeRTOS/Source/queue.c **** 
 537:Middlewares/Third_Party/FreeRTOS/Source/queue.c **** 		/* This function is called by xSemaphoreGetMutexHolder(), and should not
 538:Middlewares/Third_Party/FreeRTOS/Source/queue.c **** 		be called directly.  Note:  This is a good way of determining if the
 539:Middlewares/Third_Party/FreeRTOS/Source/queue.c **** 		calling task is the mutex holder, but not a good way of determining the
 540:Middlewares/Third_Party/FreeRTOS/Source/queue.c **** 		identity of the mutex holder, as the holder may change between the
 541:Middlewares/Third_Party/FreeRTOS/Source/queue.c **** 		following critical section exiting and the function returning. */
 542:Middlewares/Third_Party/FreeRTOS/Source/queue.c **** 		taskENTER_CRITICAL();
 543:Middlewares/Third_Party/FreeRTOS/Source/queue.c **** 		{
 544:Middlewares/Third_Party/FreeRTOS/Source/queue.c **** 			if( pxSemaphore->uxQueueType == queueQUEUE_IS_MUTEX )
 545:Middlewares/Third_Party/FreeRTOS/Source/queue.c **** 			{
ARM GAS  D:\software\msy64\tmp\ccpcBi2W.s 			page 11


 546:Middlewares/Third_Party/FreeRTOS/Source/queue.c **** 				pxReturn = pxSemaphore->u.xSemaphore.xMutexHolder;
 547:Middlewares/Third_Party/FreeRTOS/Source/queue.c **** 			}
 548:Middlewares/Third_Party/FreeRTOS/Source/queue.c **** 			else
 549:Middlewares/Third_Party/FreeRTOS/Source/queue.c **** 			{
 550:Middlewares/Third_Party/FreeRTOS/Source/queue.c **** 				pxReturn = NULL;
 551:Middlewares/Third_Party/FreeRTOS/Source/queue.c **** 			}
 552:Middlewares/Third_Party/FreeRTOS/Source/queue.c **** 		}
 553:Middlewares/Third_Party/FreeRTOS/Source/queue.c **** 		taskEXIT_CRITICAL();
 554:Middlewares/Third_Party/FreeRTOS/Source/queue.c **** 
 555:Middlewares/Third_Party/FreeRTOS/Source/queue.c **** 		return pxReturn;
 556:Middlewares/Third_Party/FreeRTOS/Source/queue.c **** 	} /*lint !e818 xSemaphore cannot be a pointer to const because it is a typedef. */
 557:Middlewares/Third_Party/FreeRTOS/Source/queue.c **** 
 558:Middlewares/Third_Party/FreeRTOS/Source/queue.c **** #endif
 559:Middlewares/Third_Party/FreeRTOS/Source/queue.c **** /*-----------------------------------------------------------*/
 560:Middlewares/Third_Party/FreeRTOS/Source/queue.c **** 
 561:Middlewares/Third_Party/FreeRTOS/Source/queue.c **** #if ( ( configUSE_MUTEXES == 1 ) && ( INCLUDE_xSemaphoreGetMutexHolder == 1 ) )
 562:Middlewares/Third_Party/FreeRTOS/Source/queue.c **** 
 563:Middlewares/Third_Party/FreeRTOS/Source/queue.c **** 	TaskHandle_t xQueueGetMutexHolderFromISR( QueueHandle_t xSemaphore )
 564:Middlewares/Third_Party/FreeRTOS/Source/queue.c **** 	{
 565:Middlewares/Third_Party/FreeRTOS/Source/queue.c **** 	TaskHandle_t pxReturn;
 566:Middlewares/Third_Party/FreeRTOS/Source/queue.c **** 
 567:Middlewares/Third_Party/FreeRTOS/Source/queue.c **** 		configASSERT( xSemaphore );
 568:Middlewares/Third_Party/FreeRTOS/Source/queue.c **** 
 569:Middlewares/Third_Party/FreeRTOS/Source/queue.c **** 		/* Mutexes cannot be used in interrupt service routines, so the mutex
 570:Middlewares/Third_Party/FreeRTOS/Source/queue.c **** 		holder should not change in an ISR, and therefore a critical section is
 571:Middlewares/Third_Party/FreeRTOS/Source/queue.c **** 		not required here. */
 572:Middlewares/Third_Party/FreeRTOS/Source/queue.c **** 		if( ( ( Queue_t * ) xSemaphore )->uxQueueType == queueQUEUE_IS_MUTEX )
 573:Middlewares/Third_Party/FreeRTOS/Source/queue.c **** 		{
 574:Middlewares/Third_Party/FreeRTOS/Source/queue.c **** 			pxReturn = ( ( Queue_t * ) xSemaphore )->u.xSemaphore.xMutexHolder;
 575:Middlewares/Third_Party/FreeRTOS/Source/queue.c **** 		}
 576:Middlewares/Third_Party/FreeRTOS/Source/queue.c **** 		else
 577:Middlewares/Third_Party/FreeRTOS/Source/queue.c **** 		{
 578:Middlewares/Third_Party/FreeRTOS/Source/queue.c **** 			pxReturn = NULL;
 579:Middlewares/Third_Party/FreeRTOS/Source/queue.c **** 		}
 580:Middlewares/Third_Party/FreeRTOS/Source/queue.c **** 
 581:Middlewares/Third_Party/FreeRTOS/Source/queue.c **** 		return pxReturn;
 582:Middlewares/Third_Party/FreeRTOS/Source/queue.c **** 	} /*lint !e818 xSemaphore cannot be a pointer to const because it is a typedef. */
 583:Middlewares/Third_Party/FreeRTOS/Source/queue.c **** 
 584:Middlewares/Third_Party/FreeRTOS/Source/queue.c **** #endif
 585:Middlewares/Third_Party/FreeRTOS/Source/queue.c **** /*-----------------------------------------------------------*/
 586:Middlewares/Third_Party/FreeRTOS/Source/queue.c **** 
 587:Middlewares/Third_Party/FreeRTOS/Source/queue.c **** #if ( configUSE_RECURSIVE_MUTEXES == 1 )
 588:Middlewares/Third_Party/FreeRTOS/Source/queue.c **** 
 589:Middlewares/Third_Party/FreeRTOS/Source/queue.c **** 	BaseType_t xQueueGiveMutexRecursive( QueueHandle_t xMutex )
 590:Middlewares/Third_Party/FreeRTOS/Source/queue.c **** 	{
 591:Middlewares/Third_Party/FreeRTOS/Source/queue.c **** 	BaseType_t xReturn;
 592:Middlewares/Third_Party/FreeRTOS/Source/queue.c **** 	Queue_t * const pxMutex = ( Queue_t * ) xMutex;
 593:Middlewares/Third_Party/FreeRTOS/Source/queue.c **** 
 594:Middlewares/Third_Party/FreeRTOS/Source/queue.c **** 		configASSERT( pxMutex );
 595:Middlewares/Third_Party/FreeRTOS/Source/queue.c **** 
 596:Middlewares/Third_Party/FreeRTOS/Source/queue.c **** 		/* If this is the task that holds the mutex then xMutexHolder will not
 597:Middlewares/Third_Party/FreeRTOS/Source/queue.c **** 		change outside of this task.  If this task does not hold the mutex then
 598:Middlewares/Third_Party/FreeRTOS/Source/queue.c **** 		pxMutexHolder can never coincidentally equal the tasks handle, and as
 599:Middlewares/Third_Party/FreeRTOS/Source/queue.c **** 		this is the only condition we are interested in it does not matter if
 600:Middlewares/Third_Party/FreeRTOS/Source/queue.c **** 		pxMutexHolder is accessed simultaneously by another task.  Therefore no
 601:Middlewares/Third_Party/FreeRTOS/Source/queue.c **** 		mutual exclusion is required to test the pxMutexHolder variable. */
 602:Middlewares/Third_Party/FreeRTOS/Source/queue.c **** 		if( pxMutex->u.xSemaphore.xMutexHolder == xTaskGetCurrentTaskHandle() )
ARM GAS  D:\software\msy64\tmp\ccpcBi2W.s 			page 12


 603:Middlewares/Third_Party/FreeRTOS/Source/queue.c **** 		{
 604:Middlewares/Third_Party/FreeRTOS/Source/queue.c **** 			traceGIVE_MUTEX_RECURSIVE( pxMutex );
 605:Middlewares/Third_Party/FreeRTOS/Source/queue.c **** 
 606:Middlewares/Third_Party/FreeRTOS/Source/queue.c **** 			/* uxRecursiveCallCount cannot be zero if xMutexHolder is equal to
 607:Middlewares/Third_Party/FreeRTOS/Source/queue.c **** 			the task handle, therefore no underflow check is required.  Also,
 608:Middlewares/Third_Party/FreeRTOS/Source/queue.c **** 			uxRecursiveCallCount is only modified by the mutex holder, and as
 609:Middlewares/Third_Party/FreeRTOS/Source/queue.c **** 			there can only be one, no mutual exclusion is required to modify the
 610:Middlewares/Third_Party/FreeRTOS/Source/queue.c **** 			uxRecursiveCallCount member. */
 611:Middlewares/Third_Party/FreeRTOS/Source/queue.c **** 			( pxMutex->u.xSemaphore.uxRecursiveCallCount )--;
 612:Middlewares/Third_Party/FreeRTOS/Source/queue.c **** 
 613:Middlewares/Third_Party/FreeRTOS/Source/queue.c **** 			/* Has the recursive call count unwound to 0? */
 614:Middlewares/Third_Party/FreeRTOS/Source/queue.c **** 			if( pxMutex->u.xSemaphore.uxRecursiveCallCount == ( UBaseType_t ) 0 )
 615:Middlewares/Third_Party/FreeRTOS/Source/queue.c **** 			{
 616:Middlewares/Third_Party/FreeRTOS/Source/queue.c **** 				/* Return the mutex.  This will automatically unblock any other
 617:Middlewares/Third_Party/FreeRTOS/Source/queue.c **** 				task that might be waiting to access the mutex. */
 618:Middlewares/Third_Party/FreeRTOS/Source/queue.c **** 				( void ) xQueueGenericSend( pxMutex, NULL, queueMUTEX_GIVE_BLOCK_TIME, queueSEND_TO_BACK );
 619:Middlewares/Third_Party/FreeRTOS/Source/queue.c **** 			}
 620:Middlewares/Third_Party/FreeRTOS/Source/queue.c **** 			else
 621:Middlewares/Third_Party/FreeRTOS/Source/queue.c **** 			{
 622:Middlewares/Third_Party/FreeRTOS/Source/queue.c **** 				mtCOVERAGE_TEST_MARKER();
 623:Middlewares/Third_Party/FreeRTOS/Source/queue.c **** 			}
 624:Middlewares/Third_Party/FreeRTOS/Source/queue.c **** 
 625:Middlewares/Third_Party/FreeRTOS/Source/queue.c **** 			xReturn = pdPASS;
 626:Middlewares/Third_Party/FreeRTOS/Source/queue.c **** 		}
 627:Middlewares/Third_Party/FreeRTOS/Source/queue.c **** 		else
 628:Middlewares/Third_Party/FreeRTOS/Source/queue.c **** 		{
 629:Middlewares/Third_Party/FreeRTOS/Source/queue.c **** 			/* The mutex cannot be given because the calling task is not the
 630:Middlewares/Third_Party/FreeRTOS/Source/queue.c **** 			holder. */
 631:Middlewares/Third_Party/FreeRTOS/Source/queue.c **** 			xReturn = pdFAIL;
 632:Middlewares/Third_Party/FreeRTOS/Source/queue.c **** 
 633:Middlewares/Third_Party/FreeRTOS/Source/queue.c **** 			traceGIVE_MUTEX_RECURSIVE_FAILED( pxMutex );
 634:Middlewares/Third_Party/FreeRTOS/Source/queue.c **** 		}
 635:Middlewares/Third_Party/FreeRTOS/Source/queue.c **** 
 636:Middlewares/Third_Party/FreeRTOS/Source/queue.c **** 		return xReturn;
 637:Middlewares/Third_Party/FreeRTOS/Source/queue.c **** 	}
 638:Middlewares/Third_Party/FreeRTOS/Source/queue.c **** 
 639:Middlewares/Third_Party/FreeRTOS/Source/queue.c **** #endif /* configUSE_RECURSIVE_MUTEXES */
 640:Middlewares/Third_Party/FreeRTOS/Source/queue.c **** /*-----------------------------------------------------------*/
 641:Middlewares/Third_Party/FreeRTOS/Source/queue.c **** 
 642:Middlewares/Third_Party/FreeRTOS/Source/queue.c **** #if ( configUSE_RECURSIVE_MUTEXES == 1 )
 643:Middlewares/Third_Party/FreeRTOS/Source/queue.c **** 
 644:Middlewares/Third_Party/FreeRTOS/Source/queue.c **** 	BaseType_t xQueueTakeMutexRecursive( QueueHandle_t xMutex, TickType_t xTicksToWait )
 645:Middlewares/Third_Party/FreeRTOS/Source/queue.c **** 	{
 646:Middlewares/Third_Party/FreeRTOS/Source/queue.c **** 	BaseType_t xReturn;
 647:Middlewares/Third_Party/FreeRTOS/Source/queue.c **** 	Queue_t * const pxMutex = ( Queue_t * ) xMutex;
 648:Middlewares/Third_Party/FreeRTOS/Source/queue.c **** 
 649:Middlewares/Third_Party/FreeRTOS/Source/queue.c **** 		configASSERT( pxMutex );
 650:Middlewares/Third_Party/FreeRTOS/Source/queue.c **** 
 651:Middlewares/Third_Party/FreeRTOS/Source/queue.c **** 		/* Comments regarding mutual exclusion as per those within
 652:Middlewares/Third_Party/FreeRTOS/Source/queue.c **** 		xQueueGiveMutexRecursive(). */
 653:Middlewares/Third_Party/FreeRTOS/Source/queue.c **** 
 654:Middlewares/Third_Party/FreeRTOS/Source/queue.c **** 		traceTAKE_MUTEX_RECURSIVE( pxMutex );
 655:Middlewares/Third_Party/FreeRTOS/Source/queue.c **** 
 656:Middlewares/Third_Party/FreeRTOS/Source/queue.c **** 		if( pxMutex->u.xSemaphore.xMutexHolder == xTaskGetCurrentTaskHandle() )
 657:Middlewares/Third_Party/FreeRTOS/Source/queue.c **** 		{
 658:Middlewares/Third_Party/FreeRTOS/Source/queue.c **** 			( pxMutex->u.xSemaphore.uxRecursiveCallCount )++;
 659:Middlewares/Third_Party/FreeRTOS/Source/queue.c **** 			xReturn = pdPASS;
ARM GAS  D:\software\msy64\tmp\ccpcBi2W.s 			page 13


 660:Middlewares/Third_Party/FreeRTOS/Source/queue.c **** 		}
 661:Middlewares/Third_Party/FreeRTOS/Source/queue.c **** 		else
 662:Middlewares/Third_Party/FreeRTOS/Source/queue.c **** 		{
 663:Middlewares/Third_Party/FreeRTOS/Source/queue.c **** 			xReturn = xQueueSemaphoreTake( pxMutex, xTicksToWait );
 664:Middlewares/Third_Party/FreeRTOS/Source/queue.c **** 
 665:Middlewares/Third_Party/FreeRTOS/Source/queue.c **** 			/* pdPASS will only be returned if the mutex was successfully
 666:Middlewares/Third_Party/FreeRTOS/Source/queue.c **** 			obtained.  The calling task may have entered the Blocked state
 667:Middlewares/Third_Party/FreeRTOS/Source/queue.c **** 			before reaching here. */
 668:Middlewares/Third_Party/FreeRTOS/Source/queue.c **** 			if( xReturn != pdFAIL )
 669:Middlewares/Third_Party/FreeRTOS/Source/queue.c **** 			{
 670:Middlewares/Third_Party/FreeRTOS/Source/queue.c **** 				( pxMutex->u.xSemaphore.uxRecursiveCallCount )++;
 671:Middlewares/Third_Party/FreeRTOS/Source/queue.c **** 			}
 672:Middlewares/Third_Party/FreeRTOS/Source/queue.c **** 			else
 673:Middlewares/Third_Party/FreeRTOS/Source/queue.c **** 			{
 674:Middlewares/Third_Party/FreeRTOS/Source/queue.c **** 				traceTAKE_MUTEX_RECURSIVE_FAILED( pxMutex );
 675:Middlewares/Third_Party/FreeRTOS/Source/queue.c **** 			}
 676:Middlewares/Third_Party/FreeRTOS/Source/queue.c **** 		}
 677:Middlewares/Third_Party/FreeRTOS/Source/queue.c **** 
 678:Middlewares/Third_Party/FreeRTOS/Source/queue.c **** 		return xReturn;
 679:Middlewares/Third_Party/FreeRTOS/Source/queue.c **** 	}
 680:Middlewares/Third_Party/FreeRTOS/Source/queue.c **** 
 681:Middlewares/Third_Party/FreeRTOS/Source/queue.c **** #endif /* configUSE_RECURSIVE_MUTEXES */
 682:Middlewares/Third_Party/FreeRTOS/Source/queue.c **** /*-----------------------------------------------------------*/
 683:Middlewares/Third_Party/FreeRTOS/Source/queue.c **** 
 684:Middlewares/Third_Party/FreeRTOS/Source/queue.c **** #if( ( configUSE_COUNTING_SEMAPHORES == 1 ) && ( configSUPPORT_STATIC_ALLOCATION == 1 ) )
 685:Middlewares/Third_Party/FreeRTOS/Source/queue.c **** 
 686:Middlewares/Third_Party/FreeRTOS/Source/queue.c **** 	QueueHandle_t xQueueCreateCountingSemaphoreStatic( const UBaseType_t uxMaxCount, const UBaseType_t
 687:Middlewares/Third_Party/FreeRTOS/Source/queue.c **** 	{
 688:Middlewares/Third_Party/FreeRTOS/Source/queue.c **** 	QueueHandle_t xHandle;
 689:Middlewares/Third_Party/FreeRTOS/Source/queue.c **** 
 690:Middlewares/Third_Party/FreeRTOS/Source/queue.c **** 		configASSERT( uxMaxCount != 0 );
 691:Middlewares/Third_Party/FreeRTOS/Source/queue.c **** 		configASSERT( uxInitialCount <= uxMaxCount );
 692:Middlewares/Third_Party/FreeRTOS/Source/queue.c **** 
 693:Middlewares/Third_Party/FreeRTOS/Source/queue.c **** 		xHandle = xQueueGenericCreateStatic( uxMaxCount, queueSEMAPHORE_QUEUE_ITEM_LENGTH, NULL, pxStatic
 694:Middlewares/Third_Party/FreeRTOS/Source/queue.c **** 
 695:Middlewares/Third_Party/FreeRTOS/Source/queue.c **** 		if( xHandle != NULL )
 696:Middlewares/Third_Party/FreeRTOS/Source/queue.c **** 		{
 697:Middlewares/Third_Party/FreeRTOS/Source/queue.c **** 			( ( Queue_t * ) xHandle )->uxMessagesWaiting = uxInitialCount;
 698:Middlewares/Third_Party/FreeRTOS/Source/queue.c **** 
 699:Middlewares/Third_Party/FreeRTOS/Source/queue.c **** 			traceCREATE_COUNTING_SEMAPHORE();
 700:Middlewares/Third_Party/FreeRTOS/Source/queue.c **** 		}
 701:Middlewares/Third_Party/FreeRTOS/Source/queue.c **** 		else
 702:Middlewares/Third_Party/FreeRTOS/Source/queue.c **** 		{
 703:Middlewares/Third_Party/FreeRTOS/Source/queue.c **** 			traceCREATE_COUNTING_SEMAPHORE_FAILED();
 704:Middlewares/Third_Party/FreeRTOS/Source/queue.c **** 		}
 705:Middlewares/Third_Party/FreeRTOS/Source/queue.c **** 
 706:Middlewares/Third_Party/FreeRTOS/Source/queue.c **** 		return xHandle;
 707:Middlewares/Third_Party/FreeRTOS/Source/queue.c **** 	}
 708:Middlewares/Third_Party/FreeRTOS/Source/queue.c **** 
 709:Middlewares/Third_Party/FreeRTOS/Source/queue.c **** #endif /* ( ( configUSE_COUNTING_SEMAPHORES == 1 ) && ( configSUPPORT_DYNAMIC_ALLOCATION == 1 ) ) *
 710:Middlewares/Third_Party/FreeRTOS/Source/queue.c **** /*-----------------------------------------------------------*/
 711:Middlewares/Third_Party/FreeRTOS/Source/queue.c **** 
 712:Middlewares/Third_Party/FreeRTOS/Source/queue.c **** #if( ( configUSE_COUNTING_SEMAPHORES == 1 ) && ( configSUPPORT_DYNAMIC_ALLOCATION == 1 ) )
 713:Middlewares/Third_Party/FreeRTOS/Source/queue.c **** 
 714:Middlewares/Third_Party/FreeRTOS/Source/queue.c **** 	QueueHandle_t xQueueCreateCountingSemaphore( const UBaseType_t uxMaxCount, const UBaseType_t uxIni
 715:Middlewares/Third_Party/FreeRTOS/Source/queue.c **** 	{
 716:Middlewares/Third_Party/FreeRTOS/Source/queue.c **** 	QueueHandle_t xHandle;
ARM GAS  D:\software\msy64\tmp\ccpcBi2W.s 			page 14


 717:Middlewares/Third_Party/FreeRTOS/Source/queue.c **** 
 718:Middlewares/Third_Party/FreeRTOS/Source/queue.c **** 		configASSERT( uxMaxCount != 0 );
 719:Middlewares/Third_Party/FreeRTOS/Source/queue.c **** 		configASSERT( uxInitialCount <= uxMaxCount );
 720:Middlewares/Third_Party/FreeRTOS/Source/queue.c **** 
 721:Middlewares/Third_Party/FreeRTOS/Source/queue.c **** 		xHandle = xQueueGenericCreate( uxMaxCount, queueSEMAPHORE_QUEUE_ITEM_LENGTH, queueQUEUE_TYPE_COUN
 722:Middlewares/Third_Party/FreeRTOS/Source/queue.c **** 
 723:Middlewares/Third_Party/FreeRTOS/Source/queue.c **** 		if( xHandle != NULL )
 724:Middlewares/Third_Party/FreeRTOS/Source/queue.c **** 		{
 725:Middlewares/Third_Party/FreeRTOS/Source/queue.c **** 			( ( Queue_t * ) xHandle )->uxMessagesWaiting = uxInitialCount;
 726:Middlewares/Third_Party/FreeRTOS/Source/queue.c **** 
 727:Middlewares/Third_Party/FreeRTOS/Source/queue.c **** 			traceCREATE_COUNTING_SEMAPHORE();
 728:Middlewares/Third_Party/FreeRTOS/Source/queue.c **** 		}
 729:Middlewares/Third_Party/FreeRTOS/Source/queue.c **** 		else
 730:Middlewares/Third_Party/FreeRTOS/Source/queue.c **** 		{
 731:Middlewares/Third_Party/FreeRTOS/Source/queue.c **** 			traceCREATE_COUNTING_SEMAPHORE_FAILED();
 732:Middlewares/Third_Party/FreeRTOS/Source/queue.c **** 		}
 733:Middlewares/Third_Party/FreeRTOS/Source/queue.c **** 
 734:Middlewares/Third_Party/FreeRTOS/Source/queue.c **** 		return xHandle;
 735:Middlewares/Third_Party/FreeRTOS/Source/queue.c **** 	}
 736:Middlewares/Third_Party/FreeRTOS/Source/queue.c **** 
 737:Middlewares/Third_Party/FreeRTOS/Source/queue.c **** #endif /* ( ( configUSE_COUNTING_SEMAPHORES == 1 ) && ( configSUPPORT_DYNAMIC_ALLOCATION == 1 ) ) *
 738:Middlewares/Third_Party/FreeRTOS/Source/queue.c **** /*-----------------------------------------------------------*/
 739:Middlewares/Third_Party/FreeRTOS/Source/queue.c **** 
 740:Middlewares/Third_Party/FreeRTOS/Source/queue.c **** BaseType_t xQueueGenericSend( QueueHandle_t xQueue, const void * const pvItemToQueue, TickType_t xT
 741:Middlewares/Third_Party/FreeRTOS/Source/queue.c **** {
 742:Middlewares/Third_Party/FreeRTOS/Source/queue.c **** BaseType_t xEntryTimeSet = pdFALSE, xYieldRequired;
 743:Middlewares/Third_Party/FreeRTOS/Source/queue.c **** TimeOut_t xTimeOut;
 744:Middlewares/Third_Party/FreeRTOS/Source/queue.c **** Queue_t * const pxQueue = xQueue;
 745:Middlewares/Third_Party/FreeRTOS/Source/queue.c **** 
 746:Middlewares/Third_Party/FreeRTOS/Source/queue.c **** 	configASSERT( pxQueue );
 747:Middlewares/Third_Party/FreeRTOS/Source/queue.c **** 	configASSERT( !( ( pvItemToQueue == NULL ) && ( pxQueue->uxItemSize != ( UBaseType_t ) 0U ) ) );
 748:Middlewares/Third_Party/FreeRTOS/Source/queue.c **** 	configASSERT( !( ( xCopyPosition == queueOVERWRITE ) && ( pxQueue->uxLength != 1 ) ) );
 749:Middlewares/Third_Party/FreeRTOS/Source/queue.c **** 	#if ( ( INCLUDE_xTaskGetSchedulerState == 1 ) || ( configUSE_TIMERS == 1 ) )
 750:Middlewares/Third_Party/FreeRTOS/Source/queue.c **** 	{
 751:Middlewares/Third_Party/FreeRTOS/Source/queue.c **** 		configASSERT( !( ( xTaskGetSchedulerState() == taskSCHEDULER_SUSPENDED ) && ( xTicksToWait != 0 )
 752:Middlewares/Third_Party/FreeRTOS/Source/queue.c **** 	}
 753:Middlewares/Third_Party/FreeRTOS/Source/queue.c **** 	#endif
 754:Middlewares/Third_Party/FreeRTOS/Source/queue.c **** 
 755:Middlewares/Third_Party/FreeRTOS/Source/queue.c **** 
 756:Middlewares/Third_Party/FreeRTOS/Source/queue.c **** 	/*lint -save -e904 This function relaxes the coding standard somewhat to
 757:Middlewares/Third_Party/FreeRTOS/Source/queue.c **** 	allow return statements within the function itself.  This is done in the
 758:Middlewares/Third_Party/FreeRTOS/Source/queue.c **** 	interest of execution time efficiency. */
 759:Middlewares/Third_Party/FreeRTOS/Source/queue.c **** 	for( ;; )
 760:Middlewares/Third_Party/FreeRTOS/Source/queue.c **** 	{
 761:Middlewares/Third_Party/FreeRTOS/Source/queue.c **** 		taskENTER_CRITICAL();
 762:Middlewares/Third_Party/FreeRTOS/Source/queue.c **** 		{
 763:Middlewares/Third_Party/FreeRTOS/Source/queue.c **** 			/* Is there room on the queue now?  The running task must be the
 764:Middlewares/Third_Party/FreeRTOS/Source/queue.c **** 			highest priority task wanting to access the queue.  If the head item
 765:Middlewares/Third_Party/FreeRTOS/Source/queue.c **** 			in the queue is to be overwritten then it does not matter if the
 766:Middlewares/Third_Party/FreeRTOS/Source/queue.c **** 			queue is full. */
 767:Middlewares/Third_Party/FreeRTOS/Source/queue.c **** 			if( ( pxQueue->uxMessagesWaiting < pxQueue->uxLength ) || ( xCopyPosition == queueOVERWRITE ) )
 768:Middlewares/Third_Party/FreeRTOS/Source/queue.c **** 			{
 769:Middlewares/Third_Party/FreeRTOS/Source/queue.c **** 				traceQUEUE_SEND( pxQueue );
 770:Middlewares/Third_Party/FreeRTOS/Source/queue.c **** 
 771:Middlewares/Third_Party/FreeRTOS/Source/queue.c **** 				#if ( configUSE_QUEUE_SETS == 1 )
 772:Middlewares/Third_Party/FreeRTOS/Source/queue.c **** 				{
 773:Middlewares/Third_Party/FreeRTOS/Source/queue.c **** 				const UBaseType_t uxPreviousMessagesWaiting = pxQueue->uxMessagesWaiting;
ARM GAS  D:\software\msy64\tmp\ccpcBi2W.s 			page 15


 774:Middlewares/Third_Party/FreeRTOS/Source/queue.c **** 
 775:Middlewares/Third_Party/FreeRTOS/Source/queue.c **** 					xYieldRequired = prvCopyDataToQueue( pxQueue, pvItemToQueue, xCopyPosition );
 776:Middlewares/Third_Party/FreeRTOS/Source/queue.c **** 
 777:Middlewares/Third_Party/FreeRTOS/Source/queue.c **** 					if( pxQueue->pxQueueSetContainer != NULL )
 778:Middlewares/Third_Party/FreeRTOS/Source/queue.c **** 					{
 779:Middlewares/Third_Party/FreeRTOS/Source/queue.c **** 						if( ( xCopyPosition == queueOVERWRITE ) && ( uxPreviousMessagesWaiting != ( UBaseType_t ) 0 )
 780:Middlewares/Third_Party/FreeRTOS/Source/queue.c **** 						{
 781:Middlewares/Third_Party/FreeRTOS/Source/queue.c **** 							/* Do not notify the queue set as an existing item
 782:Middlewares/Third_Party/FreeRTOS/Source/queue.c **** 							was overwritten in the queue so the number of items
 783:Middlewares/Third_Party/FreeRTOS/Source/queue.c **** 							in the queue has not changed. */
 784:Middlewares/Third_Party/FreeRTOS/Source/queue.c **** 							mtCOVERAGE_TEST_MARKER();
 785:Middlewares/Third_Party/FreeRTOS/Source/queue.c **** 						}
 786:Middlewares/Third_Party/FreeRTOS/Source/queue.c **** 						else if( prvNotifyQueueSetContainer( pxQueue ) != pdFALSE )
 787:Middlewares/Third_Party/FreeRTOS/Source/queue.c **** 						{
 788:Middlewares/Third_Party/FreeRTOS/Source/queue.c **** 							/* The queue is a member of a queue set, and posting
 789:Middlewares/Third_Party/FreeRTOS/Source/queue.c **** 							to the queue set caused a higher priority task to
 790:Middlewares/Third_Party/FreeRTOS/Source/queue.c **** 							unblock. A context switch is required. */
 791:Middlewares/Third_Party/FreeRTOS/Source/queue.c **** 							queueYIELD_IF_USING_PREEMPTION();
 792:Middlewares/Third_Party/FreeRTOS/Source/queue.c **** 						}
 793:Middlewares/Third_Party/FreeRTOS/Source/queue.c **** 						else
 794:Middlewares/Third_Party/FreeRTOS/Source/queue.c **** 						{
 795:Middlewares/Third_Party/FreeRTOS/Source/queue.c **** 							mtCOVERAGE_TEST_MARKER();
 796:Middlewares/Third_Party/FreeRTOS/Source/queue.c **** 						}
 797:Middlewares/Third_Party/FreeRTOS/Source/queue.c **** 					}
 798:Middlewares/Third_Party/FreeRTOS/Source/queue.c **** 					else
 799:Middlewares/Third_Party/FreeRTOS/Source/queue.c **** 					{
 800:Middlewares/Third_Party/FreeRTOS/Source/queue.c **** 						/* If there was a task waiting for data to arrive on the
 801:Middlewares/Third_Party/FreeRTOS/Source/queue.c **** 						queue then unblock it now. */
 802:Middlewares/Third_Party/FreeRTOS/Source/queue.c **** 						if( listLIST_IS_EMPTY( &( pxQueue->xTasksWaitingToReceive ) ) == pdFALSE )
 803:Middlewares/Third_Party/FreeRTOS/Source/queue.c **** 						{
 804:Middlewares/Third_Party/FreeRTOS/Source/queue.c **** 							if( xTaskRemoveFromEventList( &( pxQueue->xTasksWaitingToReceive ) ) != pdFALSE )
 805:Middlewares/Third_Party/FreeRTOS/Source/queue.c **** 							{
 806:Middlewares/Third_Party/FreeRTOS/Source/queue.c **** 								/* The unblocked task has a priority higher than
 807:Middlewares/Third_Party/FreeRTOS/Source/queue.c **** 								our own so yield immediately.  Yes it is ok to
 808:Middlewares/Third_Party/FreeRTOS/Source/queue.c **** 								do this from within the critical section - the
 809:Middlewares/Third_Party/FreeRTOS/Source/queue.c **** 								kernel takes care of that. */
 810:Middlewares/Third_Party/FreeRTOS/Source/queue.c **** 								queueYIELD_IF_USING_PREEMPTION();
 811:Middlewares/Third_Party/FreeRTOS/Source/queue.c **** 							}
 812:Middlewares/Third_Party/FreeRTOS/Source/queue.c **** 							else
 813:Middlewares/Third_Party/FreeRTOS/Source/queue.c **** 							{
 814:Middlewares/Third_Party/FreeRTOS/Source/queue.c **** 								mtCOVERAGE_TEST_MARKER();
 815:Middlewares/Third_Party/FreeRTOS/Source/queue.c **** 							}
 816:Middlewares/Third_Party/FreeRTOS/Source/queue.c **** 						}
 817:Middlewares/Third_Party/FreeRTOS/Source/queue.c **** 						else if( xYieldRequired != pdFALSE )
 818:Middlewares/Third_Party/FreeRTOS/Source/queue.c **** 						{
 819:Middlewares/Third_Party/FreeRTOS/Source/queue.c **** 							/* This path is a special case that will only get
 820:Middlewares/Third_Party/FreeRTOS/Source/queue.c **** 							executed if the task was holding multiple mutexes
 821:Middlewares/Third_Party/FreeRTOS/Source/queue.c **** 							and the mutexes were given back in an order that is
 822:Middlewares/Third_Party/FreeRTOS/Source/queue.c **** 							different to that in which they were taken. */
 823:Middlewares/Third_Party/FreeRTOS/Source/queue.c **** 							queueYIELD_IF_USING_PREEMPTION();
 824:Middlewares/Third_Party/FreeRTOS/Source/queue.c **** 						}
 825:Middlewares/Third_Party/FreeRTOS/Source/queue.c **** 						else
 826:Middlewares/Third_Party/FreeRTOS/Source/queue.c **** 						{
 827:Middlewares/Third_Party/FreeRTOS/Source/queue.c **** 							mtCOVERAGE_TEST_MARKER();
 828:Middlewares/Third_Party/FreeRTOS/Source/queue.c **** 						}
 829:Middlewares/Third_Party/FreeRTOS/Source/queue.c **** 					}
 830:Middlewares/Third_Party/FreeRTOS/Source/queue.c **** 				}
ARM GAS  D:\software\msy64\tmp\ccpcBi2W.s 			page 16


 831:Middlewares/Third_Party/FreeRTOS/Source/queue.c **** 				#else /* configUSE_QUEUE_SETS */
 832:Middlewares/Third_Party/FreeRTOS/Source/queue.c **** 				{
 833:Middlewares/Third_Party/FreeRTOS/Source/queue.c **** 					xYieldRequired = prvCopyDataToQueue( pxQueue, pvItemToQueue, xCopyPosition );
 834:Middlewares/Third_Party/FreeRTOS/Source/queue.c **** 
 835:Middlewares/Third_Party/FreeRTOS/Source/queue.c **** 					/* If there was a task waiting for data to arrive on the
 836:Middlewares/Third_Party/FreeRTOS/Source/queue.c **** 					queue then unblock it now. */
 837:Middlewares/Third_Party/FreeRTOS/Source/queue.c **** 					if( listLIST_IS_EMPTY( &( pxQueue->xTasksWaitingToReceive ) ) == pdFALSE )
 838:Middlewares/Third_Party/FreeRTOS/Source/queue.c **** 					{
 839:Middlewares/Third_Party/FreeRTOS/Source/queue.c **** 						if( xTaskRemoveFromEventList( &( pxQueue->xTasksWaitingToReceive ) ) != pdFALSE )
 840:Middlewares/Third_Party/FreeRTOS/Source/queue.c **** 						{
 841:Middlewares/Third_Party/FreeRTOS/Source/queue.c **** 							/* The unblocked task has a priority higher than
 842:Middlewares/Third_Party/FreeRTOS/Source/queue.c **** 							our own so yield immediately.  Yes it is ok to do
 843:Middlewares/Third_Party/FreeRTOS/Source/queue.c **** 							this from within the critical section - the kernel
 844:Middlewares/Third_Party/FreeRTOS/Source/queue.c **** 							takes care of that. */
 845:Middlewares/Third_Party/FreeRTOS/Source/queue.c **** 							queueYIELD_IF_USING_PREEMPTION();
 846:Middlewares/Third_Party/FreeRTOS/Source/queue.c **** 						}
 847:Middlewares/Third_Party/FreeRTOS/Source/queue.c **** 						else
 848:Middlewares/Third_Party/FreeRTOS/Source/queue.c **** 						{
 849:Middlewares/Third_Party/FreeRTOS/Source/queue.c **** 							mtCOVERAGE_TEST_MARKER();
 850:Middlewares/Third_Party/FreeRTOS/Source/queue.c **** 						}
 851:Middlewares/Third_Party/FreeRTOS/Source/queue.c **** 					}
 852:Middlewares/Third_Party/FreeRTOS/Source/queue.c **** 					else if( xYieldRequired != pdFALSE )
 853:Middlewares/Third_Party/FreeRTOS/Source/queue.c **** 					{
 854:Middlewares/Third_Party/FreeRTOS/Source/queue.c **** 						/* This path is a special case that will only get
 855:Middlewares/Third_Party/FreeRTOS/Source/queue.c **** 						executed if the task was holding multiple mutexes and
 856:Middlewares/Third_Party/FreeRTOS/Source/queue.c **** 						the mutexes were given back in an order that is
 857:Middlewares/Third_Party/FreeRTOS/Source/queue.c **** 						different to that in which they were taken. */
 858:Middlewares/Third_Party/FreeRTOS/Source/queue.c **** 						queueYIELD_IF_USING_PREEMPTION();
 859:Middlewares/Third_Party/FreeRTOS/Source/queue.c **** 					}
 860:Middlewares/Third_Party/FreeRTOS/Source/queue.c **** 					else
 861:Middlewares/Third_Party/FreeRTOS/Source/queue.c **** 					{
 862:Middlewares/Third_Party/FreeRTOS/Source/queue.c **** 						mtCOVERAGE_TEST_MARKER();
 863:Middlewares/Third_Party/FreeRTOS/Source/queue.c **** 					}
 864:Middlewares/Third_Party/FreeRTOS/Source/queue.c **** 				}
 865:Middlewares/Third_Party/FreeRTOS/Source/queue.c **** 				#endif /* configUSE_QUEUE_SETS */
 866:Middlewares/Third_Party/FreeRTOS/Source/queue.c **** 
 867:Middlewares/Third_Party/FreeRTOS/Source/queue.c **** 				taskEXIT_CRITICAL();
 868:Middlewares/Third_Party/FreeRTOS/Source/queue.c **** 				return pdPASS;
 869:Middlewares/Third_Party/FreeRTOS/Source/queue.c **** 			}
 870:Middlewares/Third_Party/FreeRTOS/Source/queue.c **** 			else
 871:Middlewares/Third_Party/FreeRTOS/Source/queue.c **** 			{
 872:Middlewares/Third_Party/FreeRTOS/Source/queue.c **** 				if( xTicksToWait == ( TickType_t ) 0 )
 873:Middlewares/Third_Party/FreeRTOS/Source/queue.c **** 				{
 874:Middlewares/Third_Party/FreeRTOS/Source/queue.c **** 					/* The queue was full and no block time is specified (or
 875:Middlewares/Third_Party/FreeRTOS/Source/queue.c **** 					the block time has expired) so leave now. */
 876:Middlewares/Third_Party/FreeRTOS/Source/queue.c **** 					taskEXIT_CRITICAL();
 877:Middlewares/Third_Party/FreeRTOS/Source/queue.c **** 
 878:Middlewares/Third_Party/FreeRTOS/Source/queue.c **** 					/* Return to the original privilege level before exiting
 879:Middlewares/Third_Party/FreeRTOS/Source/queue.c **** 					the function. */
 880:Middlewares/Third_Party/FreeRTOS/Source/queue.c **** 					traceQUEUE_SEND_FAILED( pxQueue );
 881:Middlewares/Third_Party/FreeRTOS/Source/queue.c **** 					return errQUEUE_FULL;
 882:Middlewares/Third_Party/FreeRTOS/Source/queue.c **** 				}
 883:Middlewares/Third_Party/FreeRTOS/Source/queue.c **** 				else if( xEntryTimeSet == pdFALSE )
 884:Middlewares/Third_Party/FreeRTOS/Source/queue.c **** 				{
 885:Middlewares/Third_Party/FreeRTOS/Source/queue.c **** 					/* The queue was full and a block time was specified so
 886:Middlewares/Third_Party/FreeRTOS/Source/queue.c **** 					configure the timeout structure. */
 887:Middlewares/Third_Party/FreeRTOS/Source/queue.c **** 					vTaskInternalSetTimeOutState( &xTimeOut );
ARM GAS  D:\software\msy64\tmp\ccpcBi2W.s 			page 17


 888:Middlewares/Third_Party/FreeRTOS/Source/queue.c **** 					xEntryTimeSet = pdTRUE;
 889:Middlewares/Third_Party/FreeRTOS/Source/queue.c **** 				}
 890:Middlewares/Third_Party/FreeRTOS/Source/queue.c **** 				else
 891:Middlewares/Third_Party/FreeRTOS/Source/queue.c **** 				{
 892:Middlewares/Third_Party/FreeRTOS/Source/queue.c **** 					/* Entry time was already set. */
 893:Middlewares/Third_Party/FreeRTOS/Source/queue.c **** 					mtCOVERAGE_TEST_MARKER();
 894:Middlewares/Third_Party/FreeRTOS/Source/queue.c **** 				}
 895:Middlewares/Third_Party/FreeRTOS/Source/queue.c **** 			}
 896:Middlewares/Third_Party/FreeRTOS/Source/queue.c **** 		}
 897:Middlewares/Third_Party/FreeRTOS/Source/queue.c **** 		taskEXIT_CRITICAL();
 898:Middlewares/Third_Party/FreeRTOS/Source/queue.c **** 
 899:Middlewares/Third_Party/FreeRTOS/Source/queue.c **** 		/* Interrupts and other tasks can send to and receive from the queue
 900:Middlewares/Third_Party/FreeRTOS/Source/queue.c **** 		now the critical section has been exited. */
 901:Middlewares/Third_Party/FreeRTOS/Source/queue.c **** 
 902:Middlewares/Third_Party/FreeRTOS/Source/queue.c **** 		vTaskSuspendAll();
 903:Middlewares/Third_Party/FreeRTOS/Source/queue.c **** 		prvLockQueue( pxQueue );
 904:Middlewares/Third_Party/FreeRTOS/Source/queue.c **** 
 905:Middlewares/Third_Party/FreeRTOS/Source/queue.c **** 		/* Update the timeout state to see if it has expired yet. */
 906:Middlewares/Third_Party/FreeRTOS/Source/queue.c **** 		if( xTaskCheckForTimeOut( &xTimeOut, &xTicksToWait ) == pdFALSE )
 907:Middlewares/Third_Party/FreeRTOS/Source/queue.c **** 		{
 908:Middlewares/Third_Party/FreeRTOS/Source/queue.c **** 			if( prvIsQueueFull( pxQueue ) != pdFALSE )
 909:Middlewares/Third_Party/FreeRTOS/Source/queue.c **** 			{
 910:Middlewares/Third_Party/FreeRTOS/Source/queue.c **** 				traceBLOCKING_ON_QUEUE_SEND( pxQueue );
 911:Middlewares/Third_Party/FreeRTOS/Source/queue.c **** 				vTaskPlaceOnEventList( &( pxQueue->xTasksWaitingToSend ), xTicksToWait );
 912:Middlewares/Third_Party/FreeRTOS/Source/queue.c **** 
 913:Middlewares/Third_Party/FreeRTOS/Source/queue.c **** 				/* Unlocking the queue means queue events can effect the
 914:Middlewares/Third_Party/FreeRTOS/Source/queue.c **** 				event list.  It is possible that interrupts occurring now
 915:Middlewares/Third_Party/FreeRTOS/Source/queue.c **** 				remove this task from the event list again - but as the
 916:Middlewares/Third_Party/FreeRTOS/Source/queue.c **** 				scheduler is suspended the task will go onto the pending
 917:Middlewares/Third_Party/FreeRTOS/Source/queue.c **** 				ready last instead of the actual ready list. */
 918:Middlewares/Third_Party/FreeRTOS/Source/queue.c **** 				prvUnlockQueue( pxQueue );
 919:Middlewares/Third_Party/FreeRTOS/Source/queue.c **** 
 920:Middlewares/Third_Party/FreeRTOS/Source/queue.c **** 				/* Resuming the scheduler will move tasks from the pending
 921:Middlewares/Third_Party/FreeRTOS/Source/queue.c **** 				ready list into the ready list - so it is feasible that this
 922:Middlewares/Third_Party/FreeRTOS/Source/queue.c **** 				task is already in a ready list before it yields - in which
 923:Middlewares/Third_Party/FreeRTOS/Source/queue.c **** 				case the yield will not cause a context switch unless there
 924:Middlewares/Third_Party/FreeRTOS/Source/queue.c **** 				is also a higher priority task in the pending ready list. */
 925:Middlewares/Third_Party/FreeRTOS/Source/queue.c **** 				if( xTaskResumeAll() == pdFALSE )
 926:Middlewares/Third_Party/FreeRTOS/Source/queue.c **** 				{
 927:Middlewares/Third_Party/FreeRTOS/Source/queue.c **** 					portYIELD_WITHIN_API();
 928:Middlewares/Third_Party/FreeRTOS/Source/queue.c **** 				}
 929:Middlewares/Third_Party/FreeRTOS/Source/queue.c **** 			}
 930:Middlewares/Third_Party/FreeRTOS/Source/queue.c **** 			else
 931:Middlewares/Third_Party/FreeRTOS/Source/queue.c **** 			{
 932:Middlewares/Third_Party/FreeRTOS/Source/queue.c **** 				/* Try again. */
 933:Middlewares/Third_Party/FreeRTOS/Source/queue.c **** 				prvUnlockQueue( pxQueue );
 934:Middlewares/Third_Party/FreeRTOS/Source/queue.c **** 				( void ) xTaskResumeAll();
 935:Middlewares/Third_Party/FreeRTOS/Source/queue.c **** 			}
 936:Middlewares/Third_Party/FreeRTOS/Source/queue.c **** 		}
 937:Middlewares/Third_Party/FreeRTOS/Source/queue.c **** 		else
 938:Middlewares/Third_Party/FreeRTOS/Source/queue.c **** 		{
 939:Middlewares/Third_Party/FreeRTOS/Source/queue.c **** 			/* The timeout has expired. */
 940:Middlewares/Third_Party/FreeRTOS/Source/queue.c **** 			prvUnlockQueue( pxQueue );
 941:Middlewares/Third_Party/FreeRTOS/Source/queue.c **** 			( void ) xTaskResumeAll();
 942:Middlewares/Third_Party/FreeRTOS/Source/queue.c **** 
 943:Middlewares/Third_Party/FreeRTOS/Source/queue.c **** 			traceQUEUE_SEND_FAILED( pxQueue );
 944:Middlewares/Third_Party/FreeRTOS/Source/queue.c **** 			return errQUEUE_FULL;
ARM GAS  D:\software\msy64\tmp\ccpcBi2W.s 			page 18


 945:Middlewares/Third_Party/FreeRTOS/Source/queue.c **** 		}
 946:Middlewares/Third_Party/FreeRTOS/Source/queue.c **** 	} /*lint -restore */
 947:Middlewares/Third_Party/FreeRTOS/Source/queue.c **** }
 948:Middlewares/Third_Party/FreeRTOS/Source/queue.c **** /*-----------------------------------------------------------*/
 949:Middlewares/Third_Party/FreeRTOS/Source/queue.c **** 
 950:Middlewares/Third_Party/FreeRTOS/Source/queue.c **** BaseType_t xQueueGenericSendFromISR( QueueHandle_t xQueue, const void * const pvItemToQueue, BaseTy
 951:Middlewares/Third_Party/FreeRTOS/Source/queue.c **** {
 952:Middlewares/Third_Party/FreeRTOS/Source/queue.c **** BaseType_t xReturn;
 953:Middlewares/Third_Party/FreeRTOS/Source/queue.c **** UBaseType_t uxSavedInterruptStatus;
 954:Middlewares/Third_Party/FreeRTOS/Source/queue.c **** Queue_t * const pxQueue = xQueue;
 955:Middlewares/Third_Party/FreeRTOS/Source/queue.c **** 
 956:Middlewares/Third_Party/FreeRTOS/Source/queue.c **** 	configASSERT( pxQueue );
 957:Middlewares/Third_Party/FreeRTOS/Source/queue.c **** 	configASSERT( !( ( pvItemToQueue == NULL ) && ( pxQueue->uxItemSize != ( UBaseType_t ) 0U ) ) );
 958:Middlewares/Third_Party/FreeRTOS/Source/queue.c **** 	configASSERT( !( ( xCopyPosition == queueOVERWRITE ) && ( pxQueue->uxLength != 1 ) ) );
 959:Middlewares/Third_Party/FreeRTOS/Source/queue.c **** 
 960:Middlewares/Third_Party/FreeRTOS/Source/queue.c **** 	/* RTOS ports that support interrupt nesting have the concept of a maximum
 961:Middlewares/Third_Party/FreeRTOS/Source/queue.c **** 	system call (or maximum API call) interrupt priority.  Interrupts that are
 962:Middlewares/Third_Party/FreeRTOS/Source/queue.c **** 	above the maximum system call priority are kept permanently enabled, even
 963:Middlewares/Third_Party/FreeRTOS/Source/queue.c **** 	when the RTOS kernel is in a critical section, but cannot make any calls to
 964:Middlewares/Third_Party/FreeRTOS/Source/queue.c **** 	FreeRTOS API functions.  If configASSERT() is defined in FreeRTOSConfig.h
 965:Middlewares/Third_Party/FreeRTOS/Source/queue.c **** 	then portASSERT_IF_INTERRUPT_PRIORITY_INVALID() will result in an assertion
 966:Middlewares/Third_Party/FreeRTOS/Source/queue.c **** 	failure if a FreeRTOS API function is called from an interrupt that has been
 967:Middlewares/Third_Party/FreeRTOS/Source/queue.c **** 	assigned a priority above the configured maximum system call priority.
 968:Middlewares/Third_Party/FreeRTOS/Source/queue.c **** 	Only FreeRTOS functions that end in FromISR can be called from interrupts
 969:Middlewares/Third_Party/FreeRTOS/Source/queue.c **** 	that have been assigned a priority at or (logically) below the maximum
 970:Middlewares/Third_Party/FreeRTOS/Source/queue.c **** 	system call	interrupt priority.  FreeRTOS maintains a separate interrupt
 971:Middlewares/Third_Party/FreeRTOS/Source/queue.c **** 	safe API to ensure interrupt entry is as fast and as simple as possible.
 972:Middlewares/Third_Party/FreeRTOS/Source/queue.c **** 	More information (albeit Cortex-M specific) is provided on the following
 973:Middlewares/Third_Party/FreeRTOS/Source/queue.c **** 	link: http://www.freertos.org/RTOS-Cortex-M3-M4.html */
 974:Middlewares/Third_Party/FreeRTOS/Source/queue.c **** 	portASSERT_IF_INTERRUPT_PRIORITY_INVALID();
 975:Middlewares/Third_Party/FreeRTOS/Source/queue.c **** 
 976:Middlewares/Third_Party/FreeRTOS/Source/queue.c **** 	/* Similar to xQueueGenericSend, except without blocking if there is no room
 977:Middlewares/Third_Party/FreeRTOS/Source/queue.c **** 	in the queue.  Also don't directly wake a task that was blocked on a queue
 978:Middlewares/Third_Party/FreeRTOS/Source/queue.c **** 	read, instead return a flag to say whether a context switch is required or
 979:Middlewares/Third_Party/FreeRTOS/Source/queue.c **** 	not (i.e. has a task with a higher priority than us been woken by this
 980:Middlewares/Third_Party/FreeRTOS/Source/queue.c **** 	post). */
 981:Middlewares/Third_Party/FreeRTOS/Source/queue.c **** 	uxSavedInterruptStatus = portSET_INTERRUPT_MASK_FROM_ISR();
 982:Middlewares/Third_Party/FreeRTOS/Source/queue.c **** 	{
 983:Middlewares/Third_Party/FreeRTOS/Source/queue.c **** 		if( ( pxQueue->uxMessagesWaiting < pxQueue->uxLength ) || ( xCopyPosition == queueOVERWRITE ) )
 984:Middlewares/Third_Party/FreeRTOS/Source/queue.c **** 		{
 985:Middlewares/Third_Party/FreeRTOS/Source/queue.c **** 			const int8_t cTxLock = pxQueue->cTxLock;
 986:Middlewares/Third_Party/FreeRTOS/Source/queue.c **** 			const UBaseType_t uxPreviousMessagesWaiting = pxQueue->uxMessagesWaiting;
 987:Middlewares/Third_Party/FreeRTOS/Source/queue.c **** 
 988:Middlewares/Third_Party/FreeRTOS/Source/queue.c **** 			traceQUEUE_SEND_FROM_ISR( pxQueue );
 989:Middlewares/Third_Party/FreeRTOS/Source/queue.c **** 
 990:Middlewares/Third_Party/FreeRTOS/Source/queue.c **** 			/* Semaphores use xQueueGiveFromISR(), so pxQueue will not be a
 991:Middlewares/Third_Party/FreeRTOS/Source/queue.c **** 			semaphore or mutex.  That means prvCopyDataToQueue() cannot result
 992:Middlewares/Third_Party/FreeRTOS/Source/queue.c **** 			in a task disinheriting a priority and prvCopyDataToQueue() can be
 993:Middlewares/Third_Party/FreeRTOS/Source/queue.c **** 			called here even though the disinherit function does not check if
 994:Middlewares/Third_Party/FreeRTOS/Source/queue.c **** 			the scheduler is suspended before accessing the ready lists. */
 995:Middlewares/Third_Party/FreeRTOS/Source/queue.c **** 			( void ) prvCopyDataToQueue( pxQueue, pvItemToQueue, xCopyPosition );
 996:Middlewares/Third_Party/FreeRTOS/Source/queue.c **** 
 997:Middlewares/Third_Party/FreeRTOS/Source/queue.c **** 			/* The event list is not altered if the queue is locked.  This will
 998:Middlewares/Third_Party/FreeRTOS/Source/queue.c **** 			be done when the queue is unlocked later. */
 999:Middlewares/Third_Party/FreeRTOS/Source/queue.c **** 			if( cTxLock == queueUNLOCKED )
1000:Middlewares/Third_Party/FreeRTOS/Source/queue.c **** 			{
1001:Middlewares/Third_Party/FreeRTOS/Source/queue.c **** 				#if ( configUSE_QUEUE_SETS == 1 )
ARM GAS  D:\software\msy64\tmp\ccpcBi2W.s 			page 19


1002:Middlewares/Third_Party/FreeRTOS/Source/queue.c **** 				{
1003:Middlewares/Third_Party/FreeRTOS/Source/queue.c **** 					if( pxQueue->pxQueueSetContainer != NULL )
1004:Middlewares/Third_Party/FreeRTOS/Source/queue.c **** 					{
1005:Middlewares/Third_Party/FreeRTOS/Source/queue.c **** 						if( ( xCopyPosition == queueOVERWRITE ) && ( uxPreviousMessagesWaiting != ( UBaseType_t ) 0 )
1006:Middlewares/Third_Party/FreeRTOS/Source/queue.c **** 						{
1007:Middlewares/Third_Party/FreeRTOS/Source/queue.c **** 							/* Do not notify the queue set as an existing item
1008:Middlewares/Third_Party/FreeRTOS/Source/queue.c **** 							was overwritten in the queue so the number of items
1009:Middlewares/Third_Party/FreeRTOS/Source/queue.c **** 							in the queue has not changed. */
1010:Middlewares/Third_Party/FreeRTOS/Source/queue.c **** 							mtCOVERAGE_TEST_MARKER();
1011:Middlewares/Third_Party/FreeRTOS/Source/queue.c **** 						}
1012:Middlewares/Third_Party/FreeRTOS/Source/queue.c **** 						else if( prvNotifyQueueSetContainer( pxQueue ) != pdFALSE )
1013:Middlewares/Third_Party/FreeRTOS/Source/queue.c **** 						{
1014:Middlewares/Third_Party/FreeRTOS/Source/queue.c **** 							/* The queue is a member of a queue set, and posting
1015:Middlewares/Third_Party/FreeRTOS/Source/queue.c **** 							to the queue set caused a higher priority task to
1016:Middlewares/Third_Party/FreeRTOS/Source/queue.c **** 							unblock.  A context switch is required. */
1017:Middlewares/Third_Party/FreeRTOS/Source/queue.c **** 							if( pxHigherPriorityTaskWoken != NULL )
1018:Middlewares/Third_Party/FreeRTOS/Source/queue.c **** 							{
1019:Middlewares/Third_Party/FreeRTOS/Source/queue.c **** 								*pxHigherPriorityTaskWoken = pdTRUE;
1020:Middlewares/Third_Party/FreeRTOS/Source/queue.c **** 							}
1021:Middlewares/Third_Party/FreeRTOS/Source/queue.c **** 							else
1022:Middlewares/Third_Party/FreeRTOS/Source/queue.c **** 							{
1023:Middlewares/Third_Party/FreeRTOS/Source/queue.c **** 								mtCOVERAGE_TEST_MARKER();
1024:Middlewares/Third_Party/FreeRTOS/Source/queue.c **** 							}
1025:Middlewares/Third_Party/FreeRTOS/Source/queue.c **** 						}
1026:Middlewares/Third_Party/FreeRTOS/Source/queue.c **** 						else
1027:Middlewares/Third_Party/FreeRTOS/Source/queue.c **** 						{
1028:Middlewares/Third_Party/FreeRTOS/Source/queue.c **** 							mtCOVERAGE_TEST_MARKER();
1029:Middlewares/Third_Party/FreeRTOS/Source/queue.c **** 						}
1030:Middlewares/Third_Party/FreeRTOS/Source/queue.c **** 					}
1031:Middlewares/Third_Party/FreeRTOS/Source/queue.c **** 					else
1032:Middlewares/Third_Party/FreeRTOS/Source/queue.c **** 					{
1033:Middlewares/Third_Party/FreeRTOS/Source/queue.c **** 						if( listLIST_IS_EMPTY( &( pxQueue->xTasksWaitingToReceive ) ) == pdFALSE )
1034:Middlewares/Third_Party/FreeRTOS/Source/queue.c **** 						{
1035:Middlewares/Third_Party/FreeRTOS/Source/queue.c **** 							if( xTaskRemoveFromEventList( &( pxQueue->xTasksWaitingToReceive ) ) != pdFALSE )
1036:Middlewares/Third_Party/FreeRTOS/Source/queue.c **** 							{
1037:Middlewares/Third_Party/FreeRTOS/Source/queue.c **** 								/* The task waiting has a higher priority so
1038:Middlewares/Third_Party/FreeRTOS/Source/queue.c **** 								record that a context switch is required. */
1039:Middlewares/Third_Party/FreeRTOS/Source/queue.c **** 								if( pxHigherPriorityTaskWoken != NULL )
1040:Middlewares/Third_Party/FreeRTOS/Source/queue.c **** 								{
1041:Middlewares/Third_Party/FreeRTOS/Source/queue.c **** 									*pxHigherPriorityTaskWoken = pdTRUE;
1042:Middlewares/Third_Party/FreeRTOS/Source/queue.c **** 								}
1043:Middlewares/Third_Party/FreeRTOS/Source/queue.c **** 								else
1044:Middlewares/Third_Party/FreeRTOS/Source/queue.c **** 								{
1045:Middlewares/Third_Party/FreeRTOS/Source/queue.c **** 									mtCOVERAGE_TEST_MARKER();
1046:Middlewares/Third_Party/FreeRTOS/Source/queue.c **** 								}
1047:Middlewares/Third_Party/FreeRTOS/Source/queue.c **** 							}
1048:Middlewares/Third_Party/FreeRTOS/Source/queue.c **** 							else
1049:Middlewares/Third_Party/FreeRTOS/Source/queue.c **** 							{
1050:Middlewares/Third_Party/FreeRTOS/Source/queue.c **** 								mtCOVERAGE_TEST_MARKER();
1051:Middlewares/Third_Party/FreeRTOS/Source/queue.c **** 							}
1052:Middlewares/Third_Party/FreeRTOS/Source/queue.c **** 						}
1053:Middlewares/Third_Party/FreeRTOS/Source/queue.c **** 						else
1054:Middlewares/Third_Party/FreeRTOS/Source/queue.c **** 						{
1055:Middlewares/Third_Party/FreeRTOS/Source/queue.c **** 							mtCOVERAGE_TEST_MARKER();
1056:Middlewares/Third_Party/FreeRTOS/Source/queue.c **** 						}
1057:Middlewares/Third_Party/FreeRTOS/Source/queue.c **** 					}
1058:Middlewares/Third_Party/FreeRTOS/Source/queue.c **** 				}
ARM GAS  D:\software\msy64\tmp\ccpcBi2W.s 			page 20


1059:Middlewares/Third_Party/FreeRTOS/Source/queue.c **** 				#else /* configUSE_QUEUE_SETS */
1060:Middlewares/Third_Party/FreeRTOS/Source/queue.c **** 				{
1061:Middlewares/Third_Party/FreeRTOS/Source/queue.c **** 					if( listLIST_IS_EMPTY( &( pxQueue->xTasksWaitingToReceive ) ) == pdFALSE )
1062:Middlewares/Third_Party/FreeRTOS/Source/queue.c **** 					{
1063:Middlewares/Third_Party/FreeRTOS/Source/queue.c **** 						if( xTaskRemoveFromEventList( &( pxQueue->xTasksWaitingToReceive ) ) != pdFALSE )
1064:Middlewares/Third_Party/FreeRTOS/Source/queue.c **** 						{
1065:Middlewares/Third_Party/FreeRTOS/Source/queue.c **** 							/* The task waiting has a higher priority so record that a
1066:Middlewares/Third_Party/FreeRTOS/Source/queue.c **** 							context	switch is required. */
1067:Middlewares/Third_Party/FreeRTOS/Source/queue.c **** 							if( pxHigherPriorityTaskWoken != NULL )
1068:Middlewares/Third_Party/FreeRTOS/Source/queue.c **** 							{
1069:Middlewares/Third_Party/FreeRTOS/Source/queue.c **** 								*pxHigherPriorityTaskWoken = pdTRUE;
1070:Middlewares/Third_Party/FreeRTOS/Source/queue.c **** 							}
1071:Middlewares/Third_Party/FreeRTOS/Source/queue.c **** 							else
1072:Middlewares/Third_Party/FreeRTOS/Source/queue.c **** 							{
1073:Middlewares/Third_Party/FreeRTOS/Source/queue.c **** 								mtCOVERAGE_TEST_MARKER();
1074:Middlewares/Third_Party/FreeRTOS/Source/queue.c **** 							}
1075:Middlewares/Third_Party/FreeRTOS/Source/queue.c **** 						}
1076:Middlewares/Third_Party/FreeRTOS/Source/queue.c **** 						else
1077:Middlewares/Third_Party/FreeRTOS/Source/queue.c **** 						{
1078:Middlewares/Third_Party/FreeRTOS/Source/queue.c **** 							mtCOVERAGE_TEST_MARKER();
1079:Middlewares/Third_Party/FreeRTOS/Source/queue.c **** 						}
1080:Middlewares/Third_Party/FreeRTOS/Source/queue.c **** 					}
1081:Middlewares/Third_Party/FreeRTOS/Source/queue.c **** 					else
1082:Middlewares/Third_Party/FreeRTOS/Source/queue.c **** 					{
1083:Middlewares/Third_Party/FreeRTOS/Source/queue.c **** 						mtCOVERAGE_TEST_MARKER();
1084:Middlewares/Third_Party/FreeRTOS/Source/queue.c **** 					}
1085:Middlewares/Third_Party/FreeRTOS/Source/queue.c **** 					
1086:Middlewares/Third_Party/FreeRTOS/Source/queue.c **** 					/* Not used in this path. */
1087:Middlewares/Third_Party/FreeRTOS/Source/queue.c **** 					( void ) uxPreviousMessagesWaiting;
1088:Middlewares/Third_Party/FreeRTOS/Source/queue.c **** 				}
1089:Middlewares/Third_Party/FreeRTOS/Source/queue.c **** 				#endif /* configUSE_QUEUE_SETS */
1090:Middlewares/Third_Party/FreeRTOS/Source/queue.c **** 			}
1091:Middlewares/Third_Party/FreeRTOS/Source/queue.c **** 			else
1092:Middlewares/Third_Party/FreeRTOS/Source/queue.c **** 			{
1093:Middlewares/Third_Party/FreeRTOS/Source/queue.c **** 				/* Increment the lock count so the task that unlocks the queue
1094:Middlewares/Third_Party/FreeRTOS/Source/queue.c **** 				knows that data was posted while it was locked. */
1095:Middlewares/Third_Party/FreeRTOS/Source/queue.c **** 				pxQueue->cTxLock = ( int8_t ) ( cTxLock + 1 );
1096:Middlewares/Third_Party/FreeRTOS/Source/queue.c **** 			}
1097:Middlewares/Third_Party/FreeRTOS/Source/queue.c **** 
1098:Middlewares/Third_Party/FreeRTOS/Source/queue.c **** 			xReturn = pdPASS;
1099:Middlewares/Third_Party/FreeRTOS/Source/queue.c **** 		}
1100:Middlewares/Third_Party/FreeRTOS/Source/queue.c **** 		else
1101:Middlewares/Third_Party/FreeRTOS/Source/queue.c **** 		{
1102:Middlewares/Third_Party/FreeRTOS/Source/queue.c **** 			traceQUEUE_SEND_FROM_ISR_FAILED( pxQueue );
1103:Middlewares/Third_Party/FreeRTOS/Source/queue.c **** 			xReturn = errQUEUE_FULL;
1104:Middlewares/Third_Party/FreeRTOS/Source/queue.c **** 		}
1105:Middlewares/Third_Party/FreeRTOS/Source/queue.c **** 	}
1106:Middlewares/Third_Party/FreeRTOS/Source/queue.c **** 	portCLEAR_INTERRUPT_MASK_FROM_ISR( uxSavedInterruptStatus );
1107:Middlewares/Third_Party/FreeRTOS/Source/queue.c **** 
1108:Middlewares/Third_Party/FreeRTOS/Source/queue.c **** 	return xReturn;
1109:Middlewares/Third_Party/FreeRTOS/Source/queue.c **** }
1110:Middlewares/Third_Party/FreeRTOS/Source/queue.c **** /*-----------------------------------------------------------*/
1111:Middlewares/Third_Party/FreeRTOS/Source/queue.c **** 
1112:Middlewares/Third_Party/FreeRTOS/Source/queue.c **** BaseType_t xQueueGiveFromISR( QueueHandle_t xQueue, BaseType_t * const pxHigherPriorityTaskWoken )
1113:Middlewares/Third_Party/FreeRTOS/Source/queue.c **** {
1114:Middlewares/Third_Party/FreeRTOS/Source/queue.c **** BaseType_t xReturn;
1115:Middlewares/Third_Party/FreeRTOS/Source/queue.c **** UBaseType_t uxSavedInterruptStatus;
ARM GAS  D:\software\msy64\tmp\ccpcBi2W.s 			page 21


1116:Middlewares/Third_Party/FreeRTOS/Source/queue.c **** Queue_t * const pxQueue = xQueue;
1117:Middlewares/Third_Party/FreeRTOS/Source/queue.c **** 
1118:Middlewares/Third_Party/FreeRTOS/Source/queue.c **** 	/* Similar to xQueueGenericSendFromISR() but used with semaphores where the
1119:Middlewares/Third_Party/FreeRTOS/Source/queue.c **** 	item size is 0.  Don't directly wake a task that was blocked on a queue
1120:Middlewares/Third_Party/FreeRTOS/Source/queue.c **** 	read, instead return a flag to say whether a context switch is required or
1121:Middlewares/Third_Party/FreeRTOS/Source/queue.c **** 	not (i.e. has a task with a higher priority than us been woken by this
1122:Middlewares/Third_Party/FreeRTOS/Source/queue.c **** 	post). */
1123:Middlewares/Third_Party/FreeRTOS/Source/queue.c **** 
1124:Middlewares/Third_Party/FreeRTOS/Source/queue.c **** 	configASSERT( pxQueue );
1125:Middlewares/Third_Party/FreeRTOS/Source/queue.c **** 
1126:Middlewares/Third_Party/FreeRTOS/Source/queue.c **** 	/* xQueueGenericSendFromISR() should be used instead of xQueueGiveFromISR()
1127:Middlewares/Third_Party/FreeRTOS/Source/queue.c **** 	if the item size is not 0. */
1128:Middlewares/Third_Party/FreeRTOS/Source/queue.c **** 	configASSERT( pxQueue->uxItemSize == 0 );
1129:Middlewares/Third_Party/FreeRTOS/Source/queue.c **** 
1130:Middlewares/Third_Party/FreeRTOS/Source/queue.c **** 	/* Normally a mutex would not be given from an interrupt, especially if
1131:Middlewares/Third_Party/FreeRTOS/Source/queue.c **** 	there is a mutex holder, as priority inheritance makes no sense for an
1132:Middlewares/Third_Party/FreeRTOS/Source/queue.c **** 	interrupts, only tasks. */
1133:Middlewares/Third_Party/FreeRTOS/Source/queue.c **** 	configASSERT( !( ( pxQueue->uxQueueType == queueQUEUE_IS_MUTEX ) && ( pxQueue->u.xSemaphore.xMutex
1134:Middlewares/Third_Party/FreeRTOS/Source/queue.c **** 
1135:Middlewares/Third_Party/FreeRTOS/Source/queue.c **** 	/* RTOS ports that support interrupt nesting have the concept of a maximum
1136:Middlewares/Third_Party/FreeRTOS/Source/queue.c **** 	system call (or maximum API call) interrupt priority.  Interrupts that are
1137:Middlewares/Third_Party/FreeRTOS/Source/queue.c **** 	above the maximum system call priority are kept permanently enabled, even
1138:Middlewares/Third_Party/FreeRTOS/Source/queue.c **** 	when the RTOS kernel is in a critical section, but cannot make any calls to
1139:Middlewares/Third_Party/FreeRTOS/Source/queue.c **** 	FreeRTOS API functions.  If configASSERT() is defined in FreeRTOSConfig.h
1140:Middlewares/Third_Party/FreeRTOS/Source/queue.c **** 	then portASSERT_IF_INTERRUPT_PRIORITY_INVALID() will result in an assertion
1141:Middlewares/Third_Party/FreeRTOS/Source/queue.c **** 	failure if a FreeRTOS API function is called from an interrupt that has been
1142:Middlewares/Third_Party/FreeRTOS/Source/queue.c **** 	assigned a priority above the configured maximum system call priority.
1143:Middlewares/Third_Party/FreeRTOS/Source/queue.c **** 	Only FreeRTOS functions that end in FromISR can be called from interrupts
1144:Middlewares/Third_Party/FreeRTOS/Source/queue.c **** 	that have been assigned a priority at or (logically) below the maximum
1145:Middlewares/Third_Party/FreeRTOS/Source/queue.c **** 	system call	interrupt priority.  FreeRTOS maintains a separate interrupt
1146:Middlewares/Third_Party/FreeRTOS/Source/queue.c **** 	safe API to ensure interrupt entry is as fast and as simple as possible.
1147:Middlewares/Third_Party/FreeRTOS/Source/queue.c **** 	More information (albeit Cortex-M specific) is provided on the following
1148:Middlewares/Third_Party/FreeRTOS/Source/queue.c **** 	link: http://www.freertos.org/RTOS-Cortex-M3-M4.html */
1149:Middlewares/Third_Party/FreeRTOS/Source/queue.c **** 	portASSERT_IF_INTERRUPT_PRIORITY_INVALID();
1150:Middlewares/Third_Party/FreeRTOS/Source/queue.c **** 
1151:Middlewares/Third_Party/FreeRTOS/Source/queue.c **** 	uxSavedInterruptStatus = portSET_INTERRUPT_MASK_FROM_ISR();
1152:Middlewares/Third_Party/FreeRTOS/Source/queue.c **** 	{
1153:Middlewares/Third_Party/FreeRTOS/Source/queue.c **** 		const UBaseType_t uxMessagesWaiting = pxQueue->uxMessagesWaiting;
1154:Middlewares/Third_Party/FreeRTOS/Source/queue.c **** 
1155:Middlewares/Third_Party/FreeRTOS/Source/queue.c **** 		/* When the queue is used to implement a semaphore no data is ever
1156:Middlewares/Third_Party/FreeRTOS/Source/queue.c **** 		moved through the queue but it is still valid to see if the queue 'has
1157:Middlewares/Third_Party/FreeRTOS/Source/queue.c **** 		space'. */
1158:Middlewares/Third_Party/FreeRTOS/Source/queue.c **** 		if( uxMessagesWaiting < pxQueue->uxLength )
1159:Middlewares/Third_Party/FreeRTOS/Source/queue.c **** 		{
1160:Middlewares/Third_Party/FreeRTOS/Source/queue.c **** 			const int8_t cTxLock = pxQueue->cTxLock;
1161:Middlewares/Third_Party/FreeRTOS/Source/queue.c **** 
1162:Middlewares/Third_Party/FreeRTOS/Source/queue.c **** 			traceQUEUE_SEND_FROM_ISR( pxQueue );
1163:Middlewares/Third_Party/FreeRTOS/Source/queue.c **** 
1164:Middlewares/Third_Party/FreeRTOS/Source/queue.c **** 			/* A task can only have an inherited priority if it is a mutex
1165:Middlewares/Third_Party/FreeRTOS/Source/queue.c **** 			holder - and if there is a mutex holder then the mutex cannot be
1166:Middlewares/Third_Party/FreeRTOS/Source/queue.c **** 			given from an ISR.  As this is the ISR version of the function it
1167:Middlewares/Third_Party/FreeRTOS/Source/queue.c **** 			can be assumed there is no mutex holder and no need to determine if
1168:Middlewares/Third_Party/FreeRTOS/Source/queue.c **** 			priority disinheritance is needed.  Simply increase the count of
1169:Middlewares/Third_Party/FreeRTOS/Source/queue.c **** 			messages (semaphores) available. */
1170:Middlewares/Third_Party/FreeRTOS/Source/queue.c **** 			pxQueue->uxMessagesWaiting = uxMessagesWaiting + ( UBaseType_t ) 1;
1171:Middlewares/Third_Party/FreeRTOS/Source/queue.c **** 
1172:Middlewares/Third_Party/FreeRTOS/Source/queue.c **** 			/* The event list is not altered if the queue is locked.  This will
ARM GAS  D:\software\msy64\tmp\ccpcBi2W.s 			page 22


1173:Middlewares/Third_Party/FreeRTOS/Source/queue.c **** 			be done when the queue is unlocked later. */
1174:Middlewares/Third_Party/FreeRTOS/Source/queue.c **** 			if( cTxLock == queueUNLOCKED )
1175:Middlewares/Third_Party/FreeRTOS/Source/queue.c **** 			{
1176:Middlewares/Third_Party/FreeRTOS/Source/queue.c **** 				#if ( configUSE_QUEUE_SETS == 1 )
1177:Middlewares/Third_Party/FreeRTOS/Source/queue.c **** 				{
1178:Middlewares/Third_Party/FreeRTOS/Source/queue.c **** 					if( pxQueue->pxQueueSetContainer != NULL )
1179:Middlewares/Third_Party/FreeRTOS/Source/queue.c **** 					{
1180:Middlewares/Third_Party/FreeRTOS/Source/queue.c **** 						if( prvNotifyQueueSetContainer( pxQueue ) != pdFALSE )
1181:Middlewares/Third_Party/FreeRTOS/Source/queue.c **** 						{
1182:Middlewares/Third_Party/FreeRTOS/Source/queue.c **** 							/* The semaphore is a member of a queue set, and
1183:Middlewares/Third_Party/FreeRTOS/Source/queue.c **** 							posting	to the queue set caused a higher priority
1184:Middlewares/Third_Party/FreeRTOS/Source/queue.c **** 							task to	unblock.  A context switch is required. */
1185:Middlewares/Third_Party/FreeRTOS/Source/queue.c **** 							if( pxHigherPriorityTaskWoken != NULL )
1186:Middlewares/Third_Party/FreeRTOS/Source/queue.c **** 							{
1187:Middlewares/Third_Party/FreeRTOS/Source/queue.c **** 								*pxHigherPriorityTaskWoken = pdTRUE;
1188:Middlewares/Third_Party/FreeRTOS/Source/queue.c **** 							}
1189:Middlewares/Third_Party/FreeRTOS/Source/queue.c **** 							else
1190:Middlewares/Third_Party/FreeRTOS/Source/queue.c **** 							{
1191:Middlewares/Third_Party/FreeRTOS/Source/queue.c **** 								mtCOVERAGE_TEST_MARKER();
1192:Middlewares/Third_Party/FreeRTOS/Source/queue.c **** 							}
1193:Middlewares/Third_Party/FreeRTOS/Source/queue.c **** 						}
1194:Middlewares/Third_Party/FreeRTOS/Source/queue.c **** 						else
1195:Middlewares/Third_Party/FreeRTOS/Source/queue.c **** 						{
1196:Middlewares/Third_Party/FreeRTOS/Source/queue.c **** 							mtCOVERAGE_TEST_MARKER();
1197:Middlewares/Third_Party/FreeRTOS/Source/queue.c **** 						}
1198:Middlewares/Third_Party/FreeRTOS/Source/queue.c **** 					}
1199:Middlewares/Third_Party/FreeRTOS/Source/queue.c **** 					else
1200:Middlewares/Third_Party/FreeRTOS/Source/queue.c **** 					{
1201:Middlewares/Third_Party/FreeRTOS/Source/queue.c **** 						if( listLIST_IS_EMPTY( &( pxQueue->xTasksWaitingToReceive ) ) == pdFALSE )
1202:Middlewares/Third_Party/FreeRTOS/Source/queue.c **** 						{
1203:Middlewares/Third_Party/FreeRTOS/Source/queue.c **** 							if( xTaskRemoveFromEventList( &( pxQueue->xTasksWaitingToReceive ) ) != pdFALSE )
1204:Middlewares/Third_Party/FreeRTOS/Source/queue.c **** 							{
1205:Middlewares/Third_Party/FreeRTOS/Source/queue.c **** 								/* The task waiting has a higher priority so
1206:Middlewares/Third_Party/FreeRTOS/Source/queue.c **** 								record that a context switch is required. */
1207:Middlewares/Third_Party/FreeRTOS/Source/queue.c **** 								if( pxHigherPriorityTaskWoken != NULL )
1208:Middlewares/Third_Party/FreeRTOS/Source/queue.c **** 								{
1209:Middlewares/Third_Party/FreeRTOS/Source/queue.c **** 									*pxHigherPriorityTaskWoken = pdTRUE;
1210:Middlewares/Third_Party/FreeRTOS/Source/queue.c **** 								}
1211:Middlewares/Third_Party/FreeRTOS/Source/queue.c **** 								else
1212:Middlewares/Third_Party/FreeRTOS/Source/queue.c **** 								{
1213:Middlewares/Third_Party/FreeRTOS/Source/queue.c **** 									mtCOVERAGE_TEST_MARKER();
1214:Middlewares/Third_Party/FreeRTOS/Source/queue.c **** 								}
1215:Middlewares/Third_Party/FreeRTOS/Source/queue.c **** 							}
1216:Middlewares/Third_Party/FreeRTOS/Source/queue.c **** 							else
1217:Middlewares/Third_Party/FreeRTOS/Source/queue.c **** 							{
1218:Middlewares/Third_Party/FreeRTOS/Source/queue.c **** 								mtCOVERAGE_TEST_MARKER();
1219:Middlewares/Third_Party/FreeRTOS/Source/queue.c **** 							}
1220:Middlewares/Third_Party/FreeRTOS/Source/queue.c **** 						}
1221:Middlewares/Third_Party/FreeRTOS/Source/queue.c **** 						else
1222:Middlewares/Third_Party/FreeRTOS/Source/queue.c **** 						{
1223:Middlewares/Third_Party/FreeRTOS/Source/queue.c **** 							mtCOVERAGE_TEST_MARKER();
1224:Middlewares/Third_Party/FreeRTOS/Source/queue.c **** 						}
1225:Middlewares/Third_Party/FreeRTOS/Source/queue.c **** 					}
1226:Middlewares/Third_Party/FreeRTOS/Source/queue.c **** 				}
1227:Middlewares/Third_Party/FreeRTOS/Source/queue.c **** 				#else /* configUSE_QUEUE_SETS */
1228:Middlewares/Third_Party/FreeRTOS/Source/queue.c **** 				{
1229:Middlewares/Third_Party/FreeRTOS/Source/queue.c **** 					if( listLIST_IS_EMPTY( &( pxQueue->xTasksWaitingToReceive ) ) == pdFALSE )
ARM GAS  D:\software\msy64\tmp\ccpcBi2W.s 			page 23


1230:Middlewares/Third_Party/FreeRTOS/Source/queue.c **** 					{
1231:Middlewares/Third_Party/FreeRTOS/Source/queue.c **** 						if( xTaskRemoveFromEventList( &( pxQueue->xTasksWaitingToReceive ) ) != pdFALSE )
1232:Middlewares/Third_Party/FreeRTOS/Source/queue.c **** 						{
1233:Middlewares/Third_Party/FreeRTOS/Source/queue.c **** 							/* The task waiting has a higher priority so record that a
1234:Middlewares/Third_Party/FreeRTOS/Source/queue.c **** 							context	switch is required. */
1235:Middlewares/Third_Party/FreeRTOS/Source/queue.c **** 							if( pxHigherPriorityTaskWoken != NULL )
1236:Middlewares/Third_Party/FreeRTOS/Source/queue.c **** 							{
1237:Middlewares/Third_Party/FreeRTOS/Source/queue.c **** 								*pxHigherPriorityTaskWoken = pdTRUE;
1238:Middlewares/Third_Party/FreeRTOS/Source/queue.c **** 							}
1239:Middlewares/Third_Party/FreeRTOS/Source/queue.c **** 							else
1240:Middlewares/Third_Party/FreeRTOS/Source/queue.c **** 							{
1241:Middlewares/Third_Party/FreeRTOS/Source/queue.c **** 								mtCOVERAGE_TEST_MARKER();
1242:Middlewares/Third_Party/FreeRTOS/Source/queue.c **** 							}
1243:Middlewares/Third_Party/FreeRTOS/Source/queue.c **** 						}
1244:Middlewares/Third_Party/FreeRTOS/Source/queue.c **** 						else
1245:Middlewares/Third_Party/FreeRTOS/Source/queue.c **** 						{
1246:Middlewares/Third_Party/FreeRTOS/Source/queue.c **** 							mtCOVERAGE_TEST_MARKER();
1247:Middlewares/Third_Party/FreeRTOS/Source/queue.c **** 						}
1248:Middlewares/Third_Party/FreeRTOS/Source/queue.c **** 					}
1249:Middlewares/Third_Party/FreeRTOS/Source/queue.c **** 					else
1250:Middlewares/Third_Party/FreeRTOS/Source/queue.c **** 					{
1251:Middlewares/Third_Party/FreeRTOS/Source/queue.c **** 						mtCOVERAGE_TEST_MARKER();
1252:Middlewares/Third_Party/FreeRTOS/Source/queue.c **** 					}
1253:Middlewares/Third_Party/FreeRTOS/Source/queue.c **** 				}
1254:Middlewares/Third_Party/FreeRTOS/Source/queue.c **** 				#endif /* configUSE_QUEUE_SETS */
1255:Middlewares/Third_Party/FreeRTOS/Source/queue.c **** 			}
1256:Middlewares/Third_Party/FreeRTOS/Source/queue.c **** 			else
1257:Middlewares/Third_Party/FreeRTOS/Source/queue.c **** 			{
1258:Middlewares/Third_Party/FreeRTOS/Source/queue.c **** 				/* Increment the lock count so the task that unlocks the queue
1259:Middlewares/Third_Party/FreeRTOS/Source/queue.c **** 				knows that data was posted while it was locked. */
1260:Middlewares/Third_Party/FreeRTOS/Source/queue.c **** 				pxQueue->cTxLock = ( int8_t ) ( cTxLock + 1 );
1261:Middlewares/Third_Party/FreeRTOS/Source/queue.c **** 			}
1262:Middlewares/Third_Party/FreeRTOS/Source/queue.c **** 
1263:Middlewares/Third_Party/FreeRTOS/Source/queue.c **** 			xReturn = pdPASS;
1264:Middlewares/Third_Party/FreeRTOS/Source/queue.c **** 		}
1265:Middlewares/Third_Party/FreeRTOS/Source/queue.c **** 		else
1266:Middlewares/Third_Party/FreeRTOS/Source/queue.c **** 		{
1267:Middlewares/Third_Party/FreeRTOS/Source/queue.c **** 			traceQUEUE_SEND_FROM_ISR_FAILED( pxQueue );
1268:Middlewares/Third_Party/FreeRTOS/Source/queue.c **** 			xReturn = errQUEUE_FULL;
1269:Middlewares/Third_Party/FreeRTOS/Source/queue.c **** 		}
1270:Middlewares/Third_Party/FreeRTOS/Source/queue.c **** 	}
1271:Middlewares/Third_Party/FreeRTOS/Source/queue.c **** 	portCLEAR_INTERRUPT_MASK_FROM_ISR( uxSavedInterruptStatus );
1272:Middlewares/Third_Party/FreeRTOS/Source/queue.c **** 
1273:Middlewares/Third_Party/FreeRTOS/Source/queue.c **** 	return xReturn;
1274:Middlewares/Third_Party/FreeRTOS/Source/queue.c **** }
1275:Middlewares/Third_Party/FreeRTOS/Source/queue.c **** /*-----------------------------------------------------------*/
1276:Middlewares/Third_Party/FreeRTOS/Source/queue.c **** 
1277:Middlewares/Third_Party/FreeRTOS/Source/queue.c **** BaseType_t xQueueReceive( QueueHandle_t xQueue, void * const pvBuffer, TickType_t xTicksToWait )
1278:Middlewares/Third_Party/FreeRTOS/Source/queue.c **** {
1279:Middlewares/Third_Party/FreeRTOS/Source/queue.c **** BaseType_t xEntryTimeSet = pdFALSE;
1280:Middlewares/Third_Party/FreeRTOS/Source/queue.c **** TimeOut_t xTimeOut;
1281:Middlewares/Third_Party/FreeRTOS/Source/queue.c **** Queue_t * const pxQueue = xQueue;
1282:Middlewares/Third_Party/FreeRTOS/Source/queue.c **** 
1283:Middlewares/Third_Party/FreeRTOS/Source/queue.c **** 	/* Check the pointer is not NULL. */
1284:Middlewares/Third_Party/FreeRTOS/Source/queue.c **** 	configASSERT( ( pxQueue ) );
1285:Middlewares/Third_Party/FreeRTOS/Source/queue.c **** 
1286:Middlewares/Third_Party/FreeRTOS/Source/queue.c **** 	/* The buffer into which data is received can only be NULL if the data size
ARM GAS  D:\software\msy64\tmp\ccpcBi2W.s 			page 24


1287:Middlewares/Third_Party/FreeRTOS/Source/queue.c **** 	is zero (so no data is copied into the buffer. */
1288:Middlewares/Third_Party/FreeRTOS/Source/queue.c **** 	configASSERT( !( ( ( pvBuffer ) == NULL ) && ( ( pxQueue )->uxItemSize != ( UBaseType_t ) 0U ) ) )
1289:Middlewares/Third_Party/FreeRTOS/Source/queue.c **** 
1290:Middlewares/Third_Party/FreeRTOS/Source/queue.c **** 	/* Cannot block if the scheduler is suspended. */
1291:Middlewares/Third_Party/FreeRTOS/Source/queue.c **** 	#if ( ( INCLUDE_xTaskGetSchedulerState == 1 ) || ( configUSE_TIMERS == 1 ) )
1292:Middlewares/Third_Party/FreeRTOS/Source/queue.c **** 	{
1293:Middlewares/Third_Party/FreeRTOS/Source/queue.c **** 		configASSERT( !( ( xTaskGetSchedulerState() == taskSCHEDULER_SUSPENDED ) && ( xTicksToWait != 0 )
1294:Middlewares/Third_Party/FreeRTOS/Source/queue.c **** 	}
1295:Middlewares/Third_Party/FreeRTOS/Source/queue.c **** 	#endif
1296:Middlewares/Third_Party/FreeRTOS/Source/queue.c **** 
1297:Middlewares/Third_Party/FreeRTOS/Source/queue.c **** 
1298:Middlewares/Third_Party/FreeRTOS/Source/queue.c **** 	/*lint -save -e904  This function relaxes the coding standard somewhat to
1299:Middlewares/Third_Party/FreeRTOS/Source/queue.c **** 	allow return statements within the function itself.  This is done in the
1300:Middlewares/Third_Party/FreeRTOS/Source/queue.c **** 	interest of execution time efficiency. */
1301:Middlewares/Third_Party/FreeRTOS/Source/queue.c **** 	for( ;; )
1302:Middlewares/Third_Party/FreeRTOS/Source/queue.c **** 	{
1303:Middlewares/Third_Party/FreeRTOS/Source/queue.c **** 		taskENTER_CRITICAL();
1304:Middlewares/Third_Party/FreeRTOS/Source/queue.c **** 		{
1305:Middlewares/Third_Party/FreeRTOS/Source/queue.c **** 			const UBaseType_t uxMessagesWaiting = pxQueue->uxMessagesWaiting;
1306:Middlewares/Third_Party/FreeRTOS/Source/queue.c **** 
1307:Middlewares/Third_Party/FreeRTOS/Source/queue.c **** 			/* Is there data in the queue now?  To be running the calling task
1308:Middlewares/Third_Party/FreeRTOS/Source/queue.c **** 			must be the highest priority task wanting to access the queue. */
1309:Middlewares/Third_Party/FreeRTOS/Source/queue.c **** 			if( uxMessagesWaiting > ( UBaseType_t ) 0 )
1310:Middlewares/Third_Party/FreeRTOS/Source/queue.c **** 			{
1311:Middlewares/Third_Party/FreeRTOS/Source/queue.c **** 				/* Data available, remove one item. */
1312:Middlewares/Third_Party/FreeRTOS/Source/queue.c **** 				prvCopyDataFromQueue( pxQueue, pvBuffer );
1313:Middlewares/Third_Party/FreeRTOS/Source/queue.c **** 				traceQUEUE_RECEIVE( pxQueue );
1314:Middlewares/Third_Party/FreeRTOS/Source/queue.c **** 				pxQueue->uxMessagesWaiting = uxMessagesWaiting - ( UBaseType_t ) 1;
1315:Middlewares/Third_Party/FreeRTOS/Source/queue.c **** 
1316:Middlewares/Third_Party/FreeRTOS/Source/queue.c **** 				/* There is now space in the queue, were any tasks waiting to
1317:Middlewares/Third_Party/FreeRTOS/Source/queue.c **** 				post to the queue?  If so, unblock the highest priority waiting
1318:Middlewares/Third_Party/FreeRTOS/Source/queue.c **** 				task. */
1319:Middlewares/Third_Party/FreeRTOS/Source/queue.c **** 				if( listLIST_IS_EMPTY( &( pxQueue->xTasksWaitingToSend ) ) == pdFALSE )
1320:Middlewares/Third_Party/FreeRTOS/Source/queue.c **** 				{
1321:Middlewares/Third_Party/FreeRTOS/Source/queue.c **** 					if( xTaskRemoveFromEventList( &( pxQueue->xTasksWaitingToSend ) ) != pdFALSE )
1322:Middlewares/Third_Party/FreeRTOS/Source/queue.c **** 					{
1323:Middlewares/Third_Party/FreeRTOS/Source/queue.c **** 						queueYIELD_IF_USING_PREEMPTION();
1324:Middlewares/Third_Party/FreeRTOS/Source/queue.c **** 					}
1325:Middlewares/Third_Party/FreeRTOS/Source/queue.c **** 					else
1326:Middlewares/Third_Party/FreeRTOS/Source/queue.c **** 					{
1327:Middlewares/Third_Party/FreeRTOS/Source/queue.c **** 						mtCOVERAGE_TEST_MARKER();
1328:Middlewares/Third_Party/FreeRTOS/Source/queue.c **** 					}
1329:Middlewares/Third_Party/FreeRTOS/Source/queue.c **** 				}
1330:Middlewares/Third_Party/FreeRTOS/Source/queue.c **** 				else
1331:Middlewares/Third_Party/FreeRTOS/Source/queue.c **** 				{
1332:Middlewares/Third_Party/FreeRTOS/Source/queue.c **** 					mtCOVERAGE_TEST_MARKER();
1333:Middlewares/Third_Party/FreeRTOS/Source/queue.c **** 				}
1334:Middlewares/Third_Party/FreeRTOS/Source/queue.c **** 
1335:Middlewares/Third_Party/FreeRTOS/Source/queue.c **** 				taskEXIT_CRITICAL();
1336:Middlewares/Third_Party/FreeRTOS/Source/queue.c **** 				return pdPASS;
1337:Middlewares/Third_Party/FreeRTOS/Source/queue.c **** 			}
1338:Middlewares/Third_Party/FreeRTOS/Source/queue.c **** 			else
1339:Middlewares/Third_Party/FreeRTOS/Source/queue.c **** 			{
1340:Middlewares/Third_Party/FreeRTOS/Source/queue.c **** 				if( xTicksToWait == ( TickType_t ) 0 )
1341:Middlewares/Third_Party/FreeRTOS/Source/queue.c **** 				{
1342:Middlewares/Third_Party/FreeRTOS/Source/queue.c **** 					/* The queue was empty and no block time is specified (or
1343:Middlewares/Third_Party/FreeRTOS/Source/queue.c **** 					the block time has expired) so leave now. */
ARM GAS  D:\software\msy64\tmp\ccpcBi2W.s 			page 25


1344:Middlewares/Third_Party/FreeRTOS/Source/queue.c **** 					taskEXIT_CRITICAL();
1345:Middlewares/Third_Party/FreeRTOS/Source/queue.c **** 					traceQUEUE_RECEIVE_FAILED( pxQueue );
1346:Middlewares/Third_Party/FreeRTOS/Source/queue.c **** 					return errQUEUE_EMPTY;
1347:Middlewares/Third_Party/FreeRTOS/Source/queue.c **** 				}
1348:Middlewares/Third_Party/FreeRTOS/Source/queue.c **** 				else if( xEntryTimeSet == pdFALSE )
1349:Middlewares/Third_Party/FreeRTOS/Source/queue.c **** 				{
1350:Middlewares/Third_Party/FreeRTOS/Source/queue.c **** 					/* The queue was empty and a block time was specified so
1351:Middlewares/Third_Party/FreeRTOS/Source/queue.c **** 					configure the timeout structure. */
1352:Middlewares/Third_Party/FreeRTOS/Source/queue.c **** 					vTaskInternalSetTimeOutState( &xTimeOut );
1353:Middlewares/Third_Party/FreeRTOS/Source/queue.c **** 					xEntryTimeSet = pdTRUE;
1354:Middlewares/Third_Party/FreeRTOS/Source/queue.c **** 				}
1355:Middlewares/Third_Party/FreeRTOS/Source/queue.c **** 				else
1356:Middlewares/Third_Party/FreeRTOS/Source/queue.c **** 				{
1357:Middlewares/Third_Party/FreeRTOS/Source/queue.c **** 					/* Entry time was already set. */
1358:Middlewares/Third_Party/FreeRTOS/Source/queue.c **** 					mtCOVERAGE_TEST_MARKER();
1359:Middlewares/Third_Party/FreeRTOS/Source/queue.c **** 				}
1360:Middlewares/Third_Party/FreeRTOS/Source/queue.c **** 			}
1361:Middlewares/Third_Party/FreeRTOS/Source/queue.c **** 		}
1362:Middlewares/Third_Party/FreeRTOS/Source/queue.c **** 		taskEXIT_CRITICAL();
1363:Middlewares/Third_Party/FreeRTOS/Source/queue.c **** 
1364:Middlewares/Third_Party/FreeRTOS/Source/queue.c **** 		/* Interrupts and other tasks can send to and receive from the queue
1365:Middlewares/Third_Party/FreeRTOS/Source/queue.c **** 		now the critical section has been exited. */
1366:Middlewares/Third_Party/FreeRTOS/Source/queue.c **** 
1367:Middlewares/Third_Party/FreeRTOS/Source/queue.c **** 		vTaskSuspendAll();
1368:Middlewares/Third_Party/FreeRTOS/Source/queue.c **** 		prvLockQueue( pxQueue );
1369:Middlewares/Third_Party/FreeRTOS/Source/queue.c **** 
1370:Middlewares/Third_Party/FreeRTOS/Source/queue.c **** 		/* Update the timeout state to see if it has expired yet. */
1371:Middlewares/Third_Party/FreeRTOS/Source/queue.c **** 		if( xTaskCheckForTimeOut( &xTimeOut, &xTicksToWait ) == pdFALSE )
1372:Middlewares/Third_Party/FreeRTOS/Source/queue.c **** 		{
1373:Middlewares/Third_Party/FreeRTOS/Source/queue.c **** 			/* The timeout has not expired.  If the queue is still empty place
1374:Middlewares/Third_Party/FreeRTOS/Source/queue.c **** 			the task on the list of tasks waiting to receive from the queue. */
1375:Middlewares/Third_Party/FreeRTOS/Source/queue.c **** 			if( prvIsQueueEmpty( pxQueue ) != pdFALSE )
1376:Middlewares/Third_Party/FreeRTOS/Source/queue.c **** 			{
1377:Middlewares/Third_Party/FreeRTOS/Source/queue.c **** 				traceBLOCKING_ON_QUEUE_RECEIVE( pxQueue );
1378:Middlewares/Third_Party/FreeRTOS/Source/queue.c **** 				vTaskPlaceOnEventList( &( pxQueue->xTasksWaitingToReceive ), xTicksToWait );
1379:Middlewares/Third_Party/FreeRTOS/Source/queue.c **** 				prvUnlockQueue( pxQueue );
1380:Middlewares/Third_Party/FreeRTOS/Source/queue.c **** 				if( xTaskResumeAll() == pdFALSE )
1381:Middlewares/Third_Party/FreeRTOS/Source/queue.c **** 				{
1382:Middlewares/Third_Party/FreeRTOS/Source/queue.c **** 					portYIELD_WITHIN_API();
1383:Middlewares/Third_Party/FreeRTOS/Source/queue.c **** 				}
1384:Middlewares/Third_Party/FreeRTOS/Source/queue.c **** 				else
1385:Middlewares/Third_Party/FreeRTOS/Source/queue.c **** 				{
1386:Middlewares/Third_Party/FreeRTOS/Source/queue.c **** 					mtCOVERAGE_TEST_MARKER();
1387:Middlewares/Third_Party/FreeRTOS/Source/queue.c **** 				}
1388:Middlewares/Third_Party/FreeRTOS/Source/queue.c **** 			}
1389:Middlewares/Third_Party/FreeRTOS/Source/queue.c **** 			else
1390:Middlewares/Third_Party/FreeRTOS/Source/queue.c **** 			{
1391:Middlewares/Third_Party/FreeRTOS/Source/queue.c **** 				/* The queue contains data again.  Loop back to try and read the
1392:Middlewares/Third_Party/FreeRTOS/Source/queue.c **** 				data. */
1393:Middlewares/Third_Party/FreeRTOS/Source/queue.c **** 				prvUnlockQueue( pxQueue );
1394:Middlewares/Third_Party/FreeRTOS/Source/queue.c **** 				( void ) xTaskResumeAll();
1395:Middlewares/Third_Party/FreeRTOS/Source/queue.c **** 			}
1396:Middlewares/Third_Party/FreeRTOS/Source/queue.c **** 		}
1397:Middlewares/Third_Party/FreeRTOS/Source/queue.c **** 		else
1398:Middlewares/Third_Party/FreeRTOS/Source/queue.c **** 		{
1399:Middlewares/Third_Party/FreeRTOS/Source/queue.c **** 			/* Timed out.  If there is no data in the queue exit, otherwise loop
1400:Middlewares/Third_Party/FreeRTOS/Source/queue.c **** 			back and attempt to read the data. */
ARM GAS  D:\software\msy64\tmp\ccpcBi2W.s 			page 26


1401:Middlewares/Third_Party/FreeRTOS/Source/queue.c **** 			prvUnlockQueue( pxQueue );
1402:Middlewares/Third_Party/FreeRTOS/Source/queue.c **** 			( void ) xTaskResumeAll();
1403:Middlewares/Third_Party/FreeRTOS/Source/queue.c **** 
1404:Middlewares/Third_Party/FreeRTOS/Source/queue.c **** 			if( prvIsQueueEmpty( pxQueue ) != pdFALSE )
1405:Middlewares/Third_Party/FreeRTOS/Source/queue.c **** 			{
1406:Middlewares/Third_Party/FreeRTOS/Source/queue.c **** 				traceQUEUE_RECEIVE_FAILED( pxQueue );
1407:Middlewares/Third_Party/FreeRTOS/Source/queue.c **** 				return errQUEUE_EMPTY;
1408:Middlewares/Third_Party/FreeRTOS/Source/queue.c **** 			}
1409:Middlewares/Third_Party/FreeRTOS/Source/queue.c **** 			else
1410:Middlewares/Third_Party/FreeRTOS/Source/queue.c **** 			{
1411:Middlewares/Third_Party/FreeRTOS/Source/queue.c **** 				mtCOVERAGE_TEST_MARKER();
1412:Middlewares/Third_Party/FreeRTOS/Source/queue.c **** 			}
1413:Middlewares/Third_Party/FreeRTOS/Source/queue.c **** 		}
1414:Middlewares/Third_Party/FreeRTOS/Source/queue.c **** 	} /*lint -restore */
1415:Middlewares/Third_Party/FreeRTOS/Source/queue.c **** }
1416:Middlewares/Third_Party/FreeRTOS/Source/queue.c **** /*-----------------------------------------------------------*/
1417:Middlewares/Third_Party/FreeRTOS/Source/queue.c **** 
1418:Middlewares/Third_Party/FreeRTOS/Source/queue.c **** BaseType_t xQueueSemaphoreTake( QueueHandle_t xQueue, TickType_t xTicksToWait )
1419:Middlewares/Third_Party/FreeRTOS/Source/queue.c **** {
1420:Middlewares/Third_Party/FreeRTOS/Source/queue.c **** BaseType_t xEntryTimeSet = pdFALSE;
1421:Middlewares/Third_Party/FreeRTOS/Source/queue.c **** TimeOut_t xTimeOut;
1422:Middlewares/Third_Party/FreeRTOS/Source/queue.c **** Queue_t * const pxQueue = xQueue;
1423:Middlewares/Third_Party/FreeRTOS/Source/queue.c **** 
1424:Middlewares/Third_Party/FreeRTOS/Source/queue.c **** #if( configUSE_MUTEXES == 1 )
1425:Middlewares/Third_Party/FreeRTOS/Source/queue.c **** 	BaseType_t xInheritanceOccurred = pdFALSE;
1426:Middlewares/Third_Party/FreeRTOS/Source/queue.c **** #endif
1427:Middlewares/Third_Party/FreeRTOS/Source/queue.c **** 
1428:Middlewares/Third_Party/FreeRTOS/Source/queue.c **** 	/* Check the queue pointer is not NULL. */
1429:Middlewares/Third_Party/FreeRTOS/Source/queue.c **** 	configASSERT( ( pxQueue ) );
1430:Middlewares/Third_Party/FreeRTOS/Source/queue.c **** 
1431:Middlewares/Third_Party/FreeRTOS/Source/queue.c **** 	/* Check this really is a semaphore, in which case the item size will be
1432:Middlewares/Third_Party/FreeRTOS/Source/queue.c **** 	0. */
1433:Middlewares/Third_Party/FreeRTOS/Source/queue.c **** 	configASSERT( pxQueue->uxItemSize == 0 );
1434:Middlewares/Third_Party/FreeRTOS/Source/queue.c **** 
1435:Middlewares/Third_Party/FreeRTOS/Source/queue.c **** 	/* Cannot block if the scheduler is suspended. */
1436:Middlewares/Third_Party/FreeRTOS/Source/queue.c **** 	#if ( ( INCLUDE_xTaskGetSchedulerState == 1 ) || ( configUSE_TIMERS == 1 ) )
1437:Middlewares/Third_Party/FreeRTOS/Source/queue.c **** 	{
1438:Middlewares/Third_Party/FreeRTOS/Source/queue.c **** 		configASSERT( !( ( xTaskGetSchedulerState() == taskSCHEDULER_SUSPENDED ) && ( xTicksToWait != 0 )
1439:Middlewares/Third_Party/FreeRTOS/Source/queue.c **** 	}
1440:Middlewares/Third_Party/FreeRTOS/Source/queue.c **** 	#endif
1441:Middlewares/Third_Party/FreeRTOS/Source/queue.c **** 
1442:Middlewares/Third_Party/FreeRTOS/Source/queue.c **** 
1443:Middlewares/Third_Party/FreeRTOS/Source/queue.c **** 	/*lint -save -e904 This function relaxes the coding standard somewhat to allow return
1444:Middlewares/Third_Party/FreeRTOS/Source/queue.c **** 	statements within the function itself.  This is done in the interest
1445:Middlewares/Third_Party/FreeRTOS/Source/queue.c **** 	of execution time efficiency. */
1446:Middlewares/Third_Party/FreeRTOS/Source/queue.c **** 	for( ;; )
1447:Middlewares/Third_Party/FreeRTOS/Source/queue.c **** 	{
1448:Middlewares/Third_Party/FreeRTOS/Source/queue.c **** 		taskENTER_CRITICAL();
1449:Middlewares/Third_Party/FreeRTOS/Source/queue.c **** 		{
1450:Middlewares/Third_Party/FreeRTOS/Source/queue.c **** 			/* Semaphores are queues with an item size of 0, and where the
1451:Middlewares/Third_Party/FreeRTOS/Source/queue.c **** 			number of messages in the queue is the semaphore's count value. */
1452:Middlewares/Third_Party/FreeRTOS/Source/queue.c **** 			const UBaseType_t uxSemaphoreCount = pxQueue->uxMessagesWaiting;
1453:Middlewares/Third_Party/FreeRTOS/Source/queue.c **** 
1454:Middlewares/Third_Party/FreeRTOS/Source/queue.c **** 			/* Is there data in the queue now?  To be running the calling task
1455:Middlewares/Third_Party/FreeRTOS/Source/queue.c **** 			must be the highest priority task wanting to access the queue. */
1456:Middlewares/Third_Party/FreeRTOS/Source/queue.c **** 			if( uxSemaphoreCount > ( UBaseType_t ) 0 )
1457:Middlewares/Third_Party/FreeRTOS/Source/queue.c **** 			{
ARM GAS  D:\software\msy64\tmp\ccpcBi2W.s 			page 27


1458:Middlewares/Third_Party/FreeRTOS/Source/queue.c **** 				traceQUEUE_RECEIVE( pxQueue );
1459:Middlewares/Third_Party/FreeRTOS/Source/queue.c **** 
1460:Middlewares/Third_Party/FreeRTOS/Source/queue.c **** 				/* Semaphores are queues with a data size of zero and where the
1461:Middlewares/Third_Party/FreeRTOS/Source/queue.c **** 				messages waiting is the semaphore's count.  Reduce the count. */
1462:Middlewares/Third_Party/FreeRTOS/Source/queue.c **** 				pxQueue->uxMessagesWaiting = uxSemaphoreCount - ( UBaseType_t ) 1;
1463:Middlewares/Third_Party/FreeRTOS/Source/queue.c **** 
1464:Middlewares/Third_Party/FreeRTOS/Source/queue.c **** 				#if ( configUSE_MUTEXES == 1 )
1465:Middlewares/Third_Party/FreeRTOS/Source/queue.c **** 				{
1466:Middlewares/Third_Party/FreeRTOS/Source/queue.c **** 					if( pxQueue->uxQueueType == queueQUEUE_IS_MUTEX )
1467:Middlewares/Third_Party/FreeRTOS/Source/queue.c **** 					{
1468:Middlewares/Third_Party/FreeRTOS/Source/queue.c **** 						/* Record the information required to implement
1469:Middlewares/Third_Party/FreeRTOS/Source/queue.c **** 						priority inheritance should it become necessary. */
1470:Middlewares/Third_Party/FreeRTOS/Source/queue.c **** 						pxQueue->u.xSemaphore.xMutexHolder = pvTaskIncrementMutexHeldCount();
1471:Middlewares/Third_Party/FreeRTOS/Source/queue.c **** 					}
1472:Middlewares/Third_Party/FreeRTOS/Source/queue.c **** 					else
1473:Middlewares/Third_Party/FreeRTOS/Source/queue.c **** 					{
1474:Middlewares/Third_Party/FreeRTOS/Source/queue.c **** 						mtCOVERAGE_TEST_MARKER();
1475:Middlewares/Third_Party/FreeRTOS/Source/queue.c **** 					}
1476:Middlewares/Third_Party/FreeRTOS/Source/queue.c **** 				}
1477:Middlewares/Third_Party/FreeRTOS/Source/queue.c **** 				#endif /* configUSE_MUTEXES */
1478:Middlewares/Third_Party/FreeRTOS/Source/queue.c **** 
1479:Middlewares/Third_Party/FreeRTOS/Source/queue.c **** 				/* Check to see if other tasks are blocked waiting to give the
1480:Middlewares/Third_Party/FreeRTOS/Source/queue.c **** 				semaphore, and if so, unblock the highest priority such task. */
1481:Middlewares/Third_Party/FreeRTOS/Source/queue.c **** 				if( listLIST_IS_EMPTY( &( pxQueue->xTasksWaitingToSend ) ) == pdFALSE )
1482:Middlewares/Third_Party/FreeRTOS/Source/queue.c **** 				{
1483:Middlewares/Third_Party/FreeRTOS/Source/queue.c **** 					if( xTaskRemoveFromEventList( &( pxQueue->xTasksWaitingToSend ) ) != pdFALSE )
1484:Middlewares/Third_Party/FreeRTOS/Source/queue.c **** 					{
1485:Middlewares/Third_Party/FreeRTOS/Source/queue.c **** 						queueYIELD_IF_USING_PREEMPTION();
1486:Middlewares/Third_Party/FreeRTOS/Source/queue.c **** 					}
1487:Middlewares/Third_Party/FreeRTOS/Source/queue.c **** 					else
1488:Middlewares/Third_Party/FreeRTOS/Source/queue.c **** 					{
1489:Middlewares/Third_Party/FreeRTOS/Source/queue.c **** 						mtCOVERAGE_TEST_MARKER();
1490:Middlewares/Third_Party/FreeRTOS/Source/queue.c **** 					}
1491:Middlewares/Third_Party/FreeRTOS/Source/queue.c **** 				}
1492:Middlewares/Third_Party/FreeRTOS/Source/queue.c **** 				else
1493:Middlewares/Third_Party/FreeRTOS/Source/queue.c **** 				{
1494:Middlewares/Third_Party/FreeRTOS/Source/queue.c **** 					mtCOVERAGE_TEST_MARKER();
1495:Middlewares/Third_Party/FreeRTOS/Source/queue.c **** 				}
1496:Middlewares/Third_Party/FreeRTOS/Source/queue.c **** 
1497:Middlewares/Third_Party/FreeRTOS/Source/queue.c **** 				taskEXIT_CRITICAL();
1498:Middlewares/Third_Party/FreeRTOS/Source/queue.c **** 				return pdPASS;
1499:Middlewares/Third_Party/FreeRTOS/Source/queue.c **** 			}
1500:Middlewares/Third_Party/FreeRTOS/Source/queue.c **** 			else
1501:Middlewares/Third_Party/FreeRTOS/Source/queue.c **** 			{
1502:Middlewares/Third_Party/FreeRTOS/Source/queue.c **** 				if( xTicksToWait == ( TickType_t ) 0 )
1503:Middlewares/Third_Party/FreeRTOS/Source/queue.c **** 				{
1504:Middlewares/Third_Party/FreeRTOS/Source/queue.c **** 					/* For inheritance to have occurred there must have been an
1505:Middlewares/Third_Party/FreeRTOS/Source/queue.c **** 					initial timeout, and an adjusted timeout cannot become 0, as
1506:Middlewares/Third_Party/FreeRTOS/Source/queue.c **** 					if it were 0 the function would have exited. */
1507:Middlewares/Third_Party/FreeRTOS/Source/queue.c **** 					#if( configUSE_MUTEXES == 1 )
1508:Middlewares/Third_Party/FreeRTOS/Source/queue.c **** 					{
1509:Middlewares/Third_Party/FreeRTOS/Source/queue.c **** 						configASSERT( xInheritanceOccurred == pdFALSE );
1510:Middlewares/Third_Party/FreeRTOS/Source/queue.c **** 					}
1511:Middlewares/Third_Party/FreeRTOS/Source/queue.c **** 					#endif /* configUSE_MUTEXES */
1512:Middlewares/Third_Party/FreeRTOS/Source/queue.c **** 
1513:Middlewares/Third_Party/FreeRTOS/Source/queue.c **** 					/* The semaphore count was 0 and no block time is specified
1514:Middlewares/Third_Party/FreeRTOS/Source/queue.c **** 					(or the block time has expired) so exit now. */
ARM GAS  D:\software\msy64\tmp\ccpcBi2W.s 			page 28


1515:Middlewares/Third_Party/FreeRTOS/Source/queue.c **** 					taskEXIT_CRITICAL();
1516:Middlewares/Third_Party/FreeRTOS/Source/queue.c **** 					traceQUEUE_RECEIVE_FAILED( pxQueue );
1517:Middlewares/Third_Party/FreeRTOS/Source/queue.c **** 					return errQUEUE_EMPTY;
1518:Middlewares/Third_Party/FreeRTOS/Source/queue.c **** 				}
1519:Middlewares/Third_Party/FreeRTOS/Source/queue.c **** 				else if( xEntryTimeSet == pdFALSE )
1520:Middlewares/Third_Party/FreeRTOS/Source/queue.c **** 				{
1521:Middlewares/Third_Party/FreeRTOS/Source/queue.c **** 					/* The semaphore count was 0 and a block time was specified
1522:Middlewares/Third_Party/FreeRTOS/Source/queue.c **** 					so configure the timeout structure ready to block. */
1523:Middlewares/Third_Party/FreeRTOS/Source/queue.c **** 					vTaskInternalSetTimeOutState( &xTimeOut );
1524:Middlewares/Third_Party/FreeRTOS/Source/queue.c **** 					xEntryTimeSet = pdTRUE;
1525:Middlewares/Third_Party/FreeRTOS/Source/queue.c **** 				}
1526:Middlewares/Third_Party/FreeRTOS/Source/queue.c **** 				else
1527:Middlewares/Third_Party/FreeRTOS/Source/queue.c **** 				{
1528:Middlewares/Third_Party/FreeRTOS/Source/queue.c **** 					/* Entry time was already set. */
1529:Middlewares/Third_Party/FreeRTOS/Source/queue.c **** 					mtCOVERAGE_TEST_MARKER();
1530:Middlewares/Third_Party/FreeRTOS/Source/queue.c **** 				}
1531:Middlewares/Third_Party/FreeRTOS/Source/queue.c **** 			}
1532:Middlewares/Third_Party/FreeRTOS/Source/queue.c **** 		}
1533:Middlewares/Third_Party/FreeRTOS/Source/queue.c **** 		taskEXIT_CRITICAL();
1534:Middlewares/Third_Party/FreeRTOS/Source/queue.c **** 
1535:Middlewares/Third_Party/FreeRTOS/Source/queue.c **** 		/* Interrupts and other tasks can give to and take from the semaphore
1536:Middlewares/Third_Party/FreeRTOS/Source/queue.c **** 		now the critical section has been exited. */
1537:Middlewares/Third_Party/FreeRTOS/Source/queue.c **** 
1538:Middlewares/Third_Party/FreeRTOS/Source/queue.c **** 		vTaskSuspendAll();
1539:Middlewares/Third_Party/FreeRTOS/Source/queue.c **** 		prvLockQueue( pxQueue );
1540:Middlewares/Third_Party/FreeRTOS/Source/queue.c **** 
1541:Middlewares/Third_Party/FreeRTOS/Source/queue.c **** 		/* Update the timeout state to see if it has expired yet. */
1542:Middlewares/Third_Party/FreeRTOS/Source/queue.c **** 		if( xTaskCheckForTimeOut( &xTimeOut, &xTicksToWait ) == pdFALSE )
1543:Middlewares/Third_Party/FreeRTOS/Source/queue.c **** 		{
1544:Middlewares/Third_Party/FreeRTOS/Source/queue.c **** 			/* A block time is specified and not expired.  If the semaphore
1545:Middlewares/Third_Party/FreeRTOS/Source/queue.c **** 			count is 0 then enter the Blocked state to wait for a semaphore to
1546:Middlewares/Third_Party/FreeRTOS/Source/queue.c **** 			become available.  As semaphores are implemented with queues the
1547:Middlewares/Third_Party/FreeRTOS/Source/queue.c **** 			queue being empty is equivalent to the semaphore count being 0. */
1548:Middlewares/Third_Party/FreeRTOS/Source/queue.c **** 			if( prvIsQueueEmpty( pxQueue ) != pdFALSE )
1549:Middlewares/Third_Party/FreeRTOS/Source/queue.c **** 			{
1550:Middlewares/Third_Party/FreeRTOS/Source/queue.c **** 				traceBLOCKING_ON_QUEUE_RECEIVE( pxQueue );
1551:Middlewares/Third_Party/FreeRTOS/Source/queue.c **** 
1552:Middlewares/Third_Party/FreeRTOS/Source/queue.c **** 				#if ( configUSE_MUTEXES == 1 )
1553:Middlewares/Third_Party/FreeRTOS/Source/queue.c **** 				{
1554:Middlewares/Third_Party/FreeRTOS/Source/queue.c **** 					if( pxQueue->uxQueueType == queueQUEUE_IS_MUTEX )
1555:Middlewares/Third_Party/FreeRTOS/Source/queue.c **** 					{
1556:Middlewares/Third_Party/FreeRTOS/Source/queue.c **** 						taskENTER_CRITICAL();
1557:Middlewares/Third_Party/FreeRTOS/Source/queue.c **** 						{
1558:Middlewares/Third_Party/FreeRTOS/Source/queue.c **** 							xInheritanceOccurred = xTaskPriorityInherit( pxQueue->u.xSemaphore.xMutexHolder );
1559:Middlewares/Third_Party/FreeRTOS/Source/queue.c **** 						}
1560:Middlewares/Third_Party/FreeRTOS/Source/queue.c **** 						taskEXIT_CRITICAL();
1561:Middlewares/Third_Party/FreeRTOS/Source/queue.c **** 					}
1562:Middlewares/Third_Party/FreeRTOS/Source/queue.c **** 					else
1563:Middlewares/Third_Party/FreeRTOS/Source/queue.c **** 					{
1564:Middlewares/Third_Party/FreeRTOS/Source/queue.c **** 						mtCOVERAGE_TEST_MARKER();
1565:Middlewares/Third_Party/FreeRTOS/Source/queue.c **** 					}
1566:Middlewares/Third_Party/FreeRTOS/Source/queue.c **** 				}
1567:Middlewares/Third_Party/FreeRTOS/Source/queue.c **** 				#endif
1568:Middlewares/Third_Party/FreeRTOS/Source/queue.c **** 
1569:Middlewares/Third_Party/FreeRTOS/Source/queue.c **** 				vTaskPlaceOnEventList( &( pxQueue->xTasksWaitingToReceive ), xTicksToWait );
1570:Middlewares/Third_Party/FreeRTOS/Source/queue.c **** 				prvUnlockQueue( pxQueue );
1571:Middlewares/Third_Party/FreeRTOS/Source/queue.c **** 				if( xTaskResumeAll() == pdFALSE )
ARM GAS  D:\software\msy64\tmp\ccpcBi2W.s 			page 29


1572:Middlewares/Third_Party/FreeRTOS/Source/queue.c **** 				{
1573:Middlewares/Third_Party/FreeRTOS/Source/queue.c **** 					portYIELD_WITHIN_API();
1574:Middlewares/Third_Party/FreeRTOS/Source/queue.c **** 				}
1575:Middlewares/Third_Party/FreeRTOS/Source/queue.c **** 				else
1576:Middlewares/Third_Party/FreeRTOS/Source/queue.c **** 				{
1577:Middlewares/Third_Party/FreeRTOS/Source/queue.c **** 					mtCOVERAGE_TEST_MARKER();
1578:Middlewares/Third_Party/FreeRTOS/Source/queue.c **** 				}
1579:Middlewares/Third_Party/FreeRTOS/Source/queue.c **** 			}
1580:Middlewares/Third_Party/FreeRTOS/Source/queue.c **** 			else
1581:Middlewares/Third_Party/FreeRTOS/Source/queue.c **** 			{
1582:Middlewares/Third_Party/FreeRTOS/Source/queue.c **** 				/* There was no timeout and the semaphore count was not 0, so
1583:Middlewares/Third_Party/FreeRTOS/Source/queue.c **** 				attempt to take the semaphore again. */
1584:Middlewares/Third_Party/FreeRTOS/Source/queue.c **** 				prvUnlockQueue( pxQueue );
1585:Middlewares/Third_Party/FreeRTOS/Source/queue.c **** 				( void ) xTaskResumeAll();
1586:Middlewares/Third_Party/FreeRTOS/Source/queue.c **** 			}
1587:Middlewares/Third_Party/FreeRTOS/Source/queue.c **** 		}
1588:Middlewares/Third_Party/FreeRTOS/Source/queue.c **** 		else
1589:Middlewares/Third_Party/FreeRTOS/Source/queue.c **** 		{
1590:Middlewares/Third_Party/FreeRTOS/Source/queue.c **** 			/* Timed out. */
1591:Middlewares/Third_Party/FreeRTOS/Source/queue.c **** 			prvUnlockQueue( pxQueue );
1592:Middlewares/Third_Party/FreeRTOS/Source/queue.c **** 			( void ) xTaskResumeAll();
1593:Middlewares/Third_Party/FreeRTOS/Source/queue.c **** 
1594:Middlewares/Third_Party/FreeRTOS/Source/queue.c **** 			/* If the semaphore count is 0 exit now as the timeout has
1595:Middlewares/Third_Party/FreeRTOS/Source/queue.c **** 			expired.  Otherwise return to attempt to take the semaphore that is
1596:Middlewares/Third_Party/FreeRTOS/Source/queue.c **** 			known to be available.  As semaphores are implemented by queues the
1597:Middlewares/Third_Party/FreeRTOS/Source/queue.c **** 			queue being empty is equivalent to the semaphore count being 0. */
1598:Middlewares/Third_Party/FreeRTOS/Source/queue.c **** 			if( prvIsQueueEmpty( pxQueue ) != pdFALSE )
1599:Middlewares/Third_Party/FreeRTOS/Source/queue.c **** 			{
1600:Middlewares/Third_Party/FreeRTOS/Source/queue.c **** 				#if ( configUSE_MUTEXES == 1 )
1601:Middlewares/Third_Party/FreeRTOS/Source/queue.c **** 				{
1602:Middlewares/Third_Party/FreeRTOS/Source/queue.c **** 					/* xInheritanceOccurred could only have be set if
1603:Middlewares/Third_Party/FreeRTOS/Source/queue.c **** 					pxQueue->uxQueueType == queueQUEUE_IS_MUTEX so no need to
1604:Middlewares/Third_Party/FreeRTOS/Source/queue.c **** 					test the mutex type again to check it is actually a mutex. */
1605:Middlewares/Third_Party/FreeRTOS/Source/queue.c **** 					if( xInheritanceOccurred != pdFALSE )
1606:Middlewares/Third_Party/FreeRTOS/Source/queue.c **** 					{
1607:Middlewares/Third_Party/FreeRTOS/Source/queue.c **** 						taskENTER_CRITICAL();
1608:Middlewares/Third_Party/FreeRTOS/Source/queue.c **** 						{
1609:Middlewares/Third_Party/FreeRTOS/Source/queue.c **** 							UBaseType_t uxHighestWaitingPriority;
1610:Middlewares/Third_Party/FreeRTOS/Source/queue.c **** 
1611:Middlewares/Third_Party/FreeRTOS/Source/queue.c **** 							/* This task blocking on the mutex caused another
1612:Middlewares/Third_Party/FreeRTOS/Source/queue.c **** 							task to inherit this task's priority.  Now this task
1613:Middlewares/Third_Party/FreeRTOS/Source/queue.c **** 							has timed out the priority should be disinherited
1614:Middlewares/Third_Party/FreeRTOS/Source/queue.c **** 							again, but only as low as the next highest priority
1615:Middlewares/Third_Party/FreeRTOS/Source/queue.c **** 							task that is waiting for the same mutex. */
1616:Middlewares/Third_Party/FreeRTOS/Source/queue.c **** 							uxHighestWaitingPriority = prvGetDisinheritPriorityAfterTimeout( pxQueue );
1617:Middlewares/Third_Party/FreeRTOS/Source/queue.c **** 							vTaskPriorityDisinheritAfterTimeout( pxQueue->u.xSemaphore.xMutexHolder, uxHighestWaitingPri
1618:Middlewares/Third_Party/FreeRTOS/Source/queue.c **** 						}
1619:Middlewares/Third_Party/FreeRTOS/Source/queue.c **** 						taskEXIT_CRITICAL();
1620:Middlewares/Third_Party/FreeRTOS/Source/queue.c **** 					}
1621:Middlewares/Third_Party/FreeRTOS/Source/queue.c **** 				}
1622:Middlewares/Third_Party/FreeRTOS/Source/queue.c **** 				#endif /* configUSE_MUTEXES */
1623:Middlewares/Third_Party/FreeRTOS/Source/queue.c **** 
1624:Middlewares/Third_Party/FreeRTOS/Source/queue.c **** 				traceQUEUE_RECEIVE_FAILED( pxQueue );
1625:Middlewares/Third_Party/FreeRTOS/Source/queue.c **** 				return errQUEUE_EMPTY;
1626:Middlewares/Third_Party/FreeRTOS/Source/queue.c **** 			}
1627:Middlewares/Third_Party/FreeRTOS/Source/queue.c **** 			else
1628:Middlewares/Third_Party/FreeRTOS/Source/queue.c **** 			{
ARM GAS  D:\software\msy64\tmp\ccpcBi2W.s 			page 30


1629:Middlewares/Third_Party/FreeRTOS/Source/queue.c **** 				mtCOVERAGE_TEST_MARKER();
1630:Middlewares/Third_Party/FreeRTOS/Source/queue.c **** 			}
1631:Middlewares/Third_Party/FreeRTOS/Source/queue.c **** 		}
1632:Middlewares/Third_Party/FreeRTOS/Source/queue.c **** 	} /*lint -restore */
1633:Middlewares/Third_Party/FreeRTOS/Source/queue.c **** }
1634:Middlewares/Third_Party/FreeRTOS/Source/queue.c **** /*-----------------------------------------------------------*/
1635:Middlewares/Third_Party/FreeRTOS/Source/queue.c **** 
1636:Middlewares/Third_Party/FreeRTOS/Source/queue.c **** BaseType_t xQueuePeek( QueueHandle_t xQueue, void * const pvBuffer, TickType_t xTicksToWait )
1637:Middlewares/Third_Party/FreeRTOS/Source/queue.c **** {
1638:Middlewares/Third_Party/FreeRTOS/Source/queue.c **** BaseType_t xEntryTimeSet = pdFALSE;
1639:Middlewares/Third_Party/FreeRTOS/Source/queue.c **** TimeOut_t xTimeOut;
1640:Middlewares/Third_Party/FreeRTOS/Source/queue.c **** int8_t *pcOriginalReadPosition;
1641:Middlewares/Third_Party/FreeRTOS/Source/queue.c **** Queue_t * const pxQueue = xQueue;
1642:Middlewares/Third_Party/FreeRTOS/Source/queue.c **** 
1643:Middlewares/Third_Party/FreeRTOS/Source/queue.c **** 	/* Check the pointer is not NULL. */
1644:Middlewares/Third_Party/FreeRTOS/Source/queue.c **** 	configASSERT( ( pxQueue ) );
1645:Middlewares/Third_Party/FreeRTOS/Source/queue.c **** 
1646:Middlewares/Third_Party/FreeRTOS/Source/queue.c **** 	/* The buffer into which data is received can only be NULL if the data size
1647:Middlewares/Third_Party/FreeRTOS/Source/queue.c **** 	is zero (so no data is copied into the buffer. */
1648:Middlewares/Third_Party/FreeRTOS/Source/queue.c **** 	configASSERT( !( ( ( pvBuffer ) == NULL ) && ( ( pxQueue )->uxItemSize != ( UBaseType_t ) 0U ) ) )
1649:Middlewares/Third_Party/FreeRTOS/Source/queue.c **** 
1650:Middlewares/Third_Party/FreeRTOS/Source/queue.c **** 	/* Cannot block if the scheduler is suspended. */
1651:Middlewares/Third_Party/FreeRTOS/Source/queue.c **** 	#if ( ( INCLUDE_xTaskGetSchedulerState == 1 ) || ( configUSE_TIMERS == 1 ) )
1652:Middlewares/Third_Party/FreeRTOS/Source/queue.c **** 	{
1653:Middlewares/Third_Party/FreeRTOS/Source/queue.c **** 		configASSERT( !( ( xTaskGetSchedulerState() == taskSCHEDULER_SUSPENDED ) && ( xTicksToWait != 0 )
1654:Middlewares/Third_Party/FreeRTOS/Source/queue.c **** 	}
1655:Middlewares/Third_Party/FreeRTOS/Source/queue.c **** 	#endif
1656:Middlewares/Third_Party/FreeRTOS/Source/queue.c **** 
1657:Middlewares/Third_Party/FreeRTOS/Source/queue.c **** 
1658:Middlewares/Third_Party/FreeRTOS/Source/queue.c **** 	/*lint -save -e904  This function relaxes the coding standard somewhat to
1659:Middlewares/Third_Party/FreeRTOS/Source/queue.c **** 	allow return statements within the function itself.  This is done in the
1660:Middlewares/Third_Party/FreeRTOS/Source/queue.c **** 	interest of execution time efficiency. */
1661:Middlewares/Third_Party/FreeRTOS/Source/queue.c **** 	for( ;; )
1662:Middlewares/Third_Party/FreeRTOS/Source/queue.c **** 	{
1663:Middlewares/Third_Party/FreeRTOS/Source/queue.c **** 		taskENTER_CRITICAL();
1664:Middlewares/Third_Party/FreeRTOS/Source/queue.c **** 		{
1665:Middlewares/Third_Party/FreeRTOS/Source/queue.c **** 			const UBaseType_t uxMessagesWaiting = pxQueue->uxMessagesWaiting;
1666:Middlewares/Third_Party/FreeRTOS/Source/queue.c **** 
1667:Middlewares/Third_Party/FreeRTOS/Source/queue.c **** 			/* Is there data in the queue now?  To be running the calling task
1668:Middlewares/Third_Party/FreeRTOS/Source/queue.c **** 			must be the highest priority task wanting to access the queue. */
1669:Middlewares/Third_Party/FreeRTOS/Source/queue.c **** 			if( uxMessagesWaiting > ( UBaseType_t ) 0 )
1670:Middlewares/Third_Party/FreeRTOS/Source/queue.c **** 			{
1671:Middlewares/Third_Party/FreeRTOS/Source/queue.c **** 				/* Remember the read position so it can be reset after the data
1672:Middlewares/Third_Party/FreeRTOS/Source/queue.c **** 				is read from the queue as this function is only peeking the
1673:Middlewares/Third_Party/FreeRTOS/Source/queue.c **** 				data, not removing it. */
1674:Middlewares/Third_Party/FreeRTOS/Source/queue.c **** 				pcOriginalReadPosition = pxQueue->u.xQueue.pcReadFrom;
1675:Middlewares/Third_Party/FreeRTOS/Source/queue.c **** 
1676:Middlewares/Third_Party/FreeRTOS/Source/queue.c **** 				prvCopyDataFromQueue( pxQueue, pvBuffer );
1677:Middlewares/Third_Party/FreeRTOS/Source/queue.c **** 				traceQUEUE_PEEK( pxQueue );
1678:Middlewares/Third_Party/FreeRTOS/Source/queue.c **** 
1679:Middlewares/Third_Party/FreeRTOS/Source/queue.c **** 				/* The data is not being removed, so reset the read pointer. */
1680:Middlewares/Third_Party/FreeRTOS/Source/queue.c **** 				pxQueue->u.xQueue.pcReadFrom = pcOriginalReadPosition;
1681:Middlewares/Third_Party/FreeRTOS/Source/queue.c **** 
1682:Middlewares/Third_Party/FreeRTOS/Source/queue.c **** 				/* The data is being left in the queue, so see if there are
1683:Middlewares/Third_Party/FreeRTOS/Source/queue.c **** 				any other tasks waiting for the data. */
1684:Middlewares/Third_Party/FreeRTOS/Source/queue.c **** 				if( listLIST_IS_EMPTY( &( pxQueue->xTasksWaitingToReceive ) ) == pdFALSE )
1685:Middlewares/Third_Party/FreeRTOS/Source/queue.c **** 				{
ARM GAS  D:\software\msy64\tmp\ccpcBi2W.s 			page 31


1686:Middlewares/Third_Party/FreeRTOS/Source/queue.c **** 					if( xTaskRemoveFromEventList( &( pxQueue->xTasksWaitingToReceive ) ) != pdFALSE )
1687:Middlewares/Third_Party/FreeRTOS/Source/queue.c **** 					{
1688:Middlewares/Third_Party/FreeRTOS/Source/queue.c **** 						/* The task waiting has a higher priority than this task. */
1689:Middlewares/Third_Party/FreeRTOS/Source/queue.c **** 						queueYIELD_IF_USING_PREEMPTION();
1690:Middlewares/Third_Party/FreeRTOS/Source/queue.c **** 					}
1691:Middlewares/Third_Party/FreeRTOS/Source/queue.c **** 					else
1692:Middlewares/Third_Party/FreeRTOS/Source/queue.c **** 					{
1693:Middlewares/Third_Party/FreeRTOS/Source/queue.c **** 						mtCOVERAGE_TEST_MARKER();
1694:Middlewares/Third_Party/FreeRTOS/Source/queue.c **** 					}
1695:Middlewares/Third_Party/FreeRTOS/Source/queue.c **** 				}
1696:Middlewares/Third_Party/FreeRTOS/Source/queue.c **** 				else
1697:Middlewares/Third_Party/FreeRTOS/Source/queue.c **** 				{
1698:Middlewares/Third_Party/FreeRTOS/Source/queue.c **** 					mtCOVERAGE_TEST_MARKER();
1699:Middlewares/Third_Party/FreeRTOS/Source/queue.c **** 				}
1700:Middlewares/Third_Party/FreeRTOS/Source/queue.c **** 
1701:Middlewares/Third_Party/FreeRTOS/Source/queue.c **** 				taskEXIT_CRITICAL();
1702:Middlewares/Third_Party/FreeRTOS/Source/queue.c **** 				return pdPASS;
1703:Middlewares/Third_Party/FreeRTOS/Source/queue.c **** 			}
1704:Middlewares/Third_Party/FreeRTOS/Source/queue.c **** 			else
1705:Middlewares/Third_Party/FreeRTOS/Source/queue.c **** 			{
1706:Middlewares/Third_Party/FreeRTOS/Source/queue.c **** 				if( xTicksToWait == ( TickType_t ) 0 )
1707:Middlewares/Third_Party/FreeRTOS/Source/queue.c **** 				{
1708:Middlewares/Third_Party/FreeRTOS/Source/queue.c **** 					/* The queue was empty and no block time is specified (or
1709:Middlewares/Third_Party/FreeRTOS/Source/queue.c **** 					the block time has expired) so leave now. */
1710:Middlewares/Third_Party/FreeRTOS/Source/queue.c **** 					taskEXIT_CRITICAL();
1711:Middlewares/Third_Party/FreeRTOS/Source/queue.c **** 					traceQUEUE_PEEK_FAILED( pxQueue );
1712:Middlewares/Third_Party/FreeRTOS/Source/queue.c **** 					return errQUEUE_EMPTY;
1713:Middlewares/Third_Party/FreeRTOS/Source/queue.c **** 				}
1714:Middlewares/Third_Party/FreeRTOS/Source/queue.c **** 				else if( xEntryTimeSet == pdFALSE )
1715:Middlewares/Third_Party/FreeRTOS/Source/queue.c **** 				{
1716:Middlewares/Third_Party/FreeRTOS/Source/queue.c **** 					/* The queue was empty and a block time was specified so
1717:Middlewares/Third_Party/FreeRTOS/Source/queue.c **** 					configure the timeout structure ready to enter the blocked
1718:Middlewares/Third_Party/FreeRTOS/Source/queue.c **** 					state. */
1719:Middlewares/Third_Party/FreeRTOS/Source/queue.c **** 					vTaskInternalSetTimeOutState( &xTimeOut );
1720:Middlewares/Third_Party/FreeRTOS/Source/queue.c **** 					xEntryTimeSet = pdTRUE;
1721:Middlewares/Third_Party/FreeRTOS/Source/queue.c **** 				}
1722:Middlewares/Third_Party/FreeRTOS/Source/queue.c **** 				else
1723:Middlewares/Third_Party/FreeRTOS/Source/queue.c **** 				{
1724:Middlewares/Third_Party/FreeRTOS/Source/queue.c **** 					/* Entry time was already set. */
1725:Middlewares/Third_Party/FreeRTOS/Source/queue.c **** 					mtCOVERAGE_TEST_MARKER();
1726:Middlewares/Third_Party/FreeRTOS/Source/queue.c **** 				}
1727:Middlewares/Third_Party/FreeRTOS/Source/queue.c **** 			}
1728:Middlewares/Third_Party/FreeRTOS/Source/queue.c **** 		}
1729:Middlewares/Third_Party/FreeRTOS/Source/queue.c **** 		taskEXIT_CRITICAL();
1730:Middlewares/Third_Party/FreeRTOS/Source/queue.c **** 
1731:Middlewares/Third_Party/FreeRTOS/Source/queue.c **** 		/* Interrupts and other tasks can send to and receive from the queue
1732:Middlewares/Third_Party/FreeRTOS/Source/queue.c **** 		now the critical section has been exited. */
1733:Middlewares/Third_Party/FreeRTOS/Source/queue.c **** 
1734:Middlewares/Third_Party/FreeRTOS/Source/queue.c **** 		vTaskSuspendAll();
1735:Middlewares/Third_Party/FreeRTOS/Source/queue.c **** 		prvLockQueue( pxQueue );
1736:Middlewares/Third_Party/FreeRTOS/Source/queue.c **** 
1737:Middlewares/Third_Party/FreeRTOS/Source/queue.c **** 		/* Update the timeout state to see if it has expired yet. */
1738:Middlewares/Third_Party/FreeRTOS/Source/queue.c **** 		if( xTaskCheckForTimeOut( &xTimeOut, &xTicksToWait ) == pdFALSE )
1739:Middlewares/Third_Party/FreeRTOS/Source/queue.c **** 		{
1740:Middlewares/Third_Party/FreeRTOS/Source/queue.c **** 			/* Timeout has not expired yet, check to see if there is data in the
1741:Middlewares/Third_Party/FreeRTOS/Source/queue.c **** 			queue now, and if not enter the Blocked state to wait for data. */
1742:Middlewares/Third_Party/FreeRTOS/Source/queue.c **** 			if( prvIsQueueEmpty( pxQueue ) != pdFALSE )
ARM GAS  D:\software\msy64\tmp\ccpcBi2W.s 			page 32


1743:Middlewares/Third_Party/FreeRTOS/Source/queue.c **** 			{
1744:Middlewares/Third_Party/FreeRTOS/Source/queue.c **** 				traceBLOCKING_ON_QUEUE_PEEK( pxQueue );
1745:Middlewares/Third_Party/FreeRTOS/Source/queue.c **** 				vTaskPlaceOnEventList( &( pxQueue->xTasksWaitingToReceive ), xTicksToWait );
1746:Middlewares/Third_Party/FreeRTOS/Source/queue.c **** 				prvUnlockQueue( pxQueue );
1747:Middlewares/Third_Party/FreeRTOS/Source/queue.c **** 				if( xTaskResumeAll() == pdFALSE )
1748:Middlewares/Third_Party/FreeRTOS/Source/queue.c **** 				{
1749:Middlewares/Third_Party/FreeRTOS/Source/queue.c **** 					portYIELD_WITHIN_API();
1750:Middlewares/Third_Party/FreeRTOS/Source/queue.c **** 				}
1751:Middlewares/Third_Party/FreeRTOS/Source/queue.c **** 				else
1752:Middlewares/Third_Party/FreeRTOS/Source/queue.c **** 				{
1753:Middlewares/Third_Party/FreeRTOS/Source/queue.c **** 					mtCOVERAGE_TEST_MARKER();
1754:Middlewares/Third_Party/FreeRTOS/Source/queue.c **** 				}
1755:Middlewares/Third_Party/FreeRTOS/Source/queue.c **** 			}
1756:Middlewares/Third_Party/FreeRTOS/Source/queue.c **** 			else
1757:Middlewares/Third_Party/FreeRTOS/Source/queue.c **** 			{
1758:Middlewares/Third_Party/FreeRTOS/Source/queue.c **** 				/* There is data in the queue now, so don't enter the blocked
1759:Middlewares/Third_Party/FreeRTOS/Source/queue.c **** 				state, instead return to try and obtain the data. */
1760:Middlewares/Third_Party/FreeRTOS/Source/queue.c **** 				prvUnlockQueue( pxQueue );
1761:Middlewares/Third_Party/FreeRTOS/Source/queue.c **** 				( void ) xTaskResumeAll();
1762:Middlewares/Third_Party/FreeRTOS/Source/queue.c **** 			}
1763:Middlewares/Third_Party/FreeRTOS/Source/queue.c **** 		}
1764:Middlewares/Third_Party/FreeRTOS/Source/queue.c **** 		else
1765:Middlewares/Third_Party/FreeRTOS/Source/queue.c **** 		{
1766:Middlewares/Third_Party/FreeRTOS/Source/queue.c **** 			/* The timeout has expired.  If there is still no data in the queue
1767:Middlewares/Third_Party/FreeRTOS/Source/queue.c **** 			exit, otherwise go back and try to read the data again. */
1768:Middlewares/Third_Party/FreeRTOS/Source/queue.c **** 			prvUnlockQueue( pxQueue );
1769:Middlewares/Third_Party/FreeRTOS/Source/queue.c **** 			( void ) xTaskResumeAll();
1770:Middlewares/Third_Party/FreeRTOS/Source/queue.c **** 
1771:Middlewares/Third_Party/FreeRTOS/Source/queue.c **** 			if( prvIsQueueEmpty( pxQueue ) != pdFALSE )
1772:Middlewares/Third_Party/FreeRTOS/Source/queue.c **** 			{
1773:Middlewares/Third_Party/FreeRTOS/Source/queue.c **** 				traceQUEUE_PEEK_FAILED( pxQueue );
1774:Middlewares/Third_Party/FreeRTOS/Source/queue.c **** 				return errQUEUE_EMPTY;
1775:Middlewares/Third_Party/FreeRTOS/Source/queue.c **** 			}
1776:Middlewares/Third_Party/FreeRTOS/Source/queue.c **** 			else
1777:Middlewares/Third_Party/FreeRTOS/Source/queue.c **** 			{
1778:Middlewares/Third_Party/FreeRTOS/Source/queue.c **** 				mtCOVERAGE_TEST_MARKER();
1779:Middlewares/Third_Party/FreeRTOS/Source/queue.c **** 			}
1780:Middlewares/Third_Party/FreeRTOS/Source/queue.c **** 		}
1781:Middlewares/Third_Party/FreeRTOS/Source/queue.c **** 	} /*lint -restore */
1782:Middlewares/Third_Party/FreeRTOS/Source/queue.c **** }
1783:Middlewares/Third_Party/FreeRTOS/Source/queue.c **** /*-----------------------------------------------------------*/
1784:Middlewares/Third_Party/FreeRTOS/Source/queue.c **** 
1785:Middlewares/Third_Party/FreeRTOS/Source/queue.c **** BaseType_t xQueueReceiveFromISR( QueueHandle_t xQueue, void * const pvBuffer, BaseType_t * const px
1786:Middlewares/Third_Party/FreeRTOS/Source/queue.c **** {
1787:Middlewares/Third_Party/FreeRTOS/Source/queue.c **** BaseType_t xReturn;
1788:Middlewares/Third_Party/FreeRTOS/Source/queue.c **** UBaseType_t uxSavedInterruptStatus;
1789:Middlewares/Third_Party/FreeRTOS/Source/queue.c **** Queue_t * const pxQueue = xQueue;
1790:Middlewares/Third_Party/FreeRTOS/Source/queue.c **** 
1791:Middlewares/Third_Party/FreeRTOS/Source/queue.c **** 	configASSERT( pxQueue );
1792:Middlewares/Third_Party/FreeRTOS/Source/queue.c **** 	configASSERT( !( ( pvBuffer == NULL ) && ( pxQueue->uxItemSize != ( UBaseType_t ) 0U ) ) );
1793:Middlewares/Third_Party/FreeRTOS/Source/queue.c **** 
1794:Middlewares/Third_Party/FreeRTOS/Source/queue.c **** 	/* RTOS ports that support interrupt nesting have the concept of a maximum
1795:Middlewares/Third_Party/FreeRTOS/Source/queue.c **** 	system call (or maximum API call) interrupt priority.  Interrupts that are
1796:Middlewares/Third_Party/FreeRTOS/Source/queue.c **** 	above the maximum system call priority are kept permanently enabled, even
1797:Middlewares/Third_Party/FreeRTOS/Source/queue.c **** 	when the RTOS kernel is in a critical section, but cannot make any calls to
1798:Middlewares/Third_Party/FreeRTOS/Source/queue.c **** 	FreeRTOS API functions.  If configASSERT() is defined in FreeRTOSConfig.h
1799:Middlewares/Third_Party/FreeRTOS/Source/queue.c **** 	then portASSERT_IF_INTERRUPT_PRIORITY_INVALID() will result in an assertion
ARM GAS  D:\software\msy64\tmp\ccpcBi2W.s 			page 33


1800:Middlewares/Third_Party/FreeRTOS/Source/queue.c **** 	failure if a FreeRTOS API function is called from an interrupt that has been
1801:Middlewares/Third_Party/FreeRTOS/Source/queue.c **** 	assigned a priority above the configured maximum system call priority.
1802:Middlewares/Third_Party/FreeRTOS/Source/queue.c **** 	Only FreeRTOS functions that end in FromISR can be called from interrupts
1803:Middlewares/Third_Party/FreeRTOS/Source/queue.c **** 	that have been assigned a priority at or (logically) below the maximum
1804:Middlewares/Third_Party/FreeRTOS/Source/queue.c **** 	system call	interrupt priority.  FreeRTOS maintains a separate interrupt
1805:Middlewares/Third_Party/FreeRTOS/Source/queue.c **** 	safe API to ensure interrupt entry is as fast and as simple as possible.
1806:Middlewares/Third_Party/FreeRTOS/Source/queue.c **** 	More information (albeit Cortex-M specific) is provided on the following
1807:Middlewares/Third_Party/FreeRTOS/Source/queue.c **** 	link: http://www.freertos.org/RTOS-Cortex-M3-M4.html */
1808:Middlewares/Third_Party/FreeRTOS/Source/queue.c **** 	portASSERT_IF_INTERRUPT_PRIORITY_INVALID();
1809:Middlewares/Third_Party/FreeRTOS/Source/queue.c **** 
1810:Middlewares/Third_Party/FreeRTOS/Source/queue.c **** 	uxSavedInterruptStatus = portSET_INTERRUPT_MASK_FROM_ISR();
1811:Middlewares/Third_Party/FreeRTOS/Source/queue.c **** 	{
1812:Middlewares/Third_Party/FreeRTOS/Source/queue.c **** 		const UBaseType_t uxMessagesWaiting = pxQueue->uxMessagesWaiting;
1813:Middlewares/Third_Party/FreeRTOS/Source/queue.c **** 
1814:Middlewares/Third_Party/FreeRTOS/Source/queue.c **** 		/* Cannot block in an ISR, so check there is data available. */
1815:Middlewares/Third_Party/FreeRTOS/Source/queue.c **** 		if( uxMessagesWaiting > ( UBaseType_t ) 0 )
1816:Middlewares/Third_Party/FreeRTOS/Source/queue.c **** 		{
1817:Middlewares/Third_Party/FreeRTOS/Source/queue.c **** 			const int8_t cRxLock = pxQueue->cRxLock;
1818:Middlewares/Third_Party/FreeRTOS/Source/queue.c **** 
1819:Middlewares/Third_Party/FreeRTOS/Source/queue.c **** 			traceQUEUE_RECEIVE_FROM_ISR( pxQueue );
1820:Middlewares/Third_Party/FreeRTOS/Source/queue.c **** 
1821:Middlewares/Third_Party/FreeRTOS/Source/queue.c **** 			prvCopyDataFromQueue( pxQueue, pvBuffer );
1822:Middlewares/Third_Party/FreeRTOS/Source/queue.c **** 			pxQueue->uxMessagesWaiting = uxMessagesWaiting - ( UBaseType_t ) 1;
1823:Middlewares/Third_Party/FreeRTOS/Source/queue.c **** 
1824:Middlewares/Third_Party/FreeRTOS/Source/queue.c **** 			/* If the queue is locked the event list will not be modified.
1825:Middlewares/Third_Party/FreeRTOS/Source/queue.c **** 			Instead update the lock count so the task that unlocks the queue
1826:Middlewares/Third_Party/FreeRTOS/Source/queue.c **** 			will know that an ISR has removed data while the queue was
1827:Middlewares/Third_Party/FreeRTOS/Source/queue.c **** 			locked. */
1828:Middlewares/Third_Party/FreeRTOS/Source/queue.c **** 			if( cRxLock == queueUNLOCKED )
1829:Middlewares/Third_Party/FreeRTOS/Source/queue.c **** 			{
1830:Middlewares/Third_Party/FreeRTOS/Source/queue.c **** 				if( listLIST_IS_EMPTY( &( pxQueue->xTasksWaitingToSend ) ) == pdFALSE )
1831:Middlewares/Third_Party/FreeRTOS/Source/queue.c **** 				{
1832:Middlewares/Third_Party/FreeRTOS/Source/queue.c **** 					if( xTaskRemoveFromEventList( &( pxQueue->xTasksWaitingToSend ) ) != pdFALSE )
1833:Middlewares/Third_Party/FreeRTOS/Source/queue.c **** 					{
1834:Middlewares/Third_Party/FreeRTOS/Source/queue.c **** 						/* The task waiting has a higher priority than us so
1835:Middlewares/Third_Party/FreeRTOS/Source/queue.c **** 						force a context switch. */
1836:Middlewares/Third_Party/FreeRTOS/Source/queue.c **** 						if( pxHigherPriorityTaskWoken != NULL )
1837:Middlewares/Third_Party/FreeRTOS/Source/queue.c **** 						{
1838:Middlewares/Third_Party/FreeRTOS/Source/queue.c **** 							*pxHigherPriorityTaskWoken = pdTRUE;
1839:Middlewares/Third_Party/FreeRTOS/Source/queue.c **** 						}
1840:Middlewares/Third_Party/FreeRTOS/Source/queue.c **** 						else
1841:Middlewares/Third_Party/FreeRTOS/Source/queue.c **** 						{
1842:Middlewares/Third_Party/FreeRTOS/Source/queue.c **** 							mtCOVERAGE_TEST_MARKER();
1843:Middlewares/Third_Party/FreeRTOS/Source/queue.c **** 						}
1844:Middlewares/Third_Party/FreeRTOS/Source/queue.c **** 					}
1845:Middlewares/Third_Party/FreeRTOS/Source/queue.c **** 					else
1846:Middlewares/Third_Party/FreeRTOS/Source/queue.c **** 					{
1847:Middlewares/Third_Party/FreeRTOS/Source/queue.c **** 						mtCOVERAGE_TEST_MARKER();
1848:Middlewares/Third_Party/FreeRTOS/Source/queue.c **** 					}
1849:Middlewares/Third_Party/FreeRTOS/Source/queue.c **** 				}
1850:Middlewares/Third_Party/FreeRTOS/Source/queue.c **** 				else
1851:Middlewares/Third_Party/FreeRTOS/Source/queue.c **** 				{
1852:Middlewares/Third_Party/FreeRTOS/Source/queue.c **** 					mtCOVERAGE_TEST_MARKER();
1853:Middlewares/Third_Party/FreeRTOS/Source/queue.c **** 				}
1854:Middlewares/Third_Party/FreeRTOS/Source/queue.c **** 			}
1855:Middlewares/Third_Party/FreeRTOS/Source/queue.c **** 			else
1856:Middlewares/Third_Party/FreeRTOS/Source/queue.c **** 			{
ARM GAS  D:\software\msy64\tmp\ccpcBi2W.s 			page 34


1857:Middlewares/Third_Party/FreeRTOS/Source/queue.c **** 				/* Increment the lock count so the task that unlocks the queue
1858:Middlewares/Third_Party/FreeRTOS/Source/queue.c **** 				knows that data was removed while it was locked. */
1859:Middlewares/Third_Party/FreeRTOS/Source/queue.c **** 				pxQueue->cRxLock = ( int8_t ) ( cRxLock + 1 );
1860:Middlewares/Third_Party/FreeRTOS/Source/queue.c **** 			}
1861:Middlewares/Third_Party/FreeRTOS/Source/queue.c **** 
1862:Middlewares/Third_Party/FreeRTOS/Source/queue.c **** 			xReturn = pdPASS;
1863:Middlewares/Third_Party/FreeRTOS/Source/queue.c **** 		}
1864:Middlewares/Third_Party/FreeRTOS/Source/queue.c **** 		else
1865:Middlewares/Third_Party/FreeRTOS/Source/queue.c **** 		{
1866:Middlewares/Third_Party/FreeRTOS/Source/queue.c **** 			xReturn = pdFAIL;
1867:Middlewares/Third_Party/FreeRTOS/Source/queue.c **** 			traceQUEUE_RECEIVE_FROM_ISR_FAILED( pxQueue );
1868:Middlewares/Third_Party/FreeRTOS/Source/queue.c **** 		}
1869:Middlewares/Third_Party/FreeRTOS/Source/queue.c **** 	}
1870:Middlewares/Third_Party/FreeRTOS/Source/queue.c **** 	portCLEAR_INTERRUPT_MASK_FROM_ISR( uxSavedInterruptStatus );
1871:Middlewares/Third_Party/FreeRTOS/Source/queue.c **** 
1872:Middlewares/Third_Party/FreeRTOS/Source/queue.c **** 	return xReturn;
1873:Middlewares/Third_Party/FreeRTOS/Source/queue.c **** }
1874:Middlewares/Third_Party/FreeRTOS/Source/queue.c **** /*-----------------------------------------------------------*/
1875:Middlewares/Third_Party/FreeRTOS/Source/queue.c **** 
1876:Middlewares/Third_Party/FreeRTOS/Source/queue.c **** BaseType_t xQueuePeekFromISR( QueueHandle_t xQueue,  void * const pvBuffer )
1877:Middlewares/Third_Party/FreeRTOS/Source/queue.c **** {
1878:Middlewares/Third_Party/FreeRTOS/Source/queue.c **** BaseType_t xReturn;
1879:Middlewares/Third_Party/FreeRTOS/Source/queue.c **** UBaseType_t uxSavedInterruptStatus;
1880:Middlewares/Third_Party/FreeRTOS/Source/queue.c **** int8_t *pcOriginalReadPosition;
1881:Middlewares/Third_Party/FreeRTOS/Source/queue.c **** Queue_t * const pxQueue = xQueue;
1882:Middlewares/Third_Party/FreeRTOS/Source/queue.c **** 
1883:Middlewares/Third_Party/FreeRTOS/Source/queue.c **** 	configASSERT( pxQueue );
1884:Middlewares/Third_Party/FreeRTOS/Source/queue.c **** 	configASSERT( !( ( pvBuffer == NULL ) && ( pxQueue->uxItemSize != ( UBaseType_t ) 0U ) ) );
1885:Middlewares/Third_Party/FreeRTOS/Source/queue.c **** 	configASSERT( pxQueue->uxItemSize != 0 ); /* Can't peek a semaphore. */
1886:Middlewares/Third_Party/FreeRTOS/Source/queue.c **** 
1887:Middlewares/Third_Party/FreeRTOS/Source/queue.c **** 	/* RTOS ports that support interrupt nesting have the concept of a maximum
1888:Middlewares/Third_Party/FreeRTOS/Source/queue.c **** 	system call (or maximum API call) interrupt priority.  Interrupts that are
1889:Middlewares/Third_Party/FreeRTOS/Source/queue.c **** 	above the maximum system call priority are kept permanently enabled, even
1890:Middlewares/Third_Party/FreeRTOS/Source/queue.c **** 	when the RTOS kernel is in a critical section, but cannot make any calls to
1891:Middlewares/Third_Party/FreeRTOS/Source/queue.c **** 	FreeRTOS API functions.  If configASSERT() is defined in FreeRTOSConfig.h
1892:Middlewares/Third_Party/FreeRTOS/Source/queue.c **** 	then portASSERT_IF_INTERRUPT_PRIORITY_INVALID() will result in an assertion
1893:Middlewares/Third_Party/FreeRTOS/Source/queue.c **** 	failure if a FreeRTOS API function is called from an interrupt that has been
1894:Middlewares/Third_Party/FreeRTOS/Source/queue.c **** 	assigned a priority above the configured maximum system call priority.
1895:Middlewares/Third_Party/FreeRTOS/Source/queue.c **** 	Only FreeRTOS functions that end in FromISR can be called from interrupts
1896:Middlewares/Third_Party/FreeRTOS/Source/queue.c **** 	that have been assigned a priority at or (logically) below the maximum
1897:Middlewares/Third_Party/FreeRTOS/Source/queue.c **** 	system call	interrupt priority.  FreeRTOS maintains a separate interrupt
1898:Middlewares/Third_Party/FreeRTOS/Source/queue.c **** 	safe API to ensure interrupt entry is as fast and as simple as possible.
1899:Middlewares/Third_Party/FreeRTOS/Source/queue.c **** 	More information (albeit Cortex-M specific) is provided on the following
1900:Middlewares/Third_Party/FreeRTOS/Source/queue.c **** 	link: http://www.freertos.org/RTOS-Cortex-M3-M4.html */
1901:Middlewares/Third_Party/FreeRTOS/Source/queue.c **** 	portASSERT_IF_INTERRUPT_PRIORITY_INVALID();
1902:Middlewares/Third_Party/FreeRTOS/Source/queue.c **** 
1903:Middlewares/Third_Party/FreeRTOS/Source/queue.c **** 	uxSavedInterruptStatus = portSET_INTERRUPT_MASK_FROM_ISR();
1904:Middlewares/Third_Party/FreeRTOS/Source/queue.c **** 	{
1905:Middlewares/Third_Party/FreeRTOS/Source/queue.c **** 		/* Cannot block in an ISR, so check there is data available. */
1906:Middlewares/Third_Party/FreeRTOS/Source/queue.c **** 		if( pxQueue->uxMessagesWaiting > ( UBaseType_t ) 0 )
1907:Middlewares/Third_Party/FreeRTOS/Source/queue.c **** 		{
1908:Middlewares/Third_Party/FreeRTOS/Source/queue.c **** 			traceQUEUE_PEEK_FROM_ISR( pxQueue );
1909:Middlewares/Third_Party/FreeRTOS/Source/queue.c **** 
1910:Middlewares/Third_Party/FreeRTOS/Source/queue.c **** 			/* Remember the read position so it can be reset as nothing is
1911:Middlewares/Third_Party/FreeRTOS/Source/queue.c **** 			actually being removed from the queue. */
1912:Middlewares/Third_Party/FreeRTOS/Source/queue.c **** 			pcOriginalReadPosition = pxQueue->u.xQueue.pcReadFrom;
1913:Middlewares/Third_Party/FreeRTOS/Source/queue.c **** 			prvCopyDataFromQueue( pxQueue, pvBuffer );
ARM GAS  D:\software\msy64\tmp\ccpcBi2W.s 			page 35


1914:Middlewares/Third_Party/FreeRTOS/Source/queue.c **** 			pxQueue->u.xQueue.pcReadFrom = pcOriginalReadPosition;
1915:Middlewares/Third_Party/FreeRTOS/Source/queue.c **** 
1916:Middlewares/Third_Party/FreeRTOS/Source/queue.c **** 			xReturn = pdPASS;
1917:Middlewares/Third_Party/FreeRTOS/Source/queue.c **** 		}
1918:Middlewares/Third_Party/FreeRTOS/Source/queue.c **** 		else
1919:Middlewares/Third_Party/FreeRTOS/Source/queue.c **** 		{
1920:Middlewares/Third_Party/FreeRTOS/Source/queue.c **** 			xReturn = pdFAIL;
1921:Middlewares/Third_Party/FreeRTOS/Source/queue.c **** 			traceQUEUE_PEEK_FROM_ISR_FAILED( pxQueue );
1922:Middlewares/Third_Party/FreeRTOS/Source/queue.c **** 		}
1923:Middlewares/Third_Party/FreeRTOS/Source/queue.c **** 	}
1924:Middlewares/Third_Party/FreeRTOS/Source/queue.c **** 	portCLEAR_INTERRUPT_MASK_FROM_ISR( uxSavedInterruptStatus );
1925:Middlewares/Third_Party/FreeRTOS/Source/queue.c **** 
1926:Middlewares/Third_Party/FreeRTOS/Source/queue.c **** 	return xReturn;
1927:Middlewares/Third_Party/FreeRTOS/Source/queue.c **** }
1928:Middlewares/Third_Party/FreeRTOS/Source/queue.c **** /*-----------------------------------------------------------*/
1929:Middlewares/Third_Party/FreeRTOS/Source/queue.c **** 
1930:Middlewares/Third_Party/FreeRTOS/Source/queue.c **** UBaseType_t uxQueueMessagesWaiting( const QueueHandle_t xQueue )
1931:Middlewares/Third_Party/FreeRTOS/Source/queue.c **** {
1932:Middlewares/Third_Party/FreeRTOS/Source/queue.c **** UBaseType_t uxReturn;
1933:Middlewares/Third_Party/FreeRTOS/Source/queue.c **** 
1934:Middlewares/Third_Party/FreeRTOS/Source/queue.c **** 	configASSERT( xQueue );
1935:Middlewares/Third_Party/FreeRTOS/Source/queue.c **** 
1936:Middlewares/Third_Party/FreeRTOS/Source/queue.c **** 	taskENTER_CRITICAL();
1937:Middlewares/Third_Party/FreeRTOS/Source/queue.c **** 	{
1938:Middlewares/Third_Party/FreeRTOS/Source/queue.c **** 		uxReturn = ( ( Queue_t * ) xQueue )->uxMessagesWaiting;
1939:Middlewares/Third_Party/FreeRTOS/Source/queue.c **** 	}
1940:Middlewares/Third_Party/FreeRTOS/Source/queue.c **** 	taskEXIT_CRITICAL();
1941:Middlewares/Third_Party/FreeRTOS/Source/queue.c **** 
1942:Middlewares/Third_Party/FreeRTOS/Source/queue.c **** 	return uxReturn;
1943:Middlewares/Third_Party/FreeRTOS/Source/queue.c **** } /*lint !e818 Pointer cannot be declared const as xQueue is a typedef not pointer. */
1944:Middlewares/Third_Party/FreeRTOS/Source/queue.c **** /*-----------------------------------------------------------*/
1945:Middlewares/Third_Party/FreeRTOS/Source/queue.c **** 
1946:Middlewares/Third_Party/FreeRTOS/Source/queue.c **** UBaseType_t uxQueueSpacesAvailable( const QueueHandle_t xQueue )
1947:Middlewares/Third_Party/FreeRTOS/Source/queue.c **** {
1948:Middlewares/Third_Party/FreeRTOS/Source/queue.c **** UBaseType_t uxReturn;
1949:Middlewares/Third_Party/FreeRTOS/Source/queue.c **** Queue_t * const pxQueue = xQueue;
1950:Middlewares/Third_Party/FreeRTOS/Source/queue.c **** 
1951:Middlewares/Third_Party/FreeRTOS/Source/queue.c **** 	configASSERT( pxQueue );
1952:Middlewares/Third_Party/FreeRTOS/Source/queue.c **** 
1953:Middlewares/Third_Party/FreeRTOS/Source/queue.c **** 	taskENTER_CRITICAL();
1954:Middlewares/Third_Party/FreeRTOS/Source/queue.c **** 	{
1955:Middlewares/Third_Party/FreeRTOS/Source/queue.c **** 		uxReturn = pxQueue->uxLength - pxQueue->uxMessagesWaiting;
1956:Middlewares/Third_Party/FreeRTOS/Source/queue.c **** 	}
1957:Middlewares/Third_Party/FreeRTOS/Source/queue.c **** 	taskEXIT_CRITICAL();
1958:Middlewares/Third_Party/FreeRTOS/Source/queue.c **** 
1959:Middlewares/Third_Party/FreeRTOS/Source/queue.c **** 	return uxReturn;
1960:Middlewares/Third_Party/FreeRTOS/Source/queue.c **** } /*lint !e818 Pointer cannot be declared const as xQueue is a typedef not pointer. */
1961:Middlewares/Third_Party/FreeRTOS/Source/queue.c **** /*-----------------------------------------------------------*/
1962:Middlewares/Third_Party/FreeRTOS/Source/queue.c **** 
1963:Middlewares/Third_Party/FreeRTOS/Source/queue.c **** UBaseType_t uxQueueMessagesWaitingFromISR( const QueueHandle_t xQueue )
1964:Middlewares/Third_Party/FreeRTOS/Source/queue.c **** {
1965:Middlewares/Third_Party/FreeRTOS/Source/queue.c **** UBaseType_t uxReturn;
1966:Middlewares/Third_Party/FreeRTOS/Source/queue.c **** Queue_t * const pxQueue = xQueue;
1967:Middlewares/Third_Party/FreeRTOS/Source/queue.c **** 
1968:Middlewares/Third_Party/FreeRTOS/Source/queue.c **** 	configASSERT( pxQueue );
1969:Middlewares/Third_Party/FreeRTOS/Source/queue.c **** 	uxReturn = pxQueue->uxMessagesWaiting;
1970:Middlewares/Third_Party/FreeRTOS/Source/queue.c **** 
ARM GAS  D:\software\msy64\tmp\ccpcBi2W.s 			page 36


1971:Middlewares/Third_Party/FreeRTOS/Source/queue.c **** 	return uxReturn;
1972:Middlewares/Third_Party/FreeRTOS/Source/queue.c **** } /*lint !e818 Pointer cannot be declared const as xQueue is a typedef not pointer. */
1973:Middlewares/Third_Party/FreeRTOS/Source/queue.c **** /*-----------------------------------------------------------*/
1974:Middlewares/Third_Party/FreeRTOS/Source/queue.c **** 
1975:Middlewares/Third_Party/FreeRTOS/Source/queue.c **** void vQueueDelete( QueueHandle_t xQueue )
1976:Middlewares/Third_Party/FreeRTOS/Source/queue.c **** {
1977:Middlewares/Third_Party/FreeRTOS/Source/queue.c **** Queue_t * const pxQueue = xQueue;
1978:Middlewares/Third_Party/FreeRTOS/Source/queue.c **** 
1979:Middlewares/Third_Party/FreeRTOS/Source/queue.c **** 	configASSERT( pxQueue );
1980:Middlewares/Third_Party/FreeRTOS/Source/queue.c **** 	traceQUEUE_DELETE( pxQueue );
1981:Middlewares/Third_Party/FreeRTOS/Source/queue.c **** 
1982:Middlewares/Third_Party/FreeRTOS/Source/queue.c **** 	#if ( configQUEUE_REGISTRY_SIZE > 0 )
1983:Middlewares/Third_Party/FreeRTOS/Source/queue.c **** 	{
1984:Middlewares/Third_Party/FreeRTOS/Source/queue.c **** 		vQueueUnregisterQueue( pxQueue );
1985:Middlewares/Third_Party/FreeRTOS/Source/queue.c **** 	}
1986:Middlewares/Third_Party/FreeRTOS/Source/queue.c **** 	#endif
1987:Middlewares/Third_Party/FreeRTOS/Source/queue.c **** 
1988:Middlewares/Third_Party/FreeRTOS/Source/queue.c **** 	#if( ( configSUPPORT_DYNAMIC_ALLOCATION == 1 ) && ( configSUPPORT_STATIC_ALLOCATION == 0 ) )
1989:Middlewares/Third_Party/FreeRTOS/Source/queue.c **** 	{
1990:Middlewares/Third_Party/FreeRTOS/Source/queue.c **** 		/* The queue can only have been allocated dynamically - free it
1991:Middlewares/Third_Party/FreeRTOS/Source/queue.c **** 		again. */
1992:Middlewares/Third_Party/FreeRTOS/Source/queue.c **** 		vPortFree( pxQueue );
1993:Middlewares/Third_Party/FreeRTOS/Source/queue.c **** 	}
1994:Middlewares/Third_Party/FreeRTOS/Source/queue.c **** 	#elif( ( configSUPPORT_DYNAMIC_ALLOCATION == 1 ) && ( configSUPPORT_STATIC_ALLOCATION == 1 ) )
1995:Middlewares/Third_Party/FreeRTOS/Source/queue.c **** 	{
1996:Middlewares/Third_Party/FreeRTOS/Source/queue.c **** 		/* The queue could have been allocated statically or dynamically, so
1997:Middlewares/Third_Party/FreeRTOS/Source/queue.c **** 		check before attempting to free the memory. */
1998:Middlewares/Third_Party/FreeRTOS/Source/queue.c **** 		if( pxQueue->ucStaticallyAllocated == ( uint8_t ) pdFALSE )
1999:Middlewares/Third_Party/FreeRTOS/Source/queue.c **** 		{
2000:Middlewares/Third_Party/FreeRTOS/Source/queue.c **** 			vPortFree( pxQueue );
2001:Middlewares/Third_Party/FreeRTOS/Source/queue.c **** 		}
2002:Middlewares/Third_Party/FreeRTOS/Source/queue.c **** 		else
2003:Middlewares/Third_Party/FreeRTOS/Source/queue.c **** 		{
2004:Middlewares/Third_Party/FreeRTOS/Source/queue.c **** 			mtCOVERAGE_TEST_MARKER();
2005:Middlewares/Third_Party/FreeRTOS/Source/queue.c **** 		}
2006:Middlewares/Third_Party/FreeRTOS/Source/queue.c **** 	}
2007:Middlewares/Third_Party/FreeRTOS/Source/queue.c **** 	#else
2008:Middlewares/Third_Party/FreeRTOS/Source/queue.c **** 	{
2009:Middlewares/Third_Party/FreeRTOS/Source/queue.c **** 		/* The queue must have been statically allocated, so is not going to be
2010:Middlewares/Third_Party/FreeRTOS/Source/queue.c **** 		deleted.  Avoid compiler warnings about the unused parameter. */
2011:Middlewares/Third_Party/FreeRTOS/Source/queue.c **** 		( void ) pxQueue;
2012:Middlewares/Third_Party/FreeRTOS/Source/queue.c **** 	}
2013:Middlewares/Third_Party/FreeRTOS/Source/queue.c **** 	#endif /* configSUPPORT_DYNAMIC_ALLOCATION */
2014:Middlewares/Third_Party/FreeRTOS/Source/queue.c **** }
2015:Middlewares/Third_Party/FreeRTOS/Source/queue.c **** /*-----------------------------------------------------------*/
2016:Middlewares/Third_Party/FreeRTOS/Source/queue.c **** 
2017:Middlewares/Third_Party/FreeRTOS/Source/queue.c **** #if ( configUSE_TRACE_FACILITY == 1 )
2018:Middlewares/Third_Party/FreeRTOS/Source/queue.c **** 
2019:Middlewares/Third_Party/FreeRTOS/Source/queue.c **** 	UBaseType_t uxQueueGetQueueNumber( QueueHandle_t xQueue )
2020:Middlewares/Third_Party/FreeRTOS/Source/queue.c **** 	{
2021:Middlewares/Third_Party/FreeRTOS/Source/queue.c **** 		return ( ( Queue_t * ) xQueue )->uxQueueNumber;
2022:Middlewares/Third_Party/FreeRTOS/Source/queue.c **** 	}
2023:Middlewares/Third_Party/FreeRTOS/Source/queue.c **** 
2024:Middlewares/Third_Party/FreeRTOS/Source/queue.c **** #endif /* configUSE_TRACE_FACILITY */
2025:Middlewares/Third_Party/FreeRTOS/Source/queue.c **** /*-----------------------------------------------------------*/
2026:Middlewares/Third_Party/FreeRTOS/Source/queue.c **** 
2027:Middlewares/Third_Party/FreeRTOS/Source/queue.c **** #if ( configUSE_TRACE_FACILITY == 1 )
ARM GAS  D:\software\msy64\tmp\ccpcBi2W.s 			page 37


2028:Middlewares/Third_Party/FreeRTOS/Source/queue.c **** 
2029:Middlewares/Third_Party/FreeRTOS/Source/queue.c **** 	void vQueueSetQueueNumber( QueueHandle_t xQueue, UBaseType_t uxQueueNumber )
2030:Middlewares/Third_Party/FreeRTOS/Source/queue.c **** 	{
2031:Middlewares/Third_Party/FreeRTOS/Source/queue.c **** 		( ( Queue_t * ) xQueue )->uxQueueNumber = uxQueueNumber;
2032:Middlewares/Third_Party/FreeRTOS/Source/queue.c **** 	}
2033:Middlewares/Third_Party/FreeRTOS/Source/queue.c **** 
2034:Middlewares/Third_Party/FreeRTOS/Source/queue.c **** #endif /* configUSE_TRACE_FACILITY */
2035:Middlewares/Third_Party/FreeRTOS/Source/queue.c **** /*-----------------------------------------------------------*/
2036:Middlewares/Third_Party/FreeRTOS/Source/queue.c **** 
2037:Middlewares/Third_Party/FreeRTOS/Source/queue.c **** #if ( configUSE_TRACE_FACILITY == 1 )
2038:Middlewares/Third_Party/FreeRTOS/Source/queue.c **** 
2039:Middlewares/Third_Party/FreeRTOS/Source/queue.c **** 	uint8_t ucQueueGetQueueType( QueueHandle_t xQueue )
2040:Middlewares/Third_Party/FreeRTOS/Source/queue.c **** 	{
2041:Middlewares/Third_Party/FreeRTOS/Source/queue.c **** 		return ( ( Queue_t * ) xQueue )->ucQueueType;
2042:Middlewares/Third_Party/FreeRTOS/Source/queue.c **** 	}
2043:Middlewares/Third_Party/FreeRTOS/Source/queue.c **** 
2044:Middlewares/Third_Party/FreeRTOS/Source/queue.c **** #endif /* configUSE_TRACE_FACILITY */
2045:Middlewares/Third_Party/FreeRTOS/Source/queue.c **** /*-----------------------------------------------------------*/
2046:Middlewares/Third_Party/FreeRTOS/Source/queue.c **** 
2047:Middlewares/Third_Party/FreeRTOS/Source/queue.c **** #if( configUSE_MUTEXES == 1 )
2048:Middlewares/Third_Party/FreeRTOS/Source/queue.c **** 
2049:Middlewares/Third_Party/FreeRTOS/Source/queue.c **** 	static UBaseType_t prvGetDisinheritPriorityAfterTimeout( const Queue_t * const pxQueue )
2050:Middlewares/Third_Party/FreeRTOS/Source/queue.c **** 	{
  27              		.loc 1 2050 2 view -0
  28              		.cfi_startproc
  29              		@ args = 0, pretend = 0, frame = 0
  30              		@ frame_needed = 0, uses_anonymous_args = 0
  31              		@ link register save eliminated.
  32              		.loc 1 2050 2 is_stmt 0 view .LVU1
  33 0000 0346     		mov	r3, r0
2051:Middlewares/Third_Party/FreeRTOS/Source/queue.c **** 	UBaseType_t uxHighestPriorityOfWaitingTasks;
  34              		.loc 1 2051 2 is_stmt 1 view .LVU2
2052:Middlewares/Third_Party/FreeRTOS/Source/queue.c **** 
2053:Middlewares/Third_Party/FreeRTOS/Source/queue.c **** 		/* If a task waiting for a mutex causes the mutex holder to inherit a
2054:Middlewares/Third_Party/FreeRTOS/Source/queue.c **** 		priority, but the waiting task times out, then the holder should
2055:Middlewares/Third_Party/FreeRTOS/Source/queue.c **** 		disinherit the priority - but only down to the highest priority of any
2056:Middlewares/Third_Party/FreeRTOS/Source/queue.c **** 		other tasks that are waiting for the same mutex.  For this purpose,
2057:Middlewares/Third_Party/FreeRTOS/Source/queue.c **** 		return the priority of the highest priority task that is waiting for the
2058:Middlewares/Third_Party/FreeRTOS/Source/queue.c **** 		mutex. */
2059:Middlewares/Third_Party/FreeRTOS/Source/queue.c **** 		if( listCURRENT_LIST_LENGTH( &( pxQueue->xTasksWaitingToReceive ) ) > 0U )
  35              		.loc 1 2059 3 view .LVU3
  36              		.loc 1 2059 7 is_stmt 0 view .LVU4
  37 0002 406A     		ldr	r0, [r0, #36]
  38              	.LVL1:
  39              		.loc 1 2059 5 view .LVU5
  40 0004 18B1     		cbz	r0, .L1
2060:Middlewares/Third_Party/FreeRTOS/Source/queue.c **** 		{
2061:Middlewares/Third_Party/FreeRTOS/Source/queue.c **** 			uxHighestPriorityOfWaitingTasks = ( UBaseType_t ) configMAX_PRIORITIES - ( UBaseType_t ) listGET
  41              		.loc 1 2061 4 is_stmt 1 view .LVU6
  42              		.loc 1 2061 93 is_stmt 0 view .LVU7
  43 0006 1B6B     		ldr	r3, [r3, #48]
  44              	.LVL2:
  45              		.loc 1 2061 93 view .LVU8
  46 0008 1868     		ldr	r0, [r3]
  47              		.loc 1 2061 36 view .LVU9
  48 000a C0F10700 		rsb	r0, r0, #7
  49              	.LVL3:
ARM GAS  D:\software\msy64\tmp\ccpcBi2W.s 			page 38


2062:Middlewares/Third_Party/FreeRTOS/Source/queue.c **** 		}
2063:Middlewares/Third_Party/FreeRTOS/Source/queue.c **** 		else
2064:Middlewares/Third_Party/FreeRTOS/Source/queue.c **** 		{
2065:Middlewares/Third_Party/FreeRTOS/Source/queue.c **** 			uxHighestPriorityOfWaitingTasks = tskIDLE_PRIORITY;
2066:Middlewares/Third_Party/FreeRTOS/Source/queue.c **** 		}
2067:Middlewares/Third_Party/FreeRTOS/Source/queue.c **** 
2068:Middlewares/Third_Party/FreeRTOS/Source/queue.c **** 		return uxHighestPriorityOfWaitingTasks;
  50              		.loc 1 2068 3 is_stmt 1 view .LVU10
  51              	.L1:
2069:Middlewares/Third_Party/FreeRTOS/Source/queue.c **** 	}
  52              		.loc 1 2069 2 is_stmt 0 view .LVU11
  53 000e 7047     		bx	lr
  54              		.cfi_endproc
  55              	.LFE24:
  57              		.section	.text.prvIsQueueFull,"ax",%progbits
  58              		.align	1
  59              		.syntax unified
  60              		.thumb
  61              		.thumb_func
  63              	prvIsQueueFull:
  64              	.LVL4:
  65              	.LFB30:
2070:Middlewares/Third_Party/FreeRTOS/Source/queue.c **** 
2071:Middlewares/Third_Party/FreeRTOS/Source/queue.c **** #endif /* configUSE_MUTEXES */
2072:Middlewares/Third_Party/FreeRTOS/Source/queue.c **** /*-----------------------------------------------------------*/
2073:Middlewares/Third_Party/FreeRTOS/Source/queue.c **** 
2074:Middlewares/Third_Party/FreeRTOS/Source/queue.c **** static BaseType_t prvCopyDataToQueue( Queue_t * const pxQueue, const void *pvItemToQueue, const Bas
2075:Middlewares/Third_Party/FreeRTOS/Source/queue.c **** {
2076:Middlewares/Third_Party/FreeRTOS/Source/queue.c **** BaseType_t xReturn = pdFALSE;
2077:Middlewares/Third_Party/FreeRTOS/Source/queue.c **** UBaseType_t uxMessagesWaiting;
2078:Middlewares/Third_Party/FreeRTOS/Source/queue.c **** 
2079:Middlewares/Third_Party/FreeRTOS/Source/queue.c **** 	/* This function is called from a critical section. */
2080:Middlewares/Third_Party/FreeRTOS/Source/queue.c **** 
2081:Middlewares/Third_Party/FreeRTOS/Source/queue.c **** 	uxMessagesWaiting = pxQueue->uxMessagesWaiting;
2082:Middlewares/Third_Party/FreeRTOS/Source/queue.c **** 
2083:Middlewares/Third_Party/FreeRTOS/Source/queue.c **** 	if( pxQueue->uxItemSize == ( UBaseType_t ) 0 )
2084:Middlewares/Third_Party/FreeRTOS/Source/queue.c **** 	{
2085:Middlewares/Third_Party/FreeRTOS/Source/queue.c **** 		#if ( configUSE_MUTEXES == 1 )
2086:Middlewares/Third_Party/FreeRTOS/Source/queue.c **** 		{
2087:Middlewares/Third_Party/FreeRTOS/Source/queue.c **** 			if( pxQueue->uxQueueType == queueQUEUE_IS_MUTEX )
2088:Middlewares/Third_Party/FreeRTOS/Source/queue.c **** 			{
2089:Middlewares/Third_Party/FreeRTOS/Source/queue.c **** 				/* The mutex is no longer being held. */
2090:Middlewares/Third_Party/FreeRTOS/Source/queue.c **** 				xReturn = xTaskPriorityDisinherit( pxQueue->u.xSemaphore.xMutexHolder );
2091:Middlewares/Third_Party/FreeRTOS/Source/queue.c **** 				pxQueue->u.xSemaphore.xMutexHolder = NULL;
2092:Middlewares/Third_Party/FreeRTOS/Source/queue.c **** 			}
2093:Middlewares/Third_Party/FreeRTOS/Source/queue.c **** 			else
2094:Middlewares/Third_Party/FreeRTOS/Source/queue.c **** 			{
2095:Middlewares/Third_Party/FreeRTOS/Source/queue.c **** 				mtCOVERAGE_TEST_MARKER();
2096:Middlewares/Third_Party/FreeRTOS/Source/queue.c **** 			}
2097:Middlewares/Third_Party/FreeRTOS/Source/queue.c **** 		}
2098:Middlewares/Third_Party/FreeRTOS/Source/queue.c **** 		#endif /* configUSE_MUTEXES */
2099:Middlewares/Third_Party/FreeRTOS/Source/queue.c **** 	}
2100:Middlewares/Third_Party/FreeRTOS/Source/queue.c **** 	else if( xPosition == queueSEND_TO_BACK )
2101:Middlewares/Third_Party/FreeRTOS/Source/queue.c **** 	{
2102:Middlewares/Third_Party/FreeRTOS/Source/queue.c **** 		( void ) memcpy( ( void * ) pxQueue->pcWriteTo, pvItemToQueue, ( size_t ) pxQueue->uxItemSize ); 
2103:Middlewares/Third_Party/FreeRTOS/Source/queue.c **** 		pxQueue->pcWriteTo += pxQueue->uxItemSize; /*lint !e9016 Pointer arithmetic on char types ok, esp
2104:Middlewares/Third_Party/FreeRTOS/Source/queue.c **** 		if( pxQueue->pcWriteTo >= pxQueue->u.xQueue.pcTail ) /*lint !e946 MISRA exception justified as co
ARM GAS  D:\software\msy64\tmp\ccpcBi2W.s 			page 39


2105:Middlewares/Third_Party/FreeRTOS/Source/queue.c **** 		{
2106:Middlewares/Third_Party/FreeRTOS/Source/queue.c **** 			pxQueue->pcWriteTo = pxQueue->pcHead;
2107:Middlewares/Third_Party/FreeRTOS/Source/queue.c **** 		}
2108:Middlewares/Third_Party/FreeRTOS/Source/queue.c **** 		else
2109:Middlewares/Third_Party/FreeRTOS/Source/queue.c **** 		{
2110:Middlewares/Third_Party/FreeRTOS/Source/queue.c **** 			mtCOVERAGE_TEST_MARKER();
2111:Middlewares/Third_Party/FreeRTOS/Source/queue.c **** 		}
2112:Middlewares/Third_Party/FreeRTOS/Source/queue.c **** 	}
2113:Middlewares/Third_Party/FreeRTOS/Source/queue.c **** 	else
2114:Middlewares/Third_Party/FreeRTOS/Source/queue.c **** 	{
2115:Middlewares/Third_Party/FreeRTOS/Source/queue.c **** 		( void ) memcpy( ( void * ) pxQueue->u.xQueue.pcReadFrom, pvItemToQueue, ( size_t ) pxQueue->uxIt
2116:Middlewares/Third_Party/FreeRTOS/Source/queue.c **** 		pxQueue->u.xQueue.pcReadFrom -= pxQueue->uxItemSize;
2117:Middlewares/Third_Party/FreeRTOS/Source/queue.c **** 		if( pxQueue->u.xQueue.pcReadFrom < pxQueue->pcHead ) /*lint !e946 MISRA exception justified as co
2118:Middlewares/Third_Party/FreeRTOS/Source/queue.c **** 		{
2119:Middlewares/Third_Party/FreeRTOS/Source/queue.c **** 			pxQueue->u.xQueue.pcReadFrom = ( pxQueue->u.xQueue.pcTail - pxQueue->uxItemSize );
2120:Middlewares/Third_Party/FreeRTOS/Source/queue.c **** 		}
2121:Middlewares/Third_Party/FreeRTOS/Source/queue.c **** 		else
2122:Middlewares/Third_Party/FreeRTOS/Source/queue.c **** 		{
2123:Middlewares/Third_Party/FreeRTOS/Source/queue.c **** 			mtCOVERAGE_TEST_MARKER();
2124:Middlewares/Third_Party/FreeRTOS/Source/queue.c **** 		}
2125:Middlewares/Third_Party/FreeRTOS/Source/queue.c **** 
2126:Middlewares/Third_Party/FreeRTOS/Source/queue.c **** 		if( xPosition == queueOVERWRITE )
2127:Middlewares/Third_Party/FreeRTOS/Source/queue.c **** 		{
2128:Middlewares/Third_Party/FreeRTOS/Source/queue.c **** 			if( uxMessagesWaiting > ( UBaseType_t ) 0 )
2129:Middlewares/Third_Party/FreeRTOS/Source/queue.c **** 			{
2130:Middlewares/Third_Party/FreeRTOS/Source/queue.c **** 				/* An item is not being added but overwritten, so subtract
2131:Middlewares/Third_Party/FreeRTOS/Source/queue.c **** 				one from the recorded number of items in the queue so when
2132:Middlewares/Third_Party/FreeRTOS/Source/queue.c **** 				one is added again below the number of recorded items remains
2133:Middlewares/Third_Party/FreeRTOS/Source/queue.c **** 				correct. */
2134:Middlewares/Third_Party/FreeRTOS/Source/queue.c **** 				--uxMessagesWaiting;
2135:Middlewares/Third_Party/FreeRTOS/Source/queue.c **** 			}
2136:Middlewares/Third_Party/FreeRTOS/Source/queue.c **** 			else
2137:Middlewares/Third_Party/FreeRTOS/Source/queue.c **** 			{
2138:Middlewares/Third_Party/FreeRTOS/Source/queue.c **** 				mtCOVERAGE_TEST_MARKER();
2139:Middlewares/Third_Party/FreeRTOS/Source/queue.c **** 			}
2140:Middlewares/Third_Party/FreeRTOS/Source/queue.c **** 		}
2141:Middlewares/Third_Party/FreeRTOS/Source/queue.c **** 		else
2142:Middlewares/Third_Party/FreeRTOS/Source/queue.c **** 		{
2143:Middlewares/Third_Party/FreeRTOS/Source/queue.c **** 			mtCOVERAGE_TEST_MARKER();
2144:Middlewares/Third_Party/FreeRTOS/Source/queue.c **** 		}
2145:Middlewares/Third_Party/FreeRTOS/Source/queue.c **** 	}
2146:Middlewares/Third_Party/FreeRTOS/Source/queue.c **** 
2147:Middlewares/Third_Party/FreeRTOS/Source/queue.c **** 	pxQueue->uxMessagesWaiting = uxMessagesWaiting + ( UBaseType_t ) 1;
2148:Middlewares/Third_Party/FreeRTOS/Source/queue.c **** 
2149:Middlewares/Third_Party/FreeRTOS/Source/queue.c **** 	return xReturn;
2150:Middlewares/Third_Party/FreeRTOS/Source/queue.c **** }
2151:Middlewares/Third_Party/FreeRTOS/Source/queue.c **** /*-----------------------------------------------------------*/
2152:Middlewares/Third_Party/FreeRTOS/Source/queue.c **** 
2153:Middlewares/Third_Party/FreeRTOS/Source/queue.c **** static void prvCopyDataFromQueue( Queue_t * const pxQueue, void * const pvBuffer )
2154:Middlewares/Third_Party/FreeRTOS/Source/queue.c **** {
2155:Middlewares/Third_Party/FreeRTOS/Source/queue.c **** 	if( pxQueue->uxItemSize != ( UBaseType_t ) 0 )
2156:Middlewares/Third_Party/FreeRTOS/Source/queue.c **** 	{
2157:Middlewares/Third_Party/FreeRTOS/Source/queue.c **** 		pxQueue->u.xQueue.pcReadFrom += pxQueue->uxItemSize; /*lint !e9016 Pointer arithmetic on char typ
2158:Middlewares/Third_Party/FreeRTOS/Source/queue.c **** 		if( pxQueue->u.xQueue.pcReadFrom >= pxQueue->u.xQueue.pcTail ) /*lint !e946 MISRA exception justi
2159:Middlewares/Third_Party/FreeRTOS/Source/queue.c **** 		{
2160:Middlewares/Third_Party/FreeRTOS/Source/queue.c **** 			pxQueue->u.xQueue.pcReadFrom = pxQueue->pcHead;
2161:Middlewares/Third_Party/FreeRTOS/Source/queue.c **** 		}
ARM GAS  D:\software\msy64\tmp\ccpcBi2W.s 			page 40


2162:Middlewares/Third_Party/FreeRTOS/Source/queue.c **** 		else
2163:Middlewares/Third_Party/FreeRTOS/Source/queue.c **** 		{
2164:Middlewares/Third_Party/FreeRTOS/Source/queue.c **** 			mtCOVERAGE_TEST_MARKER();
2165:Middlewares/Third_Party/FreeRTOS/Source/queue.c **** 		}
2166:Middlewares/Third_Party/FreeRTOS/Source/queue.c **** 		( void ) memcpy( ( void * ) pvBuffer, ( void * ) pxQueue->u.xQueue.pcReadFrom, ( size_t ) pxQueue
2167:Middlewares/Third_Party/FreeRTOS/Source/queue.c **** 	}
2168:Middlewares/Third_Party/FreeRTOS/Source/queue.c **** }
2169:Middlewares/Third_Party/FreeRTOS/Source/queue.c **** /*-----------------------------------------------------------*/
2170:Middlewares/Third_Party/FreeRTOS/Source/queue.c **** 
2171:Middlewares/Third_Party/FreeRTOS/Source/queue.c **** static void prvUnlockQueue( Queue_t * const pxQueue )
2172:Middlewares/Third_Party/FreeRTOS/Source/queue.c **** {
2173:Middlewares/Third_Party/FreeRTOS/Source/queue.c **** 	/* THIS FUNCTION MUST BE CALLED WITH THE SCHEDULER SUSPENDED. */
2174:Middlewares/Third_Party/FreeRTOS/Source/queue.c **** 
2175:Middlewares/Third_Party/FreeRTOS/Source/queue.c **** 	/* The lock counts contains the number of extra data items placed or
2176:Middlewares/Third_Party/FreeRTOS/Source/queue.c **** 	removed from the queue while the queue was locked.  When a queue is
2177:Middlewares/Third_Party/FreeRTOS/Source/queue.c **** 	locked items can be added or removed, but the event lists cannot be
2178:Middlewares/Third_Party/FreeRTOS/Source/queue.c **** 	updated. */
2179:Middlewares/Third_Party/FreeRTOS/Source/queue.c **** 	taskENTER_CRITICAL();
2180:Middlewares/Third_Party/FreeRTOS/Source/queue.c **** 	{
2181:Middlewares/Third_Party/FreeRTOS/Source/queue.c **** 		int8_t cTxLock = pxQueue->cTxLock;
2182:Middlewares/Third_Party/FreeRTOS/Source/queue.c **** 
2183:Middlewares/Third_Party/FreeRTOS/Source/queue.c **** 		/* See if data was added to the queue while it was locked. */
2184:Middlewares/Third_Party/FreeRTOS/Source/queue.c **** 		while( cTxLock > queueLOCKED_UNMODIFIED )
2185:Middlewares/Third_Party/FreeRTOS/Source/queue.c **** 		{
2186:Middlewares/Third_Party/FreeRTOS/Source/queue.c **** 			/* Data was posted while the queue was locked.  Are any tasks
2187:Middlewares/Third_Party/FreeRTOS/Source/queue.c **** 			blocked waiting for data to become available? */
2188:Middlewares/Third_Party/FreeRTOS/Source/queue.c **** 			#if ( configUSE_QUEUE_SETS == 1 )
2189:Middlewares/Third_Party/FreeRTOS/Source/queue.c **** 			{
2190:Middlewares/Third_Party/FreeRTOS/Source/queue.c **** 				if( pxQueue->pxQueueSetContainer != NULL )
2191:Middlewares/Third_Party/FreeRTOS/Source/queue.c **** 				{
2192:Middlewares/Third_Party/FreeRTOS/Source/queue.c **** 					if( prvNotifyQueueSetContainer( pxQueue ) != pdFALSE )
2193:Middlewares/Third_Party/FreeRTOS/Source/queue.c **** 					{
2194:Middlewares/Third_Party/FreeRTOS/Source/queue.c **** 						/* The queue is a member of a queue set, and posting to
2195:Middlewares/Third_Party/FreeRTOS/Source/queue.c **** 						the queue set caused a higher priority task to unblock.
2196:Middlewares/Third_Party/FreeRTOS/Source/queue.c **** 						A context switch is required. */
2197:Middlewares/Third_Party/FreeRTOS/Source/queue.c **** 						vTaskMissedYield();
2198:Middlewares/Third_Party/FreeRTOS/Source/queue.c **** 					}
2199:Middlewares/Third_Party/FreeRTOS/Source/queue.c **** 					else
2200:Middlewares/Third_Party/FreeRTOS/Source/queue.c **** 					{
2201:Middlewares/Third_Party/FreeRTOS/Source/queue.c **** 						mtCOVERAGE_TEST_MARKER();
2202:Middlewares/Third_Party/FreeRTOS/Source/queue.c **** 					}
2203:Middlewares/Third_Party/FreeRTOS/Source/queue.c **** 				}
2204:Middlewares/Third_Party/FreeRTOS/Source/queue.c **** 				else
2205:Middlewares/Third_Party/FreeRTOS/Source/queue.c **** 				{
2206:Middlewares/Third_Party/FreeRTOS/Source/queue.c **** 					/* Tasks that are removed from the event list will get
2207:Middlewares/Third_Party/FreeRTOS/Source/queue.c **** 					added to the pending ready list as the scheduler is still
2208:Middlewares/Third_Party/FreeRTOS/Source/queue.c **** 					suspended. */
2209:Middlewares/Third_Party/FreeRTOS/Source/queue.c **** 					if( listLIST_IS_EMPTY( &( pxQueue->xTasksWaitingToReceive ) ) == pdFALSE )
2210:Middlewares/Third_Party/FreeRTOS/Source/queue.c **** 					{
2211:Middlewares/Third_Party/FreeRTOS/Source/queue.c **** 						if( xTaskRemoveFromEventList( &( pxQueue->xTasksWaitingToReceive ) ) != pdFALSE )
2212:Middlewares/Third_Party/FreeRTOS/Source/queue.c **** 						{
2213:Middlewares/Third_Party/FreeRTOS/Source/queue.c **** 							/* The task waiting has a higher priority so record that a
2214:Middlewares/Third_Party/FreeRTOS/Source/queue.c **** 							context	switch is required. */
2215:Middlewares/Third_Party/FreeRTOS/Source/queue.c **** 							vTaskMissedYield();
2216:Middlewares/Third_Party/FreeRTOS/Source/queue.c **** 						}
2217:Middlewares/Third_Party/FreeRTOS/Source/queue.c **** 						else
2218:Middlewares/Third_Party/FreeRTOS/Source/queue.c **** 						{
ARM GAS  D:\software\msy64\tmp\ccpcBi2W.s 			page 41


2219:Middlewares/Third_Party/FreeRTOS/Source/queue.c **** 							mtCOVERAGE_TEST_MARKER();
2220:Middlewares/Third_Party/FreeRTOS/Source/queue.c **** 						}
2221:Middlewares/Third_Party/FreeRTOS/Source/queue.c **** 					}
2222:Middlewares/Third_Party/FreeRTOS/Source/queue.c **** 					else
2223:Middlewares/Third_Party/FreeRTOS/Source/queue.c **** 					{
2224:Middlewares/Third_Party/FreeRTOS/Source/queue.c **** 						break;
2225:Middlewares/Third_Party/FreeRTOS/Source/queue.c **** 					}
2226:Middlewares/Third_Party/FreeRTOS/Source/queue.c **** 				}
2227:Middlewares/Third_Party/FreeRTOS/Source/queue.c **** 			}
2228:Middlewares/Third_Party/FreeRTOS/Source/queue.c **** 			#else /* configUSE_QUEUE_SETS */
2229:Middlewares/Third_Party/FreeRTOS/Source/queue.c **** 			{
2230:Middlewares/Third_Party/FreeRTOS/Source/queue.c **** 				/* Tasks that are removed from the event list will get added to
2231:Middlewares/Third_Party/FreeRTOS/Source/queue.c **** 				the pending ready list as the scheduler is still suspended. */
2232:Middlewares/Third_Party/FreeRTOS/Source/queue.c **** 				if( listLIST_IS_EMPTY( &( pxQueue->xTasksWaitingToReceive ) ) == pdFALSE )
2233:Middlewares/Third_Party/FreeRTOS/Source/queue.c **** 				{
2234:Middlewares/Third_Party/FreeRTOS/Source/queue.c **** 					if( xTaskRemoveFromEventList( &( pxQueue->xTasksWaitingToReceive ) ) != pdFALSE )
2235:Middlewares/Third_Party/FreeRTOS/Source/queue.c **** 					{
2236:Middlewares/Third_Party/FreeRTOS/Source/queue.c **** 						/* The task waiting has a higher priority so record that
2237:Middlewares/Third_Party/FreeRTOS/Source/queue.c **** 						a context switch is required. */
2238:Middlewares/Third_Party/FreeRTOS/Source/queue.c **** 						vTaskMissedYield();
2239:Middlewares/Third_Party/FreeRTOS/Source/queue.c **** 					}
2240:Middlewares/Third_Party/FreeRTOS/Source/queue.c **** 					else
2241:Middlewares/Third_Party/FreeRTOS/Source/queue.c **** 					{
2242:Middlewares/Third_Party/FreeRTOS/Source/queue.c **** 						mtCOVERAGE_TEST_MARKER();
2243:Middlewares/Third_Party/FreeRTOS/Source/queue.c **** 					}
2244:Middlewares/Third_Party/FreeRTOS/Source/queue.c **** 				}
2245:Middlewares/Third_Party/FreeRTOS/Source/queue.c **** 				else
2246:Middlewares/Third_Party/FreeRTOS/Source/queue.c **** 				{
2247:Middlewares/Third_Party/FreeRTOS/Source/queue.c **** 					break;
2248:Middlewares/Third_Party/FreeRTOS/Source/queue.c **** 				}
2249:Middlewares/Third_Party/FreeRTOS/Source/queue.c **** 			}
2250:Middlewares/Third_Party/FreeRTOS/Source/queue.c **** 			#endif /* configUSE_QUEUE_SETS */
2251:Middlewares/Third_Party/FreeRTOS/Source/queue.c **** 
2252:Middlewares/Third_Party/FreeRTOS/Source/queue.c **** 			--cTxLock;
2253:Middlewares/Third_Party/FreeRTOS/Source/queue.c **** 		}
2254:Middlewares/Third_Party/FreeRTOS/Source/queue.c **** 
2255:Middlewares/Third_Party/FreeRTOS/Source/queue.c **** 		pxQueue->cTxLock = queueUNLOCKED;
2256:Middlewares/Third_Party/FreeRTOS/Source/queue.c **** 	}
2257:Middlewares/Third_Party/FreeRTOS/Source/queue.c **** 	taskEXIT_CRITICAL();
2258:Middlewares/Third_Party/FreeRTOS/Source/queue.c **** 
2259:Middlewares/Third_Party/FreeRTOS/Source/queue.c **** 	/* Do the same for the Rx lock. */
2260:Middlewares/Third_Party/FreeRTOS/Source/queue.c **** 	taskENTER_CRITICAL();
2261:Middlewares/Third_Party/FreeRTOS/Source/queue.c **** 	{
2262:Middlewares/Third_Party/FreeRTOS/Source/queue.c **** 		int8_t cRxLock = pxQueue->cRxLock;
2263:Middlewares/Third_Party/FreeRTOS/Source/queue.c **** 
2264:Middlewares/Third_Party/FreeRTOS/Source/queue.c **** 		while( cRxLock > queueLOCKED_UNMODIFIED )
2265:Middlewares/Third_Party/FreeRTOS/Source/queue.c **** 		{
2266:Middlewares/Third_Party/FreeRTOS/Source/queue.c **** 			if( listLIST_IS_EMPTY( &( pxQueue->xTasksWaitingToSend ) ) == pdFALSE )
2267:Middlewares/Third_Party/FreeRTOS/Source/queue.c **** 			{
2268:Middlewares/Third_Party/FreeRTOS/Source/queue.c **** 				if( xTaskRemoveFromEventList( &( pxQueue->xTasksWaitingToSend ) ) != pdFALSE )
2269:Middlewares/Third_Party/FreeRTOS/Source/queue.c **** 				{
2270:Middlewares/Third_Party/FreeRTOS/Source/queue.c **** 					vTaskMissedYield();
2271:Middlewares/Third_Party/FreeRTOS/Source/queue.c **** 				}
2272:Middlewares/Third_Party/FreeRTOS/Source/queue.c **** 				else
2273:Middlewares/Third_Party/FreeRTOS/Source/queue.c **** 				{
2274:Middlewares/Third_Party/FreeRTOS/Source/queue.c **** 					mtCOVERAGE_TEST_MARKER();
2275:Middlewares/Third_Party/FreeRTOS/Source/queue.c **** 				}
ARM GAS  D:\software\msy64\tmp\ccpcBi2W.s 			page 42


2276:Middlewares/Third_Party/FreeRTOS/Source/queue.c **** 
2277:Middlewares/Third_Party/FreeRTOS/Source/queue.c **** 				--cRxLock;
2278:Middlewares/Third_Party/FreeRTOS/Source/queue.c **** 			}
2279:Middlewares/Third_Party/FreeRTOS/Source/queue.c **** 			else
2280:Middlewares/Third_Party/FreeRTOS/Source/queue.c **** 			{
2281:Middlewares/Third_Party/FreeRTOS/Source/queue.c **** 				break;
2282:Middlewares/Third_Party/FreeRTOS/Source/queue.c **** 			}
2283:Middlewares/Third_Party/FreeRTOS/Source/queue.c **** 		}
2284:Middlewares/Third_Party/FreeRTOS/Source/queue.c **** 
2285:Middlewares/Third_Party/FreeRTOS/Source/queue.c **** 		pxQueue->cRxLock = queueUNLOCKED;
2286:Middlewares/Third_Party/FreeRTOS/Source/queue.c **** 	}
2287:Middlewares/Third_Party/FreeRTOS/Source/queue.c **** 	taskEXIT_CRITICAL();
2288:Middlewares/Third_Party/FreeRTOS/Source/queue.c **** }
2289:Middlewares/Third_Party/FreeRTOS/Source/queue.c **** /*-----------------------------------------------------------*/
2290:Middlewares/Third_Party/FreeRTOS/Source/queue.c **** 
2291:Middlewares/Third_Party/FreeRTOS/Source/queue.c **** static BaseType_t prvIsQueueEmpty( const Queue_t *pxQueue )
2292:Middlewares/Third_Party/FreeRTOS/Source/queue.c **** {
2293:Middlewares/Third_Party/FreeRTOS/Source/queue.c **** BaseType_t xReturn;
2294:Middlewares/Third_Party/FreeRTOS/Source/queue.c **** 
2295:Middlewares/Third_Party/FreeRTOS/Source/queue.c **** 	taskENTER_CRITICAL();
2296:Middlewares/Third_Party/FreeRTOS/Source/queue.c **** 	{
2297:Middlewares/Third_Party/FreeRTOS/Source/queue.c **** 		if( pxQueue->uxMessagesWaiting == ( UBaseType_t )  0 )
2298:Middlewares/Third_Party/FreeRTOS/Source/queue.c **** 		{
2299:Middlewares/Third_Party/FreeRTOS/Source/queue.c **** 			xReturn = pdTRUE;
2300:Middlewares/Third_Party/FreeRTOS/Source/queue.c **** 		}
2301:Middlewares/Third_Party/FreeRTOS/Source/queue.c **** 		else
2302:Middlewares/Third_Party/FreeRTOS/Source/queue.c **** 		{
2303:Middlewares/Third_Party/FreeRTOS/Source/queue.c **** 			xReturn = pdFALSE;
2304:Middlewares/Third_Party/FreeRTOS/Source/queue.c **** 		}
2305:Middlewares/Third_Party/FreeRTOS/Source/queue.c **** 	}
2306:Middlewares/Third_Party/FreeRTOS/Source/queue.c **** 	taskEXIT_CRITICAL();
2307:Middlewares/Third_Party/FreeRTOS/Source/queue.c **** 
2308:Middlewares/Third_Party/FreeRTOS/Source/queue.c **** 	return xReturn;
2309:Middlewares/Third_Party/FreeRTOS/Source/queue.c **** }
2310:Middlewares/Third_Party/FreeRTOS/Source/queue.c **** /*-----------------------------------------------------------*/
2311:Middlewares/Third_Party/FreeRTOS/Source/queue.c **** 
2312:Middlewares/Third_Party/FreeRTOS/Source/queue.c **** BaseType_t xQueueIsQueueEmptyFromISR( const QueueHandle_t xQueue )
2313:Middlewares/Third_Party/FreeRTOS/Source/queue.c **** {
2314:Middlewares/Third_Party/FreeRTOS/Source/queue.c **** BaseType_t xReturn;
2315:Middlewares/Third_Party/FreeRTOS/Source/queue.c **** Queue_t * const pxQueue = xQueue;
2316:Middlewares/Third_Party/FreeRTOS/Source/queue.c **** 
2317:Middlewares/Third_Party/FreeRTOS/Source/queue.c **** 	configASSERT( pxQueue );
2318:Middlewares/Third_Party/FreeRTOS/Source/queue.c **** 	if( pxQueue->uxMessagesWaiting == ( UBaseType_t ) 0 )
2319:Middlewares/Third_Party/FreeRTOS/Source/queue.c **** 	{
2320:Middlewares/Third_Party/FreeRTOS/Source/queue.c **** 		xReturn = pdTRUE;
2321:Middlewares/Third_Party/FreeRTOS/Source/queue.c **** 	}
2322:Middlewares/Third_Party/FreeRTOS/Source/queue.c **** 	else
2323:Middlewares/Third_Party/FreeRTOS/Source/queue.c **** 	{
2324:Middlewares/Third_Party/FreeRTOS/Source/queue.c **** 		xReturn = pdFALSE;
2325:Middlewares/Third_Party/FreeRTOS/Source/queue.c **** 	}
2326:Middlewares/Third_Party/FreeRTOS/Source/queue.c **** 
2327:Middlewares/Third_Party/FreeRTOS/Source/queue.c **** 	return xReturn;
2328:Middlewares/Third_Party/FreeRTOS/Source/queue.c **** } /*lint !e818 xQueue could not be pointer to const because it is a typedef. */
2329:Middlewares/Third_Party/FreeRTOS/Source/queue.c **** /*-----------------------------------------------------------*/
2330:Middlewares/Third_Party/FreeRTOS/Source/queue.c **** 
2331:Middlewares/Third_Party/FreeRTOS/Source/queue.c **** static BaseType_t prvIsQueueFull( const Queue_t *pxQueue )
2332:Middlewares/Third_Party/FreeRTOS/Source/queue.c **** {
ARM GAS  D:\software\msy64\tmp\ccpcBi2W.s 			page 43


  66              		.loc 1 2332 1 is_stmt 1 view -0
  67              		.cfi_startproc
  68              		@ args = 0, pretend = 0, frame = 0
  69              		@ frame_needed = 0, uses_anonymous_args = 0
  70              		.loc 1 2332 1 is_stmt 0 view .LVU13
  71 0000 10B5     		push	{r4, lr}
  72              	.LCFI0:
  73              		.cfi_def_cfa_offset 8
  74              		.cfi_offset 4, -8
  75              		.cfi_offset 14, -4
  76 0002 0446     		mov	r4, r0
2333:Middlewares/Third_Party/FreeRTOS/Source/queue.c **** BaseType_t xReturn;
  77              		.loc 1 2333 1 is_stmt 1 view .LVU14
2334:Middlewares/Third_Party/FreeRTOS/Source/queue.c **** 
2335:Middlewares/Third_Party/FreeRTOS/Source/queue.c **** 	taskENTER_CRITICAL();
  78              		.loc 1 2335 2 view .LVU15
  79 0004 FFF7FEFF 		bl	vPortEnterCritical
  80              	.LVL5:
2336:Middlewares/Third_Party/FreeRTOS/Source/queue.c **** 	{
2337:Middlewares/Third_Party/FreeRTOS/Source/queue.c **** 		if( pxQueue->uxMessagesWaiting == pxQueue->uxLength )
  81              		.loc 1 2337 3 view .LVU16
  82              		.loc 1 2337 14 is_stmt 0 view .LVU17
  83 0008 A26B     		ldr	r2, [r4, #56]
  84              		.loc 1 2337 44 view .LVU18
  85 000a E36B     		ldr	r3, [r4, #60]
  86              		.loc 1 2337 5 view .LVU19
  87 000c 9A42     		cmp	r2, r3
  88 000e 04D0     		beq	.L7
2338:Middlewares/Third_Party/FreeRTOS/Source/queue.c **** 		{
2339:Middlewares/Third_Party/FreeRTOS/Source/queue.c **** 			xReturn = pdTRUE;
2340:Middlewares/Third_Party/FreeRTOS/Source/queue.c **** 		}
2341:Middlewares/Third_Party/FreeRTOS/Source/queue.c **** 		else
2342:Middlewares/Third_Party/FreeRTOS/Source/queue.c **** 		{
2343:Middlewares/Third_Party/FreeRTOS/Source/queue.c **** 			xReturn = pdFALSE;
  89              		.loc 1 2343 12 view .LVU20
  90 0010 0024     		movs	r4, #0
  91              	.LVL6:
  92              	.L4:
2344:Middlewares/Third_Party/FreeRTOS/Source/queue.c **** 		}
2345:Middlewares/Third_Party/FreeRTOS/Source/queue.c **** 	}
2346:Middlewares/Third_Party/FreeRTOS/Source/queue.c **** 	taskEXIT_CRITICAL();
  93              		.loc 1 2346 2 is_stmt 1 view .LVU21
  94 0012 FFF7FEFF 		bl	vPortExitCritical
  95              	.LVL7:
2347:Middlewares/Third_Party/FreeRTOS/Source/queue.c **** 
2348:Middlewares/Third_Party/FreeRTOS/Source/queue.c **** 	return xReturn;
  96              		.loc 1 2348 2 view .LVU22
2349:Middlewares/Third_Party/FreeRTOS/Source/queue.c **** }
  97              		.loc 1 2349 1 is_stmt 0 view .LVU23
  98 0016 2046     		mov	r0, r4
  99 0018 10BD     		pop	{r4, pc}
 100              	.LVL8:
 101              	.L7:
2339:Middlewares/Third_Party/FreeRTOS/Source/queue.c **** 		}
 102              		.loc 1 2339 12 view .LVU24
 103 001a 0124     		movs	r4, #1
 104              	.LVL9:
ARM GAS  D:\software\msy64\tmp\ccpcBi2W.s 			page 44


2339:Middlewares/Third_Party/FreeRTOS/Source/queue.c **** 		}
 105              		.loc 1 2339 12 view .LVU25
 106 001c F9E7     		b	.L4
 107              		.cfi_endproc
 108              	.LFE30:
 110              		.section	.text.prvIsQueueEmpty,"ax",%progbits
 111              		.align	1
 112              		.syntax unified
 113              		.thumb
 114              		.thumb_func
 116              	prvIsQueueEmpty:
 117              	.LVL10:
 118              	.LFB28:
2292:Middlewares/Third_Party/FreeRTOS/Source/queue.c **** BaseType_t xReturn;
 119              		.loc 1 2292 1 is_stmt 1 view -0
 120              		.cfi_startproc
 121              		@ args = 0, pretend = 0, frame = 0
 122              		@ frame_needed = 0, uses_anonymous_args = 0
2292:Middlewares/Third_Party/FreeRTOS/Source/queue.c **** BaseType_t xReturn;
 123              		.loc 1 2292 1 is_stmt 0 view .LVU27
 124 0000 10B5     		push	{r4, lr}
 125              	.LCFI1:
 126              		.cfi_def_cfa_offset 8
 127              		.cfi_offset 4, -8
 128              		.cfi_offset 14, -4
 129 0002 0446     		mov	r4, r0
2293:Middlewares/Third_Party/FreeRTOS/Source/queue.c **** 
 130              		.loc 1 2293 1 is_stmt 1 view .LVU28
2295:Middlewares/Third_Party/FreeRTOS/Source/queue.c **** 	{
 131              		.loc 1 2295 2 view .LVU29
 132 0004 FFF7FEFF 		bl	vPortEnterCritical
 133              	.LVL11:
2297:Middlewares/Third_Party/FreeRTOS/Source/queue.c **** 		{
 134              		.loc 1 2297 3 view .LVU30
2297:Middlewares/Third_Party/FreeRTOS/Source/queue.c **** 		{
 135              		.loc 1 2297 14 is_stmt 0 view .LVU31
 136 0008 A36B     		ldr	r3, [r4, #56]
2297:Middlewares/Third_Party/FreeRTOS/Source/queue.c **** 		{
 137              		.loc 1 2297 5 view .LVU32
 138 000a 23B9     		cbnz	r3, .L10
2299:Middlewares/Third_Party/FreeRTOS/Source/queue.c **** 		}
 139              		.loc 1 2299 12 view .LVU33
 140 000c 0124     		movs	r4, #1
 141              	.LVL12:
 142              	.L9:
2306:Middlewares/Third_Party/FreeRTOS/Source/queue.c **** 
 143              		.loc 1 2306 2 is_stmt 1 view .LVU34
 144 000e FFF7FEFF 		bl	vPortExitCritical
 145              	.LVL13:
2308:Middlewares/Third_Party/FreeRTOS/Source/queue.c **** }
 146              		.loc 1 2308 2 view .LVU35
2309:Middlewares/Third_Party/FreeRTOS/Source/queue.c **** /*-----------------------------------------------------------*/
 147              		.loc 1 2309 1 is_stmt 0 view .LVU36
 148 0012 2046     		mov	r0, r4
 149 0014 10BD     		pop	{r4, pc}
 150              	.LVL14:
 151              	.L10:
ARM GAS  D:\software\msy64\tmp\ccpcBi2W.s 			page 45


2303:Middlewares/Third_Party/FreeRTOS/Source/queue.c **** 		}
 152              		.loc 1 2303 12 view .LVU37
 153 0016 0024     		movs	r4, #0
 154              	.LVL15:
2303:Middlewares/Third_Party/FreeRTOS/Source/queue.c **** 		}
 155              		.loc 1 2303 12 view .LVU38
 156 0018 F9E7     		b	.L9
 157              		.cfi_endproc
 158              	.LFE28:
 160              		.section	.text.prvCopyDataToQueue,"ax",%progbits
 161              		.align	1
 162              		.syntax unified
 163              		.thumb
 164              		.thumb_func
 166              	prvCopyDataToQueue:
 167              	.LVL16:
 168              	.LFB25:
2075:Middlewares/Third_Party/FreeRTOS/Source/queue.c **** BaseType_t xReturn = pdFALSE;
 169              		.loc 1 2075 1 is_stmt 1 view -0
 170              		.cfi_startproc
 171              		@ args = 0, pretend = 0, frame = 0
 172              		@ frame_needed = 0, uses_anonymous_args = 0
2075:Middlewares/Third_Party/FreeRTOS/Source/queue.c **** BaseType_t xReturn = pdFALSE;
 173              		.loc 1 2075 1 is_stmt 0 view .LVU40
 174 0000 70B5     		push	{r4, r5, r6, lr}
 175              	.LCFI2:
 176              		.cfi_def_cfa_offset 16
 177              		.cfi_offset 4, -16
 178              		.cfi_offset 5, -12
 179              		.cfi_offset 6, -8
 180              		.cfi_offset 14, -4
 181 0002 0446     		mov	r4, r0
 182 0004 1546     		mov	r5, r2
2076:Middlewares/Third_Party/FreeRTOS/Source/queue.c **** UBaseType_t uxMessagesWaiting;
 183              		.loc 1 2076 1 is_stmt 1 view .LVU41
 184              	.LVL17:
2077:Middlewares/Third_Party/FreeRTOS/Source/queue.c **** 
 185              		.loc 1 2077 1 view .LVU42
2081:Middlewares/Third_Party/FreeRTOS/Source/queue.c **** 
 186              		.loc 1 2081 2 view .LVU43
2081:Middlewares/Third_Party/FreeRTOS/Source/queue.c **** 
 187              		.loc 1 2081 20 is_stmt 0 view .LVU44
 188 0006 866B     		ldr	r6, [r0, #56]
 189              	.LVL18:
2083:Middlewares/Third_Party/FreeRTOS/Source/queue.c **** 	{
 190              		.loc 1 2083 2 is_stmt 1 view .LVU45
2083:Middlewares/Third_Party/FreeRTOS/Source/queue.c **** 	{
 191              		.loc 1 2083 13 is_stmt 0 view .LVU46
 192 0008 026C     		ldr	r2, [r0, #64]
 193              	.LVL19:
2083:Middlewares/Third_Party/FreeRTOS/Source/queue.c **** 	{
 194              		.loc 1 2083 4 view .LVU47
 195 000a 5AB9     		cbnz	r2, .L13
2087:Middlewares/Third_Party/FreeRTOS/Source/queue.c **** 			{
 196              		.loc 1 2087 4 is_stmt 1 view .LVU48
2087:Middlewares/Third_Party/FreeRTOS/Source/queue.c **** 			{
 197              		.loc 1 2087 15 is_stmt 0 view .LVU49
ARM GAS  D:\software\msy64\tmp\ccpcBi2W.s 			page 46


 198 000c 0368     		ldr	r3, [r0]
2087:Middlewares/Third_Party/FreeRTOS/Source/queue.c **** 			{
 199              		.loc 1 2087 6 view .LVU50
 200 000e 1BB1     		cbz	r3, .L22
2076:Middlewares/Third_Party/FreeRTOS/Source/queue.c **** UBaseType_t uxMessagesWaiting;
 201              		.loc 1 2076 12 view .LVU51
 202 0010 0020     		movs	r0, #0
 203              	.LVL20:
 204              	.L14:
2143:Middlewares/Third_Party/FreeRTOS/Source/queue.c **** 		}
 205              		.loc 1 2143 28 is_stmt 1 view .LVU52
2147:Middlewares/Third_Party/FreeRTOS/Source/queue.c **** 
 206              		.loc 1 2147 2 view .LVU53
2147:Middlewares/Third_Party/FreeRTOS/Source/queue.c **** 
 207              		.loc 1 2147 49 is_stmt 0 view .LVU54
 208 0012 0136     		adds	r6, r6, #1
 209              	.LVL21:
2147:Middlewares/Third_Party/FreeRTOS/Source/queue.c **** 
 210              		.loc 1 2147 29 view .LVU55
 211 0014 A663     		str	r6, [r4, #56]
2149:Middlewares/Third_Party/FreeRTOS/Source/queue.c **** }
 212              		.loc 1 2149 2 is_stmt 1 view .LVU56
2150:Middlewares/Third_Party/FreeRTOS/Source/queue.c **** /*-----------------------------------------------------------*/
 213              		.loc 1 2150 1 is_stmt 0 view .LVU57
 214 0016 70BD     		pop	{r4, r5, r6, pc}
 215              	.LVL22:
 216              	.L22:
2090:Middlewares/Third_Party/FreeRTOS/Source/queue.c **** 				pxQueue->u.xSemaphore.xMutexHolder = NULL;
 217              		.loc 1 2090 5 is_stmt 1 view .LVU58
2090:Middlewares/Third_Party/FreeRTOS/Source/queue.c **** 				pxQueue->u.xSemaphore.xMutexHolder = NULL;
 218              		.loc 1 2090 15 is_stmt 0 view .LVU59
 219 0018 8068     		ldr	r0, [r0, #8]
 220              	.LVL23:
2090:Middlewares/Third_Party/FreeRTOS/Source/queue.c **** 				pxQueue->u.xSemaphore.xMutexHolder = NULL;
 221              		.loc 1 2090 15 view .LVU60
 222 001a FFF7FEFF 		bl	xTaskPriorityDisinherit
 223              	.LVL24:
2091:Middlewares/Third_Party/FreeRTOS/Source/queue.c **** 			}
 224              		.loc 1 2091 5 is_stmt 1 view .LVU61
2091:Middlewares/Third_Party/FreeRTOS/Source/queue.c **** 			}
 225              		.loc 1 2091 40 is_stmt 0 view .LVU62
 226 001e 0023     		movs	r3, #0
 227 0020 A360     		str	r3, [r4, #8]
 228 0022 F6E7     		b	.L14
 229              	.LVL25:
 230              	.L13:
2100:Middlewares/Third_Party/FreeRTOS/Source/queue.c **** 	{
 231              		.loc 1 2100 7 is_stmt 1 view .LVU63
2100:Middlewares/Third_Party/FreeRTOS/Source/queue.c **** 	{
 232              		.loc 1 2100 9 is_stmt 0 view .LVU64
 233 0024 6DB9     		cbnz	r5, .L15
2102:Middlewares/Third_Party/FreeRTOS/Source/queue.c **** 		pxQueue->pcWriteTo += pxQueue->uxItemSize; /*lint !e9016 Pointer arithmetic on char types ok, esp
 234              		.loc 1 2102 3 is_stmt 1 view .LVU65
2102:Middlewares/Third_Party/FreeRTOS/Source/queue.c **** 		pxQueue->pcWriteTo += pxQueue->uxItemSize; /*lint !e9016 Pointer arithmetic on char types ok, esp
 235              		.loc 1 2102 12 is_stmt 0 view .LVU66
 236 0026 4068     		ldr	r0, [r0, #4]
 237              	.LVL26:
ARM GAS  D:\software\msy64\tmp\ccpcBi2W.s 			page 47


2102:Middlewares/Third_Party/FreeRTOS/Source/queue.c **** 		pxQueue->pcWriteTo += pxQueue->uxItemSize; /*lint !e9016 Pointer arithmetic on char types ok, esp
 238              		.loc 1 2102 12 view .LVU67
 239 0028 FFF7FEFF 		bl	memcpy
 240              	.LVL27:
2103:Middlewares/Third_Party/FreeRTOS/Source/queue.c **** 		if( pxQueue->pcWriteTo >= pxQueue->u.xQueue.pcTail ) /*lint !e946 MISRA exception justified as co
 241              		.loc 1 2103 3 is_stmt 1 view .LVU68
2103:Middlewares/Third_Party/FreeRTOS/Source/queue.c **** 		if( pxQueue->pcWriteTo >= pxQueue->u.xQueue.pcTail ) /*lint !e946 MISRA exception justified as co
 242              		.loc 1 2103 10 is_stmt 0 view .LVU69
 243 002c 6368     		ldr	r3, [r4, #4]
2103:Middlewares/Third_Party/FreeRTOS/Source/queue.c **** 		if( pxQueue->pcWriteTo >= pxQueue->u.xQueue.pcTail ) /*lint !e946 MISRA exception justified as co
 244              		.loc 1 2103 32 view .LVU70
 245 002e 226C     		ldr	r2, [r4, #64]
2103:Middlewares/Third_Party/FreeRTOS/Source/queue.c **** 		if( pxQueue->pcWriteTo >= pxQueue->u.xQueue.pcTail ) /*lint !e946 MISRA exception justified as co
 246              		.loc 1 2103 22 view .LVU71
 247 0030 1344     		add	r3, r3, r2
 248 0032 6360     		str	r3, [r4, #4]
2104:Middlewares/Third_Party/FreeRTOS/Source/queue.c **** 		{
 249              		.loc 1 2104 3 is_stmt 1 view .LVU72
2104:Middlewares/Third_Party/FreeRTOS/Source/queue.c **** 		{
 250              		.loc 1 2104 46 is_stmt 0 view .LVU73
 251 0034 A268     		ldr	r2, [r4, #8]
2104:Middlewares/Third_Party/FreeRTOS/Source/queue.c **** 		{
 252              		.loc 1 2104 5 view .LVU74
 253 0036 9342     		cmp	r3, r2
 254 0038 19D3     		bcc	.L18
2106:Middlewares/Third_Party/FreeRTOS/Source/queue.c **** 		}
 255              		.loc 1 2106 4 is_stmt 1 view .LVU75
2106:Middlewares/Third_Party/FreeRTOS/Source/queue.c **** 		}
 256              		.loc 1 2106 32 is_stmt 0 view .LVU76
 257 003a 2368     		ldr	r3, [r4]
2106:Middlewares/Third_Party/FreeRTOS/Source/queue.c **** 		}
 258              		.loc 1 2106 23 view .LVU77
 259 003c 6360     		str	r3, [r4, #4]
2076:Middlewares/Third_Party/FreeRTOS/Source/queue.c **** UBaseType_t uxMessagesWaiting;
 260              		.loc 1 2076 12 view .LVU78
 261 003e 2846     		mov	r0, r5
 262 0040 E7E7     		b	.L14
 263              	.LVL28:
 264              	.L15:
2115:Middlewares/Third_Party/FreeRTOS/Source/queue.c **** 		pxQueue->u.xQueue.pcReadFrom -= pxQueue->uxItemSize;
 265              		.loc 1 2115 3 is_stmt 1 view .LVU79
2115:Middlewares/Third_Party/FreeRTOS/Source/queue.c **** 		pxQueue->u.xQueue.pcReadFrom -= pxQueue->uxItemSize;
 266              		.loc 1 2115 12 is_stmt 0 view .LVU80
 267 0042 C068     		ldr	r0, [r0, #12]
 268              	.LVL29:
2115:Middlewares/Third_Party/FreeRTOS/Source/queue.c **** 		pxQueue->u.xQueue.pcReadFrom -= pxQueue->uxItemSize;
 269              		.loc 1 2115 12 view .LVU81
 270 0044 FFF7FEFF 		bl	memcpy
 271              	.LVL30:
2116:Middlewares/Third_Party/FreeRTOS/Source/queue.c **** 		if( pxQueue->u.xQueue.pcReadFrom < pxQueue->pcHead ) /*lint !e946 MISRA exception justified as co
 272              		.loc 1 2116 3 is_stmt 1 view .LVU82
2116:Middlewares/Third_Party/FreeRTOS/Source/queue.c **** 		if( pxQueue->u.xQueue.pcReadFrom < pxQueue->pcHead ) /*lint !e946 MISRA exception justified as co
 273              		.loc 1 2116 20 is_stmt 0 view .LVU83
 274 0048 E368     		ldr	r3, [r4, #12]
2116:Middlewares/Third_Party/FreeRTOS/Source/queue.c **** 		if( pxQueue->u.xQueue.pcReadFrom < pxQueue->pcHead ) /*lint !e946 MISRA exception justified as co
 275              		.loc 1 2116 42 view .LVU84
 276 004a 226C     		ldr	r2, [r4, #64]
ARM GAS  D:\software\msy64\tmp\ccpcBi2W.s 			page 48


2116:Middlewares/Third_Party/FreeRTOS/Source/queue.c **** 		if( pxQueue->u.xQueue.pcReadFrom < pxQueue->pcHead ) /*lint !e946 MISRA exception justified as co
 277              		.loc 1 2116 32 view .LVU85
 278 004c 5142     		rsbs	r1, r2, #0
 279 004e 9B1A     		subs	r3, r3, r2
 280 0050 E360     		str	r3, [r4, #12]
2117:Middlewares/Third_Party/FreeRTOS/Source/queue.c **** 		{
 281              		.loc 1 2117 3 is_stmt 1 view .LVU86
2117:Middlewares/Third_Party/FreeRTOS/Source/queue.c **** 		{
 282              		.loc 1 2117 45 is_stmt 0 view .LVU87
 283 0052 2268     		ldr	r2, [r4]
2117:Middlewares/Third_Party/FreeRTOS/Source/queue.c **** 		{
 284              		.loc 1 2117 5 view .LVU88
 285 0054 9342     		cmp	r3, r2
 286 0056 02D2     		bcs	.L16
2119:Middlewares/Third_Party/FreeRTOS/Source/queue.c **** 		}
 287              		.loc 1 2119 4 is_stmt 1 view .LVU89
2119:Middlewares/Third_Party/FreeRTOS/Source/queue.c **** 		}
 288              		.loc 1 2119 54 is_stmt 0 view .LVU90
 289 0058 A368     		ldr	r3, [r4, #8]
2119:Middlewares/Third_Party/FreeRTOS/Source/queue.c **** 		}
 290              		.loc 1 2119 62 view .LVU91
 291 005a 0B44     		add	r3, r3, r1
2119:Middlewares/Third_Party/FreeRTOS/Source/queue.c **** 		}
 292              		.loc 1 2119 33 view .LVU92
 293 005c E360     		str	r3, [r4, #12]
 294              	.L16:
2123:Middlewares/Third_Party/FreeRTOS/Source/queue.c **** 		}
 295              		.loc 1 2123 28 is_stmt 1 view .LVU93
2126:Middlewares/Third_Party/FreeRTOS/Source/queue.c **** 		{
 296              		.loc 1 2126 3 view .LVU94
2126:Middlewares/Third_Party/FreeRTOS/Source/queue.c **** 		{
 297              		.loc 1 2126 5 is_stmt 0 view .LVU95
 298 005e 022D     		cmp	r5, #2
 299 0060 01D0     		beq	.L23
2076:Middlewares/Third_Party/FreeRTOS/Source/queue.c **** UBaseType_t uxMessagesWaiting;
 300              		.loc 1 2076 12 view .LVU96
 301 0062 0020     		movs	r0, #0
 302 0064 D5E7     		b	.L14
 303              	.L23:
2128:Middlewares/Third_Party/FreeRTOS/Source/queue.c **** 			{
 304              		.loc 1 2128 4 is_stmt 1 view .LVU97
2128:Middlewares/Third_Party/FreeRTOS/Source/queue.c **** 			{
 305              		.loc 1 2128 6 is_stmt 0 view .LVU98
 306 0066 26B1     		cbz	r6, .L20
2134:Middlewares/Third_Party/FreeRTOS/Source/queue.c **** 			}
 307              		.loc 1 2134 5 is_stmt 1 view .LVU99
 308 0068 013E     		subs	r6, r6, #1
 309              	.LVL31:
2076:Middlewares/Third_Party/FreeRTOS/Source/queue.c **** UBaseType_t uxMessagesWaiting;
 310              		.loc 1 2076 12 is_stmt 0 view .LVU100
 311 006a 0020     		movs	r0, #0
 312 006c D1E7     		b	.L14
 313              	.L18:
2076:Middlewares/Third_Party/FreeRTOS/Source/queue.c **** UBaseType_t uxMessagesWaiting;
 314              		.loc 1 2076 12 view .LVU101
 315 006e 2846     		mov	r0, r5
 316 0070 CFE7     		b	.L14
ARM GAS  D:\software\msy64\tmp\ccpcBi2W.s 			page 49


 317              	.L20:
2076:Middlewares/Third_Party/FreeRTOS/Source/queue.c **** UBaseType_t uxMessagesWaiting;
 318              		.loc 1 2076 12 view .LVU102
 319 0072 0020     		movs	r0, #0
 320 0074 CDE7     		b	.L14
 321              		.cfi_endproc
 322              	.LFE25:
 324              		.section	.text.prvCopyDataFromQueue,"ax",%progbits
 325              		.align	1
 326              		.syntax unified
 327              		.thumb
 328              		.thumb_func
 330              	prvCopyDataFromQueue:
 331              	.LVL32:
 332              	.LFB26:
2154:Middlewares/Third_Party/FreeRTOS/Source/queue.c **** 	if( pxQueue->uxItemSize != ( UBaseType_t ) 0 )
 333              		.loc 1 2154 1 is_stmt 1 view -0
 334              		.cfi_startproc
 335              		@ args = 0, pretend = 0, frame = 0
 336              		@ frame_needed = 0, uses_anonymous_args = 0
2154:Middlewares/Third_Party/FreeRTOS/Source/queue.c **** 	if( pxQueue->uxItemSize != ( UBaseType_t ) 0 )
 337              		.loc 1 2154 1 is_stmt 0 view .LVU104
 338 0000 08B5     		push	{r3, lr}
 339              	.LCFI3:
 340              		.cfi_def_cfa_offset 8
 341              		.cfi_offset 3, -8
 342              		.cfi_offset 14, -4
 343 0002 0346     		mov	r3, r0
2155:Middlewares/Third_Party/FreeRTOS/Source/queue.c **** 	{
 344              		.loc 1 2155 2 is_stmt 1 view .LVU105
2155:Middlewares/Third_Party/FreeRTOS/Source/queue.c **** 	{
 345              		.loc 1 2155 13 is_stmt 0 view .LVU106
 346 0004 026C     		ldr	r2, [r0, #64]
2155:Middlewares/Third_Party/FreeRTOS/Source/queue.c **** 	{
 347              		.loc 1 2155 4 view .LVU107
 348 0006 62B1     		cbz	r2, .L24
 349 0008 0846     		mov	r0, r1
 350              	.LVL33:
2157:Middlewares/Third_Party/FreeRTOS/Source/queue.c **** 		if( pxQueue->u.xQueue.pcReadFrom >= pxQueue->u.xQueue.pcTail ) /*lint !e946 MISRA exception justi
 351              		.loc 1 2157 3 is_stmt 1 view .LVU108
2157:Middlewares/Third_Party/FreeRTOS/Source/queue.c **** 		if( pxQueue->u.xQueue.pcReadFrom >= pxQueue->u.xQueue.pcTail ) /*lint !e946 MISRA exception justi
 352              		.loc 1 2157 20 is_stmt 0 view .LVU109
 353 000a D968     		ldr	r1, [r3, #12]
 354              	.LVL34:
2157:Middlewares/Third_Party/FreeRTOS/Source/queue.c **** 		if( pxQueue->u.xQueue.pcReadFrom >= pxQueue->u.xQueue.pcTail ) /*lint !e946 MISRA exception justi
 355              		.loc 1 2157 32 view .LVU110
 356 000c 1144     		add	r1, r1, r2
 357 000e D960     		str	r1, [r3, #12]
2158:Middlewares/Third_Party/FreeRTOS/Source/queue.c **** 		{
 358              		.loc 1 2158 3 is_stmt 1 view .LVU111
2158:Middlewares/Third_Party/FreeRTOS/Source/queue.c **** 		{
 359              		.loc 1 2158 5 is_stmt 0 view .LVU112
 360 0010 D3F808C0 		ldr	ip, [r3, #8]
 361 0014 6145     		cmp	r1, ip
 362 0016 01D3     		bcc	.L26
2160:Middlewares/Third_Party/FreeRTOS/Source/queue.c **** 		}
 363              		.loc 1 2160 4 is_stmt 1 view .LVU113
ARM GAS  D:\software\msy64\tmp\ccpcBi2W.s 			page 50


2160:Middlewares/Third_Party/FreeRTOS/Source/queue.c **** 		}
 364              		.loc 1 2160 42 is_stmt 0 view .LVU114
 365 0018 1968     		ldr	r1, [r3]
2160:Middlewares/Third_Party/FreeRTOS/Source/queue.c **** 		}
 366              		.loc 1 2160 33 view .LVU115
 367 001a D960     		str	r1, [r3, #12]
 368              	.L26:
2164:Middlewares/Third_Party/FreeRTOS/Source/queue.c **** 		}
 369              		.loc 1 2164 28 is_stmt 1 view .LVU116
2166:Middlewares/Third_Party/FreeRTOS/Source/queue.c **** 	}
 370              		.loc 1 2166 3 view .LVU117
2166:Middlewares/Third_Party/FreeRTOS/Source/queue.c **** 	}
 371              		.loc 1 2166 12 is_stmt 0 view .LVU118
 372 001c D968     		ldr	r1, [r3, #12]
 373 001e FFF7FEFF 		bl	memcpy
 374              	.LVL35:
 375              	.L24:
2168:Middlewares/Third_Party/FreeRTOS/Source/queue.c **** /*-----------------------------------------------------------*/
 376              		.loc 1 2168 1 view .LVU119
 377 0022 08BD     		pop	{r3, pc}
 378              		.cfi_endproc
 379              	.LFE26:
 381              		.section	.text.prvUnlockQueue,"ax",%progbits
 382              		.align	1
 383              		.syntax unified
 384              		.thumb
 385              		.thumb_func
 387              	prvUnlockQueue:
 388              	.LVL36:
 389              	.LFB27:
2172:Middlewares/Third_Party/FreeRTOS/Source/queue.c **** 	/* THIS FUNCTION MUST BE CALLED WITH THE SCHEDULER SUSPENDED. */
 390              		.loc 1 2172 1 is_stmt 1 view -0
 391              		.cfi_startproc
 392              		@ args = 0, pretend = 0, frame = 0
 393              		@ frame_needed = 0, uses_anonymous_args = 0
2172:Middlewares/Third_Party/FreeRTOS/Source/queue.c **** 	/* THIS FUNCTION MUST BE CALLED WITH THE SCHEDULER SUSPENDED. */
 394              		.loc 1 2172 1 is_stmt 0 view .LVU121
 395 0000 38B5     		push	{r3, r4, r5, lr}
 396              	.LCFI4:
 397              		.cfi_def_cfa_offset 16
 398              		.cfi_offset 3, -16
 399              		.cfi_offset 4, -12
 400              		.cfi_offset 5, -8
 401              		.cfi_offset 14, -4
 402 0002 0546     		mov	r5, r0
2179:Middlewares/Third_Party/FreeRTOS/Source/queue.c **** 	{
 403              		.loc 1 2179 2 is_stmt 1 view .LVU122
 404 0004 FFF7FEFF 		bl	vPortEnterCritical
 405              	.LVL37:
 406              	.LBB104:
2181:Middlewares/Third_Party/FreeRTOS/Source/queue.c **** 
 407              		.loc 1 2181 3 view .LVU123
2181:Middlewares/Third_Party/FreeRTOS/Source/queue.c **** 
 408              		.loc 1 2181 10 is_stmt 0 view .LVU124
 409 0008 95F84540 		ldrb	r4, [r5, #69]	@ zero_extendqisi2
 410 000c 64B2     		sxtb	r4, r4
 411              	.LVL38:
ARM GAS  D:\software\msy64\tmp\ccpcBi2W.s 			page 51


2184:Middlewares/Third_Party/FreeRTOS/Source/queue.c **** 		{
 412              		.loc 1 2184 3 is_stmt 1 view .LVU125
2184:Middlewares/Third_Party/FreeRTOS/Source/queue.c **** 		{
 413              		.loc 1 2184 8 is_stmt 0 view .LVU126
 414 000e 01E0     		b	.L29
 415              	.L31:
2242:Middlewares/Third_Party/FreeRTOS/Source/queue.c **** 					}
 416              		.loc 1 2242 31 is_stmt 1 view .LVU127
2252:Middlewares/Third_Party/FreeRTOS/Source/queue.c **** 		}
 417              		.loc 1 2252 4 view .LVU128
 418 0010 013C     		subs	r4, r4, #1
 419              	.LVL39:
2252:Middlewares/Third_Party/FreeRTOS/Source/queue.c **** 		}
 420              		.loc 1 2252 4 is_stmt 0 view .LVU129
 421 0012 64B2     		sxtb	r4, r4
 422              	.LVL40:
 423              	.L29:
2184:Middlewares/Third_Party/FreeRTOS/Source/queue.c **** 		{
 424              		.loc 1 2184 18 is_stmt 1 view .LVU130
 425 0014 002C     		cmp	r4, #0
 426 0016 0ADD     		ble	.L30
2232:Middlewares/Third_Party/FreeRTOS/Source/queue.c **** 				{
 427              		.loc 1 2232 5 view .LVU131
2232:Middlewares/Third_Party/FreeRTOS/Source/queue.c **** 				{
 428              		.loc 1 2232 9 is_stmt 0 view .LVU132
 429 0018 6B6A     		ldr	r3, [r5, #36]
2232:Middlewares/Third_Party/FreeRTOS/Source/queue.c **** 				{
 430              		.loc 1 2232 7 view .LVU133
 431 001a 43B1     		cbz	r3, .L30
2234:Middlewares/Third_Party/FreeRTOS/Source/queue.c **** 					{
 432              		.loc 1 2234 6 is_stmt 1 view .LVU134
2234:Middlewares/Third_Party/FreeRTOS/Source/queue.c **** 					{
 433              		.loc 1 2234 10 is_stmt 0 view .LVU135
 434 001c 05F12400 		add	r0, r5, #36
 435 0020 FFF7FEFF 		bl	xTaskRemoveFromEventList
 436              	.LVL41:
2234:Middlewares/Third_Party/FreeRTOS/Source/queue.c **** 					{
 437              		.loc 1 2234 8 discriminator 1 view .LVU136
 438 0024 0028     		cmp	r0, #0
 439 0026 F3D0     		beq	.L31
2238:Middlewares/Third_Party/FreeRTOS/Source/queue.c **** 					}
 440              		.loc 1 2238 7 is_stmt 1 view .LVU137
 441 0028 FFF7FEFF 		bl	vTaskMissedYield
 442              	.LVL42:
 443 002c F0E7     		b	.L31
 444              	.L30:
2255:Middlewares/Third_Party/FreeRTOS/Source/queue.c **** 	}
 445              		.loc 1 2255 3 view .LVU138
2255:Middlewares/Third_Party/FreeRTOS/Source/queue.c **** 	}
 446              		.loc 1 2255 20 is_stmt 0 view .LVU139
 447 002e FF23     		movs	r3, #255
 448 0030 85F84530 		strb	r3, [r5, #69]
 449              	.LBE104:
2257:Middlewares/Third_Party/FreeRTOS/Source/queue.c **** 
 450              		.loc 1 2257 2 is_stmt 1 view .LVU140
 451 0034 FFF7FEFF 		bl	vPortExitCritical
 452              	.LVL43:
ARM GAS  D:\software\msy64\tmp\ccpcBi2W.s 			page 52


2260:Middlewares/Third_Party/FreeRTOS/Source/queue.c **** 	{
 453              		.loc 1 2260 2 view .LVU141
 454 0038 FFF7FEFF 		bl	vPortEnterCritical
 455              	.LVL44:
 456              	.LBB105:
2262:Middlewares/Third_Party/FreeRTOS/Source/queue.c **** 
 457              		.loc 1 2262 3 view .LVU142
2262:Middlewares/Third_Party/FreeRTOS/Source/queue.c **** 
 458              		.loc 1 2262 10 is_stmt 0 view .LVU143
 459 003c 95F84440 		ldrb	r4, [r5, #68]	@ zero_extendqisi2
 460              	.LVL45:
2262:Middlewares/Third_Party/FreeRTOS/Source/queue.c **** 
 461              		.loc 1 2262 10 view .LVU144
 462 0040 64B2     		sxtb	r4, r4
 463              	.LVL46:
2264:Middlewares/Third_Party/FreeRTOS/Source/queue.c **** 		{
 464              		.loc 1 2264 3 is_stmt 1 view .LVU145
2264:Middlewares/Third_Party/FreeRTOS/Source/queue.c **** 		{
 465              		.loc 1 2264 8 is_stmt 0 view .LVU146
 466 0042 01E0     		b	.L33
 467              	.L35:
2274:Middlewares/Third_Party/FreeRTOS/Source/queue.c **** 				}
 468              		.loc 1 2274 30 is_stmt 1 view .LVU147
2277:Middlewares/Third_Party/FreeRTOS/Source/queue.c **** 			}
 469              		.loc 1 2277 5 view .LVU148
 470 0044 013C     		subs	r4, r4, #1
 471              	.LVL47:
2277:Middlewares/Third_Party/FreeRTOS/Source/queue.c **** 			}
 472              		.loc 1 2277 5 is_stmt 0 view .LVU149
 473 0046 64B2     		sxtb	r4, r4
 474              	.LVL48:
 475              	.L33:
2264:Middlewares/Third_Party/FreeRTOS/Source/queue.c **** 		{
 476              		.loc 1 2264 18 is_stmt 1 view .LVU150
 477 0048 002C     		cmp	r4, #0
 478 004a 0ADD     		ble	.L34
2266:Middlewares/Third_Party/FreeRTOS/Source/queue.c **** 			{
 479              		.loc 1 2266 4 view .LVU151
2266:Middlewares/Third_Party/FreeRTOS/Source/queue.c **** 			{
 480              		.loc 1 2266 8 is_stmt 0 view .LVU152
 481 004c 2B69     		ldr	r3, [r5, #16]
2266:Middlewares/Third_Party/FreeRTOS/Source/queue.c **** 			{
 482              		.loc 1 2266 6 view .LVU153
 483 004e 43B1     		cbz	r3, .L34
2268:Middlewares/Third_Party/FreeRTOS/Source/queue.c **** 				{
 484              		.loc 1 2268 5 is_stmt 1 view .LVU154
2268:Middlewares/Third_Party/FreeRTOS/Source/queue.c **** 				{
 485              		.loc 1 2268 9 is_stmt 0 view .LVU155
 486 0050 05F11000 		add	r0, r5, #16
 487 0054 FFF7FEFF 		bl	xTaskRemoveFromEventList
 488              	.LVL49:
2268:Middlewares/Third_Party/FreeRTOS/Source/queue.c **** 				{
 489              		.loc 1 2268 7 discriminator 1 view .LVU156
 490 0058 0028     		cmp	r0, #0
 491 005a F3D0     		beq	.L35
2270:Middlewares/Third_Party/FreeRTOS/Source/queue.c **** 				}
 492              		.loc 1 2270 6 is_stmt 1 view .LVU157
ARM GAS  D:\software\msy64\tmp\ccpcBi2W.s 			page 53


 493 005c FFF7FEFF 		bl	vTaskMissedYield
 494              	.LVL50:
 495 0060 F0E7     		b	.L35
 496              	.L34:
2285:Middlewares/Third_Party/FreeRTOS/Source/queue.c **** 	}
 497              		.loc 1 2285 3 view .LVU158
2285:Middlewares/Third_Party/FreeRTOS/Source/queue.c **** 	}
 498              		.loc 1 2285 20 is_stmt 0 view .LVU159
 499 0062 FF23     		movs	r3, #255
 500 0064 85F84430 		strb	r3, [r5, #68]
 501              	.LBE105:
2287:Middlewares/Third_Party/FreeRTOS/Source/queue.c **** }
 502              		.loc 1 2287 2 is_stmt 1 view .LVU160
 503 0068 FFF7FEFF 		bl	vPortExitCritical
 504              	.LVL51:
2288:Middlewares/Third_Party/FreeRTOS/Source/queue.c **** /*-----------------------------------------------------------*/
 505              		.loc 1 2288 1 is_stmt 0 view .LVU161
 506 006c 38BD     		pop	{r3, r4, r5, pc}
2288:Middlewares/Third_Party/FreeRTOS/Source/queue.c **** /*-----------------------------------------------------------*/
 507              		.loc 1 2288 1 view .LVU162
 508              		.cfi_endproc
 509              	.LFE27:
 511              		.section	.text.xQueueGenericReset,"ax",%progbits
 512              		.align	1
 513              		.global	xQueueGenericReset
 514              		.syntax unified
 515              		.thumb
 516              		.thumb_func
 518              	xQueueGenericReset:
 519              	.LVL52:
 520              	.LFB5:
 256:Middlewares/Third_Party/FreeRTOS/Source/queue.c **** Queue_t * const pxQueue = xQueue;
 521              		.loc 1 256 1 is_stmt 1 view -0
 522              		.cfi_startproc
 523              		@ args = 0, pretend = 0, frame = 0
 524              		@ frame_needed = 0, uses_anonymous_args = 0
 256:Middlewares/Third_Party/FreeRTOS/Source/queue.c **** Queue_t * const pxQueue = xQueue;
 525              		.loc 1 256 1 is_stmt 0 view .LVU164
 526 0000 38B5     		push	{r3, r4, r5, lr}
 527              	.LCFI5:
 528              		.cfi_def_cfa_offset 16
 529              		.cfi_offset 3, -16
 530              		.cfi_offset 4, -12
 531              		.cfi_offset 5, -8
 532              		.cfi_offset 14, -4
 257:Middlewares/Third_Party/FreeRTOS/Source/queue.c **** 
 533              		.loc 1 257 1 is_stmt 1 view .LVU165
 534              	.LVL53:
 259:Middlewares/Third_Party/FreeRTOS/Source/queue.c **** 
 535              		.loc 1 259 2 view .LVU166
 536 0002 E0B1     		cbz	r0, .L44
 537 0004 0D46     		mov	r5, r1
 538 0006 0446     		mov	r4, r0
 259:Middlewares/Third_Party/FreeRTOS/Source/queue.c **** 
 539              		.loc 1 259 25 discriminator 2 view .LVU167
 261:Middlewares/Third_Party/FreeRTOS/Source/queue.c **** 	{
 540              		.loc 1 261 2 view .LVU168
ARM GAS  D:\software\msy64\tmp\ccpcBi2W.s 			page 54


 541 0008 FFF7FEFF 		bl	vPortEnterCritical
 542              	.LVL54:
 263:Middlewares/Third_Party/FreeRTOS/Source/queue.c **** 		pxQueue->uxMessagesWaiting = ( UBaseType_t ) 0U;
 543              		.loc 1 263 3 view .LVU169
 263:Middlewares/Third_Party/FreeRTOS/Source/queue.c **** 		pxQueue->uxMessagesWaiting = ( UBaseType_t ) 0U;
 544              		.loc 1 263 37 is_stmt 0 view .LVU170
 545 000c 2368     		ldr	r3, [r4]
 263:Middlewares/Third_Party/FreeRTOS/Source/queue.c **** 		pxQueue->uxMessagesWaiting = ( UBaseType_t ) 0U;
 546              		.loc 1 263 57 view .LVU171
 547 000e E26B     		ldr	r2, [r4, #60]
 263:Middlewares/Third_Party/FreeRTOS/Source/queue.c **** 		pxQueue->uxMessagesWaiting = ( UBaseType_t ) 0U;
 548              		.loc 1 263 77 view .LVU172
 549 0010 216C     		ldr	r1, [r4, #64]
 263:Middlewares/Third_Party/FreeRTOS/Source/queue.c **** 		pxQueue->uxMessagesWaiting = ( UBaseType_t ) 0U;
 550              		.loc 1 263 46 view .LVU173
 551 0012 01FB0230 		mla	r0, r1, r2, r3
 263:Middlewares/Third_Party/FreeRTOS/Source/queue.c **** 		pxQueue->uxMessagesWaiting = ( UBaseType_t ) 0U;
 552              		.loc 1 263 28 view .LVU174
 553 0016 A060     		str	r0, [r4, #8]
 264:Middlewares/Third_Party/FreeRTOS/Source/queue.c **** 		pxQueue->pcWriteTo = pxQueue->pcHead;
 554              		.loc 1 264 3 is_stmt 1 view .LVU175
 264:Middlewares/Third_Party/FreeRTOS/Source/queue.c **** 		pxQueue->pcWriteTo = pxQueue->pcHead;
 555              		.loc 1 264 30 is_stmt 0 view .LVU176
 556 0018 0020     		movs	r0, #0
 557 001a A063     		str	r0, [r4, #56]
 265:Middlewares/Third_Party/FreeRTOS/Source/queue.c **** 		pxQueue->u.xQueue.pcReadFrom = pxQueue->pcHead + ( ( pxQueue->uxLength - 1U ) * pxQueue->uxItemSi
 558              		.loc 1 265 3 is_stmt 1 view .LVU177
 265:Middlewares/Third_Party/FreeRTOS/Source/queue.c **** 		pxQueue->u.xQueue.pcReadFrom = pxQueue->pcHead + ( ( pxQueue->uxLength - 1U ) * pxQueue->uxItemSi
 559              		.loc 1 265 22 is_stmt 0 view .LVU178
 560 001c 6360     		str	r3, [r4, #4]
 266:Middlewares/Third_Party/FreeRTOS/Source/queue.c **** 		pxQueue->cRxLock = queueUNLOCKED;
 561              		.loc 1 266 3 is_stmt 1 view .LVU179
 266:Middlewares/Third_Party/FreeRTOS/Source/queue.c **** 		pxQueue->cRxLock = queueUNLOCKED;
 562              		.loc 1 266 74 is_stmt 0 view .LVU180
 563 001e 013A     		subs	r2, r2, #1
 266:Middlewares/Third_Party/FreeRTOS/Source/queue.c **** 		pxQueue->cRxLock = queueUNLOCKED;
 564              		.loc 1 266 50 view .LVU181
 565 0020 02FB0133 		mla	r3, r2, r1, r3
 266:Middlewares/Third_Party/FreeRTOS/Source/queue.c **** 		pxQueue->cRxLock = queueUNLOCKED;
 566              		.loc 1 266 32 view .LVU182
 567 0024 E360     		str	r3, [r4, #12]
 267:Middlewares/Third_Party/FreeRTOS/Source/queue.c **** 		pxQueue->cTxLock = queueUNLOCKED;
 568              		.loc 1 267 3 is_stmt 1 view .LVU183
 267:Middlewares/Third_Party/FreeRTOS/Source/queue.c **** 		pxQueue->cTxLock = queueUNLOCKED;
 569              		.loc 1 267 20 is_stmt 0 view .LVU184
 570 0026 FF23     		movs	r3, #255
 571 0028 84F84430 		strb	r3, [r4, #68]
 268:Middlewares/Third_Party/FreeRTOS/Source/queue.c **** 
 572              		.loc 1 268 3 is_stmt 1 view .LVU185
 268:Middlewares/Third_Party/FreeRTOS/Source/queue.c **** 
 573              		.loc 1 268 20 is_stmt 0 view .LVU186
 574 002c 84F84530 		strb	r3, [r4, #69]
 270:Middlewares/Third_Party/FreeRTOS/Source/queue.c **** 		{
 575              		.loc 1 270 3 is_stmt 1 view .LVU187
 270:Middlewares/Third_Party/FreeRTOS/Source/queue.c **** 		{
 576              		.loc 1 270 5 is_stmt 0 view .LVU188
 577 0030 FDB9     		cbnz	r5, .L41
ARM GAS  D:\software\msy64\tmp\ccpcBi2W.s 			page 55


 277:Middlewares/Third_Party/FreeRTOS/Source/queue.c **** 			{
 578              		.loc 1 277 4 is_stmt 1 view .LVU189
 277:Middlewares/Third_Party/FreeRTOS/Source/queue.c **** 			{
 579              		.loc 1 277 8 is_stmt 0 view .LVU190
 580 0032 2369     		ldr	r3, [r4, #16]
 277:Middlewares/Third_Party/FreeRTOS/Source/queue.c **** 			{
 581              		.loc 1 277 6 view .LVU191
 582 0034 63B9     		cbnz	r3, .L45
 583              	.L42:
 300:Middlewares/Third_Party/FreeRTOS/Source/queue.c **** 
 584              		.loc 1 300 2 is_stmt 1 view .LVU192
 585 0036 FFF7FEFF 		bl	vPortExitCritical
 586              	.LVL55:
 304:Middlewares/Third_Party/FreeRTOS/Source/queue.c **** }
 587              		.loc 1 304 2 view .LVU193
 305:Middlewares/Third_Party/FreeRTOS/Source/queue.c **** /*-----------------------------------------------------------*/
 588              		.loc 1 305 1 is_stmt 0 view .LVU194
 589 003a 0120     		movs	r0, #1
 590 003c 38BD     		pop	{r3, r4, r5, pc}
 591              	.LVL56:
 592              	.L44:
 259:Middlewares/Third_Party/FreeRTOS/Source/queue.c **** 
 593              		.loc 1 259 2 is_stmt 1 discriminator 1 view .LVU195
 594              	.LBB106:
 595              	.LBI106:
 596              		.file 2 "Middlewares/Third_Party/FreeRTOS/Source/portable/GCC/ARM_CM3/portmacro.h"
   1:Middlewares/Third_Party/FreeRTOS/Source/portable/GCC/ARM_CM3/portmacro.h **** /*
   2:Middlewares/Third_Party/FreeRTOS/Source/portable/GCC/ARM_CM3/portmacro.h ****  * FreeRTOS Kernel V10.3.1
   3:Middlewares/Third_Party/FreeRTOS/Source/portable/GCC/ARM_CM3/portmacro.h ****  * Copyright (C) 2020 Amazon.com, Inc. or its affiliates.  All Rights Reserved.
   4:Middlewares/Third_Party/FreeRTOS/Source/portable/GCC/ARM_CM3/portmacro.h ****  *
   5:Middlewares/Third_Party/FreeRTOS/Source/portable/GCC/ARM_CM3/portmacro.h ****  * Permission is hereby granted, free of charge, to any person obtaining a copy of
   6:Middlewares/Third_Party/FreeRTOS/Source/portable/GCC/ARM_CM3/portmacro.h ****  * this software and associated documentation files (the "Software"), to deal in
   7:Middlewares/Third_Party/FreeRTOS/Source/portable/GCC/ARM_CM3/portmacro.h ****  * the Software without restriction, including without limitation the rights to
   8:Middlewares/Third_Party/FreeRTOS/Source/portable/GCC/ARM_CM3/portmacro.h ****  * use, copy, modify, merge, publish, distribute, sublicense, and/or sell copies of
   9:Middlewares/Third_Party/FreeRTOS/Source/portable/GCC/ARM_CM3/portmacro.h ****  * the Software, and to permit persons to whom the Software is furnished to do so,
  10:Middlewares/Third_Party/FreeRTOS/Source/portable/GCC/ARM_CM3/portmacro.h ****  * subject to the following conditions:
  11:Middlewares/Third_Party/FreeRTOS/Source/portable/GCC/ARM_CM3/portmacro.h ****  *
  12:Middlewares/Third_Party/FreeRTOS/Source/portable/GCC/ARM_CM3/portmacro.h ****  * The above copyright notice and this permission notice shall be included in all
  13:Middlewares/Third_Party/FreeRTOS/Source/portable/GCC/ARM_CM3/portmacro.h ****  * copies or substantial portions of the Software.
  14:Middlewares/Third_Party/FreeRTOS/Source/portable/GCC/ARM_CM3/portmacro.h ****  *
  15:Middlewares/Third_Party/FreeRTOS/Source/portable/GCC/ARM_CM3/portmacro.h ****  * THE SOFTWARE IS PROVIDED "AS IS", WITHOUT WARRANTY OF ANY KIND, EXPRESS OR
  16:Middlewares/Third_Party/FreeRTOS/Source/portable/GCC/ARM_CM3/portmacro.h ****  * IMPLIED, INCLUDING BUT NOT LIMITED TO THE WARRANTIES OF MERCHANTABILITY, FITNESS
  17:Middlewares/Third_Party/FreeRTOS/Source/portable/GCC/ARM_CM3/portmacro.h ****  * FOR A PARTICULAR PURPOSE AND NONINFRINGEMENT. IN NO EVENT SHALL THE AUTHORS OR
  18:Middlewares/Third_Party/FreeRTOS/Source/portable/GCC/ARM_CM3/portmacro.h ****  * COPYRIGHT HOLDERS BE LIABLE FOR ANY CLAIM, DAMAGES OR OTHER LIABILITY, WHETHER
  19:Middlewares/Third_Party/FreeRTOS/Source/portable/GCC/ARM_CM3/portmacro.h ****  * IN AN ACTION OF CONTRACT, TORT OR OTHERWISE, ARISING FROM, OUT OF OR IN
  20:Middlewares/Third_Party/FreeRTOS/Source/portable/GCC/ARM_CM3/portmacro.h ****  * CONNECTION WITH THE SOFTWARE OR THE USE OR OTHER DEALINGS IN THE SOFTWARE.
  21:Middlewares/Third_Party/FreeRTOS/Source/portable/GCC/ARM_CM3/portmacro.h ****  *
  22:Middlewares/Third_Party/FreeRTOS/Source/portable/GCC/ARM_CM3/portmacro.h ****  * http://www.FreeRTOS.org
  23:Middlewares/Third_Party/FreeRTOS/Source/portable/GCC/ARM_CM3/portmacro.h ****  * http://aws.amazon.com/freertos
  24:Middlewares/Third_Party/FreeRTOS/Source/portable/GCC/ARM_CM3/portmacro.h ****  *
  25:Middlewares/Third_Party/FreeRTOS/Source/portable/GCC/ARM_CM3/portmacro.h ****  * 1 tab == 4 spaces!
  26:Middlewares/Third_Party/FreeRTOS/Source/portable/GCC/ARM_CM3/portmacro.h ****  */
  27:Middlewares/Third_Party/FreeRTOS/Source/portable/GCC/ARM_CM3/portmacro.h **** 
  28:Middlewares/Third_Party/FreeRTOS/Source/portable/GCC/ARM_CM3/portmacro.h **** 
  29:Middlewares/Third_Party/FreeRTOS/Source/portable/GCC/ARM_CM3/portmacro.h **** #ifndef PORTMACRO_H
  30:Middlewares/Third_Party/FreeRTOS/Source/portable/GCC/ARM_CM3/portmacro.h **** #define PORTMACRO_H
  31:Middlewares/Third_Party/FreeRTOS/Source/portable/GCC/ARM_CM3/portmacro.h **** 
ARM GAS  D:\software\msy64\tmp\ccpcBi2W.s 			page 56


  32:Middlewares/Third_Party/FreeRTOS/Source/portable/GCC/ARM_CM3/portmacro.h **** #ifdef __cplusplus
  33:Middlewares/Third_Party/FreeRTOS/Source/portable/GCC/ARM_CM3/portmacro.h **** extern "C" {
  34:Middlewares/Third_Party/FreeRTOS/Source/portable/GCC/ARM_CM3/portmacro.h **** #endif
  35:Middlewares/Third_Party/FreeRTOS/Source/portable/GCC/ARM_CM3/portmacro.h **** 
  36:Middlewares/Third_Party/FreeRTOS/Source/portable/GCC/ARM_CM3/portmacro.h **** /*-----------------------------------------------------------
  37:Middlewares/Third_Party/FreeRTOS/Source/portable/GCC/ARM_CM3/portmacro.h ****  * Port specific definitions.
  38:Middlewares/Third_Party/FreeRTOS/Source/portable/GCC/ARM_CM3/portmacro.h ****  *
  39:Middlewares/Third_Party/FreeRTOS/Source/portable/GCC/ARM_CM3/portmacro.h ****  * The settings in this file configure FreeRTOS correctly for the
  40:Middlewares/Third_Party/FreeRTOS/Source/portable/GCC/ARM_CM3/portmacro.h ****  * given hardware and compiler.
  41:Middlewares/Third_Party/FreeRTOS/Source/portable/GCC/ARM_CM3/portmacro.h ****  *
  42:Middlewares/Third_Party/FreeRTOS/Source/portable/GCC/ARM_CM3/portmacro.h ****  * These settings should not be altered.
  43:Middlewares/Third_Party/FreeRTOS/Source/portable/GCC/ARM_CM3/portmacro.h ****  *-----------------------------------------------------------
  44:Middlewares/Third_Party/FreeRTOS/Source/portable/GCC/ARM_CM3/portmacro.h ****  */
  45:Middlewares/Third_Party/FreeRTOS/Source/portable/GCC/ARM_CM3/portmacro.h **** 
  46:Middlewares/Third_Party/FreeRTOS/Source/portable/GCC/ARM_CM3/portmacro.h **** /* Type definitions. */
  47:Middlewares/Third_Party/FreeRTOS/Source/portable/GCC/ARM_CM3/portmacro.h **** #define portCHAR		char
  48:Middlewares/Third_Party/FreeRTOS/Source/portable/GCC/ARM_CM3/portmacro.h **** #define portFLOAT		float
  49:Middlewares/Third_Party/FreeRTOS/Source/portable/GCC/ARM_CM3/portmacro.h **** #define portDOUBLE		double
  50:Middlewares/Third_Party/FreeRTOS/Source/portable/GCC/ARM_CM3/portmacro.h **** #define portLONG		long
  51:Middlewares/Third_Party/FreeRTOS/Source/portable/GCC/ARM_CM3/portmacro.h **** #define portSHORT		short
  52:Middlewares/Third_Party/FreeRTOS/Source/portable/GCC/ARM_CM3/portmacro.h **** #define portSTACK_TYPE	uint32_t
  53:Middlewares/Third_Party/FreeRTOS/Source/portable/GCC/ARM_CM3/portmacro.h **** #define portBASE_TYPE	long
  54:Middlewares/Third_Party/FreeRTOS/Source/portable/GCC/ARM_CM3/portmacro.h **** 
  55:Middlewares/Third_Party/FreeRTOS/Source/portable/GCC/ARM_CM3/portmacro.h **** typedef portSTACK_TYPE StackType_t;
  56:Middlewares/Third_Party/FreeRTOS/Source/portable/GCC/ARM_CM3/portmacro.h **** typedef long BaseType_t;
  57:Middlewares/Third_Party/FreeRTOS/Source/portable/GCC/ARM_CM3/portmacro.h **** typedef unsigned long UBaseType_t;
  58:Middlewares/Third_Party/FreeRTOS/Source/portable/GCC/ARM_CM3/portmacro.h **** 
  59:Middlewares/Third_Party/FreeRTOS/Source/portable/GCC/ARM_CM3/portmacro.h **** #if( configUSE_16_BIT_TICKS == 1 )
  60:Middlewares/Third_Party/FreeRTOS/Source/portable/GCC/ARM_CM3/portmacro.h **** 	typedef uint16_t TickType_t;
  61:Middlewares/Third_Party/FreeRTOS/Source/portable/GCC/ARM_CM3/portmacro.h **** 	#define portMAX_DELAY ( TickType_t ) 0xffff
  62:Middlewares/Third_Party/FreeRTOS/Source/portable/GCC/ARM_CM3/portmacro.h **** #else
  63:Middlewares/Third_Party/FreeRTOS/Source/portable/GCC/ARM_CM3/portmacro.h **** 	typedef uint32_t TickType_t;
  64:Middlewares/Third_Party/FreeRTOS/Source/portable/GCC/ARM_CM3/portmacro.h **** 	#define portMAX_DELAY ( TickType_t ) 0xffffffffUL
  65:Middlewares/Third_Party/FreeRTOS/Source/portable/GCC/ARM_CM3/portmacro.h **** 
  66:Middlewares/Third_Party/FreeRTOS/Source/portable/GCC/ARM_CM3/portmacro.h **** 	/* 32-bit tick type on a 32-bit architecture, so reads of the tick count do
  67:Middlewares/Third_Party/FreeRTOS/Source/portable/GCC/ARM_CM3/portmacro.h **** 	not need to be guarded with a critical section. */
  68:Middlewares/Third_Party/FreeRTOS/Source/portable/GCC/ARM_CM3/portmacro.h **** 	#define portTICK_TYPE_IS_ATOMIC 1
  69:Middlewares/Third_Party/FreeRTOS/Source/portable/GCC/ARM_CM3/portmacro.h **** #endif
  70:Middlewares/Third_Party/FreeRTOS/Source/portable/GCC/ARM_CM3/portmacro.h **** /*-----------------------------------------------------------*/
  71:Middlewares/Third_Party/FreeRTOS/Source/portable/GCC/ARM_CM3/portmacro.h **** 
  72:Middlewares/Third_Party/FreeRTOS/Source/portable/GCC/ARM_CM3/portmacro.h **** /* Architecture specifics. */
  73:Middlewares/Third_Party/FreeRTOS/Source/portable/GCC/ARM_CM3/portmacro.h **** #define portSTACK_GROWTH			( -1 )
  74:Middlewares/Third_Party/FreeRTOS/Source/portable/GCC/ARM_CM3/portmacro.h **** #define portTICK_PERIOD_MS			( ( TickType_t ) 1000 / configTICK_RATE_HZ )
  75:Middlewares/Third_Party/FreeRTOS/Source/portable/GCC/ARM_CM3/portmacro.h **** #define portBYTE_ALIGNMENT			8
  76:Middlewares/Third_Party/FreeRTOS/Source/portable/GCC/ARM_CM3/portmacro.h **** /*-----------------------------------------------------------*/
  77:Middlewares/Third_Party/FreeRTOS/Source/portable/GCC/ARM_CM3/portmacro.h **** 
  78:Middlewares/Third_Party/FreeRTOS/Source/portable/GCC/ARM_CM3/portmacro.h **** /* Scheduler utilities. */
  79:Middlewares/Third_Party/FreeRTOS/Source/portable/GCC/ARM_CM3/portmacro.h **** #define portYIELD() 															\
  80:Middlewares/Third_Party/FreeRTOS/Source/portable/GCC/ARM_CM3/portmacro.h **** {																				\
  81:Middlewares/Third_Party/FreeRTOS/Source/portable/GCC/ARM_CM3/portmacro.h **** 	/* Set a PendSV to request a context switch. */								\
  82:Middlewares/Third_Party/FreeRTOS/Source/portable/GCC/ARM_CM3/portmacro.h **** 	portNVIC_INT_CTRL_REG = portNVIC_PENDSVSET_BIT;								\
  83:Middlewares/Third_Party/FreeRTOS/Source/portable/GCC/ARM_CM3/portmacro.h **** 																				\
  84:Middlewares/Third_Party/FreeRTOS/Source/portable/GCC/ARM_CM3/portmacro.h **** 	/* Barriers are normally not required but do ensure the code is completely	\
  85:Middlewares/Third_Party/FreeRTOS/Source/portable/GCC/ARM_CM3/portmacro.h **** 	within the specified behaviour for the architecture. */						\
  86:Middlewares/Third_Party/FreeRTOS/Source/portable/GCC/ARM_CM3/portmacro.h **** 	__asm volatile( "dsb" ::: "memory" );										\
  87:Middlewares/Third_Party/FreeRTOS/Source/portable/GCC/ARM_CM3/portmacro.h **** 	__asm volatile( "isb" );													\
  88:Middlewares/Third_Party/FreeRTOS/Source/portable/GCC/ARM_CM3/portmacro.h **** }
ARM GAS  D:\software\msy64\tmp\ccpcBi2W.s 			page 57


  89:Middlewares/Third_Party/FreeRTOS/Source/portable/GCC/ARM_CM3/portmacro.h **** 
  90:Middlewares/Third_Party/FreeRTOS/Source/portable/GCC/ARM_CM3/portmacro.h **** #define portNVIC_INT_CTRL_REG		( * ( ( volatile uint32_t * ) 0xe000ed04 ) )
  91:Middlewares/Third_Party/FreeRTOS/Source/portable/GCC/ARM_CM3/portmacro.h **** #define portNVIC_PENDSVSET_BIT		( 1UL << 28UL )
  92:Middlewares/Third_Party/FreeRTOS/Source/portable/GCC/ARM_CM3/portmacro.h **** #define portEND_SWITCHING_ISR( xSwitchRequired ) if( xSwitchRequired != pdFALSE ) portYIELD()
  93:Middlewares/Third_Party/FreeRTOS/Source/portable/GCC/ARM_CM3/portmacro.h **** #define portYIELD_FROM_ISR( x ) portEND_SWITCHING_ISR( x )
  94:Middlewares/Third_Party/FreeRTOS/Source/portable/GCC/ARM_CM3/portmacro.h **** /*-----------------------------------------------------------*/
  95:Middlewares/Third_Party/FreeRTOS/Source/portable/GCC/ARM_CM3/portmacro.h **** 
  96:Middlewares/Third_Party/FreeRTOS/Source/portable/GCC/ARM_CM3/portmacro.h **** /* Critical section management. */
  97:Middlewares/Third_Party/FreeRTOS/Source/portable/GCC/ARM_CM3/portmacro.h **** extern void vPortEnterCritical( void );
  98:Middlewares/Third_Party/FreeRTOS/Source/portable/GCC/ARM_CM3/portmacro.h **** extern void vPortExitCritical( void );
  99:Middlewares/Third_Party/FreeRTOS/Source/portable/GCC/ARM_CM3/portmacro.h **** #define portSET_INTERRUPT_MASK_FROM_ISR()		ulPortRaiseBASEPRI()
 100:Middlewares/Third_Party/FreeRTOS/Source/portable/GCC/ARM_CM3/portmacro.h **** #define portCLEAR_INTERRUPT_MASK_FROM_ISR(x)	vPortSetBASEPRI(x)
 101:Middlewares/Third_Party/FreeRTOS/Source/portable/GCC/ARM_CM3/portmacro.h **** #define portDISABLE_INTERRUPTS()				vPortRaiseBASEPRI()
 102:Middlewares/Third_Party/FreeRTOS/Source/portable/GCC/ARM_CM3/portmacro.h **** #define portENABLE_INTERRUPTS()					vPortSetBASEPRI(0)
 103:Middlewares/Third_Party/FreeRTOS/Source/portable/GCC/ARM_CM3/portmacro.h **** #define portENTER_CRITICAL()					vPortEnterCritical()
 104:Middlewares/Third_Party/FreeRTOS/Source/portable/GCC/ARM_CM3/portmacro.h **** #define portEXIT_CRITICAL()						vPortExitCritical()
 105:Middlewares/Third_Party/FreeRTOS/Source/portable/GCC/ARM_CM3/portmacro.h **** 
 106:Middlewares/Third_Party/FreeRTOS/Source/portable/GCC/ARM_CM3/portmacro.h **** /*-----------------------------------------------------------*/
 107:Middlewares/Third_Party/FreeRTOS/Source/portable/GCC/ARM_CM3/portmacro.h **** 
 108:Middlewares/Third_Party/FreeRTOS/Source/portable/GCC/ARM_CM3/portmacro.h **** /* Task function macros as described on the FreeRTOS.org WEB site.  These are
 109:Middlewares/Third_Party/FreeRTOS/Source/portable/GCC/ARM_CM3/portmacro.h **** not necessary for to use this port.  They are defined so the common demo files
 110:Middlewares/Third_Party/FreeRTOS/Source/portable/GCC/ARM_CM3/portmacro.h **** (which build with all the ports) will build. */
 111:Middlewares/Third_Party/FreeRTOS/Source/portable/GCC/ARM_CM3/portmacro.h **** #define portTASK_FUNCTION_PROTO( vFunction, pvParameters ) void vFunction( void *pvParameters )
 112:Middlewares/Third_Party/FreeRTOS/Source/portable/GCC/ARM_CM3/portmacro.h **** #define portTASK_FUNCTION( vFunction, pvParameters ) void vFunction( void *pvParameters )
 113:Middlewares/Third_Party/FreeRTOS/Source/portable/GCC/ARM_CM3/portmacro.h **** /*-----------------------------------------------------------*/
 114:Middlewares/Third_Party/FreeRTOS/Source/portable/GCC/ARM_CM3/portmacro.h **** 
 115:Middlewares/Third_Party/FreeRTOS/Source/portable/GCC/ARM_CM3/portmacro.h **** /* Tickless idle/low power functionality. */
 116:Middlewares/Third_Party/FreeRTOS/Source/portable/GCC/ARM_CM3/portmacro.h **** #ifndef portSUPPRESS_TICKS_AND_SLEEP
 117:Middlewares/Third_Party/FreeRTOS/Source/portable/GCC/ARM_CM3/portmacro.h **** 	extern void vPortSuppressTicksAndSleep( TickType_t xExpectedIdleTime );
 118:Middlewares/Third_Party/FreeRTOS/Source/portable/GCC/ARM_CM3/portmacro.h **** 	#define portSUPPRESS_TICKS_AND_SLEEP( xExpectedIdleTime ) vPortSuppressTicksAndSleep( xExpectedIdl
 119:Middlewares/Third_Party/FreeRTOS/Source/portable/GCC/ARM_CM3/portmacro.h **** #endif
 120:Middlewares/Third_Party/FreeRTOS/Source/portable/GCC/ARM_CM3/portmacro.h **** /*-----------------------------------------------------------*/
 121:Middlewares/Third_Party/FreeRTOS/Source/portable/GCC/ARM_CM3/portmacro.h **** 
 122:Middlewares/Third_Party/FreeRTOS/Source/portable/GCC/ARM_CM3/portmacro.h **** /* Architecture specific optimisations. */
 123:Middlewares/Third_Party/FreeRTOS/Source/portable/GCC/ARM_CM3/portmacro.h **** #ifndef configUSE_PORT_OPTIMISED_TASK_SELECTION
 124:Middlewares/Third_Party/FreeRTOS/Source/portable/GCC/ARM_CM3/portmacro.h **** 	#define configUSE_PORT_OPTIMISED_TASK_SELECTION 1
 125:Middlewares/Third_Party/FreeRTOS/Source/portable/GCC/ARM_CM3/portmacro.h **** #endif
 126:Middlewares/Third_Party/FreeRTOS/Source/portable/GCC/ARM_CM3/portmacro.h **** 
 127:Middlewares/Third_Party/FreeRTOS/Source/portable/GCC/ARM_CM3/portmacro.h **** #if configUSE_PORT_OPTIMISED_TASK_SELECTION == 1
 128:Middlewares/Third_Party/FreeRTOS/Source/portable/GCC/ARM_CM3/portmacro.h **** 
 129:Middlewares/Third_Party/FreeRTOS/Source/portable/GCC/ARM_CM3/portmacro.h **** 	/* Generic helper function. */
 130:Middlewares/Third_Party/FreeRTOS/Source/portable/GCC/ARM_CM3/portmacro.h **** 	__attribute__( ( always_inline ) ) static inline uint8_t ucPortCountLeadingZeros( uint32_t ulBitma
 131:Middlewares/Third_Party/FreeRTOS/Source/portable/GCC/ARM_CM3/portmacro.h **** 	{
 132:Middlewares/Third_Party/FreeRTOS/Source/portable/GCC/ARM_CM3/portmacro.h **** 	uint8_t ucReturn;
 133:Middlewares/Third_Party/FreeRTOS/Source/portable/GCC/ARM_CM3/portmacro.h **** 
 134:Middlewares/Third_Party/FreeRTOS/Source/portable/GCC/ARM_CM3/portmacro.h **** 		__asm volatile ( "clz %0, %1" : "=r" ( ucReturn ) : "r" ( ulBitmap ) : "memory" );
 135:Middlewares/Third_Party/FreeRTOS/Source/portable/GCC/ARM_CM3/portmacro.h **** 		return ucReturn;
 136:Middlewares/Third_Party/FreeRTOS/Source/portable/GCC/ARM_CM3/portmacro.h **** 	}
 137:Middlewares/Third_Party/FreeRTOS/Source/portable/GCC/ARM_CM3/portmacro.h **** 
 138:Middlewares/Third_Party/FreeRTOS/Source/portable/GCC/ARM_CM3/portmacro.h **** 	/* Check the configuration. */
 139:Middlewares/Third_Party/FreeRTOS/Source/portable/GCC/ARM_CM3/portmacro.h **** 	#if( configMAX_PRIORITIES > 32 )
 140:Middlewares/Third_Party/FreeRTOS/Source/portable/GCC/ARM_CM3/portmacro.h **** 		#error configUSE_PORT_OPTIMISED_TASK_SELECTION can only be set to 1 when configMAX_PRIORITIES is 
 141:Middlewares/Third_Party/FreeRTOS/Source/portable/GCC/ARM_CM3/portmacro.h **** 	#endif
 142:Middlewares/Third_Party/FreeRTOS/Source/portable/GCC/ARM_CM3/portmacro.h **** 
 143:Middlewares/Third_Party/FreeRTOS/Source/portable/GCC/ARM_CM3/portmacro.h **** 	/* Store/clear the ready priorities in a bit map. */
 144:Middlewares/Third_Party/FreeRTOS/Source/portable/GCC/ARM_CM3/portmacro.h **** 	#define portRECORD_READY_PRIORITY( uxPriority, uxReadyPriorities ) ( uxReadyPriorities ) |= ( 1UL 
 145:Middlewares/Third_Party/FreeRTOS/Source/portable/GCC/ARM_CM3/portmacro.h **** 	#define portRESET_READY_PRIORITY( uxPriority, uxReadyPriorities ) ( uxReadyPriorities ) &= ~( 1UL 
ARM GAS  D:\software\msy64\tmp\ccpcBi2W.s 			page 58


 146:Middlewares/Third_Party/FreeRTOS/Source/portable/GCC/ARM_CM3/portmacro.h **** 
 147:Middlewares/Third_Party/FreeRTOS/Source/portable/GCC/ARM_CM3/portmacro.h **** 	/*-----------------------------------------------------------*/
 148:Middlewares/Third_Party/FreeRTOS/Source/portable/GCC/ARM_CM3/portmacro.h **** 
 149:Middlewares/Third_Party/FreeRTOS/Source/portable/GCC/ARM_CM3/portmacro.h **** 	#define portGET_HIGHEST_PRIORITY( uxTopPriority, uxReadyPriorities ) uxTopPriority = ( 31UL - ( ui
 150:Middlewares/Third_Party/FreeRTOS/Source/portable/GCC/ARM_CM3/portmacro.h **** 
 151:Middlewares/Third_Party/FreeRTOS/Source/portable/GCC/ARM_CM3/portmacro.h **** #endif /* configUSE_PORT_OPTIMISED_TASK_SELECTION */
 152:Middlewares/Third_Party/FreeRTOS/Source/portable/GCC/ARM_CM3/portmacro.h **** 
 153:Middlewares/Third_Party/FreeRTOS/Source/portable/GCC/ARM_CM3/portmacro.h **** /*-----------------------------------------------------------*/
 154:Middlewares/Third_Party/FreeRTOS/Source/portable/GCC/ARM_CM3/portmacro.h **** 
 155:Middlewares/Third_Party/FreeRTOS/Source/portable/GCC/ARM_CM3/portmacro.h **** #ifdef configASSERT
 156:Middlewares/Third_Party/FreeRTOS/Source/portable/GCC/ARM_CM3/portmacro.h **** 	void vPortValidateInterruptPriority( void );
 157:Middlewares/Third_Party/FreeRTOS/Source/portable/GCC/ARM_CM3/portmacro.h **** 	#define portASSERT_IF_INTERRUPT_PRIORITY_INVALID() 	vPortValidateInterruptPriority()
 158:Middlewares/Third_Party/FreeRTOS/Source/portable/GCC/ARM_CM3/portmacro.h **** #endif
 159:Middlewares/Third_Party/FreeRTOS/Source/portable/GCC/ARM_CM3/portmacro.h **** 
 160:Middlewares/Third_Party/FreeRTOS/Source/portable/GCC/ARM_CM3/portmacro.h **** /* portNOP() is not required by this port. */
 161:Middlewares/Third_Party/FreeRTOS/Source/portable/GCC/ARM_CM3/portmacro.h **** #define portNOP()
 162:Middlewares/Third_Party/FreeRTOS/Source/portable/GCC/ARM_CM3/portmacro.h **** 
 163:Middlewares/Third_Party/FreeRTOS/Source/portable/GCC/ARM_CM3/portmacro.h **** #define portINLINE	__inline
 164:Middlewares/Third_Party/FreeRTOS/Source/portable/GCC/ARM_CM3/portmacro.h **** 
 165:Middlewares/Third_Party/FreeRTOS/Source/portable/GCC/ARM_CM3/portmacro.h **** #ifndef portFORCE_INLINE
 166:Middlewares/Third_Party/FreeRTOS/Source/portable/GCC/ARM_CM3/portmacro.h **** 	#define portFORCE_INLINE inline __attribute__(( always_inline))
 167:Middlewares/Third_Party/FreeRTOS/Source/portable/GCC/ARM_CM3/portmacro.h **** #endif
 168:Middlewares/Third_Party/FreeRTOS/Source/portable/GCC/ARM_CM3/portmacro.h **** 
 169:Middlewares/Third_Party/FreeRTOS/Source/portable/GCC/ARM_CM3/portmacro.h **** /*-----------------------------------------------------------*/
 170:Middlewares/Third_Party/FreeRTOS/Source/portable/GCC/ARM_CM3/portmacro.h **** 
 171:Middlewares/Third_Party/FreeRTOS/Source/portable/GCC/ARM_CM3/portmacro.h **** portFORCE_INLINE static BaseType_t xPortIsInsideInterrupt( void )
 172:Middlewares/Third_Party/FreeRTOS/Source/portable/GCC/ARM_CM3/portmacro.h **** {
 173:Middlewares/Third_Party/FreeRTOS/Source/portable/GCC/ARM_CM3/portmacro.h **** uint32_t ulCurrentInterrupt;
 174:Middlewares/Third_Party/FreeRTOS/Source/portable/GCC/ARM_CM3/portmacro.h **** BaseType_t xReturn;
 175:Middlewares/Third_Party/FreeRTOS/Source/portable/GCC/ARM_CM3/portmacro.h **** 
 176:Middlewares/Third_Party/FreeRTOS/Source/portable/GCC/ARM_CM3/portmacro.h **** 	/* Obtain the number of the currently executing interrupt. */
 177:Middlewares/Third_Party/FreeRTOS/Source/portable/GCC/ARM_CM3/portmacro.h **** 	__asm volatile( "mrs %0, ipsr" : "=r"( ulCurrentInterrupt ) :: "memory" );
 178:Middlewares/Third_Party/FreeRTOS/Source/portable/GCC/ARM_CM3/portmacro.h **** 
 179:Middlewares/Third_Party/FreeRTOS/Source/portable/GCC/ARM_CM3/portmacro.h **** 	if( ulCurrentInterrupt == 0 )
 180:Middlewares/Third_Party/FreeRTOS/Source/portable/GCC/ARM_CM3/portmacro.h **** 	{
 181:Middlewares/Third_Party/FreeRTOS/Source/portable/GCC/ARM_CM3/portmacro.h **** 		xReturn = pdFALSE;
 182:Middlewares/Third_Party/FreeRTOS/Source/portable/GCC/ARM_CM3/portmacro.h **** 	}
 183:Middlewares/Third_Party/FreeRTOS/Source/portable/GCC/ARM_CM3/portmacro.h **** 	else
 184:Middlewares/Third_Party/FreeRTOS/Source/portable/GCC/ARM_CM3/portmacro.h **** 	{
 185:Middlewares/Third_Party/FreeRTOS/Source/portable/GCC/ARM_CM3/portmacro.h **** 		xReturn = pdTRUE;
 186:Middlewares/Third_Party/FreeRTOS/Source/portable/GCC/ARM_CM3/portmacro.h **** 	}
 187:Middlewares/Third_Party/FreeRTOS/Source/portable/GCC/ARM_CM3/portmacro.h **** 
 188:Middlewares/Third_Party/FreeRTOS/Source/portable/GCC/ARM_CM3/portmacro.h **** 	return xReturn;
 189:Middlewares/Third_Party/FreeRTOS/Source/portable/GCC/ARM_CM3/portmacro.h **** }
 190:Middlewares/Third_Party/FreeRTOS/Source/portable/GCC/ARM_CM3/portmacro.h **** 
 191:Middlewares/Third_Party/FreeRTOS/Source/portable/GCC/ARM_CM3/portmacro.h **** /*-----------------------------------------------------------*/
 192:Middlewares/Third_Party/FreeRTOS/Source/portable/GCC/ARM_CM3/portmacro.h **** 
 193:Middlewares/Third_Party/FreeRTOS/Source/portable/GCC/ARM_CM3/portmacro.h **** portFORCE_INLINE static void vPortRaiseBASEPRI( void )
 597              		.loc 2 193 30 view .LVU196
 598              	.LBB107:
 194:Middlewares/Third_Party/FreeRTOS/Source/portable/GCC/ARM_CM3/portmacro.h **** {
 195:Middlewares/Third_Party/FreeRTOS/Source/portable/GCC/ARM_CM3/portmacro.h **** uint32_t ulNewBASEPRI;
 599              		.loc 2 195 1 view .LVU197
 196:Middlewares/Third_Party/FreeRTOS/Source/portable/GCC/ARM_CM3/portmacro.h **** 
 197:Middlewares/Third_Party/FreeRTOS/Source/portable/GCC/ARM_CM3/portmacro.h **** 	__asm volatile
 600              		.loc 2 197 2 view .LVU198
 601              		.syntax unified
ARM GAS  D:\software\msy64\tmp\ccpcBi2W.s 			page 59


 602              	@ 197 "Middlewares/Third_Party/FreeRTOS/Source/portable/GCC/ARM_CM3/portmacro.h" 1
 603 003e 4FF05003 			mov r3, #80												
 604 0042 83F31188 		msr basepri, r3											
 605 0046 BFF36F8F 		isb														
 606 004a BFF34F8F 		dsb														
 607              	
 608              	@ 0 "" 2
 609              		.thumb
 610              		.syntax unified
 611              	.L40:
 612              	.LBE107:
 613              	.LBE106:
 259:Middlewares/Third_Party/FreeRTOS/Source/queue.c **** 
 614              		.loc 1 259 2 discriminator 3 view .LVU199
 259:Middlewares/Third_Party/FreeRTOS/Source/queue.c **** 
 615              		.loc 1 259 2 discriminator 3 view .LVU200
 616 004e FEE7     		b	.L40
 617              	.LVL57:
 618              	.L45:
 279:Middlewares/Third_Party/FreeRTOS/Source/queue.c **** 				{
 619              		.loc 1 279 5 view .LVU201
 279:Middlewares/Third_Party/FreeRTOS/Source/queue.c **** 				{
 620              		.loc 1 279 9 is_stmt 0 view .LVU202
 621 0050 04F11000 		add	r0, r4, #16
 622 0054 FFF7FEFF 		bl	xTaskRemoveFromEventList
 623              	.LVL58:
 279:Middlewares/Third_Party/FreeRTOS/Source/queue.c **** 				{
 624              		.loc 1 279 7 discriminator 1 view .LVU203
 625 0058 0028     		cmp	r0, #0
 626 005a ECD0     		beq	.L42
 281:Middlewares/Third_Party/FreeRTOS/Source/queue.c **** 				}
 627              		.loc 1 281 6 is_stmt 1 view .LVU204
 628 005c 4FF0E023 		mov	r3, #-536813568
 629 0060 4FF08052 		mov	r2, #268435456
 630 0064 C3F8042D 		str	r2, [r3, #3332]
 281:Middlewares/Third_Party/FreeRTOS/Source/queue.c **** 				}
 631              		.loc 1 281 6 view .LVU205
 632              		.syntax unified
 633              	@ 281 "Middlewares/Third_Party/FreeRTOS/Source/queue.c" 1
 634 0068 BFF34F8F 		dsb
 635              	@ 0 "" 2
 281:Middlewares/Third_Party/FreeRTOS/Source/queue.c **** 				}
 636              		.loc 1 281 6 view .LVU206
 637              	@ 281 "Middlewares/Third_Party/FreeRTOS/Source/queue.c" 1
 638 006c BFF36F8F 		isb
 639              	@ 0 "" 2
 281:Middlewares/Third_Party/FreeRTOS/Source/queue.c **** 				}
 640              		.loc 1 281 38 view .LVU207
 641              		.thumb
 642              		.syntax unified
 643 0070 E1E7     		b	.L42
 644              	.L41:
 296:Middlewares/Third_Party/FreeRTOS/Source/queue.c **** 			vListInitialise( &( pxQueue->xTasksWaitingToReceive ) );
 645              		.loc 1 296 4 view .LVU208
 646 0072 04F11000 		add	r0, r4, #16
 647 0076 FFF7FEFF 		bl	vListInitialise
 648              	.LVL59:
ARM GAS  D:\software\msy64\tmp\ccpcBi2W.s 			page 60


 297:Middlewares/Third_Party/FreeRTOS/Source/queue.c **** 		}
 649              		.loc 1 297 4 view .LVU209
 650 007a 04F12400 		add	r0, r4, #36
 651 007e FFF7FEFF 		bl	vListInitialise
 652              	.LVL60:
 653 0082 D8E7     		b	.L42
 654              		.cfi_endproc
 655              	.LFE5:
 657              		.section	.text.prvInitialiseNewQueue,"ax",%progbits
 658              		.align	1
 659              		.syntax unified
 660              		.thumb
 661              		.thumb_func
 663              	prvInitialiseNewQueue:
 664              	.LVL61:
 665              	.LFB8:
 423:Middlewares/Third_Party/FreeRTOS/Source/queue.c **** 	/* Remove compiler warnings about unused parameters should
 666              		.loc 1 423 1 view -0
 667              		.cfi_startproc
 668              		@ args = 4, pretend = 0, frame = 0
 669              		@ frame_needed = 0, uses_anonymous_args = 0
 423:Middlewares/Third_Party/FreeRTOS/Source/queue.c **** 	/* Remove compiler warnings about unused parameters should
 670              		.loc 1 423 1 is_stmt 0 view .LVU211
 671 0000 10B5     		push	{r4, lr}
 672              	.LCFI6:
 673              		.cfi_def_cfa_offset 8
 674              		.cfi_offset 4, -8
 675              		.cfi_offset 14, -4
 676 0002 0346     		mov	r3, r0
 677              	.LVL62:
 423:Middlewares/Third_Party/FreeRTOS/Source/queue.c **** 	/* Remove compiler warnings about unused parameters should
 678              		.loc 1 423 1 view .LVU212
 679 0004 0298     		ldr	r0, [sp, #8]
 680              	.LVL63:
 426:Middlewares/Third_Party/FreeRTOS/Source/queue.c **** 
 681              		.loc 1 426 2 is_stmt 1 view .LVU213
 428:Middlewares/Third_Party/FreeRTOS/Source/queue.c **** 	{
 682              		.loc 1 428 2 view .LVU214
 428:Middlewares/Third_Party/FreeRTOS/Source/queue.c **** 	{
 683              		.loc 1 428 4 is_stmt 0 view .LVU215
 684 0006 0C46     		mov	r4, r1
 685 0008 31B9     		cbnz	r1, .L47
 434:Middlewares/Third_Party/FreeRTOS/Source/queue.c **** 	}
 686              		.loc 1 434 3 is_stmt 1 view .LVU216
 434:Middlewares/Third_Party/FreeRTOS/Source/queue.c **** 	}
 687              		.loc 1 434 22 is_stmt 0 view .LVU217
 688 000a 0060     		str	r0, [r0]
 689              	.L48:
 444:Middlewares/Third_Party/FreeRTOS/Source/queue.c **** 	pxNewQueue->uxItemSize = uxItemSize;
 690              		.loc 1 444 2 is_stmt 1 view .LVU218
 444:Middlewares/Third_Party/FreeRTOS/Source/queue.c **** 	pxNewQueue->uxItemSize = uxItemSize;
 691              		.loc 1 444 23 is_stmt 0 view .LVU219
 692 000c C363     		str	r3, [r0, #60]
 445:Middlewares/Third_Party/FreeRTOS/Source/queue.c **** 	( void ) xQueueGenericReset( pxNewQueue, pdTRUE );
 693              		.loc 1 445 2 is_stmt 1 view .LVU220
 445:Middlewares/Third_Party/FreeRTOS/Source/queue.c **** 	( void ) xQueueGenericReset( pxNewQueue, pdTRUE );
 694              		.loc 1 445 25 is_stmt 0 view .LVU221
ARM GAS  D:\software\msy64\tmp\ccpcBi2W.s 			page 61


 695 000e 0464     		str	r4, [r0, #64]
 446:Middlewares/Third_Party/FreeRTOS/Source/queue.c **** 
 696              		.loc 1 446 2 is_stmt 1 view .LVU222
 446:Middlewares/Third_Party/FreeRTOS/Source/queue.c **** 
 697              		.loc 1 446 11 is_stmt 0 view .LVU223
 698 0010 0121     		movs	r1, #1
 699              	.LVL64:
 446:Middlewares/Third_Party/FreeRTOS/Source/queue.c **** 
 700              		.loc 1 446 11 view .LVU224
 701 0012 FFF7FEFF 		bl	xQueueGenericReset
 702              	.LVL65:
 460:Middlewares/Third_Party/FreeRTOS/Source/queue.c **** }
 703              		.loc 1 460 33 is_stmt 1 view .LVU225
 461:Middlewares/Third_Party/FreeRTOS/Source/queue.c **** /*-----------------------------------------------------------*/
 704              		.loc 1 461 1 is_stmt 0 view .LVU226
 705 0016 10BD     		pop	{r4, pc}
 706              	.LVL66:
 707              	.L47:
 439:Middlewares/Third_Party/FreeRTOS/Source/queue.c **** 	}
 708              		.loc 1 439 3 is_stmt 1 view .LVU227
 439:Middlewares/Third_Party/FreeRTOS/Source/queue.c **** 	}
 709              		.loc 1 439 22 is_stmt 0 view .LVU228
 710 0018 0260     		str	r2, [r0]
 711 001a F7E7     		b	.L48
 712              		.cfi_endproc
 713              	.LFE8:
 715              		.section	.text.xQueueGenericCreateStatic,"ax",%progbits
 716              		.align	1
 717              		.global	xQueueGenericCreateStatic
 718              		.syntax unified
 719              		.thumb
 720              		.thumb_func
 722              	xQueueGenericCreateStatic:
 723              	.LVL67:
 724              	.LFB6:
 311:Middlewares/Third_Party/FreeRTOS/Source/queue.c **** 	Queue_t *pxNewQueue;
 725              		.loc 1 311 2 is_stmt 1 view -0
 726              		.cfi_startproc
 727              		@ args = 4, pretend = 0, frame = 8
 728              		@ frame_needed = 0, uses_anonymous_args = 0
 312:Middlewares/Third_Party/FreeRTOS/Source/queue.c **** 
 729              		.loc 1 312 2 view .LVU230
 314:Middlewares/Third_Party/FreeRTOS/Source/queue.c **** 
 730              		.loc 1 314 3 view .LVU231
 731 0000 40B9     		cbnz	r0, .L51
 314:Middlewares/Third_Party/FreeRTOS/Source/queue.c **** 
 732              		.loc 1 314 3 discriminator 1 view .LVU232
 733              	.LBB108:
 734              	.LBI108:
 193:Middlewares/Third_Party/FreeRTOS/Source/portable/GCC/ARM_CM3/portmacro.h **** {
 735              		.loc 2 193 30 view .LVU233
 736              	.LBB109:
 195:Middlewares/Third_Party/FreeRTOS/Source/portable/GCC/ARM_CM3/portmacro.h **** 
 737              		.loc 2 195 1 view .LVU234
 738              		.loc 2 197 2 view .LVU235
 739              		.syntax unified
 740              	@ 197 "Middlewares/Third_Party/FreeRTOS/Source/portable/GCC/ARM_CM3/portmacro.h" 1
ARM GAS  D:\software\msy64\tmp\ccpcBi2W.s 			page 62


 741 0002 4FF05003 			mov r3, #80												
 742 0006 83F31188 		msr basepri, r3											
 743 000a BFF36F8F 		isb														
 744 000e BFF34F8F 		dsb														
 745              	
 746              	@ 0 "" 2
 747              	.LVL68:
 748              		.thumb
 749              		.syntax unified
 750              	.L52:
 751              		.loc 2 197 2 is_stmt 0 view .LVU236
 752              	.LBE109:
 753              	.LBE108:
 314:Middlewares/Third_Party/FreeRTOS/Source/queue.c **** 
 754              		.loc 1 314 3 is_stmt 1 discriminator 3 view .LVU237
 314:Middlewares/Third_Party/FreeRTOS/Source/queue.c **** 
 755              		.loc 1 314 3 discriminator 3 view .LVU238
 756 0012 FEE7     		b	.L52
 757              	.LVL69:
 758              	.L51:
 311:Middlewares/Third_Party/FreeRTOS/Source/queue.c **** 	Queue_t *pxNewQueue;
 759              		.loc 1 311 2 is_stmt 0 view .LVU239
 760 0014 10B5     		push	{r4, lr}
 761              	.LCFI7:
 762              		.cfi_def_cfa_offset 8
 763              		.cfi_offset 4, -8
 764              		.cfi_offset 14, -4
 765 0016 84B0     		sub	sp, sp, #16
 766              	.LCFI8:
 767              		.cfi_def_cfa_offset 24
 768 0018 1C46     		mov	r4, r3
 769 001a 8446     		mov	ip, r0
 314:Middlewares/Third_Party/FreeRTOS/Source/queue.c **** 
 770              		.loc 1 314 52 is_stmt 1 discriminator 2 view .LVU240
 318:Middlewares/Third_Party/FreeRTOS/Source/queue.c **** 
 771              		.loc 1 318 3 view .LVU241
 772 001c 53B1     		cbz	r3, .L63
 318:Middlewares/Third_Party/FreeRTOS/Source/queue.c **** 
 773              		.loc 1 318 40 discriminator 2 view .LVU242
 322:Middlewares/Third_Party/FreeRTOS/Source/queue.c **** 		configASSERT( !( ( pucQueueStorage == NULL ) && ( uxItemSize != 0 ) ) );
 774              		.loc 1 322 3 view .LVU243
 775 001e 92B1     		cbz	r2, .L55
 322:Middlewares/Third_Party/FreeRTOS/Source/queue.c **** 		configASSERT( !( ( pucQueueStorage == NULL ) && ( uxItemSize != 0 ) ) );
 776              		.loc 1 322 3 is_stmt 0 discriminator 2 view .LVU244
 777 0020 89B9     		cbnz	r1, .L55
 322:Middlewares/Third_Party/FreeRTOS/Source/queue.c **** 		configASSERT( !( ( pucQueueStorage == NULL ) && ( uxItemSize != 0 ) ) );
 778              		.loc 1 322 3 is_stmt 1 discriminator 7 view .LVU245
 779              	.LBB110:
 780              	.LBI110:
 193:Middlewares/Third_Party/FreeRTOS/Source/portable/GCC/ARM_CM3/portmacro.h **** {
 781              		.loc 2 193 30 view .LVU246
 782              	.LBB111:
 195:Middlewares/Third_Party/FreeRTOS/Source/portable/GCC/ARM_CM3/portmacro.h **** 
 783              		.loc 2 195 1 view .LVU247
 784              		.loc 2 197 2 view .LVU248
 785              		.syntax unified
 786              	@ 197 "Middlewares/Third_Party/FreeRTOS/Source/portable/GCC/ARM_CM3/portmacro.h" 1
ARM GAS  D:\software\msy64\tmp\ccpcBi2W.s 			page 63


 787 0022 4FF05003 			mov r3, #80												
 788 0026 83F31188 		msr basepri, r3											
 789 002a BFF36F8F 		isb														
 790 002e BFF34F8F 		dsb														
 791              	
 792              	@ 0 "" 2
 793              	.LVL70:
 794              		.thumb
 795              		.syntax unified
 796              	.L56:
 797              		.loc 2 197 2 is_stmt 0 view .LVU249
 798              	.LBE111:
 799              	.LBE110:
 322:Middlewares/Third_Party/FreeRTOS/Source/queue.c **** 		configASSERT( !( ( pucQueueStorage == NULL ) && ( uxItemSize != 0 ) ) );
 800              		.loc 1 322 3 is_stmt 1 discriminator 9 view .LVU250
 322:Middlewares/Third_Party/FreeRTOS/Source/queue.c **** 		configASSERT( !( ( pucQueueStorage == NULL ) && ( uxItemSize != 0 ) ) );
 801              		.loc 1 322 3 discriminator 9 view .LVU251
 802 0032 FEE7     		b	.L56
 803              	.LVL71:
 804              	.L63:
 318:Middlewares/Third_Party/FreeRTOS/Source/queue.c **** 
 805              		.loc 1 318 3 discriminator 1 view .LVU252
 806              	.LBB112:
 807              	.LBI112:
 193:Middlewares/Third_Party/FreeRTOS/Source/portable/GCC/ARM_CM3/portmacro.h **** {
 808              		.loc 2 193 30 view .LVU253
 809              	.LBB113:
 195:Middlewares/Third_Party/FreeRTOS/Source/portable/GCC/ARM_CM3/portmacro.h **** 
 810              		.loc 2 195 1 view .LVU254
 811              		.loc 2 197 2 view .LVU255
 812              		.syntax unified
 813              	@ 197 "Middlewares/Third_Party/FreeRTOS/Source/portable/GCC/ARM_CM3/portmacro.h" 1
 814 0034 4FF05003 			mov r3, #80												
 815 0038 83F31188 		msr basepri, r3											
 816 003c BFF36F8F 		isb														
 817 0040 BFF34F8F 		dsb														
 818              	
 819              	@ 0 "" 2
 820              	.LVL72:
 821              		.thumb
 822              		.syntax unified
 823              	.L54:
 824              		.loc 2 197 2 is_stmt 0 view .LVU256
 825              	.LBE113:
 826              	.LBE112:
 318:Middlewares/Third_Party/FreeRTOS/Source/queue.c **** 
 827              		.loc 1 318 3 is_stmt 1 discriminator 3 view .LVU257
 318:Middlewares/Third_Party/FreeRTOS/Source/queue.c **** 
 828              		.loc 1 318 3 discriminator 3 view .LVU258
 829 0044 FEE7     		b	.L54
 830              	.LVL73:
 831              	.L55:
 322:Middlewares/Third_Party/FreeRTOS/Source/queue.c **** 		configASSERT( !( ( pucQueueStorage == NULL ) && ( uxItemSize != 0 ) ) );
 832              		.loc 1 322 74 discriminator 8 view .LVU259
 323:Middlewares/Third_Party/FreeRTOS/Source/queue.c **** 
 833              		.loc 1 323 3 view .LVU260
 834 0046 6AB1     		cbz	r2, .L64
ARM GAS  D:\software\msy64\tmp\ccpcBi2W.s 			page 64


 835              	.L57:
 323:Middlewares/Third_Party/FreeRTOS/Source/queue.c **** 
 836              		.loc 1 323 74 discriminator 8 view .LVU261
 837              	.LBB114:
 330:Middlewares/Third_Party/FreeRTOS/Source/queue.c **** 			configASSERT( xSize == sizeof( Queue_t ) );
 838              		.loc 1 330 4 view .LVU262
 330:Middlewares/Third_Party/FreeRTOS/Source/queue.c **** 			configASSERT( xSize == sizeof( Queue_t ) );
 839              		.loc 1 330 20 is_stmt 0 view .LVU263
 840 0048 4823     		movs	r3, #72
 841              	.LVL74:
 330:Middlewares/Third_Party/FreeRTOS/Source/queue.c **** 			configASSERT( xSize == sizeof( Queue_t ) );
 842              		.loc 1 330 20 view .LVU264
 843 004a 0393     		str	r3, [sp, #12]
 331:Middlewares/Third_Party/FreeRTOS/Source/queue.c **** 			( void ) xSize; /* Keeps lint quiet when configASSERT() is not defined. */
 844              		.loc 1 331 4 is_stmt 1 view .LVU265
 845 004c 039B     		ldr	r3, [sp, #12]
 846 004e 482B     		cmp	r3, #72
 847 0050 13D0     		beq	.L59
 331:Middlewares/Third_Party/FreeRTOS/Source/queue.c **** 			( void ) xSize; /* Keeps lint quiet when configASSERT() is not defined. */
 848              		.loc 1 331 4 discriminator 1 view .LVU266
 849              	.LBB115:
 850              	.LBI115:
 193:Middlewares/Third_Party/FreeRTOS/Source/portable/GCC/ARM_CM3/portmacro.h **** {
 851              		.loc 2 193 30 view .LVU267
 852              	.LBB116:
 195:Middlewares/Third_Party/FreeRTOS/Source/portable/GCC/ARM_CM3/portmacro.h **** 
 853              		.loc 2 195 1 view .LVU268
 854              		.loc 2 197 2 view .LVU269
 855              		.syntax unified
 856              	@ 197 "Middlewares/Third_Party/FreeRTOS/Source/portable/GCC/ARM_CM3/portmacro.h" 1
 857 0052 4FF05003 			mov r3, #80												
 858 0056 83F31188 		msr basepri, r3											
 859 005a BFF36F8F 		isb														
 860 005e BFF34F8F 		dsb														
 861              	
 862              	@ 0 "" 2
 863              		.thumb
 864              		.syntax unified
 865              	.L60:
 866              	.LBE116:
 867              	.LBE115:
 331:Middlewares/Third_Party/FreeRTOS/Source/queue.c **** 			( void ) xSize; /* Keeps lint quiet when configASSERT() is not defined. */
 868              		.loc 1 331 4 discriminator 3 view .LVU270
 331:Middlewares/Third_Party/FreeRTOS/Source/queue.c **** 			( void ) xSize; /* Keeps lint quiet when configASSERT() is not defined. */
 869              		.loc 1 331 4 discriminator 3 view .LVU271
 870 0062 FEE7     		b	.L60
 871              	.LVL75:
 872              	.L64:
 331:Middlewares/Third_Party/FreeRTOS/Source/queue.c **** 			( void ) xSize; /* Keeps lint quiet when configASSERT() is not defined. */
 873              		.loc 1 331 4 is_stmt 0 discriminator 3 view .LVU272
 874              	.LBE114:
 323:Middlewares/Third_Party/FreeRTOS/Source/queue.c **** 
 875              		.loc 1 323 3 discriminator 2 view .LVU273
 876 0064 0029     		cmp	r1, #0
 877 0066 EFD0     		beq	.L57
 323:Middlewares/Third_Party/FreeRTOS/Source/queue.c **** 
 878              		.loc 1 323 3 is_stmt 1 discriminator 7 view .LVU274
ARM GAS  D:\software\msy64\tmp\ccpcBi2W.s 			page 65


 879              	.LBB117:
 880              	.LBI117:
 193:Middlewares/Third_Party/FreeRTOS/Source/portable/GCC/ARM_CM3/portmacro.h **** {
 881              		.loc 2 193 30 view .LVU275
 882              	.LBB118:
 195:Middlewares/Third_Party/FreeRTOS/Source/portable/GCC/ARM_CM3/portmacro.h **** 
 883              		.loc 2 195 1 view .LVU276
 884              		.loc 2 197 2 view .LVU277
 885              		.syntax unified
 886              	@ 197 "Middlewares/Third_Party/FreeRTOS/Source/portable/GCC/ARM_CM3/portmacro.h" 1
 887 0068 4FF05003 			mov r3, #80												
 888 006c 83F31188 		msr basepri, r3											
 889 0070 BFF36F8F 		isb														
 890 0074 BFF34F8F 		dsb														
 891              	
 892              	@ 0 "" 2
 893              	.LVL76:
 894              		.thumb
 895              		.syntax unified
 896              	.L58:
 897              		.loc 2 197 2 is_stmt 0 view .LVU278
 898              	.LBE118:
 899              	.LBE117:
 323:Middlewares/Third_Party/FreeRTOS/Source/queue.c **** 
 900              		.loc 1 323 3 is_stmt 1 discriminator 9 view .LVU279
 323:Middlewares/Third_Party/FreeRTOS/Source/queue.c **** 
 901              		.loc 1 323 3 discriminator 9 view .LVU280
 902 0078 FEE7     		b	.L58
 903              	.L59:
 904              	.LBB119:
 331:Middlewares/Third_Party/FreeRTOS/Source/queue.c **** 			( void ) xSize; /* Keeps lint quiet when configASSERT() is not defined. */
 905              		.loc 1 331 46 discriminator 2 view .LVU281
 332:Middlewares/Third_Party/FreeRTOS/Source/queue.c **** 		}
 906              		.loc 1 332 4 view .LVU282
 907 007a 039B     		ldr	r3, [sp, #12]
 908              	.LBE119:
 339:Middlewares/Third_Party/FreeRTOS/Source/queue.c **** 
 909              		.loc 1 339 3 view .LVU283
 910              	.LVL77:
 341:Middlewares/Third_Party/FreeRTOS/Source/queue.c **** 		{
 911              		.loc 1 341 3 view .LVU284
 348:Middlewares/Third_Party/FreeRTOS/Source/queue.c **** 			}
 912              		.loc 1 348 5 view .LVU285
 348:Middlewares/Third_Party/FreeRTOS/Source/queue.c **** 			}
 913              		.loc 1 348 39 is_stmt 0 view .LVU286
 914 007c 0123     		movs	r3, #1
 915 007e 84F84630 		strb	r3, [r4, #70]
 352:Middlewares/Third_Party/FreeRTOS/Source/queue.c **** 		}
 916              		.loc 1 352 4 is_stmt 1 view .LVU287
 917 0082 0094     		str	r4, [sp]
 918 0084 9DF81830 		ldrb	r3, [sp, #24]	@ zero_extendqisi2
 919 0088 6046     		mov	r0, ip
 920              	.LVL78:
 352:Middlewares/Third_Party/FreeRTOS/Source/queue.c **** 		}
 921              		.loc 1 352 4 is_stmt 0 view .LVU288
 922 008a FFF7FEFF 		bl	prvInitialiseNewQueue
 923              	.LVL79:
ARM GAS  D:\software\msy64\tmp\ccpcBi2W.s 			page 66


 356:Middlewares/Third_Party/FreeRTOS/Source/queue.c **** 			mtCOVERAGE_TEST_MARKER();
 924              		.loc 1 356 43 is_stmt 1 view .LVU289
 357:Middlewares/Third_Party/FreeRTOS/Source/queue.c **** 		}
 925              		.loc 1 357 28 view .LVU290
 360:Middlewares/Third_Party/FreeRTOS/Source/queue.c **** 	}
 926              		.loc 1 360 3 view .LVU291
 361:Middlewares/Third_Party/FreeRTOS/Source/queue.c **** 
 927              		.loc 1 361 2 is_stmt 0 view .LVU292
 928 008e 2046     		mov	r0, r4
 929 0090 04B0     		add	sp, sp, #16
 930              	.LCFI9:
 931              		.cfi_def_cfa_offset 8
 932              		@ sp needed
 933 0092 10BD     		pop	{r4, pc}
 361:Middlewares/Third_Party/FreeRTOS/Source/queue.c **** 
 934              		.loc 1 361 2 view .LVU293
 935              		.cfi_endproc
 936              	.LFE6:
 938              		.section	.text.xQueueGenericCreate,"ax",%progbits
 939              		.align	1
 940              		.global	xQueueGenericCreate
 941              		.syntax unified
 942              		.thumb
 943              		.thumb_func
 945              	xQueueGenericCreate:
 946              	.LVL80:
 947              	.LFB7:
 369:Middlewares/Third_Party/FreeRTOS/Source/queue.c **** 	Queue_t *pxNewQueue;
 948              		.loc 1 369 2 is_stmt 1 view -0
 949              		.cfi_startproc
 950              		@ args = 0, pretend = 0, frame = 0
 951              		@ frame_needed = 0, uses_anonymous_args = 0
 370:Middlewares/Third_Party/FreeRTOS/Source/queue.c **** 	size_t xQueueSizeInBytes;
 952              		.loc 1 370 2 view .LVU295
 371:Middlewares/Third_Party/FreeRTOS/Source/queue.c **** 	uint8_t *pucQueueStorage;
 953              		.loc 1 371 2 view .LVU296
 372:Middlewares/Third_Party/FreeRTOS/Source/queue.c **** 
 954              		.loc 1 372 2 view .LVU297
 374:Middlewares/Third_Party/FreeRTOS/Source/queue.c **** 
 955              		.loc 1 374 3 view .LVU298
 956 0000 40B9     		cbnz	r0, .L66
 374:Middlewares/Third_Party/FreeRTOS/Source/queue.c **** 
 957              		.loc 1 374 3 discriminator 1 view .LVU299
 958              	.LBB120:
 959              	.LBI120:
 193:Middlewares/Third_Party/FreeRTOS/Source/portable/GCC/ARM_CM3/portmacro.h **** {
 960              		.loc 2 193 30 view .LVU300
 961              	.LBB121:
 195:Middlewares/Third_Party/FreeRTOS/Source/portable/GCC/ARM_CM3/portmacro.h **** 
 962              		.loc 2 195 1 view .LVU301
 963              		.loc 2 197 2 view .LVU302
 964              		.syntax unified
 965              	@ 197 "Middlewares/Third_Party/FreeRTOS/Source/portable/GCC/ARM_CM3/portmacro.h" 1
 966 0002 4FF05003 			mov r3, #80												
 967 0006 83F31188 		msr basepri, r3											
 968 000a BFF36F8F 		isb														
 969 000e BFF34F8F 		dsb														
ARM GAS  D:\software\msy64\tmp\ccpcBi2W.s 			page 67


 970              	
 971              	@ 0 "" 2
 972              		.thumb
 973              		.syntax unified
 974              	.L67:
 975              	.LBE121:
 976              	.LBE120:
 374:Middlewares/Third_Party/FreeRTOS/Source/queue.c **** 
 977              		.loc 1 374 3 discriminator 3 view .LVU303
 374:Middlewares/Third_Party/FreeRTOS/Source/queue.c **** 
 978              		.loc 1 374 3 discriminator 3 view .LVU304
 979 0012 FEE7     		b	.L67
 980              	.L66:
 369:Middlewares/Third_Party/FreeRTOS/Source/queue.c **** 	Queue_t *pxNewQueue;
 981              		.loc 1 369 2 is_stmt 0 view .LVU305
 982 0014 F0B5     		push	{r4, r5, r6, r7, lr}
 983              	.LCFI10:
 984              		.cfi_def_cfa_offset 20
 985              		.cfi_offset 4, -20
 986              		.cfi_offset 5, -16
 987              		.cfi_offset 6, -12
 988              		.cfi_offset 7, -8
 989              		.cfi_offset 14, -4
 990 0016 83B0     		sub	sp, sp, #12
 991              	.LCFI11:
 992              		.cfi_def_cfa_offset 32
 993 0018 0D46     		mov	r5, r1
 994 001a 1446     		mov	r4, r2
 995 001c 0646     		mov	r6, r0
 374:Middlewares/Third_Party/FreeRTOS/Source/queue.c **** 
 996              		.loc 1 374 52 is_stmt 1 discriminator 2 view .LVU306
 379:Middlewares/Third_Party/FreeRTOS/Source/queue.c **** 
 997              		.loc 1 379 3 view .LVU307
 379:Middlewares/Third_Party/FreeRTOS/Source/queue.c **** 
 998              		.loc 1 379 21 is_stmt 0 view .LVU308
 999 001e 01FB00F0 		mul	r0, r1, r0
 1000              	.LVL81:
 390:Middlewares/Third_Party/FreeRTOS/Source/queue.c **** 
 1001              		.loc 1 390 3 is_stmt 1 view .LVU309
 390:Middlewares/Third_Party/FreeRTOS/Source/queue.c **** 
 1002              		.loc 1 390 30 is_stmt 0 view .LVU310
 1003 0022 4830     		adds	r0, r0, #72
 1004              	.LVL82:
 390:Middlewares/Third_Party/FreeRTOS/Source/queue.c **** 
 1005              		.loc 1 390 30 view .LVU311
 1006 0024 FFF7FEFF 		bl	pvPortMalloc
 1007              	.LVL83:
 392:Middlewares/Third_Party/FreeRTOS/Source/queue.c **** 		{
 1008              		.loc 1 392 3 is_stmt 1 view .LVU312
 392:Middlewares/Third_Party/FreeRTOS/Source/queue.c **** 		{
 1009              		.loc 1 392 5 is_stmt 0 view .LVU313
 1010 0028 0746     		mov	r7, r0
 1011 002a 50B1     		cbz	r0, .L65
 396:Middlewares/Third_Party/FreeRTOS/Source/queue.c **** 			pucQueueStorage += sizeof( Queue_t ); /*lint !e9016 Pointer arithmetic allowed on char types, es
 1012              		.loc 1 396 4 is_stmt 1 view .LVU314
 1013              	.LVL84:
 397:Middlewares/Third_Party/FreeRTOS/Source/queue.c **** 
ARM GAS  D:\software\msy64\tmp\ccpcBi2W.s 			page 68


 1014              		.loc 1 397 4 view .LVU315
 404:Middlewares/Third_Party/FreeRTOS/Source/queue.c **** 			}
 1015              		.loc 1 404 5 view .LVU316
 404:Middlewares/Third_Party/FreeRTOS/Source/queue.c **** 			}
 1016              		.loc 1 404 39 is_stmt 0 view .LVU317
 1017 002c 0023     		movs	r3, #0
 1018 002e 80F84630 		strb	r3, [r0, #70]
 408:Middlewares/Third_Party/FreeRTOS/Source/queue.c **** 		}
 1019              		.loc 1 408 4 is_stmt 1 view .LVU318
 1020 0032 0090     		str	r0, [sp]
 1021 0034 2346     		mov	r3, r4
 1022 0036 00F14802 		add	r2, r0, #72
 1023              	.LVL85:
 408:Middlewares/Third_Party/FreeRTOS/Source/queue.c **** 		}
 1024              		.loc 1 408 4 is_stmt 0 view .LVU319
 1025 003a 2946     		mov	r1, r5
 1026 003c 3046     		mov	r0, r6
 1027              	.LVL86:
 408:Middlewares/Third_Party/FreeRTOS/Source/queue.c **** 		}
 1028              		.loc 1 408 4 view .LVU320
 1029 003e FFF7FEFF 		bl	prvInitialiseNewQueue
 1030              	.LVL87:
 412:Middlewares/Third_Party/FreeRTOS/Source/queue.c **** 			mtCOVERAGE_TEST_MARKER();
 1031              		.loc 1 412 43 is_stmt 1 view .LVU321
 413:Middlewares/Third_Party/FreeRTOS/Source/queue.c **** 		}
 1032              		.loc 1 413 28 view .LVU322
 416:Middlewares/Third_Party/FreeRTOS/Source/queue.c **** 	}
 1033              		.loc 1 416 3 view .LVU323
 1034              	.L65:
 417:Middlewares/Third_Party/FreeRTOS/Source/queue.c **** 
 1035              		.loc 1 417 2 is_stmt 0 view .LVU324
 1036 0042 3846     		mov	r0, r7
 1037 0044 03B0     		add	sp, sp, #12
 1038              	.LCFI12:
 1039              		.cfi_def_cfa_offset 20
 1040              		@ sp needed
 1041 0046 F0BD     		pop	{r4, r5, r6, r7, pc}
 417:Middlewares/Third_Party/FreeRTOS/Source/queue.c **** 
 1042              		.loc 1 417 2 view .LVU325
 1043              		.cfi_endproc
 1044              	.LFE7:
 1046              		.section	.text.xQueueGenericSend,"ax",%progbits
 1047              		.align	1
 1048              		.global	xQueueGenericSend
 1049              		.syntax unified
 1050              		.thumb
 1051              		.thumb_func
 1053              	xQueueGenericSend:
 1054              	.LVL88:
 1055              	.LFB12:
 741:Middlewares/Third_Party/FreeRTOS/Source/queue.c **** BaseType_t xEntryTimeSet = pdFALSE, xYieldRequired;
 1056              		.loc 1 741 1 is_stmt 1 view -0
 1057              		.cfi_startproc
 1058              		@ args = 0, pretend = 0, frame = 16
 1059              		@ frame_needed = 0, uses_anonymous_args = 0
 741:Middlewares/Third_Party/FreeRTOS/Source/queue.c **** BaseType_t xEntryTimeSet = pdFALSE, xYieldRequired;
 1060              		.loc 1 741 1 is_stmt 0 view .LVU327
ARM GAS  D:\software\msy64\tmp\ccpcBi2W.s 			page 69


 1061 0000 F0B5     		push	{r4, r5, r6, r7, lr}
 1062              	.LCFI13:
 1063              		.cfi_def_cfa_offset 20
 1064              		.cfi_offset 4, -20
 1065              		.cfi_offset 5, -16
 1066              		.cfi_offset 6, -12
 1067              		.cfi_offset 7, -8
 1068              		.cfi_offset 14, -4
 1069 0002 85B0     		sub	sp, sp, #20
 1070              	.LCFI14:
 1071              		.cfi_def_cfa_offset 40
 1072 0004 0192     		str	r2, [sp, #4]
 742:Middlewares/Third_Party/FreeRTOS/Source/queue.c **** TimeOut_t xTimeOut;
 1073              		.loc 1 742 1 is_stmt 1 view .LVU328
 1074              	.LVL89:
 743:Middlewares/Third_Party/FreeRTOS/Source/queue.c **** Queue_t * const pxQueue = xQueue;
 1075              		.loc 1 743 1 view .LVU329
 744:Middlewares/Third_Party/FreeRTOS/Source/queue.c **** 
 1076              		.loc 1 744 1 view .LVU330
 746:Middlewares/Third_Party/FreeRTOS/Source/queue.c **** 	configASSERT( !( ( pvItemToQueue == NULL ) && ( pxQueue->uxItemSize != ( UBaseType_t ) 0U ) ) );
 1077              		.loc 1 746 2 view .LVU331
 1078 0006 88B1     		cbz	r0, .L95
 1079 0008 0F46     		mov	r7, r1
 1080 000a 1D46     		mov	r5, r3
 1081 000c 0446     		mov	r4, r0
 746:Middlewares/Third_Party/FreeRTOS/Source/queue.c **** 	configASSERT( !( ( pvItemToQueue == NULL ) && ( pxQueue->uxItemSize != ( UBaseType_t ) 0U ) ) );
 1082              		.loc 1 746 25 discriminator 2 view .LVU332
 747:Middlewares/Third_Party/FreeRTOS/Source/queue.c **** 	configASSERT( !( ( xCopyPosition == queueOVERWRITE ) && ( pxQueue->uxLength != 1 ) ) );
 1083              		.loc 1 747 2 view .LVU333
 1084 000e B1B1     		cbz	r1, .L96
 1085              	.LVL90:
 1086              	.L74:
 747:Middlewares/Third_Party/FreeRTOS/Source/queue.c **** 	configASSERT( !( ( xCopyPosition == queueOVERWRITE ) && ( pxQueue->uxLength != 1 ) ) );
 1087              		.loc 1 747 97 discriminator 8 view .LVU334
 748:Middlewares/Third_Party/FreeRTOS/Source/queue.c **** 	#if ( ( INCLUDE_xTaskGetSchedulerState == 1 ) || ( configUSE_TIMERS == 1 ) )
 1088              		.loc 1 748 2 view .LVU335
 1089 0010 022D     		cmp	r5, #2
 1090 0012 20D1     		bne	.L76
 748:Middlewares/Third_Party/FreeRTOS/Source/queue.c **** 	#if ( ( INCLUDE_xTaskGetSchedulerState == 1 ) || ( configUSE_TIMERS == 1 ) )
 1091              		.loc 1 748 2 is_stmt 0 discriminator 2 view .LVU336
 1092 0014 E36B     		ldr	r3, [r4, #60]
 1093 0016 012B     		cmp	r3, #1
 1094 0018 1DD0     		beq	.L76
 748:Middlewares/Third_Party/FreeRTOS/Source/queue.c **** 	#if ( ( INCLUDE_xTaskGetSchedulerState == 1 ) || ( configUSE_TIMERS == 1 ) )
 1095              		.loc 1 748 2 is_stmt 1 discriminator 7 view .LVU337
 1096              	.LBB122:
 1097              	.LBI122:
 193:Middlewares/Third_Party/FreeRTOS/Source/portable/GCC/ARM_CM3/portmacro.h **** {
 1098              		.loc 2 193 30 view .LVU338
 1099              	.LBB123:
 195:Middlewares/Third_Party/FreeRTOS/Source/portable/GCC/ARM_CM3/portmacro.h **** 
 1100              		.loc 2 195 1 view .LVU339
 1101              		.loc 2 197 2 view .LVU340
 1102              		.syntax unified
 1103              	@ 197 "Middlewares/Third_Party/FreeRTOS/Source/portable/GCC/ARM_CM3/portmacro.h" 1
 1104 001a 4FF05003 			mov r3, #80												
 1105 001e 83F31188 		msr basepri, r3											
ARM GAS  D:\software\msy64\tmp\ccpcBi2W.s 			page 70


 1106 0022 BFF36F8F 		isb														
 1107 0026 BFF34F8F 		dsb														
 1108              	
 1109              	@ 0 "" 2
 1110              		.thumb
 1111              		.syntax unified
 1112              	.L77:
 1113              	.LBE123:
 1114              	.LBE122:
 748:Middlewares/Third_Party/FreeRTOS/Source/queue.c **** 	#if ( ( INCLUDE_xTaskGetSchedulerState == 1 ) || ( configUSE_TIMERS == 1 ) )
 1115              		.loc 1 748 2 discriminator 9 view .LVU341
 748:Middlewares/Third_Party/FreeRTOS/Source/queue.c **** 	#if ( ( INCLUDE_xTaskGetSchedulerState == 1 ) || ( configUSE_TIMERS == 1 ) )
 1116              		.loc 1 748 2 discriminator 9 view .LVU342
 1117 002a FEE7     		b	.L77
 1118              	.LVL91:
 1119              	.L95:
 746:Middlewares/Third_Party/FreeRTOS/Source/queue.c **** 	configASSERT( !( ( pvItemToQueue == NULL ) && ( pxQueue->uxItemSize != ( UBaseType_t ) 0U ) ) );
 1120              		.loc 1 746 2 discriminator 1 view .LVU343
 1121              	.LBB124:
 1122              	.LBI124:
 193:Middlewares/Third_Party/FreeRTOS/Source/portable/GCC/ARM_CM3/portmacro.h **** {
 1123              		.loc 2 193 30 view .LVU344
 1124              	.LBB125:
 195:Middlewares/Third_Party/FreeRTOS/Source/portable/GCC/ARM_CM3/portmacro.h **** 
 1125              		.loc 2 195 1 view .LVU345
 1126              		.loc 2 197 2 view .LVU346
 1127              		.syntax unified
 1128              	@ 197 "Middlewares/Third_Party/FreeRTOS/Source/portable/GCC/ARM_CM3/portmacro.h" 1
 1129 002c 4FF05003 			mov r3, #80												
 1130 0030 83F31188 		msr basepri, r3											
 1131 0034 BFF36F8F 		isb														
 1132 0038 BFF34F8F 		dsb														
 1133              	
 1134              	@ 0 "" 2
 1135              	.LVL92:
 1136              		.thumb
 1137              		.syntax unified
 1138              	.L73:
 1139              		.loc 2 197 2 is_stmt 0 view .LVU347
 1140              	.LBE125:
 1141              	.LBE124:
 746:Middlewares/Third_Party/FreeRTOS/Source/queue.c **** 	configASSERT( !( ( pvItemToQueue == NULL ) && ( pxQueue->uxItemSize != ( UBaseType_t ) 0U ) ) );
 1142              		.loc 1 746 2 is_stmt 1 discriminator 3 view .LVU348
 746:Middlewares/Third_Party/FreeRTOS/Source/queue.c **** 	configASSERT( !( ( pvItemToQueue == NULL ) && ( pxQueue->uxItemSize != ( UBaseType_t ) 0U ) ) );
 1143              		.loc 1 746 2 discriminator 3 view .LVU349
 1144 003c FEE7     		b	.L73
 1145              	.LVL93:
 1146              	.L96:
 747:Middlewares/Third_Party/FreeRTOS/Source/queue.c **** 	configASSERT( !( ( xCopyPosition == queueOVERWRITE ) && ( pxQueue->uxLength != 1 ) ) );
 1147              		.loc 1 747 2 is_stmt 0 discriminator 2 view .LVU350
 1148 003e 036C     		ldr	r3, [r0, #64]
 1149              	.LVL94:
 747:Middlewares/Third_Party/FreeRTOS/Source/queue.c **** 	configASSERT( !( ( xCopyPosition == queueOVERWRITE ) && ( pxQueue->uxLength != 1 ) ) );
 1150              		.loc 1 747 2 discriminator 2 view .LVU351
 1151 0040 002B     		cmp	r3, #0
 1152 0042 E5D0     		beq	.L74
 747:Middlewares/Third_Party/FreeRTOS/Source/queue.c **** 	configASSERT( !( ( xCopyPosition == queueOVERWRITE ) && ( pxQueue->uxLength != 1 ) ) );
ARM GAS  D:\software\msy64\tmp\ccpcBi2W.s 			page 71


 1153              		.loc 1 747 2 is_stmt 1 discriminator 7 view .LVU352
 1154              	.LBB126:
 1155              	.LBI126:
 193:Middlewares/Third_Party/FreeRTOS/Source/portable/GCC/ARM_CM3/portmacro.h **** {
 1156              		.loc 2 193 30 view .LVU353
 1157              	.LBB127:
 195:Middlewares/Third_Party/FreeRTOS/Source/portable/GCC/ARM_CM3/portmacro.h **** 
 1158              		.loc 2 195 1 view .LVU354
 1159              		.loc 2 197 2 view .LVU355
 1160              		.syntax unified
 1161              	@ 197 "Middlewares/Third_Party/FreeRTOS/Source/portable/GCC/ARM_CM3/portmacro.h" 1
 1162 0044 4FF05003 			mov r3, #80												
 1163 0048 83F31188 		msr basepri, r3											
 1164 004c BFF36F8F 		isb														
 1165 0050 BFF34F8F 		dsb														
 1166              	
 1167              	@ 0 "" 2
 1168              		.thumb
 1169              		.syntax unified
 1170              	.L75:
 1171              	.LBE127:
 1172              	.LBE126:
 747:Middlewares/Third_Party/FreeRTOS/Source/queue.c **** 	configASSERT( !( ( xCopyPosition == queueOVERWRITE ) && ( pxQueue->uxLength != 1 ) ) );
 1173              		.loc 1 747 2 discriminator 9 view .LVU356
 747:Middlewares/Third_Party/FreeRTOS/Source/queue.c **** 	configASSERT( !( ( xCopyPosition == queueOVERWRITE ) && ( pxQueue->uxLength != 1 ) ) );
 1174              		.loc 1 747 2 discriminator 9 view .LVU357
 1175 0054 FEE7     		b	.L75
 1176              	.L76:
 748:Middlewares/Third_Party/FreeRTOS/Source/queue.c **** 	#if ( ( INCLUDE_xTaskGetSchedulerState == 1 ) || ( configUSE_TIMERS == 1 ) )
 1177              		.loc 1 748 88 discriminator 8 view .LVU358
 751:Middlewares/Third_Party/FreeRTOS/Source/queue.c **** 	}
 1178              		.loc 1 751 3 view .LVU359
 1179 0056 FFF7FEFF 		bl	xTaskGetSchedulerState
 1180              	.LVL95:
 751:Middlewares/Third_Party/FreeRTOS/Source/queue.c **** 	}
 1181              		.loc 1 751 3 is_stmt 0 discriminator 1 view .LVU360
 1182 005a 0646     		mov	r6, r0
 1183 005c 58B9     		cbnz	r0, .L93
 751:Middlewares/Third_Party/FreeRTOS/Source/queue.c **** 	}
 1184              		.loc 1 751 3 discriminator 2 view .LVU361
 1185 005e 019B     		ldr	r3, [sp, #4]
 1186 0060 002B     		cmp	r3, #0
 1187 0062 48D0     		beq	.L80
 751:Middlewares/Third_Party/FreeRTOS/Source/queue.c **** 	}
 1188              		.loc 1 751 3 is_stmt 1 discriminator 7 view .LVU362
 1189              	.LBB128:
 1190              	.LBI128:
 193:Middlewares/Third_Party/FreeRTOS/Source/portable/GCC/ARM_CM3/portmacro.h **** {
 1191              		.loc 2 193 30 view .LVU363
 1192              	.LBB129:
 195:Middlewares/Third_Party/FreeRTOS/Source/portable/GCC/ARM_CM3/portmacro.h **** 
 1193              		.loc 2 195 1 view .LVU364
 1194              		.loc 2 197 2 view .LVU365
 1195              		.syntax unified
 1196              	@ 197 "Middlewares/Third_Party/FreeRTOS/Source/portable/GCC/ARM_CM3/portmacro.h" 1
 1197 0064 4FF05003 			mov r3, #80												
 1198 0068 83F31188 		msr basepri, r3											
ARM GAS  D:\software\msy64\tmp\ccpcBi2W.s 			page 72


 1199 006c BFF36F8F 		isb														
 1200 0070 BFF34F8F 		dsb														
 1201              	
 1202              	@ 0 "" 2
 1203              		.thumb
 1204              		.syntax unified
 1205              	.L79:
 1206              	.LBE129:
 1207              	.LBE128:
 751:Middlewares/Third_Party/FreeRTOS/Source/queue.c **** 	}
 1208              		.loc 1 751 3 discriminator 9 view .LVU366
 751:Middlewares/Third_Party/FreeRTOS/Source/queue.c **** 	}
 1209              		.loc 1 751 3 discriminator 9 view .LVU367
 1210 0074 FEE7     		b	.L79
 1211              	.L93:
 1212 0076 0026     		movs	r6, #0
 1213 0078 3DE0     		b	.L80
 1214              	.LVL96:
 1215              	.L81:
 769:Middlewares/Third_Party/FreeRTOS/Source/queue.c **** 
 1216              		.loc 1 769 31 view .LVU368
 833:Middlewares/Third_Party/FreeRTOS/Source/queue.c **** 
 1217              		.loc 1 833 6 view .LVU369
 833:Middlewares/Third_Party/FreeRTOS/Source/queue.c **** 
 1218              		.loc 1 833 23 is_stmt 0 view .LVU370
 1219 007a 2A46     		mov	r2, r5
 1220 007c 3946     		mov	r1, r7
 1221 007e 2046     		mov	r0, r4
 1222 0080 FFF7FEFF 		bl	prvCopyDataToQueue
 1223              	.LVL97:
 837:Middlewares/Third_Party/FreeRTOS/Source/queue.c **** 					{
 1224              		.loc 1 837 6 is_stmt 1 view .LVU371
 837:Middlewares/Third_Party/FreeRTOS/Source/queue.c **** 					{
 1225              		.loc 1 837 10 is_stmt 0 view .LVU372
 1226 0084 636A     		ldr	r3, [r4, #36]
 837:Middlewares/Third_Party/FreeRTOS/Source/queue.c **** 					{
 1227              		.loc 1 837 8 view .LVU373
 1228 0086 7BB9     		cbnz	r3, .L97
 852:Middlewares/Third_Party/FreeRTOS/Source/queue.c **** 					{
 1229              		.loc 1 852 11 is_stmt 1 view .LVU374
 852:Middlewares/Third_Party/FreeRTOS/Source/queue.c **** 					{
 1230              		.loc 1 852 13 is_stmt 0 view .LVU375
 1231 0088 48B1     		cbz	r0, .L84
 858:Middlewares/Third_Party/FreeRTOS/Source/queue.c **** 					}
 1232              		.loc 1 858 7 is_stmt 1 view .LVU376
 1233 008a 4FF0E023 		mov	r3, #-536813568
 1234 008e 4FF08052 		mov	r2, #268435456
 1235 0092 C3F8042D 		str	r2, [r3, #3332]
 858:Middlewares/Third_Party/FreeRTOS/Source/queue.c **** 					}
 1236              		.loc 1 858 7 view .LVU377
 1237              		.syntax unified
 1238              	@ 858 "Middlewares/Third_Party/FreeRTOS/Source/queue.c" 1
 1239 0096 BFF34F8F 		dsb
 1240              	@ 0 "" 2
 858:Middlewares/Third_Party/FreeRTOS/Source/queue.c **** 					}
 1241              		.loc 1 858 7 view .LVU378
 1242              	@ 858 "Middlewares/Third_Party/FreeRTOS/Source/queue.c" 1
ARM GAS  D:\software\msy64\tmp\ccpcBi2W.s 			page 73


 1243 009a BFF36F8F 		isb
 1244              	@ 0 "" 2
 858:Middlewares/Third_Party/FreeRTOS/Source/queue.c **** 					}
 1245              		.loc 1 858 39 view .LVU379
 1246              	.LVL98:
 1247              		.thumb
 1248              		.syntax unified
 1249              	.L84:
 862:Middlewares/Third_Party/FreeRTOS/Source/queue.c **** 					}
 1250              		.loc 1 862 31 view .LVU380
 867:Middlewares/Third_Party/FreeRTOS/Source/queue.c **** 				return pdPASS;
 1251              		.loc 1 867 5 view .LVU381
 1252 009e FFF7FEFF 		bl	vPortExitCritical
 1253              	.LVL99:
 868:Middlewares/Third_Party/FreeRTOS/Source/queue.c **** 			}
 1254              		.loc 1 868 5 view .LVU382
 868:Middlewares/Third_Party/FreeRTOS/Source/queue.c **** 			}
 1255              		.loc 1 868 12 is_stmt 0 view .LVU383
 1256 00a2 0120     		movs	r0, #1
 1257              	.LVL100:
 1258              	.L71:
 947:Middlewares/Third_Party/FreeRTOS/Source/queue.c **** /*-----------------------------------------------------------*/
 1259              		.loc 1 947 1 view .LVU384
 1260 00a4 05B0     		add	sp, sp, #20
 1261              	.LCFI15:
 1262              		.cfi_remember_state
 1263              		.cfi_def_cfa_offset 20
 1264              		@ sp needed
 1265 00a6 F0BD     		pop	{r4, r5, r6, r7, pc}
 1266              	.LVL101:
 1267              	.L97:
 1268              	.LCFI16:
 1269              		.cfi_restore_state
 839:Middlewares/Third_Party/FreeRTOS/Source/queue.c **** 						{
 1270              		.loc 1 839 7 is_stmt 1 view .LVU385
 839:Middlewares/Third_Party/FreeRTOS/Source/queue.c **** 						{
 1271              		.loc 1 839 11 is_stmt 0 view .LVU386
 1272 00a8 04F12400 		add	r0, r4, #36
 1273              	.LVL102:
 839:Middlewares/Third_Party/FreeRTOS/Source/queue.c **** 						{
 1274              		.loc 1 839 11 view .LVU387
 1275 00ac FFF7FEFF 		bl	xTaskRemoveFromEventList
 1276              	.LVL103:
 839:Middlewares/Third_Party/FreeRTOS/Source/queue.c **** 						{
 1277              		.loc 1 839 9 discriminator 1 view .LVU388
 1278 00b0 0028     		cmp	r0, #0
 1279 00b2 F4D0     		beq	.L84
 845:Middlewares/Third_Party/FreeRTOS/Source/queue.c **** 						}
 1280              		.loc 1 845 8 is_stmt 1 view .LVU389
 1281 00b4 4FF0E023 		mov	r3, #-536813568
 1282 00b8 4FF08052 		mov	r2, #268435456
 1283 00bc C3F8042D 		str	r2, [r3, #3332]
 845:Middlewares/Third_Party/FreeRTOS/Source/queue.c **** 						}
 1284              		.loc 1 845 8 view .LVU390
 1285              		.syntax unified
 1286              	@ 845 "Middlewares/Third_Party/FreeRTOS/Source/queue.c" 1
 1287 00c0 BFF34F8F 		dsb
ARM GAS  D:\software\msy64\tmp\ccpcBi2W.s 			page 74


 1288              	@ 0 "" 2
 845:Middlewares/Third_Party/FreeRTOS/Source/queue.c **** 						}
 1289              		.loc 1 845 8 view .LVU391
 1290              	@ 845 "Middlewares/Third_Party/FreeRTOS/Source/queue.c" 1
 1291 00c4 BFF36F8F 		isb
 1292              	@ 0 "" 2
 845:Middlewares/Third_Party/FreeRTOS/Source/queue.c **** 						}
 1293              		.loc 1 845 40 view .LVU392
 1294              		.thumb
 1295              		.syntax unified
 1296 00c8 E9E7     		b	.L84
 1297              	.LVL104:
 1298              	.L98:
 876:Middlewares/Third_Party/FreeRTOS/Source/queue.c **** 
 1299              		.loc 1 876 6 view .LVU393
 1300 00ca FFF7FEFF 		bl	vPortExitCritical
 1301              	.LVL105:
 880:Middlewares/Third_Party/FreeRTOS/Source/queue.c **** 					return errQUEUE_FULL;
 1302              		.loc 1 880 39 view .LVU394
 881:Middlewares/Third_Party/FreeRTOS/Source/queue.c **** 				}
 1303              		.loc 1 881 6 view .LVU395
 881:Middlewares/Third_Party/FreeRTOS/Source/queue.c **** 				}
 1304              		.loc 1 881 13 is_stmt 0 view .LVU396
 1305 00ce 0020     		movs	r0, #0
 1306 00d0 E8E7     		b	.L71
 1307              	.L99:
 887:Middlewares/Third_Party/FreeRTOS/Source/queue.c **** 					xEntryTimeSet = pdTRUE;
 1308              		.loc 1 887 6 is_stmt 1 view .LVU397
 1309 00d2 02A8     		add	r0, sp, #8
 1310 00d4 FFF7FEFF 		bl	vTaskInternalSetTimeOutState
 1311              	.LVL106:
 888:Middlewares/Third_Party/FreeRTOS/Source/queue.c **** 				}
 1312              		.loc 1 888 6 view .LVU398
 888:Middlewares/Third_Party/FreeRTOS/Source/queue.c **** 				}
 1313              		.loc 1 888 20 is_stmt 0 view .LVU399
 1314 00d8 0126     		movs	r6, #1
 1315 00da 19E0     		b	.L87
 1316              	.LVL107:
 1317              	.L100:
 903:Middlewares/Third_Party/FreeRTOS/Source/queue.c **** 
 1318              		.loc 1 903 3 is_stmt 1 discriminator 1 view .LVU400
 1319 00dc 0023     		movs	r3, #0
 1320 00de 84F84430 		strb	r3, [r4, #68]
 1321 00e2 21E0     		b	.L88
 1322              	.L101:
 903:Middlewares/Third_Party/FreeRTOS/Source/queue.c **** 
 1323              		.loc 1 903 3 discriminator 4 view .LVU401
 1324 00e4 0023     		movs	r3, #0
 1325 00e6 84F84530 		strb	r3, [r4, #69]
 1326 00ea 23E0     		b	.L89
 1327              	.L91:
 933:Middlewares/Third_Party/FreeRTOS/Source/queue.c **** 				( void ) xTaskResumeAll();
 1328              		.loc 1 933 5 view .LVU402
 1329 00ec 2046     		mov	r0, r4
 1330 00ee FFF7FEFF 		bl	prvUnlockQueue
 1331              	.LVL108:
 934:Middlewares/Third_Party/FreeRTOS/Source/queue.c **** 			}
ARM GAS  D:\software\msy64\tmp\ccpcBi2W.s 			page 75


 1332              		.loc 1 934 5 view .LVU403
 934:Middlewares/Third_Party/FreeRTOS/Source/queue.c **** 			}
 1333              		.loc 1 934 14 is_stmt 0 view .LVU404
 1334 00f2 FFF7FEFF 		bl	xTaskResumeAll
 1335              	.LVL109:
 1336              	.L80:
 751:Middlewares/Third_Party/FreeRTOS/Source/queue.c **** 	}
 1337              		.loc 1 751 104 is_stmt 1 discriminator 8 view .LVU405
 759:Middlewares/Third_Party/FreeRTOS/Source/queue.c **** 	{
 1338              		.loc 1 759 2 view .LVU406
 761:Middlewares/Third_Party/FreeRTOS/Source/queue.c **** 		{
 1339              		.loc 1 761 3 view .LVU407
 1340 00f6 FFF7FEFF 		bl	vPortEnterCritical
 1341              	.LVL110:
 767:Middlewares/Third_Party/FreeRTOS/Source/queue.c **** 			{
 1342              		.loc 1 767 4 view .LVU408
 767:Middlewares/Third_Party/FreeRTOS/Source/queue.c **** 			{
 1343              		.loc 1 767 17 is_stmt 0 view .LVU409
 1344 00fa A26B     		ldr	r2, [r4, #56]
 767:Middlewares/Third_Party/FreeRTOS/Source/queue.c **** 			{
 1345              		.loc 1 767 46 view .LVU410
 1346 00fc E36B     		ldr	r3, [r4, #60]
 767:Middlewares/Third_Party/FreeRTOS/Source/queue.c **** 			{
 1347              		.loc 1 767 6 view .LVU411
 1348 00fe 9A42     		cmp	r2, r3
 1349 0100 BBD3     		bcc	.L81
 767:Middlewares/Third_Party/FreeRTOS/Source/queue.c **** 			{
 1350              		.loc 1 767 59 discriminator 1 view .LVU412
 1351 0102 022D     		cmp	r5, #2
 1352 0104 B9D0     		beq	.L81
 872:Middlewares/Third_Party/FreeRTOS/Source/queue.c **** 				{
 1353              		.loc 1 872 5 is_stmt 1 view .LVU413
 872:Middlewares/Third_Party/FreeRTOS/Source/queue.c **** 				{
 1354              		.loc 1 872 22 is_stmt 0 view .LVU414
 1355 0106 019B     		ldr	r3, [sp, #4]
 872:Middlewares/Third_Party/FreeRTOS/Source/queue.c **** 				{
 1356              		.loc 1 872 7 view .LVU415
 1357 0108 002B     		cmp	r3, #0
 1358 010a DED0     		beq	.L98
 883:Middlewares/Third_Party/FreeRTOS/Source/queue.c **** 				{
 1359              		.loc 1 883 10 is_stmt 1 view .LVU416
 883:Middlewares/Third_Party/FreeRTOS/Source/queue.c **** 				{
 1360              		.loc 1 883 12 is_stmt 0 view .LVU417
 1361 010c 002E     		cmp	r6, #0
 1362 010e E0D0     		beq	.L99
 1363              	.LVL111:
 1364              	.L87:
 893:Middlewares/Third_Party/FreeRTOS/Source/queue.c **** 				}
 1365              		.loc 1 893 30 is_stmt 1 view .LVU418
 897:Middlewares/Third_Party/FreeRTOS/Source/queue.c **** 
 1366              		.loc 1 897 3 view .LVU419
 1367 0110 FFF7FEFF 		bl	vPortExitCritical
 1368              	.LVL112:
 902:Middlewares/Third_Party/FreeRTOS/Source/queue.c **** 		prvLockQueue( pxQueue );
 1369              		.loc 1 902 3 view .LVU420
 1370 0114 FFF7FEFF 		bl	vTaskSuspendAll
 1371              	.LVL113:
ARM GAS  D:\software\msy64\tmp\ccpcBi2W.s 			page 76


 903:Middlewares/Third_Party/FreeRTOS/Source/queue.c **** 
 1372              		.loc 1 903 3 view .LVU421
 1373 0118 FFF7FEFF 		bl	vPortEnterCritical
 1374              	.LVL114:
 903:Middlewares/Third_Party/FreeRTOS/Source/queue.c **** 
 1375              		.loc 1 903 3 discriminator 1 view .LVU422
 1376 011c 94F84420 		ldrb	r2, [r4, #68]	@ zero_extendqisi2
 1377 0120 52B2     		sxtb	r2, r2
 1378 0122 B2F1FF3F 		cmp	r2, #-1
 1379 0126 D9D0     		beq	.L100
 1380              	.L88:
 903:Middlewares/Third_Party/FreeRTOS/Source/queue.c **** 
 1381              		.loc 1 903 3 discriminator 3 view .LVU423
 1382 0128 94F84520 		ldrb	r2, [r4, #69]	@ zero_extendqisi2
 1383 012c 52B2     		sxtb	r2, r2
 1384 012e B2F1FF3F 		cmp	r2, #-1
 1385 0132 D7D0     		beq	.L101
 1386              	.L89:
 903:Middlewares/Third_Party/FreeRTOS/Source/queue.c **** 
 1387              		.loc 1 903 3 discriminator 6 view .LVU424
 1388 0134 FFF7FEFF 		bl	vPortExitCritical
 1389              	.LVL115:
 906:Middlewares/Third_Party/FreeRTOS/Source/queue.c **** 		{
 1390              		.loc 1 906 3 view .LVU425
 906:Middlewares/Third_Party/FreeRTOS/Source/queue.c **** 		{
 1391              		.loc 1 906 7 is_stmt 0 view .LVU426
 1392 0138 01A9     		add	r1, sp, #4
 1393 013a 02A8     		add	r0, sp, #8
 1394 013c FFF7FEFF 		bl	xTaskCheckForTimeOut
 1395              	.LVL116:
 906:Middlewares/Third_Party/FreeRTOS/Source/queue.c **** 		{
 1396              		.loc 1 906 5 discriminator 1 view .LVU427
 1397 0140 D8B9     		cbnz	r0, .L90
 908:Middlewares/Third_Party/FreeRTOS/Source/queue.c **** 			{
 1398              		.loc 1 908 4 is_stmt 1 view .LVU428
 908:Middlewares/Third_Party/FreeRTOS/Source/queue.c **** 			{
 1399              		.loc 1 908 8 is_stmt 0 view .LVU429
 1400 0142 2046     		mov	r0, r4
 1401 0144 FFF7FEFF 		bl	prvIsQueueFull
 1402              	.LVL117:
 908:Middlewares/Third_Party/FreeRTOS/Source/queue.c **** 			{
 1403              		.loc 1 908 6 discriminator 1 view .LVU430
 1404 0148 0028     		cmp	r0, #0
 1405 014a CFD0     		beq	.L91
 910:Middlewares/Third_Party/FreeRTOS/Source/queue.c **** 				vTaskPlaceOnEventList( &( pxQueue->xTasksWaitingToSend ), xTicksToWait );
 1406              		.loc 1 910 43 is_stmt 1 view .LVU431
 911:Middlewares/Third_Party/FreeRTOS/Source/queue.c **** 
 1407              		.loc 1 911 5 view .LVU432
 1408 014c 0199     		ldr	r1, [sp, #4]
 1409 014e 04F11000 		add	r0, r4, #16
 1410 0152 FFF7FEFF 		bl	vTaskPlaceOnEventList
 1411              	.LVL118:
 918:Middlewares/Third_Party/FreeRTOS/Source/queue.c **** 
 1412              		.loc 1 918 5 view .LVU433
 1413 0156 2046     		mov	r0, r4
 1414 0158 FFF7FEFF 		bl	prvUnlockQueue
 1415              	.LVL119:
ARM GAS  D:\software\msy64\tmp\ccpcBi2W.s 			page 77


 925:Middlewares/Third_Party/FreeRTOS/Source/queue.c **** 				{
 1416              		.loc 1 925 5 view .LVU434
 925:Middlewares/Third_Party/FreeRTOS/Source/queue.c **** 				{
 1417              		.loc 1 925 9 is_stmt 0 view .LVU435
 1418 015c FFF7FEFF 		bl	xTaskResumeAll
 1419              	.LVL120:
 925:Middlewares/Third_Party/FreeRTOS/Source/queue.c **** 				{
 1420              		.loc 1 925 7 discriminator 1 view .LVU436
 1421 0160 0028     		cmp	r0, #0
 1422 0162 C8D1     		bne	.L80
 927:Middlewares/Third_Party/FreeRTOS/Source/queue.c **** 				}
 1423              		.loc 1 927 6 is_stmt 1 view .LVU437
 1424 0164 4FF0E023 		mov	r3, #-536813568
 1425 0168 4FF08052 		mov	r2, #268435456
 1426 016c C3F8042D 		str	r2, [r3, #3332]
 927:Middlewares/Third_Party/FreeRTOS/Source/queue.c **** 				}
 1427              		.loc 1 927 6 view .LVU438
 1428              		.syntax unified
 1429              	@ 927 "Middlewares/Third_Party/FreeRTOS/Source/queue.c" 1
 1430 0170 BFF34F8F 		dsb
 1431              	@ 0 "" 2
 927:Middlewares/Third_Party/FreeRTOS/Source/queue.c **** 				}
 1432              		.loc 1 927 6 view .LVU439
 1433              	@ 927 "Middlewares/Third_Party/FreeRTOS/Source/queue.c" 1
 1434 0174 BFF36F8F 		isb
 1435              	@ 0 "" 2
 1436              		.thumb
 1437              		.syntax unified
 1438 0178 BDE7     		b	.L80
 1439              	.L90:
 940:Middlewares/Third_Party/FreeRTOS/Source/queue.c **** 			( void ) xTaskResumeAll();
 1440              		.loc 1 940 4 view .LVU440
 1441 017a 2046     		mov	r0, r4
 1442 017c FFF7FEFF 		bl	prvUnlockQueue
 1443              	.LVL121:
 941:Middlewares/Third_Party/FreeRTOS/Source/queue.c **** 
 1444              		.loc 1 941 4 view .LVU441
 941:Middlewares/Third_Party/FreeRTOS/Source/queue.c **** 
 1445              		.loc 1 941 13 is_stmt 0 view .LVU442
 1446 0180 FFF7FEFF 		bl	xTaskResumeAll
 1447              	.LVL122:
 943:Middlewares/Third_Party/FreeRTOS/Source/queue.c **** 			return errQUEUE_FULL;
 1448              		.loc 1 943 37 is_stmt 1 view .LVU443
 944:Middlewares/Third_Party/FreeRTOS/Source/queue.c **** 		}
 1449              		.loc 1 944 4 view .LVU444
 944:Middlewares/Third_Party/FreeRTOS/Source/queue.c **** 		}
 1450              		.loc 1 944 11 is_stmt 0 view .LVU445
 1451 0184 0020     		movs	r0, #0
 1452 0186 8DE7     		b	.L71
 1453              		.cfi_endproc
 1454              	.LFE12:
 1456              		.section	.text.prvInitialiseMutex,"ax",%progbits
 1457              		.align	1
 1458              		.syntax unified
 1459              		.thumb
 1460              		.thumb_func
 1462              	prvInitialiseMutex:
ARM GAS  D:\software\msy64\tmp\ccpcBi2W.s 			page 78


 1463              	.LVL123:
 1464              	.LFB9:
 467:Middlewares/Third_Party/FreeRTOS/Source/queue.c **** 		if( pxNewQueue != NULL )
 1465              		.loc 1 467 2 is_stmt 1 view -0
 1466              		.cfi_startproc
 1467              		@ args = 0, pretend = 0, frame = 0
 1468              		@ frame_needed = 0, uses_anonymous_args = 0
 468:Middlewares/Third_Party/FreeRTOS/Source/queue.c **** 		{
 1469              		.loc 1 468 3 view .LVU447
 468:Middlewares/Third_Party/FreeRTOS/Source/queue.c **** 		{
 1470              		.loc 1 468 5 is_stmt 0 view .LVU448
 1471 0000 48B1     		cbz	r0, .L105
 467:Middlewares/Third_Party/FreeRTOS/Source/queue.c **** 		if( pxNewQueue != NULL )
 1472              		.loc 1 467 2 view .LVU449
 1473 0002 08B5     		push	{r3, lr}
 1474              	.LCFI17:
 1475              		.cfi_def_cfa_offset 8
 1476              		.cfi_offset 3, -8
 1477              		.cfi_offset 14, -4
 474:Middlewares/Third_Party/FreeRTOS/Source/queue.c **** 			pxNewQueue->uxQueueType = queueQUEUE_IS_MUTEX;
 1478              		.loc 1 474 4 is_stmt 1 view .LVU450
 474:Middlewares/Third_Party/FreeRTOS/Source/queue.c **** 			pxNewQueue->uxQueueType = queueQUEUE_IS_MUTEX;
 1479              		.loc 1 474 42 is_stmt 0 view .LVU451
 1480 0004 0021     		movs	r1, #0
 1481 0006 8160     		str	r1, [r0, #8]
 475:Middlewares/Third_Party/FreeRTOS/Source/queue.c **** 
 1482              		.loc 1 475 4 is_stmt 1 view .LVU452
 475:Middlewares/Third_Party/FreeRTOS/Source/queue.c **** 
 1483              		.loc 1 475 28 is_stmt 0 view .LVU453
 1484 0008 0160     		str	r1, [r0]
 478:Middlewares/Third_Party/FreeRTOS/Source/queue.c **** 
 1485              		.loc 1 478 4 is_stmt 1 view .LVU454
 478:Middlewares/Third_Party/FreeRTOS/Source/queue.c **** 
 1486              		.loc 1 478 50 is_stmt 0 view .LVU455
 1487 000a C160     		str	r1, [r0, #12]
 480:Middlewares/Third_Party/FreeRTOS/Source/queue.c **** 
 1488              		.loc 1 480 35 is_stmt 1 view .LVU456
 483:Middlewares/Third_Party/FreeRTOS/Source/queue.c **** 		}
 1489              		.loc 1 483 4 view .LVU457
 483:Middlewares/Third_Party/FreeRTOS/Source/queue.c **** 		}
 1490              		.loc 1 483 13 is_stmt 0 view .LVU458
 1491 000c 0B46     		mov	r3, r1
 1492 000e 0A46     		mov	r2, r1
 1493 0010 FFF7FEFF 		bl	xQueueGenericSend
 1494              	.LVL124:
 487:Middlewares/Third_Party/FreeRTOS/Source/queue.c **** 		}
 1495              		.loc 1 487 30 is_stmt 1 view .LVU459
 489:Middlewares/Third_Party/FreeRTOS/Source/queue.c **** 
 1496              		.loc 1 489 2 is_stmt 0 view .LVU460
 1497 0014 08BD     		pop	{r3, pc}
 1498              	.LVL125:
 1499              	.L105:
 1500              	.LCFI18:
 1501              		.cfi_def_cfa_offset 0
 1502              		.cfi_restore 3
 1503              		.cfi_restore 14
 489:Middlewares/Third_Party/FreeRTOS/Source/queue.c **** 
ARM GAS  D:\software\msy64\tmp\ccpcBi2W.s 			page 79


 1504              		.loc 1 489 2 view .LVU461
 1505 0016 7047     		bx	lr
 1506              		.cfi_endproc
 1507              	.LFE9:
 1509              		.section	.text.xQueueCreateMutex,"ax",%progbits
 1510              		.align	1
 1511              		.global	xQueueCreateMutex
 1512              		.syntax unified
 1513              		.thumb
 1514              		.thumb_func
 1516              	xQueueCreateMutex:
 1517              	.LVL126:
 1518              	.LFB10:
 497:Middlewares/Third_Party/FreeRTOS/Source/queue.c **** 	QueueHandle_t xNewQueue;
 1519              		.loc 1 497 2 is_stmt 1 view -0
 1520              		.cfi_startproc
 1521              		@ args = 0, pretend = 0, frame = 0
 1522              		@ frame_needed = 0, uses_anonymous_args = 0
 497:Middlewares/Third_Party/FreeRTOS/Source/queue.c **** 	QueueHandle_t xNewQueue;
 1523              		.loc 1 497 2 is_stmt 0 view .LVU463
 1524 0000 10B5     		push	{r4, lr}
 1525              	.LCFI19:
 1526              		.cfi_def_cfa_offset 8
 1527              		.cfi_offset 4, -8
 1528              		.cfi_offset 14, -4
 1529 0002 0246     		mov	r2, r0
 498:Middlewares/Third_Party/FreeRTOS/Source/queue.c **** 	const UBaseType_t uxMutexLength = ( UBaseType_t ) 1, uxMutexSize = ( UBaseType_t ) 0;
 1530              		.loc 1 498 2 is_stmt 1 view .LVU464
 499:Middlewares/Third_Party/FreeRTOS/Source/queue.c **** 
 1531              		.loc 1 499 2 view .LVU465
 1532              	.LVL127:
 501:Middlewares/Third_Party/FreeRTOS/Source/queue.c **** 		prvInitialiseMutex( ( Queue_t * ) xNewQueue );
 1533              		.loc 1 501 3 view .LVU466
 501:Middlewares/Third_Party/FreeRTOS/Source/queue.c **** 		prvInitialiseMutex( ( Queue_t * ) xNewQueue );
 1534              		.loc 1 501 15 is_stmt 0 view .LVU467
 1535 0004 0021     		movs	r1, #0
 1536 0006 0120     		movs	r0, #1
 1537              	.LVL128:
 501:Middlewares/Third_Party/FreeRTOS/Source/queue.c **** 		prvInitialiseMutex( ( Queue_t * ) xNewQueue );
 1538              		.loc 1 501 15 view .LVU468
 1539 0008 FFF7FEFF 		bl	xQueueGenericCreate
 1540              	.LVL129:
 501:Middlewares/Third_Party/FreeRTOS/Source/queue.c **** 		prvInitialiseMutex( ( Queue_t * ) xNewQueue );
 1541              		.loc 1 501 15 view .LVU469
 1542 000c 0446     		mov	r4, r0
 1543              	.LVL130:
 502:Middlewares/Third_Party/FreeRTOS/Source/queue.c **** 
 1544              		.loc 1 502 3 is_stmt 1 view .LVU470
 1545 000e FFF7FEFF 		bl	prvInitialiseMutex
 1546              	.LVL131:
 504:Middlewares/Third_Party/FreeRTOS/Source/queue.c **** 	}
 1547              		.loc 1 504 3 view .LVU471
 505:Middlewares/Third_Party/FreeRTOS/Source/queue.c **** 
 1548              		.loc 1 505 2 is_stmt 0 view .LVU472
 1549 0012 2046     		mov	r0, r4
 1550 0014 10BD     		pop	{r4, pc}
 505:Middlewares/Third_Party/FreeRTOS/Source/queue.c **** 
ARM GAS  D:\software\msy64\tmp\ccpcBi2W.s 			page 80


 1551              		.loc 1 505 2 view .LVU473
 1552              		.cfi_endproc
 1553              	.LFE10:
 1555              		.section	.text.xQueueCreateMutexStatic,"ax",%progbits
 1556              		.align	1
 1557              		.global	xQueueCreateMutexStatic
 1558              		.syntax unified
 1559              		.thumb
 1560              		.thumb_func
 1562              	xQueueCreateMutexStatic:
 1563              	.LVL132:
 1564              	.LFB11:
 513:Middlewares/Third_Party/FreeRTOS/Source/queue.c **** 	QueueHandle_t xNewQueue;
 1565              		.loc 1 513 2 is_stmt 1 view -0
 1566              		.cfi_startproc
 1567              		@ args = 0, pretend = 0, frame = 0
 1568              		@ frame_needed = 0, uses_anonymous_args = 0
 513:Middlewares/Third_Party/FreeRTOS/Source/queue.c **** 	QueueHandle_t xNewQueue;
 1569              		.loc 1 513 2 is_stmt 0 view .LVU475
 1570 0000 10B5     		push	{r4, lr}
 1571              	.LCFI20:
 1572              		.cfi_def_cfa_offset 8
 1573              		.cfi_offset 4, -8
 1574              		.cfi_offset 14, -4
 1575 0002 82B0     		sub	sp, sp, #8
 1576              	.LCFI21:
 1577              		.cfi_def_cfa_offset 16
 1578 0004 0B46     		mov	r3, r1
 514:Middlewares/Third_Party/FreeRTOS/Source/queue.c **** 	const UBaseType_t uxMutexLength = ( UBaseType_t ) 1, uxMutexSize = ( UBaseType_t ) 0;
 1579              		.loc 1 514 2 is_stmt 1 view .LVU476
 515:Middlewares/Third_Party/FreeRTOS/Source/queue.c **** 
 1580              		.loc 1 515 2 view .LVU477
 1581              	.LVL133:
 519:Middlewares/Third_Party/FreeRTOS/Source/queue.c **** 
 1582              		.loc 1 519 3 view .LVU478
 521:Middlewares/Third_Party/FreeRTOS/Source/queue.c **** 		prvInitialiseMutex( ( Queue_t * ) xNewQueue );
 1583              		.loc 1 521 3 view .LVU479
 521:Middlewares/Third_Party/FreeRTOS/Source/queue.c **** 		prvInitialiseMutex( ( Queue_t * ) xNewQueue );
 1584              		.loc 1 521 15 is_stmt 0 view .LVU480
 1585 0006 0090     		str	r0, [sp]
 1586 0008 0022     		movs	r2, #0
 1587 000a 1146     		mov	r1, r2
 1588              	.LVL134:
 521:Middlewares/Third_Party/FreeRTOS/Source/queue.c **** 		prvInitialiseMutex( ( Queue_t * ) xNewQueue );
 1589              		.loc 1 521 15 view .LVU481
 1590 000c 0120     		movs	r0, #1
 1591              	.LVL135:
 521:Middlewares/Third_Party/FreeRTOS/Source/queue.c **** 		prvInitialiseMutex( ( Queue_t * ) xNewQueue );
 1592              		.loc 1 521 15 view .LVU482
 1593 000e FFF7FEFF 		bl	xQueueGenericCreateStatic
 1594              	.LVL136:
 521:Middlewares/Third_Party/FreeRTOS/Source/queue.c **** 		prvInitialiseMutex( ( Queue_t * ) xNewQueue );
 1595              		.loc 1 521 15 view .LVU483
 1596 0012 0446     		mov	r4, r0
 1597              	.LVL137:
 522:Middlewares/Third_Party/FreeRTOS/Source/queue.c **** 
 1598              		.loc 1 522 3 is_stmt 1 view .LVU484
ARM GAS  D:\software\msy64\tmp\ccpcBi2W.s 			page 81


 1599 0014 FFF7FEFF 		bl	prvInitialiseMutex
 1600              	.LVL138:
 524:Middlewares/Third_Party/FreeRTOS/Source/queue.c **** 	}
 1601              		.loc 1 524 3 view .LVU485
 525:Middlewares/Third_Party/FreeRTOS/Source/queue.c **** 
 1602              		.loc 1 525 2 is_stmt 0 view .LVU486
 1603 0018 2046     		mov	r0, r4
 1604 001a 02B0     		add	sp, sp, #8
 1605              	.LCFI22:
 1606              		.cfi_def_cfa_offset 8
 1607              		@ sp needed
 1608 001c 10BD     		pop	{r4, pc}
 525:Middlewares/Third_Party/FreeRTOS/Source/queue.c **** 
 1609              		.loc 1 525 2 view .LVU487
 1610              		.cfi_endproc
 1611              	.LFE11:
 1613              		.section	.text.xQueueGenericSendFromISR,"ax",%progbits
 1614              		.align	1
 1615              		.global	xQueueGenericSendFromISR
 1616              		.syntax unified
 1617              		.thumb
 1618              		.thumb_func
 1620              	xQueueGenericSendFromISR:
 1621              	.LVL139:
 1622              	.LFB13:
 951:Middlewares/Third_Party/FreeRTOS/Source/queue.c **** BaseType_t xReturn;
 1623              		.loc 1 951 1 is_stmt 1 view -0
 1624              		.cfi_startproc
 1625              		@ args = 0, pretend = 0, frame = 0
 1626              		@ frame_needed = 0, uses_anonymous_args = 0
 951:Middlewares/Third_Party/FreeRTOS/Source/queue.c **** BaseType_t xReturn;
 1627              		.loc 1 951 1 is_stmt 0 view .LVU489
 1628 0000 2DE9F843 		push	{r3, r4, r5, r6, r7, r8, r9, lr}
 1629              	.LCFI23:
 1630              		.cfi_def_cfa_offset 32
 1631              		.cfi_offset 3, -32
 1632              		.cfi_offset 4, -28
 1633              		.cfi_offset 5, -24
 1634              		.cfi_offset 6, -20
 1635              		.cfi_offset 7, -16
 1636              		.cfi_offset 8, -12
 1637              		.cfi_offset 9, -8
 1638              		.cfi_offset 14, -4
 952:Middlewares/Third_Party/FreeRTOS/Source/queue.c **** UBaseType_t uxSavedInterruptStatus;
 1639              		.loc 1 952 1 is_stmt 1 view .LVU490
 953:Middlewares/Third_Party/FreeRTOS/Source/queue.c **** Queue_t * const pxQueue = xQueue;
 1640              		.loc 1 953 1 view .LVU491
 954:Middlewares/Third_Party/FreeRTOS/Source/queue.c **** 
 1641              		.loc 1 954 1 view .LVU492
 1642              	.LVL140:
 956:Middlewares/Third_Party/FreeRTOS/Source/queue.c **** 	configASSERT( !( ( pvItemToQueue == NULL ) && ( pxQueue->uxItemSize != ( UBaseType_t ) 0U ) ) );
 1643              		.loc 1 956 2 view .LVU493
 1644 0004 90B1     		cbz	r0, .L127
 1645 0006 0F46     		mov	r7, r1
 1646 0008 1646     		mov	r6, r2
 1647 000a 1C46     		mov	r4, r3
 1648 000c 0546     		mov	r5, r0
ARM GAS  D:\software\msy64\tmp\ccpcBi2W.s 			page 82


 956:Middlewares/Third_Party/FreeRTOS/Source/queue.c **** 	configASSERT( !( ( pvItemToQueue == NULL ) && ( pxQueue->uxItemSize != ( UBaseType_t ) 0U ) ) );
 1649              		.loc 1 956 25 discriminator 2 view .LVU494
 957:Middlewares/Third_Party/FreeRTOS/Source/queue.c **** 	configASSERT( !( ( xCopyPosition == queueOVERWRITE ) && ( pxQueue->uxLength != 1 ) ) );
 1650              		.loc 1 957 2 view .LVU495
 1651 000e B1B1     		cbz	r1, .L128
 1652              	.LVL141:
 1653              	.L115:
 957:Middlewares/Third_Party/FreeRTOS/Source/queue.c **** 	configASSERT( !( ( xCopyPosition == queueOVERWRITE ) && ( pxQueue->uxLength != 1 ) ) );
 1654              		.loc 1 957 97 discriminator 8 view .LVU496
 958:Middlewares/Third_Party/FreeRTOS/Source/queue.c **** 
 1655              		.loc 1 958 2 view .LVU497
 1656 0010 022C     		cmp	r4, #2
 1657 0012 20D1     		bne	.L117
 958:Middlewares/Third_Party/FreeRTOS/Source/queue.c **** 
 1658              		.loc 1 958 2 is_stmt 0 discriminator 2 view .LVU498
 1659 0014 EB6B     		ldr	r3, [r5, #60]
 1660 0016 012B     		cmp	r3, #1
 1661 0018 1DD0     		beq	.L117
 958:Middlewares/Third_Party/FreeRTOS/Source/queue.c **** 
 1662              		.loc 1 958 2 is_stmt 1 discriminator 7 view .LVU499
 1663              	.LBB130:
 1664              	.LBI130:
 193:Middlewares/Third_Party/FreeRTOS/Source/portable/GCC/ARM_CM3/portmacro.h **** {
 1665              		.loc 2 193 30 view .LVU500
 1666              	.LBB131:
 195:Middlewares/Third_Party/FreeRTOS/Source/portable/GCC/ARM_CM3/portmacro.h **** 
 1667              		.loc 2 195 1 view .LVU501
 1668              		.loc 2 197 2 view .LVU502
 1669              		.syntax unified
 1670              	@ 197 "Middlewares/Third_Party/FreeRTOS/Source/portable/GCC/ARM_CM3/portmacro.h" 1
 1671 001a 4FF05003 			mov r3, #80												
 1672 001e 83F31188 		msr basepri, r3											
 1673 0022 BFF36F8F 		isb														
 1674 0026 BFF34F8F 		dsb														
 1675              	
 1676              	@ 0 "" 2
 1677              		.thumb
 1678              		.syntax unified
 1679              	.L118:
 1680              	.LBE131:
 1681              	.LBE130:
 958:Middlewares/Third_Party/FreeRTOS/Source/queue.c **** 
 1682              		.loc 1 958 2 discriminator 9 view .LVU503
 958:Middlewares/Third_Party/FreeRTOS/Source/queue.c **** 
 1683              		.loc 1 958 2 discriminator 9 view .LVU504
 1684 002a FEE7     		b	.L118
 1685              	.LVL142:
 1686              	.L127:
 956:Middlewares/Third_Party/FreeRTOS/Source/queue.c **** 	configASSERT( !( ( pvItemToQueue == NULL ) && ( pxQueue->uxItemSize != ( UBaseType_t ) 0U ) ) );
 1687              		.loc 1 956 2 discriminator 1 view .LVU505
 1688              	.LBB132:
 1689              	.LBI132:
 193:Middlewares/Third_Party/FreeRTOS/Source/portable/GCC/ARM_CM3/portmacro.h **** {
 1690              		.loc 2 193 30 view .LVU506
 1691              	.LBB133:
 195:Middlewares/Third_Party/FreeRTOS/Source/portable/GCC/ARM_CM3/portmacro.h **** 
 1692              		.loc 2 195 1 view .LVU507
ARM GAS  D:\software\msy64\tmp\ccpcBi2W.s 			page 83


 1693              		.loc 2 197 2 view .LVU508
 1694              		.syntax unified
 1695              	@ 197 "Middlewares/Third_Party/FreeRTOS/Source/portable/GCC/ARM_CM3/portmacro.h" 1
 1696 002c 4FF05003 			mov r3, #80												
 1697 0030 83F31188 		msr basepri, r3											
 1698 0034 BFF36F8F 		isb														
 1699 0038 BFF34F8F 		dsb														
 1700              	
 1701              	@ 0 "" 2
 1702              	.LVL143:
 1703              		.thumb
 1704              		.syntax unified
 1705              	.L114:
 1706              		.loc 2 197 2 is_stmt 0 view .LVU509
 1707              	.LBE133:
 1708              	.LBE132:
 956:Middlewares/Third_Party/FreeRTOS/Source/queue.c **** 	configASSERT( !( ( pvItemToQueue == NULL ) && ( pxQueue->uxItemSize != ( UBaseType_t ) 0U ) ) );
 1709              		.loc 1 956 2 is_stmt 1 discriminator 3 view .LVU510
 956:Middlewares/Third_Party/FreeRTOS/Source/queue.c **** 	configASSERT( !( ( pvItemToQueue == NULL ) && ( pxQueue->uxItemSize != ( UBaseType_t ) 0U ) ) );
 1710              		.loc 1 956 2 discriminator 3 view .LVU511
 1711 003c FEE7     		b	.L114
 1712              	.LVL144:
 1713              	.L128:
 957:Middlewares/Third_Party/FreeRTOS/Source/queue.c **** 	configASSERT( !( ( xCopyPosition == queueOVERWRITE ) && ( pxQueue->uxLength != 1 ) ) );
 1714              		.loc 1 957 2 is_stmt 0 discriminator 2 view .LVU512
 1715 003e 036C     		ldr	r3, [r0, #64]
 1716              	.LVL145:
 957:Middlewares/Third_Party/FreeRTOS/Source/queue.c **** 	configASSERT( !( ( xCopyPosition == queueOVERWRITE ) && ( pxQueue->uxLength != 1 ) ) );
 1717              		.loc 1 957 2 discriminator 2 view .LVU513
 1718 0040 002B     		cmp	r3, #0
 1719 0042 E5D0     		beq	.L115
 957:Middlewares/Third_Party/FreeRTOS/Source/queue.c **** 	configASSERT( !( ( xCopyPosition == queueOVERWRITE ) && ( pxQueue->uxLength != 1 ) ) );
 1720              		.loc 1 957 2 is_stmt 1 discriminator 7 view .LVU514
 1721              	.LBB134:
 1722              	.LBI134:
 193:Middlewares/Third_Party/FreeRTOS/Source/portable/GCC/ARM_CM3/portmacro.h **** {
 1723              		.loc 2 193 30 view .LVU515
 1724              	.LBB135:
 195:Middlewares/Third_Party/FreeRTOS/Source/portable/GCC/ARM_CM3/portmacro.h **** 
 1725              		.loc 2 195 1 view .LVU516
 1726              		.loc 2 197 2 view .LVU517
 1727              		.syntax unified
 1728              	@ 197 "Middlewares/Third_Party/FreeRTOS/Source/portable/GCC/ARM_CM3/portmacro.h" 1
 1729 0044 4FF05003 			mov r3, #80												
 1730 0048 83F31188 		msr basepri, r3											
 1731 004c BFF36F8F 		isb														
 1732 0050 BFF34F8F 		dsb														
 1733              	
 1734              	@ 0 "" 2
 1735              		.thumb
 1736              		.syntax unified
 1737              	.L116:
 1738              	.LBE135:
 1739              	.LBE134:
 957:Middlewares/Third_Party/FreeRTOS/Source/queue.c **** 	configASSERT( !( ( xCopyPosition == queueOVERWRITE ) && ( pxQueue->uxLength != 1 ) ) );
 1740              		.loc 1 957 2 discriminator 9 view .LVU518
 957:Middlewares/Third_Party/FreeRTOS/Source/queue.c **** 	configASSERT( !( ( xCopyPosition == queueOVERWRITE ) && ( pxQueue->uxLength != 1 ) ) );
ARM GAS  D:\software\msy64\tmp\ccpcBi2W.s 			page 84


 1741              		.loc 1 957 2 discriminator 9 view .LVU519
 1742 0054 FEE7     		b	.L116
 1743              	.L117:
 958:Middlewares/Third_Party/FreeRTOS/Source/queue.c **** 
 1744              		.loc 1 958 88 discriminator 8 view .LVU520
 974:Middlewares/Third_Party/FreeRTOS/Source/queue.c **** 
 1745              		.loc 1 974 2 view .LVU521
 1746 0056 FFF7FEFF 		bl	vPortValidateInterruptPriority
 1747              	.LVL146:
 981:Middlewares/Third_Party/FreeRTOS/Source/queue.c **** 	{
 1748              		.loc 1 981 2 view .LVU522
 1749              	.LBB136:
 1750              	.LBI136:
 198:Middlewares/Third_Party/FreeRTOS/Source/portable/GCC/ARM_CM3/portmacro.h **** 	(
 199:Middlewares/Third_Party/FreeRTOS/Source/portable/GCC/ARM_CM3/portmacro.h **** 		"	mov %0, %1												\n" \
 200:Middlewares/Third_Party/FreeRTOS/Source/portable/GCC/ARM_CM3/portmacro.h **** 		"	msr basepri, %0											\n" \
 201:Middlewares/Third_Party/FreeRTOS/Source/portable/GCC/ARM_CM3/portmacro.h **** 		"	isb														\n" \
 202:Middlewares/Third_Party/FreeRTOS/Source/portable/GCC/ARM_CM3/portmacro.h **** 		"	dsb														\n" \
 203:Middlewares/Third_Party/FreeRTOS/Source/portable/GCC/ARM_CM3/portmacro.h **** 		:"=r" (ulNewBASEPRI) : "i" ( configMAX_SYSCALL_INTERRUPT_PRIORITY ) : "memory"
 204:Middlewares/Third_Party/FreeRTOS/Source/portable/GCC/ARM_CM3/portmacro.h **** 	);
 205:Middlewares/Third_Party/FreeRTOS/Source/portable/GCC/ARM_CM3/portmacro.h **** }
 206:Middlewares/Third_Party/FreeRTOS/Source/portable/GCC/ARM_CM3/portmacro.h **** 
 207:Middlewares/Third_Party/FreeRTOS/Source/portable/GCC/ARM_CM3/portmacro.h **** /*-----------------------------------------------------------*/
 208:Middlewares/Third_Party/FreeRTOS/Source/portable/GCC/ARM_CM3/portmacro.h **** 
 209:Middlewares/Third_Party/FreeRTOS/Source/portable/GCC/ARM_CM3/portmacro.h **** portFORCE_INLINE static uint32_t ulPortRaiseBASEPRI( void )
 1751              		.loc 2 209 34 view .LVU523
 1752              	.LBB137:
 210:Middlewares/Third_Party/FreeRTOS/Source/portable/GCC/ARM_CM3/portmacro.h **** {
 211:Middlewares/Third_Party/FreeRTOS/Source/portable/GCC/ARM_CM3/portmacro.h **** uint32_t ulOriginalBASEPRI, ulNewBASEPRI;
 1753              		.loc 2 211 1 view .LVU524
 212:Middlewares/Third_Party/FreeRTOS/Source/portable/GCC/ARM_CM3/portmacro.h **** 
 213:Middlewares/Third_Party/FreeRTOS/Source/portable/GCC/ARM_CM3/portmacro.h **** 	__asm volatile
 1754              		.loc 2 213 2 view .LVU525
 1755              		.syntax unified
 1756              	@ 213 "Middlewares/Third_Party/FreeRTOS/Source/portable/GCC/ARM_CM3/portmacro.h" 1
 1757 005a EFF31188 			mrs r8, basepri											
 1758 005e 4FF05003 		mov r3, #80												
 1759 0062 83F31188 		msr basepri, r3											
 1760 0066 BFF36F8F 		isb														
 1761 006a BFF34F8F 		dsb														
 1762              	
 1763              	@ 0 "" 2
 1764              	.LVL147:
 214:Middlewares/Third_Party/FreeRTOS/Source/portable/GCC/ARM_CM3/portmacro.h **** 	(
 215:Middlewares/Third_Party/FreeRTOS/Source/portable/GCC/ARM_CM3/portmacro.h **** 		"	mrs %0, basepri											\n" \
 216:Middlewares/Third_Party/FreeRTOS/Source/portable/GCC/ARM_CM3/portmacro.h **** 		"	mov %1, %2												\n" \
 217:Middlewares/Third_Party/FreeRTOS/Source/portable/GCC/ARM_CM3/portmacro.h **** 		"	msr basepri, %1											\n" \
 218:Middlewares/Third_Party/FreeRTOS/Source/portable/GCC/ARM_CM3/portmacro.h **** 		"	isb														\n" \
 219:Middlewares/Third_Party/FreeRTOS/Source/portable/GCC/ARM_CM3/portmacro.h **** 		"	dsb														\n" \
 220:Middlewares/Third_Party/FreeRTOS/Source/portable/GCC/ARM_CM3/portmacro.h **** 		:"=r" (ulOriginalBASEPRI), "=r" (ulNewBASEPRI) : "i" ( configMAX_SYSCALL_INTERRUPT_PRIORITY ) : "
 221:Middlewares/Third_Party/FreeRTOS/Source/portable/GCC/ARM_CM3/portmacro.h **** 	);
 222:Middlewares/Third_Party/FreeRTOS/Source/portable/GCC/ARM_CM3/portmacro.h **** 
 223:Middlewares/Third_Party/FreeRTOS/Source/portable/GCC/ARM_CM3/portmacro.h **** 	/* This return will not be reached but is necessary to prevent compiler
 224:Middlewares/Third_Party/FreeRTOS/Source/portable/GCC/ARM_CM3/portmacro.h **** 	warnings. */
 225:Middlewares/Third_Party/FreeRTOS/Source/portable/GCC/ARM_CM3/portmacro.h **** 	return ulOriginalBASEPRI;
 1765              		.loc 2 225 2 view .LVU526
 1766              		.loc 2 225 2 is_stmt 0 view .LVU527
ARM GAS  D:\software\msy64\tmp\ccpcBi2W.s 			page 85


 1767              		.thumb
 1768              		.syntax unified
 1769              	.LBE137:
 1770              	.LBE136:
 983:Middlewares/Third_Party/FreeRTOS/Source/queue.c **** 		{
 1771              		.loc 1 983 3 is_stmt 1 view .LVU528
 983:Middlewares/Third_Party/FreeRTOS/Source/queue.c **** 		{
 1772              		.loc 1 983 16 is_stmt 0 view .LVU529
 1773 006e AA6B     		ldr	r2, [r5, #56]
 983:Middlewares/Third_Party/FreeRTOS/Source/queue.c **** 		{
 1774              		.loc 1 983 45 view .LVU530
 1775 0070 EB6B     		ldr	r3, [r5, #60]
 983:Middlewares/Third_Party/FreeRTOS/Source/queue.c **** 		{
 1776              		.loc 1 983 5 view .LVU531
 1777 0072 9A42     		cmp	r2, r3
 1778 0074 06D3     		bcc	.L119
 983:Middlewares/Third_Party/FreeRTOS/Source/queue.c **** 		{
 1779              		.loc 1 983 58 discriminator 1 view .LVU532
 1780 0076 022C     		cmp	r4, #2
 1781 0078 04D0     		beq	.L119
1103:Middlewares/Third_Party/FreeRTOS/Source/queue.c **** 		}
 1782              		.loc 1 1103 12 view .LVU533
 1783 007a 0020     		movs	r0, #0
 1784              	.L120:
 1785              	.LVL148:
1106:Middlewares/Third_Party/FreeRTOS/Source/queue.c **** 
 1786              		.loc 1 1106 2 is_stmt 1 view .LVU534
 1787              	.LBB138:
 1788              	.LBI138:
 226:Middlewares/Third_Party/FreeRTOS/Source/portable/GCC/ARM_CM3/portmacro.h **** }
 227:Middlewares/Third_Party/FreeRTOS/Source/portable/GCC/ARM_CM3/portmacro.h **** /*-----------------------------------------------------------*/
 228:Middlewares/Third_Party/FreeRTOS/Source/portable/GCC/ARM_CM3/portmacro.h **** 
 229:Middlewares/Third_Party/FreeRTOS/Source/portable/GCC/ARM_CM3/portmacro.h **** portFORCE_INLINE static void vPortSetBASEPRI( uint32_t ulNewMaskValue )
 1789              		.loc 2 229 30 view .LVU535
 1790              	.LBB139:
 230:Middlewares/Third_Party/FreeRTOS/Source/portable/GCC/ARM_CM3/portmacro.h **** {
 231:Middlewares/Third_Party/FreeRTOS/Source/portable/GCC/ARM_CM3/portmacro.h **** 	__asm volatile
 1791              		.loc 2 231 2 view .LVU536
 1792              		.syntax unified
 1793              	@ 231 "Middlewares/Third_Party/FreeRTOS/Source/portable/GCC/ARM_CM3/portmacro.h" 1
 1794 007c 88F31188 			msr basepri, r8	
 1795              	@ 0 "" 2
 1796              		.thumb
 1797              		.syntax unified
 1798              	.LBE139:
 1799              	.LBE138:
1108:Middlewares/Third_Party/FreeRTOS/Source/queue.c **** }
 1800              		.loc 1 1108 2 view .LVU537
1109:Middlewares/Third_Party/FreeRTOS/Source/queue.c **** /*-----------------------------------------------------------*/
 1801              		.loc 1 1109 1 is_stmt 0 view .LVU538
 1802 0080 BDE8F883 		pop	{r3, r4, r5, r6, r7, r8, r9, pc}
 1803              	.LVL149:
 1804              	.L119:
 1805              	.LBB140:
 985:Middlewares/Third_Party/FreeRTOS/Source/queue.c **** 			const UBaseType_t uxPreviousMessagesWaiting = pxQueue->uxMessagesWaiting;
 1806              		.loc 1 985 4 is_stmt 1 view .LVU539
 985:Middlewares/Third_Party/FreeRTOS/Source/queue.c **** 			const UBaseType_t uxPreviousMessagesWaiting = pxQueue->uxMessagesWaiting;
ARM GAS  D:\software\msy64\tmp\ccpcBi2W.s 			page 86


 1807              		.loc 1 985 17 is_stmt 0 view .LVU540
 1808 0084 95F84590 		ldrb	r9, [r5, #69]	@ zero_extendqisi2
 1809 0088 4FFA89F9 		sxtb	r9, r9
 1810              	.LVL150:
 986:Middlewares/Third_Party/FreeRTOS/Source/queue.c **** 
 1811              		.loc 1 986 4 is_stmt 1 view .LVU541
 986:Middlewares/Third_Party/FreeRTOS/Source/queue.c **** 
 1812              		.loc 1 986 22 is_stmt 0 view .LVU542
 1813 008c AB6B     		ldr	r3, [r5, #56]
 988:Middlewares/Third_Party/FreeRTOS/Source/queue.c **** 
 1814              		.loc 1 988 39 is_stmt 1 view .LVU543
 995:Middlewares/Third_Party/FreeRTOS/Source/queue.c **** 
 1815              		.loc 1 995 4 view .LVU544
 995:Middlewares/Third_Party/FreeRTOS/Source/queue.c **** 
 1816              		.loc 1 995 13 is_stmt 0 view .LVU545
 1817 008e 2246     		mov	r2, r4
 1818 0090 3946     		mov	r1, r7
 1819 0092 2846     		mov	r0, r5
 1820 0094 FFF7FEFF 		bl	prvCopyDataToQueue
 1821              	.LVL151:
 999:Middlewares/Third_Party/FreeRTOS/Source/queue.c **** 			{
 1822              		.loc 1 999 4 is_stmt 1 view .LVU546
 999:Middlewares/Third_Party/FreeRTOS/Source/queue.c **** 			{
 1823              		.loc 1 999 6 is_stmt 0 view .LVU547
 1824 0098 B9F1FF3F 		cmp	r9, #-1
 1825 009c 06D0     		beq	.L129
1095:Middlewares/Third_Party/FreeRTOS/Source/queue.c **** 			}
 1826              		.loc 1 1095 5 is_stmt 1 view .LVU548
1095:Middlewares/Third_Party/FreeRTOS/Source/queue.c **** 			}
 1827              		.loc 1 1095 45 is_stmt 0 view .LVU549
 1828 009e 09F10103 		add	r3, r9, #1
1095:Middlewares/Third_Party/FreeRTOS/Source/queue.c **** 			}
 1829              		.loc 1 1095 24 view .LVU550
 1830 00a2 5BB2     		sxtb	r3, r3
1095:Middlewares/Third_Party/FreeRTOS/Source/queue.c **** 			}
 1831              		.loc 1 1095 22 view .LVU551
 1832 00a4 85F84530 		strb	r3, [r5, #69]
1098:Middlewares/Third_Party/FreeRTOS/Source/queue.c **** 		}
 1833              		.loc 1 1098 12 view .LVU552
 1834 00a8 0120     		movs	r0, #1
 1835 00aa E7E7     		b	.L120
 1836              	.L129:
1061:Middlewares/Third_Party/FreeRTOS/Source/queue.c **** 					{
 1837              		.loc 1 1061 6 is_stmt 1 view .LVU553
1061:Middlewares/Third_Party/FreeRTOS/Source/queue.c **** 					{
 1838              		.loc 1 1061 10 is_stmt 0 view .LVU554
 1839 00ac 6B6A     		ldr	r3, [r5, #36]
1061:Middlewares/Third_Party/FreeRTOS/Source/queue.c **** 					{
 1840              		.loc 1 1061 8 view .LVU555
 1841 00ae 0BB9     		cbnz	r3, .L130
1098:Middlewares/Third_Party/FreeRTOS/Source/queue.c **** 		}
 1842              		.loc 1 1098 12 view .LVU556
 1843 00b0 0120     		movs	r0, #1
 1844 00b2 E3E7     		b	.L120
 1845              	.L130:
1063:Middlewares/Third_Party/FreeRTOS/Source/queue.c **** 						{
 1846              		.loc 1 1063 7 is_stmt 1 view .LVU557
ARM GAS  D:\software\msy64\tmp\ccpcBi2W.s 			page 87


1063:Middlewares/Third_Party/FreeRTOS/Source/queue.c **** 						{
 1847              		.loc 1 1063 11 is_stmt 0 view .LVU558
 1848 00b4 05F12400 		add	r0, r5, #36
 1849 00b8 FFF7FEFF 		bl	xTaskRemoveFromEventList
 1850              	.LVL152:
1063:Middlewares/Third_Party/FreeRTOS/Source/queue.c **** 						{
 1851              		.loc 1 1063 9 discriminator 1 view .LVU559
 1852 00bc 18B1     		cbz	r0, .L124
1067:Middlewares/Third_Party/FreeRTOS/Source/queue.c **** 							{
 1853              		.loc 1 1067 8 is_stmt 1 view .LVU560
1067:Middlewares/Third_Party/FreeRTOS/Source/queue.c **** 							{
 1854              		.loc 1 1067 10 is_stmt 0 view .LVU561
 1855 00be 26B1     		cbz	r6, .L125
1069:Middlewares/Third_Party/FreeRTOS/Source/queue.c **** 							}
 1856              		.loc 1 1069 9 is_stmt 1 view .LVU562
1069:Middlewares/Third_Party/FreeRTOS/Source/queue.c **** 							}
 1857              		.loc 1 1069 36 is_stmt 0 view .LVU563
 1858 00c0 0120     		movs	r0, #1
 1859 00c2 3060     		str	r0, [r6]
 1860 00c4 DAE7     		b	.L120
 1861              	.L124:
1098:Middlewares/Third_Party/FreeRTOS/Source/queue.c **** 		}
 1862              		.loc 1 1098 12 view .LVU564
 1863 00c6 0120     		movs	r0, #1
 1864 00c8 D8E7     		b	.L120
 1865              	.L125:
 1866 00ca 0120     		movs	r0, #1
 1867 00cc D6E7     		b	.L120
 1868              	.LBE140:
 1869              		.cfi_endproc
 1870              	.LFE13:
 1872              		.section	.text.xQueueGiveFromISR,"ax",%progbits
 1873              		.align	1
 1874              		.global	xQueueGiveFromISR
 1875              		.syntax unified
 1876              		.thumb
 1877              		.thumb_func
 1879              	xQueueGiveFromISR:
 1880              	.LVL153:
 1881              	.LFB14:
1113:Middlewares/Third_Party/FreeRTOS/Source/queue.c **** BaseType_t xReturn;
 1882              		.loc 1 1113 1 is_stmt 1 view -0
 1883              		.cfi_startproc
 1884              		@ args = 0, pretend = 0, frame = 0
 1885              		@ frame_needed = 0, uses_anonymous_args = 0
1114:Middlewares/Third_Party/FreeRTOS/Source/queue.c **** UBaseType_t uxSavedInterruptStatus;
 1886              		.loc 1 1114 1 view .LVU566
1115:Middlewares/Third_Party/FreeRTOS/Source/queue.c **** Queue_t * const pxQueue = xQueue;
 1887              		.loc 1 1115 1 view .LVU567
1116:Middlewares/Third_Party/FreeRTOS/Source/queue.c **** 
 1888              		.loc 1 1116 1 view .LVU568
1124:Middlewares/Third_Party/FreeRTOS/Source/queue.c **** 
 1889              		.loc 1 1124 2 view .LVU569
 1890 0000 68B1     		cbz	r0, .L146
1113:Middlewares/Third_Party/FreeRTOS/Source/queue.c **** BaseType_t xReturn;
 1891              		.loc 1 1113 1 is_stmt 0 view .LVU570
 1892 0002 70B5     		push	{r4, r5, r6, lr}
ARM GAS  D:\software\msy64\tmp\ccpcBi2W.s 			page 88


 1893              	.LCFI24:
 1894              		.cfi_def_cfa_offset 16
 1895              		.cfi_offset 4, -16
 1896              		.cfi_offset 5, -12
 1897              		.cfi_offset 6, -8
 1898              		.cfi_offset 14, -4
 1899 0004 0C46     		mov	r4, r1
 1900 0006 0546     		mov	r5, r0
1124:Middlewares/Third_Party/FreeRTOS/Source/queue.c **** 
 1901              		.loc 1 1124 25 is_stmt 1 discriminator 2 view .LVU571
1128:Middlewares/Third_Party/FreeRTOS/Source/queue.c **** 
 1902              		.loc 1 1128 2 view .LVU572
 1903 0008 036C     		ldr	r3, [r0, #64]
 1904 000a 8BB1     		cbz	r3, .L134
1128:Middlewares/Third_Party/FreeRTOS/Source/queue.c **** 
 1905              		.loc 1 1128 2 discriminator 1 view .LVU573
 1906              	.LBB141:
 1907              	.LBI141:
 193:Middlewares/Third_Party/FreeRTOS/Source/portable/GCC/ARM_CM3/portmacro.h **** {
 1908              		.loc 2 193 30 view .LVU574
 1909              	.LBB142:
 195:Middlewares/Third_Party/FreeRTOS/Source/portable/GCC/ARM_CM3/portmacro.h **** 
 1910              		.loc 2 195 1 view .LVU575
 197:Middlewares/Third_Party/FreeRTOS/Source/portable/GCC/ARM_CM3/portmacro.h **** 	(
 1911              		.loc 2 197 2 view .LVU576
 1912              		.syntax unified
 1913              	@ 197 "Middlewares/Third_Party/FreeRTOS/Source/portable/GCC/ARM_CM3/portmacro.h" 1
 1914 000c 4FF05003 			mov r3, #80												
 1915 0010 83F31188 		msr basepri, r3											
 1916 0014 BFF36F8F 		isb														
 1917 0018 BFF34F8F 		dsb														
 1918              	
 1919              	@ 0 "" 2
 1920              		.thumb
 1921              		.syntax unified
 1922              	.L135:
 1923              	.LBE142:
 1924              	.LBE141:
1128:Middlewares/Third_Party/FreeRTOS/Source/queue.c **** 
 1925              		.loc 1 1128 2 discriminator 3 view .LVU577
1128:Middlewares/Third_Party/FreeRTOS/Source/queue.c **** 
 1926              		.loc 1 1128 2 discriminator 3 view .LVU578
 1927 001c FEE7     		b	.L135
 1928              	.L146:
 1929              	.LCFI25:
 1930              		.cfi_def_cfa_offset 0
 1931              		.cfi_restore 4
 1932              		.cfi_restore 5
 1933              		.cfi_restore 6
 1934              		.cfi_restore 14
1124:Middlewares/Third_Party/FreeRTOS/Source/queue.c **** 
 1935              		.loc 1 1124 2 discriminator 1 view .LVU579
 1936              	.LBB143:
 1937              	.LBI143:
 193:Middlewares/Third_Party/FreeRTOS/Source/portable/GCC/ARM_CM3/portmacro.h **** {
 1938              		.loc 2 193 30 view .LVU580
 1939              	.LBB144:
ARM GAS  D:\software\msy64\tmp\ccpcBi2W.s 			page 89


 195:Middlewares/Third_Party/FreeRTOS/Source/portable/GCC/ARM_CM3/portmacro.h **** 
 1940              		.loc 2 195 1 view .LVU581
 197:Middlewares/Third_Party/FreeRTOS/Source/portable/GCC/ARM_CM3/portmacro.h **** 	(
 1941              		.loc 2 197 2 view .LVU582
 1942              		.syntax unified
 1943              	@ 197 "Middlewares/Third_Party/FreeRTOS/Source/portable/GCC/ARM_CM3/portmacro.h" 1
 1944 001e 4FF05003 			mov r3, #80												
 1945 0022 83F31188 		msr basepri, r3											
 1946 0026 BFF36F8F 		isb														
 1947 002a BFF34F8F 		dsb														
 1948              	
 1949              	@ 0 "" 2
 1950              		.thumb
 1951              		.syntax unified
 1952              	.L133:
 1953              	.LBE144:
 1954              	.LBE143:
1124:Middlewares/Third_Party/FreeRTOS/Source/queue.c **** 
 1955              		.loc 1 1124 2 discriminator 3 view .LVU583
1124:Middlewares/Third_Party/FreeRTOS/Source/queue.c **** 
 1956              		.loc 1 1124 2 discriminator 3 view .LVU584
 1957 002e FEE7     		b	.L133
 1958              	.L134:
 1959              	.LCFI26:
 1960              		.cfi_def_cfa_offset 16
 1961              		.cfi_offset 4, -16
 1962              		.cfi_offset 5, -12
 1963              		.cfi_offset 6, -8
 1964              		.cfi_offset 14, -4
1128:Middlewares/Third_Party/FreeRTOS/Source/queue.c **** 
 1965              		.loc 1 1128 42 discriminator 2 view .LVU585
1133:Middlewares/Third_Party/FreeRTOS/Source/queue.c **** 
 1966              		.loc 1 1133 2 view .LVU586
 1967 0030 0368     		ldr	r3, [r0]
 1968 0032 EBB1     		cbz	r3, .L147
 1969              	.L136:
1133:Middlewares/Third_Party/FreeRTOS/Source/queue.c **** 
 1970              		.loc 1 1133 120 discriminator 8 view .LVU587
1149:Middlewares/Third_Party/FreeRTOS/Source/queue.c **** 
 1971              		.loc 1 1149 2 view .LVU588
 1972 0034 FFF7FEFF 		bl	vPortValidateInterruptPriority
 1973              	.LVL154:
1151:Middlewares/Third_Party/FreeRTOS/Source/queue.c **** 	{
 1974              		.loc 1 1151 2 view .LVU589
 1975              	.LBB145:
 1976              	.LBI145:
 209:Middlewares/Third_Party/FreeRTOS/Source/portable/GCC/ARM_CM3/portmacro.h **** {
 1977              		.loc 2 209 34 view .LVU590
 1978              	.LBB146:
 211:Middlewares/Third_Party/FreeRTOS/Source/portable/GCC/ARM_CM3/portmacro.h **** 
 1979              		.loc 2 211 1 view .LVU591
 213:Middlewares/Third_Party/FreeRTOS/Source/portable/GCC/ARM_CM3/portmacro.h **** 	(
 1980              		.loc 2 213 2 view .LVU592
 1981              		.syntax unified
 1982              	@ 213 "Middlewares/Third_Party/FreeRTOS/Source/portable/GCC/ARM_CM3/portmacro.h" 1
 1983 0038 EFF31186 			mrs r6, basepri											
 1984 003c 4FF05003 		mov r3, #80												
ARM GAS  D:\software\msy64\tmp\ccpcBi2W.s 			page 90


 1985 0040 83F31188 		msr basepri, r3											
 1986 0044 BFF36F8F 		isb														
 1987 0048 BFF34F8F 		dsb														
 1988              	
 1989              	@ 0 "" 2
 1990              	.LVL155:
 225:Middlewares/Third_Party/FreeRTOS/Source/portable/GCC/ARM_CM3/portmacro.h **** }
 1991              		.loc 2 225 2 view .LVU593
 225:Middlewares/Third_Party/FreeRTOS/Source/portable/GCC/ARM_CM3/portmacro.h **** }
 1992              		.loc 2 225 2 is_stmt 0 view .LVU594
 1993              		.thumb
 1994              		.syntax unified
 1995              	.LBE146:
 1996              	.LBE145:
 1997              	.LBB147:
1153:Middlewares/Third_Party/FreeRTOS/Source/queue.c **** 
 1998              		.loc 1 1153 3 is_stmt 1 view .LVU595
1153:Middlewares/Third_Party/FreeRTOS/Source/queue.c **** 
 1999              		.loc 1 1153 21 is_stmt 0 view .LVU596
 2000 004c AA6B     		ldr	r2, [r5, #56]
 2001              	.LVL156:
1158:Middlewares/Third_Party/FreeRTOS/Source/queue.c **** 		{
 2002              		.loc 1 1158 3 is_stmt 1 view .LVU597
1158:Middlewares/Third_Party/FreeRTOS/Source/queue.c **** 		{
 2003              		.loc 1 1158 34 is_stmt 0 view .LVU598
 2004 004e EB6B     		ldr	r3, [r5, #60]
1158:Middlewares/Third_Party/FreeRTOS/Source/queue.c **** 		{
 2005              		.loc 1 1158 5 view .LVU599
 2006 0050 9342     		cmp	r3, r2
 2007 0052 26D9     		bls	.L140
 2008              	.LBB148:
1160:Middlewares/Third_Party/FreeRTOS/Source/queue.c **** 
 2009              		.loc 1 1160 4 is_stmt 1 view .LVU600
1160:Middlewares/Third_Party/FreeRTOS/Source/queue.c **** 
 2010              		.loc 1 1160 17 is_stmt 0 view .LVU601
 2011 0054 95F84530 		ldrb	r3, [r5, #69]	@ zero_extendqisi2
 2012 0058 5BB2     		sxtb	r3, r3
 2013              	.LVL157:
1162:Middlewares/Third_Party/FreeRTOS/Source/queue.c **** 
 2014              		.loc 1 1162 39 is_stmt 1 view .LVU602
1170:Middlewares/Third_Party/FreeRTOS/Source/queue.c **** 
 2015              		.loc 1 1170 4 view .LVU603
1170:Middlewares/Third_Party/FreeRTOS/Source/queue.c **** 
 2016              		.loc 1 1170 51 is_stmt 0 view .LVU604
 2017 005a 0132     		adds	r2, r2, #1
 2018              	.LVL158:
1170:Middlewares/Third_Party/FreeRTOS/Source/queue.c **** 
 2019              		.loc 1 1170 31 view .LVU605
 2020 005c AA63     		str	r2, [r5, #56]
1174:Middlewares/Third_Party/FreeRTOS/Source/queue.c **** 			{
 2021              		.loc 1 1174 4 is_stmt 1 view .LVU606
1174:Middlewares/Third_Party/FreeRTOS/Source/queue.c **** 			{
 2022              		.loc 1 1174 6 is_stmt 0 view .LVU607
 2023 005e B3F1FF3F 		cmp	r3, #-1
 2024 0062 11D0     		beq	.L148
1260:Middlewares/Third_Party/FreeRTOS/Source/queue.c **** 			}
 2025              		.loc 1 1260 5 is_stmt 1 view .LVU608
ARM GAS  D:\software\msy64\tmp\ccpcBi2W.s 			page 91


1260:Middlewares/Third_Party/FreeRTOS/Source/queue.c **** 			}
 2026              		.loc 1 1260 45 is_stmt 0 view .LVU609
 2027 0064 0133     		adds	r3, r3, #1
 2028              	.LVL159:
1260:Middlewares/Third_Party/FreeRTOS/Source/queue.c **** 			}
 2029              		.loc 1 1260 24 view .LVU610
 2030 0066 5BB2     		sxtb	r3, r3
 2031              	.LVL160:
1260:Middlewares/Third_Party/FreeRTOS/Source/queue.c **** 			}
 2032              		.loc 1 1260 22 view .LVU611
 2033 0068 85F84530 		strb	r3, [r5, #69]
1263:Middlewares/Third_Party/FreeRTOS/Source/queue.c **** 		}
 2034              		.loc 1 1263 12 view .LVU612
 2035 006c 0120     		movs	r0, #1
 2036 006e 19E0     		b	.L138
 2037              	.LVL161:
 2038              	.L147:
1263:Middlewares/Third_Party/FreeRTOS/Source/queue.c **** 		}
 2039              		.loc 1 1263 12 view .LVU613
 2040              	.LBE148:
 2041              	.LBE147:
1133:Middlewares/Third_Party/FreeRTOS/Source/queue.c **** 
 2042              		.loc 1 1133 2 discriminator 2 view .LVU614
 2043 0070 8368     		ldr	r3, [r0, #8]
 2044 0072 002B     		cmp	r3, #0
 2045 0074 DED0     		beq	.L136
1133:Middlewares/Third_Party/FreeRTOS/Source/queue.c **** 
 2046              		.loc 1 1133 2 is_stmt 1 discriminator 7 view .LVU615
 2047              	.LBB151:
 2048              	.LBI151:
 193:Middlewares/Third_Party/FreeRTOS/Source/portable/GCC/ARM_CM3/portmacro.h **** {
 2049              		.loc 2 193 30 view .LVU616
 2050              	.LBB152:
 195:Middlewares/Third_Party/FreeRTOS/Source/portable/GCC/ARM_CM3/portmacro.h **** 
 2051              		.loc 2 195 1 view .LVU617
 197:Middlewares/Third_Party/FreeRTOS/Source/portable/GCC/ARM_CM3/portmacro.h **** 	(
 2052              		.loc 2 197 2 view .LVU618
 2053              		.syntax unified
 2054              	@ 197 "Middlewares/Third_Party/FreeRTOS/Source/portable/GCC/ARM_CM3/portmacro.h" 1
 2055 0076 4FF05003 			mov r3, #80												
 2056 007a 83F31188 		msr basepri, r3											
 2057 007e BFF36F8F 		isb														
 2058 0082 BFF34F8F 		dsb														
 2059              	
 2060              	@ 0 "" 2
 2061              		.thumb
 2062              		.syntax unified
 2063              	.L137:
 2064              	.LBE152:
 2065              	.LBE151:
1133:Middlewares/Third_Party/FreeRTOS/Source/queue.c **** 
 2066              		.loc 1 1133 2 discriminator 9 view .LVU619
1133:Middlewares/Third_Party/FreeRTOS/Source/queue.c **** 
 2067              		.loc 1 1133 2 discriminator 9 view .LVU620
 2068 0086 FEE7     		b	.L137
 2069              	.LVL162:
 2070              	.L148:
ARM GAS  D:\software\msy64\tmp\ccpcBi2W.s 			page 92


 2071              	.LBB153:
 2072              	.LBB149:
1229:Middlewares/Third_Party/FreeRTOS/Source/queue.c **** 					{
 2073              		.loc 1 1229 6 view .LVU621
1229:Middlewares/Third_Party/FreeRTOS/Source/queue.c **** 					{
 2074              		.loc 1 1229 10 is_stmt 0 view .LVU622
 2075 0088 6B6A     		ldr	r3, [r5, #36]
 2076              	.LVL163:
1229:Middlewares/Third_Party/FreeRTOS/Source/queue.c **** 					{
 2077              		.loc 1 1229 8 view .LVU623
 2078 008a 0BB9     		cbnz	r3, .L149
1263:Middlewares/Third_Party/FreeRTOS/Source/queue.c **** 		}
 2079              		.loc 1 1263 12 view .LVU624
 2080 008c 0120     		movs	r0, #1
 2081 008e 09E0     		b	.L138
 2082              	.L149:
1231:Middlewares/Third_Party/FreeRTOS/Source/queue.c **** 						{
 2083              		.loc 1 1231 7 is_stmt 1 view .LVU625
1231:Middlewares/Third_Party/FreeRTOS/Source/queue.c **** 						{
 2084              		.loc 1 1231 11 is_stmt 0 view .LVU626
 2085 0090 05F12400 		add	r0, r5, #36
 2086 0094 FFF7FEFF 		bl	xTaskRemoveFromEventList
 2087              	.LVL164:
1231:Middlewares/Third_Party/FreeRTOS/Source/queue.c **** 						{
 2088              		.loc 1 1231 9 discriminator 1 view .LVU627
 2089 0098 38B1     		cbz	r0, .L142
1235:Middlewares/Third_Party/FreeRTOS/Source/queue.c **** 							{
 2090              		.loc 1 1235 8 is_stmt 1 view .LVU628
1235:Middlewares/Third_Party/FreeRTOS/Source/queue.c **** 							{
 2091              		.loc 1 1235 10 is_stmt 0 view .LVU629
 2092 009a 44B1     		cbz	r4, .L143
1237:Middlewares/Third_Party/FreeRTOS/Source/queue.c **** 							}
 2093              		.loc 1 1237 9 is_stmt 1 view .LVU630
1237:Middlewares/Third_Party/FreeRTOS/Source/queue.c **** 							}
 2094              		.loc 1 1237 36 is_stmt 0 view .LVU631
 2095 009c 0120     		movs	r0, #1
 2096 009e 2060     		str	r0, [r4]
 2097 00a0 00E0     		b	.L138
 2098              	.LVL165:
 2099              	.L140:
1237:Middlewares/Third_Party/FreeRTOS/Source/queue.c **** 							}
 2100              		.loc 1 1237 36 view .LVU632
 2101              	.LBE149:
1268:Middlewares/Third_Party/FreeRTOS/Source/queue.c **** 		}
 2102              		.loc 1 1268 12 view .LVU633
 2103 00a2 0020     		movs	r0, #0
 2104              	.LVL166:
 2105              	.L138:
1268:Middlewares/Third_Party/FreeRTOS/Source/queue.c **** 		}
 2106              		.loc 1 1268 12 view .LVU634
 2107              	.LBE153:
1271:Middlewares/Third_Party/FreeRTOS/Source/queue.c **** 
 2108              		.loc 1 1271 2 is_stmt 1 view .LVU635
 2109              	.LBB154:
 2110              	.LBI154:
 229:Middlewares/Third_Party/FreeRTOS/Source/portable/GCC/ARM_CM3/portmacro.h **** {
 2111              		.loc 2 229 30 view .LVU636
ARM GAS  D:\software\msy64\tmp\ccpcBi2W.s 			page 93


 2112              	.LBB155:
 2113              		.loc 2 231 2 view .LVU637
 2114              		.syntax unified
 2115              	@ 231 "Middlewares/Third_Party/FreeRTOS/Source/portable/GCC/ARM_CM3/portmacro.h" 1
 2116 00a4 86F31188 			msr basepri, r6	
 2117              	@ 0 "" 2
 2118              		.thumb
 2119              		.syntax unified
 2120              	.LBE155:
 2121              	.LBE154:
1273:Middlewares/Third_Party/FreeRTOS/Source/queue.c **** }
 2122              		.loc 1 1273 2 view .LVU638
1274:Middlewares/Third_Party/FreeRTOS/Source/queue.c **** /*-----------------------------------------------------------*/
 2123              		.loc 1 1274 1 is_stmt 0 view .LVU639
 2124 00a8 70BD     		pop	{r4, r5, r6, pc}
 2125              	.LVL167:
 2126              	.L142:
 2127              	.LBB156:
 2128              	.LBB150:
1263:Middlewares/Third_Party/FreeRTOS/Source/queue.c **** 		}
 2129              		.loc 1 1263 12 view .LVU640
 2130 00aa 0120     		movs	r0, #1
 2131 00ac FAE7     		b	.L138
 2132              	.L143:
 2133 00ae 0120     		movs	r0, #1
 2134 00b0 F8E7     		b	.L138
 2135              	.LBE150:
 2136              	.LBE156:
 2137              		.cfi_endproc
 2138              	.LFE14:
 2140              		.section	.text.xQueueReceive,"ax",%progbits
 2141              		.align	1
 2142              		.global	xQueueReceive
 2143              		.syntax unified
 2144              		.thumb
 2145              		.thumb_func
 2147              	xQueueReceive:
 2148              	.LVL168:
 2149              	.LFB15:
1278:Middlewares/Third_Party/FreeRTOS/Source/queue.c **** BaseType_t xEntryTimeSet = pdFALSE;
 2150              		.loc 1 1278 1 is_stmt 1 view -0
 2151              		.cfi_startproc
 2152              		@ args = 0, pretend = 0, frame = 16
 2153              		@ frame_needed = 0, uses_anonymous_args = 0
1278:Middlewares/Third_Party/FreeRTOS/Source/queue.c **** BaseType_t xEntryTimeSet = pdFALSE;
 2154              		.loc 1 1278 1 is_stmt 0 view .LVU642
 2155 0000 F0B5     		push	{r4, r5, r6, r7, lr}
 2156              	.LCFI27:
 2157              		.cfi_def_cfa_offset 20
 2158              		.cfi_offset 4, -20
 2159              		.cfi_offset 5, -16
 2160              		.cfi_offset 6, -12
 2161              		.cfi_offset 7, -8
 2162              		.cfi_offset 14, -4
 2163 0002 85B0     		sub	sp, sp, #20
 2164              	.LCFI28:
 2165              		.cfi_def_cfa_offset 40
ARM GAS  D:\software\msy64\tmp\ccpcBi2W.s 			page 94


 2166 0004 0192     		str	r2, [sp, #4]
1279:Middlewares/Third_Party/FreeRTOS/Source/queue.c **** TimeOut_t xTimeOut;
 2167              		.loc 1 1279 1 is_stmt 1 view .LVU643
 2168              	.LVL169:
1280:Middlewares/Third_Party/FreeRTOS/Source/queue.c **** Queue_t * const pxQueue = xQueue;
 2169              		.loc 1 1280 1 view .LVU644
1281:Middlewares/Third_Party/FreeRTOS/Source/queue.c **** 
 2170              		.loc 1 1281 1 view .LVU645
1284:Middlewares/Third_Party/FreeRTOS/Source/queue.c **** 
 2171              		.loc 1 1284 2 view .LVU646
 2172 0006 90B1     		cbz	r0, .L170
 2173 0008 0F46     		mov	r7, r1
 2174 000a 0446     		mov	r4, r0
1284:Middlewares/Third_Party/FreeRTOS/Source/queue.c **** 
 2175              		.loc 1 1284 29 discriminator 2 view .LVU647
1288:Middlewares/Third_Party/FreeRTOS/Source/queue.c **** 
 2176              		.loc 1 1288 2 view .LVU648
 2177 000c C1B1     		cbz	r1, .L171
 2178              	.L153:
1288:Middlewares/Third_Party/FreeRTOS/Source/queue.c **** 
 2179              		.loc 1 1288 100 discriminator 8 view .LVU649
1293:Middlewares/Third_Party/FreeRTOS/Source/queue.c **** 	}
 2180              		.loc 1 1293 3 view .LVU650
 2181 000e FFF7FEFF 		bl	xTaskGetSchedulerState
 2182              	.LVL170:
1293:Middlewares/Third_Party/FreeRTOS/Source/queue.c **** 	}
 2183              		.loc 1 1293 3 is_stmt 0 discriminator 1 view .LVU651
 2184 0012 0646     		mov	r6, r0
 2185 0014 00BB     		cbnz	r0, .L168
1293:Middlewares/Third_Party/FreeRTOS/Source/queue.c **** 	}
 2186              		.loc 1 1293 3 discriminator 2 view .LVU652
 2187 0016 019B     		ldr	r3, [sp, #4]
 2188 0018 002B     		cmp	r3, #0
 2189 001a 5ED0     		beq	.L157
1293:Middlewares/Third_Party/FreeRTOS/Source/queue.c **** 	}
 2190              		.loc 1 1293 3 is_stmt 1 discriminator 7 view .LVU653
 2191              	.LBB157:
 2192              	.LBI157:
 193:Middlewares/Third_Party/FreeRTOS/Source/portable/GCC/ARM_CM3/portmacro.h **** {
 2193              		.loc 2 193 30 view .LVU654
 2194              	.LBB158:
 195:Middlewares/Third_Party/FreeRTOS/Source/portable/GCC/ARM_CM3/portmacro.h **** 
 2195              		.loc 2 195 1 view .LVU655
 197:Middlewares/Third_Party/FreeRTOS/Source/portable/GCC/ARM_CM3/portmacro.h **** 	(
 2196              		.loc 2 197 2 view .LVU656
 2197              		.syntax unified
 2198              	@ 197 "Middlewares/Third_Party/FreeRTOS/Source/portable/GCC/ARM_CM3/portmacro.h" 1
 2199 001c 4FF05003 			mov r3, #80												
 2200 0020 83F31188 		msr basepri, r3											
 2201 0024 BFF36F8F 		isb														
 2202 0028 BFF34F8F 		dsb														
 2203              	
 2204              	@ 0 "" 2
 2205              		.thumb
 2206              		.syntax unified
 2207              	.L156:
 2208              	.LBE158:
ARM GAS  D:\software\msy64\tmp\ccpcBi2W.s 			page 95


 2209              	.LBE157:
1293:Middlewares/Third_Party/FreeRTOS/Source/queue.c **** 	}
 2210              		.loc 1 1293 3 discriminator 9 view .LVU657
1293:Middlewares/Third_Party/FreeRTOS/Source/queue.c **** 	}
 2211              		.loc 1 1293 3 discriminator 9 view .LVU658
 2212 002c FEE7     		b	.L156
 2213              	.LVL171:
 2214              	.L170:
1284:Middlewares/Third_Party/FreeRTOS/Source/queue.c **** 
 2215              		.loc 1 1284 2 discriminator 1 view .LVU659
 2216              	.LBB159:
 2217              	.LBI159:
 193:Middlewares/Third_Party/FreeRTOS/Source/portable/GCC/ARM_CM3/portmacro.h **** {
 2218              		.loc 2 193 30 view .LVU660
 2219              	.LBB160:
 195:Middlewares/Third_Party/FreeRTOS/Source/portable/GCC/ARM_CM3/portmacro.h **** 
 2220              		.loc 2 195 1 view .LVU661
 197:Middlewares/Third_Party/FreeRTOS/Source/portable/GCC/ARM_CM3/portmacro.h **** 	(
 2221              		.loc 2 197 2 view .LVU662
 2222              		.syntax unified
 2223              	@ 197 "Middlewares/Third_Party/FreeRTOS/Source/portable/GCC/ARM_CM3/portmacro.h" 1
 2224 002e 4FF05003 			mov r3, #80												
 2225 0032 83F31188 		msr basepri, r3											
 2226 0036 BFF36F8F 		isb														
 2227 003a BFF34F8F 		dsb														
 2228              	
 2229              	@ 0 "" 2
 2230              		.thumb
 2231              		.syntax unified
 2232              	.L152:
 2233              	.LBE160:
 2234              	.LBE159:
1284:Middlewares/Third_Party/FreeRTOS/Source/queue.c **** 
 2235              		.loc 1 1284 2 discriminator 3 view .LVU663
1284:Middlewares/Third_Party/FreeRTOS/Source/queue.c **** 
 2236              		.loc 1 1284 2 discriminator 3 view .LVU664
 2237 003e FEE7     		b	.L152
 2238              	.L171:
1288:Middlewares/Third_Party/FreeRTOS/Source/queue.c **** 
 2239              		.loc 1 1288 2 is_stmt 0 discriminator 2 view .LVU665
 2240 0040 036C     		ldr	r3, [r0, #64]
 2241 0042 002B     		cmp	r3, #0
 2242 0044 E3D0     		beq	.L153
1288:Middlewares/Third_Party/FreeRTOS/Source/queue.c **** 
 2243              		.loc 1 1288 2 is_stmt 1 discriminator 7 view .LVU666
 2244              	.LBB161:
 2245              	.LBI161:
 193:Middlewares/Third_Party/FreeRTOS/Source/portable/GCC/ARM_CM3/portmacro.h **** {
 2246              		.loc 2 193 30 view .LVU667
 2247              	.LBB162:
 195:Middlewares/Third_Party/FreeRTOS/Source/portable/GCC/ARM_CM3/portmacro.h **** 
 2248              		.loc 2 195 1 view .LVU668
 197:Middlewares/Third_Party/FreeRTOS/Source/portable/GCC/ARM_CM3/portmacro.h **** 	(
 2249              		.loc 2 197 2 view .LVU669
 2250              		.syntax unified
 2251              	@ 197 "Middlewares/Third_Party/FreeRTOS/Source/portable/GCC/ARM_CM3/portmacro.h" 1
 2252 0046 4FF05003 			mov r3, #80												
ARM GAS  D:\software\msy64\tmp\ccpcBi2W.s 			page 96


 2253 004a 83F31188 		msr basepri, r3											
 2254 004e BFF36F8F 		isb														
 2255 0052 BFF34F8F 		dsb														
 2256              	
 2257              	@ 0 "" 2
 2258              		.thumb
 2259              		.syntax unified
 2260              	.L154:
 2261              	.LBE162:
 2262              	.LBE161:
1288:Middlewares/Third_Party/FreeRTOS/Source/queue.c **** 
 2263              		.loc 1 1288 2 discriminator 9 view .LVU670
1288:Middlewares/Third_Party/FreeRTOS/Source/queue.c **** 
 2264              		.loc 1 1288 2 discriminator 9 view .LVU671
 2265 0056 FEE7     		b	.L154
 2266              	.LVL172:
 2267              	.L168:
1288:Middlewares/Third_Party/FreeRTOS/Source/queue.c **** 
 2268              		.loc 1 1288 2 is_stmt 0 discriminator 9 view .LVU672
 2269 0058 0026     		movs	r6, #0
 2270 005a 3EE0     		b	.L157
 2271              	.LVL173:
 2272              	.L174:
 2273              	.LBB163:
1312:Middlewares/Third_Party/FreeRTOS/Source/queue.c **** 				traceQUEUE_RECEIVE( pxQueue );
 2274              		.loc 1 1312 5 is_stmt 1 view .LVU673
 2275 005c 3946     		mov	r1, r7
 2276 005e 2046     		mov	r0, r4
 2277 0060 FFF7FEFF 		bl	prvCopyDataFromQueue
 2278              	.LVL174:
1313:Middlewares/Third_Party/FreeRTOS/Source/queue.c **** 				pxQueue->uxMessagesWaiting = uxMessagesWaiting - ( UBaseType_t ) 1;
 2279              		.loc 1 1313 34 view .LVU674
1314:Middlewares/Third_Party/FreeRTOS/Source/queue.c **** 
 2280              		.loc 1 1314 5 view .LVU675
1314:Middlewares/Third_Party/FreeRTOS/Source/queue.c **** 
 2281              		.loc 1 1314 52 is_stmt 0 view .LVU676
 2282 0064 013D     		subs	r5, r5, #1
 2283              	.LVL175:
1314:Middlewares/Third_Party/FreeRTOS/Source/queue.c **** 
 2284              		.loc 1 1314 32 view .LVU677
 2285 0066 A563     		str	r5, [r4, #56]
1319:Middlewares/Third_Party/FreeRTOS/Source/queue.c **** 				{
 2286              		.loc 1 1319 5 is_stmt 1 view .LVU678
1319:Middlewares/Third_Party/FreeRTOS/Source/queue.c **** 				{
 2287              		.loc 1 1319 9 is_stmt 0 view .LVU679
 2288 0068 2369     		ldr	r3, [r4, #16]
1319:Middlewares/Third_Party/FreeRTOS/Source/queue.c **** 				{
 2289              		.loc 1 1319 7 view .LVU680
 2290 006a 23B9     		cbnz	r3, .L172
 2291              	.L159:
1332:Middlewares/Third_Party/FreeRTOS/Source/queue.c **** 				}
 2292              		.loc 1 1332 30 is_stmt 1 view .LVU681
1335:Middlewares/Third_Party/FreeRTOS/Source/queue.c **** 				return pdPASS;
 2293              		.loc 1 1335 5 view .LVU682
 2294 006c FFF7FEFF 		bl	vPortExitCritical
 2295              	.LVL176:
1336:Middlewares/Third_Party/FreeRTOS/Source/queue.c **** 			}
ARM GAS  D:\software\msy64\tmp\ccpcBi2W.s 			page 97


 2296              		.loc 1 1336 5 view .LVU683
1336:Middlewares/Third_Party/FreeRTOS/Source/queue.c **** 			}
 2297              		.loc 1 1336 12 is_stmt 0 view .LVU684
 2298 0070 0120     		movs	r0, #1
 2299              	.LVL177:
 2300              	.L150:
1336:Middlewares/Third_Party/FreeRTOS/Source/queue.c **** 			}
 2301              		.loc 1 1336 12 view .LVU685
 2302              	.LBE163:
1415:Middlewares/Third_Party/FreeRTOS/Source/queue.c **** /*-----------------------------------------------------------*/
 2303              		.loc 1 1415 1 view .LVU686
 2304 0072 05B0     		add	sp, sp, #20
 2305              	.LCFI29:
 2306              		.cfi_remember_state
 2307              		.cfi_def_cfa_offset 20
 2308              		@ sp needed
 2309 0074 F0BD     		pop	{r4, r5, r6, r7, pc}
 2310              	.LVL178:
 2311              	.L172:
 2312              	.LCFI30:
 2313              		.cfi_restore_state
 2314              	.LBB164:
1321:Middlewares/Third_Party/FreeRTOS/Source/queue.c **** 					{
 2315              		.loc 1 1321 6 is_stmt 1 view .LVU687
1321:Middlewares/Third_Party/FreeRTOS/Source/queue.c **** 					{
 2316              		.loc 1 1321 10 is_stmt 0 view .LVU688
 2317 0076 04F11000 		add	r0, r4, #16
 2318 007a FFF7FEFF 		bl	xTaskRemoveFromEventList
 2319              	.LVL179:
1321:Middlewares/Third_Party/FreeRTOS/Source/queue.c **** 					{
 2320              		.loc 1 1321 8 discriminator 1 view .LVU689
 2321 007e 0028     		cmp	r0, #0
 2322 0080 F4D0     		beq	.L159
1323:Middlewares/Third_Party/FreeRTOS/Source/queue.c **** 					}
 2323              		.loc 1 1323 7 is_stmt 1 view .LVU690
 2324 0082 4FF0E023 		mov	r3, #-536813568
 2325 0086 4FF08052 		mov	r2, #268435456
 2326 008a C3F8042D 		str	r2, [r3, #3332]
1323:Middlewares/Third_Party/FreeRTOS/Source/queue.c **** 					}
 2327              		.loc 1 1323 7 view .LVU691
 2328              		.syntax unified
 2329              	@ 1323 "Middlewares/Third_Party/FreeRTOS/Source/queue.c" 1
 2330 008e BFF34F8F 		dsb
 2331              	@ 0 "" 2
1323:Middlewares/Third_Party/FreeRTOS/Source/queue.c **** 					}
 2332              		.loc 1 1323 7 view .LVU692
 2333              	@ 1323 "Middlewares/Third_Party/FreeRTOS/Source/queue.c" 1
 2334 0092 BFF36F8F 		isb
 2335              	@ 0 "" 2
1323:Middlewares/Third_Party/FreeRTOS/Source/queue.c **** 					}
 2336              		.loc 1 1323 39 view .LVU693
 2337              		.thumb
 2338              		.syntax unified
 2339 0096 E9E7     		b	.L159
 2340              	.LVL180:
 2341              	.L175:
1344:Middlewares/Third_Party/FreeRTOS/Source/queue.c **** 					traceQUEUE_RECEIVE_FAILED( pxQueue );
ARM GAS  D:\software\msy64\tmp\ccpcBi2W.s 			page 98


 2342              		.loc 1 1344 6 view .LVU694
 2343 0098 FFF7FEFF 		bl	vPortExitCritical
 2344              	.LVL181:
1345:Middlewares/Third_Party/FreeRTOS/Source/queue.c **** 					return errQUEUE_EMPTY;
 2345              		.loc 1 1345 42 view .LVU695
1346:Middlewares/Third_Party/FreeRTOS/Source/queue.c **** 				}
 2346              		.loc 1 1346 6 view .LVU696
1346:Middlewares/Third_Party/FreeRTOS/Source/queue.c **** 				}
 2347              		.loc 1 1346 13 is_stmt 0 view .LVU697
 2348 009c 0020     		movs	r0, #0
 2349 009e E8E7     		b	.L150
 2350              	.L176:
1352:Middlewares/Third_Party/FreeRTOS/Source/queue.c **** 					xEntryTimeSet = pdTRUE;
 2351              		.loc 1 1352 6 is_stmt 1 view .LVU698
 2352 00a0 02A8     		add	r0, sp, #8
 2353 00a2 FFF7FEFF 		bl	vTaskInternalSetTimeOutState
 2354              	.LVL182:
1353:Middlewares/Third_Party/FreeRTOS/Source/queue.c **** 				}
 2355              		.loc 1 1353 6 view .LVU699
1353:Middlewares/Third_Party/FreeRTOS/Source/queue.c **** 				}
 2356              		.loc 1 1353 20 is_stmt 0 view .LVU700
 2357 00a6 0126     		movs	r6, #1
 2358 00a8 21E0     		b	.L162
 2359              	.LVL183:
 2360              	.L177:
1353:Middlewares/Third_Party/FreeRTOS/Source/queue.c **** 				}
 2361              		.loc 1 1353 20 view .LVU701
 2362              	.LBE164:
1368:Middlewares/Third_Party/FreeRTOS/Source/queue.c **** 
 2363              		.loc 1 1368 3 is_stmt 1 discriminator 1 view .LVU702
 2364 00aa 0023     		movs	r3, #0
 2365 00ac 84F84430 		strb	r3, [r4, #68]
 2366 00b0 29E0     		b	.L163
 2367              	.L178:
1368:Middlewares/Third_Party/FreeRTOS/Source/queue.c **** 
 2368              		.loc 1 1368 3 discriminator 4 view .LVU703
 2369 00b2 0023     		movs	r3, #0
 2370 00b4 84F84530 		strb	r3, [r4, #69]
 2371 00b8 2BE0     		b	.L164
 2372              	.L166:
1393:Middlewares/Third_Party/FreeRTOS/Source/queue.c **** 				( void ) xTaskResumeAll();
 2373              		.loc 1 1393 5 view .LVU704
 2374 00ba 2046     		mov	r0, r4
 2375 00bc FFF7FEFF 		bl	prvUnlockQueue
 2376              	.LVL184:
1394:Middlewares/Third_Party/FreeRTOS/Source/queue.c **** 			}
 2377              		.loc 1 1394 5 view .LVU705
1394:Middlewares/Third_Party/FreeRTOS/Source/queue.c **** 			}
 2378              		.loc 1 1394 14 is_stmt 0 view .LVU706
 2379 00c0 FFF7FEFF 		bl	xTaskResumeAll
 2380              	.LVL185:
 2381 00c4 09E0     		b	.L157
 2382              	.L165:
1401:Middlewares/Third_Party/FreeRTOS/Source/queue.c **** 			( void ) xTaskResumeAll();
 2383              		.loc 1 1401 4 is_stmt 1 view .LVU707
 2384 00c6 2046     		mov	r0, r4
 2385 00c8 FFF7FEFF 		bl	prvUnlockQueue
ARM GAS  D:\software\msy64\tmp\ccpcBi2W.s 			page 99


 2386              	.LVL186:
1402:Middlewares/Third_Party/FreeRTOS/Source/queue.c **** 
 2387              		.loc 1 1402 4 view .LVU708
1402:Middlewares/Third_Party/FreeRTOS/Source/queue.c **** 
 2388              		.loc 1 1402 13 is_stmt 0 view .LVU709
 2389 00cc FFF7FEFF 		bl	xTaskResumeAll
 2390              	.LVL187:
1404:Middlewares/Third_Party/FreeRTOS/Source/queue.c **** 			{
 2391              		.loc 1 1404 4 is_stmt 1 view .LVU710
1404:Middlewares/Third_Party/FreeRTOS/Source/queue.c **** 			{
 2392              		.loc 1 1404 8 is_stmt 0 view .LVU711
 2393 00d0 2046     		mov	r0, r4
 2394 00d2 FFF7FEFF 		bl	prvIsQueueEmpty
 2395              	.LVL188:
1404:Middlewares/Third_Party/FreeRTOS/Source/queue.c **** 			{
 2396              		.loc 1 1404 6 discriminator 1 view .LVU712
 2397 00d6 0028     		cmp	r0, #0
 2398 00d8 3FD1     		bne	.L173
 2399              	.LVL189:
 2400              	.L157:
1293:Middlewares/Third_Party/FreeRTOS/Source/queue.c **** 	}
 2401              		.loc 1 1293 104 is_stmt 1 discriminator 8 view .LVU713
1301:Middlewares/Third_Party/FreeRTOS/Source/queue.c **** 	{
 2402              		.loc 1 1301 2 view .LVU714
1303:Middlewares/Third_Party/FreeRTOS/Source/queue.c **** 		{
 2403              		.loc 1 1303 3 view .LVU715
 2404 00da FFF7FEFF 		bl	vPortEnterCritical
 2405              	.LVL190:
 2406              	.LBB165:
1305:Middlewares/Third_Party/FreeRTOS/Source/queue.c **** 
 2407              		.loc 1 1305 4 view .LVU716
1305:Middlewares/Third_Party/FreeRTOS/Source/queue.c **** 
 2408              		.loc 1 1305 22 is_stmt 0 view .LVU717
 2409 00de A56B     		ldr	r5, [r4, #56]
 2410              	.LVL191:
1309:Middlewares/Third_Party/FreeRTOS/Source/queue.c **** 			{
 2411              		.loc 1 1309 4 is_stmt 1 view .LVU718
1309:Middlewares/Third_Party/FreeRTOS/Source/queue.c **** 			{
 2412              		.loc 1 1309 6 is_stmt 0 view .LVU719
 2413 00e0 002D     		cmp	r5, #0
 2414 00e2 BBD1     		bne	.L174
1340:Middlewares/Third_Party/FreeRTOS/Source/queue.c **** 				{
 2415              		.loc 1 1340 5 is_stmt 1 view .LVU720
1340:Middlewares/Third_Party/FreeRTOS/Source/queue.c **** 				{
 2416              		.loc 1 1340 22 is_stmt 0 view .LVU721
 2417 00e4 019B     		ldr	r3, [sp, #4]
1340:Middlewares/Third_Party/FreeRTOS/Source/queue.c **** 				{
 2418              		.loc 1 1340 7 view .LVU722
 2419 00e6 002B     		cmp	r3, #0
 2420 00e8 D6D0     		beq	.L175
1348:Middlewares/Third_Party/FreeRTOS/Source/queue.c **** 				{
 2421              		.loc 1 1348 10 is_stmt 1 view .LVU723
1348:Middlewares/Third_Party/FreeRTOS/Source/queue.c **** 				{
 2422              		.loc 1 1348 12 is_stmt 0 view .LVU724
 2423 00ea 002E     		cmp	r6, #0
 2424 00ec D8D0     		beq	.L176
 2425              	.LVL192:
ARM GAS  D:\software\msy64\tmp\ccpcBi2W.s 			page 100


 2426              	.L162:
1358:Middlewares/Third_Party/FreeRTOS/Source/queue.c **** 				}
 2427              		.loc 1 1358 30 is_stmt 1 view .LVU725
 2428              	.LBE165:
1362:Middlewares/Third_Party/FreeRTOS/Source/queue.c **** 
 2429              		.loc 1 1362 3 view .LVU726
 2430 00ee FFF7FEFF 		bl	vPortExitCritical
 2431              	.LVL193:
1367:Middlewares/Third_Party/FreeRTOS/Source/queue.c **** 		prvLockQueue( pxQueue );
 2432              		.loc 1 1367 3 view .LVU727
 2433 00f2 FFF7FEFF 		bl	vTaskSuspendAll
 2434              	.LVL194:
1368:Middlewares/Third_Party/FreeRTOS/Source/queue.c **** 
 2435              		.loc 1 1368 3 view .LVU728
 2436 00f6 FFF7FEFF 		bl	vPortEnterCritical
 2437              	.LVL195:
1368:Middlewares/Third_Party/FreeRTOS/Source/queue.c **** 
 2438              		.loc 1 1368 3 discriminator 1 view .LVU729
 2439 00fa 94F84430 		ldrb	r3, [r4, #68]	@ zero_extendqisi2
 2440 00fe 5BB2     		sxtb	r3, r3
 2441 0100 B3F1FF3F 		cmp	r3, #-1
 2442 0104 D1D0     		beq	.L177
 2443              	.L163:
1368:Middlewares/Third_Party/FreeRTOS/Source/queue.c **** 
 2444              		.loc 1 1368 3 discriminator 3 view .LVU730
 2445 0106 94F84530 		ldrb	r3, [r4, #69]	@ zero_extendqisi2
 2446 010a 5BB2     		sxtb	r3, r3
 2447 010c B3F1FF3F 		cmp	r3, #-1
 2448 0110 CFD0     		beq	.L178
 2449              	.L164:
1368:Middlewares/Third_Party/FreeRTOS/Source/queue.c **** 
 2450              		.loc 1 1368 3 discriminator 6 view .LVU731
 2451 0112 FFF7FEFF 		bl	vPortExitCritical
 2452              	.LVL196:
1371:Middlewares/Third_Party/FreeRTOS/Source/queue.c **** 		{
 2453              		.loc 1 1371 3 view .LVU732
1371:Middlewares/Third_Party/FreeRTOS/Source/queue.c **** 		{
 2454              		.loc 1 1371 7 is_stmt 0 view .LVU733
 2455 0116 01A9     		add	r1, sp, #4
 2456 0118 02A8     		add	r0, sp, #8
 2457 011a FFF7FEFF 		bl	xTaskCheckForTimeOut
 2458              	.LVL197:
1371:Middlewares/Third_Party/FreeRTOS/Source/queue.c **** 		{
 2459              		.loc 1 1371 5 discriminator 1 view .LVU734
 2460 011e 0028     		cmp	r0, #0
 2461 0120 D1D1     		bne	.L165
1375:Middlewares/Third_Party/FreeRTOS/Source/queue.c **** 			{
 2462              		.loc 1 1375 4 is_stmt 1 view .LVU735
1375:Middlewares/Third_Party/FreeRTOS/Source/queue.c **** 			{
 2463              		.loc 1 1375 8 is_stmt 0 view .LVU736
 2464 0122 2046     		mov	r0, r4
 2465 0124 FFF7FEFF 		bl	prvIsQueueEmpty
 2466              	.LVL198:
1375:Middlewares/Third_Party/FreeRTOS/Source/queue.c **** 			{
 2467              		.loc 1 1375 6 discriminator 1 view .LVU737
 2468 0128 0028     		cmp	r0, #0
 2469 012a C6D0     		beq	.L166
ARM GAS  D:\software\msy64\tmp\ccpcBi2W.s 			page 101


1377:Middlewares/Third_Party/FreeRTOS/Source/queue.c **** 				vTaskPlaceOnEventList( &( pxQueue->xTasksWaitingToReceive ), xTicksToWait );
 2470              		.loc 1 1377 46 is_stmt 1 view .LVU738
1378:Middlewares/Third_Party/FreeRTOS/Source/queue.c **** 				prvUnlockQueue( pxQueue );
 2471              		.loc 1 1378 5 view .LVU739
 2472 012c 0199     		ldr	r1, [sp, #4]
 2473 012e 04F12400 		add	r0, r4, #36
 2474 0132 FFF7FEFF 		bl	vTaskPlaceOnEventList
 2475              	.LVL199:
1379:Middlewares/Third_Party/FreeRTOS/Source/queue.c **** 				if( xTaskResumeAll() == pdFALSE )
 2476              		.loc 1 1379 5 view .LVU740
 2477 0136 2046     		mov	r0, r4
 2478 0138 FFF7FEFF 		bl	prvUnlockQueue
 2479              	.LVL200:
1380:Middlewares/Third_Party/FreeRTOS/Source/queue.c **** 				{
 2480              		.loc 1 1380 5 view .LVU741
1380:Middlewares/Third_Party/FreeRTOS/Source/queue.c **** 				{
 2481              		.loc 1 1380 9 is_stmt 0 view .LVU742
 2482 013c FFF7FEFF 		bl	xTaskResumeAll
 2483              	.LVL201:
1380:Middlewares/Third_Party/FreeRTOS/Source/queue.c **** 				{
 2484              		.loc 1 1380 7 discriminator 1 view .LVU743
 2485 0140 0028     		cmp	r0, #0
 2486 0142 CAD1     		bne	.L157
1382:Middlewares/Third_Party/FreeRTOS/Source/queue.c **** 				}
 2487              		.loc 1 1382 6 is_stmt 1 view .LVU744
 2488 0144 4FF0E023 		mov	r3, #-536813568
 2489 0148 4FF08052 		mov	r2, #268435456
 2490 014c C3F8042D 		str	r2, [r3, #3332]
1382:Middlewares/Third_Party/FreeRTOS/Source/queue.c **** 				}
 2491              		.loc 1 1382 6 view .LVU745
 2492              		.syntax unified
 2493              	@ 1382 "Middlewares/Third_Party/FreeRTOS/Source/queue.c" 1
 2494 0150 BFF34F8F 		dsb
 2495              	@ 0 "" 2
1382:Middlewares/Third_Party/FreeRTOS/Source/queue.c **** 				}
 2496              		.loc 1 1382 6 view .LVU746
 2497              	@ 1382 "Middlewares/Third_Party/FreeRTOS/Source/queue.c" 1
 2498 0154 BFF36F8F 		isb
 2499              	@ 0 "" 2
1382:Middlewares/Third_Party/FreeRTOS/Source/queue.c **** 				}
 2500              		.loc 1 1382 28 view .LVU747
 2501              		.thumb
 2502              		.syntax unified
 2503 0158 BFE7     		b	.L157
 2504              	.L173:
1407:Middlewares/Third_Party/FreeRTOS/Source/queue.c **** 			}
 2505              		.loc 1 1407 12 is_stmt 0 view .LVU748
 2506 015a 0020     		movs	r0, #0
 2507 015c 89E7     		b	.L150
 2508              		.cfi_endproc
 2509              	.LFE15:
 2511              		.section	.text.xQueueSemaphoreTake,"ax",%progbits
 2512              		.align	1
 2513              		.global	xQueueSemaphoreTake
 2514              		.syntax unified
 2515              		.thumb
 2516              		.thumb_func
ARM GAS  D:\software\msy64\tmp\ccpcBi2W.s 			page 102


 2518              	xQueueSemaphoreTake:
 2519              	.LVL202:
 2520              	.LFB16:
1419:Middlewares/Third_Party/FreeRTOS/Source/queue.c **** BaseType_t xEntryTimeSet = pdFALSE;
 2521              		.loc 1 1419 1 is_stmt 1 view -0
 2522              		.cfi_startproc
 2523              		@ args = 0, pretend = 0, frame = 16
 2524              		@ frame_needed = 0, uses_anonymous_args = 0
1419:Middlewares/Third_Party/FreeRTOS/Source/queue.c **** BaseType_t xEntryTimeSet = pdFALSE;
 2525              		.loc 1 1419 1 is_stmt 0 view .LVU750
 2526 0000 70B5     		push	{r4, r5, r6, lr}
 2527              	.LCFI31:
 2528              		.cfi_def_cfa_offset 16
 2529              		.cfi_offset 4, -16
 2530              		.cfi_offset 5, -12
 2531              		.cfi_offset 6, -8
 2532              		.cfi_offset 14, -4
 2533 0002 84B0     		sub	sp, sp, #16
 2534              	.LCFI32:
 2535              		.cfi_def_cfa_offset 32
 2536 0004 0191     		str	r1, [sp, #4]
1420:Middlewares/Third_Party/FreeRTOS/Source/queue.c **** TimeOut_t xTimeOut;
 2537              		.loc 1 1420 1 is_stmt 1 view .LVU751
 2538              	.LVL203:
1421:Middlewares/Third_Party/FreeRTOS/Source/queue.c **** Queue_t * const pxQueue = xQueue;
 2539              		.loc 1 1421 1 view .LVU752
1422:Middlewares/Third_Party/FreeRTOS/Source/queue.c **** 
 2540              		.loc 1 1422 1 view .LVU753
1425:Middlewares/Third_Party/FreeRTOS/Source/queue.c **** #endif
 2541              		.loc 1 1425 2 view .LVU754
1429:Middlewares/Third_Party/FreeRTOS/Source/queue.c **** 
 2542              		.loc 1 1429 2 view .LVU755
 2543 0006 58B1     		cbz	r0, .L205
 2544 0008 0446     		mov	r4, r0
1429:Middlewares/Third_Party/FreeRTOS/Source/queue.c **** 
 2545              		.loc 1 1429 29 discriminator 2 view .LVU756
1433:Middlewares/Third_Party/FreeRTOS/Source/queue.c **** 
 2546              		.loc 1 1433 2 view .LVU757
 2547 000a 036C     		ldr	r3, [r0, #64]
 2548 000c 8BB1     		cbz	r3, .L182
1433:Middlewares/Third_Party/FreeRTOS/Source/queue.c **** 
 2549              		.loc 1 1433 2 discriminator 1 view .LVU758
 2550              	.LBB166:
 2551              	.LBI166:
 193:Middlewares/Third_Party/FreeRTOS/Source/portable/GCC/ARM_CM3/portmacro.h **** {
 2552              		.loc 2 193 30 view .LVU759
 2553              	.LBB167:
 195:Middlewares/Third_Party/FreeRTOS/Source/portable/GCC/ARM_CM3/portmacro.h **** 
 2554              		.loc 2 195 1 view .LVU760
 197:Middlewares/Third_Party/FreeRTOS/Source/portable/GCC/ARM_CM3/portmacro.h **** 	(
 2555              		.loc 2 197 2 view .LVU761
 2556              		.syntax unified
 2557              	@ 197 "Middlewares/Third_Party/FreeRTOS/Source/portable/GCC/ARM_CM3/portmacro.h" 1
 2558 000e 4FF05003 			mov r3, #80												
 2559 0012 83F31188 		msr basepri, r3											
 2560 0016 BFF36F8F 		isb														
 2561 001a BFF34F8F 		dsb														
ARM GAS  D:\software\msy64\tmp\ccpcBi2W.s 			page 103


 2562              	
 2563              	@ 0 "" 2
 2564              		.thumb
 2565              		.syntax unified
 2566              	.L183:
 2567              	.LBE167:
 2568              	.LBE166:
1433:Middlewares/Third_Party/FreeRTOS/Source/queue.c **** 
 2569              		.loc 1 1433 2 discriminator 3 view .LVU762
1433:Middlewares/Third_Party/FreeRTOS/Source/queue.c **** 
 2570              		.loc 1 1433 2 discriminator 3 view .LVU763
 2571 001e FEE7     		b	.L183
 2572              	.L205:
1429:Middlewares/Third_Party/FreeRTOS/Source/queue.c **** 
 2573              		.loc 1 1429 2 discriminator 1 view .LVU764
 2574              	.LBB168:
 2575              	.LBI168:
 193:Middlewares/Third_Party/FreeRTOS/Source/portable/GCC/ARM_CM3/portmacro.h **** {
 2576              		.loc 2 193 30 view .LVU765
 2577              	.LBB169:
 195:Middlewares/Third_Party/FreeRTOS/Source/portable/GCC/ARM_CM3/portmacro.h **** 
 2578              		.loc 2 195 1 view .LVU766
 197:Middlewares/Third_Party/FreeRTOS/Source/portable/GCC/ARM_CM3/portmacro.h **** 	(
 2579              		.loc 2 197 2 view .LVU767
 2580              		.syntax unified
 2581              	@ 197 "Middlewares/Third_Party/FreeRTOS/Source/portable/GCC/ARM_CM3/portmacro.h" 1
 2582 0020 4FF05003 			mov r3, #80												
 2583 0024 83F31188 		msr basepri, r3											
 2584 0028 BFF36F8F 		isb														
 2585 002c BFF34F8F 		dsb														
 2586              	
 2587              	@ 0 "" 2
 2588              		.thumb
 2589              		.syntax unified
 2590              	.L181:
 2591              	.LBE169:
 2592              	.LBE168:
1429:Middlewares/Third_Party/FreeRTOS/Source/queue.c **** 
 2593              		.loc 1 1429 2 discriminator 3 view .LVU768
1429:Middlewares/Third_Party/FreeRTOS/Source/queue.c **** 
 2594              		.loc 1 1429 2 discriminator 3 view .LVU769
 2595 0030 FEE7     		b	.L181
 2596              	.L182:
1433:Middlewares/Third_Party/FreeRTOS/Source/queue.c **** 
 2597              		.loc 1 1433 42 discriminator 2 view .LVU770
1438:Middlewares/Third_Party/FreeRTOS/Source/queue.c **** 	}
 2598              		.loc 1 1438 3 view .LVU771
 2599 0032 FFF7FEFF 		bl	xTaskGetSchedulerState
 2600              	.LVL204:
1438:Middlewares/Third_Party/FreeRTOS/Source/queue.c **** 	}
 2601              		.loc 1 1438 3 is_stmt 0 discriminator 1 view .LVU772
 2602 0036 0546     		mov	r5, r0
 2603 0038 50B9     		cbnz	r0, .L202
1438:Middlewares/Third_Party/FreeRTOS/Source/queue.c **** 	}
 2604              		.loc 1 1438 3 discriminator 2 view .LVU773
 2605 003a 019B     		ldr	r3, [sp, #4]
 2606 003c 5BB1     		cbz	r3, .L203
ARM GAS  D:\software\msy64\tmp\ccpcBi2W.s 			page 104


1438:Middlewares/Third_Party/FreeRTOS/Source/queue.c **** 	}
 2607              		.loc 1 1438 3 is_stmt 1 discriminator 7 view .LVU774
 2608              	.LBB170:
 2609              	.LBI170:
 193:Middlewares/Third_Party/FreeRTOS/Source/portable/GCC/ARM_CM3/portmacro.h **** {
 2610              		.loc 2 193 30 view .LVU775
 2611              	.LBB171:
 195:Middlewares/Third_Party/FreeRTOS/Source/portable/GCC/ARM_CM3/portmacro.h **** 
 2612              		.loc 2 195 1 view .LVU776
 197:Middlewares/Third_Party/FreeRTOS/Source/portable/GCC/ARM_CM3/portmacro.h **** 	(
 2613              		.loc 2 197 2 view .LVU777
 2614              		.syntax unified
 2615              	@ 197 "Middlewares/Third_Party/FreeRTOS/Source/portable/GCC/ARM_CM3/portmacro.h" 1
 2616 003e 4FF05003 			mov r3, #80												
 2617 0042 83F31188 		msr basepri, r3											
 2618 0046 BFF36F8F 		isb														
 2619 004a BFF34F8F 		dsb														
 2620              	
 2621              	@ 0 "" 2
 2622              		.thumb
 2623              		.syntax unified
 2624              	.L185:
 2625              	.LBE171:
 2626              	.LBE170:
1438:Middlewares/Third_Party/FreeRTOS/Source/queue.c **** 	}
 2627              		.loc 1 1438 3 discriminator 9 view .LVU778
1438:Middlewares/Third_Party/FreeRTOS/Source/queue.c **** 	}
 2628              		.loc 1 1438 3 discriminator 9 view .LVU779
 2629 004e FEE7     		b	.L185
 2630              	.L202:
 2631 0050 0026     		movs	r6, #0
 2632 0052 3546     		mov	r5, r6
 2633 0054 55E0     		b	.L186
 2634              	.L203:
 2635 0056 0646     		mov	r6, r0
 2636 0058 53E0     		b	.L186
 2637              	.LVL205:
 2638              	.L209:
 2639              	.LBB172:
1458:Middlewares/Third_Party/FreeRTOS/Source/queue.c **** 
 2640              		.loc 1 1458 34 view .LVU780
1462:Middlewares/Third_Party/FreeRTOS/Source/queue.c **** 
 2641              		.loc 1 1462 5 view .LVU781
1462:Middlewares/Third_Party/FreeRTOS/Source/queue.c **** 
 2642              		.loc 1 1462 51 is_stmt 0 view .LVU782
 2643 005a 013B     		subs	r3, r3, #1
 2644              	.LVL206:
1462:Middlewares/Third_Party/FreeRTOS/Source/queue.c **** 
 2645              		.loc 1 1462 32 view .LVU783
 2646 005c A363     		str	r3, [r4, #56]
1466:Middlewares/Third_Party/FreeRTOS/Source/queue.c **** 					{
 2647              		.loc 1 1466 6 is_stmt 1 view .LVU784
1466:Middlewares/Third_Party/FreeRTOS/Source/queue.c **** 					{
 2648              		.loc 1 1466 17 is_stmt 0 view .LVU785
 2649 005e 2368     		ldr	r3, [r4]
 2650              	.LVL207:
1466:Middlewares/Third_Party/FreeRTOS/Source/queue.c **** 					{
ARM GAS  D:\software\msy64\tmp\ccpcBi2W.s 			page 105


 2651              		.loc 1 1466 8 view .LVU786
 2652 0060 3BB1     		cbz	r3, .L206
 2653              	.LVL208:
 2654              	.L188:
1474:Middlewares/Third_Party/FreeRTOS/Source/queue.c **** 					}
 2655              		.loc 1 1474 31 is_stmt 1 view .LVU787
1481:Middlewares/Third_Party/FreeRTOS/Source/queue.c **** 				{
 2656              		.loc 1 1481 5 view .LVU788
1481:Middlewares/Third_Party/FreeRTOS/Source/queue.c **** 				{
 2657              		.loc 1 1481 9 is_stmt 0 view .LVU789
 2658 0062 2369     		ldr	r3, [r4, #16]
1481:Middlewares/Third_Party/FreeRTOS/Source/queue.c **** 				{
 2659              		.loc 1 1481 7 view .LVU790
 2660 0064 4BB9     		cbnz	r3, .L207
 2661              	.L189:
1494:Middlewares/Third_Party/FreeRTOS/Source/queue.c **** 				}
 2662              		.loc 1 1494 30 is_stmt 1 view .LVU791
1497:Middlewares/Third_Party/FreeRTOS/Source/queue.c **** 				return pdPASS;
 2663              		.loc 1 1497 5 view .LVU792
 2664 0066 FFF7FEFF 		bl	vPortExitCritical
 2665              	.LVL209:
1498:Middlewares/Third_Party/FreeRTOS/Source/queue.c **** 			}
 2666              		.loc 1 1498 5 view .LVU793
1498:Middlewares/Third_Party/FreeRTOS/Source/queue.c **** 			}
 2667              		.loc 1 1498 12 is_stmt 0 view .LVU794
 2668 006a 0126     		movs	r6, #1
 2669              	.LVL210:
 2670              	.L179:
1498:Middlewares/Third_Party/FreeRTOS/Source/queue.c **** 			}
 2671              		.loc 1 1498 12 view .LVU795
 2672              	.LBE172:
1633:Middlewares/Third_Party/FreeRTOS/Source/queue.c **** /*-----------------------------------------------------------*/
 2673              		.loc 1 1633 1 view .LVU796
 2674 006c 3046     		mov	r0, r6
 2675 006e 04B0     		add	sp, sp, #16
 2676              	.LCFI33:
 2677              		.cfi_remember_state
 2678              		.cfi_def_cfa_offset 16
 2679              		@ sp needed
 2680 0070 70BD     		pop	{r4, r5, r6, pc}
 2681              	.LVL211:
 2682              	.L206:
 2683              	.LCFI34:
 2684              		.cfi_restore_state
 2685              	.LBB175:
1470:Middlewares/Third_Party/FreeRTOS/Source/queue.c **** 					}
 2686              		.loc 1 1470 7 is_stmt 1 view .LVU797
1470:Middlewares/Third_Party/FreeRTOS/Source/queue.c **** 					}
 2687              		.loc 1 1470 44 is_stmt 0 view .LVU798
 2688 0072 FFF7FEFF 		bl	pvTaskIncrementMutexHeldCount
 2689              	.LVL212:
1470:Middlewares/Third_Party/FreeRTOS/Source/queue.c **** 					}
 2690              		.loc 1 1470 42 discriminator 1 view .LVU799
 2691 0076 A060     		str	r0, [r4, #8]
 2692 0078 F3E7     		b	.L188
 2693              	.L207:
1483:Middlewares/Third_Party/FreeRTOS/Source/queue.c **** 					{
ARM GAS  D:\software\msy64\tmp\ccpcBi2W.s 			page 106


 2694              		.loc 1 1483 6 is_stmt 1 view .LVU800
1483:Middlewares/Third_Party/FreeRTOS/Source/queue.c **** 					{
 2695              		.loc 1 1483 10 is_stmt 0 view .LVU801
 2696 007a 04F11000 		add	r0, r4, #16
 2697 007e FFF7FEFF 		bl	xTaskRemoveFromEventList
 2698              	.LVL213:
1483:Middlewares/Third_Party/FreeRTOS/Source/queue.c **** 					{
 2699              		.loc 1 1483 8 discriminator 1 view .LVU802
 2700 0082 0028     		cmp	r0, #0
 2701 0084 EFD0     		beq	.L189
1485:Middlewares/Third_Party/FreeRTOS/Source/queue.c **** 					}
 2702              		.loc 1 1485 7 is_stmt 1 view .LVU803
 2703 0086 4FF0E023 		mov	r3, #-536813568
 2704 008a 4FF08052 		mov	r2, #268435456
 2705 008e C3F8042D 		str	r2, [r3, #3332]
1485:Middlewares/Third_Party/FreeRTOS/Source/queue.c **** 					}
 2706              		.loc 1 1485 7 view .LVU804
 2707              		.syntax unified
 2708              	@ 1485 "Middlewares/Third_Party/FreeRTOS/Source/queue.c" 1
 2709 0092 BFF34F8F 		dsb
 2710              	@ 0 "" 2
1485:Middlewares/Third_Party/FreeRTOS/Source/queue.c **** 					}
 2711              		.loc 1 1485 7 view .LVU805
 2712              	@ 1485 "Middlewares/Third_Party/FreeRTOS/Source/queue.c" 1
 2713 0096 BFF36F8F 		isb
 2714              	@ 0 "" 2
1485:Middlewares/Third_Party/FreeRTOS/Source/queue.c **** 					}
 2715              		.loc 1 1485 39 view .LVU806
 2716              		.thumb
 2717              		.syntax unified
 2718 009a E4E7     		b	.L189
 2719              	.L210:
1509:Middlewares/Third_Party/FreeRTOS/Source/queue.c **** 					}
 2720              		.loc 1 1509 7 view .LVU807
 2721 009c 46B1     		cbz	r6, .L192
1509:Middlewares/Third_Party/FreeRTOS/Source/queue.c **** 					}
 2722              		.loc 1 1509 7 discriminator 1 view .LVU808
 2723              	.LBB173:
 2724              	.LBI173:
 193:Middlewares/Third_Party/FreeRTOS/Source/portable/GCC/ARM_CM3/portmacro.h **** {
 2725              		.loc 2 193 30 view .LVU809
 2726              	.LBB174:
 195:Middlewares/Third_Party/FreeRTOS/Source/portable/GCC/ARM_CM3/portmacro.h **** 
 2727              		.loc 2 195 1 view .LVU810
 197:Middlewares/Third_Party/FreeRTOS/Source/portable/GCC/ARM_CM3/portmacro.h **** 	(
 2728              		.loc 2 197 2 view .LVU811
 2729              		.syntax unified
 2730              	@ 197 "Middlewares/Third_Party/FreeRTOS/Source/portable/GCC/ARM_CM3/portmacro.h" 1
 2731 009e 4FF05003 			mov r3, #80												
 2732 00a2 83F31188 		msr basepri, r3											
 2733 00a6 BFF36F8F 		isb														
 2734 00aa BFF34F8F 		dsb														
 2735              	
 2736              	@ 0 "" 2
 2737              		.thumb
 2738              		.syntax unified
 2739              	.L193:
ARM GAS  D:\software\msy64\tmp\ccpcBi2W.s 			page 107


 2740              	.LBE174:
 2741              	.LBE173:
1509:Middlewares/Third_Party/FreeRTOS/Source/queue.c **** 					}
 2742              		.loc 1 1509 7 discriminator 3 view .LVU812
1509:Middlewares/Third_Party/FreeRTOS/Source/queue.c **** 					}
 2743              		.loc 1 1509 7 discriminator 3 view .LVU813
 2744 00ae FEE7     		b	.L193
 2745              	.L192:
1509:Middlewares/Third_Party/FreeRTOS/Source/queue.c **** 					}
 2746              		.loc 1 1509 54 discriminator 2 view .LVU814
1515:Middlewares/Third_Party/FreeRTOS/Source/queue.c **** 					traceQUEUE_RECEIVE_FAILED( pxQueue );
 2747              		.loc 1 1515 6 view .LVU815
 2748 00b0 FFF7FEFF 		bl	vPortExitCritical
 2749              	.LVL214:
1516:Middlewares/Third_Party/FreeRTOS/Source/queue.c **** 					return errQUEUE_EMPTY;
 2750              		.loc 1 1516 42 view .LVU816
1517:Middlewares/Third_Party/FreeRTOS/Source/queue.c **** 				}
 2751              		.loc 1 1517 6 view .LVU817
1517:Middlewares/Third_Party/FreeRTOS/Source/queue.c **** 				}
 2752              		.loc 1 1517 13 is_stmt 0 view .LVU818
 2753 00b4 DAE7     		b	.L179
 2754              	.L211:
1523:Middlewares/Third_Party/FreeRTOS/Source/queue.c **** 					xEntryTimeSet = pdTRUE;
 2755              		.loc 1 1523 6 is_stmt 1 view .LVU819
 2756 00b6 02A8     		add	r0, sp, #8
 2757 00b8 FFF7FEFF 		bl	vTaskInternalSetTimeOutState
 2758              	.LVL215:
1524:Middlewares/Third_Party/FreeRTOS/Source/queue.c **** 				}
 2759              		.loc 1 1524 6 view .LVU820
1524:Middlewares/Third_Party/FreeRTOS/Source/queue.c **** 				}
 2760              		.loc 1 1524 20 is_stmt 0 view .LVU821
 2761 00bc 0125     		movs	r5, #1
 2762 00be 2AE0     		b	.L194
 2763              	.LVL216:
 2764              	.L212:
1524:Middlewares/Third_Party/FreeRTOS/Source/queue.c **** 				}
 2765              		.loc 1 1524 20 view .LVU822
 2766              	.LBE175:
1539:Middlewares/Third_Party/FreeRTOS/Source/queue.c **** 
 2767              		.loc 1 1539 3 is_stmt 1 discriminator 1 view .LVU823
 2768 00c0 0023     		movs	r3, #0
 2769 00c2 84F84430 		strb	r3, [r4, #68]
 2770 00c6 32E0     		b	.L195
 2771              	.L213:
1539:Middlewares/Third_Party/FreeRTOS/Source/queue.c **** 
 2772              		.loc 1 1539 3 discriminator 4 view .LVU824
 2773 00c8 0023     		movs	r3, #0
 2774 00ca 84F84530 		strb	r3, [r4, #69]
 2775 00ce 34E0     		b	.L196
 2776              	.L214:
1556:Middlewares/Third_Party/FreeRTOS/Source/queue.c **** 						{
 2777              		.loc 1 1556 7 view .LVU825
 2778 00d0 FFF7FEFF 		bl	vPortEnterCritical
 2779              	.LVL217:
1558:Middlewares/Third_Party/FreeRTOS/Source/queue.c **** 						}
 2780              		.loc 1 1558 8 view .LVU826
1558:Middlewares/Third_Party/FreeRTOS/Source/queue.c **** 						}
ARM GAS  D:\software\msy64\tmp\ccpcBi2W.s 			page 108


 2781              		.loc 1 1558 31 is_stmt 0 view .LVU827
 2782 00d4 A068     		ldr	r0, [r4, #8]
 2783 00d6 FFF7FEFF 		bl	xTaskPriorityInherit
 2784              	.LVL218:
 2785 00da 0646     		mov	r6, r0
 2786              	.LVL219:
1560:Middlewares/Third_Party/FreeRTOS/Source/queue.c **** 					}
 2787              		.loc 1 1560 7 is_stmt 1 view .LVU828
 2788 00dc FFF7FEFF 		bl	vPortExitCritical
 2789              	.LVL220:
1560:Middlewares/Third_Party/FreeRTOS/Source/queue.c **** 					}
 2790              		.loc 1 1560 7 is_stmt 0 view .LVU829
 2791 00e0 3BE0     		b	.L199
 2792              	.L198:
1584:Middlewares/Third_Party/FreeRTOS/Source/queue.c **** 				( void ) xTaskResumeAll();
 2793              		.loc 1 1584 5 is_stmt 1 view .LVU830
 2794 00e2 2046     		mov	r0, r4
 2795 00e4 FFF7FEFF 		bl	prvUnlockQueue
 2796              	.LVL221:
1585:Middlewares/Third_Party/FreeRTOS/Source/queue.c **** 			}
 2797              		.loc 1 1585 5 view .LVU831
1585:Middlewares/Third_Party/FreeRTOS/Source/queue.c **** 			}
 2798              		.loc 1 1585 14 is_stmt 0 view .LVU832
 2799 00e8 FFF7FEFF 		bl	xTaskResumeAll
 2800              	.LVL222:
 2801 00ec 09E0     		b	.L186
 2802              	.L197:
1591:Middlewares/Third_Party/FreeRTOS/Source/queue.c **** 			( void ) xTaskResumeAll();
 2803              		.loc 1 1591 4 is_stmt 1 view .LVU833
 2804 00ee 2046     		mov	r0, r4
 2805 00f0 FFF7FEFF 		bl	prvUnlockQueue
 2806              	.LVL223:
1592:Middlewares/Third_Party/FreeRTOS/Source/queue.c **** 
 2807              		.loc 1 1592 4 view .LVU834
1592:Middlewares/Third_Party/FreeRTOS/Source/queue.c **** 
 2808              		.loc 1 1592 13 is_stmt 0 view .LVU835
 2809 00f4 FFF7FEFF 		bl	xTaskResumeAll
 2810              	.LVL224:
1598:Middlewares/Third_Party/FreeRTOS/Source/queue.c **** 			{
 2811              		.loc 1 1598 4 is_stmt 1 view .LVU836
1598:Middlewares/Third_Party/FreeRTOS/Source/queue.c **** 			{
 2812              		.loc 1 1598 8 is_stmt 0 view .LVU837
 2813 00f8 2046     		mov	r0, r4
 2814 00fa FFF7FEFF 		bl	prvIsQueueEmpty
 2815              	.LVL225:
1598:Middlewares/Third_Party/FreeRTOS/Source/queue.c **** 			{
 2816              		.loc 1 1598 6 discriminator 1 view .LVU838
 2817 00fe 0028     		cmp	r0, #0
 2818 0100 42D1     		bne	.L208
 2819              	.LVL226:
 2820              	.L186:
1438:Middlewares/Third_Party/FreeRTOS/Source/queue.c **** 	}
 2821              		.loc 1 1438 104 is_stmt 1 discriminator 8 view .LVU839
1446:Middlewares/Third_Party/FreeRTOS/Source/queue.c **** 	{
 2822              		.loc 1 1446 2 view .LVU840
1448:Middlewares/Third_Party/FreeRTOS/Source/queue.c **** 		{
 2823              		.loc 1 1448 3 view .LVU841
ARM GAS  D:\software\msy64\tmp\ccpcBi2W.s 			page 109


 2824 0102 FFF7FEFF 		bl	vPortEnterCritical
 2825              	.LVL227:
 2826              	.LBB176:
1452:Middlewares/Third_Party/FreeRTOS/Source/queue.c **** 
 2827              		.loc 1 1452 4 view .LVU842
1452:Middlewares/Third_Party/FreeRTOS/Source/queue.c **** 
 2828              		.loc 1 1452 22 is_stmt 0 view .LVU843
 2829 0106 A36B     		ldr	r3, [r4, #56]
 2830              	.LVL228:
1456:Middlewares/Third_Party/FreeRTOS/Source/queue.c **** 			{
 2831              		.loc 1 1456 4 is_stmt 1 view .LVU844
1456:Middlewares/Third_Party/FreeRTOS/Source/queue.c **** 			{
 2832              		.loc 1 1456 6 is_stmt 0 view .LVU845
 2833 0108 002B     		cmp	r3, #0
 2834 010a A6D1     		bne	.L209
1502:Middlewares/Third_Party/FreeRTOS/Source/queue.c **** 				{
 2835              		.loc 1 1502 5 is_stmt 1 view .LVU846
1502:Middlewares/Third_Party/FreeRTOS/Source/queue.c **** 				{
 2836              		.loc 1 1502 22 is_stmt 0 view .LVU847
 2837 010c 019B     		ldr	r3, [sp, #4]
 2838              	.LVL229:
1502:Middlewares/Third_Party/FreeRTOS/Source/queue.c **** 				{
 2839              		.loc 1 1502 7 view .LVU848
 2840 010e 002B     		cmp	r3, #0
 2841 0110 C4D0     		beq	.L210
1519:Middlewares/Third_Party/FreeRTOS/Source/queue.c **** 				{
 2842              		.loc 1 1519 10 is_stmt 1 view .LVU849
1519:Middlewares/Third_Party/FreeRTOS/Source/queue.c **** 				{
 2843              		.loc 1 1519 12 is_stmt 0 view .LVU850
 2844 0112 002D     		cmp	r5, #0
 2845 0114 CFD0     		beq	.L211
 2846              	.LVL230:
 2847              	.L194:
1529:Middlewares/Third_Party/FreeRTOS/Source/queue.c **** 				}
 2848              		.loc 1 1529 30 is_stmt 1 view .LVU851
 2849              	.LBE176:
1533:Middlewares/Third_Party/FreeRTOS/Source/queue.c **** 
 2850              		.loc 1 1533 3 view .LVU852
 2851 0116 FFF7FEFF 		bl	vPortExitCritical
 2852              	.LVL231:
1538:Middlewares/Third_Party/FreeRTOS/Source/queue.c **** 		prvLockQueue( pxQueue );
 2853              		.loc 1 1538 3 view .LVU853
 2854 011a FFF7FEFF 		bl	vTaskSuspendAll
 2855              	.LVL232:
1539:Middlewares/Third_Party/FreeRTOS/Source/queue.c **** 
 2856              		.loc 1 1539 3 view .LVU854
 2857 011e FFF7FEFF 		bl	vPortEnterCritical
 2858              	.LVL233:
1539:Middlewares/Third_Party/FreeRTOS/Source/queue.c **** 
 2859              		.loc 1 1539 3 discriminator 1 view .LVU855
 2860 0122 94F84430 		ldrb	r3, [r4, #68]	@ zero_extendqisi2
 2861 0126 5BB2     		sxtb	r3, r3
 2862 0128 B3F1FF3F 		cmp	r3, #-1
 2863 012c C8D0     		beq	.L212
 2864              	.L195:
1539:Middlewares/Third_Party/FreeRTOS/Source/queue.c **** 
 2865              		.loc 1 1539 3 discriminator 3 view .LVU856
ARM GAS  D:\software\msy64\tmp\ccpcBi2W.s 			page 110


 2866 012e 94F84530 		ldrb	r3, [r4, #69]	@ zero_extendqisi2
 2867 0132 5BB2     		sxtb	r3, r3
 2868 0134 B3F1FF3F 		cmp	r3, #-1
 2869 0138 C6D0     		beq	.L213
 2870              	.L196:
1539:Middlewares/Third_Party/FreeRTOS/Source/queue.c **** 
 2871              		.loc 1 1539 3 discriminator 6 view .LVU857
 2872 013a FFF7FEFF 		bl	vPortExitCritical
 2873              	.LVL234:
1542:Middlewares/Third_Party/FreeRTOS/Source/queue.c **** 		{
 2874              		.loc 1 1542 3 view .LVU858
1542:Middlewares/Third_Party/FreeRTOS/Source/queue.c **** 		{
 2875              		.loc 1 1542 7 is_stmt 0 view .LVU859
 2876 013e 01A9     		add	r1, sp, #4
 2877 0140 02A8     		add	r0, sp, #8
 2878 0142 FFF7FEFF 		bl	xTaskCheckForTimeOut
 2879              	.LVL235:
1542:Middlewares/Third_Party/FreeRTOS/Source/queue.c **** 		{
 2880              		.loc 1 1542 5 discriminator 1 view .LVU860
 2881 0146 0028     		cmp	r0, #0
 2882 0148 D1D1     		bne	.L197
1548:Middlewares/Third_Party/FreeRTOS/Source/queue.c **** 			{
 2883              		.loc 1 1548 4 is_stmt 1 view .LVU861
1548:Middlewares/Third_Party/FreeRTOS/Source/queue.c **** 			{
 2884              		.loc 1 1548 8 is_stmt 0 view .LVU862
 2885 014a 2046     		mov	r0, r4
 2886 014c FFF7FEFF 		bl	prvIsQueueEmpty
 2887              	.LVL236:
1548:Middlewares/Third_Party/FreeRTOS/Source/queue.c **** 			{
 2888              		.loc 1 1548 6 discriminator 1 view .LVU863
 2889 0150 0028     		cmp	r0, #0
 2890 0152 C6D0     		beq	.L198
1550:Middlewares/Third_Party/FreeRTOS/Source/queue.c **** 
 2891              		.loc 1 1550 46 is_stmt 1 view .LVU864
1554:Middlewares/Third_Party/FreeRTOS/Source/queue.c **** 					{
 2892              		.loc 1 1554 6 view .LVU865
1554:Middlewares/Third_Party/FreeRTOS/Source/queue.c **** 					{
 2893              		.loc 1 1554 17 is_stmt 0 view .LVU866
 2894 0154 2368     		ldr	r3, [r4]
1554:Middlewares/Third_Party/FreeRTOS/Source/queue.c **** 					{
 2895              		.loc 1 1554 8 view .LVU867
 2896 0156 002B     		cmp	r3, #0
 2897 0158 BAD0     		beq	.L214
 2898              	.L199:
1564:Middlewares/Third_Party/FreeRTOS/Source/queue.c **** 					}
 2899              		.loc 1 1564 31 is_stmt 1 view .LVU868
1569:Middlewares/Third_Party/FreeRTOS/Source/queue.c **** 				prvUnlockQueue( pxQueue );
 2900              		.loc 1 1569 5 view .LVU869
 2901 015a 0199     		ldr	r1, [sp, #4]
 2902 015c 04F12400 		add	r0, r4, #36
 2903 0160 FFF7FEFF 		bl	vTaskPlaceOnEventList
 2904              	.LVL237:
1570:Middlewares/Third_Party/FreeRTOS/Source/queue.c **** 				if( xTaskResumeAll() == pdFALSE )
 2905              		.loc 1 1570 5 view .LVU870
 2906 0164 2046     		mov	r0, r4
 2907 0166 FFF7FEFF 		bl	prvUnlockQueue
 2908              	.LVL238:
ARM GAS  D:\software\msy64\tmp\ccpcBi2W.s 			page 111


1571:Middlewares/Third_Party/FreeRTOS/Source/queue.c **** 				{
 2909              		.loc 1 1571 5 view .LVU871
1571:Middlewares/Third_Party/FreeRTOS/Source/queue.c **** 				{
 2910              		.loc 1 1571 9 is_stmt 0 view .LVU872
 2911 016a FFF7FEFF 		bl	xTaskResumeAll
 2912              	.LVL239:
1571:Middlewares/Third_Party/FreeRTOS/Source/queue.c **** 				{
 2913              		.loc 1 1571 7 discriminator 1 view .LVU873
 2914 016e 0028     		cmp	r0, #0
 2915 0170 C7D1     		bne	.L186
1573:Middlewares/Third_Party/FreeRTOS/Source/queue.c **** 				}
 2916              		.loc 1 1573 6 is_stmt 1 view .LVU874
 2917 0172 4FF0E023 		mov	r3, #-536813568
 2918 0176 4FF08052 		mov	r2, #268435456
 2919 017a C3F8042D 		str	r2, [r3, #3332]
1573:Middlewares/Third_Party/FreeRTOS/Source/queue.c **** 				}
 2920              		.loc 1 1573 6 view .LVU875
 2921              		.syntax unified
 2922              	@ 1573 "Middlewares/Third_Party/FreeRTOS/Source/queue.c" 1
 2923 017e BFF34F8F 		dsb
 2924              	@ 0 "" 2
1573:Middlewares/Third_Party/FreeRTOS/Source/queue.c **** 				}
 2925              		.loc 1 1573 6 view .LVU876
 2926              	@ 1573 "Middlewares/Third_Party/FreeRTOS/Source/queue.c" 1
 2927 0182 BFF36F8F 		isb
 2928              	@ 0 "" 2
1573:Middlewares/Third_Party/FreeRTOS/Source/queue.c **** 				}
 2929              		.loc 1 1573 28 view .LVU877
 2930              		.thumb
 2931              		.syntax unified
 2932 0186 BCE7     		b	.L186
 2933              	.L208:
1605:Middlewares/Third_Party/FreeRTOS/Source/queue.c **** 					{
 2934              		.loc 1 1605 6 view .LVU878
1605:Middlewares/Third_Party/FreeRTOS/Source/queue.c **** 					{
 2935              		.loc 1 1605 8 is_stmt 0 view .LVU879
 2936 0188 0EB9     		cbnz	r6, .L215
 2937              	.L201:
1624:Middlewares/Third_Party/FreeRTOS/Source/queue.c **** 				return errQUEUE_EMPTY;
 2938              		.loc 1 1624 41 is_stmt 1 view .LVU880
1625:Middlewares/Third_Party/FreeRTOS/Source/queue.c **** 			}
 2939              		.loc 1 1625 5 view .LVU881
1625:Middlewares/Third_Party/FreeRTOS/Source/queue.c **** 			}
 2940              		.loc 1 1625 12 is_stmt 0 view .LVU882
 2941 018a 0026     		movs	r6, #0
 2942              	.LVL240:
1625:Middlewares/Third_Party/FreeRTOS/Source/queue.c **** 			}
 2943              		.loc 1 1625 12 view .LVU883
 2944 018c 6EE7     		b	.L179
 2945              	.LVL241:
 2946              	.L215:
1607:Middlewares/Third_Party/FreeRTOS/Source/queue.c **** 						{
 2947              		.loc 1 1607 7 is_stmt 1 view .LVU884
 2948 018e FFF7FEFF 		bl	vPortEnterCritical
 2949              	.LVL242:
 2950              	.LBB177:
1609:Middlewares/Third_Party/FreeRTOS/Source/queue.c **** 
ARM GAS  D:\software\msy64\tmp\ccpcBi2W.s 			page 112


 2951              		.loc 1 1609 8 view .LVU885
1616:Middlewares/Third_Party/FreeRTOS/Source/queue.c **** 							vTaskPriorityDisinheritAfterTimeout( pxQueue->u.xSemaphore.xMutexHolder, uxHighestWaitingPri
 2952              		.loc 1 1616 8 view .LVU886
1616:Middlewares/Third_Party/FreeRTOS/Source/queue.c **** 							vTaskPriorityDisinheritAfterTimeout( pxQueue->u.xSemaphore.xMutexHolder, uxHighestWaitingPri
 2953              		.loc 1 1616 35 is_stmt 0 view .LVU887
 2954 0192 2046     		mov	r0, r4
 2955 0194 FFF7FEFF 		bl	prvGetDisinheritPriorityAfterTimeout
 2956              	.LVL243:
 2957 0198 0146     		mov	r1, r0
 2958              	.LVL244:
1617:Middlewares/Third_Party/FreeRTOS/Source/queue.c **** 						}
 2959              		.loc 1 1617 8 is_stmt 1 view .LVU888
 2960 019a A068     		ldr	r0, [r4, #8]
 2961              	.LVL245:
1617:Middlewares/Third_Party/FreeRTOS/Source/queue.c **** 						}
 2962              		.loc 1 1617 8 is_stmt 0 view .LVU889
 2963 019c FFF7FEFF 		bl	vTaskPriorityDisinheritAfterTimeout
 2964              	.LVL246:
1617:Middlewares/Third_Party/FreeRTOS/Source/queue.c **** 						}
 2965              		.loc 1 1617 8 view .LVU890
 2966              	.LBE177:
1619:Middlewares/Third_Party/FreeRTOS/Source/queue.c **** 					}
 2967              		.loc 1 1619 7 is_stmt 1 view .LVU891
 2968 01a0 FFF7FEFF 		bl	vPortExitCritical
 2969              	.LVL247:
 2970 01a4 F1E7     		b	.L201
 2971              		.cfi_endproc
 2972              	.LFE16:
 2974              		.section	.text.xQueuePeek,"ax",%progbits
 2975              		.align	1
 2976              		.global	xQueuePeek
 2977              		.syntax unified
 2978              		.thumb
 2979              		.thumb_func
 2981              	xQueuePeek:
 2982              	.LVL248:
 2983              	.LFB17:
1637:Middlewares/Third_Party/FreeRTOS/Source/queue.c **** BaseType_t xEntryTimeSet = pdFALSE;
 2984              		.loc 1 1637 1 view -0
 2985              		.cfi_startproc
 2986              		@ args = 0, pretend = 0, frame = 16
 2987              		@ frame_needed = 0, uses_anonymous_args = 0
1637:Middlewares/Third_Party/FreeRTOS/Source/queue.c **** BaseType_t xEntryTimeSet = pdFALSE;
 2988              		.loc 1 1637 1 is_stmt 0 view .LVU893
 2989 0000 70B5     		push	{r4, r5, r6, lr}
 2990              	.LCFI35:
 2991              		.cfi_def_cfa_offset 16
 2992              		.cfi_offset 4, -16
 2993              		.cfi_offset 5, -12
 2994              		.cfi_offset 6, -8
 2995              		.cfi_offset 14, -4
 2996 0002 84B0     		sub	sp, sp, #16
 2997              	.LCFI36:
 2998              		.cfi_def_cfa_offset 32
 2999 0004 0192     		str	r2, [sp, #4]
1638:Middlewares/Third_Party/FreeRTOS/Source/queue.c **** TimeOut_t xTimeOut;
 3000              		.loc 1 1638 1 is_stmt 1 view .LVU894
ARM GAS  D:\software\msy64\tmp\ccpcBi2W.s 			page 113


 3001              	.LVL249:
1639:Middlewares/Third_Party/FreeRTOS/Source/queue.c **** int8_t *pcOriginalReadPosition;
 3002              		.loc 1 1639 1 view .LVU895
1640:Middlewares/Third_Party/FreeRTOS/Source/queue.c **** Queue_t * const pxQueue = xQueue;
 3003              		.loc 1 1640 1 view .LVU896
1641:Middlewares/Third_Party/FreeRTOS/Source/queue.c **** 
 3004              		.loc 1 1641 1 view .LVU897
1644:Middlewares/Third_Party/FreeRTOS/Source/queue.c **** 
 3005              		.loc 1 1644 2 view .LVU898
 3006 0006 90B1     		cbz	r0, .L236
 3007 0008 0E46     		mov	r6, r1
 3008 000a 0446     		mov	r4, r0
1644:Middlewares/Third_Party/FreeRTOS/Source/queue.c **** 
 3009              		.loc 1 1644 29 discriminator 2 view .LVU899
1648:Middlewares/Third_Party/FreeRTOS/Source/queue.c **** 
 3010              		.loc 1 1648 2 view .LVU900
 3011 000c C1B1     		cbz	r1, .L237
 3012              	.L219:
1648:Middlewares/Third_Party/FreeRTOS/Source/queue.c **** 
 3013              		.loc 1 1648 100 discriminator 8 view .LVU901
1653:Middlewares/Third_Party/FreeRTOS/Source/queue.c **** 	}
 3014              		.loc 1 1653 3 view .LVU902
 3015 000e FFF7FEFF 		bl	xTaskGetSchedulerState
 3016              	.LVL250:
1653:Middlewares/Third_Party/FreeRTOS/Source/queue.c **** 	}
 3017              		.loc 1 1653 3 is_stmt 0 discriminator 1 view .LVU903
 3018 0012 0546     		mov	r5, r0
 3019 0014 00BB     		cbnz	r0, .L234
1653:Middlewares/Third_Party/FreeRTOS/Source/queue.c **** 	}
 3020              		.loc 1 1653 3 discriminator 2 view .LVU904
 3021 0016 019B     		ldr	r3, [sp, #4]
 3022 0018 002B     		cmp	r3, #0
 3023 001a 5ED0     		beq	.L223
1653:Middlewares/Third_Party/FreeRTOS/Source/queue.c **** 	}
 3024              		.loc 1 1653 3 is_stmt 1 discriminator 7 view .LVU905
 3025              	.LBB178:
 3026              	.LBI178:
 193:Middlewares/Third_Party/FreeRTOS/Source/portable/GCC/ARM_CM3/portmacro.h **** {
 3027              		.loc 2 193 30 view .LVU906
 3028              	.LBB179:
 195:Middlewares/Third_Party/FreeRTOS/Source/portable/GCC/ARM_CM3/portmacro.h **** 
 3029              		.loc 2 195 1 view .LVU907
 197:Middlewares/Third_Party/FreeRTOS/Source/portable/GCC/ARM_CM3/portmacro.h **** 	(
 3030              		.loc 2 197 2 view .LVU908
 3031              		.syntax unified
 3032              	@ 197 "Middlewares/Third_Party/FreeRTOS/Source/portable/GCC/ARM_CM3/portmacro.h" 1
 3033 001c 4FF05003 			mov r3, #80												
 3034 0020 83F31188 		msr basepri, r3											
 3035 0024 BFF36F8F 		isb														
 3036 0028 BFF34F8F 		dsb														
 3037              	
 3038              	@ 0 "" 2
 3039              		.thumb
 3040              		.syntax unified
 3041              	.L222:
 3042              	.LBE179:
 3043              	.LBE178:
ARM GAS  D:\software\msy64\tmp\ccpcBi2W.s 			page 114


1653:Middlewares/Third_Party/FreeRTOS/Source/queue.c **** 	}
 3044              		.loc 1 1653 3 discriminator 9 view .LVU909
1653:Middlewares/Third_Party/FreeRTOS/Source/queue.c **** 	}
 3045              		.loc 1 1653 3 discriminator 9 view .LVU910
 3046 002c FEE7     		b	.L222
 3047              	.LVL251:
 3048              	.L236:
1644:Middlewares/Third_Party/FreeRTOS/Source/queue.c **** 
 3049              		.loc 1 1644 2 discriminator 1 view .LVU911
 3050              	.LBB180:
 3051              	.LBI180:
 193:Middlewares/Third_Party/FreeRTOS/Source/portable/GCC/ARM_CM3/portmacro.h **** {
 3052              		.loc 2 193 30 view .LVU912
 3053              	.LBB181:
 195:Middlewares/Third_Party/FreeRTOS/Source/portable/GCC/ARM_CM3/portmacro.h **** 
 3054              		.loc 2 195 1 view .LVU913
 197:Middlewares/Third_Party/FreeRTOS/Source/portable/GCC/ARM_CM3/portmacro.h **** 	(
 3055              		.loc 2 197 2 view .LVU914
 3056              		.syntax unified
 3057              	@ 197 "Middlewares/Third_Party/FreeRTOS/Source/portable/GCC/ARM_CM3/portmacro.h" 1
 3058 002e 4FF05003 			mov r3, #80												
 3059 0032 83F31188 		msr basepri, r3											
 3060 0036 BFF36F8F 		isb														
 3061 003a BFF34F8F 		dsb														
 3062              	
 3063              	@ 0 "" 2
 3064              		.thumb
 3065              		.syntax unified
 3066              	.L218:
 3067              	.LBE181:
 3068              	.LBE180:
1644:Middlewares/Third_Party/FreeRTOS/Source/queue.c **** 
 3069              		.loc 1 1644 2 discriminator 3 view .LVU915
1644:Middlewares/Third_Party/FreeRTOS/Source/queue.c **** 
 3070              		.loc 1 1644 2 discriminator 3 view .LVU916
 3071 003e FEE7     		b	.L218
 3072              	.L237:
1648:Middlewares/Third_Party/FreeRTOS/Source/queue.c **** 
 3073              		.loc 1 1648 2 is_stmt 0 discriminator 2 view .LVU917
 3074 0040 036C     		ldr	r3, [r0, #64]
 3075 0042 002B     		cmp	r3, #0
 3076 0044 E3D0     		beq	.L219
1648:Middlewares/Third_Party/FreeRTOS/Source/queue.c **** 
 3077              		.loc 1 1648 2 is_stmt 1 discriminator 7 view .LVU918
 3078              	.LBB182:
 3079              	.LBI182:
 193:Middlewares/Third_Party/FreeRTOS/Source/portable/GCC/ARM_CM3/portmacro.h **** {
 3080              		.loc 2 193 30 view .LVU919
 3081              	.LBB183:
 195:Middlewares/Third_Party/FreeRTOS/Source/portable/GCC/ARM_CM3/portmacro.h **** 
 3082              		.loc 2 195 1 view .LVU920
 197:Middlewares/Third_Party/FreeRTOS/Source/portable/GCC/ARM_CM3/portmacro.h **** 	(
 3083              		.loc 2 197 2 view .LVU921
 3084              		.syntax unified
 3085              	@ 197 "Middlewares/Third_Party/FreeRTOS/Source/portable/GCC/ARM_CM3/portmacro.h" 1
 3086 0046 4FF05003 			mov r3, #80												
 3087 004a 83F31188 		msr basepri, r3											
ARM GAS  D:\software\msy64\tmp\ccpcBi2W.s 			page 115


 3088 004e BFF36F8F 		isb														
 3089 0052 BFF34F8F 		dsb														
 3090              	
 3091              	@ 0 "" 2
 3092              		.thumb
 3093              		.syntax unified
 3094              	.L220:
 3095              	.LBE183:
 3096              	.LBE182:
1648:Middlewares/Third_Party/FreeRTOS/Source/queue.c **** 
 3097              		.loc 1 1648 2 discriminator 9 view .LVU922
1648:Middlewares/Third_Party/FreeRTOS/Source/queue.c **** 
 3098              		.loc 1 1648 2 discriminator 9 view .LVU923
 3099 0056 FEE7     		b	.L220
 3100              	.LVL252:
 3101              	.L234:
1648:Middlewares/Third_Party/FreeRTOS/Source/queue.c **** 
 3102              		.loc 1 1648 2 is_stmt 0 discriminator 9 view .LVU924
 3103 0058 0025     		movs	r5, #0
 3104 005a 3EE0     		b	.L223
 3105              	.LVL253:
 3106              	.L240:
 3107              	.LBB184:
1674:Middlewares/Third_Party/FreeRTOS/Source/queue.c **** 
 3108              		.loc 1 1674 5 is_stmt 1 view .LVU925
1674:Middlewares/Third_Party/FreeRTOS/Source/queue.c **** 
 3109              		.loc 1 1674 28 is_stmt 0 view .LVU926
 3110 005c E568     		ldr	r5, [r4, #12]
 3111              	.LVL254:
1676:Middlewares/Third_Party/FreeRTOS/Source/queue.c **** 				traceQUEUE_PEEK( pxQueue );
 3112              		.loc 1 1676 5 is_stmt 1 view .LVU927
 3113 005e 3146     		mov	r1, r6
 3114 0060 2046     		mov	r0, r4
 3115 0062 FFF7FEFF 		bl	prvCopyDataFromQueue
 3116              	.LVL255:
1677:Middlewares/Third_Party/FreeRTOS/Source/queue.c **** 
 3117              		.loc 1 1677 31 view .LVU928
1680:Middlewares/Third_Party/FreeRTOS/Source/queue.c **** 
 3118              		.loc 1 1680 5 view .LVU929
1680:Middlewares/Third_Party/FreeRTOS/Source/queue.c **** 
 3119              		.loc 1 1680 34 is_stmt 0 view .LVU930
 3120 0066 E560     		str	r5, [r4, #12]
1684:Middlewares/Third_Party/FreeRTOS/Source/queue.c **** 				{
 3121              		.loc 1 1684 5 is_stmt 1 view .LVU931
1684:Middlewares/Third_Party/FreeRTOS/Source/queue.c **** 				{
 3122              		.loc 1 1684 9 is_stmt 0 view .LVU932
 3123 0068 636A     		ldr	r3, [r4, #36]
1684:Middlewares/Third_Party/FreeRTOS/Source/queue.c **** 				{
 3124              		.loc 1 1684 7 view .LVU933
 3125 006a 23B9     		cbnz	r3, .L238
 3126              	.L225:
1698:Middlewares/Third_Party/FreeRTOS/Source/queue.c **** 				}
 3127              		.loc 1 1698 30 is_stmt 1 view .LVU934
1701:Middlewares/Third_Party/FreeRTOS/Source/queue.c **** 				return pdPASS;
 3128              		.loc 1 1701 5 view .LVU935
 3129 006c FFF7FEFF 		bl	vPortExitCritical
 3130              	.LVL256:
ARM GAS  D:\software\msy64\tmp\ccpcBi2W.s 			page 116


1702:Middlewares/Third_Party/FreeRTOS/Source/queue.c **** 			}
 3131              		.loc 1 1702 5 view .LVU936
1702:Middlewares/Third_Party/FreeRTOS/Source/queue.c **** 			}
 3132              		.loc 1 1702 12 is_stmt 0 view .LVU937
 3133 0070 0120     		movs	r0, #1
 3134              	.LVL257:
 3135              	.L216:
1702:Middlewares/Third_Party/FreeRTOS/Source/queue.c **** 			}
 3136              		.loc 1 1702 12 view .LVU938
 3137              	.LBE184:
1782:Middlewares/Third_Party/FreeRTOS/Source/queue.c **** /*-----------------------------------------------------------*/
 3138              		.loc 1 1782 1 view .LVU939
 3139 0072 04B0     		add	sp, sp, #16
 3140              	.LCFI37:
 3141              		.cfi_remember_state
 3142              		.cfi_def_cfa_offset 16
 3143              		@ sp needed
 3144 0074 70BD     		pop	{r4, r5, r6, pc}
 3145              	.LVL258:
 3146              	.L238:
 3147              	.LCFI38:
 3148              		.cfi_restore_state
 3149              	.LBB185:
1686:Middlewares/Third_Party/FreeRTOS/Source/queue.c **** 					{
 3150              		.loc 1 1686 6 is_stmt 1 view .LVU940
1686:Middlewares/Third_Party/FreeRTOS/Source/queue.c **** 					{
 3151              		.loc 1 1686 10 is_stmt 0 view .LVU941
 3152 0076 04F12400 		add	r0, r4, #36
 3153 007a FFF7FEFF 		bl	xTaskRemoveFromEventList
 3154              	.LVL259:
1686:Middlewares/Third_Party/FreeRTOS/Source/queue.c **** 					{
 3155              		.loc 1 1686 8 discriminator 1 view .LVU942
 3156 007e 0028     		cmp	r0, #0
 3157 0080 F4D0     		beq	.L225
1689:Middlewares/Third_Party/FreeRTOS/Source/queue.c **** 					}
 3158              		.loc 1 1689 7 is_stmt 1 view .LVU943
 3159 0082 4FF0E023 		mov	r3, #-536813568
 3160 0086 4FF08052 		mov	r2, #268435456
 3161 008a C3F8042D 		str	r2, [r3, #3332]
1689:Middlewares/Third_Party/FreeRTOS/Source/queue.c **** 					}
 3162              		.loc 1 1689 7 view .LVU944
 3163              		.syntax unified
 3164              	@ 1689 "Middlewares/Third_Party/FreeRTOS/Source/queue.c" 1
 3165 008e BFF34F8F 		dsb
 3166              	@ 0 "" 2
1689:Middlewares/Third_Party/FreeRTOS/Source/queue.c **** 					}
 3167              		.loc 1 1689 7 view .LVU945
 3168              	@ 1689 "Middlewares/Third_Party/FreeRTOS/Source/queue.c" 1
 3169 0092 BFF36F8F 		isb
 3170              	@ 0 "" 2
1689:Middlewares/Third_Party/FreeRTOS/Source/queue.c **** 					}
 3171              		.loc 1 1689 39 view .LVU946
 3172              		.thumb
 3173              		.syntax unified
 3174 0096 E9E7     		b	.L225
 3175              	.LVL260:
 3176              	.L241:
ARM GAS  D:\software\msy64\tmp\ccpcBi2W.s 			page 117


1710:Middlewares/Third_Party/FreeRTOS/Source/queue.c **** 					traceQUEUE_PEEK_FAILED( pxQueue );
 3177              		.loc 1 1710 6 view .LVU947
 3178 0098 FFF7FEFF 		bl	vPortExitCritical
 3179              	.LVL261:
1711:Middlewares/Third_Party/FreeRTOS/Source/queue.c **** 					return errQUEUE_EMPTY;
 3180              		.loc 1 1711 39 view .LVU948
1712:Middlewares/Third_Party/FreeRTOS/Source/queue.c **** 				}
 3181              		.loc 1 1712 6 view .LVU949
1712:Middlewares/Third_Party/FreeRTOS/Source/queue.c **** 				}
 3182              		.loc 1 1712 13 is_stmt 0 view .LVU950
 3183 009c 0020     		movs	r0, #0
 3184 009e E8E7     		b	.L216
 3185              	.L242:
1719:Middlewares/Third_Party/FreeRTOS/Source/queue.c **** 					xEntryTimeSet = pdTRUE;
 3186              		.loc 1 1719 6 is_stmt 1 view .LVU951
 3187 00a0 02A8     		add	r0, sp, #8
 3188 00a2 FFF7FEFF 		bl	vTaskInternalSetTimeOutState
 3189              	.LVL262:
1720:Middlewares/Third_Party/FreeRTOS/Source/queue.c **** 				}
 3190              		.loc 1 1720 6 view .LVU952
1720:Middlewares/Third_Party/FreeRTOS/Source/queue.c **** 				}
 3191              		.loc 1 1720 20 is_stmt 0 view .LVU953
 3192 00a6 0125     		movs	r5, #1
 3193 00a8 21E0     		b	.L228
 3194              	.LVL263:
 3195              	.L243:
1720:Middlewares/Third_Party/FreeRTOS/Source/queue.c **** 				}
 3196              		.loc 1 1720 20 view .LVU954
 3197              	.LBE185:
1735:Middlewares/Third_Party/FreeRTOS/Source/queue.c **** 
 3198              		.loc 1 1735 3 is_stmt 1 discriminator 1 view .LVU955
 3199 00aa 0023     		movs	r3, #0
 3200 00ac 84F84430 		strb	r3, [r4, #68]
 3201 00b0 29E0     		b	.L229
 3202              	.L244:
1735:Middlewares/Third_Party/FreeRTOS/Source/queue.c **** 
 3203              		.loc 1 1735 3 discriminator 4 view .LVU956
 3204 00b2 0023     		movs	r3, #0
 3205 00b4 84F84530 		strb	r3, [r4, #69]
 3206 00b8 2BE0     		b	.L230
 3207              	.L232:
1760:Middlewares/Third_Party/FreeRTOS/Source/queue.c **** 				( void ) xTaskResumeAll();
 3208              		.loc 1 1760 5 view .LVU957
 3209 00ba 2046     		mov	r0, r4
 3210 00bc FFF7FEFF 		bl	prvUnlockQueue
 3211              	.LVL264:
1761:Middlewares/Third_Party/FreeRTOS/Source/queue.c **** 			}
 3212              		.loc 1 1761 5 view .LVU958
1761:Middlewares/Third_Party/FreeRTOS/Source/queue.c **** 			}
 3213              		.loc 1 1761 14 is_stmt 0 view .LVU959
 3214 00c0 FFF7FEFF 		bl	xTaskResumeAll
 3215              	.LVL265:
 3216 00c4 09E0     		b	.L223
 3217              	.L231:
1768:Middlewares/Third_Party/FreeRTOS/Source/queue.c **** 			( void ) xTaskResumeAll();
 3218              		.loc 1 1768 4 is_stmt 1 view .LVU960
 3219 00c6 2046     		mov	r0, r4
ARM GAS  D:\software\msy64\tmp\ccpcBi2W.s 			page 118


 3220 00c8 FFF7FEFF 		bl	prvUnlockQueue
 3221              	.LVL266:
1769:Middlewares/Third_Party/FreeRTOS/Source/queue.c **** 
 3222              		.loc 1 1769 4 view .LVU961
1769:Middlewares/Third_Party/FreeRTOS/Source/queue.c **** 
 3223              		.loc 1 1769 13 is_stmt 0 view .LVU962
 3224 00cc FFF7FEFF 		bl	xTaskResumeAll
 3225              	.LVL267:
1771:Middlewares/Third_Party/FreeRTOS/Source/queue.c **** 			{
 3226              		.loc 1 1771 4 is_stmt 1 view .LVU963
1771:Middlewares/Third_Party/FreeRTOS/Source/queue.c **** 			{
 3227              		.loc 1 1771 8 is_stmt 0 view .LVU964
 3228 00d0 2046     		mov	r0, r4
 3229 00d2 FFF7FEFF 		bl	prvIsQueueEmpty
 3230              	.LVL268:
1771:Middlewares/Third_Party/FreeRTOS/Source/queue.c **** 			{
 3231              		.loc 1 1771 6 discriminator 1 view .LVU965
 3232 00d6 0028     		cmp	r0, #0
 3233 00d8 3FD1     		bne	.L239
 3234              	.LVL269:
 3235              	.L223:
1653:Middlewares/Third_Party/FreeRTOS/Source/queue.c **** 	}
 3236              		.loc 1 1653 104 is_stmt 1 discriminator 8 view .LVU966
1661:Middlewares/Third_Party/FreeRTOS/Source/queue.c **** 	{
 3237              		.loc 1 1661 2 view .LVU967
1663:Middlewares/Third_Party/FreeRTOS/Source/queue.c **** 		{
 3238              		.loc 1 1663 3 view .LVU968
 3239 00da FFF7FEFF 		bl	vPortEnterCritical
 3240              	.LVL270:
 3241              	.LBB186:
1665:Middlewares/Third_Party/FreeRTOS/Source/queue.c **** 
 3242              		.loc 1 1665 4 view .LVU969
1665:Middlewares/Third_Party/FreeRTOS/Source/queue.c **** 
 3243              		.loc 1 1665 22 is_stmt 0 view .LVU970
 3244 00de A36B     		ldr	r3, [r4, #56]
 3245              	.LVL271:
1669:Middlewares/Third_Party/FreeRTOS/Source/queue.c **** 			{
 3246              		.loc 1 1669 4 is_stmt 1 view .LVU971
1669:Middlewares/Third_Party/FreeRTOS/Source/queue.c **** 			{
 3247              		.loc 1 1669 6 is_stmt 0 view .LVU972
 3248 00e0 002B     		cmp	r3, #0
 3249 00e2 BBD1     		bne	.L240
1706:Middlewares/Third_Party/FreeRTOS/Source/queue.c **** 				{
 3250              		.loc 1 1706 5 is_stmt 1 view .LVU973
1706:Middlewares/Third_Party/FreeRTOS/Source/queue.c **** 				{
 3251              		.loc 1 1706 22 is_stmt 0 view .LVU974
 3252 00e4 019B     		ldr	r3, [sp, #4]
 3253              	.LVL272:
1706:Middlewares/Third_Party/FreeRTOS/Source/queue.c **** 				{
 3254              		.loc 1 1706 7 view .LVU975
 3255 00e6 002B     		cmp	r3, #0
 3256 00e8 D6D0     		beq	.L241
1714:Middlewares/Third_Party/FreeRTOS/Source/queue.c **** 				{
 3257              		.loc 1 1714 10 is_stmt 1 view .LVU976
1714:Middlewares/Third_Party/FreeRTOS/Source/queue.c **** 				{
 3258              		.loc 1 1714 12 is_stmt 0 view .LVU977
 3259 00ea 002D     		cmp	r5, #0
ARM GAS  D:\software\msy64\tmp\ccpcBi2W.s 			page 119


 3260 00ec D8D0     		beq	.L242
 3261              	.LVL273:
 3262              	.L228:
1725:Middlewares/Third_Party/FreeRTOS/Source/queue.c **** 				}
 3263              		.loc 1 1725 30 is_stmt 1 view .LVU978
 3264              	.LBE186:
1729:Middlewares/Third_Party/FreeRTOS/Source/queue.c **** 
 3265              		.loc 1 1729 3 view .LVU979
 3266 00ee FFF7FEFF 		bl	vPortExitCritical
 3267              	.LVL274:
1734:Middlewares/Third_Party/FreeRTOS/Source/queue.c **** 		prvLockQueue( pxQueue );
 3268              		.loc 1 1734 3 view .LVU980
 3269 00f2 FFF7FEFF 		bl	vTaskSuspendAll
 3270              	.LVL275:
1735:Middlewares/Third_Party/FreeRTOS/Source/queue.c **** 
 3271              		.loc 1 1735 3 view .LVU981
 3272 00f6 FFF7FEFF 		bl	vPortEnterCritical
 3273              	.LVL276:
1735:Middlewares/Third_Party/FreeRTOS/Source/queue.c **** 
 3274              		.loc 1 1735 3 discriminator 1 view .LVU982
 3275 00fa 94F84430 		ldrb	r3, [r4, #68]	@ zero_extendqisi2
 3276 00fe 5BB2     		sxtb	r3, r3
 3277 0100 B3F1FF3F 		cmp	r3, #-1
 3278 0104 D1D0     		beq	.L243
 3279              	.L229:
1735:Middlewares/Third_Party/FreeRTOS/Source/queue.c **** 
 3280              		.loc 1 1735 3 discriminator 3 view .LVU983
 3281 0106 94F84530 		ldrb	r3, [r4, #69]	@ zero_extendqisi2
 3282 010a 5BB2     		sxtb	r3, r3
 3283 010c B3F1FF3F 		cmp	r3, #-1
 3284 0110 CFD0     		beq	.L244
 3285              	.L230:
1735:Middlewares/Third_Party/FreeRTOS/Source/queue.c **** 
 3286              		.loc 1 1735 3 discriminator 6 view .LVU984
 3287 0112 FFF7FEFF 		bl	vPortExitCritical
 3288              	.LVL277:
1738:Middlewares/Third_Party/FreeRTOS/Source/queue.c **** 		{
 3289              		.loc 1 1738 3 view .LVU985
1738:Middlewares/Third_Party/FreeRTOS/Source/queue.c **** 		{
 3290              		.loc 1 1738 7 is_stmt 0 view .LVU986
 3291 0116 01A9     		add	r1, sp, #4
 3292 0118 02A8     		add	r0, sp, #8
 3293 011a FFF7FEFF 		bl	xTaskCheckForTimeOut
 3294              	.LVL278:
1738:Middlewares/Third_Party/FreeRTOS/Source/queue.c **** 		{
 3295              		.loc 1 1738 5 discriminator 1 view .LVU987
 3296 011e 0028     		cmp	r0, #0
 3297 0120 D1D1     		bne	.L231
1742:Middlewares/Third_Party/FreeRTOS/Source/queue.c **** 			{
 3298              		.loc 1 1742 4 is_stmt 1 view .LVU988
1742:Middlewares/Third_Party/FreeRTOS/Source/queue.c **** 			{
 3299              		.loc 1 1742 8 is_stmt 0 view .LVU989
 3300 0122 2046     		mov	r0, r4
 3301 0124 FFF7FEFF 		bl	prvIsQueueEmpty
 3302              	.LVL279:
1742:Middlewares/Third_Party/FreeRTOS/Source/queue.c **** 			{
 3303              		.loc 1 1742 6 discriminator 1 view .LVU990
ARM GAS  D:\software\msy64\tmp\ccpcBi2W.s 			page 120


 3304 0128 0028     		cmp	r0, #0
 3305 012a C6D0     		beq	.L232
1744:Middlewares/Third_Party/FreeRTOS/Source/queue.c **** 				vTaskPlaceOnEventList( &( pxQueue->xTasksWaitingToReceive ), xTicksToWait );
 3306              		.loc 1 1744 43 is_stmt 1 view .LVU991
1745:Middlewares/Third_Party/FreeRTOS/Source/queue.c **** 				prvUnlockQueue( pxQueue );
 3307              		.loc 1 1745 5 view .LVU992
 3308 012c 0199     		ldr	r1, [sp, #4]
 3309 012e 04F12400 		add	r0, r4, #36
 3310 0132 FFF7FEFF 		bl	vTaskPlaceOnEventList
 3311              	.LVL280:
1746:Middlewares/Third_Party/FreeRTOS/Source/queue.c **** 				if( xTaskResumeAll() == pdFALSE )
 3312              		.loc 1 1746 5 view .LVU993
 3313 0136 2046     		mov	r0, r4
 3314 0138 FFF7FEFF 		bl	prvUnlockQueue
 3315              	.LVL281:
1747:Middlewares/Third_Party/FreeRTOS/Source/queue.c **** 				{
 3316              		.loc 1 1747 5 view .LVU994
1747:Middlewares/Third_Party/FreeRTOS/Source/queue.c **** 				{
 3317              		.loc 1 1747 9 is_stmt 0 view .LVU995
 3318 013c FFF7FEFF 		bl	xTaskResumeAll
 3319              	.LVL282:
1747:Middlewares/Third_Party/FreeRTOS/Source/queue.c **** 				{
 3320              		.loc 1 1747 7 discriminator 1 view .LVU996
 3321 0140 0028     		cmp	r0, #0
 3322 0142 CAD1     		bne	.L223
1749:Middlewares/Third_Party/FreeRTOS/Source/queue.c **** 				}
 3323              		.loc 1 1749 6 is_stmt 1 view .LVU997
 3324 0144 4FF0E023 		mov	r3, #-536813568
 3325 0148 4FF08052 		mov	r2, #268435456
 3326 014c C3F8042D 		str	r2, [r3, #3332]
1749:Middlewares/Third_Party/FreeRTOS/Source/queue.c **** 				}
 3327              		.loc 1 1749 6 view .LVU998
 3328              		.syntax unified
 3329              	@ 1749 "Middlewares/Third_Party/FreeRTOS/Source/queue.c" 1
 3330 0150 BFF34F8F 		dsb
 3331              	@ 0 "" 2
1749:Middlewares/Third_Party/FreeRTOS/Source/queue.c **** 				}
 3332              		.loc 1 1749 6 view .LVU999
 3333              	@ 1749 "Middlewares/Third_Party/FreeRTOS/Source/queue.c" 1
 3334 0154 BFF36F8F 		isb
 3335              	@ 0 "" 2
1749:Middlewares/Third_Party/FreeRTOS/Source/queue.c **** 				}
 3336              		.loc 1 1749 28 view .LVU1000
 3337              		.thumb
 3338              		.syntax unified
 3339 0158 BFE7     		b	.L223
 3340              	.L239:
1774:Middlewares/Third_Party/FreeRTOS/Source/queue.c **** 			}
 3341              		.loc 1 1774 12 is_stmt 0 view .LVU1001
 3342 015a 0020     		movs	r0, #0
 3343 015c 89E7     		b	.L216
 3344              		.cfi_endproc
 3345              	.LFE17:
 3347              		.section	.text.xQueueReceiveFromISR,"ax",%progbits
 3348              		.align	1
 3349              		.global	xQueueReceiveFromISR
 3350              		.syntax unified
ARM GAS  D:\software\msy64\tmp\ccpcBi2W.s 			page 121


 3351              		.thumb
 3352              		.thumb_func
 3354              	xQueueReceiveFromISR:
 3355              	.LVL283:
 3356              	.LFB18:
1786:Middlewares/Third_Party/FreeRTOS/Source/queue.c **** BaseType_t xReturn;
 3357              		.loc 1 1786 1 is_stmt 1 view -0
 3358              		.cfi_startproc
 3359              		@ args = 0, pretend = 0, frame = 0
 3360              		@ frame_needed = 0, uses_anonymous_args = 0
1786:Middlewares/Third_Party/FreeRTOS/Source/queue.c **** BaseType_t xReturn;
 3361              		.loc 1 1786 1 is_stmt 0 view .LVU1003
 3362 0000 2DE9F843 		push	{r3, r4, r5, r6, r7, r8, r9, lr}
 3363              	.LCFI39:
 3364              		.cfi_def_cfa_offset 32
 3365              		.cfi_offset 3, -32
 3366              		.cfi_offset 4, -28
 3367              		.cfi_offset 5, -24
 3368              		.cfi_offset 6, -20
 3369              		.cfi_offset 7, -16
 3370              		.cfi_offset 8, -12
 3371              		.cfi_offset 9, -8
 3372              		.cfi_offset 14, -4
1787:Middlewares/Third_Party/FreeRTOS/Source/queue.c **** UBaseType_t uxSavedInterruptStatus;
 3373              		.loc 1 1787 1 is_stmt 1 view .LVU1004
1788:Middlewares/Third_Party/FreeRTOS/Source/queue.c **** Queue_t * const pxQueue = xQueue;
 3374              		.loc 1 1788 1 view .LVU1005
1789:Middlewares/Third_Party/FreeRTOS/Source/queue.c **** 
 3375              		.loc 1 1789 1 view .LVU1006
 3376              	.LVL284:
1791:Middlewares/Third_Party/FreeRTOS/Source/queue.c **** 	configASSERT( !( ( pvBuffer == NULL ) && ( pxQueue->uxItemSize != ( UBaseType_t ) 0U ) ) );
 3377              		.loc 1 1791 2 view .LVU1007
 3378 0004 B0B1     		cbz	r0, .L257
 3379 0006 0D46     		mov	r5, r1
 3380 0008 9046     		mov	r8, r2
 3381 000a 0446     		mov	r4, r0
1791:Middlewares/Third_Party/FreeRTOS/Source/queue.c **** 	configASSERT( !( ( pvBuffer == NULL ) && ( pxQueue->uxItemSize != ( UBaseType_t ) 0U ) ) );
 3382              		.loc 1 1791 25 discriminator 2 view .LVU1008
1792:Middlewares/Third_Party/FreeRTOS/Source/queue.c **** 
 3383              		.loc 1 1792 2 view .LVU1009
 3384 000c D9B1     		cbz	r1, .L258
 3385              	.L248:
1792:Middlewares/Third_Party/FreeRTOS/Source/queue.c **** 
 3386              		.loc 1 1792 92 discriminator 8 view .LVU1010
1808:Middlewares/Third_Party/FreeRTOS/Source/queue.c **** 
 3387              		.loc 1 1808 2 view .LVU1011
 3388 000e FFF7FEFF 		bl	vPortValidateInterruptPriority
 3389              	.LVL285:
1810:Middlewares/Third_Party/FreeRTOS/Source/queue.c **** 	{
 3390              		.loc 1 1810 2 view .LVU1012
 3391              	.LBB187:
 3392              	.LBI187:
 209:Middlewares/Third_Party/FreeRTOS/Source/portable/GCC/ARM_CM3/portmacro.h **** {
 3393              		.loc 2 209 34 view .LVU1013
 3394              	.LBB188:
 211:Middlewares/Third_Party/FreeRTOS/Source/portable/GCC/ARM_CM3/portmacro.h **** 
 3395              		.loc 2 211 1 view .LVU1014
ARM GAS  D:\software\msy64\tmp\ccpcBi2W.s 			page 122


 213:Middlewares/Third_Party/FreeRTOS/Source/portable/GCC/ARM_CM3/portmacro.h **** 	(
 3396              		.loc 2 213 2 view .LVU1015
 3397              		.syntax unified
 3398              	@ 213 "Middlewares/Third_Party/FreeRTOS/Source/portable/GCC/ARM_CM3/portmacro.h" 1
 3399 0012 EFF31187 			mrs r7, basepri											
 3400 0016 4FF05003 		mov r3, #80												
 3401 001a 83F31188 		msr basepri, r3											
 3402 001e BFF36F8F 		isb														
 3403 0022 BFF34F8F 		dsb														
 3404              	
 3405              	@ 0 "" 2
 3406              	.LVL286:
 225:Middlewares/Third_Party/FreeRTOS/Source/portable/GCC/ARM_CM3/portmacro.h **** }
 3407              		.loc 2 225 2 view .LVU1016
 225:Middlewares/Third_Party/FreeRTOS/Source/portable/GCC/ARM_CM3/portmacro.h **** }
 3408              		.loc 2 225 2 is_stmt 0 view .LVU1017
 3409              		.thumb
 3410              		.syntax unified
 3411              	.LBE188:
 3412              	.LBE187:
 3413              	.LBB189:
1812:Middlewares/Third_Party/FreeRTOS/Source/queue.c **** 
 3414              		.loc 1 1812 3 is_stmt 1 view .LVU1018
1812:Middlewares/Third_Party/FreeRTOS/Source/queue.c **** 
 3415              		.loc 1 1812 21 is_stmt 0 view .LVU1019
 3416 0026 A66B     		ldr	r6, [r4, #56]
 3417              	.LVL287:
1815:Middlewares/Third_Party/FreeRTOS/Source/queue.c **** 		{
 3418              		.loc 1 1815 3 is_stmt 1 view .LVU1020
1815:Middlewares/Third_Party/FreeRTOS/Source/queue.c **** 		{
 3419              		.loc 1 1815 5 is_stmt 0 view .LVU1021
 3420 0028 CEB9     		cbnz	r6, .L259
1866:Middlewares/Third_Party/FreeRTOS/Source/queue.c **** 			traceQUEUE_RECEIVE_FROM_ISR_FAILED( pxQueue );
 3421              		.loc 1 1866 12 view .LVU1022
 3422 002a 0020     		movs	r0, #0
 3423              	.L250:
 3424              	.LVL288:
1867:Middlewares/Third_Party/FreeRTOS/Source/queue.c **** 		}
 3425              		.loc 1 1867 49 is_stmt 1 view .LVU1023
 3426              	.LBE189:
1870:Middlewares/Third_Party/FreeRTOS/Source/queue.c **** 
 3427              		.loc 1 1870 2 view .LVU1024
 3428              	.LBB191:
 3429              	.LBI191:
 229:Middlewares/Third_Party/FreeRTOS/Source/portable/GCC/ARM_CM3/portmacro.h **** {
 3430              		.loc 2 229 30 view .LVU1025
 3431              	.LBB192:
 3432              		.loc 2 231 2 view .LVU1026
 3433              		.syntax unified
 3434              	@ 231 "Middlewares/Third_Party/FreeRTOS/Source/portable/GCC/ARM_CM3/portmacro.h" 1
 3435 002c 87F31188 			msr basepri, r7	
 3436              	@ 0 "" 2
 3437              		.thumb
 3438              		.syntax unified
 3439              	.LBE192:
 3440              	.LBE191:
1872:Middlewares/Third_Party/FreeRTOS/Source/queue.c **** }
ARM GAS  D:\software\msy64\tmp\ccpcBi2W.s 			page 123


 3441              		.loc 1 1872 2 view .LVU1027
1873:Middlewares/Third_Party/FreeRTOS/Source/queue.c **** /*-----------------------------------------------------------*/
 3442              		.loc 1 1873 1 is_stmt 0 view .LVU1028
 3443 0030 BDE8F883 		pop	{r3, r4, r5, r6, r7, r8, r9, pc}
 3444              	.LVL289:
 3445              	.L257:
1791:Middlewares/Third_Party/FreeRTOS/Source/queue.c **** 	configASSERT( !( ( pvBuffer == NULL ) && ( pxQueue->uxItemSize != ( UBaseType_t ) 0U ) ) );
 3446              		.loc 1 1791 2 is_stmt 1 discriminator 1 view .LVU1029
 3447              	.LBB193:
 3448              	.LBI193:
 193:Middlewares/Third_Party/FreeRTOS/Source/portable/GCC/ARM_CM3/portmacro.h **** {
 3449              		.loc 2 193 30 view .LVU1030
 3450              	.LBB194:
 195:Middlewares/Third_Party/FreeRTOS/Source/portable/GCC/ARM_CM3/portmacro.h **** 
 3451              		.loc 2 195 1 view .LVU1031
 197:Middlewares/Third_Party/FreeRTOS/Source/portable/GCC/ARM_CM3/portmacro.h **** 	(
 3452              		.loc 2 197 2 view .LVU1032
 3453              		.syntax unified
 3454              	@ 197 "Middlewares/Third_Party/FreeRTOS/Source/portable/GCC/ARM_CM3/portmacro.h" 1
 3455 0034 4FF05003 			mov r3, #80												
 3456 0038 83F31188 		msr basepri, r3											
 3457 003c BFF36F8F 		isb														
 3458 0040 BFF34F8F 		dsb														
 3459              	
 3460              	@ 0 "" 2
 3461              		.thumb
 3462              		.syntax unified
 3463              	.L247:
 3464              	.LBE194:
 3465              	.LBE193:
1791:Middlewares/Third_Party/FreeRTOS/Source/queue.c **** 	configASSERT( !( ( pvBuffer == NULL ) && ( pxQueue->uxItemSize != ( UBaseType_t ) 0U ) ) );
 3466              		.loc 1 1791 2 discriminator 3 view .LVU1033
1791:Middlewares/Third_Party/FreeRTOS/Source/queue.c **** 	configASSERT( !( ( pvBuffer == NULL ) && ( pxQueue->uxItemSize != ( UBaseType_t ) 0U ) ) );
 3467              		.loc 1 1791 2 discriminator 3 view .LVU1034
 3468 0044 FEE7     		b	.L247
 3469              	.L258:
1792:Middlewares/Third_Party/FreeRTOS/Source/queue.c **** 
 3470              		.loc 1 1792 2 is_stmt 0 discriminator 2 view .LVU1035
 3471 0046 036C     		ldr	r3, [r0, #64]
 3472 0048 002B     		cmp	r3, #0
 3473 004a E0D0     		beq	.L248
1792:Middlewares/Third_Party/FreeRTOS/Source/queue.c **** 
 3474              		.loc 1 1792 2 is_stmt 1 discriminator 7 view .LVU1036
 3475              	.LBB195:
 3476              	.LBI195:
 193:Middlewares/Third_Party/FreeRTOS/Source/portable/GCC/ARM_CM3/portmacro.h **** {
 3477              		.loc 2 193 30 view .LVU1037
 3478              	.LBB196:
 195:Middlewares/Third_Party/FreeRTOS/Source/portable/GCC/ARM_CM3/portmacro.h **** 
 3479              		.loc 2 195 1 view .LVU1038
 197:Middlewares/Third_Party/FreeRTOS/Source/portable/GCC/ARM_CM3/portmacro.h **** 	(
 3480              		.loc 2 197 2 view .LVU1039
 3481              		.syntax unified
 3482              	@ 197 "Middlewares/Third_Party/FreeRTOS/Source/portable/GCC/ARM_CM3/portmacro.h" 1
 3483 004c 4FF05003 			mov r3, #80												
 3484 0050 83F31188 		msr basepri, r3											
 3485 0054 BFF36F8F 		isb														
ARM GAS  D:\software\msy64\tmp\ccpcBi2W.s 			page 124


 3486 0058 BFF34F8F 		dsb														
 3487              	
 3488              	@ 0 "" 2
 3489              		.thumb
 3490              		.syntax unified
 3491              	.L249:
 3492              	.LBE196:
 3493              	.LBE195:
1792:Middlewares/Third_Party/FreeRTOS/Source/queue.c **** 
 3494              		.loc 1 1792 2 discriminator 9 view .LVU1040
1792:Middlewares/Third_Party/FreeRTOS/Source/queue.c **** 
 3495              		.loc 1 1792 2 discriminator 9 view .LVU1041
 3496 005c FEE7     		b	.L249
 3497              	.LVL290:
 3498              	.L259:
 3499              	.LBB197:
 3500              	.LBB190:
1817:Middlewares/Third_Party/FreeRTOS/Source/queue.c **** 
 3501              		.loc 1 1817 4 view .LVU1042
1817:Middlewares/Third_Party/FreeRTOS/Source/queue.c **** 
 3502              		.loc 1 1817 17 is_stmt 0 view .LVU1043
 3503 005e 94F84490 		ldrb	r9, [r4, #68]	@ zero_extendqisi2
 3504 0062 4FFA89F9 		sxtb	r9, r9
 3505              	.LVL291:
1819:Middlewares/Third_Party/FreeRTOS/Source/queue.c **** 
 3506              		.loc 1 1819 42 is_stmt 1 view .LVU1044
1821:Middlewares/Third_Party/FreeRTOS/Source/queue.c **** 			pxQueue->uxMessagesWaiting = uxMessagesWaiting - ( UBaseType_t ) 1;
 3507              		.loc 1 1821 4 view .LVU1045
 3508 0066 2946     		mov	r1, r5
 3509 0068 2046     		mov	r0, r4
 3510 006a FFF7FEFF 		bl	prvCopyDataFromQueue
 3511              	.LVL292:
1822:Middlewares/Third_Party/FreeRTOS/Source/queue.c **** 
 3512              		.loc 1 1822 4 view .LVU1046
1822:Middlewares/Third_Party/FreeRTOS/Source/queue.c **** 
 3513              		.loc 1 1822 51 is_stmt 0 view .LVU1047
 3514 006e 731E     		subs	r3, r6, #1
1822:Middlewares/Third_Party/FreeRTOS/Source/queue.c **** 
 3515              		.loc 1 1822 31 view .LVU1048
 3516 0070 A363     		str	r3, [r4, #56]
1828:Middlewares/Third_Party/FreeRTOS/Source/queue.c **** 			{
 3517              		.loc 1 1828 4 is_stmt 1 view .LVU1049
1828:Middlewares/Third_Party/FreeRTOS/Source/queue.c **** 			{
 3518              		.loc 1 1828 6 is_stmt 0 view .LVU1050
 3519 0072 B9F1FF3F 		cmp	r9, #-1
 3520 0076 06D0     		beq	.L260
1859:Middlewares/Third_Party/FreeRTOS/Source/queue.c **** 			}
 3521              		.loc 1 1859 5 is_stmt 1 view .LVU1051
1859:Middlewares/Third_Party/FreeRTOS/Source/queue.c **** 			}
 3522              		.loc 1 1859 45 is_stmt 0 view .LVU1052
 3523 0078 09F10103 		add	r3, r9, #1
1859:Middlewares/Third_Party/FreeRTOS/Source/queue.c **** 			}
 3524              		.loc 1 1859 24 view .LVU1053
 3525 007c 5BB2     		sxtb	r3, r3
1859:Middlewares/Third_Party/FreeRTOS/Source/queue.c **** 			}
 3526              		.loc 1 1859 22 view .LVU1054
 3527 007e 84F84430 		strb	r3, [r4, #68]
ARM GAS  D:\software\msy64\tmp\ccpcBi2W.s 			page 125


1862:Middlewares/Third_Party/FreeRTOS/Source/queue.c **** 		}
 3528              		.loc 1 1862 12 view .LVU1055
 3529 0082 0120     		movs	r0, #1
 3530 0084 D2E7     		b	.L250
 3531              	.L260:
1830:Middlewares/Third_Party/FreeRTOS/Source/queue.c **** 				{
 3532              		.loc 1 1830 5 is_stmt 1 view .LVU1056
1830:Middlewares/Third_Party/FreeRTOS/Source/queue.c **** 				{
 3533              		.loc 1 1830 9 is_stmt 0 view .LVU1057
 3534 0086 2369     		ldr	r3, [r4, #16]
1830:Middlewares/Third_Party/FreeRTOS/Source/queue.c **** 				{
 3535              		.loc 1 1830 7 view .LVU1058
 3536 0088 0BB9     		cbnz	r3, .L261
1862:Middlewares/Third_Party/FreeRTOS/Source/queue.c **** 		}
 3537              		.loc 1 1862 12 view .LVU1059
 3538 008a 0120     		movs	r0, #1
 3539 008c CEE7     		b	.L250
 3540              	.L261:
1832:Middlewares/Third_Party/FreeRTOS/Source/queue.c **** 					{
 3541              		.loc 1 1832 6 is_stmt 1 view .LVU1060
1832:Middlewares/Third_Party/FreeRTOS/Source/queue.c **** 					{
 3542              		.loc 1 1832 10 is_stmt 0 view .LVU1061
 3543 008e 04F11000 		add	r0, r4, #16
 3544 0092 FFF7FEFF 		bl	xTaskRemoveFromEventList
 3545              	.LVL293:
1832:Middlewares/Third_Party/FreeRTOS/Source/queue.c **** 					{
 3546              		.loc 1 1832 8 discriminator 1 view .LVU1062
 3547 0096 30B1     		cbz	r0, .L254
1836:Middlewares/Third_Party/FreeRTOS/Source/queue.c **** 						{
 3548              		.loc 1 1836 7 is_stmt 1 view .LVU1063
1836:Middlewares/Third_Party/FreeRTOS/Source/queue.c **** 						{
 3549              		.loc 1 1836 9 is_stmt 0 view .LVU1064
 3550 0098 B8F1000F 		cmp	r8, #0
 3551 009c 05D0     		beq	.L255
1838:Middlewares/Third_Party/FreeRTOS/Source/queue.c **** 						}
 3552              		.loc 1 1838 8 is_stmt 1 view .LVU1065
1838:Middlewares/Third_Party/FreeRTOS/Source/queue.c **** 						}
 3553              		.loc 1 1838 35 is_stmt 0 view .LVU1066
 3554 009e 0120     		movs	r0, #1
 3555 00a0 C8F80000 		str	r0, [r8]
 3556 00a4 C2E7     		b	.L250
 3557              	.L254:
1862:Middlewares/Third_Party/FreeRTOS/Source/queue.c **** 		}
 3558              		.loc 1 1862 12 view .LVU1067
 3559 00a6 0120     		movs	r0, #1
 3560 00a8 C0E7     		b	.L250
 3561              	.L255:
 3562 00aa 0120     		movs	r0, #1
 3563 00ac BEE7     		b	.L250
 3564              	.LBE190:
 3565              	.LBE197:
 3566              		.cfi_endproc
 3567              	.LFE18:
 3569              		.section	.text.xQueuePeekFromISR,"ax",%progbits
 3570              		.align	1
 3571              		.global	xQueuePeekFromISR
 3572              		.syntax unified
ARM GAS  D:\software\msy64\tmp\ccpcBi2W.s 			page 126


 3573              		.thumb
 3574              		.thumb_func
 3576              	xQueuePeekFromISR:
 3577              	.LVL294:
 3578              	.LFB19:
1877:Middlewares/Third_Party/FreeRTOS/Source/queue.c **** BaseType_t xReturn;
 3579              		.loc 1 1877 1 is_stmt 1 view -0
 3580              		.cfi_startproc
 3581              		@ args = 0, pretend = 0, frame = 0
 3582              		@ frame_needed = 0, uses_anonymous_args = 0
1877:Middlewares/Third_Party/FreeRTOS/Source/queue.c **** BaseType_t xReturn;
 3583              		.loc 1 1877 1 is_stmt 0 view .LVU1069
 3584 0000 F8B5     		push	{r3, r4, r5, r6, r7, lr}
 3585              	.LCFI40:
 3586              		.cfi_def_cfa_offset 24
 3587              		.cfi_offset 3, -24
 3588              		.cfi_offset 4, -20
 3589              		.cfi_offset 5, -16
 3590              		.cfi_offset 6, -12
 3591              		.cfi_offset 7, -8
 3592              		.cfi_offset 14, -4
1878:Middlewares/Third_Party/FreeRTOS/Source/queue.c **** UBaseType_t uxSavedInterruptStatus;
 3593              		.loc 1 1878 1 is_stmt 1 view .LVU1070
1879:Middlewares/Third_Party/FreeRTOS/Source/queue.c **** int8_t *pcOriginalReadPosition;
 3594              		.loc 1 1879 1 view .LVU1071
1880:Middlewares/Third_Party/FreeRTOS/Source/queue.c **** Queue_t * const pxQueue = xQueue;
 3595              		.loc 1 1880 1 view .LVU1072
1881:Middlewares/Third_Party/FreeRTOS/Source/queue.c **** 
 3596              		.loc 1 1881 1 view .LVU1073
 3597              	.LVL295:
1883:Middlewares/Third_Party/FreeRTOS/Source/queue.c **** 	configASSERT( !( ( pvBuffer == NULL ) && ( pxQueue->uxItemSize != ( UBaseType_t ) 0U ) ) );
 3598              		.loc 1 1883 2 view .LVU1074
 3599 0002 68B1     		cbz	r0, .L272
 3600 0004 0D46     		mov	r5, r1
 3601 0006 0446     		mov	r4, r0
1883:Middlewares/Third_Party/FreeRTOS/Source/queue.c **** 	configASSERT( !( ( pvBuffer == NULL ) && ( pxQueue->uxItemSize != ( UBaseType_t ) 0U ) ) );
 3602              		.loc 1 1883 25 discriminator 2 view .LVU1075
1884:Middlewares/Third_Party/FreeRTOS/Source/queue.c **** 	configASSERT( pxQueue->uxItemSize != 0 ); /* Can't peek a semaphore. */
 3603              		.loc 1 1884 2 view .LVU1076
 3604 0008 99B1     		cbz	r1, .L273
 3605              	.L265:
1884:Middlewares/Third_Party/FreeRTOS/Source/queue.c **** 	configASSERT( pxQueue->uxItemSize != 0 ); /* Can't peek a semaphore. */
 3606              		.loc 1 1884 92 discriminator 8 view .LVU1077
1885:Middlewares/Third_Party/FreeRTOS/Source/queue.c **** 
 3607              		.loc 1 1885 2 view .LVU1078
 3608 000a 236C     		ldr	r3, [r4, #64]
 3609 000c EBB9     		cbnz	r3, .L267
1885:Middlewares/Third_Party/FreeRTOS/Source/queue.c **** 
 3610              		.loc 1 1885 2 discriminator 1 view .LVU1079
 3611              	.LBB198:
 3612              	.LBI198:
 193:Middlewares/Third_Party/FreeRTOS/Source/portable/GCC/ARM_CM3/portmacro.h **** {
 3613              		.loc 2 193 30 view .LVU1080
 3614              	.LBB199:
 195:Middlewares/Third_Party/FreeRTOS/Source/portable/GCC/ARM_CM3/portmacro.h **** 
 3615              		.loc 2 195 1 view .LVU1081
 197:Middlewares/Third_Party/FreeRTOS/Source/portable/GCC/ARM_CM3/portmacro.h **** 	(
ARM GAS  D:\software\msy64\tmp\ccpcBi2W.s 			page 127


 3616              		.loc 2 197 2 view .LVU1082
 3617              		.syntax unified
 3618              	@ 197 "Middlewares/Third_Party/FreeRTOS/Source/portable/GCC/ARM_CM3/portmacro.h" 1
 3619 000e 4FF05003 			mov r3, #80												
 3620 0012 83F31188 		msr basepri, r3											
 3621 0016 BFF36F8F 		isb														
 3622 001a BFF34F8F 		dsb														
 3623              	
 3624              	@ 0 "" 2
 3625              		.thumb
 3626              		.syntax unified
 3627              	.L268:
 3628              	.LBE199:
 3629              	.LBE198:
1885:Middlewares/Third_Party/FreeRTOS/Source/queue.c **** 
 3630              		.loc 1 1885 2 discriminator 3 view .LVU1083
1885:Middlewares/Third_Party/FreeRTOS/Source/queue.c **** 
 3631              		.loc 1 1885 2 discriminator 3 view .LVU1084
 3632 001e FEE7     		b	.L268
 3633              	.L272:
1883:Middlewares/Third_Party/FreeRTOS/Source/queue.c **** 	configASSERT( !( ( pvBuffer == NULL ) && ( pxQueue->uxItemSize != ( UBaseType_t ) 0U ) ) );
 3634              		.loc 1 1883 2 discriminator 1 view .LVU1085
 3635              	.LBB200:
 3636              	.LBI200:
 193:Middlewares/Third_Party/FreeRTOS/Source/portable/GCC/ARM_CM3/portmacro.h **** {
 3637              		.loc 2 193 30 view .LVU1086
 3638              	.LBB201:
 195:Middlewares/Third_Party/FreeRTOS/Source/portable/GCC/ARM_CM3/portmacro.h **** 
 3639              		.loc 2 195 1 view .LVU1087
 197:Middlewares/Third_Party/FreeRTOS/Source/portable/GCC/ARM_CM3/portmacro.h **** 	(
 3640              		.loc 2 197 2 view .LVU1088
 3641              		.syntax unified
 3642              	@ 197 "Middlewares/Third_Party/FreeRTOS/Source/portable/GCC/ARM_CM3/portmacro.h" 1
 3643 0020 4FF05003 			mov r3, #80												
 3644 0024 83F31188 		msr basepri, r3											
 3645 0028 BFF36F8F 		isb														
 3646 002c BFF34F8F 		dsb														
 3647              	
 3648              	@ 0 "" 2
 3649              		.thumb
 3650              		.syntax unified
 3651              	.L264:
 3652              	.LBE201:
 3653              	.LBE200:
1883:Middlewares/Third_Party/FreeRTOS/Source/queue.c **** 	configASSERT( !( ( pvBuffer == NULL ) && ( pxQueue->uxItemSize != ( UBaseType_t ) 0U ) ) );
 3654              		.loc 1 1883 2 discriminator 3 view .LVU1089
1883:Middlewares/Third_Party/FreeRTOS/Source/queue.c **** 	configASSERT( !( ( pvBuffer == NULL ) && ( pxQueue->uxItemSize != ( UBaseType_t ) 0U ) ) );
 3655              		.loc 1 1883 2 discriminator 3 view .LVU1090
 3656 0030 FEE7     		b	.L264
 3657              	.L273:
1884:Middlewares/Third_Party/FreeRTOS/Source/queue.c **** 	configASSERT( pxQueue->uxItemSize != 0 ); /* Can't peek a semaphore. */
 3658              		.loc 1 1884 2 is_stmt 0 discriminator 2 view .LVU1091
 3659 0032 036C     		ldr	r3, [r0, #64]
 3660 0034 002B     		cmp	r3, #0
 3661 0036 E8D0     		beq	.L265
1884:Middlewares/Third_Party/FreeRTOS/Source/queue.c **** 	configASSERT( pxQueue->uxItemSize != 0 ); /* Can't peek a semaphore. */
 3662              		.loc 1 1884 2 is_stmt 1 discriminator 7 view .LVU1092
ARM GAS  D:\software\msy64\tmp\ccpcBi2W.s 			page 128


 3663              	.LBB202:
 3664              	.LBI202:
 193:Middlewares/Third_Party/FreeRTOS/Source/portable/GCC/ARM_CM3/portmacro.h **** {
 3665              		.loc 2 193 30 view .LVU1093
 3666              	.LBB203:
 195:Middlewares/Third_Party/FreeRTOS/Source/portable/GCC/ARM_CM3/portmacro.h **** 
 3667              		.loc 2 195 1 view .LVU1094
 197:Middlewares/Third_Party/FreeRTOS/Source/portable/GCC/ARM_CM3/portmacro.h **** 	(
 3668              		.loc 2 197 2 view .LVU1095
 3669              		.syntax unified
 3670              	@ 197 "Middlewares/Third_Party/FreeRTOS/Source/portable/GCC/ARM_CM3/portmacro.h" 1
 3671 0038 4FF05003 			mov r3, #80												
 3672 003c 83F31188 		msr basepri, r3											
 3673 0040 BFF36F8F 		isb														
 3674 0044 BFF34F8F 		dsb														
 3675              	
 3676              	@ 0 "" 2
 3677              		.thumb
 3678              		.syntax unified
 3679              	.L266:
 3680              	.LBE203:
 3681              	.LBE202:
1884:Middlewares/Third_Party/FreeRTOS/Source/queue.c **** 	configASSERT( pxQueue->uxItemSize != 0 ); /* Can't peek a semaphore. */
 3682              		.loc 1 1884 2 discriminator 9 view .LVU1096
1884:Middlewares/Third_Party/FreeRTOS/Source/queue.c **** 	configASSERT( pxQueue->uxItemSize != 0 ); /* Can't peek a semaphore. */
 3683              		.loc 1 1884 2 discriminator 9 view .LVU1097
 3684 0048 FEE7     		b	.L266
 3685              	.L267:
1885:Middlewares/Third_Party/FreeRTOS/Source/queue.c **** 
 3686              		.loc 1 1885 42 discriminator 2 view .LVU1098
1901:Middlewares/Third_Party/FreeRTOS/Source/queue.c **** 
 3687              		.loc 1 1901 2 view .LVU1099
 3688 004a FFF7FEFF 		bl	vPortValidateInterruptPriority
 3689              	.LVL296:
1903:Middlewares/Third_Party/FreeRTOS/Source/queue.c **** 	{
 3690              		.loc 1 1903 2 view .LVU1100
 3691              	.LBB204:
 3692              	.LBI204:
 209:Middlewares/Third_Party/FreeRTOS/Source/portable/GCC/ARM_CM3/portmacro.h **** {
 3693              		.loc 2 209 34 view .LVU1101
 3694              	.LBB205:
 211:Middlewares/Third_Party/FreeRTOS/Source/portable/GCC/ARM_CM3/portmacro.h **** 
 3695              		.loc 2 211 1 view .LVU1102
 213:Middlewares/Third_Party/FreeRTOS/Source/portable/GCC/ARM_CM3/portmacro.h **** 	(
 3696              		.loc 2 213 2 view .LVU1103
 3697              		.syntax unified
 3698              	@ 213 "Middlewares/Third_Party/FreeRTOS/Source/portable/GCC/ARM_CM3/portmacro.h" 1
 3699 004e EFF31186 			mrs r6, basepri											
 3700 0052 4FF05003 		mov r3, #80												
 3701 0056 83F31188 		msr basepri, r3											
 3702 005a BFF36F8F 		isb														
 3703 005e BFF34F8F 		dsb														
 3704              	
 3705              	@ 0 "" 2
 3706              	.LVL297:
 225:Middlewares/Third_Party/FreeRTOS/Source/portable/GCC/ARM_CM3/portmacro.h **** }
 3707              		.loc 2 225 2 view .LVU1104
ARM GAS  D:\software\msy64\tmp\ccpcBi2W.s 			page 129


 225:Middlewares/Third_Party/FreeRTOS/Source/portable/GCC/ARM_CM3/portmacro.h **** }
 3708              		.loc 2 225 2 is_stmt 0 view .LVU1105
 3709              		.thumb
 3710              		.syntax unified
 3711              	.LBE205:
 3712              	.LBE204:
1906:Middlewares/Third_Party/FreeRTOS/Source/queue.c **** 		{
 3713              		.loc 1 1906 3 is_stmt 1 view .LVU1106
1906:Middlewares/Third_Party/FreeRTOS/Source/queue.c **** 		{
 3714              		.loc 1 1906 14 is_stmt 0 view .LVU1107
 3715 0062 A36B     		ldr	r3, [r4, #56]
1906:Middlewares/Third_Party/FreeRTOS/Source/queue.c **** 		{
 3716              		.loc 1 1906 5 view .LVU1108
 3717 0064 1BB9     		cbnz	r3, .L274
1920:Middlewares/Third_Party/FreeRTOS/Source/queue.c **** 			traceQUEUE_PEEK_FROM_ISR_FAILED( pxQueue );
 3718              		.loc 1 1920 12 view .LVU1109
 3719 0066 0020     		movs	r0, #0
 3720              	.L269:
 3721              	.LVL298:
1921:Middlewares/Third_Party/FreeRTOS/Source/queue.c **** 		}
 3722              		.loc 1 1921 46 is_stmt 1 view .LVU1110
1924:Middlewares/Third_Party/FreeRTOS/Source/queue.c **** 
 3723              		.loc 1 1924 2 view .LVU1111
 3724              	.LBB206:
 3725              	.LBI206:
 229:Middlewares/Third_Party/FreeRTOS/Source/portable/GCC/ARM_CM3/portmacro.h **** {
 3726              		.loc 2 229 30 view .LVU1112
 3727              	.LBB207:
 3728              		.loc 2 231 2 view .LVU1113
 3729              		.syntax unified
 3730              	@ 231 "Middlewares/Third_Party/FreeRTOS/Source/portable/GCC/ARM_CM3/portmacro.h" 1
 3731 0068 86F31188 			msr basepri, r6	
 3732              	@ 0 "" 2
 3733              		.thumb
 3734              		.syntax unified
 3735              	.LBE207:
 3736              	.LBE206:
1926:Middlewares/Third_Party/FreeRTOS/Source/queue.c **** }
 3737              		.loc 1 1926 2 view .LVU1114
1927:Middlewares/Third_Party/FreeRTOS/Source/queue.c **** /*-----------------------------------------------------------*/
 3738              		.loc 1 1927 1 is_stmt 0 view .LVU1115
 3739 006c F8BD     		pop	{r3, r4, r5, r6, r7, pc}
 3740              	.LVL299:
 3741              	.L274:
1908:Middlewares/Third_Party/FreeRTOS/Source/queue.c **** 
 3742              		.loc 1 1908 39 is_stmt 1 view .LVU1116
1912:Middlewares/Third_Party/FreeRTOS/Source/queue.c **** 			prvCopyDataFromQueue( pxQueue, pvBuffer );
 3743              		.loc 1 1912 4 view .LVU1117
1912:Middlewares/Third_Party/FreeRTOS/Source/queue.c **** 			prvCopyDataFromQueue( pxQueue, pvBuffer );
 3744              		.loc 1 1912 27 is_stmt 0 view .LVU1118
 3745 006e E768     		ldr	r7, [r4, #12]
 3746              	.LVL300:
1913:Middlewares/Third_Party/FreeRTOS/Source/queue.c **** 			pxQueue->u.xQueue.pcReadFrom = pcOriginalReadPosition;
 3747              		.loc 1 1913 4 is_stmt 1 view .LVU1119
 3748 0070 2946     		mov	r1, r5
 3749 0072 2046     		mov	r0, r4
 3750 0074 FFF7FEFF 		bl	prvCopyDataFromQueue
ARM GAS  D:\software\msy64\tmp\ccpcBi2W.s 			page 130


 3751              	.LVL301:
1914:Middlewares/Third_Party/FreeRTOS/Source/queue.c **** 
 3752              		.loc 1 1914 4 view .LVU1120
1914:Middlewares/Third_Party/FreeRTOS/Source/queue.c **** 
 3753              		.loc 1 1914 33 is_stmt 0 view .LVU1121
 3754 0078 E760     		str	r7, [r4, #12]
1916:Middlewares/Third_Party/FreeRTOS/Source/queue.c **** 		}
 3755              		.loc 1 1916 4 is_stmt 1 view .LVU1122
 3756              	.LVL302:
1916:Middlewares/Third_Party/FreeRTOS/Source/queue.c **** 		}
 3757              		.loc 1 1916 12 is_stmt 0 view .LVU1123
 3758 007a 0120     		movs	r0, #1
 3759 007c F4E7     		b	.L269
 3760              		.cfi_endproc
 3761              	.LFE19:
 3763              		.section	.text.uxQueueMessagesWaiting,"ax",%progbits
 3764              		.align	1
 3765              		.global	uxQueueMessagesWaiting
 3766              		.syntax unified
 3767              		.thumb
 3768              		.thumb_func
 3770              	uxQueueMessagesWaiting:
 3771              	.LVL303:
 3772              	.LFB20:
1931:Middlewares/Third_Party/FreeRTOS/Source/queue.c **** UBaseType_t uxReturn;
 3773              		.loc 1 1931 1 is_stmt 1 view -0
 3774              		.cfi_startproc
 3775              		@ args = 0, pretend = 0, frame = 0
 3776              		@ frame_needed = 0, uses_anonymous_args = 0
1932:Middlewares/Third_Party/FreeRTOS/Source/queue.c **** 
 3777              		.loc 1 1932 1 view .LVU1125
1934:Middlewares/Third_Party/FreeRTOS/Source/queue.c **** 
 3778              		.loc 1 1934 2 view .LVU1126
 3779 0000 40B1     		cbz	r0, .L280
1931:Middlewares/Third_Party/FreeRTOS/Source/queue.c **** UBaseType_t uxReturn;
 3780              		.loc 1 1931 1 is_stmt 0 view .LVU1127
 3781 0002 10B5     		push	{r4, lr}
 3782              	.LCFI41:
 3783              		.cfi_def_cfa_offset 8
 3784              		.cfi_offset 4, -8
 3785              		.cfi_offset 14, -4
 3786 0004 0446     		mov	r4, r0
1934:Middlewares/Third_Party/FreeRTOS/Source/queue.c **** 
 3787              		.loc 1 1934 24 is_stmt 1 discriminator 2 view .LVU1128
1936:Middlewares/Third_Party/FreeRTOS/Source/queue.c **** 	{
 3788              		.loc 1 1936 2 view .LVU1129
 3789 0006 FFF7FEFF 		bl	vPortEnterCritical
 3790              	.LVL304:
1938:Middlewares/Third_Party/FreeRTOS/Source/queue.c **** 	}
 3791              		.loc 1 1938 3 view .LVU1130
1938:Middlewares/Third_Party/FreeRTOS/Source/queue.c **** 	}
 3792              		.loc 1 1938 12 is_stmt 0 view .LVU1131
 3793 000a A46B     		ldr	r4, [r4, #56]
 3794              	.LVL305:
1940:Middlewares/Third_Party/FreeRTOS/Source/queue.c **** 
 3795              		.loc 1 1940 2 is_stmt 1 view .LVU1132
 3796 000c FFF7FEFF 		bl	vPortExitCritical
ARM GAS  D:\software\msy64\tmp\ccpcBi2W.s 			page 131


 3797              	.LVL306:
1942:Middlewares/Third_Party/FreeRTOS/Source/queue.c **** } /*lint !e818 Pointer cannot be declared const as xQueue is a typedef not pointer. */
 3798              		.loc 1 1942 2 view .LVU1133
1943:Middlewares/Third_Party/FreeRTOS/Source/queue.c **** /*-----------------------------------------------------------*/
 3799              		.loc 1 1943 1 is_stmt 0 view .LVU1134
 3800 0010 2046     		mov	r0, r4
 3801 0012 10BD     		pop	{r4, pc}
 3802              	.LVL307:
 3803              	.L280:
 3804              	.LCFI42:
 3805              		.cfi_def_cfa_offset 0
 3806              		.cfi_restore 4
 3807              		.cfi_restore 14
1934:Middlewares/Third_Party/FreeRTOS/Source/queue.c **** 
 3808              		.loc 1 1934 2 is_stmt 1 discriminator 1 view .LVU1135
 3809              	.LBB208:
 3810              	.LBI208:
 193:Middlewares/Third_Party/FreeRTOS/Source/portable/GCC/ARM_CM3/portmacro.h **** {
 3811              		.loc 2 193 30 view .LVU1136
 3812              	.LBB209:
 195:Middlewares/Third_Party/FreeRTOS/Source/portable/GCC/ARM_CM3/portmacro.h **** 
 3813              		.loc 2 195 1 view .LVU1137
 197:Middlewares/Third_Party/FreeRTOS/Source/portable/GCC/ARM_CM3/portmacro.h **** 	(
 3814              		.loc 2 197 2 view .LVU1138
 3815              		.syntax unified
 3816              	@ 197 "Middlewares/Third_Party/FreeRTOS/Source/portable/GCC/ARM_CM3/portmacro.h" 1
 3817 0014 4FF05003 			mov r3, #80												
 3818 0018 83F31188 		msr basepri, r3											
 3819 001c BFF36F8F 		isb														
 3820 0020 BFF34F8F 		dsb														
 3821              	
 3822              	@ 0 "" 2
 3823              		.thumb
 3824              		.syntax unified
 3825              	.L277:
 3826              	.LBE209:
 3827              	.LBE208:
1934:Middlewares/Third_Party/FreeRTOS/Source/queue.c **** 
 3828              		.loc 1 1934 2 discriminator 3 view .LVU1139
1934:Middlewares/Third_Party/FreeRTOS/Source/queue.c **** 
 3829              		.loc 1 1934 2 discriminator 3 view .LVU1140
 3830 0024 FEE7     		b	.L277
 3831              		.cfi_endproc
 3832              	.LFE20:
 3834              		.section	.text.uxQueueSpacesAvailable,"ax",%progbits
 3835              		.align	1
 3836              		.global	uxQueueSpacesAvailable
 3837              		.syntax unified
 3838              		.thumb
 3839              		.thumb_func
 3841              	uxQueueSpacesAvailable:
 3842              	.LVL308:
 3843              	.LFB21:
1947:Middlewares/Third_Party/FreeRTOS/Source/queue.c **** UBaseType_t uxReturn;
 3844              		.loc 1 1947 1 view -0
 3845              		.cfi_startproc
 3846              		@ args = 0, pretend = 0, frame = 0
ARM GAS  D:\software\msy64\tmp\ccpcBi2W.s 			page 132


 3847              		@ frame_needed = 0, uses_anonymous_args = 0
1947:Middlewares/Third_Party/FreeRTOS/Source/queue.c **** UBaseType_t uxReturn;
 3848              		.loc 1 1947 1 is_stmt 0 view .LVU1142
 3849 0000 38B5     		push	{r3, r4, r5, lr}
 3850              	.LCFI43:
 3851              		.cfi_def_cfa_offset 16
 3852              		.cfi_offset 3, -16
 3853              		.cfi_offset 4, -12
 3854              		.cfi_offset 5, -8
 3855              		.cfi_offset 14, -4
1948:Middlewares/Third_Party/FreeRTOS/Source/queue.c **** Queue_t * const pxQueue = xQueue;
 3856              		.loc 1 1948 1 is_stmt 1 view .LVU1143
1949:Middlewares/Third_Party/FreeRTOS/Source/queue.c **** 
 3857              		.loc 1 1949 1 view .LVU1144
 3858              	.LVL309:
1951:Middlewares/Third_Party/FreeRTOS/Source/queue.c **** 
 3859              		.loc 1 1951 2 view .LVU1145
 3860 0002 48B1     		cbz	r0, .L285
 3861 0004 0546     		mov	r5, r0
1951:Middlewares/Third_Party/FreeRTOS/Source/queue.c **** 
 3862              		.loc 1 1951 25 discriminator 2 view .LVU1146
1953:Middlewares/Third_Party/FreeRTOS/Source/queue.c **** 	{
 3863              		.loc 1 1953 2 view .LVU1147
 3864 0006 FFF7FEFF 		bl	vPortEnterCritical
 3865              	.LVL310:
1955:Middlewares/Third_Party/FreeRTOS/Source/queue.c **** 	}
 3866              		.loc 1 1955 3 view .LVU1148
1955:Middlewares/Third_Party/FreeRTOS/Source/queue.c **** 	}
 3867              		.loc 1 1955 21 is_stmt 0 view .LVU1149
 3868 000a EC6B     		ldr	r4, [r5, #60]
1955:Middlewares/Third_Party/FreeRTOS/Source/queue.c **** 	}
 3869              		.loc 1 1955 41 view .LVU1150
 3870 000c AB6B     		ldr	r3, [r5, #56]
1955:Middlewares/Third_Party/FreeRTOS/Source/queue.c **** 	}
 3871              		.loc 1 1955 12 view .LVU1151
 3872 000e E41A     		subs	r4, r4, r3
 3873              	.LVL311:
1957:Middlewares/Third_Party/FreeRTOS/Source/queue.c **** 
 3874              		.loc 1 1957 2 is_stmt 1 view .LVU1152
 3875 0010 FFF7FEFF 		bl	vPortExitCritical
 3876              	.LVL312:
1959:Middlewares/Third_Party/FreeRTOS/Source/queue.c **** } /*lint !e818 Pointer cannot be declared const as xQueue is a typedef not pointer. */
 3877              		.loc 1 1959 2 view .LVU1153
1960:Middlewares/Third_Party/FreeRTOS/Source/queue.c **** /*-----------------------------------------------------------*/
 3878              		.loc 1 1960 1 is_stmt 0 view .LVU1154
 3879 0014 2046     		mov	r0, r4
 3880 0016 38BD     		pop	{r3, r4, r5, pc}
 3881              	.LVL313:
 3882              	.L285:
1951:Middlewares/Third_Party/FreeRTOS/Source/queue.c **** 
 3883              		.loc 1 1951 2 is_stmt 1 discriminator 1 view .LVU1155
 3884              	.LBB210:
 3885              	.LBI210:
 193:Middlewares/Third_Party/FreeRTOS/Source/portable/GCC/ARM_CM3/portmacro.h **** {
 3886              		.loc 2 193 30 view .LVU1156
 3887              	.LBB211:
 195:Middlewares/Third_Party/FreeRTOS/Source/portable/GCC/ARM_CM3/portmacro.h **** 
ARM GAS  D:\software\msy64\tmp\ccpcBi2W.s 			page 133


 3888              		.loc 2 195 1 view .LVU1157
 197:Middlewares/Third_Party/FreeRTOS/Source/portable/GCC/ARM_CM3/portmacro.h **** 	(
 3889              		.loc 2 197 2 view .LVU1158
 3890              		.syntax unified
 3891              	@ 197 "Middlewares/Third_Party/FreeRTOS/Source/portable/GCC/ARM_CM3/portmacro.h" 1
 3892 0018 4FF05003 			mov r3, #80												
 3893 001c 83F31188 		msr basepri, r3											
 3894 0020 BFF36F8F 		isb														
 3895 0024 BFF34F8F 		dsb														
 3896              	
 3897              	@ 0 "" 2
 3898              		.thumb
 3899              		.syntax unified
 3900              	.L283:
 3901              	.LBE211:
 3902              	.LBE210:
1951:Middlewares/Third_Party/FreeRTOS/Source/queue.c **** 
 3903              		.loc 1 1951 2 discriminator 3 view .LVU1159
1951:Middlewares/Third_Party/FreeRTOS/Source/queue.c **** 
 3904              		.loc 1 1951 2 discriminator 3 view .LVU1160
 3905 0028 FEE7     		b	.L283
 3906              		.cfi_endproc
 3907              	.LFE21:
 3909              		.section	.text.uxQueueMessagesWaitingFromISR,"ax",%progbits
 3910              		.align	1
 3911              		.global	uxQueueMessagesWaitingFromISR
 3912              		.syntax unified
 3913              		.thumb
 3914              		.thumb_func
 3916              	uxQueueMessagesWaitingFromISR:
 3917              	.LVL314:
 3918              	.LFB22:
1964:Middlewares/Third_Party/FreeRTOS/Source/queue.c **** UBaseType_t uxReturn;
 3919              		.loc 1 1964 1 view -0
 3920              		.cfi_startproc
 3921              		@ args = 0, pretend = 0, frame = 0
 3922              		@ frame_needed = 0, uses_anonymous_args = 0
 3923              		@ link register save eliminated.
1965:Middlewares/Third_Party/FreeRTOS/Source/queue.c **** Queue_t * const pxQueue = xQueue;
 3924              		.loc 1 1965 1 view .LVU1162
1966:Middlewares/Third_Party/FreeRTOS/Source/queue.c **** 
 3925              		.loc 1 1966 1 view .LVU1163
1968:Middlewares/Third_Party/FreeRTOS/Source/queue.c **** 	uxReturn = pxQueue->uxMessagesWaiting;
 3926              		.loc 1 1968 2 view .LVU1164
 3927 0000 08B1     		cbz	r0, .L289
1968:Middlewares/Third_Party/FreeRTOS/Source/queue.c **** 	uxReturn = pxQueue->uxMessagesWaiting;
 3928              		.loc 1 1968 25 discriminator 2 view .LVU1165
1969:Middlewares/Third_Party/FreeRTOS/Source/queue.c **** 
 3929              		.loc 1 1969 2 view .LVU1166
1969:Middlewares/Third_Party/FreeRTOS/Source/queue.c **** 
 3930              		.loc 1 1969 11 is_stmt 0 view .LVU1167
 3931 0002 806B     		ldr	r0, [r0, #56]
 3932              	.LVL315:
1971:Middlewares/Third_Party/FreeRTOS/Source/queue.c **** } /*lint !e818 Pointer cannot be declared const as xQueue is a typedef not pointer. */
 3933              		.loc 1 1971 2 is_stmt 1 view .LVU1168
1972:Middlewares/Third_Party/FreeRTOS/Source/queue.c **** /*-----------------------------------------------------------*/
 3934              		.loc 1 1972 1 is_stmt 0 view .LVU1169
ARM GAS  D:\software\msy64\tmp\ccpcBi2W.s 			page 134


 3935 0004 7047     		bx	lr
 3936              	.LVL316:
 3937              	.L289:
1968:Middlewares/Third_Party/FreeRTOS/Source/queue.c **** 	uxReturn = pxQueue->uxMessagesWaiting;
 3938              		.loc 1 1968 2 is_stmt 1 discriminator 1 view .LVU1170
 3939              	.LBB212:
 3940              	.LBI212:
 193:Middlewares/Third_Party/FreeRTOS/Source/portable/GCC/ARM_CM3/portmacro.h **** {
 3941              		.loc 2 193 30 view .LVU1171
 3942              	.LBB213:
 195:Middlewares/Third_Party/FreeRTOS/Source/portable/GCC/ARM_CM3/portmacro.h **** 
 3943              		.loc 2 195 1 view .LVU1172
 197:Middlewares/Third_Party/FreeRTOS/Source/portable/GCC/ARM_CM3/portmacro.h **** 	(
 3944              		.loc 2 197 2 view .LVU1173
 3945              		.syntax unified
 3946              	@ 197 "Middlewares/Third_Party/FreeRTOS/Source/portable/GCC/ARM_CM3/portmacro.h" 1
 3947 0006 4FF05003 			mov r3, #80												
 3948 000a 83F31188 		msr basepri, r3											
 3949 000e BFF36F8F 		isb														
 3950 0012 BFF34F8F 		dsb														
 3951              	
 3952              	@ 0 "" 2
 3953              		.thumb
 3954              		.syntax unified
 3955              	.L288:
 3956              	.LBE213:
 3957              	.LBE212:
1968:Middlewares/Third_Party/FreeRTOS/Source/queue.c **** 	uxReturn = pxQueue->uxMessagesWaiting;
 3958              		.loc 1 1968 2 discriminator 3 view .LVU1174
1968:Middlewares/Third_Party/FreeRTOS/Source/queue.c **** 	uxReturn = pxQueue->uxMessagesWaiting;
 3959              		.loc 1 1968 2 discriminator 3 view .LVU1175
 3960 0016 FEE7     		b	.L288
 3961              		.cfi_endproc
 3962              	.LFE22:
 3964              		.section	.text.xQueueIsQueueEmptyFromISR,"ax",%progbits
 3965              		.align	1
 3966              		.global	xQueueIsQueueEmptyFromISR
 3967              		.syntax unified
 3968              		.thumb
 3969              		.thumb_func
 3971              	xQueueIsQueueEmptyFromISR:
 3972              	.LVL317:
 3973              	.LFB29:
2313:Middlewares/Third_Party/FreeRTOS/Source/queue.c **** BaseType_t xReturn;
 3974              		.loc 1 2313 1 view -0
 3975              		.cfi_startproc
 3976              		@ args = 0, pretend = 0, frame = 0
 3977              		@ frame_needed = 0, uses_anonymous_args = 0
 3978              		@ link register save eliminated.
2314:Middlewares/Third_Party/FreeRTOS/Source/queue.c **** Queue_t * const pxQueue = xQueue;
 3979              		.loc 1 2314 1 view .LVU1177
2315:Middlewares/Third_Party/FreeRTOS/Source/queue.c **** 
 3980              		.loc 1 2315 1 view .LVU1178
2317:Middlewares/Third_Party/FreeRTOS/Source/queue.c **** 	if( pxQueue->uxMessagesWaiting == ( UBaseType_t ) 0 )
 3981              		.loc 1 2317 2 view .LVU1179
 3982 0000 18B1     		cbz	r0, .L295
2317:Middlewares/Third_Party/FreeRTOS/Source/queue.c **** 	if( pxQueue->uxMessagesWaiting == ( UBaseType_t ) 0 )
ARM GAS  D:\software\msy64\tmp\ccpcBi2W.s 			page 135


 3983              		.loc 1 2317 25 discriminator 2 view .LVU1180
2318:Middlewares/Third_Party/FreeRTOS/Source/queue.c **** 	{
 3984              		.loc 1 2318 2 view .LVU1181
2318:Middlewares/Third_Party/FreeRTOS/Source/queue.c **** 	{
 3985              		.loc 1 2318 13 is_stmt 0 view .LVU1182
 3986 0002 836B     		ldr	r3, [r0, #56]
2318:Middlewares/Third_Party/FreeRTOS/Source/queue.c **** 	{
 3987              		.loc 1 2318 4 view .LVU1183
 3988 0004 53B9     		cbnz	r3, .L294
2320:Middlewares/Third_Party/FreeRTOS/Source/queue.c **** 	}
 3989              		.loc 1 2320 11 view .LVU1184
 3990 0006 0120     		movs	r0, #1
 3991              	.LVL318:
2320:Middlewares/Third_Party/FreeRTOS/Source/queue.c **** 	}
 3992              		.loc 1 2320 11 view .LVU1185
 3993 0008 7047     		bx	lr
 3994              	.LVL319:
 3995              	.L295:
2317:Middlewares/Third_Party/FreeRTOS/Source/queue.c **** 	if( pxQueue->uxMessagesWaiting == ( UBaseType_t ) 0 )
 3996              		.loc 1 2317 2 is_stmt 1 discriminator 1 view .LVU1186
 3997              	.LBB214:
 3998              	.LBI214:
 193:Middlewares/Third_Party/FreeRTOS/Source/portable/GCC/ARM_CM3/portmacro.h **** {
 3999              		.loc 2 193 30 view .LVU1187
 4000              	.LBB215:
 195:Middlewares/Third_Party/FreeRTOS/Source/portable/GCC/ARM_CM3/portmacro.h **** 
 4001              		.loc 2 195 1 view .LVU1188
 197:Middlewares/Third_Party/FreeRTOS/Source/portable/GCC/ARM_CM3/portmacro.h **** 	(
 4002              		.loc 2 197 2 view .LVU1189
 4003              		.syntax unified
 4004              	@ 197 "Middlewares/Third_Party/FreeRTOS/Source/portable/GCC/ARM_CM3/portmacro.h" 1
 4005 000a 4FF05003 			mov r3, #80												
 4006 000e 83F31188 		msr basepri, r3											
 4007 0012 BFF36F8F 		isb														
 4008 0016 BFF34F8F 		dsb														
 4009              	
 4010              	@ 0 "" 2
 4011              		.thumb
 4012              		.syntax unified
 4013              	.L292:
 4014              	.LBE215:
 4015              	.LBE214:
2317:Middlewares/Third_Party/FreeRTOS/Source/queue.c **** 	if( pxQueue->uxMessagesWaiting == ( UBaseType_t ) 0 )
 4016              		.loc 1 2317 2 discriminator 3 view .LVU1190
2317:Middlewares/Third_Party/FreeRTOS/Source/queue.c **** 	if( pxQueue->uxMessagesWaiting == ( UBaseType_t ) 0 )
 4017              		.loc 1 2317 2 discriminator 3 view .LVU1191
 4018 001a FEE7     		b	.L292
 4019              	.L294:
2324:Middlewares/Third_Party/FreeRTOS/Source/queue.c **** 	}
 4020              		.loc 1 2324 11 is_stmt 0 view .LVU1192
 4021 001c 0020     		movs	r0, #0
 4022              	.LVL320:
2327:Middlewares/Third_Party/FreeRTOS/Source/queue.c **** } /*lint !e818 xQueue could not be pointer to const because it is a typedef. */
 4023              		.loc 1 2327 2 is_stmt 1 view .LVU1193
2328:Middlewares/Third_Party/FreeRTOS/Source/queue.c **** /*-----------------------------------------------------------*/
 4024              		.loc 1 2328 1 is_stmt 0 view .LVU1194
 4025 001e 7047     		bx	lr
ARM GAS  D:\software\msy64\tmp\ccpcBi2W.s 			page 136


 4026              		.cfi_endproc
 4027              	.LFE29:
 4029              		.section	.text.xQueueIsQueueFullFromISR,"ax",%progbits
 4030              		.align	1
 4031              		.global	xQueueIsQueueFullFromISR
 4032              		.syntax unified
 4033              		.thumb
 4034              		.thumb_func
 4036              	xQueueIsQueueFullFromISR:
 4037              	.LVL321:
 4038              	.LFB31:
2350:Middlewares/Third_Party/FreeRTOS/Source/queue.c **** /*-----------------------------------------------------------*/
2351:Middlewares/Third_Party/FreeRTOS/Source/queue.c **** 
2352:Middlewares/Third_Party/FreeRTOS/Source/queue.c **** BaseType_t xQueueIsQueueFullFromISR( const QueueHandle_t xQueue )
2353:Middlewares/Third_Party/FreeRTOS/Source/queue.c **** {
 4039              		.loc 1 2353 1 is_stmt 1 view -0
 4040              		.cfi_startproc
 4041              		@ args = 0, pretend = 0, frame = 0
 4042              		@ frame_needed = 0, uses_anonymous_args = 0
 4043              		@ link register save eliminated.
2354:Middlewares/Third_Party/FreeRTOS/Source/queue.c **** BaseType_t xReturn;
 4044              		.loc 1 2354 1 view .LVU1196
2355:Middlewares/Third_Party/FreeRTOS/Source/queue.c **** Queue_t * const pxQueue = xQueue;
 4045              		.loc 1 2355 1 view .LVU1197
2356:Middlewares/Third_Party/FreeRTOS/Source/queue.c **** 
2357:Middlewares/Third_Party/FreeRTOS/Source/queue.c **** 	configASSERT( pxQueue );
 4046              		.loc 1 2357 2 view .LVU1198
 4047 0000 28B1     		cbz	r0, .L301
 4048              		.loc 1 2357 25 discriminator 2 view .LVU1199
2358:Middlewares/Third_Party/FreeRTOS/Source/queue.c **** 	if( pxQueue->uxMessagesWaiting == pxQueue->uxLength )
 4049              		.loc 1 2358 2 view .LVU1200
 4050              		.loc 1 2358 13 is_stmt 0 view .LVU1201
 4051 0002 826B     		ldr	r2, [r0, #56]
 4052              		.loc 1 2358 43 view .LVU1202
 4053 0004 C36B     		ldr	r3, [r0, #60]
 4054              		.loc 1 2358 4 view .LVU1203
 4055 0006 9A42     		cmp	r2, r3
 4056 0008 0AD0     		beq	.L302
2359:Middlewares/Third_Party/FreeRTOS/Source/queue.c **** 	{
2360:Middlewares/Third_Party/FreeRTOS/Source/queue.c **** 		xReturn = pdTRUE;
2361:Middlewares/Third_Party/FreeRTOS/Source/queue.c **** 	}
2362:Middlewares/Third_Party/FreeRTOS/Source/queue.c **** 	else
2363:Middlewares/Third_Party/FreeRTOS/Source/queue.c **** 	{
2364:Middlewares/Third_Party/FreeRTOS/Source/queue.c **** 		xReturn = pdFALSE;
 4057              		.loc 1 2364 11 view .LVU1204
 4058 000a 0020     		movs	r0, #0
 4059              	.LVL322:
2365:Middlewares/Third_Party/FreeRTOS/Source/queue.c **** 	}
2366:Middlewares/Third_Party/FreeRTOS/Source/queue.c **** 
2367:Middlewares/Third_Party/FreeRTOS/Source/queue.c **** 	return xReturn;
 4060              		.loc 1 2367 2 is_stmt 1 view .LVU1205
2368:Middlewares/Third_Party/FreeRTOS/Source/queue.c **** } /*lint !e818 xQueue could not be pointer to const because it is a typedef. */
 4061              		.loc 1 2368 1 is_stmt 0 view .LVU1206
 4062 000c 7047     		bx	lr
 4063              	.LVL323:
 4064              	.L301:
2357:Middlewares/Third_Party/FreeRTOS/Source/queue.c **** 	if( pxQueue->uxMessagesWaiting == pxQueue->uxLength )
ARM GAS  D:\software\msy64\tmp\ccpcBi2W.s 			page 137


 4065              		.loc 1 2357 2 is_stmt 1 discriminator 1 view .LVU1207
 4066              	.LBB216:
 4067              	.LBI216:
 193:Middlewares/Third_Party/FreeRTOS/Source/portable/GCC/ARM_CM3/portmacro.h **** {
 4068              		.loc 2 193 30 view .LVU1208
 4069              	.LBB217:
 195:Middlewares/Third_Party/FreeRTOS/Source/portable/GCC/ARM_CM3/portmacro.h **** 
 4070              		.loc 2 195 1 view .LVU1209
 197:Middlewares/Third_Party/FreeRTOS/Source/portable/GCC/ARM_CM3/portmacro.h **** 	(
 4071              		.loc 2 197 2 view .LVU1210
 4072              		.syntax unified
 4073              	@ 197 "Middlewares/Third_Party/FreeRTOS/Source/portable/GCC/ARM_CM3/portmacro.h" 1
 4074 000e 4FF05003 			mov r3, #80												
 4075 0012 83F31188 		msr basepri, r3											
 4076 0016 BFF36F8F 		isb														
 4077 001a BFF34F8F 		dsb														
 4078              	
 4079              	@ 0 "" 2
 4080              		.thumb
 4081              		.syntax unified
 4082              	.L298:
 4083              	.LBE217:
 4084              	.LBE216:
2357:Middlewares/Third_Party/FreeRTOS/Source/queue.c **** 	if( pxQueue->uxMessagesWaiting == pxQueue->uxLength )
 4085              		.loc 1 2357 2 discriminator 3 view .LVU1211
2357:Middlewares/Third_Party/FreeRTOS/Source/queue.c **** 	if( pxQueue->uxMessagesWaiting == pxQueue->uxLength )
 4086              		.loc 1 2357 2 discriminator 3 view .LVU1212
 4087 001e FEE7     		b	.L298
 4088              	.L302:
2360:Middlewares/Third_Party/FreeRTOS/Source/queue.c **** 	}
 4089              		.loc 1 2360 11 is_stmt 0 view .LVU1213
 4090 0020 0120     		movs	r0, #1
 4091              	.LVL324:
2360:Middlewares/Third_Party/FreeRTOS/Source/queue.c **** 	}
 4092              		.loc 1 2360 11 view .LVU1214
 4093 0022 7047     		bx	lr
 4094              		.cfi_endproc
 4095              	.LFE31:
 4097              		.section	.text.vQueueAddToRegistry,"ax",%progbits
 4098              		.align	1
 4099              		.global	vQueueAddToRegistry
 4100              		.syntax unified
 4101              		.thumb
 4102              		.thumb_func
 4104              	vQueueAddToRegistry:
 4105              	.LVL325:
 4106              	.LFB32:
2369:Middlewares/Third_Party/FreeRTOS/Source/queue.c **** /*-----------------------------------------------------------*/
2370:Middlewares/Third_Party/FreeRTOS/Source/queue.c **** 
2371:Middlewares/Third_Party/FreeRTOS/Source/queue.c **** #if ( configUSE_CO_ROUTINES == 1 )
2372:Middlewares/Third_Party/FreeRTOS/Source/queue.c **** 
2373:Middlewares/Third_Party/FreeRTOS/Source/queue.c **** 	BaseType_t xQueueCRSend( QueueHandle_t xQueue, const void *pvItemToQueue, TickType_t xTicksToWait 
2374:Middlewares/Third_Party/FreeRTOS/Source/queue.c **** 	{
2375:Middlewares/Third_Party/FreeRTOS/Source/queue.c **** 	BaseType_t xReturn;
2376:Middlewares/Third_Party/FreeRTOS/Source/queue.c **** 	Queue_t * const pxQueue = xQueue;
2377:Middlewares/Third_Party/FreeRTOS/Source/queue.c **** 
2378:Middlewares/Third_Party/FreeRTOS/Source/queue.c **** 		/* If the queue is already full we may have to block.  A critical section
ARM GAS  D:\software\msy64\tmp\ccpcBi2W.s 			page 138


2379:Middlewares/Third_Party/FreeRTOS/Source/queue.c **** 		is required to prevent an interrupt removing something from the queue
2380:Middlewares/Third_Party/FreeRTOS/Source/queue.c **** 		between the check to see if the queue is full and blocking on the queue. */
2381:Middlewares/Third_Party/FreeRTOS/Source/queue.c **** 		portDISABLE_INTERRUPTS();
2382:Middlewares/Third_Party/FreeRTOS/Source/queue.c **** 		{
2383:Middlewares/Third_Party/FreeRTOS/Source/queue.c **** 			if( prvIsQueueFull( pxQueue ) != pdFALSE )
2384:Middlewares/Third_Party/FreeRTOS/Source/queue.c **** 			{
2385:Middlewares/Third_Party/FreeRTOS/Source/queue.c **** 				/* The queue is full - do we want to block or just leave without
2386:Middlewares/Third_Party/FreeRTOS/Source/queue.c **** 				posting? */
2387:Middlewares/Third_Party/FreeRTOS/Source/queue.c **** 				if( xTicksToWait > ( TickType_t ) 0 )
2388:Middlewares/Third_Party/FreeRTOS/Source/queue.c **** 				{
2389:Middlewares/Third_Party/FreeRTOS/Source/queue.c **** 					/* As this is called from a coroutine we cannot block directly, but
2390:Middlewares/Third_Party/FreeRTOS/Source/queue.c **** 					return indicating that we need to block. */
2391:Middlewares/Third_Party/FreeRTOS/Source/queue.c **** 					vCoRoutineAddToDelayedList( xTicksToWait, &( pxQueue->xTasksWaitingToSend ) );
2392:Middlewares/Third_Party/FreeRTOS/Source/queue.c **** 					portENABLE_INTERRUPTS();
2393:Middlewares/Third_Party/FreeRTOS/Source/queue.c **** 					return errQUEUE_BLOCKED;
2394:Middlewares/Third_Party/FreeRTOS/Source/queue.c **** 				}
2395:Middlewares/Third_Party/FreeRTOS/Source/queue.c **** 				else
2396:Middlewares/Third_Party/FreeRTOS/Source/queue.c **** 				{
2397:Middlewares/Third_Party/FreeRTOS/Source/queue.c **** 					portENABLE_INTERRUPTS();
2398:Middlewares/Third_Party/FreeRTOS/Source/queue.c **** 					return errQUEUE_FULL;
2399:Middlewares/Third_Party/FreeRTOS/Source/queue.c **** 				}
2400:Middlewares/Third_Party/FreeRTOS/Source/queue.c **** 			}
2401:Middlewares/Third_Party/FreeRTOS/Source/queue.c **** 		}
2402:Middlewares/Third_Party/FreeRTOS/Source/queue.c **** 		portENABLE_INTERRUPTS();
2403:Middlewares/Third_Party/FreeRTOS/Source/queue.c **** 
2404:Middlewares/Third_Party/FreeRTOS/Source/queue.c **** 		portDISABLE_INTERRUPTS();
2405:Middlewares/Third_Party/FreeRTOS/Source/queue.c **** 		{
2406:Middlewares/Third_Party/FreeRTOS/Source/queue.c **** 			if( pxQueue->uxMessagesWaiting < pxQueue->uxLength )
2407:Middlewares/Third_Party/FreeRTOS/Source/queue.c **** 			{
2408:Middlewares/Third_Party/FreeRTOS/Source/queue.c **** 				/* There is room in the queue, copy the data into the queue. */
2409:Middlewares/Third_Party/FreeRTOS/Source/queue.c **** 				prvCopyDataToQueue( pxQueue, pvItemToQueue, queueSEND_TO_BACK );
2410:Middlewares/Third_Party/FreeRTOS/Source/queue.c **** 				xReturn = pdPASS;
2411:Middlewares/Third_Party/FreeRTOS/Source/queue.c **** 
2412:Middlewares/Third_Party/FreeRTOS/Source/queue.c **** 				/* Were any co-routines waiting for data to become available? */
2413:Middlewares/Third_Party/FreeRTOS/Source/queue.c **** 				if( listLIST_IS_EMPTY( &( pxQueue->xTasksWaitingToReceive ) ) == pdFALSE )
2414:Middlewares/Third_Party/FreeRTOS/Source/queue.c **** 				{
2415:Middlewares/Third_Party/FreeRTOS/Source/queue.c **** 					/* In this instance the co-routine could be placed directly
2416:Middlewares/Third_Party/FreeRTOS/Source/queue.c **** 					into the ready list as we are within a critical section.
2417:Middlewares/Third_Party/FreeRTOS/Source/queue.c **** 					Instead the same pending ready list mechanism is used as if
2418:Middlewares/Third_Party/FreeRTOS/Source/queue.c **** 					the event were caused from within an interrupt. */
2419:Middlewares/Third_Party/FreeRTOS/Source/queue.c **** 					if( xCoRoutineRemoveFromEventList( &( pxQueue->xTasksWaitingToReceive ) ) != pdFALSE )
2420:Middlewares/Third_Party/FreeRTOS/Source/queue.c **** 					{
2421:Middlewares/Third_Party/FreeRTOS/Source/queue.c **** 						/* The co-routine waiting has a higher priority so record
2422:Middlewares/Third_Party/FreeRTOS/Source/queue.c **** 						that a yield might be appropriate. */
2423:Middlewares/Third_Party/FreeRTOS/Source/queue.c **** 						xReturn = errQUEUE_YIELD;
2424:Middlewares/Third_Party/FreeRTOS/Source/queue.c **** 					}
2425:Middlewares/Third_Party/FreeRTOS/Source/queue.c **** 					else
2426:Middlewares/Third_Party/FreeRTOS/Source/queue.c **** 					{
2427:Middlewares/Third_Party/FreeRTOS/Source/queue.c **** 						mtCOVERAGE_TEST_MARKER();
2428:Middlewares/Third_Party/FreeRTOS/Source/queue.c **** 					}
2429:Middlewares/Third_Party/FreeRTOS/Source/queue.c **** 				}
2430:Middlewares/Third_Party/FreeRTOS/Source/queue.c **** 				else
2431:Middlewares/Third_Party/FreeRTOS/Source/queue.c **** 				{
2432:Middlewares/Third_Party/FreeRTOS/Source/queue.c **** 					mtCOVERAGE_TEST_MARKER();
2433:Middlewares/Third_Party/FreeRTOS/Source/queue.c **** 				}
2434:Middlewares/Third_Party/FreeRTOS/Source/queue.c **** 			}
2435:Middlewares/Third_Party/FreeRTOS/Source/queue.c **** 			else
ARM GAS  D:\software\msy64\tmp\ccpcBi2W.s 			page 139


2436:Middlewares/Third_Party/FreeRTOS/Source/queue.c **** 			{
2437:Middlewares/Third_Party/FreeRTOS/Source/queue.c **** 				xReturn = errQUEUE_FULL;
2438:Middlewares/Third_Party/FreeRTOS/Source/queue.c **** 			}
2439:Middlewares/Third_Party/FreeRTOS/Source/queue.c **** 		}
2440:Middlewares/Third_Party/FreeRTOS/Source/queue.c **** 		portENABLE_INTERRUPTS();
2441:Middlewares/Third_Party/FreeRTOS/Source/queue.c **** 
2442:Middlewares/Third_Party/FreeRTOS/Source/queue.c **** 		return xReturn;
2443:Middlewares/Third_Party/FreeRTOS/Source/queue.c **** 	}
2444:Middlewares/Third_Party/FreeRTOS/Source/queue.c **** 
2445:Middlewares/Third_Party/FreeRTOS/Source/queue.c **** #endif /* configUSE_CO_ROUTINES */
2446:Middlewares/Third_Party/FreeRTOS/Source/queue.c **** /*-----------------------------------------------------------*/
2447:Middlewares/Third_Party/FreeRTOS/Source/queue.c **** 
2448:Middlewares/Third_Party/FreeRTOS/Source/queue.c **** #if ( configUSE_CO_ROUTINES == 1 )
2449:Middlewares/Third_Party/FreeRTOS/Source/queue.c **** 
2450:Middlewares/Third_Party/FreeRTOS/Source/queue.c **** 	BaseType_t xQueueCRReceive( QueueHandle_t xQueue, void *pvBuffer, TickType_t xTicksToWait )
2451:Middlewares/Third_Party/FreeRTOS/Source/queue.c **** 	{
2452:Middlewares/Third_Party/FreeRTOS/Source/queue.c **** 	BaseType_t xReturn;
2453:Middlewares/Third_Party/FreeRTOS/Source/queue.c **** 	Queue_t * const pxQueue = xQueue;
2454:Middlewares/Third_Party/FreeRTOS/Source/queue.c **** 
2455:Middlewares/Third_Party/FreeRTOS/Source/queue.c **** 		/* If the queue is already empty we may have to block.  A critical section
2456:Middlewares/Third_Party/FreeRTOS/Source/queue.c **** 		is required to prevent an interrupt adding something to the queue
2457:Middlewares/Third_Party/FreeRTOS/Source/queue.c **** 		between the check to see if the queue is empty and blocking on the queue. */
2458:Middlewares/Third_Party/FreeRTOS/Source/queue.c **** 		portDISABLE_INTERRUPTS();
2459:Middlewares/Third_Party/FreeRTOS/Source/queue.c **** 		{
2460:Middlewares/Third_Party/FreeRTOS/Source/queue.c **** 			if( pxQueue->uxMessagesWaiting == ( UBaseType_t ) 0 )
2461:Middlewares/Third_Party/FreeRTOS/Source/queue.c **** 			{
2462:Middlewares/Third_Party/FreeRTOS/Source/queue.c **** 				/* There are no messages in the queue, do we want to block or just
2463:Middlewares/Third_Party/FreeRTOS/Source/queue.c **** 				leave with nothing? */
2464:Middlewares/Third_Party/FreeRTOS/Source/queue.c **** 				if( xTicksToWait > ( TickType_t ) 0 )
2465:Middlewares/Third_Party/FreeRTOS/Source/queue.c **** 				{
2466:Middlewares/Third_Party/FreeRTOS/Source/queue.c **** 					/* As this is a co-routine we cannot block directly, but return
2467:Middlewares/Third_Party/FreeRTOS/Source/queue.c **** 					indicating that we need to block. */
2468:Middlewares/Third_Party/FreeRTOS/Source/queue.c **** 					vCoRoutineAddToDelayedList( xTicksToWait, &( pxQueue->xTasksWaitingToReceive ) );
2469:Middlewares/Third_Party/FreeRTOS/Source/queue.c **** 					portENABLE_INTERRUPTS();
2470:Middlewares/Third_Party/FreeRTOS/Source/queue.c **** 					return errQUEUE_BLOCKED;
2471:Middlewares/Third_Party/FreeRTOS/Source/queue.c **** 				}
2472:Middlewares/Third_Party/FreeRTOS/Source/queue.c **** 				else
2473:Middlewares/Third_Party/FreeRTOS/Source/queue.c **** 				{
2474:Middlewares/Third_Party/FreeRTOS/Source/queue.c **** 					portENABLE_INTERRUPTS();
2475:Middlewares/Third_Party/FreeRTOS/Source/queue.c **** 					return errQUEUE_FULL;
2476:Middlewares/Third_Party/FreeRTOS/Source/queue.c **** 				}
2477:Middlewares/Third_Party/FreeRTOS/Source/queue.c **** 			}
2478:Middlewares/Third_Party/FreeRTOS/Source/queue.c **** 			else
2479:Middlewares/Third_Party/FreeRTOS/Source/queue.c **** 			{
2480:Middlewares/Third_Party/FreeRTOS/Source/queue.c **** 				mtCOVERAGE_TEST_MARKER();
2481:Middlewares/Third_Party/FreeRTOS/Source/queue.c **** 			}
2482:Middlewares/Third_Party/FreeRTOS/Source/queue.c **** 		}
2483:Middlewares/Third_Party/FreeRTOS/Source/queue.c **** 		portENABLE_INTERRUPTS();
2484:Middlewares/Third_Party/FreeRTOS/Source/queue.c **** 
2485:Middlewares/Third_Party/FreeRTOS/Source/queue.c **** 		portDISABLE_INTERRUPTS();
2486:Middlewares/Third_Party/FreeRTOS/Source/queue.c **** 		{
2487:Middlewares/Third_Party/FreeRTOS/Source/queue.c **** 			if( pxQueue->uxMessagesWaiting > ( UBaseType_t ) 0 )
2488:Middlewares/Third_Party/FreeRTOS/Source/queue.c **** 			{
2489:Middlewares/Third_Party/FreeRTOS/Source/queue.c **** 				/* Data is available from the queue. */
2490:Middlewares/Third_Party/FreeRTOS/Source/queue.c **** 				pxQueue->u.xQueue.pcReadFrom += pxQueue->uxItemSize;
2491:Middlewares/Third_Party/FreeRTOS/Source/queue.c **** 				if( pxQueue->u.xQueue.pcReadFrom >= pxQueue->u.xQueue.pcTail )
2492:Middlewares/Third_Party/FreeRTOS/Source/queue.c **** 				{
ARM GAS  D:\software\msy64\tmp\ccpcBi2W.s 			page 140


2493:Middlewares/Third_Party/FreeRTOS/Source/queue.c **** 					pxQueue->u.xQueue.pcReadFrom = pxQueue->pcHead;
2494:Middlewares/Third_Party/FreeRTOS/Source/queue.c **** 				}
2495:Middlewares/Third_Party/FreeRTOS/Source/queue.c **** 				else
2496:Middlewares/Third_Party/FreeRTOS/Source/queue.c **** 				{
2497:Middlewares/Third_Party/FreeRTOS/Source/queue.c **** 					mtCOVERAGE_TEST_MARKER();
2498:Middlewares/Third_Party/FreeRTOS/Source/queue.c **** 				}
2499:Middlewares/Third_Party/FreeRTOS/Source/queue.c **** 				--( pxQueue->uxMessagesWaiting );
2500:Middlewares/Third_Party/FreeRTOS/Source/queue.c **** 				( void ) memcpy( ( void * ) pvBuffer, ( void * ) pxQueue->u.xQueue.pcReadFrom, ( unsigned ) pxQ
2501:Middlewares/Third_Party/FreeRTOS/Source/queue.c **** 
2502:Middlewares/Third_Party/FreeRTOS/Source/queue.c **** 				xReturn = pdPASS;
2503:Middlewares/Third_Party/FreeRTOS/Source/queue.c **** 
2504:Middlewares/Third_Party/FreeRTOS/Source/queue.c **** 				/* Were any co-routines waiting for space to become available? */
2505:Middlewares/Third_Party/FreeRTOS/Source/queue.c **** 				if( listLIST_IS_EMPTY( &( pxQueue->xTasksWaitingToSend ) ) == pdFALSE )
2506:Middlewares/Third_Party/FreeRTOS/Source/queue.c **** 				{
2507:Middlewares/Third_Party/FreeRTOS/Source/queue.c **** 					/* In this instance the co-routine could be placed directly
2508:Middlewares/Third_Party/FreeRTOS/Source/queue.c **** 					into the ready list as we are within a critical section.
2509:Middlewares/Third_Party/FreeRTOS/Source/queue.c **** 					Instead the same pending ready list mechanism is used as if
2510:Middlewares/Third_Party/FreeRTOS/Source/queue.c **** 					the event were caused from within an interrupt. */
2511:Middlewares/Third_Party/FreeRTOS/Source/queue.c **** 					if( xCoRoutineRemoveFromEventList( &( pxQueue->xTasksWaitingToSend ) ) != pdFALSE )
2512:Middlewares/Third_Party/FreeRTOS/Source/queue.c **** 					{
2513:Middlewares/Third_Party/FreeRTOS/Source/queue.c **** 						xReturn = errQUEUE_YIELD;
2514:Middlewares/Third_Party/FreeRTOS/Source/queue.c **** 					}
2515:Middlewares/Third_Party/FreeRTOS/Source/queue.c **** 					else
2516:Middlewares/Third_Party/FreeRTOS/Source/queue.c **** 					{
2517:Middlewares/Third_Party/FreeRTOS/Source/queue.c **** 						mtCOVERAGE_TEST_MARKER();
2518:Middlewares/Third_Party/FreeRTOS/Source/queue.c **** 					}
2519:Middlewares/Third_Party/FreeRTOS/Source/queue.c **** 				}
2520:Middlewares/Third_Party/FreeRTOS/Source/queue.c **** 				else
2521:Middlewares/Third_Party/FreeRTOS/Source/queue.c **** 				{
2522:Middlewares/Third_Party/FreeRTOS/Source/queue.c **** 					mtCOVERAGE_TEST_MARKER();
2523:Middlewares/Third_Party/FreeRTOS/Source/queue.c **** 				}
2524:Middlewares/Third_Party/FreeRTOS/Source/queue.c **** 			}
2525:Middlewares/Third_Party/FreeRTOS/Source/queue.c **** 			else
2526:Middlewares/Third_Party/FreeRTOS/Source/queue.c **** 			{
2527:Middlewares/Third_Party/FreeRTOS/Source/queue.c **** 				xReturn = pdFAIL;
2528:Middlewares/Third_Party/FreeRTOS/Source/queue.c **** 			}
2529:Middlewares/Third_Party/FreeRTOS/Source/queue.c **** 		}
2530:Middlewares/Third_Party/FreeRTOS/Source/queue.c **** 		portENABLE_INTERRUPTS();
2531:Middlewares/Third_Party/FreeRTOS/Source/queue.c **** 
2532:Middlewares/Third_Party/FreeRTOS/Source/queue.c **** 		return xReturn;
2533:Middlewares/Third_Party/FreeRTOS/Source/queue.c **** 	}
2534:Middlewares/Third_Party/FreeRTOS/Source/queue.c **** 
2535:Middlewares/Third_Party/FreeRTOS/Source/queue.c **** #endif /* configUSE_CO_ROUTINES */
2536:Middlewares/Third_Party/FreeRTOS/Source/queue.c **** /*-----------------------------------------------------------*/
2537:Middlewares/Third_Party/FreeRTOS/Source/queue.c **** 
2538:Middlewares/Third_Party/FreeRTOS/Source/queue.c **** #if ( configUSE_CO_ROUTINES == 1 )
2539:Middlewares/Third_Party/FreeRTOS/Source/queue.c **** 
2540:Middlewares/Third_Party/FreeRTOS/Source/queue.c **** 	BaseType_t xQueueCRSendFromISR( QueueHandle_t xQueue, const void *pvItemToQueue, BaseType_t xCoRou
2541:Middlewares/Third_Party/FreeRTOS/Source/queue.c **** 	{
2542:Middlewares/Third_Party/FreeRTOS/Source/queue.c **** 	Queue_t * const pxQueue = xQueue;
2543:Middlewares/Third_Party/FreeRTOS/Source/queue.c **** 
2544:Middlewares/Third_Party/FreeRTOS/Source/queue.c **** 		/* Cannot block within an ISR so if there is no space on the queue then
2545:Middlewares/Third_Party/FreeRTOS/Source/queue.c **** 		exit without doing anything. */
2546:Middlewares/Third_Party/FreeRTOS/Source/queue.c **** 		if( pxQueue->uxMessagesWaiting < pxQueue->uxLength )
2547:Middlewares/Third_Party/FreeRTOS/Source/queue.c **** 		{
2548:Middlewares/Third_Party/FreeRTOS/Source/queue.c **** 			prvCopyDataToQueue( pxQueue, pvItemToQueue, queueSEND_TO_BACK );
2549:Middlewares/Third_Party/FreeRTOS/Source/queue.c **** 
ARM GAS  D:\software\msy64\tmp\ccpcBi2W.s 			page 141


2550:Middlewares/Third_Party/FreeRTOS/Source/queue.c **** 			/* We only want to wake one co-routine per ISR, so check that a
2551:Middlewares/Third_Party/FreeRTOS/Source/queue.c **** 			co-routine has not already been woken. */
2552:Middlewares/Third_Party/FreeRTOS/Source/queue.c **** 			if( xCoRoutinePreviouslyWoken == pdFALSE )
2553:Middlewares/Third_Party/FreeRTOS/Source/queue.c **** 			{
2554:Middlewares/Third_Party/FreeRTOS/Source/queue.c **** 				if( listLIST_IS_EMPTY( &( pxQueue->xTasksWaitingToReceive ) ) == pdFALSE )
2555:Middlewares/Third_Party/FreeRTOS/Source/queue.c **** 				{
2556:Middlewares/Third_Party/FreeRTOS/Source/queue.c **** 					if( xCoRoutineRemoveFromEventList( &( pxQueue->xTasksWaitingToReceive ) ) != pdFALSE )
2557:Middlewares/Third_Party/FreeRTOS/Source/queue.c **** 					{
2558:Middlewares/Third_Party/FreeRTOS/Source/queue.c **** 						return pdTRUE;
2559:Middlewares/Third_Party/FreeRTOS/Source/queue.c **** 					}
2560:Middlewares/Third_Party/FreeRTOS/Source/queue.c **** 					else
2561:Middlewares/Third_Party/FreeRTOS/Source/queue.c **** 					{
2562:Middlewares/Third_Party/FreeRTOS/Source/queue.c **** 						mtCOVERAGE_TEST_MARKER();
2563:Middlewares/Third_Party/FreeRTOS/Source/queue.c **** 					}
2564:Middlewares/Third_Party/FreeRTOS/Source/queue.c **** 				}
2565:Middlewares/Third_Party/FreeRTOS/Source/queue.c **** 				else
2566:Middlewares/Third_Party/FreeRTOS/Source/queue.c **** 				{
2567:Middlewares/Third_Party/FreeRTOS/Source/queue.c **** 					mtCOVERAGE_TEST_MARKER();
2568:Middlewares/Third_Party/FreeRTOS/Source/queue.c **** 				}
2569:Middlewares/Third_Party/FreeRTOS/Source/queue.c **** 			}
2570:Middlewares/Third_Party/FreeRTOS/Source/queue.c **** 			else
2571:Middlewares/Third_Party/FreeRTOS/Source/queue.c **** 			{
2572:Middlewares/Third_Party/FreeRTOS/Source/queue.c **** 				mtCOVERAGE_TEST_MARKER();
2573:Middlewares/Third_Party/FreeRTOS/Source/queue.c **** 			}
2574:Middlewares/Third_Party/FreeRTOS/Source/queue.c **** 		}
2575:Middlewares/Third_Party/FreeRTOS/Source/queue.c **** 		else
2576:Middlewares/Third_Party/FreeRTOS/Source/queue.c **** 		{
2577:Middlewares/Third_Party/FreeRTOS/Source/queue.c **** 			mtCOVERAGE_TEST_MARKER();
2578:Middlewares/Third_Party/FreeRTOS/Source/queue.c **** 		}
2579:Middlewares/Third_Party/FreeRTOS/Source/queue.c **** 
2580:Middlewares/Third_Party/FreeRTOS/Source/queue.c **** 		return xCoRoutinePreviouslyWoken;
2581:Middlewares/Third_Party/FreeRTOS/Source/queue.c **** 	}
2582:Middlewares/Third_Party/FreeRTOS/Source/queue.c **** 
2583:Middlewares/Third_Party/FreeRTOS/Source/queue.c **** #endif /* configUSE_CO_ROUTINES */
2584:Middlewares/Third_Party/FreeRTOS/Source/queue.c **** /*-----------------------------------------------------------*/
2585:Middlewares/Third_Party/FreeRTOS/Source/queue.c **** 
2586:Middlewares/Third_Party/FreeRTOS/Source/queue.c **** #if ( configUSE_CO_ROUTINES == 1 )
2587:Middlewares/Third_Party/FreeRTOS/Source/queue.c **** 
2588:Middlewares/Third_Party/FreeRTOS/Source/queue.c **** 	BaseType_t xQueueCRReceiveFromISR( QueueHandle_t xQueue, void *pvBuffer, BaseType_t *pxCoRoutineWo
2589:Middlewares/Third_Party/FreeRTOS/Source/queue.c **** 	{
2590:Middlewares/Third_Party/FreeRTOS/Source/queue.c **** 	BaseType_t xReturn;
2591:Middlewares/Third_Party/FreeRTOS/Source/queue.c **** 	Queue_t * const pxQueue = xQueue;
2592:Middlewares/Third_Party/FreeRTOS/Source/queue.c **** 
2593:Middlewares/Third_Party/FreeRTOS/Source/queue.c **** 		/* We cannot block from an ISR, so check there is data available. If
2594:Middlewares/Third_Party/FreeRTOS/Source/queue.c **** 		not then just leave without doing anything. */
2595:Middlewares/Third_Party/FreeRTOS/Source/queue.c **** 		if( pxQueue->uxMessagesWaiting > ( UBaseType_t ) 0 )
2596:Middlewares/Third_Party/FreeRTOS/Source/queue.c **** 		{
2597:Middlewares/Third_Party/FreeRTOS/Source/queue.c **** 			/* Copy the data from the queue. */
2598:Middlewares/Third_Party/FreeRTOS/Source/queue.c **** 			pxQueue->u.xQueue.pcReadFrom += pxQueue->uxItemSize;
2599:Middlewares/Third_Party/FreeRTOS/Source/queue.c **** 			if( pxQueue->u.xQueue.pcReadFrom >= pxQueue->u.xQueue.pcTail )
2600:Middlewares/Third_Party/FreeRTOS/Source/queue.c **** 			{
2601:Middlewares/Third_Party/FreeRTOS/Source/queue.c **** 				pxQueue->u.xQueue.pcReadFrom = pxQueue->pcHead;
2602:Middlewares/Third_Party/FreeRTOS/Source/queue.c **** 			}
2603:Middlewares/Third_Party/FreeRTOS/Source/queue.c **** 			else
2604:Middlewares/Third_Party/FreeRTOS/Source/queue.c **** 			{
2605:Middlewares/Third_Party/FreeRTOS/Source/queue.c **** 				mtCOVERAGE_TEST_MARKER();
2606:Middlewares/Third_Party/FreeRTOS/Source/queue.c **** 			}
ARM GAS  D:\software\msy64\tmp\ccpcBi2W.s 			page 142


2607:Middlewares/Third_Party/FreeRTOS/Source/queue.c **** 			--( pxQueue->uxMessagesWaiting );
2608:Middlewares/Third_Party/FreeRTOS/Source/queue.c **** 			( void ) memcpy( ( void * ) pvBuffer, ( void * ) pxQueue->u.xQueue.pcReadFrom, ( unsigned ) pxQu
2609:Middlewares/Third_Party/FreeRTOS/Source/queue.c **** 
2610:Middlewares/Third_Party/FreeRTOS/Source/queue.c **** 			if( ( *pxCoRoutineWoken ) == pdFALSE )
2611:Middlewares/Third_Party/FreeRTOS/Source/queue.c **** 			{
2612:Middlewares/Third_Party/FreeRTOS/Source/queue.c **** 				if( listLIST_IS_EMPTY( &( pxQueue->xTasksWaitingToSend ) ) == pdFALSE )
2613:Middlewares/Third_Party/FreeRTOS/Source/queue.c **** 				{
2614:Middlewares/Third_Party/FreeRTOS/Source/queue.c **** 					if( xCoRoutineRemoveFromEventList( &( pxQueue->xTasksWaitingToSend ) ) != pdFALSE )
2615:Middlewares/Third_Party/FreeRTOS/Source/queue.c **** 					{
2616:Middlewares/Third_Party/FreeRTOS/Source/queue.c **** 						*pxCoRoutineWoken = pdTRUE;
2617:Middlewares/Third_Party/FreeRTOS/Source/queue.c **** 					}
2618:Middlewares/Third_Party/FreeRTOS/Source/queue.c **** 					else
2619:Middlewares/Third_Party/FreeRTOS/Source/queue.c **** 					{
2620:Middlewares/Third_Party/FreeRTOS/Source/queue.c **** 						mtCOVERAGE_TEST_MARKER();
2621:Middlewares/Third_Party/FreeRTOS/Source/queue.c **** 					}
2622:Middlewares/Third_Party/FreeRTOS/Source/queue.c **** 				}
2623:Middlewares/Third_Party/FreeRTOS/Source/queue.c **** 				else
2624:Middlewares/Third_Party/FreeRTOS/Source/queue.c **** 				{
2625:Middlewares/Third_Party/FreeRTOS/Source/queue.c **** 					mtCOVERAGE_TEST_MARKER();
2626:Middlewares/Third_Party/FreeRTOS/Source/queue.c **** 				}
2627:Middlewares/Third_Party/FreeRTOS/Source/queue.c **** 			}
2628:Middlewares/Third_Party/FreeRTOS/Source/queue.c **** 			else
2629:Middlewares/Third_Party/FreeRTOS/Source/queue.c **** 			{
2630:Middlewares/Third_Party/FreeRTOS/Source/queue.c **** 				mtCOVERAGE_TEST_MARKER();
2631:Middlewares/Third_Party/FreeRTOS/Source/queue.c **** 			}
2632:Middlewares/Third_Party/FreeRTOS/Source/queue.c **** 
2633:Middlewares/Third_Party/FreeRTOS/Source/queue.c **** 			xReturn = pdPASS;
2634:Middlewares/Third_Party/FreeRTOS/Source/queue.c **** 		}
2635:Middlewares/Third_Party/FreeRTOS/Source/queue.c **** 		else
2636:Middlewares/Third_Party/FreeRTOS/Source/queue.c **** 		{
2637:Middlewares/Third_Party/FreeRTOS/Source/queue.c **** 			xReturn = pdFAIL;
2638:Middlewares/Third_Party/FreeRTOS/Source/queue.c **** 		}
2639:Middlewares/Third_Party/FreeRTOS/Source/queue.c **** 
2640:Middlewares/Third_Party/FreeRTOS/Source/queue.c **** 		return xReturn;
2641:Middlewares/Third_Party/FreeRTOS/Source/queue.c **** 	}
2642:Middlewares/Third_Party/FreeRTOS/Source/queue.c **** 
2643:Middlewares/Third_Party/FreeRTOS/Source/queue.c **** #endif /* configUSE_CO_ROUTINES */
2644:Middlewares/Third_Party/FreeRTOS/Source/queue.c **** /*-----------------------------------------------------------*/
2645:Middlewares/Third_Party/FreeRTOS/Source/queue.c **** 
2646:Middlewares/Third_Party/FreeRTOS/Source/queue.c **** #if ( configQUEUE_REGISTRY_SIZE > 0 )
2647:Middlewares/Third_Party/FreeRTOS/Source/queue.c **** 
2648:Middlewares/Third_Party/FreeRTOS/Source/queue.c **** 	void vQueueAddToRegistry( QueueHandle_t xQueue, const char *pcQueueName ) /*lint !e971 Unqualified
2649:Middlewares/Third_Party/FreeRTOS/Source/queue.c **** 	{
 4107              		.loc 1 2649 2 is_stmt 1 view -0
 4108              		.cfi_startproc
 4109              		@ args = 0, pretend = 0, frame = 0
 4110              		@ frame_needed = 0, uses_anonymous_args = 0
 4111              		@ link register save eliminated.
2650:Middlewares/Third_Party/FreeRTOS/Source/queue.c **** 	UBaseType_t ux;
 4112              		.loc 1 2650 2 view .LVU1216
2651:Middlewares/Third_Party/FreeRTOS/Source/queue.c **** 
2652:Middlewares/Third_Party/FreeRTOS/Source/queue.c **** 		/* See if there is an empty space in the registry.  A NULL name denotes
2653:Middlewares/Third_Party/FreeRTOS/Source/queue.c **** 		a free slot. */
2654:Middlewares/Third_Party/FreeRTOS/Source/queue.c **** 		for( ux = ( UBaseType_t ) 0U; ux < ( UBaseType_t ) configQUEUE_REGISTRY_SIZE; ux++ )
 4113              		.loc 1 2654 3 view .LVU1217
 4114              		.loc 1 2654 11 is_stmt 0 view .LVU1218
 4115 0000 0023     		movs	r3, #0
ARM GAS  D:\software\msy64\tmp\ccpcBi2W.s 			page 143


 4116              	.LVL326:
 4117              	.L304:
 4118              		.loc 1 2654 36 is_stmt 1 discriminator 1 view .LVU1219
 4119 0002 072B     		cmp	r3, #7
 4120 0004 0CD8     		bhi	.L308
2655:Middlewares/Third_Party/FreeRTOS/Source/queue.c **** 		{
2656:Middlewares/Third_Party/FreeRTOS/Source/queue.c **** 			if( xQueueRegistry[ ux ].pcQueueName == NULL )
 4121              		.loc 1 2656 4 view .LVU1220
 4122              		.loc 1 2656 28 is_stmt 0 view .LVU1221
 4123 0006 074A     		ldr	r2, .L310
 4124 0008 52F83320 		ldr	r2, [r2, r3, lsl #3]
 4125              		.loc 1 2656 6 view .LVU1222
 4126 000c 0AB1     		cbz	r2, .L309
2657:Middlewares/Third_Party/FreeRTOS/Source/queue.c **** 			{
2658:Middlewares/Third_Party/FreeRTOS/Source/queue.c **** 				/* Store the information on this queue. */
2659:Middlewares/Third_Party/FreeRTOS/Source/queue.c **** 				xQueueRegistry[ ux ].pcQueueName = pcQueueName;
2660:Middlewares/Third_Party/FreeRTOS/Source/queue.c **** 				xQueueRegistry[ ux ].xHandle = xQueue;
2661:Middlewares/Third_Party/FreeRTOS/Source/queue.c **** 
2662:Middlewares/Third_Party/FreeRTOS/Source/queue.c **** 				traceQUEUE_REGISTRY_ADD( xQueue, pcQueueName );
2663:Middlewares/Third_Party/FreeRTOS/Source/queue.c **** 				break;
2664:Middlewares/Third_Party/FreeRTOS/Source/queue.c **** 			}
2665:Middlewares/Third_Party/FreeRTOS/Source/queue.c **** 			else
2666:Middlewares/Third_Party/FreeRTOS/Source/queue.c **** 			{
2667:Middlewares/Third_Party/FreeRTOS/Source/queue.c **** 				mtCOVERAGE_TEST_MARKER();
 4127              		.loc 1 2667 29 is_stmt 1 view .LVU1223
2654:Middlewares/Third_Party/FreeRTOS/Source/queue.c **** 		{
 4128              		.loc 1 2654 83 discriminator 2 view .LVU1224
 4129 000e 0133     		adds	r3, r3, #1
 4130              	.LVL327:
2654:Middlewares/Third_Party/FreeRTOS/Source/queue.c **** 		{
 4131              		.loc 1 2654 83 is_stmt 0 discriminator 2 view .LVU1225
 4132 0010 F7E7     		b	.L304
 4133              	.L309:
2659:Middlewares/Third_Party/FreeRTOS/Source/queue.c **** 				xQueueRegistry[ ux ].xHandle = xQueue;
 4134              		.loc 1 2659 5 is_stmt 1 view .LVU1226
2659:Middlewares/Third_Party/FreeRTOS/Source/queue.c **** 				xQueueRegistry[ ux ].xHandle = xQueue;
 4135              		.loc 1 2659 38 is_stmt 0 view .LVU1227
 4136 0012 044A     		ldr	r2, .L310
 4137 0014 42F83310 		str	r1, [r2, r3, lsl #3]
2660:Middlewares/Third_Party/FreeRTOS/Source/queue.c **** 
 4138              		.loc 1 2660 5 is_stmt 1 view .LVU1228
2660:Middlewares/Third_Party/FreeRTOS/Source/queue.c **** 
 4139              		.loc 1 2660 34 is_stmt 0 view .LVU1229
 4140 0018 02EBC302 		add	r2, r2, r3, lsl #3
 4141 001c 5060     		str	r0, [r2, #4]
2662:Middlewares/Third_Party/FreeRTOS/Source/queue.c **** 				break;
 4142              		.loc 1 2662 51 is_stmt 1 view .LVU1230
2663:Middlewares/Third_Party/FreeRTOS/Source/queue.c **** 			}
 4143              		.loc 1 2663 5 view .LVU1231
 4144 001e 7047     		bx	lr
 4145              	.L308:
2668:Middlewares/Third_Party/FreeRTOS/Source/queue.c **** 			}
2669:Middlewares/Third_Party/FreeRTOS/Source/queue.c **** 		}
2670:Middlewares/Third_Party/FreeRTOS/Source/queue.c **** 	}
 4146              		.loc 1 2670 2 is_stmt 0 view .LVU1232
 4147 0020 7047     		bx	lr
 4148              	.L311:
ARM GAS  D:\software\msy64\tmp\ccpcBi2W.s 			page 144


 4149 0022 00BF     		.align	2
 4150              	.L310:
 4151 0024 00000000 		.word	xQueueRegistry
 4152              		.cfi_endproc
 4153              	.LFE32:
 4155              		.section	.text.pcQueueGetName,"ax",%progbits
 4156              		.align	1
 4157              		.global	pcQueueGetName
 4158              		.syntax unified
 4159              		.thumb
 4160              		.thumb_func
 4162              	pcQueueGetName:
 4163              	.LVL328:
 4164              	.LFB33:
2671:Middlewares/Third_Party/FreeRTOS/Source/queue.c **** 
2672:Middlewares/Third_Party/FreeRTOS/Source/queue.c **** #endif /* configQUEUE_REGISTRY_SIZE */
2673:Middlewares/Third_Party/FreeRTOS/Source/queue.c **** /*-----------------------------------------------------------*/
2674:Middlewares/Third_Party/FreeRTOS/Source/queue.c **** 
2675:Middlewares/Third_Party/FreeRTOS/Source/queue.c **** #if ( configQUEUE_REGISTRY_SIZE > 0 )
2676:Middlewares/Third_Party/FreeRTOS/Source/queue.c **** 
2677:Middlewares/Third_Party/FreeRTOS/Source/queue.c **** 	const char *pcQueueGetName( QueueHandle_t xQueue ) /*lint !e971 Unqualified char types are allowed
2678:Middlewares/Third_Party/FreeRTOS/Source/queue.c **** 	{
 4165              		.loc 1 2678 2 is_stmt 1 view -0
 4166              		.cfi_startproc
 4167              		@ args = 0, pretend = 0, frame = 0
 4168              		@ frame_needed = 0, uses_anonymous_args = 0
 4169              		@ link register save eliminated.
2679:Middlewares/Third_Party/FreeRTOS/Source/queue.c **** 	UBaseType_t ux;
 4170              		.loc 1 2679 2 view .LVU1234
2680:Middlewares/Third_Party/FreeRTOS/Source/queue.c **** 	const char *pcReturn = NULL; /*lint !e971 Unqualified char types are allowed for strings and singl
 4171              		.loc 1 2680 2 view .LVU1235
2681:Middlewares/Third_Party/FreeRTOS/Source/queue.c **** 
2682:Middlewares/Third_Party/FreeRTOS/Source/queue.c **** 		/* Note there is nothing here to protect against another task adding or
2683:Middlewares/Third_Party/FreeRTOS/Source/queue.c **** 		removing entries from the registry while it is being searched. */
2684:Middlewares/Third_Party/FreeRTOS/Source/queue.c **** 		for( ux = ( UBaseType_t ) 0U; ux < ( UBaseType_t ) configQUEUE_REGISTRY_SIZE; ux++ )
 4172              		.loc 1 2684 3 view .LVU1236
 4173              		.loc 1 2684 11 is_stmt 0 view .LVU1237
 4174 0000 0023     		movs	r3, #0
 4175              	.LVL329:
 4176              	.L313:
 4177              		.loc 1 2684 36 is_stmt 1 discriminator 1 view .LVU1238
 4178 0002 072B     		cmp	r3, #7
 4179 0004 0BD8     		bhi	.L317
2685:Middlewares/Third_Party/FreeRTOS/Source/queue.c **** 		{
2686:Middlewares/Third_Party/FreeRTOS/Source/queue.c **** 			if( xQueueRegistry[ ux ].xHandle == xQueue )
 4180              		.loc 1 2686 4 view .LVU1239
 4181              		.loc 1 2686 28 is_stmt 0 view .LVU1240
 4182 0006 074A     		ldr	r2, .L319
 4183 0008 02EBC302 		add	r2, r2, r3, lsl #3
 4184 000c 5268     		ldr	r2, [r2, #4]
 4185              		.loc 1 2686 6 view .LVU1241
 4186 000e 8242     		cmp	r2, r0
 4187 0010 01D0     		beq	.L318
2687:Middlewares/Third_Party/FreeRTOS/Source/queue.c **** 			{
2688:Middlewares/Third_Party/FreeRTOS/Source/queue.c **** 				pcReturn = xQueueRegistry[ ux ].pcQueueName;
2689:Middlewares/Third_Party/FreeRTOS/Source/queue.c **** 				break;
2690:Middlewares/Third_Party/FreeRTOS/Source/queue.c **** 			}
ARM GAS  D:\software\msy64\tmp\ccpcBi2W.s 			page 145


2691:Middlewares/Third_Party/FreeRTOS/Source/queue.c **** 			else
2692:Middlewares/Third_Party/FreeRTOS/Source/queue.c **** 			{
2693:Middlewares/Third_Party/FreeRTOS/Source/queue.c **** 				mtCOVERAGE_TEST_MARKER();
 4188              		.loc 1 2693 29 is_stmt 1 view .LVU1242
2684:Middlewares/Third_Party/FreeRTOS/Source/queue.c **** 		{
 4189              		.loc 1 2684 83 discriminator 2 view .LVU1243
 4190 0012 0133     		adds	r3, r3, #1
 4191              	.LVL330:
2684:Middlewares/Third_Party/FreeRTOS/Source/queue.c **** 		{
 4192              		.loc 1 2684 83 is_stmt 0 discriminator 2 view .LVU1244
 4193 0014 F5E7     		b	.L313
 4194              	.L318:
2688:Middlewares/Third_Party/FreeRTOS/Source/queue.c **** 				break;
 4195              		.loc 1 2688 5 is_stmt 1 view .LVU1245
2688:Middlewares/Third_Party/FreeRTOS/Source/queue.c **** 				break;
 4196              		.loc 1 2688 14 is_stmt 0 view .LVU1246
 4197 0016 034A     		ldr	r2, .L319
 4198 0018 52F83300 		ldr	r0, [r2, r3, lsl #3]
 4199              	.LVL331:
2689:Middlewares/Third_Party/FreeRTOS/Source/queue.c **** 			}
 4200              		.loc 1 2689 5 is_stmt 1 view .LVU1247
 4201 001c 7047     		bx	lr
 4202              	.LVL332:
 4203              	.L317:
2680:Middlewares/Third_Party/FreeRTOS/Source/queue.c **** 
 4204              		.loc 1 2680 14 is_stmt 0 view .LVU1248
 4205 001e 0020     		movs	r0, #0
 4206              	.LVL333:
2694:Middlewares/Third_Party/FreeRTOS/Source/queue.c **** 			}
2695:Middlewares/Third_Party/FreeRTOS/Source/queue.c **** 		}
2696:Middlewares/Third_Party/FreeRTOS/Source/queue.c **** 
2697:Middlewares/Third_Party/FreeRTOS/Source/queue.c **** 		return pcReturn;
 4207              		.loc 1 2697 3 is_stmt 1 view .LVU1249
2698:Middlewares/Third_Party/FreeRTOS/Source/queue.c **** 	} /*lint !e818 xQueue cannot be a pointer to const because it is a typedef. */
 4208              		.loc 1 2698 2 is_stmt 0 view .LVU1250
 4209 0020 7047     		bx	lr
 4210              	.L320:
 4211 0022 00BF     		.align	2
 4212              	.L319:
 4213 0024 00000000 		.word	xQueueRegistry
 4214              		.cfi_endproc
 4215              	.LFE33:
 4217              		.section	.text.vQueueUnregisterQueue,"ax",%progbits
 4218              		.align	1
 4219              		.global	vQueueUnregisterQueue
 4220              		.syntax unified
 4221              		.thumb
 4222              		.thumb_func
 4224              	vQueueUnregisterQueue:
 4225              	.LVL334:
 4226              	.LFB34:
2699:Middlewares/Third_Party/FreeRTOS/Source/queue.c **** 
2700:Middlewares/Third_Party/FreeRTOS/Source/queue.c **** #endif /* configQUEUE_REGISTRY_SIZE */
2701:Middlewares/Third_Party/FreeRTOS/Source/queue.c **** /*-----------------------------------------------------------*/
2702:Middlewares/Third_Party/FreeRTOS/Source/queue.c **** 
2703:Middlewares/Third_Party/FreeRTOS/Source/queue.c **** #if ( configQUEUE_REGISTRY_SIZE > 0 )
2704:Middlewares/Third_Party/FreeRTOS/Source/queue.c **** 
ARM GAS  D:\software\msy64\tmp\ccpcBi2W.s 			page 146


2705:Middlewares/Third_Party/FreeRTOS/Source/queue.c **** 	void vQueueUnregisterQueue( QueueHandle_t xQueue )
2706:Middlewares/Third_Party/FreeRTOS/Source/queue.c **** 	{
 4227              		.loc 1 2706 2 is_stmt 1 view -0
 4228              		.cfi_startproc
 4229              		@ args = 0, pretend = 0, frame = 0
 4230              		@ frame_needed = 0, uses_anonymous_args = 0
 4231              		@ link register save eliminated.
2707:Middlewares/Third_Party/FreeRTOS/Source/queue.c **** 	UBaseType_t ux;
 4232              		.loc 1 2707 2 view .LVU1252
2708:Middlewares/Third_Party/FreeRTOS/Source/queue.c **** 
2709:Middlewares/Third_Party/FreeRTOS/Source/queue.c **** 		/* See if the handle of the queue being unregistered in actually in the
2710:Middlewares/Third_Party/FreeRTOS/Source/queue.c **** 		registry. */
2711:Middlewares/Third_Party/FreeRTOS/Source/queue.c **** 		for( ux = ( UBaseType_t ) 0U; ux < ( UBaseType_t ) configQUEUE_REGISTRY_SIZE; ux++ )
 4233              		.loc 1 2711 3 view .LVU1253
 4234              		.loc 1 2711 11 is_stmt 0 view .LVU1254
 4235 0000 0023     		movs	r3, #0
 4236              	.LVL335:
 4237              	.L322:
 4238              		.loc 1 2711 36 is_stmt 1 discriminator 1 view .LVU1255
 4239 0002 072B     		cmp	r3, #7
 4240 0004 0FD8     		bhi	.L326
2712:Middlewares/Third_Party/FreeRTOS/Source/queue.c **** 		{
2713:Middlewares/Third_Party/FreeRTOS/Source/queue.c **** 			if( xQueueRegistry[ ux ].xHandle == xQueue )
 4241              		.loc 1 2713 4 view .LVU1256
 4242              		.loc 1 2713 28 is_stmt 0 view .LVU1257
 4243 0006 084A     		ldr	r2, .L328
 4244 0008 02EBC302 		add	r2, r2, r3, lsl #3
 4245 000c 5268     		ldr	r2, [r2, #4]
 4246              		.loc 1 2713 6 view .LVU1258
 4247 000e 8242     		cmp	r2, r0
 4248 0010 01D0     		beq	.L327
2714:Middlewares/Third_Party/FreeRTOS/Source/queue.c **** 			{
2715:Middlewares/Third_Party/FreeRTOS/Source/queue.c **** 				/* Set the name to NULL to show that this slot if free again. */
2716:Middlewares/Third_Party/FreeRTOS/Source/queue.c **** 				xQueueRegistry[ ux ].pcQueueName = NULL;
2717:Middlewares/Third_Party/FreeRTOS/Source/queue.c **** 
2718:Middlewares/Third_Party/FreeRTOS/Source/queue.c **** 				/* Set the handle to NULL to ensure the same queue handle cannot
2719:Middlewares/Third_Party/FreeRTOS/Source/queue.c **** 				appear in the registry twice if it is added, removed, then
2720:Middlewares/Third_Party/FreeRTOS/Source/queue.c **** 				added again. */
2721:Middlewares/Third_Party/FreeRTOS/Source/queue.c **** 				xQueueRegistry[ ux ].xHandle = ( QueueHandle_t ) 0;
2722:Middlewares/Third_Party/FreeRTOS/Source/queue.c **** 				break;
2723:Middlewares/Third_Party/FreeRTOS/Source/queue.c **** 			}
2724:Middlewares/Third_Party/FreeRTOS/Source/queue.c **** 			else
2725:Middlewares/Third_Party/FreeRTOS/Source/queue.c **** 			{
2726:Middlewares/Third_Party/FreeRTOS/Source/queue.c **** 				mtCOVERAGE_TEST_MARKER();
 4249              		.loc 1 2726 29 is_stmt 1 view .LVU1259
2711:Middlewares/Third_Party/FreeRTOS/Source/queue.c **** 		{
 4250              		.loc 1 2711 83 discriminator 2 view .LVU1260
 4251 0012 0133     		adds	r3, r3, #1
 4252              	.LVL336:
2711:Middlewares/Third_Party/FreeRTOS/Source/queue.c **** 		{
 4253              		.loc 1 2711 83 is_stmt 0 discriminator 2 view .LVU1261
 4254 0014 F5E7     		b	.L322
 4255              	.L327:
2716:Middlewares/Third_Party/FreeRTOS/Source/queue.c **** 
 4256              		.loc 1 2716 5 is_stmt 1 view .LVU1262
2716:Middlewares/Third_Party/FreeRTOS/Source/queue.c **** 
 4257              		.loc 1 2716 38 is_stmt 0 view .LVU1263
ARM GAS  D:\software\msy64\tmp\ccpcBi2W.s 			page 147


 4258 0016 044A     		ldr	r2, .L328
 4259 0018 0021     		movs	r1, #0
 4260 001a 42F83310 		str	r1, [r2, r3, lsl #3]
2721:Middlewares/Third_Party/FreeRTOS/Source/queue.c **** 				break;
 4261              		.loc 1 2721 5 is_stmt 1 view .LVU1264
2721:Middlewares/Third_Party/FreeRTOS/Source/queue.c **** 				break;
 4262              		.loc 1 2721 34 is_stmt 0 view .LVU1265
 4263 001e 02EBC302 		add	r2, r2, r3, lsl #3
 4264 0022 5160     		str	r1, [r2, #4]
2722:Middlewares/Third_Party/FreeRTOS/Source/queue.c **** 			}
 4265              		.loc 1 2722 5 is_stmt 1 view .LVU1266
 4266 0024 7047     		bx	lr
 4267              	.L326:
2727:Middlewares/Third_Party/FreeRTOS/Source/queue.c **** 			}
2728:Middlewares/Third_Party/FreeRTOS/Source/queue.c **** 		}
2729:Middlewares/Third_Party/FreeRTOS/Source/queue.c **** 
2730:Middlewares/Third_Party/FreeRTOS/Source/queue.c **** 	} /*lint !e818 xQueue could not be pointer to const because it is a typedef. */
 4268              		.loc 1 2730 2 is_stmt 0 view .LVU1267
 4269 0026 7047     		bx	lr
 4270              	.L329:
 4271              		.align	2
 4272              	.L328:
 4273 0028 00000000 		.word	xQueueRegistry
 4274              		.cfi_endproc
 4275              	.LFE34:
 4277              		.section	.text.vQueueDelete,"ax",%progbits
 4278              		.align	1
 4279              		.global	vQueueDelete
 4280              		.syntax unified
 4281              		.thumb
 4282              		.thumb_func
 4284              	vQueueDelete:
 4285              	.LVL337:
 4286              	.LFB23:
1976:Middlewares/Third_Party/FreeRTOS/Source/queue.c **** Queue_t * const pxQueue = xQueue;
 4287              		.loc 1 1976 1 is_stmt 1 view -0
 4288              		.cfi_startproc
 4289              		@ args = 0, pretend = 0, frame = 0
 4290              		@ frame_needed = 0, uses_anonymous_args = 0
1977:Middlewares/Third_Party/FreeRTOS/Source/queue.c **** 
 4291              		.loc 1 1977 1 view .LVU1269
1979:Middlewares/Third_Party/FreeRTOS/Source/queue.c **** 	traceQUEUE_DELETE( pxQueue );
 4292              		.loc 1 1979 2 view .LVU1270
 4293 0000 38B1     		cbz	r0, .L336
1976:Middlewares/Third_Party/FreeRTOS/Source/queue.c **** Queue_t * const pxQueue = xQueue;
 4294              		.loc 1 1976 1 is_stmt 0 view .LVU1271
 4295 0002 10B5     		push	{r4, lr}
 4296              	.LCFI44:
 4297              		.cfi_def_cfa_offset 8
 4298              		.cfi_offset 4, -8
 4299              		.cfi_offset 14, -4
 4300 0004 0446     		mov	r4, r0
1979:Middlewares/Third_Party/FreeRTOS/Source/queue.c **** 	traceQUEUE_DELETE( pxQueue );
 4301              		.loc 1 1979 25 is_stmt 1 discriminator 2 view .LVU1272
1980:Middlewares/Third_Party/FreeRTOS/Source/queue.c **** 
 4302              		.loc 1 1980 30 view .LVU1273
1984:Middlewares/Third_Party/FreeRTOS/Source/queue.c **** 	}
ARM GAS  D:\software\msy64\tmp\ccpcBi2W.s 			page 148


 4303              		.loc 1 1984 3 view .LVU1274
 4304 0006 FFF7FEFF 		bl	vQueueUnregisterQueue
 4305              	.LVL338:
1998:Middlewares/Third_Party/FreeRTOS/Source/queue.c **** 		{
 4306              		.loc 1 1998 3 view .LVU1275
1998:Middlewares/Third_Party/FreeRTOS/Source/queue.c **** 		{
 4307              		.loc 1 1998 14 is_stmt 0 view .LVU1276
 4308 000a 94F84630 		ldrb	r3, [r4, #70]	@ zero_extendqisi2
1998:Middlewares/Third_Party/FreeRTOS/Source/queue.c **** 		{
 4309              		.loc 1 1998 5 view .LVU1277
 4310 000e 4BB1     		cbz	r3, .L337
 4311              	.L330:
2014:Middlewares/Third_Party/FreeRTOS/Source/queue.c **** /*-----------------------------------------------------------*/
 4312              		.loc 1 2014 1 view .LVU1278
 4313 0010 10BD     		pop	{r4, pc}
 4314              	.LVL339:
 4315              	.L336:
 4316              	.LCFI45:
 4317              		.cfi_def_cfa_offset 0
 4318              		.cfi_restore 4
 4319              		.cfi_restore 14
1979:Middlewares/Third_Party/FreeRTOS/Source/queue.c **** 	traceQUEUE_DELETE( pxQueue );
 4320              		.loc 1 1979 2 is_stmt 1 discriminator 1 view .LVU1279
 4321              	.LBB218:
 4322              	.LBI218:
 193:Middlewares/Third_Party/FreeRTOS/Source/portable/GCC/ARM_CM3/portmacro.h **** {
 4323              		.loc 2 193 30 view .LVU1280
 4324              	.LBB219:
 195:Middlewares/Third_Party/FreeRTOS/Source/portable/GCC/ARM_CM3/portmacro.h **** 
 4325              		.loc 2 195 1 view .LVU1281
 197:Middlewares/Third_Party/FreeRTOS/Source/portable/GCC/ARM_CM3/portmacro.h **** 	(
 4326              		.loc 2 197 2 view .LVU1282
 4327              		.syntax unified
 4328              	@ 197 "Middlewares/Third_Party/FreeRTOS/Source/portable/GCC/ARM_CM3/portmacro.h" 1
 4329 0012 4FF05003 			mov r3, #80												
 4330 0016 83F31188 		msr basepri, r3											
 4331 001a BFF36F8F 		isb														
 4332 001e BFF34F8F 		dsb														
 4333              	
 4334              	@ 0 "" 2
 4335              		.thumb
 4336              		.syntax unified
 4337              	.L332:
 4338              	.LBE219:
 4339              	.LBE218:
1979:Middlewares/Third_Party/FreeRTOS/Source/queue.c **** 	traceQUEUE_DELETE( pxQueue );
 4340              		.loc 1 1979 2 discriminator 3 view .LVU1283
1979:Middlewares/Third_Party/FreeRTOS/Source/queue.c **** 	traceQUEUE_DELETE( pxQueue );
 4341              		.loc 1 1979 2 discriminator 3 view .LVU1284
 4342 0022 FEE7     		b	.L332
 4343              	.LVL340:
 4344              	.L337:
 4345              	.LCFI46:
 4346              		.cfi_def_cfa_offset 8
 4347              		.cfi_offset 4, -8
 4348              		.cfi_offset 14, -4
2000:Middlewares/Third_Party/FreeRTOS/Source/queue.c **** 		}
ARM GAS  D:\software\msy64\tmp\ccpcBi2W.s 			page 149


 4349              		.loc 1 2000 4 view .LVU1285
 4350 0024 2046     		mov	r0, r4
 4351 0026 FFF7FEFF 		bl	vPortFree
 4352              	.LVL341:
2004:Middlewares/Third_Party/FreeRTOS/Source/queue.c **** 		}
 4353              		.loc 1 2004 28 view .LVU1286
2014:Middlewares/Third_Party/FreeRTOS/Source/queue.c **** /*-----------------------------------------------------------*/
 4354              		.loc 1 2014 1 is_stmt 0 view .LVU1287
 4355 002a F1E7     		b	.L330
 4356              		.cfi_endproc
 4357              	.LFE23:
 4359              		.global	xQueueRegistry
 4360              		.section	.bss.xQueueRegistry,"aw",%nobits
 4361              		.align	2
 4364              	xQueueRegistry:
 4365 0000 00000000 		.space	64
 4365      00000000 
 4365      00000000 
 4365      00000000 
 4365      00000000 
 4366              		.text
 4367              	.Letext0:
 4368              		.file 3 "D:/software/msy64/mingw64/lib/gcc/arm-none-eabi/13.3.0/include/stddef.h"
 4369              		.file 4 "D:/software/msy64/mingw64/arm-none-eabi/include/machine/_default_types.h"
 4370              		.file 5 "D:/software/msy64/mingw64/arm-none-eabi/include/sys/_stdint.h"
 4371              		.file 6 "Middlewares/Third_Party/FreeRTOS/Source/include/FreeRTOS.h"
 4372              		.file 7 "Middlewares/Third_Party/FreeRTOS/Source/include/list.h"
 4373              		.file 8 "Middlewares/Third_Party/FreeRTOS/Source/include/task.h"
 4374              		.file 9 "Middlewares/Third_Party/FreeRTOS/Source/include/queue.h"
 4375              		.file 10 "Middlewares/Third_Party/FreeRTOS/Source/include/portable.h"
 4376              		.file 11 "D:/software/msy64/mingw64/arm-none-eabi/include/string.h"
 4377              		.file 12 "<built-in>"
ARM GAS  D:\software\msy64\tmp\ccpcBi2W.s 			page 150


DEFINED SYMBOLS
                            *ABS*:00000000 queue.c
D:\software\msy64\tmp\ccpcBi2W.s:19     .text.prvGetDisinheritPriorityAfterTimeout:00000000 $t
D:\software\msy64\tmp\ccpcBi2W.s:24     .text.prvGetDisinheritPriorityAfterTimeout:00000000 prvGetDisinheritPriorityAfterTimeout
D:\software\msy64\tmp\ccpcBi2W.s:58     .text.prvIsQueueFull:00000000 $t
D:\software\msy64\tmp\ccpcBi2W.s:63     .text.prvIsQueueFull:00000000 prvIsQueueFull
D:\software\msy64\tmp\ccpcBi2W.s:111    .text.prvIsQueueEmpty:00000000 $t
D:\software\msy64\tmp\ccpcBi2W.s:116    .text.prvIsQueueEmpty:00000000 prvIsQueueEmpty
D:\software\msy64\tmp\ccpcBi2W.s:161    .text.prvCopyDataToQueue:00000000 $t
D:\software\msy64\tmp\ccpcBi2W.s:166    .text.prvCopyDataToQueue:00000000 prvCopyDataToQueue
D:\software\msy64\tmp\ccpcBi2W.s:325    .text.prvCopyDataFromQueue:00000000 $t
D:\software\msy64\tmp\ccpcBi2W.s:330    .text.prvCopyDataFromQueue:00000000 prvCopyDataFromQueue
D:\software\msy64\tmp\ccpcBi2W.s:382    .text.prvUnlockQueue:00000000 $t
D:\software\msy64\tmp\ccpcBi2W.s:387    .text.prvUnlockQueue:00000000 prvUnlockQueue
D:\software\msy64\tmp\ccpcBi2W.s:512    .text.xQueueGenericReset:00000000 $t
D:\software\msy64\tmp\ccpcBi2W.s:518    .text.xQueueGenericReset:00000000 xQueueGenericReset
D:\software\msy64\tmp\ccpcBi2W.s:658    .text.prvInitialiseNewQueue:00000000 $t
D:\software\msy64\tmp\ccpcBi2W.s:663    .text.prvInitialiseNewQueue:00000000 prvInitialiseNewQueue
D:\software\msy64\tmp\ccpcBi2W.s:716    .text.xQueueGenericCreateStatic:00000000 $t
D:\software\msy64\tmp\ccpcBi2W.s:722    .text.xQueueGenericCreateStatic:00000000 xQueueGenericCreateStatic
D:\software\msy64\tmp\ccpcBi2W.s:939    .text.xQueueGenericCreate:00000000 $t
D:\software\msy64\tmp\ccpcBi2W.s:945    .text.xQueueGenericCreate:00000000 xQueueGenericCreate
D:\software\msy64\tmp\ccpcBi2W.s:1047   .text.xQueueGenericSend:00000000 $t
D:\software\msy64\tmp\ccpcBi2W.s:1053   .text.xQueueGenericSend:00000000 xQueueGenericSend
D:\software\msy64\tmp\ccpcBi2W.s:1457   .text.prvInitialiseMutex:00000000 $t
D:\software\msy64\tmp\ccpcBi2W.s:1462   .text.prvInitialiseMutex:00000000 prvInitialiseMutex
D:\software\msy64\tmp\ccpcBi2W.s:1510   .text.xQueueCreateMutex:00000000 $t
D:\software\msy64\tmp\ccpcBi2W.s:1516   .text.xQueueCreateMutex:00000000 xQueueCreateMutex
D:\software\msy64\tmp\ccpcBi2W.s:1556   .text.xQueueCreateMutexStatic:00000000 $t
D:\software\msy64\tmp\ccpcBi2W.s:1562   .text.xQueueCreateMutexStatic:00000000 xQueueCreateMutexStatic
D:\software\msy64\tmp\ccpcBi2W.s:1614   .text.xQueueGenericSendFromISR:00000000 $t
D:\software\msy64\tmp\ccpcBi2W.s:1620   .text.xQueueGenericSendFromISR:00000000 xQueueGenericSendFromISR
D:\software\msy64\tmp\ccpcBi2W.s:1873   .text.xQueueGiveFromISR:00000000 $t
D:\software\msy64\tmp\ccpcBi2W.s:1879   .text.xQueueGiveFromISR:00000000 xQueueGiveFromISR
D:\software\msy64\tmp\ccpcBi2W.s:2141   .text.xQueueReceive:00000000 $t
D:\software\msy64\tmp\ccpcBi2W.s:2147   .text.xQueueReceive:00000000 xQueueReceive
D:\software\msy64\tmp\ccpcBi2W.s:2512   .text.xQueueSemaphoreTake:00000000 $t
D:\software\msy64\tmp\ccpcBi2W.s:2518   .text.xQueueSemaphoreTake:00000000 xQueueSemaphoreTake
D:\software\msy64\tmp\ccpcBi2W.s:2975   .text.xQueuePeek:00000000 $t
D:\software\msy64\tmp\ccpcBi2W.s:2981   .text.xQueuePeek:00000000 xQueuePeek
D:\software\msy64\tmp\ccpcBi2W.s:3348   .text.xQueueReceiveFromISR:00000000 $t
D:\software\msy64\tmp\ccpcBi2W.s:3354   .text.xQueueReceiveFromISR:00000000 xQueueReceiveFromISR
D:\software\msy64\tmp\ccpcBi2W.s:3570   .text.xQueuePeekFromISR:00000000 $t
D:\software\msy64\tmp\ccpcBi2W.s:3576   .text.xQueuePeekFromISR:00000000 xQueuePeekFromISR
D:\software\msy64\tmp\ccpcBi2W.s:3764   .text.uxQueueMessagesWaiting:00000000 $t
D:\software\msy64\tmp\ccpcBi2W.s:3770   .text.uxQueueMessagesWaiting:00000000 uxQueueMessagesWaiting
D:\software\msy64\tmp\ccpcBi2W.s:3835   .text.uxQueueSpacesAvailable:00000000 $t
D:\software\msy64\tmp\ccpcBi2W.s:3841   .text.uxQueueSpacesAvailable:00000000 uxQueueSpacesAvailable
D:\software\msy64\tmp\ccpcBi2W.s:3910   .text.uxQueueMessagesWaitingFromISR:00000000 $t
D:\software\msy64\tmp\ccpcBi2W.s:3916   .text.uxQueueMessagesWaitingFromISR:00000000 uxQueueMessagesWaitingFromISR
D:\software\msy64\tmp\ccpcBi2W.s:3965   .text.xQueueIsQueueEmptyFromISR:00000000 $t
D:\software\msy64\tmp\ccpcBi2W.s:3971   .text.xQueueIsQueueEmptyFromISR:00000000 xQueueIsQueueEmptyFromISR
D:\software\msy64\tmp\ccpcBi2W.s:4030   .text.xQueueIsQueueFullFromISR:00000000 $t
D:\software\msy64\tmp\ccpcBi2W.s:4036   .text.xQueueIsQueueFullFromISR:00000000 xQueueIsQueueFullFromISR
D:\software\msy64\tmp\ccpcBi2W.s:4098   .text.vQueueAddToRegistry:00000000 $t
D:\software\msy64\tmp\ccpcBi2W.s:4104   .text.vQueueAddToRegistry:00000000 vQueueAddToRegistry
D:\software\msy64\tmp\ccpcBi2W.s:4151   .text.vQueueAddToRegistry:00000024 $d
ARM GAS  D:\software\msy64\tmp\ccpcBi2W.s 			page 151


D:\software\msy64\tmp\ccpcBi2W.s:4364   .bss.xQueueRegistry:00000000 xQueueRegistry
D:\software\msy64\tmp\ccpcBi2W.s:4156   .text.pcQueueGetName:00000000 $t
D:\software\msy64\tmp\ccpcBi2W.s:4162   .text.pcQueueGetName:00000000 pcQueueGetName
D:\software\msy64\tmp\ccpcBi2W.s:4213   .text.pcQueueGetName:00000024 $d
D:\software\msy64\tmp\ccpcBi2W.s:4218   .text.vQueueUnregisterQueue:00000000 $t
D:\software\msy64\tmp\ccpcBi2W.s:4224   .text.vQueueUnregisterQueue:00000000 vQueueUnregisterQueue
D:\software\msy64\tmp\ccpcBi2W.s:4273   .text.vQueueUnregisterQueue:00000028 $d
D:\software\msy64\tmp\ccpcBi2W.s:4278   .text.vQueueDelete:00000000 $t
D:\software\msy64\tmp\ccpcBi2W.s:4284   .text.vQueueDelete:00000000 vQueueDelete
D:\software\msy64\tmp\ccpcBi2W.s:4361   .bss.xQueueRegistry:00000000 $d

UNDEFINED SYMBOLS
vPortEnterCritical
vPortExitCritical
xTaskPriorityDisinherit
memcpy
xTaskRemoveFromEventList
vTaskMissedYield
vListInitialise
pvPortMalloc
xTaskGetSchedulerState
vTaskInternalSetTimeOutState
xTaskResumeAll
vTaskSuspendAll
xTaskCheckForTimeOut
vTaskPlaceOnEventList
vPortValidateInterruptPriority
pvTaskIncrementMutexHeldCount
xTaskPriorityInherit
vTaskPriorityDisinheritAfterTimeout
vPortFree
