ARM GAS  D:\software\msy64\tmp\cc3F8ZqV.s 			page 1


   1              		.cpu cortex-m3
   2              		.arch armv7-m
   3              		.fpu softvfp
   4              		.eabi_attribute 20, 1
   5              		.eabi_attribute 21, 1
   6              		.eabi_attribute 23, 3
   7              		.eabi_attribute 24, 1
   8              		.eabi_attribute 25, 1
   9              		.eabi_attribute 26, 1
  10              		.eabi_attribute 30, 1
  11              		.eabi_attribute 34, 1
  12              		.eabi_attribute 18, 4
  13              		.file	"stream_buffer.c"
  14              		.text
  15              	.Ltext0:
  16              		.cfi_sections	.debug_frame
  17              		.file 1 "Middlewares/Third_Party/FreeRTOS/Source/stream_buffer.c"
  18              		.section	.text.prvBytesInBuffer,"ax",%progbits
  19              		.align	1
  20              		.syntax unified
  21              		.thumb
  22              		.thumb_func
  24              	prvBytesInBuffer:
  25              	.LVL0:
  26              	.LFB25:
   1:Middlewares/Third_Party/FreeRTOS/Source/stream_buffer.c **** /*
   2:Middlewares/Third_Party/FreeRTOS/Source/stream_buffer.c ****  * FreeRTOS Kernel V10.3.1
   3:Middlewares/Third_Party/FreeRTOS/Source/stream_buffer.c ****  * Copyright (C) 2020 Amazon.com, Inc. or its affiliates.  All Rights Reserved.
   4:Middlewares/Third_Party/FreeRTOS/Source/stream_buffer.c ****  *
   5:Middlewares/Third_Party/FreeRTOS/Source/stream_buffer.c ****  * Permission is hereby granted, free of charge, to any person obtaining a copy of
   6:Middlewares/Third_Party/FreeRTOS/Source/stream_buffer.c ****  * this software and associated documentation files (the "Software"), to deal in
   7:Middlewares/Third_Party/FreeRTOS/Source/stream_buffer.c ****  * the Software without restriction, including without limitation the rights to
   8:Middlewares/Third_Party/FreeRTOS/Source/stream_buffer.c ****  * use, copy, modify, merge, publish, distribute, sublicense, and/or sell copies of
   9:Middlewares/Third_Party/FreeRTOS/Source/stream_buffer.c ****  * the Software, and to permit persons to whom the Software is furnished to do so,
  10:Middlewares/Third_Party/FreeRTOS/Source/stream_buffer.c ****  * subject to the following conditions:
  11:Middlewares/Third_Party/FreeRTOS/Source/stream_buffer.c ****  *
  12:Middlewares/Third_Party/FreeRTOS/Source/stream_buffer.c ****  * The above copyright notice and this permission notice shall be included in all
  13:Middlewares/Third_Party/FreeRTOS/Source/stream_buffer.c ****  * copies or substantial portions of the Software.
  14:Middlewares/Third_Party/FreeRTOS/Source/stream_buffer.c ****  *
  15:Middlewares/Third_Party/FreeRTOS/Source/stream_buffer.c ****  * THE SOFTWARE IS PROVIDED "AS IS", WITHOUT WARRANTY OF ANY KIND, EXPRESS OR
  16:Middlewares/Third_Party/FreeRTOS/Source/stream_buffer.c ****  * IMPLIED, INCLUDING BUT NOT LIMITED TO THE WARRANTIES OF MERCHANTABILITY, FITNESS
  17:Middlewares/Third_Party/FreeRTOS/Source/stream_buffer.c ****  * FOR A PARTICULAR PURPOSE AND NONINFRINGEMENT. IN NO EVENT SHALL THE AUTHORS OR
  18:Middlewares/Third_Party/FreeRTOS/Source/stream_buffer.c ****  * COPYRIGHT HOLDERS BE LIABLE FOR ANY CLAIM, DAMAGES OR OTHER LIABILITY, WHETHER
  19:Middlewares/Third_Party/FreeRTOS/Source/stream_buffer.c ****  * IN AN ACTION OF CONTRACT, TORT OR OTHERWISE, ARISING FROM, OUT OF OR IN
  20:Middlewares/Third_Party/FreeRTOS/Source/stream_buffer.c ****  * CONNECTION WITH THE SOFTWARE OR THE USE OR OTHER DEALINGS IN THE SOFTWARE.
  21:Middlewares/Third_Party/FreeRTOS/Source/stream_buffer.c ****  *
  22:Middlewares/Third_Party/FreeRTOS/Source/stream_buffer.c ****  * http://www.FreeRTOS.org
  23:Middlewares/Third_Party/FreeRTOS/Source/stream_buffer.c ****  * http://aws.amazon.com/freertos
  24:Middlewares/Third_Party/FreeRTOS/Source/stream_buffer.c ****  *
  25:Middlewares/Third_Party/FreeRTOS/Source/stream_buffer.c ****  * 1 tab == 4 spaces!
  26:Middlewares/Third_Party/FreeRTOS/Source/stream_buffer.c ****  */
  27:Middlewares/Third_Party/FreeRTOS/Source/stream_buffer.c **** 
  28:Middlewares/Third_Party/FreeRTOS/Source/stream_buffer.c **** /* Standard includes. */
  29:Middlewares/Third_Party/FreeRTOS/Source/stream_buffer.c **** #include <stdint.h>
  30:Middlewares/Third_Party/FreeRTOS/Source/stream_buffer.c **** #include <string.h>
  31:Middlewares/Third_Party/FreeRTOS/Source/stream_buffer.c **** 
  32:Middlewares/Third_Party/FreeRTOS/Source/stream_buffer.c **** /* Defining MPU_WRAPPERS_INCLUDED_FROM_API_FILE prevents task.h from redefining
ARM GAS  D:\software\msy64\tmp\cc3F8ZqV.s 			page 2


  33:Middlewares/Third_Party/FreeRTOS/Source/stream_buffer.c **** all the API functions to use the MPU wrappers.  That should only be done when
  34:Middlewares/Third_Party/FreeRTOS/Source/stream_buffer.c **** task.h is included from an application file. */
  35:Middlewares/Third_Party/FreeRTOS/Source/stream_buffer.c **** #define MPU_WRAPPERS_INCLUDED_FROM_API_FILE
  36:Middlewares/Third_Party/FreeRTOS/Source/stream_buffer.c **** 
  37:Middlewares/Third_Party/FreeRTOS/Source/stream_buffer.c **** /* FreeRTOS includes. */
  38:Middlewares/Third_Party/FreeRTOS/Source/stream_buffer.c **** #include "FreeRTOS.h"
  39:Middlewares/Third_Party/FreeRTOS/Source/stream_buffer.c **** #include "task.h"
  40:Middlewares/Third_Party/FreeRTOS/Source/stream_buffer.c **** #include "stream_buffer.h"
  41:Middlewares/Third_Party/FreeRTOS/Source/stream_buffer.c **** 
  42:Middlewares/Third_Party/FreeRTOS/Source/stream_buffer.c **** #if( configUSE_TASK_NOTIFICATIONS != 1 )
  43:Middlewares/Third_Party/FreeRTOS/Source/stream_buffer.c **** 	#error configUSE_TASK_NOTIFICATIONS must be set to 1 to build stream_buffer.c
  44:Middlewares/Third_Party/FreeRTOS/Source/stream_buffer.c **** #endif
  45:Middlewares/Third_Party/FreeRTOS/Source/stream_buffer.c **** 
  46:Middlewares/Third_Party/FreeRTOS/Source/stream_buffer.c **** /* Lint e961, e9021 and e750 are suppressed as a MISRA exception justified
  47:Middlewares/Third_Party/FreeRTOS/Source/stream_buffer.c **** because the MPU ports require MPU_WRAPPERS_INCLUDED_FROM_API_FILE to be defined
  48:Middlewares/Third_Party/FreeRTOS/Source/stream_buffer.c **** for the header files above, but not in this file, in order to generate the
  49:Middlewares/Third_Party/FreeRTOS/Source/stream_buffer.c **** correct privileged Vs unprivileged linkage and placement. */
  50:Middlewares/Third_Party/FreeRTOS/Source/stream_buffer.c **** #undef MPU_WRAPPERS_INCLUDED_FROM_API_FILE /*lint !e961 !e750 !e9021. */
  51:Middlewares/Third_Party/FreeRTOS/Source/stream_buffer.c **** 
  52:Middlewares/Third_Party/FreeRTOS/Source/stream_buffer.c **** /* If the user has not provided application specific Rx notification macros,
  53:Middlewares/Third_Party/FreeRTOS/Source/stream_buffer.c **** or #defined the notification macros away, them provide default implementations
  54:Middlewares/Third_Party/FreeRTOS/Source/stream_buffer.c **** that uses task notifications. */
  55:Middlewares/Third_Party/FreeRTOS/Source/stream_buffer.c **** /*lint -save -e9026 Function like macros allowed and needed here so they can be overidden. */
  56:Middlewares/Third_Party/FreeRTOS/Source/stream_buffer.c **** #ifndef sbRECEIVE_COMPLETED
  57:Middlewares/Third_Party/FreeRTOS/Source/stream_buffer.c **** 	#define sbRECEIVE_COMPLETED( pxStreamBuffer )										\
  58:Middlewares/Third_Party/FreeRTOS/Source/stream_buffer.c **** 		vTaskSuspendAll();																\
  59:Middlewares/Third_Party/FreeRTOS/Source/stream_buffer.c **** 		{																				\
  60:Middlewares/Third_Party/FreeRTOS/Source/stream_buffer.c **** 			if( ( pxStreamBuffer )->xTaskWaitingToSend != NULL )						\
  61:Middlewares/Third_Party/FreeRTOS/Source/stream_buffer.c **** 			{																			\
  62:Middlewares/Third_Party/FreeRTOS/Source/stream_buffer.c **** 				( void ) xTaskNotify( ( pxStreamBuffer )->xTaskWaitingToSend,			\
  63:Middlewares/Third_Party/FreeRTOS/Source/stream_buffer.c **** 									  ( uint32_t ) 0,									\
  64:Middlewares/Third_Party/FreeRTOS/Source/stream_buffer.c **** 									  eNoAction );										\
  65:Middlewares/Third_Party/FreeRTOS/Source/stream_buffer.c **** 				( pxStreamBuffer )->xTaskWaitingToSend = NULL;							\
  66:Middlewares/Third_Party/FreeRTOS/Source/stream_buffer.c **** 			}																			\
  67:Middlewares/Third_Party/FreeRTOS/Source/stream_buffer.c **** 		}																				\
  68:Middlewares/Third_Party/FreeRTOS/Source/stream_buffer.c **** 		( void ) xTaskResumeAll();
  69:Middlewares/Third_Party/FreeRTOS/Source/stream_buffer.c **** #endif /* sbRECEIVE_COMPLETED */
  70:Middlewares/Third_Party/FreeRTOS/Source/stream_buffer.c **** 
  71:Middlewares/Third_Party/FreeRTOS/Source/stream_buffer.c **** #ifndef sbRECEIVE_COMPLETED_FROM_ISR
  72:Middlewares/Third_Party/FreeRTOS/Source/stream_buffer.c **** 	#define sbRECEIVE_COMPLETED_FROM_ISR( pxStreamBuffer,								\
  73:Middlewares/Third_Party/FreeRTOS/Source/stream_buffer.c **** 										  pxHigherPriorityTaskWoken )					\
  74:Middlewares/Third_Party/FreeRTOS/Source/stream_buffer.c **** 	{																					\
  75:Middlewares/Third_Party/FreeRTOS/Source/stream_buffer.c **** 	UBaseType_t uxSavedInterruptStatus;													\
  76:Middlewares/Third_Party/FreeRTOS/Source/stream_buffer.c **** 																						\
  77:Middlewares/Third_Party/FreeRTOS/Source/stream_buffer.c **** 		uxSavedInterruptStatus = ( UBaseType_t ) portSET_INTERRUPT_MASK_FROM_ISR();		\
  78:Middlewares/Third_Party/FreeRTOS/Source/stream_buffer.c **** 		{																				\
  79:Middlewares/Third_Party/FreeRTOS/Source/stream_buffer.c **** 			if( ( pxStreamBuffer )->xTaskWaitingToSend != NULL )						\
  80:Middlewares/Third_Party/FreeRTOS/Source/stream_buffer.c **** 			{																			\
  81:Middlewares/Third_Party/FreeRTOS/Source/stream_buffer.c **** 				( void ) xTaskNotifyFromISR( ( pxStreamBuffer )->xTaskWaitingToSend,	\
  82:Middlewares/Third_Party/FreeRTOS/Source/stream_buffer.c **** 											 ( uint32_t ) 0,							\
  83:Middlewares/Third_Party/FreeRTOS/Source/stream_buffer.c **** 											 eNoAction,									\
  84:Middlewares/Third_Party/FreeRTOS/Source/stream_buffer.c **** 											 pxHigherPriorityTaskWoken );				\
  85:Middlewares/Third_Party/FreeRTOS/Source/stream_buffer.c **** 				( pxStreamBuffer )->xTaskWaitingToSend = NULL;							\
  86:Middlewares/Third_Party/FreeRTOS/Source/stream_buffer.c **** 			}																			\
  87:Middlewares/Third_Party/FreeRTOS/Source/stream_buffer.c **** 		}																				\
  88:Middlewares/Third_Party/FreeRTOS/Source/stream_buffer.c **** 		portCLEAR_INTERRUPT_MASK_FROM_ISR( uxSavedInterruptStatus );					\
  89:Middlewares/Third_Party/FreeRTOS/Source/stream_buffer.c **** 	}
ARM GAS  D:\software\msy64\tmp\cc3F8ZqV.s 			page 3


  90:Middlewares/Third_Party/FreeRTOS/Source/stream_buffer.c **** #endif /* sbRECEIVE_COMPLETED_FROM_ISR */
  91:Middlewares/Third_Party/FreeRTOS/Source/stream_buffer.c **** 
  92:Middlewares/Third_Party/FreeRTOS/Source/stream_buffer.c **** /* If the user has not provided an application specific Tx notification macro,
  93:Middlewares/Third_Party/FreeRTOS/Source/stream_buffer.c **** or #defined the notification macro away, them provide a default implementation
  94:Middlewares/Third_Party/FreeRTOS/Source/stream_buffer.c **** that uses task notifications. */
  95:Middlewares/Third_Party/FreeRTOS/Source/stream_buffer.c **** #ifndef sbSEND_COMPLETED
  96:Middlewares/Third_Party/FreeRTOS/Source/stream_buffer.c **** 	#define sbSEND_COMPLETED( pxStreamBuffer )											\
  97:Middlewares/Third_Party/FreeRTOS/Source/stream_buffer.c **** 		vTaskSuspendAll();																\
  98:Middlewares/Third_Party/FreeRTOS/Source/stream_buffer.c **** 		{																				\
  99:Middlewares/Third_Party/FreeRTOS/Source/stream_buffer.c **** 			if( ( pxStreamBuffer )->xTaskWaitingToReceive != NULL )						\
 100:Middlewares/Third_Party/FreeRTOS/Source/stream_buffer.c **** 			{																			\
 101:Middlewares/Third_Party/FreeRTOS/Source/stream_buffer.c **** 				( void ) xTaskNotify( ( pxStreamBuffer )->xTaskWaitingToReceive,		\
 102:Middlewares/Third_Party/FreeRTOS/Source/stream_buffer.c **** 									  ( uint32_t ) 0,									\
 103:Middlewares/Third_Party/FreeRTOS/Source/stream_buffer.c **** 									  eNoAction );										\
 104:Middlewares/Third_Party/FreeRTOS/Source/stream_buffer.c **** 				( pxStreamBuffer )->xTaskWaitingToReceive = NULL;						\
 105:Middlewares/Third_Party/FreeRTOS/Source/stream_buffer.c **** 			}																			\
 106:Middlewares/Third_Party/FreeRTOS/Source/stream_buffer.c **** 		}																				\
 107:Middlewares/Third_Party/FreeRTOS/Source/stream_buffer.c **** 		( void ) xTaskResumeAll();
 108:Middlewares/Third_Party/FreeRTOS/Source/stream_buffer.c **** #endif /* sbSEND_COMPLETED */
 109:Middlewares/Third_Party/FreeRTOS/Source/stream_buffer.c **** 
 110:Middlewares/Third_Party/FreeRTOS/Source/stream_buffer.c **** #ifndef sbSEND_COMPLETE_FROM_ISR
 111:Middlewares/Third_Party/FreeRTOS/Source/stream_buffer.c **** 	#define sbSEND_COMPLETE_FROM_ISR( pxStreamBuffer, pxHigherPriorityTaskWoken )		\
 112:Middlewares/Third_Party/FreeRTOS/Source/stream_buffer.c **** 	{																					\
 113:Middlewares/Third_Party/FreeRTOS/Source/stream_buffer.c **** 	UBaseType_t uxSavedInterruptStatus;													\
 114:Middlewares/Third_Party/FreeRTOS/Source/stream_buffer.c **** 																						\
 115:Middlewares/Third_Party/FreeRTOS/Source/stream_buffer.c **** 		uxSavedInterruptStatus = ( UBaseType_t ) portSET_INTERRUPT_MASK_FROM_ISR();		\
 116:Middlewares/Third_Party/FreeRTOS/Source/stream_buffer.c **** 		{																				\
 117:Middlewares/Third_Party/FreeRTOS/Source/stream_buffer.c **** 			if( ( pxStreamBuffer )->xTaskWaitingToReceive != NULL )						\
 118:Middlewares/Third_Party/FreeRTOS/Source/stream_buffer.c **** 			{																			\
 119:Middlewares/Third_Party/FreeRTOS/Source/stream_buffer.c **** 				( void ) xTaskNotifyFromISR( ( pxStreamBuffer )->xTaskWaitingToReceive,	\
 120:Middlewares/Third_Party/FreeRTOS/Source/stream_buffer.c **** 											 ( uint32_t ) 0,							\
 121:Middlewares/Third_Party/FreeRTOS/Source/stream_buffer.c **** 											 eNoAction,									\
 122:Middlewares/Third_Party/FreeRTOS/Source/stream_buffer.c **** 											 pxHigherPriorityTaskWoken );				\
 123:Middlewares/Third_Party/FreeRTOS/Source/stream_buffer.c **** 				( pxStreamBuffer )->xTaskWaitingToReceive = NULL;						\
 124:Middlewares/Third_Party/FreeRTOS/Source/stream_buffer.c **** 			}																			\
 125:Middlewares/Third_Party/FreeRTOS/Source/stream_buffer.c **** 		}																				\
 126:Middlewares/Third_Party/FreeRTOS/Source/stream_buffer.c **** 		portCLEAR_INTERRUPT_MASK_FROM_ISR( uxSavedInterruptStatus );					\
 127:Middlewares/Third_Party/FreeRTOS/Source/stream_buffer.c **** 	}
 128:Middlewares/Third_Party/FreeRTOS/Source/stream_buffer.c **** #endif /* sbSEND_COMPLETE_FROM_ISR */
 129:Middlewares/Third_Party/FreeRTOS/Source/stream_buffer.c **** /*lint -restore (9026) */
 130:Middlewares/Third_Party/FreeRTOS/Source/stream_buffer.c **** 
 131:Middlewares/Third_Party/FreeRTOS/Source/stream_buffer.c **** /* The number of bytes used to hold the length of a message in the buffer. */
 132:Middlewares/Third_Party/FreeRTOS/Source/stream_buffer.c **** #define sbBYTES_TO_STORE_MESSAGE_LENGTH ( sizeof( configMESSAGE_BUFFER_LENGTH_TYPE ) )
 133:Middlewares/Third_Party/FreeRTOS/Source/stream_buffer.c **** 
 134:Middlewares/Third_Party/FreeRTOS/Source/stream_buffer.c **** /* Bits stored in the ucFlags field of the stream buffer. */
 135:Middlewares/Third_Party/FreeRTOS/Source/stream_buffer.c **** #define sbFLAGS_IS_MESSAGE_BUFFER		( ( uint8_t ) 1 ) /* Set if the stream buffer was created as a m
 136:Middlewares/Third_Party/FreeRTOS/Source/stream_buffer.c **** #define sbFLAGS_IS_STATICALLY_ALLOCATED ( ( uint8_t ) 2 ) /* Set if the stream buffer was created u
 137:Middlewares/Third_Party/FreeRTOS/Source/stream_buffer.c **** 
 138:Middlewares/Third_Party/FreeRTOS/Source/stream_buffer.c **** /*-----------------------------------------------------------*/
 139:Middlewares/Third_Party/FreeRTOS/Source/stream_buffer.c **** 
 140:Middlewares/Third_Party/FreeRTOS/Source/stream_buffer.c **** /* Structure that hold state information on the buffer. */
 141:Middlewares/Third_Party/FreeRTOS/Source/stream_buffer.c **** typedef struct StreamBufferDef_t /*lint !e9058 Style convention uses tag. */
 142:Middlewares/Third_Party/FreeRTOS/Source/stream_buffer.c **** {
 143:Middlewares/Third_Party/FreeRTOS/Source/stream_buffer.c **** 	volatile size_t xTail;				/* Index to the next item to read within the buffer. */
 144:Middlewares/Third_Party/FreeRTOS/Source/stream_buffer.c **** 	volatile size_t xHead;				/* Index to the next item to write within the buffer. */
 145:Middlewares/Third_Party/FreeRTOS/Source/stream_buffer.c **** 	size_t xLength;						/* The length of the buffer pointed to by pucBuffer. */
 146:Middlewares/Third_Party/FreeRTOS/Source/stream_buffer.c **** 	size_t xTriggerLevelBytes;			/* The number of bytes that must be in the stream buffer before a tas
ARM GAS  D:\software\msy64\tmp\cc3F8ZqV.s 			page 4


 147:Middlewares/Third_Party/FreeRTOS/Source/stream_buffer.c **** 	volatile TaskHandle_t xTaskWaitingToReceive; /* Holds the handle of a task waiting for data, or NU
 148:Middlewares/Third_Party/FreeRTOS/Source/stream_buffer.c **** 	volatile TaskHandle_t xTaskWaitingToSend;	/* Holds the handle of a task waiting to send data to a 
 149:Middlewares/Third_Party/FreeRTOS/Source/stream_buffer.c **** 	uint8_t *pucBuffer;					/* Points to the buffer itself - that is - the RAM that stores the data pa
 150:Middlewares/Third_Party/FreeRTOS/Source/stream_buffer.c **** 	uint8_t ucFlags;
 151:Middlewares/Third_Party/FreeRTOS/Source/stream_buffer.c **** 
 152:Middlewares/Third_Party/FreeRTOS/Source/stream_buffer.c **** 	#if ( configUSE_TRACE_FACILITY == 1 )
 153:Middlewares/Third_Party/FreeRTOS/Source/stream_buffer.c **** 		UBaseType_t uxStreamBufferNumber;		/* Used for tracing purposes. */
 154:Middlewares/Third_Party/FreeRTOS/Source/stream_buffer.c **** 	#endif
 155:Middlewares/Third_Party/FreeRTOS/Source/stream_buffer.c **** } StreamBuffer_t;
 156:Middlewares/Third_Party/FreeRTOS/Source/stream_buffer.c **** 
 157:Middlewares/Third_Party/FreeRTOS/Source/stream_buffer.c **** /*
 158:Middlewares/Third_Party/FreeRTOS/Source/stream_buffer.c ****  * The number of bytes available to be read from the buffer.
 159:Middlewares/Third_Party/FreeRTOS/Source/stream_buffer.c ****  */
 160:Middlewares/Third_Party/FreeRTOS/Source/stream_buffer.c **** static size_t prvBytesInBuffer( const StreamBuffer_t * const pxStreamBuffer ) PRIVILEGED_FUNCTION;
 161:Middlewares/Third_Party/FreeRTOS/Source/stream_buffer.c **** 
 162:Middlewares/Third_Party/FreeRTOS/Source/stream_buffer.c **** /*
 163:Middlewares/Third_Party/FreeRTOS/Source/stream_buffer.c ****  * Add xCount bytes from pucData into the pxStreamBuffer message buffer.
 164:Middlewares/Third_Party/FreeRTOS/Source/stream_buffer.c ****  * Returns the number of bytes written, which will either equal xCount in the
 165:Middlewares/Third_Party/FreeRTOS/Source/stream_buffer.c ****  * success case, or 0 if there was not enough space in the buffer (in which case
 166:Middlewares/Third_Party/FreeRTOS/Source/stream_buffer.c ****  * no data is written into the buffer).
 167:Middlewares/Third_Party/FreeRTOS/Source/stream_buffer.c ****  */
 168:Middlewares/Third_Party/FreeRTOS/Source/stream_buffer.c **** static size_t prvWriteBytesToBuffer( StreamBuffer_t * const pxStreamBuffer, const uint8_t *pucData,
 169:Middlewares/Third_Party/FreeRTOS/Source/stream_buffer.c **** 
 170:Middlewares/Third_Party/FreeRTOS/Source/stream_buffer.c **** /*
 171:Middlewares/Third_Party/FreeRTOS/Source/stream_buffer.c ****  * If the stream buffer is being used as a message buffer, then reads an entire
 172:Middlewares/Third_Party/FreeRTOS/Source/stream_buffer.c ****  * message out of the buffer.  If the stream buffer is being used as a stream
 173:Middlewares/Third_Party/FreeRTOS/Source/stream_buffer.c ****  * buffer then read as many bytes as possible from the buffer.
 174:Middlewares/Third_Party/FreeRTOS/Source/stream_buffer.c ****  * prvReadBytesFromBuffer() is called to actually extract the bytes from the
 175:Middlewares/Third_Party/FreeRTOS/Source/stream_buffer.c ****  * buffer's data storage area.
 176:Middlewares/Third_Party/FreeRTOS/Source/stream_buffer.c ****  */
 177:Middlewares/Third_Party/FreeRTOS/Source/stream_buffer.c **** static size_t prvReadMessageFromBuffer( StreamBuffer_t *pxStreamBuffer,
 178:Middlewares/Third_Party/FreeRTOS/Source/stream_buffer.c **** 										void *pvRxData,
 179:Middlewares/Third_Party/FreeRTOS/Source/stream_buffer.c **** 										size_t xBufferLengthBytes,
 180:Middlewares/Third_Party/FreeRTOS/Source/stream_buffer.c **** 										size_t xBytesAvailable,
 181:Middlewares/Third_Party/FreeRTOS/Source/stream_buffer.c **** 										size_t xBytesToStoreMessageLength ) PRIVILEGED_FUNCTION;
 182:Middlewares/Third_Party/FreeRTOS/Source/stream_buffer.c **** 
 183:Middlewares/Third_Party/FreeRTOS/Source/stream_buffer.c **** /*
 184:Middlewares/Third_Party/FreeRTOS/Source/stream_buffer.c ****  * If the stream buffer is being used as a message buffer, then writes an entire
 185:Middlewares/Third_Party/FreeRTOS/Source/stream_buffer.c ****  * message to the buffer.  If the stream buffer is being used as a stream
 186:Middlewares/Third_Party/FreeRTOS/Source/stream_buffer.c ****  * buffer then write as many bytes as possible to the buffer.
 187:Middlewares/Third_Party/FreeRTOS/Source/stream_buffer.c ****  * prvWriteBytestoBuffer() is called to actually send the bytes to the buffer's
 188:Middlewares/Third_Party/FreeRTOS/Source/stream_buffer.c ****  * data storage area.
 189:Middlewares/Third_Party/FreeRTOS/Source/stream_buffer.c ****  */
 190:Middlewares/Third_Party/FreeRTOS/Source/stream_buffer.c **** static size_t prvWriteMessageToBuffer(  StreamBuffer_t * const pxStreamBuffer,
 191:Middlewares/Third_Party/FreeRTOS/Source/stream_buffer.c **** 										const void * pvTxData,
 192:Middlewares/Third_Party/FreeRTOS/Source/stream_buffer.c **** 										size_t xDataLengthBytes,
 193:Middlewares/Third_Party/FreeRTOS/Source/stream_buffer.c **** 										size_t xSpace,
 194:Middlewares/Third_Party/FreeRTOS/Source/stream_buffer.c **** 										size_t xRequiredSpace ) PRIVILEGED_FUNCTION;
 195:Middlewares/Third_Party/FreeRTOS/Source/stream_buffer.c **** 
 196:Middlewares/Third_Party/FreeRTOS/Source/stream_buffer.c **** /*
 197:Middlewares/Third_Party/FreeRTOS/Source/stream_buffer.c ****  * Read xMaxCount bytes from the pxStreamBuffer message buffer and write them
 198:Middlewares/Third_Party/FreeRTOS/Source/stream_buffer.c ****  * to pucData.
 199:Middlewares/Third_Party/FreeRTOS/Source/stream_buffer.c ****  */
 200:Middlewares/Third_Party/FreeRTOS/Source/stream_buffer.c **** static size_t prvReadBytesFromBuffer( StreamBuffer_t *pxStreamBuffer,
 201:Middlewares/Third_Party/FreeRTOS/Source/stream_buffer.c **** 									  uint8_t *pucData,
 202:Middlewares/Third_Party/FreeRTOS/Source/stream_buffer.c **** 									  size_t xMaxCount,
 203:Middlewares/Third_Party/FreeRTOS/Source/stream_buffer.c **** 									  size_t xBytesAvailable ) PRIVILEGED_FUNCTION;
ARM GAS  D:\software\msy64\tmp\cc3F8ZqV.s 			page 5


 204:Middlewares/Third_Party/FreeRTOS/Source/stream_buffer.c **** 
 205:Middlewares/Third_Party/FreeRTOS/Source/stream_buffer.c **** /*
 206:Middlewares/Third_Party/FreeRTOS/Source/stream_buffer.c ****  * Called by both pxStreamBufferCreate() and pxStreamBufferCreateStatic() to
 207:Middlewares/Third_Party/FreeRTOS/Source/stream_buffer.c ****  * initialise the members of the newly created stream buffer structure.
 208:Middlewares/Third_Party/FreeRTOS/Source/stream_buffer.c ****  */
 209:Middlewares/Third_Party/FreeRTOS/Source/stream_buffer.c **** static void prvInitialiseNewStreamBuffer( StreamBuffer_t * const pxStreamBuffer,
 210:Middlewares/Third_Party/FreeRTOS/Source/stream_buffer.c **** 										  uint8_t * const pucBuffer,
 211:Middlewares/Third_Party/FreeRTOS/Source/stream_buffer.c **** 										  size_t xBufferSizeBytes,
 212:Middlewares/Third_Party/FreeRTOS/Source/stream_buffer.c **** 										  size_t xTriggerLevelBytes,
 213:Middlewares/Third_Party/FreeRTOS/Source/stream_buffer.c **** 										  uint8_t ucFlags ) PRIVILEGED_FUNCTION;
 214:Middlewares/Third_Party/FreeRTOS/Source/stream_buffer.c **** 
 215:Middlewares/Third_Party/FreeRTOS/Source/stream_buffer.c **** /*-----------------------------------------------------------*/
 216:Middlewares/Third_Party/FreeRTOS/Source/stream_buffer.c **** 
 217:Middlewares/Third_Party/FreeRTOS/Source/stream_buffer.c **** #if( configSUPPORT_DYNAMIC_ALLOCATION == 1 )
 218:Middlewares/Third_Party/FreeRTOS/Source/stream_buffer.c **** 
 219:Middlewares/Third_Party/FreeRTOS/Source/stream_buffer.c **** 	StreamBufferHandle_t xStreamBufferGenericCreate( size_t xBufferSizeBytes, size_t xTriggerLevelByte
 220:Middlewares/Third_Party/FreeRTOS/Source/stream_buffer.c **** 	{
 221:Middlewares/Third_Party/FreeRTOS/Source/stream_buffer.c **** 	uint8_t *pucAllocatedMemory;
 222:Middlewares/Third_Party/FreeRTOS/Source/stream_buffer.c **** 	uint8_t ucFlags;
 223:Middlewares/Third_Party/FreeRTOS/Source/stream_buffer.c **** 
 224:Middlewares/Third_Party/FreeRTOS/Source/stream_buffer.c **** 		/* In case the stream buffer is going to be used as a message buffer
 225:Middlewares/Third_Party/FreeRTOS/Source/stream_buffer.c **** 		(that is, it will hold discrete messages with a little meta data that
 226:Middlewares/Third_Party/FreeRTOS/Source/stream_buffer.c **** 		says how big the next message is) check the buffer will be large enough
 227:Middlewares/Third_Party/FreeRTOS/Source/stream_buffer.c **** 		to hold at least one message. */
 228:Middlewares/Third_Party/FreeRTOS/Source/stream_buffer.c **** 		if( xIsMessageBuffer == pdTRUE )
 229:Middlewares/Third_Party/FreeRTOS/Source/stream_buffer.c **** 		{
 230:Middlewares/Third_Party/FreeRTOS/Source/stream_buffer.c **** 			/* Is a message buffer but not statically allocated. */
 231:Middlewares/Third_Party/FreeRTOS/Source/stream_buffer.c **** 			ucFlags = sbFLAGS_IS_MESSAGE_BUFFER;
 232:Middlewares/Third_Party/FreeRTOS/Source/stream_buffer.c **** 			configASSERT( xBufferSizeBytes > sbBYTES_TO_STORE_MESSAGE_LENGTH );
 233:Middlewares/Third_Party/FreeRTOS/Source/stream_buffer.c **** 		}
 234:Middlewares/Third_Party/FreeRTOS/Source/stream_buffer.c **** 		else
 235:Middlewares/Third_Party/FreeRTOS/Source/stream_buffer.c **** 		{
 236:Middlewares/Third_Party/FreeRTOS/Source/stream_buffer.c **** 			/* Not a message buffer and not statically allocated. */
 237:Middlewares/Third_Party/FreeRTOS/Source/stream_buffer.c **** 			ucFlags = 0;
 238:Middlewares/Third_Party/FreeRTOS/Source/stream_buffer.c **** 			configASSERT( xBufferSizeBytes > 0 );
 239:Middlewares/Third_Party/FreeRTOS/Source/stream_buffer.c **** 		}
 240:Middlewares/Third_Party/FreeRTOS/Source/stream_buffer.c **** 		configASSERT( xTriggerLevelBytes <= xBufferSizeBytes );
 241:Middlewares/Third_Party/FreeRTOS/Source/stream_buffer.c **** 
 242:Middlewares/Third_Party/FreeRTOS/Source/stream_buffer.c **** 		/* A trigger level of 0 would cause a waiting task to unblock even when
 243:Middlewares/Third_Party/FreeRTOS/Source/stream_buffer.c **** 		the buffer was empty. */
 244:Middlewares/Third_Party/FreeRTOS/Source/stream_buffer.c **** 		if( xTriggerLevelBytes == ( size_t ) 0 )
 245:Middlewares/Third_Party/FreeRTOS/Source/stream_buffer.c **** 		{
 246:Middlewares/Third_Party/FreeRTOS/Source/stream_buffer.c **** 			xTriggerLevelBytes = ( size_t ) 1;
 247:Middlewares/Third_Party/FreeRTOS/Source/stream_buffer.c **** 		}
 248:Middlewares/Third_Party/FreeRTOS/Source/stream_buffer.c **** 
 249:Middlewares/Third_Party/FreeRTOS/Source/stream_buffer.c **** 		/* A stream buffer requires a StreamBuffer_t structure and a buffer.
 250:Middlewares/Third_Party/FreeRTOS/Source/stream_buffer.c **** 		Both are allocated in a single call to pvPortMalloc().  The
 251:Middlewares/Third_Party/FreeRTOS/Source/stream_buffer.c **** 		StreamBuffer_t structure is placed at the start of the allocated memory
 252:Middlewares/Third_Party/FreeRTOS/Source/stream_buffer.c **** 		and the buffer follows immediately after.  The requested size is
 253:Middlewares/Third_Party/FreeRTOS/Source/stream_buffer.c **** 		incremented so the free space is returned as the user would expect -
 254:Middlewares/Third_Party/FreeRTOS/Source/stream_buffer.c **** 		this is a quirk of the implementation that means otherwise the free
 255:Middlewares/Third_Party/FreeRTOS/Source/stream_buffer.c **** 		space would be reported as one byte smaller than would be logically
 256:Middlewares/Third_Party/FreeRTOS/Source/stream_buffer.c **** 		expected. */
 257:Middlewares/Third_Party/FreeRTOS/Source/stream_buffer.c **** 		xBufferSizeBytes++;
 258:Middlewares/Third_Party/FreeRTOS/Source/stream_buffer.c **** 		pucAllocatedMemory = ( uint8_t * ) pvPortMalloc( xBufferSizeBytes + sizeof( StreamBuffer_t ) ); /
 259:Middlewares/Third_Party/FreeRTOS/Source/stream_buffer.c **** 
 260:Middlewares/Third_Party/FreeRTOS/Source/stream_buffer.c **** 		if( pucAllocatedMemory != NULL )
ARM GAS  D:\software\msy64\tmp\cc3F8ZqV.s 			page 6


 261:Middlewares/Third_Party/FreeRTOS/Source/stream_buffer.c **** 		{
 262:Middlewares/Third_Party/FreeRTOS/Source/stream_buffer.c **** 			prvInitialiseNewStreamBuffer( ( StreamBuffer_t * ) pucAllocatedMemory, /* Structure at the start
 263:Middlewares/Third_Party/FreeRTOS/Source/stream_buffer.c **** 										   pucAllocatedMemory + sizeof( StreamBuffer_t ),  /* Storage area follows. */ /*lint !e9
 264:Middlewares/Third_Party/FreeRTOS/Source/stream_buffer.c **** 										   xBufferSizeBytes,
 265:Middlewares/Third_Party/FreeRTOS/Source/stream_buffer.c **** 										   xTriggerLevelBytes,
 266:Middlewares/Third_Party/FreeRTOS/Source/stream_buffer.c **** 										   ucFlags );
 267:Middlewares/Third_Party/FreeRTOS/Source/stream_buffer.c **** 
 268:Middlewares/Third_Party/FreeRTOS/Source/stream_buffer.c **** 			traceSTREAM_BUFFER_CREATE( ( ( StreamBuffer_t * ) pucAllocatedMemory ), xIsMessageBuffer );
 269:Middlewares/Third_Party/FreeRTOS/Source/stream_buffer.c **** 		}
 270:Middlewares/Third_Party/FreeRTOS/Source/stream_buffer.c **** 		else
 271:Middlewares/Third_Party/FreeRTOS/Source/stream_buffer.c **** 		{
 272:Middlewares/Third_Party/FreeRTOS/Source/stream_buffer.c **** 			traceSTREAM_BUFFER_CREATE_FAILED( xIsMessageBuffer );
 273:Middlewares/Third_Party/FreeRTOS/Source/stream_buffer.c **** 		}
 274:Middlewares/Third_Party/FreeRTOS/Source/stream_buffer.c **** 
 275:Middlewares/Third_Party/FreeRTOS/Source/stream_buffer.c **** 		return ( StreamBufferHandle_t ) pucAllocatedMemory; /*lint !e9087 !e826 Safe cast as allocated me
 276:Middlewares/Third_Party/FreeRTOS/Source/stream_buffer.c **** 	}
 277:Middlewares/Third_Party/FreeRTOS/Source/stream_buffer.c **** 
 278:Middlewares/Third_Party/FreeRTOS/Source/stream_buffer.c **** #endif /* configSUPPORT_DYNAMIC_ALLOCATION */
 279:Middlewares/Third_Party/FreeRTOS/Source/stream_buffer.c **** /*-----------------------------------------------------------*/
 280:Middlewares/Third_Party/FreeRTOS/Source/stream_buffer.c **** 
 281:Middlewares/Third_Party/FreeRTOS/Source/stream_buffer.c **** #if( configSUPPORT_STATIC_ALLOCATION == 1 )
 282:Middlewares/Third_Party/FreeRTOS/Source/stream_buffer.c **** 
 283:Middlewares/Third_Party/FreeRTOS/Source/stream_buffer.c **** 	StreamBufferHandle_t xStreamBufferGenericCreateStatic( size_t xBufferSizeBytes,
 284:Middlewares/Third_Party/FreeRTOS/Source/stream_buffer.c **** 														   size_t xTriggerLevelBytes,
 285:Middlewares/Third_Party/FreeRTOS/Source/stream_buffer.c **** 														   BaseType_t xIsMessageBuffer,
 286:Middlewares/Third_Party/FreeRTOS/Source/stream_buffer.c **** 														   uint8_t * const pucStreamBufferStorageArea,
 287:Middlewares/Third_Party/FreeRTOS/Source/stream_buffer.c **** 														   StaticStreamBuffer_t * const pxStaticStreamBuffer )
 288:Middlewares/Third_Party/FreeRTOS/Source/stream_buffer.c **** 	{
 289:Middlewares/Third_Party/FreeRTOS/Source/stream_buffer.c **** 	StreamBuffer_t * const pxStreamBuffer = ( StreamBuffer_t * ) pxStaticStreamBuffer; /*lint !e740 !e
 290:Middlewares/Third_Party/FreeRTOS/Source/stream_buffer.c **** 	StreamBufferHandle_t xReturn;
 291:Middlewares/Third_Party/FreeRTOS/Source/stream_buffer.c **** 	uint8_t ucFlags;
 292:Middlewares/Third_Party/FreeRTOS/Source/stream_buffer.c **** 
 293:Middlewares/Third_Party/FreeRTOS/Source/stream_buffer.c **** 		configASSERT( pucStreamBufferStorageArea );
 294:Middlewares/Third_Party/FreeRTOS/Source/stream_buffer.c **** 		configASSERT( pxStaticStreamBuffer );
 295:Middlewares/Third_Party/FreeRTOS/Source/stream_buffer.c **** 		configASSERT( xTriggerLevelBytes <= xBufferSizeBytes );
 296:Middlewares/Third_Party/FreeRTOS/Source/stream_buffer.c **** 
 297:Middlewares/Third_Party/FreeRTOS/Source/stream_buffer.c **** 		/* A trigger level of 0 would cause a waiting task to unblock even when
 298:Middlewares/Third_Party/FreeRTOS/Source/stream_buffer.c **** 		the buffer was empty. */
 299:Middlewares/Third_Party/FreeRTOS/Source/stream_buffer.c **** 		if( xTriggerLevelBytes == ( size_t ) 0 )
 300:Middlewares/Third_Party/FreeRTOS/Source/stream_buffer.c **** 		{
 301:Middlewares/Third_Party/FreeRTOS/Source/stream_buffer.c **** 			xTriggerLevelBytes = ( size_t ) 1;
 302:Middlewares/Third_Party/FreeRTOS/Source/stream_buffer.c **** 		}
 303:Middlewares/Third_Party/FreeRTOS/Source/stream_buffer.c **** 
 304:Middlewares/Third_Party/FreeRTOS/Source/stream_buffer.c **** 		if( xIsMessageBuffer != pdFALSE )
 305:Middlewares/Third_Party/FreeRTOS/Source/stream_buffer.c **** 		{
 306:Middlewares/Third_Party/FreeRTOS/Source/stream_buffer.c **** 			/* Statically allocated message buffer. */
 307:Middlewares/Third_Party/FreeRTOS/Source/stream_buffer.c **** 			ucFlags = sbFLAGS_IS_MESSAGE_BUFFER | sbFLAGS_IS_STATICALLY_ALLOCATED;
 308:Middlewares/Third_Party/FreeRTOS/Source/stream_buffer.c **** 		}
 309:Middlewares/Third_Party/FreeRTOS/Source/stream_buffer.c **** 		else
 310:Middlewares/Third_Party/FreeRTOS/Source/stream_buffer.c **** 		{
 311:Middlewares/Third_Party/FreeRTOS/Source/stream_buffer.c **** 			/* Statically allocated stream buffer. */
 312:Middlewares/Third_Party/FreeRTOS/Source/stream_buffer.c **** 			ucFlags = sbFLAGS_IS_STATICALLY_ALLOCATED;
 313:Middlewares/Third_Party/FreeRTOS/Source/stream_buffer.c **** 		}
 314:Middlewares/Third_Party/FreeRTOS/Source/stream_buffer.c **** 
 315:Middlewares/Third_Party/FreeRTOS/Source/stream_buffer.c **** 		/* In case the stream buffer is going to be used as a message buffer
 316:Middlewares/Third_Party/FreeRTOS/Source/stream_buffer.c **** 		(that is, it will hold discrete messages with a little meta data that
 317:Middlewares/Third_Party/FreeRTOS/Source/stream_buffer.c **** 		says how big the next message is) check the buffer will be large enough
ARM GAS  D:\software\msy64\tmp\cc3F8ZqV.s 			page 7


 318:Middlewares/Third_Party/FreeRTOS/Source/stream_buffer.c **** 		to hold at least one message. */
 319:Middlewares/Third_Party/FreeRTOS/Source/stream_buffer.c **** 		configASSERT( xBufferSizeBytes > sbBYTES_TO_STORE_MESSAGE_LENGTH );
 320:Middlewares/Third_Party/FreeRTOS/Source/stream_buffer.c **** 
 321:Middlewares/Third_Party/FreeRTOS/Source/stream_buffer.c **** 		#if( configASSERT_DEFINED == 1 )
 322:Middlewares/Third_Party/FreeRTOS/Source/stream_buffer.c **** 		{
 323:Middlewares/Third_Party/FreeRTOS/Source/stream_buffer.c **** 			/* Sanity check that the size of the structure used to declare a
 324:Middlewares/Third_Party/FreeRTOS/Source/stream_buffer.c **** 			variable of type StaticStreamBuffer_t equals the size of the real
 325:Middlewares/Third_Party/FreeRTOS/Source/stream_buffer.c **** 			message buffer structure. */
 326:Middlewares/Third_Party/FreeRTOS/Source/stream_buffer.c **** 			volatile size_t xSize = sizeof( StaticStreamBuffer_t );
 327:Middlewares/Third_Party/FreeRTOS/Source/stream_buffer.c **** 			configASSERT( xSize == sizeof( StreamBuffer_t ) );
 328:Middlewares/Third_Party/FreeRTOS/Source/stream_buffer.c **** 		} /*lint !e529 xSize is referenced is configASSERT() is defined. */
 329:Middlewares/Third_Party/FreeRTOS/Source/stream_buffer.c **** 		#endif /* configASSERT_DEFINED */
 330:Middlewares/Third_Party/FreeRTOS/Source/stream_buffer.c **** 
 331:Middlewares/Third_Party/FreeRTOS/Source/stream_buffer.c **** 		if( ( pucStreamBufferStorageArea != NULL ) && ( pxStaticStreamBuffer != NULL ) )
 332:Middlewares/Third_Party/FreeRTOS/Source/stream_buffer.c **** 		{
 333:Middlewares/Third_Party/FreeRTOS/Source/stream_buffer.c **** 			prvInitialiseNewStreamBuffer( pxStreamBuffer,
 334:Middlewares/Third_Party/FreeRTOS/Source/stream_buffer.c **** 										  pucStreamBufferStorageArea,
 335:Middlewares/Third_Party/FreeRTOS/Source/stream_buffer.c **** 										  xBufferSizeBytes,
 336:Middlewares/Third_Party/FreeRTOS/Source/stream_buffer.c **** 										  xTriggerLevelBytes,
 337:Middlewares/Third_Party/FreeRTOS/Source/stream_buffer.c **** 										  ucFlags );
 338:Middlewares/Third_Party/FreeRTOS/Source/stream_buffer.c **** 
 339:Middlewares/Third_Party/FreeRTOS/Source/stream_buffer.c **** 			/* Remember this was statically allocated in case it is ever deleted
 340:Middlewares/Third_Party/FreeRTOS/Source/stream_buffer.c **** 			again. */
 341:Middlewares/Third_Party/FreeRTOS/Source/stream_buffer.c **** 			pxStreamBuffer->ucFlags |= sbFLAGS_IS_STATICALLY_ALLOCATED;
 342:Middlewares/Third_Party/FreeRTOS/Source/stream_buffer.c **** 
 343:Middlewares/Third_Party/FreeRTOS/Source/stream_buffer.c **** 			traceSTREAM_BUFFER_CREATE( pxStreamBuffer, xIsMessageBuffer );
 344:Middlewares/Third_Party/FreeRTOS/Source/stream_buffer.c **** 
 345:Middlewares/Third_Party/FreeRTOS/Source/stream_buffer.c **** 			xReturn = ( StreamBufferHandle_t ) pxStaticStreamBuffer; /*lint !e9087 Data hiding requires cast
 346:Middlewares/Third_Party/FreeRTOS/Source/stream_buffer.c **** 		}
 347:Middlewares/Third_Party/FreeRTOS/Source/stream_buffer.c **** 		else
 348:Middlewares/Third_Party/FreeRTOS/Source/stream_buffer.c **** 		{
 349:Middlewares/Third_Party/FreeRTOS/Source/stream_buffer.c **** 			xReturn = NULL;
 350:Middlewares/Third_Party/FreeRTOS/Source/stream_buffer.c **** 			traceSTREAM_BUFFER_CREATE_STATIC_FAILED( xReturn, xIsMessageBuffer );
 351:Middlewares/Third_Party/FreeRTOS/Source/stream_buffer.c **** 		}
 352:Middlewares/Third_Party/FreeRTOS/Source/stream_buffer.c **** 
 353:Middlewares/Third_Party/FreeRTOS/Source/stream_buffer.c **** 		return xReturn;
 354:Middlewares/Third_Party/FreeRTOS/Source/stream_buffer.c **** 	}
 355:Middlewares/Third_Party/FreeRTOS/Source/stream_buffer.c **** 
 356:Middlewares/Third_Party/FreeRTOS/Source/stream_buffer.c **** #endif /* ( configSUPPORT_STATIC_ALLOCATION == 1 ) */
 357:Middlewares/Third_Party/FreeRTOS/Source/stream_buffer.c **** /*-----------------------------------------------------------*/
 358:Middlewares/Third_Party/FreeRTOS/Source/stream_buffer.c **** 
 359:Middlewares/Third_Party/FreeRTOS/Source/stream_buffer.c **** void vStreamBufferDelete( StreamBufferHandle_t xStreamBuffer )
 360:Middlewares/Third_Party/FreeRTOS/Source/stream_buffer.c **** {
 361:Middlewares/Third_Party/FreeRTOS/Source/stream_buffer.c **** StreamBuffer_t * pxStreamBuffer = xStreamBuffer;
 362:Middlewares/Third_Party/FreeRTOS/Source/stream_buffer.c **** 
 363:Middlewares/Third_Party/FreeRTOS/Source/stream_buffer.c **** 	configASSERT( pxStreamBuffer );
 364:Middlewares/Third_Party/FreeRTOS/Source/stream_buffer.c **** 
 365:Middlewares/Third_Party/FreeRTOS/Source/stream_buffer.c **** 	traceSTREAM_BUFFER_DELETE( xStreamBuffer );
 366:Middlewares/Third_Party/FreeRTOS/Source/stream_buffer.c **** 
 367:Middlewares/Third_Party/FreeRTOS/Source/stream_buffer.c **** 	if( ( pxStreamBuffer->ucFlags & sbFLAGS_IS_STATICALLY_ALLOCATED ) == ( uint8_t ) pdFALSE )
 368:Middlewares/Third_Party/FreeRTOS/Source/stream_buffer.c **** 	{
 369:Middlewares/Third_Party/FreeRTOS/Source/stream_buffer.c **** 		#if( configSUPPORT_DYNAMIC_ALLOCATION == 1 )
 370:Middlewares/Third_Party/FreeRTOS/Source/stream_buffer.c **** 		{
 371:Middlewares/Third_Party/FreeRTOS/Source/stream_buffer.c **** 			/* Both the structure and the buffer were allocated using a single call
 372:Middlewares/Third_Party/FreeRTOS/Source/stream_buffer.c **** 			to pvPortMalloc(), hence only one call to vPortFree() is required. */
 373:Middlewares/Third_Party/FreeRTOS/Source/stream_buffer.c **** 			vPortFree( ( void * ) pxStreamBuffer ); /*lint !e9087 Standard free() semantics require void *, 
 374:Middlewares/Third_Party/FreeRTOS/Source/stream_buffer.c **** 		}
ARM GAS  D:\software\msy64\tmp\cc3F8ZqV.s 			page 8


 375:Middlewares/Third_Party/FreeRTOS/Source/stream_buffer.c **** 		#else
 376:Middlewares/Third_Party/FreeRTOS/Source/stream_buffer.c **** 		{
 377:Middlewares/Third_Party/FreeRTOS/Source/stream_buffer.c **** 			/* Should not be possible to get here, ucFlags must be corrupt.
 378:Middlewares/Third_Party/FreeRTOS/Source/stream_buffer.c **** 			Force an assert. */
 379:Middlewares/Third_Party/FreeRTOS/Source/stream_buffer.c **** 			configASSERT( xStreamBuffer == ( StreamBufferHandle_t ) ~0 );
 380:Middlewares/Third_Party/FreeRTOS/Source/stream_buffer.c **** 		}
 381:Middlewares/Third_Party/FreeRTOS/Source/stream_buffer.c **** 		#endif
 382:Middlewares/Third_Party/FreeRTOS/Source/stream_buffer.c **** 	}
 383:Middlewares/Third_Party/FreeRTOS/Source/stream_buffer.c **** 	else
 384:Middlewares/Third_Party/FreeRTOS/Source/stream_buffer.c **** 	{
 385:Middlewares/Third_Party/FreeRTOS/Source/stream_buffer.c **** 		/* The structure and buffer were not allocated dynamically and cannot be
 386:Middlewares/Third_Party/FreeRTOS/Source/stream_buffer.c **** 		freed - just scrub the structure so future use will assert. */
 387:Middlewares/Third_Party/FreeRTOS/Source/stream_buffer.c **** 		( void ) memset( pxStreamBuffer, 0x00, sizeof( StreamBuffer_t ) );
 388:Middlewares/Third_Party/FreeRTOS/Source/stream_buffer.c **** 	}
 389:Middlewares/Third_Party/FreeRTOS/Source/stream_buffer.c **** }
 390:Middlewares/Third_Party/FreeRTOS/Source/stream_buffer.c **** /*-----------------------------------------------------------*/
 391:Middlewares/Third_Party/FreeRTOS/Source/stream_buffer.c **** 
 392:Middlewares/Third_Party/FreeRTOS/Source/stream_buffer.c **** BaseType_t xStreamBufferReset( StreamBufferHandle_t xStreamBuffer )
 393:Middlewares/Third_Party/FreeRTOS/Source/stream_buffer.c **** {
 394:Middlewares/Third_Party/FreeRTOS/Source/stream_buffer.c **** StreamBuffer_t * const pxStreamBuffer = xStreamBuffer;
 395:Middlewares/Third_Party/FreeRTOS/Source/stream_buffer.c **** BaseType_t xReturn = pdFAIL;
 396:Middlewares/Third_Party/FreeRTOS/Source/stream_buffer.c **** 
 397:Middlewares/Third_Party/FreeRTOS/Source/stream_buffer.c **** #if( configUSE_TRACE_FACILITY == 1 )
 398:Middlewares/Third_Party/FreeRTOS/Source/stream_buffer.c **** 	UBaseType_t uxStreamBufferNumber;
 399:Middlewares/Third_Party/FreeRTOS/Source/stream_buffer.c **** #endif
 400:Middlewares/Third_Party/FreeRTOS/Source/stream_buffer.c **** 
 401:Middlewares/Third_Party/FreeRTOS/Source/stream_buffer.c **** 	configASSERT( pxStreamBuffer );
 402:Middlewares/Third_Party/FreeRTOS/Source/stream_buffer.c **** 
 403:Middlewares/Third_Party/FreeRTOS/Source/stream_buffer.c **** 	#if( configUSE_TRACE_FACILITY == 1 )
 404:Middlewares/Third_Party/FreeRTOS/Source/stream_buffer.c **** 	{
 405:Middlewares/Third_Party/FreeRTOS/Source/stream_buffer.c **** 		/* Store the stream buffer number so it can be restored after the
 406:Middlewares/Third_Party/FreeRTOS/Source/stream_buffer.c **** 		reset. */
 407:Middlewares/Third_Party/FreeRTOS/Source/stream_buffer.c **** 		uxStreamBufferNumber = pxStreamBuffer->uxStreamBufferNumber;
 408:Middlewares/Third_Party/FreeRTOS/Source/stream_buffer.c **** 	}
 409:Middlewares/Third_Party/FreeRTOS/Source/stream_buffer.c **** 	#endif
 410:Middlewares/Third_Party/FreeRTOS/Source/stream_buffer.c **** 
 411:Middlewares/Third_Party/FreeRTOS/Source/stream_buffer.c **** 	/* Can only reset a message buffer if there are no tasks blocked on it. */
 412:Middlewares/Third_Party/FreeRTOS/Source/stream_buffer.c **** 	taskENTER_CRITICAL();
 413:Middlewares/Third_Party/FreeRTOS/Source/stream_buffer.c **** 	{
 414:Middlewares/Third_Party/FreeRTOS/Source/stream_buffer.c **** 		if( pxStreamBuffer->xTaskWaitingToReceive == NULL )
 415:Middlewares/Third_Party/FreeRTOS/Source/stream_buffer.c **** 		{
 416:Middlewares/Third_Party/FreeRTOS/Source/stream_buffer.c **** 			if( pxStreamBuffer->xTaskWaitingToSend == NULL )
 417:Middlewares/Third_Party/FreeRTOS/Source/stream_buffer.c **** 			{
 418:Middlewares/Third_Party/FreeRTOS/Source/stream_buffer.c **** 				prvInitialiseNewStreamBuffer( pxStreamBuffer,
 419:Middlewares/Third_Party/FreeRTOS/Source/stream_buffer.c **** 											  pxStreamBuffer->pucBuffer,
 420:Middlewares/Third_Party/FreeRTOS/Source/stream_buffer.c **** 											  pxStreamBuffer->xLength,
 421:Middlewares/Third_Party/FreeRTOS/Source/stream_buffer.c **** 											  pxStreamBuffer->xTriggerLevelBytes,
 422:Middlewares/Third_Party/FreeRTOS/Source/stream_buffer.c **** 											  pxStreamBuffer->ucFlags );
 423:Middlewares/Third_Party/FreeRTOS/Source/stream_buffer.c **** 				xReturn = pdPASS;
 424:Middlewares/Third_Party/FreeRTOS/Source/stream_buffer.c **** 
 425:Middlewares/Third_Party/FreeRTOS/Source/stream_buffer.c **** 				#if( configUSE_TRACE_FACILITY == 1 )
 426:Middlewares/Third_Party/FreeRTOS/Source/stream_buffer.c **** 				{
 427:Middlewares/Third_Party/FreeRTOS/Source/stream_buffer.c **** 					pxStreamBuffer->uxStreamBufferNumber = uxStreamBufferNumber;
 428:Middlewares/Third_Party/FreeRTOS/Source/stream_buffer.c **** 				}
 429:Middlewares/Third_Party/FreeRTOS/Source/stream_buffer.c **** 				#endif
 430:Middlewares/Third_Party/FreeRTOS/Source/stream_buffer.c **** 
 431:Middlewares/Third_Party/FreeRTOS/Source/stream_buffer.c **** 				traceSTREAM_BUFFER_RESET( xStreamBuffer );
ARM GAS  D:\software\msy64\tmp\cc3F8ZqV.s 			page 9


 432:Middlewares/Third_Party/FreeRTOS/Source/stream_buffer.c **** 			}
 433:Middlewares/Third_Party/FreeRTOS/Source/stream_buffer.c **** 		}
 434:Middlewares/Third_Party/FreeRTOS/Source/stream_buffer.c **** 	}
 435:Middlewares/Third_Party/FreeRTOS/Source/stream_buffer.c **** 	taskEXIT_CRITICAL();
 436:Middlewares/Third_Party/FreeRTOS/Source/stream_buffer.c **** 
 437:Middlewares/Third_Party/FreeRTOS/Source/stream_buffer.c **** 	return xReturn;
 438:Middlewares/Third_Party/FreeRTOS/Source/stream_buffer.c **** }
 439:Middlewares/Third_Party/FreeRTOS/Source/stream_buffer.c **** /*-----------------------------------------------------------*/
 440:Middlewares/Third_Party/FreeRTOS/Source/stream_buffer.c **** 
 441:Middlewares/Third_Party/FreeRTOS/Source/stream_buffer.c **** BaseType_t xStreamBufferSetTriggerLevel( StreamBufferHandle_t xStreamBuffer, size_t xTriggerLevel )
 442:Middlewares/Third_Party/FreeRTOS/Source/stream_buffer.c **** {
 443:Middlewares/Third_Party/FreeRTOS/Source/stream_buffer.c **** StreamBuffer_t * const pxStreamBuffer = xStreamBuffer;
 444:Middlewares/Third_Party/FreeRTOS/Source/stream_buffer.c **** BaseType_t xReturn;
 445:Middlewares/Third_Party/FreeRTOS/Source/stream_buffer.c **** 
 446:Middlewares/Third_Party/FreeRTOS/Source/stream_buffer.c **** 	configASSERT( pxStreamBuffer );
 447:Middlewares/Third_Party/FreeRTOS/Source/stream_buffer.c **** 
 448:Middlewares/Third_Party/FreeRTOS/Source/stream_buffer.c **** 	/* It is not valid for the trigger level to be 0. */
 449:Middlewares/Third_Party/FreeRTOS/Source/stream_buffer.c **** 	if( xTriggerLevel == ( size_t ) 0 )
 450:Middlewares/Third_Party/FreeRTOS/Source/stream_buffer.c **** 	{
 451:Middlewares/Third_Party/FreeRTOS/Source/stream_buffer.c **** 		xTriggerLevel = ( size_t ) 1;
 452:Middlewares/Third_Party/FreeRTOS/Source/stream_buffer.c **** 	}
 453:Middlewares/Third_Party/FreeRTOS/Source/stream_buffer.c **** 
 454:Middlewares/Third_Party/FreeRTOS/Source/stream_buffer.c **** 	/* The trigger level is the number of bytes that must be in the stream
 455:Middlewares/Third_Party/FreeRTOS/Source/stream_buffer.c **** 	buffer before a task that is waiting for data is unblocked. */
 456:Middlewares/Third_Party/FreeRTOS/Source/stream_buffer.c **** 	if( xTriggerLevel <= pxStreamBuffer->xLength )
 457:Middlewares/Third_Party/FreeRTOS/Source/stream_buffer.c **** 	{
 458:Middlewares/Third_Party/FreeRTOS/Source/stream_buffer.c **** 		pxStreamBuffer->xTriggerLevelBytes = xTriggerLevel;
 459:Middlewares/Third_Party/FreeRTOS/Source/stream_buffer.c **** 		xReturn = pdPASS;
 460:Middlewares/Third_Party/FreeRTOS/Source/stream_buffer.c **** 	}
 461:Middlewares/Third_Party/FreeRTOS/Source/stream_buffer.c **** 	else
 462:Middlewares/Third_Party/FreeRTOS/Source/stream_buffer.c **** 	{
 463:Middlewares/Third_Party/FreeRTOS/Source/stream_buffer.c **** 		xReturn = pdFALSE;
 464:Middlewares/Third_Party/FreeRTOS/Source/stream_buffer.c **** 	}
 465:Middlewares/Third_Party/FreeRTOS/Source/stream_buffer.c **** 
 466:Middlewares/Third_Party/FreeRTOS/Source/stream_buffer.c **** 	return xReturn;
 467:Middlewares/Third_Party/FreeRTOS/Source/stream_buffer.c **** }
 468:Middlewares/Third_Party/FreeRTOS/Source/stream_buffer.c **** /*-----------------------------------------------------------*/
 469:Middlewares/Third_Party/FreeRTOS/Source/stream_buffer.c **** 
 470:Middlewares/Third_Party/FreeRTOS/Source/stream_buffer.c **** size_t xStreamBufferSpacesAvailable( StreamBufferHandle_t xStreamBuffer )
 471:Middlewares/Third_Party/FreeRTOS/Source/stream_buffer.c **** {
 472:Middlewares/Third_Party/FreeRTOS/Source/stream_buffer.c **** const StreamBuffer_t * const pxStreamBuffer = xStreamBuffer;
 473:Middlewares/Third_Party/FreeRTOS/Source/stream_buffer.c **** size_t xSpace;
 474:Middlewares/Third_Party/FreeRTOS/Source/stream_buffer.c **** 
 475:Middlewares/Third_Party/FreeRTOS/Source/stream_buffer.c **** 	configASSERT( pxStreamBuffer );
 476:Middlewares/Third_Party/FreeRTOS/Source/stream_buffer.c **** 
 477:Middlewares/Third_Party/FreeRTOS/Source/stream_buffer.c **** 	xSpace = pxStreamBuffer->xLength + pxStreamBuffer->xTail;
 478:Middlewares/Third_Party/FreeRTOS/Source/stream_buffer.c **** 	xSpace -= pxStreamBuffer->xHead;
 479:Middlewares/Third_Party/FreeRTOS/Source/stream_buffer.c **** 	xSpace -= ( size_t ) 1;
 480:Middlewares/Third_Party/FreeRTOS/Source/stream_buffer.c **** 
 481:Middlewares/Third_Party/FreeRTOS/Source/stream_buffer.c **** 	if( xSpace >= pxStreamBuffer->xLength )
 482:Middlewares/Third_Party/FreeRTOS/Source/stream_buffer.c **** 	{
 483:Middlewares/Third_Party/FreeRTOS/Source/stream_buffer.c **** 		xSpace -= pxStreamBuffer->xLength;
 484:Middlewares/Third_Party/FreeRTOS/Source/stream_buffer.c **** 	}
 485:Middlewares/Third_Party/FreeRTOS/Source/stream_buffer.c **** 	else
 486:Middlewares/Third_Party/FreeRTOS/Source/stream_buffer.c **** 	{
 487:Middlewares/Third_Party/FreeRTOS/Source/stream_buffer.c **** 		mtCOVERAGE_TEST_MARKER();
 488:Middlewares/Third_Party/FreeRTOS/Source/stream_buffer.c **** 	}
ARM GAS  D:\software\msy64\tmp\cc3F8ZqV.s 			page 10


 489:Middlewares/Third_Party/FreeRTOS/Source/stream_buffer.c **** 
 490:Middlewares/Third_Party/FreeRTOS/Source/stream_buffer.c **** 	return xSpace;
 491:Middlewares/Third_Party/FreeRTOS/Source/stream_buffer.c **** }
 492:Middlewares/Third_Party/FreeRTOS/Source/stream_buffer.c **** /*-----------------------------------------------------------*/
 493:Middlewares/Third_Party/FreeRTOS/Source/stream_buffer.c **** 
 494:Middlewares/Third_Party/FreeRTOS/Source/stream_buffer.c **** size_t xStreamBufferBytesAvailable( StreamBufferHandle_t xStreamBuffer )
 495:Middlewares/Third_Party/FreeRTOS/Source/stream_buffer.c **** {
 496:Middlewares/Third_Party/FreeRTOS/Source/stream_buffer.c **** const StreamBuffer_t * const pxStreamBuffer = xStreamBuffer;
 497:Middlewares/Third_Party/FreeRTOS/Source/stream_buffer.c **** size_t xReturn;
 498:Middlewares/Third_Party/FreeRTOS/Source/stream_buffer.c **** 
 499:Middlewares/Third_Party/FreeRTOS/Source/stream_buffer.c **** 	configASSERT( pxStreamBuffer );
 500:Middlewares/Third_Party/FreeRTOS/Source/stream_buffer.c **** 
 501:Middlewares/Third_Party/FreeRTOS/Source/stream_buffer.c **** 	xReturn = prvBytesInBuffer( pxStreamBuffer );
 502:Middlewares/Third_Party/FreeRTOS/Source/stream_buffer.c **** 	return xReturn;
 503:Middlewares/Third_Party/FreeRTOS/Source/stream_buffer.c **** }
 504:Middlewares/Third_Party/FreeRTOS/Source/stream_buffer.c **** /*-----------------------------------------------------------*/
 505:Middlewares/Third_Party/FreeRTOS/Source/stream_buffer.c **** 
 506:Middlewares/Third_Party/FreeRTOS/Source/stream_buffer.c **** size_t xStreamBufferSend( StreamBufferHandle_t xStreamBuffer,
 507:Middlewares/Third_Party/FreeRTOS/Source/stream_buffer.c **** 						  const void *pvTxData,
 508:Middlewares/Third_Party/FreeRTOS/Source/stream_buffer.c **** 						  size_t xDataLengthBytes,
 509:Middlewares/Third_Party/FreeRTOS/Source/stream_buffer.c **** 						  TickType_t xTicksToWait )
 510:Middlewares/Third_Party/FreeRTOS/Source/stream_buffer.c **** {
 511:Middlewares/Third_Party/FreeRTOS/Source/stream_buffer.c **** StreamBuffer_t * const pxStreamBuffer = xStreamBuffer;
 512:Middlewares/Third_Party/FreeRTOS/Source/stream_buffer.c **** size_t xReturn, xSpace = 0;
 513:Middlewares/Third_Party/FreeRTOS/Source/stream_buffer.c **** size_t xRequiredSpace = xDataLengthBytes;
 514:Middlewares/Third_Party/FreeRTOS/Source/stream_buffer.c **** TimeOut_t xTimeOut;
 515:Middlewares/Third_Party/FreeRTOS/Source/stream_buffer.c **** 
 516:Middlewares/Third_Party/FreeRTOS/Source/stream_buffer.c **** 	configASSERT( pvTxData );
 517:Middlewares/Third_Party/FreeRTOS/Source/stream_buffer.c **** 	configASSERT( pxStreamBuffer );
 518:Middlewares/Third_Party/FreeRTOS/Source/stream_buffer.c **** 
 519:Middlewares/Third_Party/FreeRTOS/Source/stream_buffer.c **** 	/* This send function is used to write to both message buffers and stream
 520:Middlewares/Third_Party/FreeRTOS/Source/stream_buffer.c **** 	buffers.  If this is a message buffer then the space needed must be
 521:Middlewares/Third_Party/FreeRTOS/Source/stream_buffer.c **** 	increased by the amount of bytes needed to store the length of the
 522:Middlewares/Third_Party/FreeRTOS/Source/stream_buffer.c **** 	message. */
 523:Middlewares/Third_Party/FreeRTOS/Source/stream_buffer.c **** 	if( ( pxStreamBuffer->ucFlags & sbFLAGS_IS_MESSAGE_BUFFER ) != ( uint8_t ) 0 )
 524:Middlewares/Third_Party/FreeRTOS/Source/stream_buffer.c **** 	{
 525:Middlewares/Third_Party/FreeRTOS/Source/stream_buffer.c **** 		xRequiredSpace += sbBYTES_TO_STORE_MESSAGE_LENGTH;
 526:Middlewares/Third_Party/FreeRTOS/Source/stream_buffer.c **** 
 527:Middlewares/Third_Party/FreeRTOS/Source/stream_buffer.c **** 		/* Overflow? */
 528:Middlewares/Third_Party/FreeRTOS/Source/stream_buffer.c **** 		configASSERT( xRequiredSpace > xDataLengthBytes );
 529:Middlewares/Third_Party/FreeRTOS/Source/stream_buffer.c **** 	}
 530:Middlewares/Third_Party/FreeRTOS/Source/stream_buffer.c **** 	else
 531:Middlewares/Third_Party/FreeRTOS/Source/stream_buffer.c **** 	{
 532:Middlewares/Third_Party/FreeRTOS/Source/stream_buffer.c **** 		mtCOVERAGE_TEST_MARKER();
 533:Middlewares/Third_Party/FreeRTOS/Source/stream_buffer.c **** 	}
 534:Middlewares/Third_Party/FreeRTOS/Source/stream_buffer.c **** 
 535:Middlewares/Third_Party/FreeRTOS/Source/stream_buffer.c **** 	if( xTicksToWait != ( TickType_t ) 0 )
 536:Middlewares/Third_Party/FreeRTOS/Source/stream_buffer.c **** 	{
 537:Middlewares/Third_Party/FreeRTOS/Source/stream_buffer.c **** 		vTaskSetTimeOutState( &xTimeOut );
 538:Middlewares/Third_Party/FreeRTOS/Source/stream_buffer.c **** 
 539:Middlewares/Third_Party/FreeRTOS/Source/stream_buffer.c **** 		do
 540:Middlewares/Third_Party/FreeRTOS/Source/stream_buffer.c **** 		{
 541:Middlewares/Third_Party/FreeRTOS/Source/stream_buffer.c **** 			/* Wait until the required number of bytes are free in the message
 542:Middlewares/Third_Party/FreeRTOS/Source/stream_buffer.c **** 			buffer. */
 543:Middlewares/Third_Party/FreeRTOS/Source/stream_buffer.c **** 			taskENTER_CRITICAL();
 544:Middlewares/Third_Party/FreeRTOS/Source/stream_buffer.c **** 			{
 545:Middlewares/Third_Party/FreeRTOS/Source/stream_buffer.c **** 				xSpace = xStreamBufferSpacesAvailable( pxStreamBuffer );
ARM GAS  D:\software\msy64\tmp\cc3F8ZqV.s 			page 11


 546:Middlewares/Third_Party/FreeRTOS/Source/stream_buffer.c **** 
 547:Middlewares/Third_Party/FreeRTOS/Source/stream_buffer.c **** 				if( xSpace < xRequiredSpace )
 548:Middlewares/Third_Party/FreeRTOS/Source/stream_buffer.c **** 				{
 549:Middlewares/Third_Party/FreeRTOS/Source/stream_buffer.c **** 					/* Clear notification state as going to wait for space. */
 550:Middlewares/Third_Party/FreeRTOS/Source/stream_buffer.c **** 					( void ) xTaskNotifyStateClear( NULL );
 551:Middlewares/Third_Party/FreeRTOS/Source/stream_buffer.c **** 
 552:Middlewares/Third_Party/FreeRTOS/Source/stream_buffer.c **** 					/* Should only be one writer. */
 553:Middlewares/Third_Party/FreeRTOS/Source/stream_buffer.c **** 					configASSERT( pxStreamBuffer->xTaskWaitingToSend == NULL );
 554:Middlewares/Third_Party/FreeRTOS/Source/stream_buffer.c **** 					pxStreamBuffer->xTaskWaitingToSend = xTaskGetCurrentTaskHandle();
 555:Middlewares/Third_Party/FreeRTOS/Source/stream_buffer.c **** 				}
 556:Middlewares/Third_Party/FreeRTOS/Source/stream_buffer.c **** 				else
 557:Middlewares/Third_Party/FreeRTOS/Source/stream_buffer.c **** 				{
 558:Middlewares/Third_Party/FreeRTOS/Source/stream_buffer.c **** 					taskEXIT_CRITICAL();
 559:Middlewares/Third_Party/FreeRTOS/Source/stream_buffer.c **** 					break;
 560:Middlewares/Third_Party/FreeRTOS/Source/stream_buffer.c **** 				}
 561:Middlewares/Third_Party/FreeRTOS/Source/stream_buffer.c **** 			}
 562:Middlewares/Third_Party/FreeRTOS/Source/stream_buffer.c **** 			taskEXIT_CRITICAL();
 563:Middlewares/Third_Party/FreeRTOS/Source/stream_buffer.c **** 
 564:Middlewares/Third_Party/FreeRTOS/Source/stream_buffer.c **** 			traceBLOCKING_ON_STREAM_BUFFER_SEND( xStreamBuffer );
 565:Middlewares/Third_Party/FreeRTOS/Source/stream_buffer.c **** 			( void ) xTaskNotifyWait( ( uint32_t ) 0, ( uint32_t ) 0, NULL, xTicksToWait );
 566:Middlewares/Third_Party/FreeRTOS/Source/stream_buffer.c **** 			pxStreamBuffer->xTaskWaitingToSend = NULL;
 567:Middlewares/Third_Party/FreeRTOS/Source/stream_buffer.c **** 
 568:Middlewares/Third_Party/FreeRTOS/Source/stream_buffer.c **** 		} while( xTaskCheckForTimeOut( &xTimeOut, &xTicksToWait ) == pdFALSE );
 569:Middlewares/Third_Party/FreeRTOS/Source/stream_buffer.c **** 	}
 570:Middlewares/Third_Party/FreeRTOS/Source/stream_buffer.c **** 	else
 571:Middlewares/Third_Party/FreeRTOS/Source/stream_buffer.c **** 	{
 572:Middlewares/Third_Party/FreeRTOS/Source/stream_buffer.c **** 		mtCOVERAGE_TEST_MARKER();
 573:Middlewares/Third_Party/FreeRTOS/Source/stream_buffer.c **** 	}
 574:Middlewares/Third_Party/FreeRTOS/Source/stream_buffer.c **** 
 575:Middlewares/Third_Party/FreeRTOS/Source/stream_buffer.c **** 	if( xSpace == ( size_t ) 0 )
 576:Middlewares/Third_Party/FreeRTOS/Source/stream_buffer.c **** 	{
 577:Middlewares/Third_Party/FreeRTOS/Source/stream_buffer.c **** 		xSpace = xStreamBufferSpacesAvailable( pxStreamBuffer );
 578:Middlewares/Third_Party/FreeRTOS/Source/stream_buffer.c **** 	}
 579:Middlewares/Third_Party/FreeRTOS/Source/stream_buffer.c **** 	else
 580:Middlewares/Third_Party/FreeRTOS/Source/stream_buffer.c **** 	{
 581:Middlewares/Third_Party/FreeRTOS/Source/stream_buffer.c **** 		mtCOVERAGE_TEST_MARKER();
 582:Middlewares/Third_Party/FreeRTOS/Source/stream_buffer.c **** 	}
 583:Middlewares/Third_Party/FreeRTOS/Source/stream_buffer.c **** 
 584:Middlewares/Third_Party/FreeRTOS/Source/stream_buffer.c **** 	xReturn = prvWriteMessageToBuffer( pxStreamBuffer, pvTxData, xDataLengthBytes, xSpace, xRequiredSp
 585:Middlewares/Third_Party/FreeRTOS/Source/stream_buffer.c **** 
 586:Middlewares/Third_Party/FreeRTOS/Source/stream_buffer.c **** 	if( xReturn > ( size_t ) 0 )
 587:Middlewares/Third_Party/FreeRTOS/Source/stream_buffer.c **** 	{
 588:Middlewares/Third_Party/FreeRTOS/Source/stream_buffer.c **** 		traceSTREAM_BUFFER_SEND( xStreamBuffer, xReturn );
 589:Middlewares/Third_Party/FreeRTOS/Source/stream_buffer.c **** 
 590:Middlewares/Third_Party/FreeRTOS/Source/stream_buffer.c **** 		/* Was a task waiting for the data? */
 591:Middlewares/Third_Party/FreeRTOS/Source/stream_buffer.c **** 		if( prvBytesInBuffer( pxStreamBuffer ) >= pxStreamBuffer->xTriggerLevelBytes )
 592:Middlewares/Third_Party/FreeRTOS/Source/stream_buffer.c **** 		{
 593:Middlewares/Third_Party/FreeRTOS/Source/stream_buffer.c **** 			sbSEND_COMPLETED( pxStreamBuffer );
 594:Middlewares/Third_Party/FreeRTOS/Source/stream_buffer.c **** 		}
 595:Middlewares/Third_Party/FreeRTOS/Source/stream_buffer.c **** 		else
 596:Middlewares/Third_Party/FreeRTOS/Source/stream_buffer.c **** 		{
 597:Middlewares/Third_Party/FreeRTOS/Source/stream_buffer.c **** 			mtCOVERAGE_TEST_MARKER();
 598:Middlewares/Third_Party/FreeRTOS/Source/stream_buffer.c **** 		}
 599:Middlewares/Third_Party/FreeRTOS/Source/stream_buffer.c **** 	}
 600:Middlewares/Third_Party/FreeRTOS/Source/stream_buffer.c **** 	else
 601:Middlewares/Third_Party/FreeRTOS/Source/stream_buffer.c **** 	{
 602:Middlewares/Third_Party/FreeRTOS/Source/stream_buffer.c **** 		mtCOVERAGE_TEST_MARKER();
ARM GAS  D:\software\msy64\tmp\cc3F8ZqV.s 			page 12


 603:Middlewares/Third_Party/FreeRTOS/Source/stream_buffer.c **** 		traceSTREAM_BUFFER_SEND_FAILED( xStreamBuffer );
 604:Middlewares/Third_Party/FreeRTOS/Source/stream_buffer.c **** 	}
 605:Middlewares/Third_Party/FreeRTOS/Source/stream_buffer.c **** 
 606:Middlewares/Third_Party/FreeRTOS/Source/stream_buffer.c **** 	return xReturn;
 607:Middlewares/Third_Party/FreeRTOS/Source/stream_buffer.c **** }
 608:Middlewares/Third_Party/FreeRTOS/Source/stream_buffer.c **** /*-----------------------------------------------------------*/
 609:Middlewares/Third_Party/FreeRTOS/Source/stream_buffer.c **** 
 610:Middlewares/Third_Party/FreeRTOS/Source/stream_buffer.c **** size_t xStreamBufferSendFromISR( StreamBufferHandle_t xStreamBuffer,
 611:Middlewares/Third_Party/FreeRTOS/Source/stream_buffer.c **** 								 const void *pvTxData,
 612:Middlewares/Third_Party/FreeRTOS/Source/stream_buffer.c **** 								 size_t xDataLengthBytes,
 613:Middlewares/Third_Party/FreeRTOS/Source/stream_buffer.c **** 								 BaseType_t * const pxHigherPriorityTaskWoken )
 614:Middlewares/Third_Party/FreeRTOS/Source/stream_buffer.c **** {
 615:Middlewares/Third_Party/FreeRTOS/Source/stream_buffer.c **** StreamBuffer_t * const pxStreamBuffer = xStreamBuffer;
 616:Middlewares/Third_Party/FreeRTOS/Source/stream_buffer.c **** size_t xReturn, xSpace;
 617:Middlewares/Third_Party/FreeRTOS/Source/stream_buffer.c **** size_t xRequiredSpace = xDataLengthBytes;
 618:Middlewares/Third_Party/FreeRTOS/Source/stream_buffer.c **** 
 619:Middlewares/Third_Party/FreeRTOS/Source/stream_buffer.c **** 	configASSERT( pvTxData );
 620:Middlewares/Third_Party/FreeRTOS/Source/stream_buffer.c **** 	configASSERT( pxStreamBuffer );
 621:Middlewares/Third_Party/FreeRTOS/Source/stream_buffer.c **** 
 622:Middlewares/Third_Party/FreeRTOS/Source/stream_buffer.c **** 	/* This send function is used to write to both message buffers and stream
 623:Middlewares/Third_Party/FreeRTOS/Source/stream_buffer.c **** 	buffers.  If this is a message buffer then the space needed must be
 624:Middlewares/Third_Party/FreeRTOS/Source/stream_buffer.c **** 	increased by the amount of bytes needed to store the length of the
 625:Middlewares/Third_Party/FreeRTOS/Source/stream_buffer.c **** 	message. */
 626:Middlewares/Third_Party/FreeRTOS/Source/stream_buffer.c **** 	if( ( pxStreamBuffer->ucFlags & sbFLAGS_IS_MESSAGE_BUFFER ) != ( uint8_t ) 0 )
 627:Middlewares/Third_Party/FreeRTOS/Source/stream_buffer.c **** 	{
 628:Middlewares/Third_Party/FreeRTOS/Source/stream_buffer.c **** 		xRequiredSpace += sbBYTES_TO_STORE_MESSAGE_LENGTH;
 629:Middlewares/Third_Party/FreeRTOS/Source/stream_buffer.c **** 	}
 630:Middlewares/Third_Party/FreeRTOS/Source/stream_buffer.c **** 	else
 631:Middlewares/Third_Party/FreeRTOS/Source/stream_buffer.c **** 	{
 632:Middlewares/Third_Party/FreeRTOS/Source/stream_buffer.c **** 		mtCOVERAGE_TEST_MARKER();
 633:Middlewares/Third_Party/FreeRTOS/Source/stream_buffer.c **** 	}
 634:Middlewares/Third_Party/FreeRTOS/Source/stream_buffer.c **** 
 635:Middlewares/Third_Party/FreeRTOS/Source/stream_buffer.c **** 	xSpace = xStreamBufferSpacesAvailable( pxStreamBuffer );
 636:Middlewares/Third_Party/FreeRTOS/Source/stream_buffer.c **** 	xReturn = prvWriteMessageToBuffer( pxStreamBuffer, pvTxData, xDataLengthBytes, xSpace, xRequiredSp
 637:Middlewares/Third_Party/FreeRTOS/Source/stream_buffer.c **** 
 638:Middlewares/Third_Party/FreeRTOS/Source/stream_buffer.c **** 	if( xReturn > ( size_t ) 0 )
 639:Middlewares/Third_Party/FreeRTOS/Source/stream_buffer.c **** 	{
 640:Middlewares/Third_Party/FreeRTOS/Source/stream_buffer.c **** 		/* Was a task waiting for the data? */
 641:Middlewares/Third_Party/FreeRTOS/Source/stream_buffer.c **** 		if( prvBytesInBuffer( pxStreamBuffer ) >= pxStreamBuffer->xTriggerLevelBytes )
 642:Middlewares/Third_Party/FreeRTOS/Source/stream_buffer.c **** 		{
 643:Middlewares/Third_Party/FreeRTOS/Source/stream_buffer.c **** 			sbSEND_COMPLETE_FROM_ISR( pxStreamBuffer, pxHigherPriorityTaskWoken );
 644:Middlewares/Third_Party/FreeRTOS/Source/stream_buffer.c **** 		}
 645:Middlewares/Third_Party/FreeRTOS/Source/stream_buffer.c **** 		else
 646:Middlewares/Third_Party/FreeRTOS/Source/stream_buffer.c **** 		{
 647:Middlewares/Third_Party/FreeRTOS/Source/stream_buffer.c **** 			mtCOVERAGE_TEST_MARKER();
 648:Middlewares/Third_Party/FreeRTOS/Source/stream_buffer.c **** 		}
 649:Middlewares/Third_Party/FreeRTOS/Source/stream_buffer.c **** 	}
 650:Middlewares/Third_Party/FreeRTOS/Source/stream_buffer.c **** 	else
 651:Middlewares/Third_Party/FreeRTOS/Source/stream_buffer.c **** 	{
 652:Middlewares/Third_Party/FreeRTOS/Source/stream_buffer.c **** 		mtCOVERAGE_TEST_MARKER();
 653:Middlewares/Third_Party/FreeRTOS/Source/stream_buffer.c **** 	}
 654:Middlewares/Third_Party/FreeRTOS/Source/stream_buffer.c **** 
 655:Middlewares/Third_Party/FreeRTOS/Source/stream_buffer.c **** 	traceSTREAM_BUFFER_SEND_FROM_ISR( xStreamBuffer, xReturn );
 656:Middlewares/Third_Party/FreeRTOS/Source/stream_buffer.c **** 
 657:Middlewares/Third_Party/FreeRTOS/Source/stream_buffer.c **** 	return xReturn;
 658:Middlewares/Third_Party/FreeRTOS/Source/stream_buffer.c **** }
 659:Middlewares/Third_Party/FreeRTOS/Source/stream_buffer.c **** /*-----------------------------------------------------------*/
ARM GAS  D:\software\msy64\tmp\cc3F8ZqV.s 			page 13


 660:Middlewares/Third_Party/FreeRTOS/Source/stream_buffer.c **** 
 661:Middlewares/Third_Party/FreeRTOS/Source/stream_buffer.c **** static size_t prvWriteMessageToBuffer( StreamBuffer_t * const pxStreamBuffer,
 662:Middlewares/Third_Party/FreeRTOS/Source/stream_buffer.c **** 									   const void * pvTxData,
 663:Middlewares/Third_Party/FreeRTOS/Source/stream_buffer.c **** 									   size_t xDataLengthBytes,
 664:Middlewares/Third_Party/FreeRTOS/Source/stream_buffer.c **** 									   size_t xSpace,
 665:Middlewares/Third_Party/FreeRTOS/Source/stream_buffer.c **** 									   size_t xRequiredSpace )
 666:Middlewares/Third_Party/FreeRTOS/Source/stream_buffer.c **** {
 667:Middlewares/Third_Party/FreeRTOS/Source/stream_buffer.c **** 	BaseType_t xShouldWrite;
 668:Middlewares/Third_Party/FreeRTOS/Source/stream_buffer.c **** 	size_t xReturn;
 669:Middlewares/Third_Party/FreeRTOS/Source/stream_buffer.c **** 
 670:Middlewares/Third_Party/FreeRTOS/Source/stream_buffer.c **** 	if( xSpace == ( size_t ) 0 )
 671:Middlewares/Third_Party/FreeRTOS/Source/stream_buffer.c **** 	{
 672:Middlewares/Third_Party/FreeRTOS/Source/stream_buffer.c **** 		/* Doesn't matter if this is a stream buffer or a message buffer, there
 673:Middlewares/Third_Party/FreeRTOS/Source/stream_buffer.c **** 		is no space to write. */
 674:Middlewares/Third_Party/FreeRTOS/Source/stream_buffer.c **** 		xShouldWrite = pdFALSE;
 675:Middlewares/Third_Party/FreeRTOS/Source/stream_buffer.c **** 	}
 676:Middlewares/Third_Party/FreeRTOS/Source/stream_buffer.c **** 	else if( ( pxStreamBuffer->ucFlags & sbFLAGS_IS_MESSAGE_BUFFER ) == ( uint8_t ) 0 )
 677:Middlewares/Third_Party/FreeRTOS/Source/stream_buffer.c **** 	{
 678:Middlewares/Third_Party/FreeRTOS/Source/stream_buffer.c **** 		/* This is a stream buffer, as opposed to a message buffer, so writing a
 679:Middlewares/Third_Party/FreeRTOS/Source/stream_buffer.c **** 		stream of bytes rather than discrete messages.  Write as many bytes as
 680:Middlewares/Third_Party/FreeRTOS/Source/stream_buffer.c **** 		possible. */
 681:Middlewares/Third_Party/FreeRTOS/Source/stream_buffer.c **** 		xShouldWrite = pdTRUE;
 682:Middlewares/Third_Party/FreeRTOS/Source/stream_buffer.c **** 		xDataLengthBytes = configMIN( xDataLengthBytes, xSpace );
 683:Middlewares/Third_Party/FreeRTOS/Source/stream_buffer.c **** 	}
 684:Middlewares/Third_Party/FreeRTOS/Source/stream_buffer.c **** 	else if( xSpace >= xRequiredSpace )
 685:Middlewares/Third_Party/FreeRTOS/Source/stream_buffer.c **** 	{
 686:Middlewares/Third_Party/FreeRTOS/Source/stream_buffer.c **** 		/* This is a message buffer, as opposed to a stream buffer, and there
 687:Middlewares/Third_Party/FreeRTOS/Source/stream_buffer.c **** 		is enough space to write both the message length and the message itself
 688:Middlewares/Third_Party/FreeRTOS/Source/stream_buffer.c **** 		into the buffer.  Start by writing the length of the data, the data
 689:Middlewares/Third_Party/FreeRTOS/Source/stream_buffer.c **** 		itself will be written later in this function. */
 690:Middlewares/Third_Party/FreeRTOS/Source/stream_buffer.c **** 		xShouldWrite = pdTRUE;
 691:Middlewares/Third_Party/FreeRTOS/Source/stream_buffer.c **** 		( void ) prvWriteBytesToBuffer( pxStreamBuffer, ( const uint8_t * ) &( xDataLengthBytes ), sbBYTE
 692:Middlewares/Third_Party/FreeRTOS/Source/stream_buffer.c **** 	}
 693:Middlewares/Third_Party/FreeRTOS/Source/stream_buffer.c **** 	else
 694:Middlewares/Third_Party/FreeRTOS/Source/stream_buffer.c **** 	{
 695:Middlewares/Third_Party/FreeRTOS/Source/stream_buffer.c **** 		/* There is space available, but not enough space. */
 696:Middlewares/Third_Party/FreeRTOS/Source/stream_buffer.c **** 		xShouldWrite = pdFALSE;
 697:Middlewares/Third_Party/FreeRTOS/Source/stream_buffer.c **** 	}
 698:Middlewares/Third_Party/FreeRTOS/Source/stream_buffer.c **** 
 699:Middlewares/Third_Party/FreeRTOS/Source/stream_buffer.c **** 	if( xShouldWrite != pdFALSE )
 700:Middlewares/Third_Party/FreeRTOS/Source/stream_buffer.c **** 	{
 701:Middlewares/Third_Party/FreeRTOS/Source/stream_buffer.c **** 		/* Writes the data itself. */
 702:Middlewares/Third_Party/FreeRTOS/Source/stream_buffer.c **** 		xReturn = prvWriteBytesToBuffer( pxStreamBuffer, ( const uint8_t * ) pvTxData, xDataLengthBytes )
 703:Middlewares/Third_Party/FreeRTOS/Source/stream_buffer.c **** 	}
 704:Middlewares/Third_Party/FreeRTOS/Source/stream_buffer.c **** 	else
 705:Middlewares/Third_Party/FreeRTOS/Source/stream_buffer.c **** 	{
 706:Middlewares/Third_Party/FreeRTOS/Source/stream_buffer.c **** 		xReturn = 0;
 707:Middlewares/Third_Party/FreeRTOS/Source/stream_buffer.c **** 	}
 708:Middlewares/Third_Party/FreeRTOS/Source/stream_buffer.c **** 
 709:Middlewares/Third_Party/FreeRTOS/Source/stream_buffer.c **** 	return xReturn;
 710:Middlewares/Third_Party/FreeRTOS/Source/stream_buffer.c **** }
 711:Middlewares/Third_Party/FreeRTOS/Source/stream_buffer.c **** /*-----------------------------------------------------------*/
 712:Middlewares/Third_Party/FreeRTOS/Source/stream_buffer.c **** 
 713:Middlewares/Third_Party/FreeRTOS/Source/stream_buffer.c **** size_t xStreamBufferReceive( StreamBufferHandle_t xStreamBuffer,
 714:Middlewares/Third_Party/FreeRTOS/Source/stream_buffer.c **** 							 void *pvRxData,
 715:Middlewares/Third_Party/FreeRTOS/Source/stream_buffer.c **** 							 size_t xBufferLengthBytes,
 716:Middlewares/Third_Party/FreeRTOS/Source/stream_buffer.c **** 							 TickType_t xTicksToWait )
ARM GAS  D:\software\msy64\tmp\cc3F8ZqV.s 			page 14


 717:Middlewares/Third_Party/FreeRTOS/Source/stream_buffer.c **** {
 718:Middlewares/Third_Party/FreeRTOS/Source/stream_buffer.c **** StreamBuffer_t * const pxStreamBuffer = xStreamBuffer;
 719:Middlewares/Third_Party/FreeRTOS/Source/stream_buffer.c **** size_t xReceivedLength = 0, xBytesAvailable, xBytesToStoreMessageLength;
 720:Middlewares/Third_Party/FreeRTOS/Source/stream_buffer.c **** 
 721:Middlewares/Third_Party/FreeRTOS/Source/stream_buffer.c **** 	configASSERT( pvRxData );
 722:Middlewares/Third_Party/FreeRTOS/Source/stream_buffer.c **** 	configASSERT( pxStreamBuffer );
 723:Middlewares/Third_Party/FreeRTOS/Source/stream_buffer.c **** 
 724:Middlewares/Third_Party/FreeRTOS/Source/stream_buffer.c **** 	/* This receive function is used by both message buffers, which store
 725:Middlewares/Third_Party/FreeRTOS/Source/stream_buffer.c **** 	discrete messages, and stream buffers, which store a continuous stream of
 726:Middlewares/Third_Party/FreeRTOS/Source/stream_buffer.c **** 	bytes.  Discrete messages include an additional
 727:Middlewares/Third_Party/FreeRTOS/Source/stream_buffer.c **** 	sbBYTES_TO_STORE_MESSAGE_LENGTH bytes that hold the length of the
 728:Middlewares/Third_Party/FreeRTOS/Source/stream_buffer.c **** 	message. */
 729:Middlewares/Third_Party/FreeRTOS/Source/stream_buffer.c **** 	if( ( pxStreamBuffer->ucFlags & sbFLAGS_IS_MESSAGE_BUFFER ) != ( uint8_t ) 0 )
 730:Middlewares/Third_Party/FreeRTOS/Source/stream_buffer.c **** 	{
 731:Middlewares/Third_Party/FreeRTOS/Source/stream_buffer.c **** 		xBytesToStoreMessageLength = sbBYTES_TO_STORE_MESSAGE_LENGTH;
 732:Middlewares/Third_Party/FreeRTOS/Source/stream_buffer.c **** 	}
 733:Middlewares/Third_Party/FreeRTOS/Source/stream_buffer.c **** 	else
 734:Middlewares/Third_Party/FreeRTOS/Source/stream_buffer.c **** 	{
 735:Middlewares/Third_Party/FreeRTOS/Source/stream_buffer.c **** 		xBytesToStoreMessageLength = 0;
 736:Middlewares/Third_Party/FreeRTOS/Source/stream_buffer.c **** 	}
 737:Middlewares/Third_Party/FreeRTOS/Source/stream_buffer.c **** 
 738:Middlewares/Third_Party/FreeRTOS/Source/stream_buffer.c **** 	if( xTicksToWait != ( TickType_t ) 0 )
 739:Middlewares/Third_Party/FreeRTOS/Source/stream_buffer.c **** 	{
 740:Middlewares/Third_Party/FreeRTOS/Source/stream_buffer.c **** 		/* Checking if there is data and clearing the notification state must be
 741:Middlewares/Third_Party/FreeRTOS/Source/stream_buffer.c **** 		performed atomically. */
 742:Middlewares/Third_Party/FreeRTOS/Source/stream_buffer.c **** 		taskENTER_CRITICAL();
 743:Middlewares/Third_Party/FreeRTOS/Source/stream_buffer.c **** 		{
 744:Middlewares/Third_Party/FreeRTOS/Source/stream_buffer.c **** 			xBytesAvailable = prvBytesInBuffer( pxStreamBuffer );
 745:Middlewares/Third_Party/FreeRTOS/Source/stream_buffer.c **** 
 746:Middlewares/Third_Party/FreeRTOS/Source/stream_buffer.c **** 			/* If this function was invoked by a message buffer read then
 747:Middlewares/Third_Party/FreeRTOS/Source/stream_buffer.c **** 			xBytesToStoreMessageLength holds the number of bytes used to hold
 748:Middlewares/Third_Party/FreeRTOS/Source/stream_buffer.c **** 			the length of the next discrete message.  If this function was
 749:Middlewares/Third_Party/FreeRTOS/Source/stream_buffer.c **** 			invoked by a stream buffer read then xBytesToStoreMessageLength will
 750:Middlewares/Third_Party/FreeRTOS/Source/stream_buffer.c **** 			be 0. */
 751:Middlewares/Third_Party/FreeRTOS/Source/stream_buffer.c **** 			if( xBytesAvailable <= xBytesToStoreMessageLength )
 752:Middlewares/Third_Party/FreeRTOS/Source/stream_buffer.c **** 			{
 753:Middlewares/Third_Party/FreeRTOS/Source/stream_buffer.c **** 				/* Clear notification state as going to wait for data. */
 754:Middlewares/Third_Party/FreeRTOS/Source/stream_buffer.c **** 				( void ) xTaskNotifyStateClear( NULL );
 755:Middlewares/Third_Party/FreeRTOS/Source/stream_buffer.c **** 
 756:Middlewares/Third_Party/FreeRTOS/Source/stream_buffer.c **** 				/* Should only be one reader. */
 757:Middlewares/Third_Party/FreeRTOS/Source/stream_buffer.c **** 				configASSERT( pxStreamBuffer->xTaskWaitingToReceive == NULL );
 758:Middlewares/Third_Party/FreeRTOS/Source/stream_buffer.c **** 				pxStreamBuffer->xTaskWaitingToReceive = xTaskGetCurrentTaskHandle();
 759:Middlewares/Third_Party/FreeRTOS/Source/stream_buffer.c **** 			}
 760:Middlewares/Third_Party/FreeRTOS/Source/stream_buffer.c **** 			else
 761:Middlewares/Third_Party/FreeRTOS/Source/stream_buffer.c **** 			{
 762:Middlewares/Third_Party/FreeRTOS/Source/stream_buffer.c **** 				mtCOVERAGE_TEST_MARKER();
 763:Middlewares/Third_Party/FreeRTOS/Source/stream_buffer.c **** 			}
 764:Middlewares/Third_Party/FreeRTOS/Source/stream_buffer.c **** 		}
 765:Middlewares/Third_Party/FreeRTOS/Source/stream_buffer.c **** 		taskEXIT_CRITICAL();
 766:Middlewares/Third_Party/FreeRTOS/Source/stream_buffer.c **** 
 767:Middlewares/Third_Party/FreeRTOS/Source/stream_buffer.c **** 		if( xBytesAvailable <= xBytesToStoreMessageLength )
 768:Middlewares/Third_Party/FreeRTOS/Source/stream_buffer.c **** 		{
 769:Middlewares/Third_Party/FreeRTOS/Source/stream_buffer.c **** 			/* Wait for data to be available. */
 770:Middlewares/Third_Party/FreeRTOS/Source/stream_buffer.c **** 			traceBLOCKING_ON_STREAM_BUFFER_RECEIVE( xStreamBuffer );
 771:Middlewares/Third_Party/FreeRTOS/Source/stream_buffer.c **** 			( void ) xTaskNotifyWait( ( uint32_t ) 0, ( uint32_t ) 0, NULL, xTicksToWait );
 772:Middlewares/Third_Party/FreeRTOS/Source/stream_buffer.c **** 			pxStreamBuffer->xTaskWaitingToReceive = NULL;
 773:Middlewares/Third_Party/FreeRTOS/Source/stream_buffer.c **** 
ARM GAS  D:\software\msy64\tmp\cc3F8ZqV.s 			page 15


 774:Middlewares/Third_Party/FreeRTOS/Source/stream_buffer.c **** 			/* Recheck the data available after blocking. */
 775:Middlewares/Third_Party/FreeRTOS/Source/stream_buffer.c **** 			xBytesAvailable = prvBytesInBuffer( pxStreamBuffer );
 776:Middlewares/Third_Party/FreeRTOS/Source/stream_buffer.c **** 		}
 777:Middlewares/Third_Party/FreeRTOS/Source/stream_buffer.c **** 		else
 778:Middlewares/Third_Party/FreeRTOS/Source/stream_buffer.c **** 		{
 779:Middlewares/Third_Party/FreeRTOS/Source/stream_buffer.c **** 			mtCOVERAGE_TEST_MARKER();
 780:Middlewares/Third_Party/FreeRTOS/Source/stream_buffer.c **** 		}
 781:Middlewares/Third_Party/FreeRTOS/Source/stream_buffer.c **** 	}
 782:Middlewares/Third_Party/FreeRTOS/Source/stream_buffer.c **** 	else
 783:Middlewares/Third_Party/FreeRTOS/Source/stream_buffer.c **** 	{
 784:Middlewares/Third_Party/FreeRTOS/Source/stream_buffer.c **** 		xBytesAvailable = prvBytesInBuffer( pxStreamBuffer );
 785:Middlewares/Third_Party/FreeRTOS/Source/stream_buffer.c **** 	}
 786:Middlewares/Third_Party/FreeRTOS/Source/stream_buffer.c **** 
 787:Middlewares/Third_Party/FreeRTOS/Source/stream_buffer.c **** 	/* Whether receiving a discrete message (where xBytesToStoreMessageLength
 788:Middlewares/Third_Party/FreeRTOS/Source/stream_buffer.c **** 	holds the number of bytes used to store the message length) or a stream of
 789:Middlewares/Third_Party/FreeRTOS/Source/stream_buffer.c **** 	bytes (where xBytesToStoreMessageLength is zero), the number of bytes
 790:Middlewares/Third_Party/FreeRTOS/Source/stream_buffer.c **** 	available must be greater than xBytesToStoreMessageLength to be able to
 791:Middlewares/Third_Party/FreeRTOS/Source/stream_buffer.c **** 	read bytes from the buffer. */
 792:Middlewares/Third_Party/FreeRTOS/Source/stream_buffer.c **** 	if( xBytesAvailable > xBytesToStoreMessageLength )
 793:Middlewares/Third_Party/FreeRTOS/Source/stream_buffer.c **** 	{
 794:Middlewares/Third_Party/FreeRTOS/Source/stream_buffer.c **** 		xReceivedLength = prvReadMessageFromBuffer( pxStreamBuffer, pvRxData, xBufferLengthBytes, xBytesA
 795:Middlewares/Third_Party/FreeRTOS/Source/stream_buffer.c **** 
 796:Middlewares/Third_Party/FreeRTOS/Source/stream_buffer.c **** 		/* Was a task waiting for space in the buffer? */
 797:Middlewares/Third_Party/FreeRTOS/Source/stream_buffer.c **** 		if( xReceivedLength != ( size_t ) 0 )
 798:Middlewares/Third_Party/FreeRTOS/Source/stream_buffer.c **** 		{
 799:Middlewares/Third_Party/FreeRTOS/Source/stream_buffer.c **** 			traceSTREAM_BUFFER_RECEIVE( xStreamBuffer, xReceivedLength );
 800:Middlewares/Third_Party/FreeRTOS/Source/stream_buffer.c **** 			sbRECEIVE_COMPLETED( pxStreamBuffer );
 801:Middlewares/Third_Party/FreeRTOS/Source/stream_buffer.c **** 		}
 802:Middlewares/Third_Party/FreeRTOS/Source/stream_buffer.c **** 		else
 803:Middlewares/Third_Party/FreeRTOS/Source/stream_buffer.c **** 		{
 804:Middlewares/Third_Party/FreeRTOS/Source/stream_buffer.c **** 			mtCOVERAGE_TEST_MARKER();
 805:Middlewares/Third_Party/FreeRTOS/Source/stream_buffer.c **** 		}
 806:Middlewares/Third_Party/FreeRTOS/Source/stream_buffer.c **** 	}
 807:Middlewares/Third_Party/FreeRTOS/Source/stream_buffer.c **** 	else
 808:Middlewares/Third_Party/FreeRTOS/Source/stream_buffer.c **** 	{
 809:Middlewares/Third_Party/FreeRTOS/Source/stream_buffer.c **** 		traceSTREAM_BUFFER_RECEIVE_FAILED( xStreamBuffer );
 810:Middlewares/Third_Party/FreeRTOS/Source/stream_buffer.c **** 		mtCOVERAGE_TEST_MARKER();
 811:Middlewares/Third_Party/FreeRTOS/Source/stream_buffer.c **** 	}
 812:Middlewares/Third_Party/FreeRTOS/Source/stream_buffer.c **** 
 813:Middlewares/Third_Party/FreeRTOS/Source/stream_buffer.c **** 	return xReceivedLength;
 814:Middlewares/Third_Party/FreeRTOS/Source/stream_buffer.c **** }
 815:Middlewares/Third_Party/FreeRTOS/Source/stream_buffer.c **** /*-----------------------------------------------------------*/
 816:Middlewares/Third_Party/FreeRTOS/Source/stream_buffer.c **** 
 817:Middlewares/Third_Party/FreeRTOS/Source/stream_buffer.c **** size_t xStreamBufferNextMessageLengthBytes( StreamBufferHandle_t xStreamBuffer )
 818:Middlewares/Third_Party/FreeRTOS/Source/stream_buffer.c **** {
 819:Middlewares/Third_Party/FreeRTOS/Source/stream_buffer.c **** StreamBuffer_t * const pxStreamBuffer = xStreamBuffer;
 820:Middlewares/Third_Party/FreeRTOS/Source/stream_buffer.c **** size_t xReturn, xBytesAvailable, xOriginalTail;
 821:Middlewares/Third_Party/FreeRTOS/Source/stream_buffer.c **** configMESSAGE_BUFFER_LENGTH_TYPE xTempReturn;
 822:Middlewares/Third_Party/FreeRTOS/Source/stream_buffer.c **** 
 823:Middlewares/Third_Party/FreeRTOS/Source/stream_buffer.c **** 	configASSERT( pxStreamBuffer );
 824:Middlewares/Third_Party/FreeRTOS/Source/stream_buffer.c **** 
 825:Middlewares/Third_Party/FreeRTOS/Source/stream_buffer.c **** 	/* Ensure the stream buffer is being used as a message buffer. */
 826:Middlewares/Third_Party/FreeRTOS/Source/stream_buffer.c **** 	if( ( pxStreamBuffer->ucFlags & sbFLAGS_IS_MESSAGE_BUFFER ) != ( uint8_t ) 0 )
 827:Middlewares/Third_Party/FreeRTOS/Source/stream_buffer.c **** 	{
 828:Middlewares/Third_Party/FreeRTOS/Source/stream_buffer.c **** 		xBytesAvailable = prvBytesInBuffer( pxStreamBuffer );
 829:Middlewares/Third_Party/FreeRTOS/Source/stream_buffer.c **** 		if( xBytesAvailable > sbBYTES_TO_STORE_MESSAGE_LENGTH )
 830:Middlewares/Third_Party/FreeRTOS/Source/stream_buffer.c **** 		{
ARM GAS  D:\software\msy64\tmp\cc3F8ZqV.s 			page 16


 831:Middlewares/Third_Party/FreeRTOS/Source/stream_buffer.c **** 			/* The number of bytes available is greater than the number of bytes
 832:Middlewares/Third_Party/FreeRTOS/Source/stream_buffer.c **** 			required to hold the length of the next message, so another message
 833:Middlewares/Third_Party/FreeRTOS/Source/stream_buffer.c **** 			is available.  Return its length without removing the length bytes
 834:Middlewares/Third_Party/FreeRTOS/Source/stream_buffer.c **** 			from the buffer.  A copy of the tail is stored so the buffer can be
 835:Middlewares/Third_Party/FreeRTOS/Source/stream_buffer.c **** 			returned to its prior state as the message is not actually being
 836:Middlewares/Third_Party/FreeRTOS/Source/stream_buffer.c **** 			removed from the buffer. */
 837:Middlewares/Third_Party/FreeRTOS/Source/stream_buffer.c **** 			xOriginalTail = pxStreamBuffer->xTail;
 838:Middlewares/Third_Party/FreeRTOS/Source/stream_buffer.c **** 			( void ) prvReadBytesFromBuffer( pxStreamBuffer, ( uint8_t * ) &xTempReturn, sbBYTES_TO_STORE_ME
 839:Middlewares/Third_Party/FreeRTOS/Source/stream_buffer.c **** 			xReturn = ( size_t ) xTempReturn;
 840:Middlewares/Third_Party/FreeRTOS/Source/stream_buffer.c **** 			pxStreamBuffer->xTail = xOriginalTail;
 841:Middlewares/Third_Party/FreeRTOS/Source/stream_buffer.c **** 		}
 842:Middlewares/Third_Party/FreeRTOS/Source/stream_buffer.c **** 		else
 843:Middlewares/Third_Party/FreeRTOS/Source/stream_buffer.c **** 		{
 844:Middlewares/Third_Party/FreeRTOS/Source/stream_buffer.c **** 			/* The minimum amount of bytes in a message buffer is
 845:Middlewares/Third_Party/FreeRTOS/Source/stream_buffer.c **** 			( sbBYTES_TO_STORE_MESSAGE_LENGTH + 1 ), so if xBytesAvailable is
 846:Middlewares/Third_Party/FreeRTOS/Source/stream_buffer.c **** 			less than sbBYTES_TO_STORE_MESSAGE_LENGTH the only other valid
 847:Middlewares/Third_Party/FreeRTOS/Source/stream_buffer.c **** 			value is 0. */
 848:Middlewares/Third_Party/FreeRTOS/Source/stream_buffer.c **** 			configASSERT( xBytesAvailable == 0 );
 849:Middlewares/Third_Party/FreeRTOS/Source/stream_buffer.c **** 			xReturn = 0;
 850:Middlewares/Third_Party/FreeRTOS/Source/stream_buffer.c **** 		}
 851:Middlewares/Third_Party/FreeRTOS/Source/stream_buffer.c **** 	}
 852:Middlewares/Third_Party/FreeRTOS/Source/stream_buffer.c **** 	else
 853:Middlewares/Third_Party/FreeRTOS/Source/stream_buffer.c **** 	{
 854:Middlewares/Third_Party/FreeRTOS/Source/stream_buffer.c **** 		xReturn = 0;
 855:Middlewares/Third_Party/FreeRTOS/Source/stream_buffer.c **** 	}
 856:Middlewares/Third_Party/FreeRTOS/Source/stream_buffer.c **** 
 857:Middlewares/Third_Party/FreeRTOS/Source/stream_buffer.c **** 	return xReturn;
 858:Middlewares/Third_Party/FreeRTOS/Source/stream_buffer.c **** }
 859:Middlewares/Third_Party/FreeRTOS/Source/stream_buffer.c **** /*-----------------------------------------------------------*/
 860:Middlewares/Third_Party/FreeRTOS/Source/stream_buffer.c **** 
 861:Middlewares/Third_Party/FreeRTOS/Source/stream_buffer.c **** size_t xStreamBufferReceiveFromISR( StreamBufferHandle_t xStreamBuffer,
 862:Middlewares/Third_Party/FreeRTOS/Source/stream_buffer.c **** 									void *pvRxData,
 863:Middlewares/Third_Party/FreeRTOS/Source/stream_buffer.c **** 									size_t xBufferLengthBytes,
 864:Middlewares/Third_Party/FreeRTOS/Source/stream_buffer.c **** 									BaseType_t * const pxHigherPriorityTaskWoken )
 865:Middlewares/Third_Party/FreeRTOS/Source/stream_buffer.c **** {
 866:Middlewares/Third_Party/FreeRTOS/Source/stream_buffer.c **** StreamBuffer_t * const pxStreamBuffer = xStreamBuffer;
 867:Middlewares/Third_Party/FreeRTOS/Source/stream_buffer.c **** size_t xReceivedLength = 0, xBytesAvailable, xBytesToStoreMessageLength;
 868:Middlewares/Third_Party/FreeRTOS/Source/stream_buffer.c **** 
 869:Middlewares/Third_Party/FreeRTOS/Source/stream_buffer.c **** 	configASSERT( pvRxData );
 870:Middlewares/Third_Party/FreeRTOS/Source/stream_buffer.c **** 	configASSERT( pxStreamBuffer );
 871:Middlewares/Third_Party/FreeRTOS/Source/stream_buffer.c **** 
 872:Middlewares/Third_Party/FreeRTOS/Source/stream_buffer.c **** 	/* This receive function is used by both message buffers, which store
 873:Middlewares/Third_Party/FreeRTOS/Source/stream_buffer.c **** 	discrete messages, and stream buffers, which store a continuous stream of
 874:Middlewares/Third_Party/FreeRTOS/Source/stream_buffer.c **** 	bytes.  Discrete messages include an additional
 875:Middlewares/Third_Party/FreeRTOS/Source/stream_buffer.c **** 	sbBYTES_TO_STORE_MESSAGE_LENGTH bytes that hold the length of the
 876:Middlewares/Third_Party/FreeRTOS/Source/stream_buffer.c **** 	message. */
 877:Middlewares/Third_Party/FreeRTOS/Source/stream_buffer.c **** 	if( ( pxStreamBuffer->ucFlags & sbFLAGS_IS_MESSAGE_BUFFER ) != ( uint8_t ) 0 )
 878:Middlewares/Third_Party/FreeRTOS/Source/stream_buffer.c **** 	{
 879:Middlewares/Third_Party/FreeRTOS/Source/stream_buffer.c **** 		xBytesToStoreMessageLength = sbBYTES_TO_STORE_MESSAGE_LENGTH;
 880:Middlewares/Third_Party/FreeRTOS/Source/stream_buffer.c **** 	}
 881:Middlewares/Third_Party/FreeRTOS/Source/stream_buffer.c **** 	else
 882:Middlewares/Third_Party/FreeRTOS/Source/stream_buffer.c **** 	{
 883:Middlewares/Third_Party/FreeRTOS/Source/stream_buffer.c **** 		xBytesToStoreMessageLength = 0;
 884:Middlewares/Third_Party/FreeRTOS/Source/stream_buffer.c **** 	}
 885:Middlewares/Third_Party/FreeRTOS/Source/stream_buffer.c **** 
 886:Middlewares/Third_Party/FreeRTOS/Source/stream_buffer.c **** 	xBytesAvailable = prvBytesInBuffer( pxStreamBuffer );
 887:Middlewares/Third_Party/FreeRTOS/Source/stream_buffer.c **** 
ARM GAS  D:\software\msy64\tmp\cc3F8ZqV.s 			page 17


 888:Middlewares/Third_Party/FreeRTOS/Source/stream_buffer.c **** 	/* Whether receiving a discrete message (where xBytesToStoreMessageLength
 889:Middlewares/Third_Party/FreeRTOS/Source/stream_buffer.c **** 	holds the number of bytes used to store the message length) or a stream of
 890:Middlewares/Third_Party/FreeRTOS/Source/stream_buffer.c **** 	bytes (where xBytesToStoreMessageLength is zero), the number of bytes
 891:Middlewares/Third_Party/FreeRTOS/Source/stream_buffer.c **** 	available must be greater than xBytesToStoreMessageLength to be able to
 892:Middlewares/Third_Party/FreeRTOS/Source/stream_buffer.c **** 	read bytes from the buffer. */
 893:Middlewares/Third_Party/FreeRTOS/Source/stream_buffer.c **** 	if( xBytesAvailable > xBytesToStoreMessageLength )
 894:Middlewares/Third_Party/FreeRTOS/Source/stream_buffer.c **** 	{
 895:Middlewares/Third_Party/FreeRTOS/Source/stream_buffer.c **** 		xReceivedLength = prvReadMessageFromBuffer( pxStreamBuffer, pvRxData, xBufferLengthBytes, xBytesA
 896:Middlewares/Third_Party/FreeRTOS/Source/stream_buffer.c **** 
 897:Middlewares/Third_Party/FreeRTOS/Source/stream_buffer.c **** 		/* Was a task waiting for space in the buffer? */
 898:Middlewares/Third_Party/FreeRTOS/Source/stream_buffer.c **** 		if( xReceivedLength != ( size_t ) 0 )
 899:Middlewares/Third_Party/FreeRTOS/Source/stream_buffer.c **** 		{
 900:Middlewares/Third_Party/FreeRTOS/Source/stream_buffer.c **** 			sbRECEIVE_COMPLETED_FROM_ISR( pxStreamBuffer, pxHigherPriorityTaskWoken );
 901:Middlewares/Third_Party/FreeRTOS/Source/stream_buffer.c **** 		}
 902:Middlewares/Third_Party/FreeRTOS/Source/stream_buffer.c **** 		else
 903:Middlewares/Third_Party/FreeRTOS/Source/stream_buffer.c **** 		{
 904:Middlewares/Third_Party/FreeRTOS/Source/stream_buffer.c **** 			mtCOVERAGE_TEST_MARKER();
 905:Middlewares/Third_Party/FreeRTOS/Source/stream_buffer.c **** 		}
 906:Middlewares/Third_Party/FreeRTOS/Source/stream_buffer.c **** 	}
 907:Middlewares/Third_Party/FreeRTOS/Source/stream_buffer.c **** 	else
 908:Middlewares/Third_Party/FreeRTOS/Source/stream_buffer.c **** 	{
 909:Middlewares/Third_Party/FreeRTOS/Source/stream_buffer.c **** 		mtCOVERAGE_TEST_MARKER();
 910:Middlewares/Third_Party/FreeRTOS/Source/stream_buffer.c **** 	}
 911:Middlewares/Third_Party/FreeRTOS/Source/stream_buffer.c **** 
 912:Middlewares/Third_Party/FreeRTOS/Source/stream_buffer.c **** 	traceSTREAM_BUFFER_RECEIVE_FROM_ISR( xStreamBuffer, xReceivedLength );
 913:Middlewares/Third_Party/FreeRTOS/Source/stream_buffer.c **** 
 914:Middlewares/Third_Party/FreeRTOS/Source/stream_buffer.c **** 	return xReceivedLength;
 915:Middlewares/Third_Party/FreeRTOS/Source/stream_buffer.c **** }
 916:Middlewares/Third_Party/FreeRTOS/Source/stream_buffer.c **** /*-----------------------------------------------------------*/
 917:Middlewares/Third_Party/FreeRTOS/Source/stream_buffer.c **** 
 918:Middlewares/Third_Party/FreeRTOS/Source/stream_buffer.c **** static size_t prvReadMessageFromBuffer( StreamBuffer_t *pxStreamBuffer,
 919:Middlewares/Third_Party/FreeRTOS/Source/stream_buffer.c **** 										void *pvRxData,
 920:Middlewares/Third_Party/FreeRTOS/Source/stream_buffer.c **** 										size_t xBufferLengthBytes,
 921:Middlewares/Third_Party/FreeRTOS/Source/stream_buffer.c **** 										size_t xBytesAvailable,
 922:Middlewares/Third_Party/FreeRTOS/Source/stream_buffer.c **** 										size_t xBytesToStoreMessageLength )
 923:Middlewares/Third_Party/FreeRTOS/Source/stream_buffer.c **** {
 924:Middlewares/Third_Party/FreeRTOS/Source/stream_buffer.c **** size_t xOriginalTail, xReceivedLength, xNextMessageLength;
 925:Middlewares/Third_Party/FreeRTOS/Source/stream_buffer.c **** configMESSAGE_BUFFER_LENGTH_TYPE xTempNextMessageLength;
 926:Middlewares/Third_Party/FreeRTOS/Source/stream_buffer.c **** 
 927:Middlewares/Third_Party/FreeRTOS/Source/stream_buffer.c **** 	if( xBytesToStoreMessageLength != ( size_t ) 0 )
 928:Middlewares/Third_Party/FreeRTOS/Source/stream_buffer.c **** 	{
 929:Middlewares/Third_Party/FreeRTOS/Source/stream_buffer.c **** 		/* A discrete message is being received.  First receive the length
 930:Middlewares/Third_Party/FreeRTOS/Source/stream_buffer.c **** 		of the message.  A copy of the tail is stored so the buffer can be
 931:Middlewares/Third_Party/FreeRTOS/Source/stream_buffer.c **** 		returned to its prior state if the length of the message is too
 932:Middlewares/Third_Party/FreeRTOS/Source/stream_buffer.c **** 		large for the provided buffer. */
 933:Middlewares/Third_Party/FreeRTOS/Source/stream_buffer.c **** 		xOriginalTail = pxStreamBuffer->xTail;
 934:Middlewares/Third_Party/FreeRTOS/Source/stream_buffer.c **** 		( void ) prvReadBytesFromBuffer( pxStreamBuffer, ( uint8_t * ) &xTempNextMessageLength, xBytesToS
 935:Middlewares/Third_Party/FreeRTOS/Source/stream_buffer.c **** 		xNextMessageLength = ( size_t ) xTempNextMessageLength;
 936:Middlewares/Third_Party/FreeRTOS/Source/stream_buffer.c **** 
 937:Middlewares/Third_Party/FreeRTOS/Source/stream_buffer.c **** 		/* Reduce the number of bytes available by the number of bytes just
 938:Middlewares/Third_Party/FreeRTOS/Source/stream_buffer.c **** 		read out. */
 939:Middlewares/Third_Party/FreeRTOS/Source/stream_buffer.c **** 		xBytesAvailable -= xBytesToStoreMessageLength;
 940:Middlewares/Third_Party/FreeRTOS/Source/stream_buffer.c **** 
 941:Middlewares/Third_Party/FreeRTOS/Source/stream_buffer.c **** 		/* Check there is enough space in the buffer provided by the
 942:Middlewares/Third_Party/FreeRTOS/Source/stream_buffer.c **** 		user. */
 943:Middlewares/Third_Party/FreeRTOS/Source/stream_buffer.c **** 		if( xNextMessageLength > xBufferLengthBytes )
 944:Middlewares/Third_Party/FreeRTOS/Source/stream_buffer.c **** 		{
ARM GAS  D:\software\msy64\tmp\cc3F8ZqV.s 			page 18


 945:Middlewares/Third_Party/FreeRTOS/Source/stream_buffer.c **** 			/* The user has provided insufficient space to read the message
 946:Middlewares/Third_Party/FreeRTOS/Source/stream_buffer.c **** 			so return the buffer to its previous state (so the length of
 947:Middlewares/Third_Party/FreeRTOS/Source/stream_buffer.c **** 			the message is in the buffer again). */
 948:Middlewares/Third_Party/FreeRTOS/Source/stream_buffer.c **** 			pxStreamBuffer->xTail = xOriginalTail;
 949:Middlewares/Third_Party/FreeRTOS/Source/stream_buffer.c **** 			xNextMessageLength = 0;
 950:Middlewares/Third_Party/FreeRTOS/Source/stream_buffer.c **** 		}
 951:Middlewares/Third_Party/FreeRTOS/Source/stream_buffer.c **** 		else
 952:Middlewares/Third_Party/FreeRTOS/Source/stream_buffer.c **** 		{
 953:Middlewares/Third_Party/FreeRTOS/Source/stream_buffer.c **** 			mtCOVERAGE_TEST_MARKER();
 954:Middlewares/Third_Party/FreeRTOS/Source/stream_buffer.c **** 		}
 955:Middlewares/Third_Party/FreeRTOS/Source/stream_buffer.c **** 	}
 956:Middlewares/Third_Party/FreeRTOS/Source/stream_buffer.c **** 	else
 957:Middlewares/Third_Party/FreeRTOS/Source/stream_buffer.c **** 	{
 958:Middlewares/Third_Party/FreeRTOS/Source/stream_buffer.c **** 		/* A stream of bytes is being received (as opposed to a discrete
 959:Middlewares/Third_Party/FreeRTOS/Source/stream_buffer.c **** 		message), so read as many bytes as possible. */
 960:Middlewares/Third_Party/FreeRTOS/Source/stream_buffer.c **** 		xNextMessageLength = xBufferLengthBytes;
 961:Middlewares/Third_Party/FreeRTOS/Source/stream_buffer.c **** 	}
 962:Middlewares/Third_Party/FreeRTOS/Source/stream_buffer.c **** 
 963:Middlewares/Third_Party/FreeRTOS/Source/stream_buffer.c **** 	/* Read the actual data. */
 964:Middlewares/Third_Party/FreeRTOS/Source/stream_buffer.c **** 	xReceivedLength = prvReadBytesFromBuffer( pxStreamBuffer, ( uint8_t * ) pvRxData, xNextMessageLeng
 965:Middlewares/Third_Party/FreeRTOS/Source/stream_buffer.c **** 
 966:Middlewares/Third_Party/FreeRTOS/Source/stream_buffer.c **** 	return xReceivedLength;
 967:Middlewares/Third_Party/FreeRTOS/Source/stream_buffer.c **** }
 968:Middlewares/Third_Party/FreeRTOS/Source/stream_buffer.c **** /*-----------------------------------------------------------*/
 969:Middlewares/Third_Party/FreeRTOS/Source/stream_buffer.c **** 
 970:Middlewares/Third_Party/FreeRTOS/Source/stream_buffer.c **** BaseType_t xStreamBufferIsEmpty( StreamBufferHandle_t xStreamBuffer )
 971:Middlewares/Third_Party/FreeRTOS/Source/stream_buffer.c **** {
 972:Middlewares/Third_Party/FreeRTOS/Source/stream_buffer.c **** const StreamBuffer_t * const pxStreamBuffer = xStreamBuffer;
 973:Middlewares/Third_Party/FreeRTOS/Source/stream_buffer.c **** BaseType_t xReturn;
 974:Middlewares/Third_Party/FreeRTOS/Source/stream_buffer.c **** size_t xTail;
 975:Middlewares/Third_Party/FreeRTOS/Source/stream_buffer.c **** 
 976:Middlewares/Third_Party/FreeRTOS/Source/stream_buffer.c **** 	configASSERT( pxStreamBuffer );
 977:Middlewares/Third_Party/FreeRTOS/Source/stream_buffer.c **** 
 978:Middlewares/Third_Party/FreeRTOS/Source/stream_buffer.c **** 	/* True if no bytes are available. */
 979:Middlewares/Third_Party/FreeRTOS/Source/stream_buffer.c **** 	xTail = pxStreamBuffer->xTail;
 980:Middlewares/Third_Party/FreeRTOS/Source/stream_buffer.c **** 	if( pxStreamBuffer->xHead == xTail )
 981:Middlewares/Third_Party/FreeRTOS/Source/stream_buffer.c **** 	{
 982:Middlewares/Third_Party/FreeRTOS/Source/stream_buffer.c **** 		xReturn = pdTRUE;
 983:Middlewares/Third_Party/FreeRTOS/Source/stream_buffer.c **** 	}
 984:Middlewares/Third_Party/FreeRTOS/Source/stream_buffer.c **** 	else
 985:Middlewares/Third_Party/FreeRTOS/Source/stream_buffer.c **** 	{
 986:Middlewares/Third_Party/FreeRTOS/Source/stream_buffer.c **** 		xReturn = pdFALSE;
 987:Middlewares/Third_Party/FreeRTOS/Source/stream_buffer.c **** 	}
 988:Middlewares/Third_Party/FreeRTOS/Source/stream_buffer.c **** 
 989:Middlewares/Third_Party/FreeRTOS/Source/stream_buffer.c **** 	return xReturn;
 990:Middlewares/Third_Party/FreeRTOS/Source/stream_buffer.c **** }
 991:Middlewares/Third_Party/FreeRTOS/Source/stream_buffer.c **** /*-----------------------------------------------------------*/
 992:Middlewares/Third_Party/FreeRTOS/Source/stream_buffer.c **** 
 993:Middlewares/Third_Party/FreeRTOS/Source/stream_buffer.c **** BaseType_t xStreamBufferIsFull( StreamBufferHandle_t xStreamBuffer )
 994:Middlewares/Third_Party/FreeRTOS/Source/stream_buffer.c **** {
 995:Middlewares/Third_Party/FreeRTOS/Source/stream_buffer.c **** BaseType_t xReturn;
 996:Middlewares/Third_Party/FreeRTOS/Source/stream_buffer.c **** size_t xBytesToStoreMessageLength;
 997:Middlewares/Third_Party/FreeRTOS/Source/stream_buffer.c **** const StreamBuffer_t * const pxStreamBuffer = xStreamBuffer;
 998:Middlewares/Third_Party/FreeRTOS/Source/stream_buffer.c **** 
 999:Middlewares/Third_Party/FreeRTOS/Source/stream_buffer.c **** 	configASSERT( pxStreamBuffer );
1000:Middlewares/Third_Party/FreeRTOS/Source/stream_buffer.c **** 
1001:Middlewares/Third_Party/FreeRTOS/Source/stream_buffer.c **** 	/* This generic version of the receive function is used by both message
ARM GAS  D:\software\msy64\tmp\cc3F8ZqV.s 			page 19


1002:Middlewares/Third_Party/FreeRTOS/Source/stream_buffer.c **** 	buffers, which store discrete messages, and stream buffers, which store a
1003:Middlewares/Third_Party/FreeRTOS/Source/stream_buffer.c **** 	continuous stream of bytes.  Discrete messages include an additional
1004:Middlewares/Third_Party/FreeRTOS/Source/stream_buffer.c **** 	sbBYTES_TO_STORE_MESSAGE_LENGTH bytes that hold the length of the message. */
1005:Middlewares/Third_Party/FreeRTOS/Source/stream_buffer.c **** 	if( ( pxStreamBuffer->ucFlags & sbFLAGS_IS_MESSAGE_BUFFER ) != ( uint8_t ) 0 )
1006:Middlewares/Third_Party/FreeRTOS/Source/stream_buffer.c **** 	{
1007:Middlewares/Third_Party/FreeRTOS/Source/stream_buffer.c **** 		xBytesToStoreMessageLength = sbBYTES_TO_STORE_MESSAGE_LENGTH;
1008:Middlewares/Third_Party/FreeRTOS/Source/stream_buffer.c **** 	}
1009:Middlewares/Third_Party/FreeRTOS/Source/stream_buffer.c **** 	else
1010:Middlewares/Third_Party/FreeRTOS/Source/stream_buffer.c **** 	{
1011:Middlewares/Third_Party/FreeRTOS/Source/stream_buffer.c **** 		xBytesToStoreMessageLength = 0;
1012:Middlewares/Third_Party/FreeRTOS/Source/stream_buffer.c **** 	}
1013:Middlewares/Third_Party/FreeRTOS/Source/stream_buffer.c **** 
1014:Middlewares/Third_Party/FreeRTOS/Source/stream_buffer.c **** 	/* True if the available space equals zero. */
1015:Middlewares/Third_Party/FreeRTOS/Source/stream_buffer.c **** 	if( xStreamBufferSpacesAvailable( xStreamBuffer ) <= xBytesToStoreMessageLength )
1016:Middlewares/Third_Party/FreeRTOS/Source/stream_buffer.c **** 	{
1017:Middlewares/Third_Party/FreeRTOS/Source/stream_buffer.c **** 		xReturn = pdTRUE;
1018:Middlewares/Third_Party/FreeRTOS/Source/stream_buffer.c **** 	}
1019:Middlewares/Third_Party/FreeRTOS/Source/stream_buffer.c **** 	else
1020:Middlewares/Third_Party/FreeRTOS/Source/stream_buffer.c **** 	{
1021:Middlewares/Third_Party/FreeRTOS/Source/stream_buffer.c **** 		xReturn = pdFALSE;
1022:Middlewares/Third_Party/FreeRTOS/Source/stream_buffer.c **** 	}
1023:Middlewares/Third_Party/FreeRTOS/Source/stream_buffer.c **** 
1024:Middlewares/Third_Party/FreeRTOS/Source/stream_buffer.c **** 	return xReturn;
1025:Middlewares/Third_Party/FreeRTOS/Source/stream_buffer.c **** }
1026:Middlewares/Third_Party/FreeRTOS/Source/stream_buffer.c **** /*-----------------------------------------------------------*/
1027:Middlewares/Third_Party/FreeRTOS/Source/stream_buffer.c **** 
1028:Middlewares/Third_Party/FreeRTOS/Source/stream_buffer.c **** BaseType_t xStreamBufferSendCompletedFromISR( StreamBufferHandle_t xStreamBuffer, BaseType_t *pxHig
1029:Middlewares/Third_Party/FreeRTOS/Source/stream_buffer.c **** {
1030:Middlewares/Third_Party/FreeRTOS/Source/stream_buffer.c **** StreamBuffer_t * const pxStreamBuffer = xStreamBuffer;
1031:Middlewares/Third_Party/FreeRTOS/Source/stream_buffer.c **** BaseType_t xReturn;
1032:Middlewares/Third_Party/FreeRTOS/Source/stream_buffer.c **** UBaseType_t uxSavedInterruptStatus;
1033:Middlewares/Third_Party/FreeRTOS/Source/stream_buffer.c **** 
1034:Middlewares/Third_Party/FreeRTOS/Source/stream_buffer.c **** 	configASSERT( pxStreamBuffer );
1035:Middlewares/Third_Party/FreeRTOS/Source/stream_buffer.c **** 
1036:Middlewares/Third_Party/FreeRTOS/Source/stream_buffer.c **** 	uxSavedInterruptStatus = ( UBaseType_t ) portSET_INTERRUPT_MASK_FROM_ISR();
1037:Middlewares/Third_Party/FreeRTOS/Source/stream_buffer.c **** 	{
1038:Middlewares/Third_Party/FreeRTOS/Source/stream_buffer.c **** 		if( ( pxStreamBuffer )->xTaskWaitingToReceive != NULL )
1039:Middlewares/Third_Party/FreeRTOS/Source/stream_buffer.c **** 		{
1040:Middlewares/Third_Party/FreeRTOS/Source/stream_buffer.c **** 			( void ) xTaskNotifyFromISR( ( pxStreamBuffer )->xTaskWaitingToReceive,
1041:Middlewares/Third_Party/FreeRTOS/Source/stream_buffer.c **** 										 ( uint32_t ) 0,
1042:Middlewares/Third_Party/FreeRTOS/Source/stream_buffer.c **** 										 eNoAction,
1043:Middlewares/Third_Party/FreeRTOS/Source/stream_buffer.c **** 										 pxHigherPriorityTaskWoken );
1044:Middlewares/Third_Party/FreeRTOS/Source/stream_buffer.c **** 			( pxStreamBuffer )->xTaskWaitingToReceive = NULL;
1045:Middlewares/Third_Party/FreeRTOS/Source/stream_buffer.c **** 			xReturn = pdTRUE;
1046:Middlewares/Third_Party/FreeRTOS/Source/stream_buffer.c **** 		}
1047:Middlewares/Third_Party/FreeRTOS/Source/stream_buffer.c **** 		else
1048:Middlewares/Third_Party/FreeRTOS/Source/stream_buffer.c **** 		{
1049:Middlewares/Third_Party/FreeRTOS/Source/stream_buffer.c **** 			xReturn = pdFALSE;
1050:Middlewares/Third_Party/FreeRTOS/Source/stream_buffer.c **** 		}
1051:Middlewares/Third_Party/FreeRTOS/Source/stream_buffer.c **** 	}
1052:Middlewares/Third_Party/FreeRTOS/Source/stream_buffer.c **** 	portCLEAR_INTERRUPT_MASK_FROM_ISR( uxSavedInterruptStatus );
1053:Middlewares/Third_Party/FreeRTOS/Source/stream_buffer.c **** 
1054:Middlewares/Third_Party/FreeRTOS/Source/stream_buffer.c **** 	return xReturn;
1055:Middlewares/Third_Party/FreeRTOS/Source/stream_buffer.c **** }
1056:Middlewares/Third_Party/FreeRTOS/Source/stream_buffer.c **** /*-----------------------------------------------------------*/
1057:Middlewares/Third_Party/FreeRTOS/Source/stream_buffer.c **** 
1058:Middlewares/Third_Party/FreeRTOS/Source/stream_buffer.c **** BaseType_t xStreamBufferReceiveCompletedFromISR( StreamBufferHandle_t xStreamBuffer, BaseType_t *px
ARM GAS  D:\software\msy64\tmp\cc3F8ZqV.s 			page 20


1059:Middlewares/Third_Party/FreeRTOS/Source/stream_buffer.c **** {
1060:Middlewares/Third_Party/FreeRTOS/Source/stream_buffer.c **** StreamBuffer_t * const pxStreamBuffer = xStreamBuffer;
1061:Middlewares/Third_Party/FreeRTOS/Source/stream_buffer.c **** BaseType_t xReturn;
1062:Middlewares/Third_Party/FreeRTOS/Source/stream_buffer.c **** UBaseType_t uxSavedInterruptStatus;
1063:Middlewares/Third_Party/FreeRTOS/Source/stream_buffer.c **** 
1064:Middlewares/Third_Party/FreeRTOS/Source/stream_buffer.c **** 	configASSERT( pxStreamBuffer );
1065:Middlewares/Third_Party/FreeRTOS/Source/stream_buffer.c **** 
1066:Middlewares/Third_Party/FreeRTOS/Source/stream_buffer.c **** 	uxSavedInterruptStatus = ( UBaseType_t ) portSET_INTERRUPT_MASK_FROM_ISR();
1067:Middlewares/Third_Party/FreeRTOS/Source/stream_buffer.c **** 	{
1068:Middlewares/Third_Party/FreeRTOS/Source/stream_buffer.c **** 		if( ( pxStreamBuffer )->xTaskWaitingToSend != NULL )
1069:Middlewares/Third_Party/FreeRTOS/Source/stream_buffer.c **** 		{
1070:Middlewares/Third_Party/FreeRTOS/Source/stream_buffer.c **** 			( void ) xTaskNotifyFromISR( ( pxStreamBuffer )->xTaskWaitingToSend,
1071:Middlewares/Third_Party/FreeRTOS/Source/stream_buffer.c **** 										 ( uint32_t ) 0,
1072:Middlewares/Third_Party/FreeRTOS/Source/stream_buffer.c **** 										 eNoAction,
1073:Middlewares/Third_Party/FreeRTOS/Source/stream_buffer.c **** 										 pxHigherPriorityTaskWoken );
1074:Middlewares/Third_Party/FreeRTOS/Source/stream_buffer.c **** 			( pxStreamBuffer )->xTaskWaitingToSend = NULL;
1075:Middlewares/Third_Party/FreeRTOS/Source/stream_buffer.c **** 			xReturn = pdTRUE;
1076:Middlewares/Third_Party/FreeRTOS/Source/stream_buffer.c **** 		}
1077:Middlewares/Third_Party/FreeRTOS/Source/stream_buffer.c **** 		else
1078:Middlewares/Third_Party/FreeRTOS/Source/stream_buffer.c **** 		{
1079:Middlewares/Third_Party/FreeRTOS/Source/stream_buffer.c **** 			xReturn = pdFALSE;
1080:Middlewares/Third_Party/FreeRTOS/Source/stream_buffer.c **** 		}
1081:Middlewares/Third_Party/FreeRTOS/Source/stream_buffer.c **** 	}
1082:Middlewares/Third_Party/FreeRTOS/Source/stream_buffer.c **** 	portCLEAR_INTERRUPT_MASK_FROM_ISR( uxSavedInterruptStatus );
1083:Middlewares/Third_Party/FreeRTOS/Source/stream_buffer.c **** 
1084:Middlewares/Third_Party/FreeRTOS/Source/stream_buffer.c **** 	return xReturn;
1085:Middlewares/Third_Party/FreeRTOS/Source/stream_buffer.c **** }
1086:Middlewares/Third_Party/FreeRTOS/Source/stream_buffer.c **** /*-----------------------------------------------------------*/
1087:Middlewares/Third_Party/FreeRTOS/Source/stream_buffer.c **** 
1088:Middlewares/Third_Party/FreeRTOS/Source/stream_buffer.c **** static size_t prvWriteBytesToBuffer( StreamBuffer_t * const pxStreamBuffer, const uint8_t *pucData,
1089:Middlewares/Third_Party/FreeRTOS/Source/stream_buffer.c **** {
1090:Middlewares/Third_Party/FreeRTOS/Source/stream_buffer.c **** size_t xNextHead, xFirstLength;
1091:Middlewares/Third_Party/FreeRTOS/Source/stream_buffer.c **** 
1092:Middlewares/Third_Party/FreeRTOS/Source/stream_buffer.c **** 	configASSERT( xCount > ( size_t ) 0 );
1093:Middlewares/Third_Party/FreeRTOS/Source/stream_buffer.c **** 
1094:Middlewares/Third_Party/FreeRTOS/Source/stream_buffer.c **** 	xNextHead = pxStreamBuffer->xHead;
1095:Middlewares/Third_Party/FreeRTOS/Source/stream_buffer.c **** 
1096:Middlewares/Third_Party/FreeRTOS/Source/stream_buffer.c **** 	/* Calculate the number of bytes that can be added in the first write -
1097:Middlewares/Third_Party/FreeRTOS/Source/stream_buffer.c **** 	which may be less than the total number of bytes that need to be added if
1098:Middlewares/Third_Party/FreeRTOS/Source/stream_buffer.c **** 	the buffer will wrap back to the beginning. */
1099:Middlewares/Third_Party/FreeRTOS/Source/stream_buffer.c **** 	xFirstLength = configMIN( pxStreamBuffer->xLength - xNextHead, xCount );
1100:Middlewares/Third_Party/FreeRTOS/Source/stream_buffer.c **** 
1101:Middlewares/Third_Party/FreeRTOS/Source/stream_buffer.c **** 	/* Write as many bytes as can be written in the first write. */
1102:Middlewares/Third_Party/FreeRTOS/Source/stream_buffer.c **** 	configASSERT( ( xNextHead + xFirstLength ) <= pxStreamBuffer->xLength );
1103:Middlewares/Third_Party/FreeRTOS/Source/stream_buffer.c **** 	( void ) memcpy( ( void* ) ( &( pxStreamBuffer->pucBuffer[ xNextHead ] ) ), ( const void * ) pucDa
1104:Middlewares/Third_Party/FreeRTOS/Source/stream_buffer.c **** 
1105:Middlewares/Third_Party/FreeRTOS/Source/stream_buffer.c **** 	/* If the number of bytes written was less than the number that could be
1106:Middlewares/Third_Party/FreeRTOS/Source/stream_buffer.c **** 	written in the first write... */
1107:Middlewares/Third_Party/FreeRTOS/Source/stream_buffer.c **** 	if( xCount > xFirstLength )
1108:Middlewares/Third_Party/FreeRTOS/Source/stream_buffer.c **** 	{
1109:Middlewares/Third_Party/FreeRTOS/Source/stream_buffer.c **** 		/* ...then write the remaining bytes to the start of the buffer. */
1110:Middlewares/Third_Party/FreeRTOS/Source/stream_buffer.c **** 		configASSERT( ( xCount - xFirstLength ) <= pxStreamBuffer->xLength );
1111:Middlewares/Third_Party/FreeRTOS/Source/stream_buffer.c **** 		( void ) memcpy( ( void * ) pxStreamBuffer->pucBuffer, ( const void * ) &( pucData[ xFirstLength 
1112:Middlewares/Third_Party/FreeRTOS/Source/stream_buffer.c **** 	}
1113:Middlewares/Third_Party/FreeRTOS/Source/stream_buffer.c **** 	else
1114:Middlewares/Third_Party/FreeRTOS/Source/stream_buffer.c **** 	{
1115:Middlewares/Third_Party/FreeRTOS/Source/stream_buffer.c **** 		mtCOVERAGE_TEST_MARKER();
ARM GAS  D:\software\msy64\tmp\cc3F8ZqV.s 			page 21


1116:Middlewares/Third_Party/FreeRTOS/Source/stream_buffer.c **** 	}
1117:Middlewares/Third_Party/FreeRTOS/Source/stream_buffer.c **** 
1118:Middlewares/Third_Party/FreeRTOS/Source/stream_buffer.c **** 	xNextHead += xCount;
1119:Middlewares/Third_Party/FreeRTOS/Source/stream_buffer.c **** 	if( xNextHead >= pxStreamBuffer->xLength )
1120:Middlewares/Third_Party/FreeRTOS/Source/stream_buffer.c **** 	{
1121:Middlewares/Third_Party/FreeRTOS/Source/stream_buffer.c **** 		xNextHead -= pxStreamBuffer->xLength;
1122:Middlewares/Third_Party/FreeRTOS/Source/stream_buffer.c **** 	}
1123:Middlewares/Third_Party/FreeRTOS/Source/stream_buffer.c **** 	else
1124:Middlewares/Third_Party/FreeRTOS/Source/stream_buffer.c **** 	{
1125:Middlewares/Third_Party/FreeRTOS/Source/stream_buffer.c **** 		mtCOVERAGE_TEST_MARKER();
1126:Middlewares/Third_Party/FreeRTOS/Source/stream_buffer.c **** 	}
1127:Middlewares/Third_Party/FreeRTOS/Source/stream_buffer.c **** 
1128:Middlewares/Third_Party/FreeRTOS/Source/stream_buffer.c **** 	pxStreamBuffer->xHead = xNextHead;
1129:Middlewares/Third_Party/FreeRTOS/Source/stream_buffer.c **** 
1130:Middlewares/Third_Party/FreeRTOS/Source/stream_buffer.c **** 	return xCount;
1131:Middlewares/Third_Party/FreeRTOS/Source/stream_buffer.c **** }
1132:Middlewares/Third_Party/FreeRTOS/Source/stream_buffer.c **** /*-----------------------------------------------------------*/
1133:Middlewares/Third_Party/FreeRTOS/Source/stream_buffer.c **** 
1134:Middlewares/Third_Party/FreeRTOS/Source/stream_buffer.c **** static size_t prvReadBytesFromBuffer( StreamBuffer_t *pxStreamBuffer, uint8_t *pucData, size_t xMax
1135:Middlewares/Third_Party/FreeRTOS/Source/stream_buffer.c **** {
1136:Middlewares/Third_Party/FreeRTOS/Source/stream_buffer.c **** size_t xCount, xFirstLength, xNextTail;
1137:Middlewares/Third_Party/FreeRTOS/Source/stream_buffer.c **** 
1138:Middlewares/Third_Party/FreeRTOS/Source/stream_buffer.c **** 	/* Use the minimum of the wanted bytes and the available bytes. */
1139:Middlewares/Third_Party/FreeRTOS/Source/stream_buffer.c **** 	xCount = configMIN( xBytesAvailable, xMaxCount );
1140:Middlewares/Third_Party/FreeRTOS/Source/stream_buffer.c **** 
1141:Middlewares/Third_Party/FreeRTOS/Source/stream_buffer.c **** 	if( xCount > ( size_t ) 0 )
1142:Middlewares/Third_Party/FreeRTOS/Source/stream_buffer.c **** 	{
1143:Middlewares/Third_Party/FreeRTOS/Source/stream_buffer.c **** 		xNextTail = pxStreamBuffer->xTail;
1144:Middlewares/Third_Party/FreeRTOS/Source/stream_buffer.c **** 
1145:Middlewares/Third_Party/FreeRTOS/Source/stream_buffer.c **** 		/* Calculate the number of bytes that can be read - which may be
1146:Middlewares/Third_Party/FreeRTOS/Source/stream_buffer.c **** 		less than the number wanted if the data wraps around to the start of
1147:Middlewares/Third_Party/FreeRTOS/Source/stream_buffer.c **** 		the buffer. */
1148:Middlewares/Third_Party/FreeRTOS/Source/stream_buffer.c **** 		xFirstLength = configMIN( pxStreamBuffer->xLength - xNextTail, xCount );
1149:Middlewares/Third_Party/FreeRTOS/Source/stream_buffer.c **** 
1150:Middlewares/Third_Party/FreeRTOS/Source/stream_buffer.c **** 		/* Obtain the number of bytes it is possible to obtain in the first
1151:Middlewares/Third_Party/FreeRTOS/Source/stream_buffer.c **** 		read.  Asserts check bounds of read and write. */
1152:Middlewares/Third_Party/FreeRTOS/Source/stream_buffer.c **** 		configASSERT( xFirstLength <= xMaxCount );
1153:Middlewares/Third_Party/FreeRTOS/Source/stream_buffer.c **** 		configASSERT( ( xNextTail + xFirstLength ) <= pxStreamBuffer->xLength );
1154:Middlewares/Third_Party/FreeRTOS/Source/stream_buffer.c **** 		( void ) memcpy( ( void * ) pucData, ( const void * ) &( pxStreamBuffer->pucBuffer[ xNextTail ] )
1155:Middlewares/Third_Party/FreeRTOS/Source/stream_buffer.c **** 
1156:Middlewares/Third_Party/FreeRTOS/Source/stream_buffer.c **** 		/* If the total number of wanted bytes is greater than the number
1157:Middlewares/Third_Party/FreeRTOS/Source/stream_buffer.c **** 		that could be read in the first read... */
1158:Middlewares/Third_Party/FreeRTOS/Source/stream_buffer.c **** 		if( xCount > xFirstLength )
1159:Middlewares/Third_Party/FreeRTOS/Source/stream_buffer.c **** 		{
1160:Middlewares/Third_Party/FreeRTOS/Source/stream_buffer.c **** 			/*...then read the remaining bytes from the start of the buffer. */
1161:Middlewares/Third_Party/FreeRTOS/Source/stream_buffer.c **** 			configASSERT( xCount <= xMaxCount );
1162:Middlewares/Third_Party/FreeRTOS/Source/stream_buffer.c **** 			( void ) memcpy( ( void * ) &( pucData[ xFirstLength ] ), ( void * ) ( pxStreamBuffer->pucBuffer
1163:Middlewares/Third_Party/FreeRTOS/Source/stream_buffer.c **** 		}
1164:Middlewares/Third_Party/FreeRTOS/Source/stream_buffer.c **** 		else
1165:Middlewares/Third_Party/FreeRTOS/Source/stream_buffer.c **** 		{
1166:Middlewares/Third_Party/FreeRTOS/Source/stream_buffer.c **** 			mtCOVERAGE_TEST_MARKER();
1167:Middlewares/Third_Party/FreeRTOS/Source/stream_buffer.c **** 		}
1168:Middlewares/Third_Party/FreeRTOS/Source/stream_buffer.c **** 
1169:Middlewares/Third_Party/FreeRTOS/Source/stream_buffer.c **** 		/* Move the tail pointer to effectively remove the data read from
1170:Middlewares/Third_Party/FreeRTOS/Source/stream_buffer.c **** 		the buffer. */
1171:Middlewares/Third_Party/FreeRTOS/Source/stream_buffer.c **** 		xNextTail += xCount;
1172:Middlewares/Third_Party/FreeRTOS/Source/stream_buffer.c **** 
ARM GAS  D:\software\msy64\tmp\cc3F8ZqV.s 			page 22


1173:Middlewares/Third_Party/FreeRTOS/Source/stream_buffer.c **** 		if( xNextTail >= pxStreamBuffer->xLength )
1174:Middlewares/Third_Party/FreeRTOS/Source/stream_buffer.c **** 		{
1175:Middlewares/Third_Party/FreeRTOS/Source/stream_buffer.c **** 			xNextTail -= pxStreamBuffer->xLength;
1176:Middlewares/Third_Party/FreeRTOS/Source/stream_buffer.c **** 		}
1177:Middlewares/Third_Party/FreeRTOS/Source/stream_buffer.c **** 
1178:Middlewares/Third_Party/FreeRTOS/Source/stream_buffer.c **** 		pxStreamBuffer->xTail = xNextTail;
1179:Middlewares/Third_Party/FreeRTOS/Source/stream_buffer.c **** 	}
1180:Middlewares/Third_Party/FreeRTOS/Source/stream_buffer.c **** 	else
1181:Middlewares/Third_Party/FreeRTOS/Source/stream_buffer.c **** 	{
1182:Middlewares/Third_Party/FreeRTOS/Source/stream_buffer.c **** 		mtCOVERAGE_TEST_MARKER();
1183:Middlewares/Third_Party/FreeRTOS/Source/stream_buffer.c **** 	}
1184:Middlewares/Third_Party/FreeRTOS/Source/stream_buffer.c **** 
1185:Middlewares/Third_Party/FreeRTOS/Source/stream_buffer.c **** 	return xCount;
1186:Middlewares/Third_Party/FreeRTOS/Source/stream_buffer.c **** }
1187:Middlewares/Third_Party/FreeRTOS/Source/stream_buffer.c **** /*-----------------------------------------------------------*/
1188:Middlewares/Third_Party/FreeRTOS/Source/stream_buffer.c **** 
1189:Middlewares/Third_Party/FreeRTOS/Source/stream_buffer.c **** static size_t prvBytesInBuffer( const StreamBuffer_t * const pxStreamBuffer )
1190:Middlewares/Third_Party/FreeRTOS/Source/stream_buffer.c **** {
  27              		.loc 1 1190 1 view -0
  28              		.cfi_startproc
  29              		@ args = 0, pretend = 0, frame = 0
  30              		@ frame_needed = 0, uses_anonymous_args = 0
  31              		@ link register save eliminated.
1191:Middlewares/Third_Party/FreeRTOS/Source/stream_buffer.c **** /* Returns the distance between xTail and xHead. */
1192:Middlewares/Third_Party/FreeRTOS/Source/stream_buffer.c **** size_t xCount;
  32              		.loc 1 1192 1 view .LVU1
1193:Middlewares/Third_Party/FreeRTOS/Source/stream_buffer.c **** 
1194:Middlewares/Third_Party/FreeRTOS/Source/stream_buffer.c **** 	xCount = pxStreamBuffer->xLength + pxStreamBuffer->xHead;
  33              		.loc 1 1194 2 view .LVU2
  34              		.loc 1 1194 25 is_stmt 0 view .LVU3
  35 0000 8268     		ldr	r2, [r0, #8]
  36              		.loc 1 1194 51 view .LVU4
  37 0002 4368     		ldr	r3, [r0, #4]
  38              		.loc 1 1194 9 view .LVU5
  39 0004 1344     		add	r3, r3, r2
  40              	.LVL1:
1195:Middlewares/Third_Party/FreeRTOS/Source/stream_buffer.c **** 	xCount -= pxStreamBuffer->xTail;
  41              		.loc 1 1195 2 is_stmt 1 view .LVU6
  42              		.loc 1 1195 26 is_stmt 0 view .LVU7
  43 0006 0068     		ldr	r0, [r0]
  44              	.LVL2:
  45              		.loc 1 1195 9 view .LVU8
  46 0008 181A     		subs	r0, r3, r0
  47              	.LVL3:
1196:Middlewares/Third_Party/FreeRTOS/Source/stream_buffer.c **** 	if ( xCount >= pxStreamBuffer->xLength )
  48              		.loc 1 1196 2 is_stmt 1 view .LVU9
  49              		.loc 1 1196 5 is_stmt 0 view .LVU10
  50 000a 8242     		cmp	r2, r0
  51 000c 00D8     		bhi	.L1
1197:Middlewares/Third_Party/FreeRTOS/Source/stream_buffer.c **** 	{
1198:Middlewares/Third_Party/FreeRTOS/Source/stream_buffer.c **** 		xCount -= pxStreamBuffer->xLength;
  52              		.loc 1 1198 3 is_stmt 1 view .LVU11
  53              		.loc 1 1198 10 is_stmt 0 view .LVU12
  54 000e 801A     		subs	r0, r0, r2
  55              	.LVL4:
1199:Middlewares/Third_Party/FreeRTOS/Source/stream_buffer.c **** 	}
1200:Middlewares/Third_Party/FreeRTOS/Source/stream_buffer.c **** 	else
ARM GAS  D:\software\msy64\tmp\cc3F8ZqV.s 			page 23


1201:Middlewares/Third_Party/FreeRTOS/Source/stream_buffer.c **** 	{
1202:Middlewares/Third_Party/FreeRTOS/Source/stream_buffer.c **** 		mtCOVERAGE_TEST_MARKER();
  56              		.loc 1 1202 27 is_stmt 1 view .LVU13
1203:Middlewares/Third_Party/FreeRTOS/Source/stream_buffer.c **** 	}
1204:Middlewares/Third_Party/FreeRTOS/Source/stream_buffer.c **** 
1205:Middlewares/Third_Party/FreeRTOS/Source/stream_buffer.c **** 	return xCount;
  57              		.loc 1 1205 2 view .LVU14
  58              	.L1:
1206:Middlewares/Third_Party/FreeRTOS/Source/stream_buffer.c **** }
  59              		.loc 1 1206 1 is_stmt 0 view .LVU15
  60 0010 7047     		bx	lr
  61              		.cfi_endproc
  62              	.LFE25:
  64              		.section	.text.prvInitialiseNewStreamBuffer,"ax",%progbits
  65              		.align	1
  66              		.syntax unified
  67              		.thumb
  68              		.thumb_func
  70              	prvInitialiseNewStreamBuffer:
  71              	.LVL5:
  72              	.LFB26:
1207:Middlewares/Third_Party/FreeRTOS/Source/stream_buffer.c **** /*-----------------------------------------------------------*/
1208:Middlewares/Third_Party/FreeRTOS/Source/stream_buffer.c **** 
1209:Middlewares/Third_Party/FreeRTOS/Source/stream_buffer.c **** static void prvInitialiseNewStreamBuffer( StreamBuffer_t * const pxStreamBuffer,
1210:Middlewares/Third_Party/FreeRTOS/Source/stream_buffer.c **** 										  uint8_t * const pucBuffer,
1211:Middlewares/Third_Party/FreeRTOS/Source/stream_buffer.c **** 										  size_t xBufferSizeBytes,
1212:Middlewares/Third_Party/FreeRTOS/Source/stream_buffer.c **** 										  size_t xTriggerLevelBytes,
1213:Middlewares/Third_Party/FreeRTOS/Source/stream_buffer.c **** 										  uint8_t ucFlags )
1214:Middlewares/Third_Party/FreeRTOS/Source/stream_buffer.c **** {
  73              		.loc 1 1214 1 is_stmt 1 view -0
  74              		.cfi_startproc
  75              		@ args = 4, pretend = 0, frame = 0
  76              		@ frame_needed = 0, uses_anonymous_args = 0
  77              		.loc 1 1214 1 is_stmt 0 view .LVU17
  78 0000 F8B5     		push	{r3, r4, r5, r6, r7, lr}
  79              	.LCFI0:
  80              		.cfi_def_cfa_offset 24
  81              		.cfi_offset 3, -24
  82              		.cfi_offset 4, -20
  83              		.cfi_offset 5, -16
  84              		.cfi_offset 6, -12
  85              		.cfi_offset 7, -8
  86              		.cfi_offset 14, -4
  87 0002 0746     		mov	r7, r0
  88 0004 0C46     		mov	r4, r1
  89 0006 1646     		mov	r6, r2
  90 0008 1D46     		mov	r5, r3
  91              	.LBB96:
1215:Middlewares/Third_Party/FreeRTOS/Source/stream_buffer.c **** 	/* Assert here is deliberately writing to the entire buffer to ensure it can
1216:Middlewares/Third_Party/FreeRTOS/Source/stream_buffer.c **** 	be written to without generating exceptions, and is setting the buffer to a
1217:Middlewares/Third_Party/FreeRTOS/Source/stream_buffer.c **** 	known value to assist in development/debugging. */
1218:Middlewares/Third_Party/FreeRTOS/Source/stream_buffer.c **** 	#if( configASSERT_DEFINED == 1 )
1219:Middlewares/Third_Party/FreeRTOS/Source/stream_buffer.c **** 	{
1220:Middlewares/Third_Party/FreeRTOS/Source/stream_buffer.c **** 		/* The value written just has to be identifiable when looking at the
1221:Middlewares/Third_Party/FreeRTOS/Source/stream_buffer.c **** 		memory.  Don't use 0xA5 as that is the stack fill value and could
1222:Middlewares/Third_Party/FreeRTOS/Source/stream_buffer.c **** 		result in confusion as to what is actually being observed. */
1223:Middlewares/Third_Party/FreeRTOS/Source/stream_buffer.c **** 		const BaseType_t xWriteValue = 0x55;
ARM GAS  D:\software\msy64\tmp\cc3F8ZqV.s 			page 24


  92              		.loc 1 1223 3 is_stmt 1 view .LVU18
  93              	.LVL6:
1224:Middlewares/Third_Party/FreeRTOS/Source/stream_buffer.c **** 		configASSERT( memset( pucBuffer, ( int ) xWriteValue, xBufferSizeBytes ) == pucBuffer );
  94              		.loc 1 1224 3 view .LVU19
  95 000a 5521     		movs	r1, #85
  96              	.LVL7:
  97              		.loc 1 1224 3 is_stmt 0 view .LVU20
  98 000c 2046     		mov	r0, r4
  99              	.LVL8:
 100              		.loc 1 1224 3 view .LVU21
 101 000e FFF7FEFF 		bl	memset
 102              	.LVL9:
 103              		.loc 1 1224 3 discriminator 1 view .LVU22
 104 0012 8442     		cmp	r4, r0
 105 0014 08D0     		beq	.L4
 106              		.loc 1 1224 3 is_stmt 1 discriminator 1 view .LVU23
 107              	.LBB97:
 108              	.LBI97:
 109              		.file 2 "Middlewares/Third_Party/FreeRTOS/Source/portable/GCC/ARM_CM3/portmacro.h"
   1:Middlewares/Third_Party/FreeRTOS/Source/portable/GCC/ARM_CM3/portmacro.h **** /*
   2:Middlewares/Third_Party/FreeRTOS/Source/portable/GCC/ARM_CM3/portmacro.h ****  * FreeRTOS Kernel V10.3.1
   3:Middlewares/Third_Party/FreeRTOS/Source/portable/GCC/ARM_CM3/portmacro.h ****  * Copyright (C) 2020 Amazon.com, Inc. or its affiliates.  All Rights Reserved.
   4:Middlewares/Third_Party/FreeRTOS/Source/portable/GCC/ARM_CM3/portmacro.h ****  *
   5:Middlewares/Third_Party/FreeRTOS/Source/portable/GCC/ARM_CM3/portmacro.h ****  * Permission is hereby granted, free of charge, to any person obtaining a copy of
   6:Middlewares/Third_Party/FreeRTOS/Source/portable/GCC/ARM_CM3/portmacro.h ****  * this software and associated documentation files (the "Software"), to deal in
   7:Middlewares/Third_Party/FreeRTOS/Source/portable/GCC/ARM_CM3/portmacro.h ****  * the Software without restriction, including without limitation the rights to
   8:Middlewares/Third_Party/FreeRTOS/Source/portable/GCC/ARM_CM3/portmacro.h ****  * use, copy, modify, merge, publish, distribute, sublicense, and/or sell copies of
   9:Middlewares/Third_Party/FreeRTOS/Source/portable/GCC/ARM_CM3/portmacro.h ****  * the Software, and to permit persons to whom the Software is furnished to do so,
  10:Middlewares/Third_Party/FreeRTOS/Source/portable/GCC/ARM_CM3/portmacro.h ****  * subject to the following conditions:
  11:Middlewares/Third_Party/FreeRTOS/Source/portable/GCC/ARM_CM3/portmacro.h ****  *
  12:Middlewares/Third_Party/FreeRTOS/Source/portable/GCC/ARM_CM3/portmacro.h ****  * The above copyright notice and this permission notice shall be included in all
  13:Middlewares/Third_Party/FreeRTOS/Source/portable/GCC/ARM_CM3/portmacro.h ****  * copies or substantial portions of the Software.
  14:Middlewares/Third_Party/FreeRTOS/Source/portable/GCC/ARM_CM3/portmacro.h ****  *
  15:Middlewares/Third_Party/FreeRTOS/Source/portable/GCC/ARM_CM3/portmacro.h ****  * THE SOFTWARE IS PROVIDED "AS IS", WITHOUT WARRANTY OF ANY KIND, EXPRESS OR
  16:Middlewares/Third_Party/FreeRTOS/Source/portable/GCC/ARM_CM3/portmacro.h ****  * IMPLIED, INCLUDING BUT NOT LIMITED TO THE WARRANTIES OF MERCHANTABILITY, FITNESS
  17:Middlewares/Third_Party/FreeRTOS/Source/portable/GCC/ARM_CM3/portmacro.h ****  * FOR A PARTICULAR PURPOSE AND NONINFRINGEMENT. IN NO EVENT SHALL THE AUTHORS OR
  18:Middlewares/Third_Party/FreeRTOS/Source/portable/GCC/ARM_CM3/portmacro.h ****  * COPYRIGHT HOLDERS BE LIABLE FOR ANY CLAIM, DAMAGES OR OTHER LIABILITY, WHETHER
  19:Middlewares/Third_Party/FreeRTOS/Source/portable/GCC/ARM_CM3/portmacro.h ****  * IN AN ACTION OF CONTRACT, TORT OR OTHERWISE, ARISING FROM, OUT OF OR IN
  20:Middlewares/Third_Party/FreeRTOS/Source/portable/GCC/ARM_CM3/portmacro.h ****  * CONNECTION WITH THE SOFTWARE OR THE USE OR OTHER DEALINGS IN THE SOFTWARE.
  21:Middlewares/Third_Party/FreeRTOS/Source/portable/GCC/ARM_CM3/portmacro.h ****  *
  22:Middlewares/Third_Party/FreeRTOS/Source/portable/GCC/ARM_CM3/portmacro.h ****  * http://www.FreeRTOS.org
  23:Middlewares/Third_Party/FreeRTOS/Source/portable/GCC/ARM_CM3/portmacro.h ****  * http://aws.amazon.com/freertos
  24:Middlewares/Third_Party/FreeRTOS/Source/portable/GCC/ARM_CM3/portmacro.h ****  *
  25:Middlewares/Third_Party/FreeRTOS/Source/portable/GCC/ARM_CM3/portmacro.h ****  * 1 tab == 4 spaces!
  26:Middlewares/Third_Party/FreeRTOS/Source/portable/GCC/ARM_CM3/portmacro.h ****  */
  27:Middlewares/Third_Party/FreeRTOS/Source/portable/GCC/ARM_CM3/portmacro.h **** 
  28:Middlewares/Third_Party/FreeRTOS/Source/portable/GCC/ARM_CM3/portmacro.h **** 
  29:Middlewares/Third_Party/FreeRTOS/Source/portable/GCC/ARM_CM3/portmacro.h **** #ifndef PORTMACRO_H
  30:Middlewares/Third_Party/FreeRTOS/Source/portable/GCC/ARM_CM3/portmacro.h **** #define PORTMACRO_H
  31:Middlewares/Third_Party/FreeRTOS/Source/portable/GCC/ARM_CM3/portmacro.h **** 
  32:Middlewares/Third_Party/FreeRTOS/Source/portable/GCC/ARM_CM3/portmacro.h **** #ifdef __cplusplus
  33:Middlewares/Third_Party/FreeRTOS/Source/portable/GCC/ARM_CM3/portmacro.h **** extern "C" {
  34:Middlewares/Third_Party/FreeRTOS/Source/portable/GCC/ARM_CM3/portmacro.h **** #endif
  35:Middlewares/Third_Party/FreeRTOS/Source/portable/GCC/ARM_CM3/portmacro.h **** 
  36:Middlewares/Third_Party/FreeRTOS/Source/portable/GCC/ARM_CM3/portmacro.h **** /*-----------------------------------------------------------
  37:Middlewares/Third_Party/FreeRTOS/Source/portable/GCC/ARM_CM3/portmacro.h ****  * Port specific definitions.
  38:Middlewares/Third_Party/FreeRTOS/Source/portable/GCC/ARM_CM3/portmacro.h ****  *
ARM GAS  D:\software\msy64\tmp\cc3F8ZqV.s 			page 25


  39:Middlewares/Third_Party/FreeRTOS/Source/portable/GCC/ARM_CM3/portmacro.h ****  * The settings in this file configure FreeRTOS correctly for the
  40:Middlewares/Third_Party/FreeRTOS/Source/portable/GCC/ARM_CM3/portmacro.h ****  * given hardware and compiler.
  41:Middlewares/Third_Party/FreeRTOS/Source/portable/GCC/ARM_CM3/portmacro.h ****  *
  42:Middlewares/Third_Party/FreeRTOS/Source/portable/GCC/ARM_CM3/portmacro.h ****  * These settings should not be altered.
  43:Middlewares/Third_Party/FreeRTOS/Source/portable/GCC/ARM_CM3/portmacro.h ****  *-----------------------------------------------------------
  44:Middlewares/Third_Party/FreeRTOS/Source/portable/GCC/ARM_CM3/portmacro.h ****  */
  45:Middlewares/Third_Party/FreeRTOS/Source/portable/GCC/ARM_CM3/portmacro.h **** 
  46:Middlewares/Third_Party/FreeRTOS/Source/portable/GCC/ARM_CM3/portmacro.h **** /* Type definitions. */
  47:Middlewares/Third_Party/FreeRTOS/Source/portable/GCC/ARM_CM3/portmacro.h **** #define portCHAR		char
  48:Middlewares/Third_Party/FreeRTOS/Source/portable/GCC/ARM_CM3/portmacro.h **** #define portFLOAT		float
  49:Middlewares/Third_Party/FreeRTOS/Source/portable/GCC/ARM_CM3/portmacro.h **** #define portDOUBLE		double
  50:Middlewares/Third_Party/FreeRTOS/Source/portable/GCC/ARM_CM3/portmacro.h **** #define portLONG		long
  51:Middlewares/Third_Party/FreeRTOS/Source/portable/GCC/ARM_CM3/portmacro.h **** #define portSHORT		short
  52:Middlewares/Third_Party/FreeRTOS/Source/portable/GCC/ARM_CM3/portmacro.h **** #define portSTACK_TYPE	uint32_t
  53:Middlewares/Third_Party/FreeRTOS/Source/portable/GCC/ARM_CM3/portmacro.h **** #define portBASE_TYPE	long
  54:Middlewares/Third_Party/FreeRTOS/Source/portable/GCC/ARM_CM3/portmacro.h **** 
  55:Middlewares/Third_Party/FreeRTOS/Source/portable/GCC/ARM_CM3/portmacro.h **** typedef portSTACK_TYPE StackType_t;
  56:Middlewares/Third_Party/FreeRTOS/Source/portable/GCC/ARM_CM3/portmacro.h **** typedef long BaseType_t;
  57:Middlewares/Third_Party/FreeRTOS/Source/portable/GCC/ARM_CM3/portmacro.h **** typedef unsigned long UBaseType_t;
  58:Middlewares/Third_Party/FreeRTOS/Source/portable/GCC/ARM_CM3/portmacro.h **** 
  59:Middlewares/Third_Party/FreeRTOS/Source/portable/GCC/ARM_CM3/portmacro.h **** #if( configUSE_16_BIT_TICKS == 1 )
  60:Middlewares/Third_Party/FreeRTOS/Source/portable/GCC/ARM_CM3/portmacro.h **** 	typedef uint16_t TickType_t;
  61:Middlewares/Third_Party/FreeRTOS/Source/portable/GCC/ARM_CM3/portmacro.h **** 	#define portMAX_DELAY ( TickType_t ) 0xffff
  62:Middlewares/Third_Party/FreeRTOS/Source/portable/GCC/ARM_CM3/portmacro.h **** #else
  63:Middlewares/Third_Party/FreeRTOS/Source/portable/GCC/ARM_CM3/portmacro.h **** 	typedef uint32_t TickType_t;
  64:Middlewares/Third_Party/FreeRTOS/Source/portable/GCC/ARM_CM3/portmacro.h **** 	#define portMAX_DELAY ( TickType_t ) 0xffffffffUL
  65:Middlewares/Third_Party/FreeRTOS/Source/portable/GCC/ARM_CM3/portmacro.h **** 
  66:Middlewares/Third_Party/FreeRTOS/Source/portable/GCC/ARM_CM3/portmacro.h **** 	/* 32-bit tick type on a 32-bit architecture, so reads of the tick count do
  67:Middlewares/Third_Party/FreeRTOS/Source/portable/GCC/ARM_CM3/portmacro.h **** 	not need to be guarded with a critical section. */
  68:Middlewares/Third_Party/FreeRTOS/Source/portable/GCC/ARM_CM3/portmacro.h **** 	#define portTICK_TYPE_IS_ATOMIC 1
  69:Middlewares/Third_Party/FreeRTOS/Source/portable/GCC/ARM_CM3/portmacro.h **** #endif
  70:Middlewares/Third_Party/FreeRTOS/Source/portable/GCC/ARM_CM3/portmacro.h **** /*-----------------------------------------------------------*/
  71:Middlewares/Third_Party/FreeRTOS/Source/portable/GCC/ARM_CM3/portmacro.h **** 
  72:Middlewares/Third_Party/FreeRTOS/Source/portable/GCC/ARM_CM3/portmacro.h **** /* Architecture specifics. */
  73:Middlewares/Third_Party/FreeRTOS/Source/portable/GCC/ARM_CM3/portmacro.h **** #define portSTACK_GROWTH			( -1 )
  74:Middlewares/Third_Party/FreeRTOS/Source/portable/GCC/ARM_CM3/portmacro.h **** #define portTICK_PERIOD_MS			( ( TickType_t ) 1000 / configTICK_RATE_HZ )
  75:Middlewares/Third_Party/FreeRTOS/Source/portable/GCC/ARM_CM3/portmacro.h **** #define portBYTE_ALIGNMENT			8
  76:Middlewares/Third_Party/FreeRTOS/Source/portable/GCC/ARM_CM3/portmacro.h **** /*-----------------------------------------------------------*/
  77:Middlewares/Third_Party/FreeRTOS/Source/portable/GCC/ARM_CM3/portmacro.h **** 
  78:Middlewares/Third_Party/FreeRTOS/Source/portable/GCC/ARM_CM3/portmacro.h **** /* Scheduler utilities. */
  79:Middlewares/Third_Party/FreeRTOS/Source/portable/GCC/ARM_CM3/portmacro.h **** #define portYIELD() 															\
  80:Middlewares/Third_Party/FreeRTOS/Source/portable/GCC/ARM_CM3/portmacro.h **** {																				\
  81:Middlewares/Third_Party/FreeRTOS/Source/portable/GCC/ARM_CM3/portmacro.h **** 	/* Set a PendSV to request a context switch. */								\
  82:Middlewares/Third_Party/FreeRTOS/Source/portable/GCC/ARM_CM3/portmacro.h **** 	portNVIC_INT_CTRL_REG = portNVIC_PENDSVSET_BIT;								\
  83:Middlewares/Third_Party/FreeRTOS/Source/portable/GCC/ARM_CM3/portmacro.h **** 																				\
  84:Middlewares/Third_Party/FreeRTOS/Source/portable/GCC/ARM_CM3/portmacro.h **** 	/* Barriers are normally not required but do ensure the code is completely	\
  85:Middlewares/Third_Party/FreeRTOS/Source/portable/GCC/ARM_CM3/portmacro.h **** 	within the specified behaviour for the architecture. */						\
  86:Middlewares/Third_Party/FreeRTOS/Source/portable/GCC/ARM_CM3/portmacro.h **** 	__asm volatile( "dsb" ::: "memory" );										\
  87:Middlewares/Third_Party/FreeRTOS/Source/portable/GCC/ARM_CM3/portmacro.h **** 	__asm volatile( "isb" );													\
  88:Middlewares/Third_Party/FreeRTOS/Source/portable/GCC/ARM_CM3/portmacro.h **** }
  89:Middlewares/Third_Party/FreeRTOS/Source/portable/GCC/ARM_CM3/portmacro.h **** 
  90:Middlewares/Third_Party/FreeRTOS/Source/portable/GCC/ARM_CM3/portmacro.h **** #define portNVIC_INT_CTRL_REG		( * ( ( volatile uint32_t * ) 0xe000ed04 ) )
  91:Middlewares/Third_Party/FreeRTOS/Source/portable/GCC/ARM_CM3/portmacro.h **** #define portNVIC_PENDSVSET_BIT		( 1UL << 28UL )
  92:Middlewares/Third_Party/FreeRTOS/Source/portable/GCC/ARM_CM3/portmacro.h **** #define portEND_SWITCHING_ISR( xSwitchRequired ) if( xSwitchRequired != pdFALSE ) portYIELD()
  93:Middlewares/Third_Party/FreeRTOS/Source/portable/GCC/ARM_CM3/portmacro.h **** #define portYIELD_FROM_ISR( x ) portEND_SWITCHING_ISR( x )
  94:Middlewares/Third_Party/FreeRTOS/Source/portable/GCC/ARM_CM3/portmacro.h **** /*-----------------------------------------------------------*/
  95:Middlewares/Third_Party/FreeRTOS/Source/portable/GCC/ARM_CM3/portmacro.h **** 
ARM GAS  D:\software\msy64\tmp\cc3F8ZqV.s 			page 26


  96:Middlewares/Third_Party/FreeRTOS/Source/portable/GCC/ARM_CM3/portmacro.h **** /* Critical section management. */
  97:Middlewares/Third_Party/FreeRTOS/Source/portable/GCC/ARM_CM3/portmacro.h **** extern void vPortEnterCritical( void );
  98:Middlewares/Third_Party/FreeRTOS/Source/portable/GCC/ARM_CM3/portmacro.h **** extern void vPortExitCritical( void );
  99:Middlewares/Third_Party/FreeRTOS/Source/portable/GCC/ARM_CM3/portmacro.h **** #define portSET_INTERRUPT_MASK_FROM_ISR()		ulPortRaiseBASEPRI()
 100:Middlewares/Third_Party/FreeRTOS/Source/portable/GCC/ARM_CM3/portmacro.h **** #define portCLEAR_INTERRUPT_MASK_FROM_ISR(x)	vPortSetBASEPRI(x)
 101:Middlewares/Third_Party/FreeRTOS/Source/portable/GCC/ARM_CM3/portmacro.h **** #define portDISABLE_INTERRUPTS()				vPortRaiseBASEPRI()
 102:Middlewares/Third_Party/FreeRTOS/Source/portable/GCC/ARM_CM3/portmacro.h **** #define portENABLE_INTERRUPTS()					vPortSetBASEPRI(0)
 103:Middlewares/Third_Party/FreeRTOS/Source/portable/GCC/ARM_CM3/portmacro.h **** #define portENTER_CRITICAL()					vPortEnterCritical()
 104:Middlewares/Third_Party/FreeRTOS/Source/portable/GCC/ARM_CM3/portmacro.h **** #define portEXIT_CRITICAL()						vPortExitCritical()
 105:Middlewares/Third_Party/FreeRTOS/Source/portable/GCC/ARM_CM3/portmacro.h **** 
 106:Middlewares/Third_Party/FreeRTOS/Source/portable/GCC/ARM_CM3/portmacro.h **** /*-----------------------------------------------------------*/
 107:Middlewares/Third_Party/FreeRTOS/Source/portable/GCC/ARM_CM3/portmacro.h **** 
 108:Middlewares/Third_Party/FreeRTOS/Source/portable/GCC/ARM_CM3/portmacro.h **** /* Task function macros as described on the FreeRTOS.org WEB site.  These are
 109:Middlewares/Third_Party/FreeRTOS/Source/portable/GCC/ARM_CM3/portmacro.h **** not necessary for to use this port.  They are defined so the common demo files
 110:Middlewares/Third_Party/FreeRTOS/Source/portable/GCC/ARM_CM3/portmacro.h **** (which build with all the ports) will build. */
 111:Middlewares/Third_Party/FreeRTOS/Source/portable/GCC/ARM_CM3/portmacro.h **** #define portTASK_FUNCTION_PROTO( vFunction, pvParameters ) void vFunction( void *pvParameters )
 112:Middlewares/Third_Party/FreeRTOS/Source/portable/GCC/ARM_CM3/portmacro.h **** #define portTASK_FUNCTION( vFunction, pvParameters ) void vFunction( void *pvParameters )
 113:Middlewares/Third_Party/FreeRTOS/Source/portable/GCC/ARM_CM3/portmacro.h **** /*-----------------------------------------------------------*/
 114:Middlewares/Third_Party/FreeRTOS/Source/portable/GCC/ARM_CM3/portmacro.h **** 
 115:Middlewares/Third_Party/FreeRTOS/Source/portable/GCC/ARM_CM3/portmacro.h **** /* Tickless idle/low power functionality. */
 116:Middlewares/Third_Party/FreeRTOS/Source/portable/GCC/ARM_CM3/portmacro.h **** #ifndef portSUPPRESS_TICKS_AND_SLEEP
 117:Middlewares/Third_Party/FreeRTOS/Source/portable/GCC/ARM_CM3/portmacro.h **** 	extern void vPortSuppressTicksAndSleep( TickType_t xExpectedIdleTime );
 118:Middlewares/Third_Party/FreeRTOS/Source/portable/GCC/ARM_CM3/portmacro.h **** 	#define portSUPPRESS_TICKS_AND_SLEEP( xExpectedIdleTime ) vPortSuppressTicksAndSleep( xExpectedIdl
 119:Middlewares/Third_Party/FreeRTOS/Source/portable/GCC/ARM_CM3/portmacro.h **** #endif
 120:Middlewares/Third_Party/FreeRTOS/Source/portable/GCC/ARM_CM3/portmacro.h **** /*-----------------------------------------------------------*/
 121:Middlewares/Third_Party/FreeRTOS/Source/portable/GCC/ARM_CM3/portmacro.h **** 
 122:Middlewares/Third_Party/FreeRTOS/Source/portable/GCC/ARM_CM3/portmacro.h **** /* Architecture specific optimisations. */
 123:Middlewares/Third_Party/FreeRTOS/Source/portable/GCC/ARM_CM3/portmacro.h **** #ifndef configUSE_PORT_OPTIMISED_TASK_SELECTION
 124:Middlewares/Third_Party/FreeRTOS/Source/portable/GCC/ARM_CM3/portmacro.h **** 	#define configUSE_PORT_OPTIMISED_TASK_SELECTION 1
 125:Middlewares/Third_Party/FreeRTOS/Source/portable/GCC/ARM_CM3/portmacro.h **** #endif
 126:Middlewares/Third_Party/FreeRTOS/Source/portable/GCC/ARM_CM3/portmacro.h **** 
 127:Middlewares/Third_Party/FreeRTOS/Source/portable/GCC/ARM_CM3/portmacro.h **** #if configUSE_PORT_OPTIMISED_TASK_SELECTION == 1
 128:Middlewares/Third_Party/FreeRTOS/Source/portable/GCC/ARM_CM3/portmacro.h **** 
 129:Middlewares/Third_Party/FreeRTOS/Source/portable/GCC/ARM_CM3/portmacro.h **** 	/* Generic helper function. */
 130:Middlewares/Third_Party/FreeRTOS/Source/portable/GCC/ARM_CM3/portmacro.h **** 	__attribute__( ( always_inline ) ) static inline uint8_t ucPortCountLeadingZeros( uint32_t ulBitma
 131:Middlewares/Third_Party/FreeRTOS/Source/portable/GCC/ARM_CM3/portmacro.h **** 	{
 132:Middlewares/Third_Party/FreeRTOS/Source/portable/GCC/ARM_CM3/portmacro.h **** 	uint8_t ucReturn;
 133:Middlewares/Third_Party/FreeRTOS/Source/portable/GCC/ARM_CM3/portmacro.h **** 
 134:Middlewares/Third_Party/FreeRTOS/Source/portable/GCC/ARM_CM3/portmacro.h **** 		__asm volatile ( "clz %0, %1" : "=r" ( ucReturn ) : "r" ( ulBitmap ) : "memory" );
 135:Middlewares/Third_Party/FreeRTOS/Source/portable/GCC/ARM_CM3/portmacro.h **** 		return ucReturn;
 136:Middlewares/Third_Party/FreeRTOS/Source/portable/GCC/ARM_CM3/portmacro.h **** 	}
 137:Middlewares/Third_Party/FreeRTOS/Source/portable/GCC/ARM_CM3/portmacro.h **** 
 138:Middlewares/Third_Party/FreeRTOS/Source/portable/GCC/ARM_CM3/portmacro.h **** 	/* Check the configuration. */
 139:Middlewares/Third_Party/FreeRTOS/Source/portable/GCC/ARM_CM3/portmacro.h **** 	#if( configMAX_PRIORITIES > 32 )
 140:Middlewares/Third_Party/FreeRTOS/Source/portable/GCC/ARM_CM3/portmacro.h **** 		#error configUSE_PORT_OPTIMISED_TASK_SELECTION can only be set to 1 when configMAX_PRIORITIES is 
 141:Middlewares/Third_Party/FreeRTOS/Source/portable/GCC/ARM_CM3/portmacro.h **** 	#endif
 142:Middlewares/Third_Party/FreeRTOS/Source/portable/GCC/ARM_CM3/portmacro.h **** 
 143:Middlewares/Third_Party/FreeRTOS/Source/portable/GCC/ARM_CM3/portmacro.h **** 	/* Store/clear the ready priorities in a bit map. */
 144:Middlewares/Third_Party/FreeRTOS/Source/portable/GCC/ARM_CM3/portmacro.h **** 	#define portRECORD_READY_PRIORITY( uxPriority, uxReadyPriorities ) ( uxReadyPriorities ) |= ( 1UL 
 145:Middlewares/Third_Party/FreeRTOS/Source/portable/GCC/ARM_CM3/portmacro.h **** 	#define portRESET_READY_PRIORITY( uxPriority, uxReadyPriorities ) ( uxReadyPriorities ) &= ~( 1UL 
 146:Middlewares/Third_Party/FreeRTOS/Source/portable/GCC/ARM_CM3/portmacro.h **** 
 147:Middlewares/Third_Party/FreeRTOS/Source/portable/GCC/ARM_CM3/portmacro.h **** 	/*-----------------------------------------------------------*/
 148:Middlewares/Third_Party/FreeRTOS/Source/portable/GCC/ARM_CM3/portmacro.h **** 
 149:Middlewares/Third_Party/FreeRTOS/Source/portable/GCC/ARM_CM3/portmacro.h **** 	#define portGET_HIGHEST_PRIORITY( uxTopPriority, uxReadyPriorities ) uxTopPriority = ( 31UL - ( ui
 150:Middlewares/Third_Party/FreeRTOS/Source/portable/GCC/ARM_CM3/portmacro.h **** 
 151:Middlewares/Third_Party/FreeRTOS/Source/portable/GCC/ARM_CM3/portmacro.h **** #endif /* configUSE_PORT_OPTIMISED_TASK_SELECTION */
 152:Middlewares/Third_Party/FreeRTOS/Source/portable/GCC/ARM_CM3/portmacro.h **** 
ARM GAS  D:\software\msy64\tmp\cc3F8ZqV.s 			page 27


 153:Middlewares/Third_Party/FreeRTOS/Source/portable/GCC/ARM_CM3/portmacro.h **** /*-----------------------------------------------------------*/
 154:Middlewares/Third_Party/FreeRTOS/Source/portable/GCC/ARM_CM3/portmacro.h **** 
 155:Middlewares/Third_Party/FreeRTOS/Source/portable/GCC/ARM_CM3/portmacro.h **** #ifdef configASSERT
 156:Middlewares/Third_Party/FreeRTOS/Source/portable/GCC/ARM_CM3/portmacro.h **** 	void vPortValidateInterruptPriority( void );
 157:Middlewares/Third_Party/FreeRTOS/Source/portable/GCC/ARM_CM3/portmacro.h **** 	#define portASSERT_IF_INTERRUPT_PRIORITY_INVALID() 	vPortValidateInterruptPriority()
 158:Middlewares/Third_Party/FreeRTOS/Source/portable/GCC/ARM_CM3/portmacro.h **** #endif
 159:Middlewares/Third_Party/FreeRTOS/Source/portable/GCC/ARM_CM3/portmacro.h **** 
 160:Middlewares/Third_Party/FreeRTOS/Source/portable/GCC/ARM_CM3/portmacro.h **** /* portNOP() is not required by this port. */
 161:Middlewares/Third_Party/FreeRTOS/Source/portable/GCC/ARM_CM3/portmacro.h **** #define portNOP()
 162:Middlewares/Third_Party/FreeRTOS/Source/portable/GCC/ARM_CM3/portmacro.h **** 
 163:Middlewares/Third_Party/FreeRTOS/Source/portable/GCC/ARM_CM3/portmacro.h **** #define portINLINE	__inline
 164:Middlewares/Third_Party/FreeRTOS/Source/portable/GCC/ARM_CM3/portmacro.h **** 
 165:Middlewares/Third_Party/FreeRTOS/Source/portable/GCC/ARM_CM3/portmacro.h **** #ifndef portFORCE_INLINE
 166:Middlewares/Third_Party/FreeRTOS/Source/portable/GCC/ARM_CM3/portmacro.h **** 	#define portFORCE_INLINE inline __attribute__(( always_inline))
 167:Middlewares/Third_Party/FreeRTOS/Source/portable/GCC/ARM_CM3/portmacro.h **** #endif
 168:Middlewares/Third_Party/FreeRTOS/Source/portable/GCC/ARM_CM3/portmacro.h **** 
 169:Middlewares/Third_Party/FreeRTOS/Source/portable/GCC/ARM_CM3/portmacro.h **** /*-----------------------------------------------------------*/
 170:Middlewares/Third_Party/FreeRTOS/Source/portable/GCC/ARM_CM3/portmacro.h **** 
 171:Middlewares/Third_Party/FreeRTOS/Source/portable/GCC/ARM_CM3/portmacro.h **** portFORCE_INLINE static BaseType_t xPortIsInsideInterrupt( void )
 172:Middlewares/Third_Party/FreeRTOS/Source/portable/GCC/ARM_CM3/portmacro.h **** {
 173:Middlewares/Third_Party/FreeRTOS/Source/portable/GCC/ARM_CM3/portmacro.h **** uint32_t ulCurrentInterrupt;
 174:Middlewares/Third_Party/FreeRTOS/Source/portable/GCC/ARM_CM3/portmacro.h **** BaseType_t xReturn;
 175:Middlewares/Third_Party/FreeRTOS/Source/portable/GCC/ARM_CM3/portmacro.h **** 
 176:Middlewares/Third_Party/FreeRTOS/Source/portable/GCC/ARM_CM3/portmacro.h **** 	/* Obtain the number of the currently executing interrupt. */
 177:Middlewares/Third_Party/FreeRTOS/Source/portable/GCC/ARM_CM3/portmacro.h **** 	__asm volatile( "mrs %0, ipsr" : "=r"( ulCurrentInterrupt ) :: "memory" );
 178:Middlewares/Third_Party/FreeRTOS/Source/portable/GCC/ARM_CM3/portmacro.h **** 
 179:Middlewares/Third_Party/FreeRTOS/Source/portable/GCC/ARM_CM3/portmacro.h **** 	if( ulCurrentInterrupt == 0 )
 180:Middlewares/Third_Party/FreeRTOS/Source/portable/GCC/ARM_CM3/portmacro.h **** 	{
 181:Middlewares/Third_Party/FreeRTOS/Source/portable/GCC/ARM_CM3/portmacro.h **** 		xReturn = pdFALSE;
 182:Middlewares/Third_Party/FreeRTOS/Source/portable/GCC/ARM_CM3/portmacro.h **** 	}
 183:Middlewares/Third_Party/FreeRTOS/Source/portable/GCC/ARM_CM3/portmacro.h **** 	else
 184:Middlewares/Third_Party/FreeRTOS/Source/portable/GCC/ARM_CM3/portmacro.h **** 	{
 185:Middlewares/Third_Party/FreeRTOS/Source/portable/GCC/ARM_CM3/portmacro.h **** 		xReturn = pdTRUE;
 186:Middlewares/Third_Party/FreeRTOS/Source/portable/GCC/ARM_CM3/portmacro.h **** 	}
 187:Middlewares/Third_Party/FreeRTOS/Source/portable/GCC/ARM_CM3/portmacro.h **** 
 188:Middlewares/Third_Party/FreeRTOS/Source/portable/GCC/ARM_CM3/portmacro.h **** 	return xReturn;
 189:Middlewares/Third_Party/FreeRTOS/Source/portable/GCC/ARM_CM3/portmacro.h **** }
 190:Middlewares/Third_Party/FreeRTOS/Source/portable/GCC/ARM_CM3/portmacro.h **** 
 191:Middlewares/Third_Party/FreeRTOS/Source/portable/GCC/ARM_CM3/portmacro.h **** /*-----------------------------------------------------------*/
 192:Middlewares/Third_Party/FreeRTOS/Source/portable/GCC/ARM_CM3/portmacro.h **** 
 193:Middlewares/Third_Party/FreeRTOS/Source/portable/GCC/ARM_CM3/portmacro.h **** portFORCE_INLINE static void vPortRaiseBASEPRI( void )
 110              		.loc 2 193 30 view .LVU24
 111              	.LBB98:
 194:Middlewares/Third_Party/FreeRTOS/Source/portable/GCC/ARM_CM3/portmacro.h **** {
 195:Middlewares/Third_Party/FreeRTOS/Source/portable/GCC/ARM_CM3/portmacro.h **** uint32_t ulNewBASEPRI;
 112              		.loc 2 195 1 view .LVU25
 196:Middlewares/Third_Party/FreeRTOS/Source/portable/GCC/ARM_CM3/portmacro.h **** 
 197:Middlewares/Third_Party/FreeRTOS/Source/portable/GCC/ARM_CM3/portmacro.h **** 	__asm volatile
 113              		.loc 2 197 2 view .LVU26
 114              		.syntax unified
 115              	@ 197 "Middlewares/Third_Party/FreeRTOS/Source/portable/GCC/ARM_CM3/portmacro.h" 1
 116 0016 4FF05003 			mov r3, #80												
 117 001a 83F31188 		msr basepri, r3											
 118 001e BFF36F8F 		isb														
 119 0022 BFF34F8F 		dsb														
 120              	
 121              	@ 0 "" 2
ARM GAS  D:\software\msy64\tmp\cc3F8ZqV.s 			page 28


 122              		.thumb
 123              		.syntax unified
 124              	.L5:
 125              	.LBE98:
 126              	.LBE97:
 127              		.loc 1 1224 3 discriminator 3 view .LVU27
 128              		.loc 1 1224 3 discriminator 3 view .LVU28
 129 0026 FEE7     		b	.L5
 130              	.L4:
 131              		.loc 1 1224 90 discriminator 2 view .LVU29
 132              	.LBE96:
1225:Middlewares/Third_Party/FreeRTOS/Source/stream_buffer.c **** 	} /*lint !e529 !e438 xWriteValue is only used if configASSERT() is defined. */
1226:Middlewares/Third_Party/FreeRTOS/Source/stream_buffer.c **** 	#endif
1227:Middlewares/Third_Party/FreeRTOS/Source/stream_buffer.c **** 
1228:Middlewares/Third_Party/FreeRTOS/Source/stream_buffer.c **** 	( void ) memset( ( void * ) pxStreamBuffer, 0x00, sizeof( StreamBuffer_t ) ); /*lint !e9087 memset
 133              		.loc 1 1228 2 view .LVU30
 134              		.loc 1 1228 11 is_stmt 0 view .LVU31
 135 0028 2022     		movs	r2, #32
 136 002a 0021     		movs	r1, #0
 137 002c 3846     		mov	r0, r7
 138 002e FFF7FEFF 		bl	memset
 139              	.LVL10:
1229:Middlewares/Third_Party/FreeRTOS/Source/stream_buffer.c **** 	pxStreamBuffer->pucBuffer = pucBuffer;
 140              		.loc 1 1229 2 is_stmt 1 view .LVU32
 141              		.loc 1 1229 28 is_stmt 0 view .LVU33
 142 0032 BC61     		str	r4, [r7, #24]
1230:Middlewares/Third_Party/FreeRTOS/Source/stream_buffer.c **** 	pxStreamBuffer->xLength = xBufferSizeBytes;
 143              		.loc 1 1230 2 is_stmt 1 view .LVU34
 144              		.loc 1 1230 26 is_stmt 0 view .LVU35
 145 0034 BE60     		str	r6, [r7, #8]
1231:Middlewares/Third_Party/FreeRTOS/Source/stream_buffer.c **** 	pxStreamBuffer->xTriggerLevelBytes = xTriggerLevelBytes;
 146              		.loc 1 1231 2 is_stmt 1 view .LVU36
 147              		.loc 1 1231 37 is_stmt 0 view .LVU37
 148 0036 FD60     		str	r5, [r7, #12]
1232:Middlewares/Third_Party/FreeRTOS/Source/stream_buffer.c **** 	pxStreamBuffer->ucFlags = ucFlags;
 149              		.loc 1 1232 2 is_stmt 1 view .LVU38
 150              		.loc 1 1232 26 is_stmt 0 view .LVU39
 151 0038 9DF81830 		ldrb	r3, [sp, #24]	@ zero_extendqisi2
 152 003c 3B77     		strb	r3, [r7, #28]
1233:Middlewares/Third_Party/FreeRTOS/Source/stream_buffer.c **** }
 153              		.loc 1 1233 1 view .LVU40
 154 003e F8BD     		pop	{r3, r4, r5, r6, r7, pc}
 155              		.loc 1 1233 1 view .LVU41
 156              		.cfi_endproc
 157              	.LFE26:
 159              		.section	.text.prvWriteBytesToBuffer,"ax",%progbits
 160              		.align	1
 161              		.syntax unified
 162              		.thumb
 163              		.thumb_func
 165              	prvWriteBytesToBuffer:
 166              	.LVL11:
 167              	.LFB23:
1089:Middlewares/Third_Party/FreeRTOS/Source/stream_buffer.c **** size_t xNextHead, xFirstLength;
 168              		.loc 1 1089 1 is_stmt 1 view -0
 169              		.cfi_startproc
 170              		@ args = 0, pretend = 0, frame = 0
ARM GAS  D:\software\msy64\tmp\cc3F8ZqV.s 			page 29


 171              		@ frame_needed = 0, uses_anonymous_args = 0
1090:Middlewares/Third_Party/FreeRTOS/Source/stream_buffer.c **** 
 172              		.loc 1 1090 1 view .LVU43
1092:Middlewares/Third_Party/FreeRTOS/Source/stream_buffer.c **** 
 173              		.loc 1 1092 2 view .LVU44
 174 0000 42B9     		cbnz	r2, .L8
1092:Middlewares/Third_Party/FreeRTOS/Source/stream_buffer.c **** 
 175              		.loc 1 1092 2 discriminator 1 view .LVU45
 176              	.LBB99:
 177              	.LBI99:
 193:Middlewares/Third_Party/FreeRTOS/Source/portable/GCC/ARM_CM3/portmacro.h **** {
 178              		.loc 2 193 30 view .LVU46
 179              	.LBB100:
 195:Middlewares/Third_Party/FreeRTOS/Source/portable/GCC/ARM_CM3/portmacro.h **** 
 180              		.loc 2 195 1 view .LVU47
 181              		.loc 2 197 2 view .LVU48
 182              		.syntax unified
 183              	@ 197 "Middlewares/Third_Party/FreeRTOS/Source/portable/GCC/ARM_CM3/portmacro.h" 1
 184 0002 4FF05003 			mov r3, #80												
 185 0006 83F31188 		msr basepri, r3											
 186 000a BFF36F8F 		isb														
 187 000e BFF34F8F 		dsb														
 188              	
 189              	@ 0 "" 2
 190              		.thumb
 191              		.syntax unified
 192              	.L9:
 193              	.LBE100:
 194              	.LBE99:
1092:Middlewares/Third_Party/FreeRTOS/Source/stream_buffer.c **** 
 195              		.loc 1 1092 2 discriminator 3 view .LVU49
1092:Middlewares/Third_Party/FreeRTOS/Source/stream_buffer.c **** 
 196              		.loc 1 1092 2 discriminator 3 view .LVU50
 197 0012 FEE7     		b	.L9
 198              	.L8:
1089:Middlewares/Third_Party/FreeRTOS/Source/stream_buffer.c **** size_t xNextHead, xFirstLength;
 199              		.loc 1 1089 1 is_stmt 0 view .LVU51
 200 0014 2DE9F041 		push	{r4, r5, r6, r7, r8, lr}
 201              	.LCFI1:
 202              		.cfi_def_cfa_offset 24
 203              		.cfi_offset 4, -24
 204              		.cfi_offset 5, -20
 205              		.cfi_offset 6, -16
 206              		.cfi_offset 7, -12
 207              		.cfi_offset 8, -8
 208              		.cfi_offset 14, -4
 209 0018 0446     		mov	r4, r0
 210 001a 0E46     		mov	r6, r1
 211 001c 1746     		mov	r7, r2
1092:Middlewares/Third_Party/FreeRTOS/Source/stream_buffer.c **** 
 212              		.loc 1 1092 39 is_stmt 1 discriminator 2 view .LVU52
1094:Middlewares/Third_Party/FreeRTOS/Source/stream_buffer.c **** 
 213              		.loc 1 1094 2 view .LVU53
1094:Middlewares/Third_Party/FreeRTOS/Source/stream_buffer.c **** 
 214              		.loc 1 1094 12 is_stmt 0 view .LVU54
 215 001e D0F80480 		ldr	r8, [r0, #4]
 216              	.LVL12:
ARM GAS  D:\software\msy64\tmp\cc3F8ZqV.s 			page 30


1099:Middlewares/Third_Party/FreeRTOS/Source/stream_buffer.c **** 
 217              		.loc 1 1099 2 is_stmt 1 view .LVU55
1099:Middlewares/Third_Party/FreeRTOS/Source/stream_buffer.c **** 
 218              		.loc 1 1099 17 is_stmt 0 view .LVU56
 219 0022 8368     		ldr	r3, [r0, #8]
 220 0024 A3EB0805 		sub	r5, r3, r8
1099:Middlewares/Third_Party/FreeRTOS/Source/stream_buffer.c **** 
 221              		.loc 1 1099 15 view .LVU57
 222 0028 9542     		cmp	r5, r2
 223 002a 28BF     		it	cs
 224 002c 1546     		movcs	r5, r2
 225              	.LVL13:
1102:Middlewares/Third_Party/FreeRTOS/Source/stream_buffer.c **** 	( void ) memcpy( ( void* ) ( &( pxStreamBuffer->pucBuffer[ xNextHead ] ) ), ( const void * ) pucDa
 226              		.loc 1 1102 2 is_stmt 1 view .LVU58
 227 002e 08EB0502 		add	r2, r8, r5
 228              	.LVL14:
1102:Middlewares/Third_Party/FreeRTOS/Source/stream_buffer.c **** 	( void ) memcpy( ( void* ) ( &( pxStreamBuffer->pucBuffer[ xNextHead ] ) ), ( const void * ) pucDa
 229              		.loc 1 1102 2 is_stmt 0 view .LVU59
 230 0032 9342     		cmp	r3, r2
 231 0034 08D2     		bcs	.L10
1102:Middlewares/Third_Party/FreeRTOS/Source/stream_buffer.c **** 	( void ) memcpy( ( void* ) ( &( pxStreamBuffer->pucBuffer[ xNextHead ] ) ), ( const void * ) pucDa
 232              		.loc 1 1102 2 is_stmt 1 discriminator 1 view .LVU60
 233              	.LBB101:
 234              	.LBI101:
 193:Middlewares/Third_Party/FreeRTOS/Source/portable/GCC/ARM_CM3/portmacro.h **** {
 235              		.loc 2 193 30 view .LVU61
 236              	.LBB102:
 195:Middlewares/Third_Party/FreeRTOS/Source/portable/GCC/ARM_CM3/portmacro.h **** 
 237              		.loc 2 195 1 view .LVU62
 238              		.loc 2 197 2 view .LVU63
 239              		.syntax unified
 240              	@ 197 "Middlewares/Third_Party/FreeRTOS/Source/portable/GCC/ARM_CM3/portmacro.h" 1
 241 0036 4FF05003 			mov r3, #80												
 242 003a 83F31188 		msr basepri, r3											
 243 003e BFF36F8F 		isb														
 244 0042 BFF34F8F 		dsb														
 245              	
 246              	@ 0 "" 2
 247              		.thumb
 248              		.syntax unified
 249              	.L11:
 250              	.LBE102:
 251              	.LBE101:
1102:Middlewares/Third_Party/FreeRTOS/Source/stream_buffer.c **** 	( void ) memcpy( ( void* ) ( &( pxStreamBuffer->pucBuffer[ xNextHead ] ) ), ( const void * ) pucDa
 252              		.loc 1 1102 2 discriminator 3 view .LVU64
1102:Middlewares/Third_Party/FreeRTOS/Source/stream_buffer.c **** 	( void ) memcpy( ( void* ) ( &( pxStreamBuffer->pucBuffer[ xNextHead ] ) ), ( const void * ) pucDa
 253              		.loc 1 1102 2 discriminator 3 view .LVU65
 254 0046 FEE7     		b	.L11
 255              	.L10:
1102:Middlewares/Third_Party/FreeRTOS/Source/stream_buffer.c **** 	( void ) memcpy( ( void* ) ( &( pxStreamBuffer->pucBuffer[ xNextHead ] ) ), ( const void * ) pucDa
 256              		.loc 1 1102 73 discriminator 2 view .LVU66
1103:Middlewares/Third_Party/FreeRTOS/Source/stream_buffer.c **** 
 257              		.loc 1 1103 2 view .LVU67
1103:Middlewares/Third_Party/FreeRTOS/Source/stream_buffer.c **** 
 258              		.loc 1 1103 48 is_stmt 0 view .LVU68
 259 0048 8069     		ldr	r0, [r0, #24]
 260              	.LVL15:
ARM GAS  D:\software\msy64\tmp\cc3F8ZqV.s 			page 31


1103:Middlewares/Third_Party/FreeRTOS/Source/stream_buffer.c **** 
 261              		.loc 1 1103 11 view .LVU69
 262 004a 2A46     		mov	r2, r5
 263 004c 4044     		add	r0, r0, r8
 264 004e FFF7FEFF 		bl	memcpy
 265              	.LVL16:
1107:Middlewares/Third_Party/FreeRTOS/Source/stream_buffer.c **** 	{
 266              		.loc 1 1107 2 is_stmt 1 view .LVU70
1107:Middlewares/Third_Party/FreeRTOS/Source/stream_buffer.c **** 	{
 267              		.loc 1 1107 4 is_stmt 0 view .LVU71
 268 0052 AF42     		cmp	r7, r5
 269 0054 10D9     		bls	.L12
1110:Middlewares/Third_Party/FreeRTOS/Source/stream_buffer.c **** 		( void ) memcpy( ( void * ) pxStreamBuffer->pucBuffer, ( const void * ) &( pucData[ xFirstLength 
 270              		.loc 1 1110 3 is_stmt 1 view .LVU72
 271 0056 7A1B     		subs	r2, r7, r5
 272 0058 A368     		ldr	r3, [r4, #8]
 273 005a 9A42     		cmp	r2, r3
 274 005c 08D9     		bls	.L13
1110:Middlewares/Third_Party/FreeRTOS/Source/stream_buffer.c **** 		( void ) memcpy( ( void * ) pxStreamBuffer->pucBuffer, ( const void * ) &( pucData[ xFirstLength 
 275              		.loc 1 1110 3 discriminator 1 view .LVU73
 276              	.LBB103:
 277              	.LBI103:
 193:Middlewares/Third_Party/FreeRTOS/Source/portable/GCC/ARM_CM3/portmacro.h **** {
 278              		.loc 2 193 30 view .LVU74
 279              	.LBB104:
 195:Middlewares/Third_Party/FreeRTOS/Source/portable/GCC/ARM_CM3/portmacro.h **** 
 280              		.loc 2 195 1 view .LVU75
 281              		.loc 2 197 2 view .LVU76
 282              		.syntax unified
 283              	@ 197 "Middlewares/Third_Party/FreeRTOS/Source/portable/GCC/ARM_CM3/portmacro.h" 1
 284 005e 4FF05003 			mov r3, #80												
 285 0062 83F31188 		msr basepri, r3											
 286 0066 BFF36F8F 		isb														
 287 006a BFF34F8F 		dsb														
 288              	
 289              	@ 0 "" 2
 290              		.thumb
 291              		.syntax unified
 292              	.L14:
 293              	.LBE104:
 294              	.LBE103:
1110:Middlewares/Third_Party/FreeRTOS/Source/stream_buffer.c **** 		( void ) memcpy( ( void * ) pxStreamBuffer->pucBuffer, ( const void * ) &( pucData[ xFirstLength 
 295              		.loc 1 1110 3 discriminator 3 view .LVU77
1110:Middlewares/Third_Party/FreeRTOS/Source/stream_buffer.c **** 		( void ) memcpy( ( void * ) pxStreamBuffer->pucBuffer, ( const void * ) &( pucData[ xFirstLength 
 296              		.loc 1 1110 3 discriminator 3 view .LVU78
 297 006e FEE7     		b	.L14
 298              	.L13:
1110:Middlewares/Third_Party/FreeRTOS/Source/stream_buffer.c **** 		( void ) memcpy( ( void * ) pxStreamBuffer->pucBuffer, ( const void * ) &( pucData[ xFirstLength 
 299              		.loc 1 1110 71 discriminator 2 view .LVU79
1111:Middlewares/Third_Party/FreeRTOS/Source/stream_buffer.c **** 	}
 300              		.loc 1 1111 3 view .LVU80
1111:Middlewares/Third_Party/FreeRTOS/Source/stream_buffer.c **** 	}
 301              		.loc 1 1111 12 is_stmt 0 view .LVU81
 302 0070 7119     		adds	r1, r6, r5
 303 0072 A069     		ldr	r0, [r4, #24]
 304 0074 FFF7FEFF 		bl	memcpy
 305              	.LVL17:
ARM GAS  D:\software\msy64\tmp\cc3F8ZqV.s 			page 32


 306              	.L12:
1115:Middlewares/Third_Party/FreeRTOS/Source/stream_buffer.c **** 	}
 307              		.loc 1 1115 27 is_stmt 1 view .LVU82
1118:Middlewares/Third_Party/FreeRTOS/Source/stream_buffer.c **** 	if( xNextHead >= pxStreamBuffer->xLength )
 308              		.loc 1 1118 2 view .LVU83
1118:Middlewares/Third_Party/FreeRTOS/Source/stream_buffer.c **** 	if( xNextHead >= pxStreamBuffer->xLength )
 309              		.loc 1 1118 12 is_stmt 0 view .LVU84
 310 0078 07EB0803 		add	r3, r7, r8
 311              	.LVL18:
1119:Middlewares/Third_Party/FreeRTOS/Source/stream_buffer.c **** 	{
 312              		.loc 1 1119 2 is_stmt 1 view .LVU85
1119:Middlewares/Third_Party/FreeRTOS/Source/stream_buffer.c **** 	{
 313              		.loc 1 1119 33 is_stmt 0 view .LVU86
 314 007c A268     		ldr	r2, [r4, #8]
1119:Middlewares/Third_Party/FreeRTOS/Source/stream_buffer.c **** 	{
 315              		.loc 1 1119 4 view .LVU87
 316 007e 9A42     		cmp	r2, r3
 317 0080 00D8     		bhi	.L15
1121:Middlewares/Third_Party/FreeRTOS/Source/stream_buffer.c **** 	}
 318              		.loc 1 1121 3 is_stmt 1 view .LVU88
1121:Middlewares/Third_Party/FreeRTOS/Source/stream_buffer.c **** 	}
 319              		.loc 1 1121 13 is_stmt 0 view .LVU89
 320 0082 9B1A     		subs	r3, r3, r2
 321              	.LVL19:
 322              	.L15:
1125:Middlewares/Third_Party/FreeRTOS/Source/stream_buffer.c **** 	}
 323              		.loc 1 1125 27 is_stmt 1 view .LVU90
1128:Middlewares/Third_Party/FreeRTOS/Source/stream_buffer.c **** 
 324              		.loc 1 1128 2 view .LVU91
1128:Middlewares/Third_Party/FreeRTOS/Source/stream_buffer.c **** 
 325              		.loc 1 1128 24 is_stmt 0 view .LVU92
 326 0084 6360     		str	r3, [r4, #4]
1130:Middlewares/Third_Party/FreeRTOS/Source/stream_buffer.c **** }
 327              		.loc 1 1130 2 is_stmt 1 view .LVU93
1131:Middlewares/Third_Party/FreeRTOS/Source/stream_buffer.c **** /*-----------------------------------------------------------*/
 328              		.loc 1 1131 1 is_stmt 0 view .LVU94
 329 0086 3846     		mov	r0, r7
 330 0088 BDE8F081 		pop	{r4, r5, r6, r7, r8, pc}
1131:Middlewares/Third_Party/FreeRTOS/Source/stream_buffer.c **** /*-----------------------------------------------------------*/
 331              		.loc 1 1131 1 view .LVU95
 332              		.cfi_endproc
 333              	.LFE23:
 335              		.section	.text.prvWriteMessageToBuffer,"ax",%progbits
 336              		.align	1
 337              		.syntax unified
 338              		.thumb
 339              		.thumb_func
 341              	prvWriteMessageToBuffer:
 342              	.LVL20:
 343              	.LFB14:
 666:Middlewares/Third_Party/FreeRTOS/Source/stream_buffer.c **** 	BaseType_t xShouldWrite;
 344              		.loc 1 666 1 is_stmt 1 view -0
 345              		.cfi_startproc
 346              		@ args = 4, pretend = 0, frame = 8
 347              		@ frame_needed = 0, uses_anonymous_args = 0
 666:Middlewares/Third_Party/FreeRTOS/Source/stream_buffer.c **** 	BaseType_t xShouldWrite;
 348              		.loc 1 666 1 is_stmt 0 view .LVU97
ARM GAS  D:\software\msy64\tmp\cc3F8ZqV.s 			page 33


 349 0000 30B5     		push	{r4, r5, lr}
 350              	.LCFI2:
 351              		.cfi_def_cfa_offset 12
 352              		.cfi_offset 4, -12
 353              		.cfi_offset 5, -8
 354              		.cfi_offset 14, -4
 355 0002 83B0     		sub	sp, sp, #12
 356              	.LCFI3:
 357              		.cfi_def_cfa_offset 24
 358 0004 0546     		mov	r5, r0
 359 0006 0192     		str	r2, [sp, #4]
 667:Middlewares/Third_Party/FreeRTOS/Source/stream_buffer.c **** 	size_t xReturn;
 360              		.loc 1 667 2 is_stmt 1 view .LVU98
 668:Middlewares/Third_Party/FreeRTOS/Source/stream_buffer.c **** 
 361              		.loc 1 668 2 view .LVU99
 670:Middlewares/Third_Party/FreeRTOS/Source/stream_buffer.c **** 	{
 362              		.loc 1 670 2 view .LVU100
 670:Middlewares/Third_Party/FreeRTOS/Source/stream_buffer.c **** 	{
 363              		.loc 1 670 4 is_stmt 0 view .LVU101
 364 0008 1846     		mov	r0, r3
 365              	.LVL21:
 670:Middlewares/Third_Party/FreeRTOS/Source/stream_buffer.c **** 	{
 366              		.loc 1 670 4 view .LVU102
 367 000a 6BB1     		cbz	r3, .L19
 368 000c 0C46     		mov	r4, r1
 676:Middlewares/Third_Party/FreeRTOS/Source/stream_buffer.c **** 	{
 369              		.loc 1 676 7 is_stmt 1 view .LVU103
 676:Middlewares/Third_Party/FreeRTOS/Source/stream_buffer.c **** 	{
 370              		.loc 1 676 27 is_stmt 0 view .LVU104
 371 000e 2B7F     		ldrb	r3, [r5, #28]	@ zero_extendqisi2
 372              	.LVL22:
 676:Middlewares/Third_Party/FreeRTOS/Source/stream_buffer.c **** 	{
 373              		.loc 1 676 9 view .LVU105
 374 0010 13F0010F 		tst	r3, #1
 375 0014 0AD1     		bne	.L20
 681:Middlewares/Third_Party/FreeRTOS/Source/stream_buffer.c **** 		xDataLengthBytes = configMIN( xDataLengthBytes, xSpace );
 376              		.loc 1 681 3 is_stmt 1 view .LVU106
 377              	.LVL23:
 682:Middlewares/Third_Party/FreeRTOS/Source/stream_buffer.c **** 	}
 378              		.loc 1 682 3 view .LVU107
 682:Middlewares/Third_Party/FreeRTOS/Source/stream_buffer.c **** 	}
 379              		.loc 1 682 22 is_stmt 0 view .LVU108
 380 0016 9042     		cmp	r0, r2
 381 0018 28BF     		it	cs
 382 001a 1046     		movcs	r0, r2
 383              	.LVL24:
 682:Middlewares/Third_Party/FreeRTOS/Source/stream_buffer.c **** 	}
 384              		.loc 1 682 20 view .LVU109
 385 001c 0190     		str	r0, [sp, #4]
 699:Middlewares/Third_Party/FreeRTOS/Source/stream_buffer.c **** 	{
 386              		.loc 1 699 2 is_stmt 1 view .LVU110
 387              	.LVL25:
 388              	.L21:
 702:Middlewares/Third_Party/FreeRTOS/Source/stream_buffer.c **** 	}
 389              		.loc 1 702 3 view .LVU111
 702:Middlewares/Third_Party/FreeRTOS/Source/stream_buffer.c **** 	}
 390              		.loc 1 702 13 is_stmt 0 view .LVU112
ARM GAS  D:\software\msy64\tmp\cc3F8ZqV.s 			page 34


 391 001e 019A     		ldr	r2, [sp, #4]
 392 0020 2146     		mov	r1, r4
 393 0022 2846     		mov	r0, r5
 394 0024 FFF7FEFF 		bl	prvWriteBytesToBuffer
 395              	.LVL26:
 396              	.L19:
 709:Middlewares/Third_Party/FreeRTOS/Source/stream_buffer.c **** }
 397              		.loc 1 709 2 is_stmt 1 view .LVU113
 710:Middlewares/Third_Party/FreeRTOS/Source/stream_buffer.c **** /*-----------------------------------------------------------*/
 398              		.loc 1 710 1 is_stmt 0 view .LVU114
 399 0028 03B0     		add	sp, sp, #12
 400              	.LCFI4:
 401              		.cfi_remember_state
 402              		.cfi_def_cfa_offset 12
 403              		@ sp needed
 404 002a 30BD     		pop	{r4, r5, pc}
 405              	.LVL27:
 406              	.L20:
 407              	.LCFI5:
 408              		.cfi_restore_state
 684:Middlewares/Third_Party/FreeRTOS/Source/stream_buffer.c **** 	{
 409              		.loc 1 684 7 is_stmt 1 view .LVU115
 684:Middlewares/Third_Party/FreeRTOS/Source/stream_buffer.c **** 	{
 410              		.loc 1 684 9 is_stmt 0 view .LVU116
 411 002c 069B     		ldr	r3, [sp, #24]
 412 002e 9842     		cmp	r0, r3
 413 0030 01D2     		bcs	.L24
 706:Middlewares/Third_Party/FreeRTOS/Source/stream_buffer.c **** 	}
 414              		.loc 1 706 11 view .LVU117
 415 0032 0020     		movs	r0, #0
 416              	.LVL28:
 706:Middlewares/Third_Party/FreeRTOS/Source/stream_buffer.c **** 	}
 417              		.loc 1 706 11 view .LVU118
 418 0034 F8E7     		b	.L19
 419              	.LVL29:
 420              	.L24:
 690:Middlewares/Third_Party/FreeRTOS/Source/stream_buffer.c **** 		( void ) prvWriteBytesToBuffer( pxStreamBuffer, ( const uint8_t * ) &( xDataLengthBytes ), sbBYTE
 421              		.loc 1 690 3 is_stmt 1 view .LVU119
 691:Middlewares/Third_Party/FreeRTOS/Source/stream_buffer.c **** 	}
 422              		.loc 1 691 3 view .LVU120
 691:Middlewares/Third_Party/FreeRTOS/Source/stream_buffer.c **** 	}
 423              		.loc 1 691 12 is_stmt 0 view .LVU121
 424 0036 0422     		movs	r2, #4
 425              	.LVL30:
 691:Middlewares/Third_Party/FreeRTOS/Source/stream_buffer.c **** 	}
 426              		.loc 1 691 12 view .LVU122
 427 0038 0DEB0201 		add	r1, sp, r2
 428              	.LVL31:
 691:Middlewares/Third_Party/FreeRTOS/Source/stream_buffer.c **** 	}
 429              		.loc 1 691 12 view .LVU123
 430 003c 2846     		mov	r0, r5
 431              	.LVL32:
 691:Middlewares/Third_Party/FreeRTOS/Source/stream_buffer.c **** 	}
 432              		.loc 1 691 12 view .LVU124
 433 003e FFF7FEFF 		bl	prvWriteBytesToBuffer
 434              	.LVL33:
 699:Middlewares/Third_Party/FreeRTOS/Source/stream_buffer.c **** 	{
ARM GAS  D:\software\msy64\tmp\cc3F8ZqV.s 			page 35


 435              		.loc 1 699 2 is_stmt 1 view .LVU125
 436 0042 ECE7     		b	.L21
 437              		.cfi_endproc
 438              	.LFE14:
 440              		.section	.text.prvReadBytesFromBuffer,"ax",%progbits
 441              		.align	1
 442              		.syntax unified
 443              		.thumb
 444              		.thumb_func
 446              	prvReadBytesFromBuffer:
 447              	.LVL34:
 448              	.LFB24:
1135:Middlewares/Third_Party/FreeRTOS/Source/stream_buffer.c **** size_t xCount, xFirstLength, xNextTail;
 449              		.loc 1 1135 1 view -0
 450              		.cfi_startproc
 451              		@ args = 0, pretend = 0, frame = 0
 452              		@ frame_needed = 0, uses_anonymous_args = 0
1135:Middlewares/Third_Party/FreeRTOS/Source/stream_buffer.c **** size_t xCount, xFirstLength, xNextTail;
 453              		.loc 1 1135 1 is_stmt 0 view .LVU127
 454 0000 2DE9F041 		push	{r4, r5, r6, r7, r8, lr}
 455              	.LCFI6:
 456              		.cfi_def_cfa_offset 24
 457              		.cfi_offset 4, -24
 458              		.cfi_offset 5, -20
 459              		.cfi_offset 6, -16
 460              		.cfi_offset 7, -12
 461              		.cfi_offset 8, -8
 462              		.cfi_offset 14, -4
1136:Middlewares/Third_Party/FreeRTOS/Source/stream_buffer.c **** 
 463              		.loc 1 1136 1 is_stmt 1 view .LVU128
1139:Middlewares/Third_Party/FreeRTOS/Source/stream_buffer.c **** 
 464              		.loc 1 1139 2 view .LVU129
1139:Middlewares/Third_Party/FreeRTOS/Source/stream_buffer.c **** 
 465              		.loc 1 1139 9 is_stmt 0 view .LVU130
 466 0004 9342     		cmp	r3, r2
 467 0006 28BF     		it	cs
 468 0008 1346     		movcs	r3, r2
 469              	.LVL35:
1139:Middlewares/Third_Party/FreeRTOS/Source/stream_buffer.c **** 
 470              		.loc 1 1139 9 view .LVU131
 471 000a 1C46     		mov	r4, r3
 472              	.LVL36:
1141:Middlewares/Third_Party/FreeRTOS/Source/stream_buffer.c **** 	{
 473              		.loc 1 1141 2 is_stmt 1 view .LVU132
1141:Middlewares/Third_Party/FreeRTOS/Source/stream_buffer.c **** 	{
 474              		.loc 1 1141 4 is_stmt 0 view .LVU133
 475 000c 83B3     		cbz	r3, .L25
 476 000e 0646     		mov	r6, r0
 477 0010 0F46     		mov	r7, r1
1143:Middlewares/Third_Party/FreeRTOS/Source/stream_buffer.c **** 
 478              		.loc 1 1143 3 is_stmt 1 view .LVU134
1143:Middlewares/Third_Party/FreeRTOS/Source/stream_buffer.c **** 
 479              		.loc 1 1143 13 is_stmt 0 view .LVU135
 480 0012 D0F80080 		ldr	r8, [r0]
 481              	.LVL37:
1148:Middlewares/Third_Party/FreeRTOS/Source/stream_buffer.c **** 
 482              		.loc 1 1148 3 is_stmt 1 view .LVU136
ARM GAS  D:\software\msy64\tmp\cc3F8ZqV.s 			page 36


1148:Middlewares/Third_Party/FreeRTOS/Source/stream_buffer.c **** 
 483              		.loc 1 1148 18 is_stmt 0 view .LVU137
 484 0016 8368     		ldr	r3, [r0, #8]
 485              	.LVL38:
1148:Middlewares/Third_Party/FreeRTOS/Source/stream_buffer.c **** 
 486              		.loc 1 1148 18 view .LVU138
 487 0018 A3EB0805 		sub	r5, r3, r8
1148:Middlewares/Third_Party/FreeRTOS/Source/stream_buffer.c **** 
 488              		.loc 1 1148 16 view .LVU139
 489 001c A542     		cmp	r5, r4
 490 001e 28BF     		it	cs
 491 0020 2546     		movcs	r5, r4
 492              	.LVL39:
1152:Middlewares/Third_Party/FreeRTOS/Source/stream_buffer.c **** 		configASSERT( ( xNextTail + xFirstLength ) <= pxStreamBuffer->xLength );
 493              		.loc 1 1152 3 is_stmt 1 view .LVU140
 494 0022 AA42     		cmp	r2, r5
 495 0024 08D2     		bcs	.L27
1152:Middlewares/Third_Party/FreeRTOS/Source/stream_buffer.c **** 		configASSERT( ( xNextTail + xFirstLength ) <= pxStreamBuffer->xLength );
 496              		.loc 1 1152 3 discriminator 1 view .LVU141
 497              	.LBB105:
 498              	.LBI105:
 193:Middlewares/Third_Party/FreeRTOS/Source/portable/GCC/ARM_CM3/portmacro.h **** {
 499              		.loc 2 193 30 view .LVU142
 500              	.LBB106:
 195:Middlewares/Third_Party/FreeRTOS/Source/portable/GCC/ARM_CM3/portmacro.h **** 
 501              		.loc 2 195 1 view .LVU143
 502              		.loc 2 197 2 view .LVU144
 503              		.syntax unified
 504              	@ 197 "Middlewares/Third_Party/FreeRTOS/Source/portable/GCC/ARM_CM3/portmacro.h" 1
 505 0026 4FF05003 			mov r3, #80												
 506 002a 83F31188 		msr basepri, r3											
 507 002e BFF36F8F 		isb														
 508 0032 BFF34F8F 		dsb														
 509              	
 510              	@ 0 "" 2
 511              		.thumb
 512              		.syntax unified
 513              	.L28:
 514              	.LBE106:
 515              	.LBE105:
1152:Middlewares/Third_Party/FreeRTOS/Source/stream_buffer.c **** 		configASSERT( ( xNextTail + xFirstLength ) <= pxStreamBuffer->xLength );
 516              		.loc 1 1152 3 discriminator 3 view .LVU145
1152:Middlewares/Third_Party/FreeRTOS/Source/stream_buffer.c **** 		configASSERT( ( xNextTail + xFirstLength ) <= pxStreamBuffer->xLength );
 517              		.loc 1 1152 3 discriminator 3 view .LVU146
 518 0036 FEE7     		b	.L28
 519              	.L27:
1152:Middlewares/Third_Party/FreeRTOS/Source/stream_buffer.c **** 		configASSERT( ( xNextTail + xFirstLength ) <= pxStreamBuffer->xLength );
 520              		.loc 1 1152 44 discriminator 2 view .LVU147
1153:Middlewares/Third_Party/FreeRTOS/Source/stream_buffer.c **** 		( void ) memcpy( ( void * ) pucData, ( const void * ) &( pxStreamBuffer->pucBuffer[ xNextTail ] )
 521              		.loc 1 1153 3 view .LVU148
 522 0038 08EB0502 		add	r2, r8, r5
 523              	.LVL40:
1153:Middlewares/Third_Party/FreeRTOS/Source/stream_buffer.c **** 		( void ) memcpy( ( void * ) pucData, ( const void * ) &( pxStreamBuffer->pucBuffer[ xNextTail ] )
 524              		.loc 1 1153 3 is_stmt 0 view .LVU149
 525 003c 9342     		cmp	r3, r2
 526 003e 08D2     		bcs	.L29
1153:Middlewares/Third_Party/FreeRTOS/Source/stream_buffer.c **** 		( void ) memcpy( ( void * ) pucData, ( const void * ) &( pxStreamBuffer->pucBuffer[ xNextTail ] )
ARM GAS  D:\software\msy64\tmp\cc3F8ZqV.s 			page 37


 527              		.loc 1 1153 3 is_stmt 1 discriminator 1 view .LVU150
 528              	.LBB107:
 529              	.LBI107:
 193:Middlewares/Third_Party/FreeRTOS/Source/portable/GCC/ARM_CM3/portmacro.h **** {
 530              		.loc 2 193 30 view .LVU151
 531              	.LBB108:
 195:Middlewares/Third_Party/FreeRTOS/Source/portable/GCC/ARM_CM3/portmacro.h **** 
 532              		.loc 2 195 1 view .LVU152
 533              		.loc 2 197 2 view .LVU153
 534              		.syntax unified
 535              	@ 197 "Middlewares/Third_Party/FreeRTOS/Source/portable/GCC/ARM_CM3/portmacro.h" 1
 536 0040 4FF05003 			mov r3, #80												
 537 0044 83F31188 		msr basepri, r3											
 538 0048 BFF36F8F 		isb														
 539 004c BFF34F8F 		dsb														
 540              	
 541              	@ 0 "" 2
 542              		.thumb
 543              		.syntax unified
 544              	.L30:
 545              	.LBE108:
 546              	.LBE107:
1153:Middlewares/Third_Party/FreeRTOS/Source/stream_buffer.c **** 		( void ) memcpy( ( void * ) pucData, ( const void * ) &( pxStreamBuffer->pucBuffer[ xNextTail ] )
 547              		.loc 1 1153 3 discriminator 3 view .LVU154
1153:Middlewares/Third_Party/FreeRTOS/Source/stream_buffer.c **** 		( void ) memcpy( ( void * ) pucData, ( const void * ) &( pxStreamBuffer->pucBuffer[ xNextTail ] )
 548              		.loc 1 1153 3 discriminator 3 view .LVU155
 549 0050 FEE7     		b	.L30
 550              	.L29:
1153:Middlewares/Third_Party/FreeRTOS/Source/stream_buffer.c **** 		( void ) memcpy( ( void * ) pucData, ( const void * ) &( pxStreamBuffer->pucBuffer[ xNextTail ] )
 551              		.loc 1 1153 74 discriminator 2 view .LVU156
1154:Middlewares/Third_Party/FreeRTOS/Source/stream_buffer.c **** 
 552              		.loc 1 1154 3 view .LVU157
1154:Middlewares/Third_Party/FreeRTOS/Source/stream_buffer.c **** 
 553              		.loc 1 1154 74 is_stmt 0 view .LVU158
 554 0052 8169     		ldr	r1, [r0, #24]
 555              	.LVL41:
1154:Middlewares/Third_Party/FreeRTOS/Source/stream_buffer.c **** 
 556              		.loc 1 1154 12 view .LVU159
 557 0054 2A46     		mov	r2, r5
 558 0056 4144     		add	r1, r1, r8
 559 0058 3846     		mov	r0, r7
 560              	.LVL42:
1154:Middlewares/Third_Party/FreeRTOS/Source/stream_buffer.c **** 
 561              		.loc 1 1154 12 view .LVU160
 562 005a FFF7FEFF 		bl	memcpy
 563              	.LVL43:
1158:Middlewares/Third_Party/FreeRTOS/Source/stream_buffer.c **** 		{
 564              		.loc 1 1158 3 is_stmt 1 view .LVU161
1158:Middlewares/Third_Party/FreeRTOS/Source/stream_buffer.c **** 		{
 565              		.loc 1 1158 5 is_stmt 0 view .LVU162
 566 005e AC42     		cmp	r4, r5
 567 0060 09D8     		bhi	.L34
 568              	.L31:
1166:Middlewares/Third_Party/FreeRTOS/Source/stream_buffer.c **** 		}
 569              		.loc 1 1166 28 is_stmt 1 view .LVU163
1171:Middlewares/Third_Party/FreeRTOS/Source/stream_buffer.c **** 
 570              		.loc 1 1171 3 view .LVU164
ARM GAS  D:\software\msy64\tmp\cc3F8ZqV.s 			page 38


1171:Middlewares/Third_Party/FreeRTOS/Source/stream_buffer.c **** 
 571              		.loc 1 1171 13 is_stmt 0 view .LVU165
 572 0062 04EB0803 		add	r3, r4, r8
 573              	.LVL44:
1173:Middlewares/Third_Party/FreeRTOS/Source/stream_buffer.c **** 		{
 574              		.loc 1 1173 3 is_stmt 1 view .LVU166
1173:Middlewares/Third_Party/FreeRTOS/Source/stream_buffer.c **** 		{
 575              		.loc 1 1173 34 is_stmt 0 view .LVU167
 576 0066 B268     		ldr	r2, [r6, #8]
1173:Middlewares/Third_Party/FreeRTOS/Source/stream_buffer.c **** 		{
 577              		.loc 1 1173 5 view .LVU168
 578 0068 9A42     		cmp	r2, r3
 579 006a 00D8     		bhi	.L32
1175:Middlewares/Third_Party/FreeRTOS/Source/stream_buffer.c **** 		}
 580              		.loc 1 1175 4 is_stmt 1 view .LVU169
1175:Middlewares/Third_Party/FreeRTOS/Source/stream_buffer.c **** 		}
 581              		.loc 1 1175 14 is_stmt 0 view .LVU170
 582 006c 9B1A     		subs	r3, r3, r2
 583              	.LVL45:
 584              	.L32:
1178:Middlewares/Third_Party/FreeRTOS/Source/stream_buffer.c **** 	}
 585              		.loc 1 1178 3 is_stmt 1 view .LVU171
1178:Middlewares/Third_Party/FreeRTOS/Source/stream_buffer.c **** 	}
 586              		.loc 1 1178 25 is_stmt 0 view .LVU172
 587 006e 3360     		str	r3, [r6]
1182:Middlewares/Third_Party/FreeRTOS/Source/stream_buffer.c **** 	}
 588              		.loc 1 1182 27 is_stmt 1 view .LVU173
1185:Middlewares/Third_Party/FreeRTOS/Source/stream_buffer.c **** }
 589              		.loc 1 1185 2 view .LVU174
 590              	.LVL46:
 591              	.L25:
1186:Middlewares/Third_Party/FreeRTOS/Source/stream_buffer.c **** /*-----------------------------------------------------------*/
 592              		.loc 1 1186 1 is_stmt 0 view .LVU175
 593 0070 2046     		mov	r0, r4
 594 0072 BDE8F081 		pop	{r4, r5, r6, r7, r8, pc}
 595              	.LVL47:
 596              	.L34:
1161:Middlewares/Third_Party/FreeRTOS/Source/stream_buffer.c **** 			( void ) memcpy( ( void * ) &( pucData[ xFirstLength ] ), ( void * ) ( pxStreamBuffer->pucBuffer
 597              		.loc 1 1161 4 is_stmt 1 view .LVU176
1161:Middlewares/Third_Party/FreeRTOS/Source/stream_buffer.c **** 			( void ) memcpy( ( void * ) &( pucData[ xFirstLength ] ), ( void * ) ( pxStreamBuffer->pucBuffer
 598              		.loc 1 1161 39 discriminator 2 view .LVU177
1162:Middlewares/Third_Party/FreeRTOS/Source/stream_buffer.c **** 		}
 599              		.loc 1 1162 4 view .LVU178
1162:Middlewares/Third_Party/FreeRTOS/Source/stream_buffer.c **** 		}
 600              		.loc 1 1162 13 is_stmt 0 view .LVU179
 601 0076 621B     		subs	r2, r4, r5
 602 0078 B169     		ldr	r1, [r6, #24]
 603 007a 7819     		adds	r0, r7, r5
 604 007c FFF7FEFF 		bl	memcpy
 605              	.LVL48:
 606 0080 EFE7     		b	.L31
 607              		.cfi_endproc
 608              	.LFE24:
 610              		.section	.text.prvReadMessageFromBuffer,"ax",%progbits
 611              		.align	1
 612              		.syntax unified
 613              		.thumb
ARM GAS  D:\software\msy64\tmp\cc3F8ZqV.s 			page 39


 614              		.thumb_func
 616              	prvReadMessageFromBuffer:
 617              	.LVL49:
 618              	.LFB18:
 923:Middlewares/Third_Party/FreeRTOS/Source/stream_buffer.c **** size_t xOriginalTail, xReceivedLength, xNextMessageLength;
 619              		.loc 1 923 1 is_stmt 1 view -0
 620              		.cfi_startproc
 621              		@ args = 4, pretend = 0, frame = 8
 622              		@ frame_needed = 0, uses_anonymous_args = 0
 923:Middlewares/Third_Party/FreeRTOS/Source/stream_buffer.c **** size_t xOriginalTail, xReceivedLength, xNextMessageLength;
 623              		.loc 1 923 1 is_stmt 0 view .LVU181
 624 0000 2DE9F043 		push	{r4, r5, r6, r7, r8, r9, lr}
 625              	.LCFI7:
 626              		.cfi_def_cfa_offset 28
 627              		.cfi_offset 4, -28
 628              		.cfi_offset 5, -24
 629              		.cfi_offset 6, -20
 630              		.cfi_offset 7, -16
 631              		.cfi_offset 8, -12
 632              		.cfi_offset 9, -8
 633              		.cfi_offset 14, -4
 634 0004 83B0     		sub	sp, sp, #12
 635              	.LCFI8:
 636              		.cfi_def_cfa_offset 40
 637 0006 0546     		mov	r5, r0
 638 0008 0F46     		mov	r7, r1
 639 000a 1646     		mov	r6, r2
 640 000c 1C46     		mov	r4, r3
 641 000e DDF82880 		ldr	r8, [sp, #40]
 924:Middlewares/Third_Party/FreeRTOS/Source/stream_buffer.c **** configMESSAGE_BUFFER_LENGTH_TYPE xTempNextMessageLength;
 642              		.loc 1 924 1 is_stmt 1 view .LVU182
 925:Middlewares/Third_Party/FreeRTOS/Source/stream_buffer.c **** 
 643              		.loc 1 925 1 view .LVU183
 927:Middlewares/Third_Party/FreeRTOS/Source/stream_buffer.c **** 	{
 644              		.loc 1 927 2 view .LVU184
 927:Middlewares/Third_Party/FreeRTOS/Source/stream_buffer.c **** 	{
 645              		.loc 1 927 4 is_stmt 0 view .LVU185
 646 0012 B8F1000F 		cmp	r8, #0
 647 0016 08D1     		bne	.L39
 648              	.LVL50:
 649              	.L36:
 964:Middlewares/Third_Party/FreeRTOS/Source/stream_buffer.c **** 
 650              		.loc 1 964 2 is_stmt 1 view .LVU186
 964:Middlewares/Third_Party/FreeRTOS/Source/stream_buffer.c **** 
 651              		.loc 1 964 20 is_stmt 0 view .LVU187
 652 0018 2346     		mov	r3, r4
 653 001a 3246     		mov	r2, r6
 654 001c 3946     		mov	r1, r7
 655 001e 2846     		mov	r0, r5
 656 0020 FFF7FEFF 		bl	prvReadBytesFromBuffer
 657              	.LVL51:
 966:Middlewares/Third_Party/FreeRTOS/Source/stream_buffer.c **** }
 658              		.loc 1 966 2 is_stmt 1 view .LVU188
 967:Middlewares/Third_Party/FreeRTOS/Source/stream_buffer.c **** /*-----------------------------------------------------------*/
 659              		.loc 1 967 1 is_stmt 0 view .LVU189
 660 0024 03B0     		add	sp, sp, #12
 661              	.LCFI9:
ARM GAS  D:\software\msy64\tmp\cc3F8ZqV.s 			page 40


 662              		.cfi_remember_state
 663              		.cfi_def_cfa_offset 28
 664              		@ sp needed
 665 0026 BDE8F083 		pop	{r4, r5, r6, r7, r8, r9, pc}
 666              	.LVL52:
 667              	.L39:
 668              	.LCFI10:
 669              		.cfi_restore_state
 933:Middlewares/Third_Party/FreeRTOS/Source/stream_buffer.c **** 		( void ) prvReadBytesFromBuffer( pxStreamBuffer, ( uint8_t * ) &xTempNextMessageLength, xBytesToS
 670              		.loc 1 933 3 is_stmt 1 view .LVU190
 933:Middlewares/Third_Party/FreeRTOS/Source/stream_buffer.c **** 		( void ) prvReadBytesFromBuffer( pxStreamBuffer, ( uint8_t * ) &xTempNextMessageLength, xBytesToS
 671              		.loc 1 933 17 is_stmt 0 view .LVU191
 672 002a D0F80090 		ldr	r9, [r0]
 673              	.LVL53:
 934:Middlewares/Third_Party/FreeRTOS/Source/stream_buffer.c **** 		xNextMessageLength = ( size_t ) xTempNextMessageLength;
 674              		.loc 1 934 3 is_stmt 1 view .LVU192
 934:Middlewares/Third_Party/FreeRTOS/Source/stream_buffer.c **** 		xNextMessageLength = ( size_t ) xTempNextMessageLength;
 675              		.loc 1 934 12 is_stmt 0 view .LVU193
 676 002e 4246     		mov	r2, r8
 677              	.LVL54:
 934:Middlewares/Third_Party/FreeRTOS/Source/stream_buffer.c **** 		xNextMessageLength = ( size_t ) xTempNextMessageLength;
 678              		.loc 1 934 12 view .LVU194
 679 0030 01A9     		add	r1, sp, #4
 680              	.LVL55:
 934:Middlewares/Third_Party/FreeRTOS/Source/stream_buffer.c **** 		xNextMessageLength = ( size_t ) xTempNextMessageLength;
 681              		.loc 1 934 12 view .LVU195
 682 0032 FFF7FEFF 		bl	prvReadBytesFromBuffer
 683              	.LVL56:
 935:Middlewares/Third_Party/FreeRTOS/Source/stream_buffer.c **** 
 684              		.loc 1 935 3 is_stmt 1 view .LVU196
 935:Middlewares/Third_Party/FreeRTOS/Source/stream_buffer.c **** 
 685              		.loc 1 935 22 is_stmt 0 view .LVU197
 686 0036 019B     		ldr	r3, [sp, #4]
 687              	.LVL57:
 939:Middlewares/Third_Party/FreeRTOS/Source/stream_buffer.c **** 
 688              		.loc 1 939 3 is_stmt 1 view .LVU198
 939:Middlewares/Third_Party/FreeRTOS/Source/stream_buffer.c **** 
 689              		.loc 1 939 19 is_stmt 0 view .LVU199
 690 0038 A4EB0804 		sub	r4, r4, r8
 691              	.LVL58:
 943:Middlewares/Third_Party/FreeRTOS/Source/stream_buffer.c **** 		{
 692              		.loc 1 943 3 is_stmt 1 view .LVU200
 943:Middlewares/Third_Party/FreeRTOS/Source/stream_buffer.c **** 		{
 693              		.loc 1 943 5 is_stmt 0 view .LVU201
 694 003c 9E42     		cmp	r6, r3
 695 003e 03D2     		bcs	.L37
 948:Middlewares/Third_Party/FreeRTOS/Source/stream_buffer.c **** 			xNextMessageLength = 0;
 696              		.loc 1 948 4 is_stmt 1 view .LVU202
 948:Middlewares/Third_Party/FreeRTOS/Source/stream_buffer.c **** 			xNextMessageLength = 0;
 697              		.loc 1 948 26 is_stmt 0 view .LVU203
 698 0040 C5F80090 		str	r9, [r5]
 949:Middlewares/Third_Party/FreeRTOS/Source/stream_buffer.c **** 		}
 699              		.loc 1 949 4 is_stmt 1 view .LVU204
 700              	.LVL59:
 949:Middlewares/Third_Party/FreeRTOS/Source/stream_buffer.c **** 		}
 701              		.loc 1 949 23 is_stmt 0 view .LVU205
 702 0044 0026     		movs	r6, #0
ARM GAS  D:\software\msy64\tmp\cc3F8ZqV.s 			page 41


 703              	.LVL60:
 949:Middlewares/Third_Party/FreeRTOS/Source/stream_buffer.c **** 		}
 704              		.loc 1 949 23 view .LVU206
 705 0046 E7E7     		b	.L36
 706              	.LVL61:
 707              	.L37:
 935:Middlewares/Third_Party/FreeRTOS/Source/stream_buffer.c **** 
 708              		.loc 1 935 22 view .LVU207
 709 0048 1E46     		mov	r6, r3
 710              	.LVL62:
 935:Middlewares/Third_Party/FreeRTOS/Source/stream_buffer.c **** 
 711              		.loc 1 935 22 view .LVU208
 712 004a E5E7     		b	.L36
 713              		.cfi_endproc
 714              	.LFE18:
 716              		.section	.text.xStreamBufferGenericCreate,"ax",%progbits
 717              		.align	1
 718              		.global	xStreamBufferGenericCreate
 719              		.syntax unified
 720              		.thumb
 721              		.thumb_func
 723              	xStreamBufferGenericCreate:
 724              	.LVL63:
 725              	.LFB5:
 220:Middlewares/Third_Party/FreeRTOS/Source/stream_buffer.c **** 	uint8_t *pucAllocatedMemory;
 726              		.loc 1 220 2 is_stmt 1 view -0
 727              		.cfi_startproc
 728              		@ args = 0, pretend = 0, frame = 0
 729              		@ frame_needed = 0, uses_anonymous_args = 0
 220:Middlewares/Third_Party/FreeRTOS/Source/stream_buffer.c **** 	uint8_t *pucAllocatedMemory;
 730              		.loc 1 220 2 is_stmt 0 view .LVU210
 731 0000 F0B5     		push	{r4, r5, r6, r7, lr}
 732              	.LCFI11:
 733              		.cfi_def_cfa_offset 20
 734              		.cfi_offset 4, -20
 735              		.cfi_offset 5, -16
 736              		.cfi_offset 6, -12
 737              		.cfi_offset 7, -8
 738              		.cfi_offset 14, -4
 739 0002 83B0     		sub	sp, sp, #12
 740              	.LCFI12:
 741              		.cfi_def_cfa_offset 32
 742 0004 0C46     		mov	r4, r1
 221:Middlewares/Third_Party/FreeRTOS/Source/stream_buffer.c **** 	uint8_t ucFlags;
 743              		.loc 1 221 2 is_stmt 1 view .LVU211
 222:Middlewares/Third_Party/FreeRTOS/Source/stream_buffer.c **** 
 744              		.loc 1 222 2 view .LVU212
 228:Middlewares/Third_Party/FreeRTOS/Source/stream_buffer.c **** 		{
 745              		.loc 1 228 3 view .LVU213
 228:Middlewares/Third_Party/FreeRTOS/Source/stream_buffer.c **** 		{
 746              		.loc 1 228 5 is_stmt 0 view .LVU214
 747 0006 012A     		cmp	r2, #1
 748 0008 09D0     		beq	.L53
 237:Middlewares/Third_Party/FreeRTOS/Source/stream_buffer.c **** 			configASSERT( xBufferSizeBytes > 0 );
 749              		.loc 1 237 4 is_stmt 1 view .LVU215
 750              	.LVL64:
 238:Middlewares/Third_Party/FreeRTOS/Source/stream_buffer.c **** 		}
ARM GAS  D:\software\msy64\tmp\cc3F8ZqV.s 			page 42


 751              		.loc 1 238 4 view .LVU216
 752 000a A8B9     		cbnz	r0, .L50
 238:Middlewares/Third_Party/FreeRTOS/Source/stream_buffer.c **** 		}
 753              		.loc 1 238 4 discriminator 1 view .LVU217
 754              	.LBB109:
 755              	.LBI109:
 193:Middlewares/Third_Party/FreeRTOS/Source/portable/GCC/ARM_CM3/portmacro.h **** {
 756              		.loc 2 193 30 view .LVU218
 757              	.LBB110:
 195:Middlewares/Third_Party/FreeRTOS/Source/portable/GCC/ARM_CM3/portmacro.h **** 
 758              		.loc 2 195 1 view .LVU219
 759              		.loc 2 197 2 view .LVU220
 760              		.syntax unified
 761              	@ 197 "Middlewares/Third_Party/FreeRTOS/Source/portable/GCC/ARM_CM3/portmacro.h" 1
 762 000c 4FF05003 			mov r3, #80												
 763 0010 83F31188 		msr basepri, r3											
 764 0014 BFF36F8F 		isb														
 765 0018 BFF34F8F 		dsb														
 766              	
 767              	@ 0 "" 2
 768              		.thumb
 769              		.syntax unified
 770              	.L44:
 771              	.LBE110:
 772              	.LBE109:
 238:Middlewares/Third_Party/FreeRTOS/Source/stream_buffer.c **** 		}
 773              		.loc 1 238 4 discriminator 3 view .LVU221
 238:Middlewares/Third_Party/FreeRTOS/Source/stream_buffer.c **** 		}
 774              		.loc 1 238 4 discriminator 3 view .LVU222
 775 001c FEE7     		b	.L44
 776              	.LVL65:
 777              	.L53:
 231:Middlewares/Third_Party/FreeRTOS/Source/stream_buffer.c **** 			configASSERT( xBufferSizeBytes > sbBYTES_TO_STORE_MESSAGE_LENGTH );
 778              		.loc 1 231 4 view .LVU223
 232:Middlewares/Third_Party/FreeRTOS/Source/stream_buffer.c **** 		}
 779              		.loc 1 232 4 view .LVU224
 780 001e 0428     		cmp	r0, #4
 781 0020 08D8     		bhi	.L49
 232:Middlewares/Third_Party/FreeRTOS/Source/stream_buffer.c **** 		}
 782              		.loc 1 232 4 discriminator 1 view .LVU225
 783              	.LBB111:
 784              	.LBI111:
 193:Middlewares/Third_Party/FreeRTOS/Source/portable/GCC/ARM_CM3/portmacro.h **** {
 785              		.loc 2 193 30 view .LVU226
 786              	.LBB112:
 195:Middlewares/Third_Party/FreeRTOS/Source/portable/GCC/ARM_CM3/portmacro.h **** 
 787              		.loc 2 195 1 view .LVU227
 788              		.loc 2 197 2 view .LVU228
 789              		.syntax unified
 790              	@ 197 "Middlewares/Third_Party/FreeRTOS/Source/portable/GCC/ARM_CM3/portmacro.h" 1
 791 0022 4FF05003 			mov r3, #80												
 792 0026 83F31188 		msr basepri, r3											
 793 002a BFF36F8F 		isb														
 794 002e BFF34F8F 		dsb														
 795              	
 796              	@ 0 "" 2
 797              		.thumb
ARM GAS  D:\software\msy64\tmp\cc3F8ZqV.s 			page 43


 798              		.syntax unified
 799              	.L43:
 800              	.LBE112:
 801              	.LBE111:
 232:Middlewares/Third_Party/FreeRTOS/Source/stream_buffer.c **** 		}
 802              		.loc 1 232 4 discriminator 3 view .LVU229
 232:Middlewares/Third_Party/FreeRTOS/Source/stream_buffer.c **** 		}
 803              		.loc 1 232 4 discriminator 3 view .LVU230
 804 0032 FEE7     		b	.L43
 805              	.L49:
 231:Middlewares/Third_Party/FreeRTOS/Source/stream_buffer.c **** 			configASSERT( xBufferSizeBytes > sbBYTES_TO_STORE_MESSAGE_LENGTH );
 806              		.loc 1 231 12 is_stmt 0 view .LVU231
 807 0034 0126     		movs	r6, #1
 808 0036 00E0     		b	.L42
 809              	.LVL66:
 810              	.L50:
 237:Middlewares/Third_Party/FreeRTOS/Source/stream_buffer.c **** 			configASSERT( xBufferSizeBytes > 0 );
 811              		.loc 1 237 12 view .LVU232
 812 0038 0026     		movs	r6, #0
 813              	.LVL67:
 814              	.L42:
 238:Middlewares/Third_Party/FreeRTOS/Source/stream_buffer.c **** 		}
 815              		.loc 1 238 40 is_stmt 1 discriminator 2 view .LVU233
 240:Middlewares/Third_Party/FreeRTOS/Source/stream_buffer.c **** 
 816              		.loc 1 240 3 view .LVU234
 817 003a A042     		cmp	r0, r4
 818 003c 08D2     		bcs	.L45
 240:Middlewares/Third_Party/FreeRTOS/Source/stream_buffer.c **** 
 819              		.loc 1 240 3 discriminator 1 view .LVU235
 820              	.LBB113:
 821              	.LBI113:
 193:Middlewares/Third_Party/FreeRTOS/Source/portable/GCC/ARM_CM3/portmacro.h **** {
 822              		.loc 2 193 30 view .LVU236
 823              	.LBB114:
 195:Middlewares/Third_Party/FreeRTOS/Source/portable/GCC/ARM_CM3/portmacro.h **** 
 824              		.loc 2 195 1 view .LVU237
 825              		.loc 2 197 2 view .LVU238
 826              		.syntax unified
 827              	@ 197 "Middlewares/Third_Party/FreeRTOS/Source/portable/GCC/ARM_CM3/portmacro.h" 1
 828 003e 4FF05003 			mov r3, #80												
 829 0042 83F31188 		msr basepri, r3											
 830 0046 BFF36F8F 		isb														
 831 004a BFF34F8F 		dsb														
 832              	
 833              	@ 0 "" 2
 834              		.thumb
 835              		.syntax unified
 836              	.L46:
 837              	.LBE114:
 838              	.LBE113:
 240:Middlewares/Third_Party/FreeRTOS/Source/stream_buffer.c **** 
 839              		.loc 1 240 3 discriminator 3 view .LVU239
 240:Middlewares/Third_Party/FreeRTOS/Source/stream_buffer.c **** 
 840              		.loc 1 240 3 discriminator 3 view .LVU240
 841 004e FEE7     		b	.L46
 842              	.L45:
 240:Middlewares/Third_Party/FreeRTOS/Source/stream_buffer.c **** 
ARM GAS  D:\software\msy64\tmp\cc3F8ZqV.s 			page 44


 843              		.loc 1 240 57 discriminator 2 view .LVU241
 244:Middlewares/Third_Party/FreeRTOS/Source/stream_buffer.c **** 		{
 844              		.loc 1 244 3 view .LVU242
 244:Middlewares/Third_Party/FreeRTOS/Source/stream_buffer.c **** 		{
 845              		.loc 1 244 5 is_stmt 0 view .LVU243
 846 0050 04B9     		cbnz	r4, .L47
 246:Middlewares/Third_Party/FreeRTOS/Source/stream_buffer.c **** 		}
 847              		.loc 1 246 23 view .LVU244
 848 0052 0124     		movs	r4, #1
 849              	.L47:
 850              	.LVL68:
 257:Middlewares/Third_Party/FreeRTOS/Source/stream_buffer.c **** 		pucAllocatedMemory = ( uint8_t * ) pvPortMalloc( xBufferSizeBytes + sizeof( StreamBuffer_t ) ); /
 851              		.loc 1 257 3 is_stmt 1 view .LVU245
 257:Middlewares/Third_Party/FreeRTOS/Source/stream_buffer.c **** 		pucAllocatedMemory = ( uint8_t * ) pvPortMalloc( xBufferSizeBytes + sizeof( StreamBuffer_t ) ); /
 852              		.loc 1 257 19 is_stmt 0 view .LVU246
 853 0054 471C     		adds	r7, r0, #1
 854              	.LVL69:
 258:Middlewares/Third_Party/FreeRTOS/Source/stream_buffer.c **** 
 855              		.loc 1 258 3 is_stmt 1 view .LVU247
 258:Middlewares/Third_Party/FreeRTOS/Source/stream_buffer.c **** 
 856              		.loc 1 258 38 is_stmt 0 view .LVU248
 857 0056 2130     		adds	r0, r0, #33
 858 0058 FFF7FEFF 		bl	pvPortMalloc
 859              	.LVL70:
 260:Middlewares/Third_Party/FreeRTOS/Source/stream_buffer.c **** 		{
 860              		.loc 1 260 3 is_stmt 1 view .LVU249
 260:Middlewares/Third_Party/FreeRTOS/Source/stream_buffer.c **** 		{
 861              		.loc 1 260 5 is_stmt 0 view .LVU250
 862 005c 0546     		mov	r5, r0
 863 005e 30B1     		cbz	r0, .L40
 262:Middlewares/Third_Party/FreeRTOS/Source/stream_buffer.c **** 										   pucAllocatedMemory + sizeof( StreamBuffer_t ),  /* Storage area follows. */ /*lint !e9
 864              		.loc 1 262 4 is_stmt 1 view .LVU251
 865 0060 0096     		str	r6, [sp]
 866 0062 2346     		mov	r3, r4
 867 0064 3A46     		mov	r2, r7
 868 0066 00F12001 		add	r1, r0, #32
 869 006a FFF7FEFF 		bl	prvInitialiseNewStreamBuffer
 870              	.LVL71:
 268:Middlewares/Third_Party/FreeRTOS/Source/stream_buffer.c **** 		}
 871              		.loc 1 268 94 view .LVU252
 272:Middlewares/Third_Party/FreeRTOS/Source/stream_buffer.c **** 		}
 872              		.loc 1 272 56 view .LVU253
 275:Middlewares/Third_Party/FreeRTOS/Source/stream_buffer.c **** 	}
 873              		.loc 1 275 3 view .LVU254
 874              	.L40:
 276:Middlewares/Third_Party/FreeRTOS/Source/stream_buffer.c **** 
 875              		.loc 1 276 2 is_stmt 0 view .LVU255
 876 006e 2846     		mov	r0, r5
 877 0070 03B0     		add	sp, sp, #12
 878              	.LCFI13:
 879              		.cfi_def_cfa_offset 20
 880              		@ sp needed
 881 0072 F0BD     		pop	{r4, r5, r6, r7, pc}
 276:Middlewares/Third_Party/FreeRTOS/Source/stream_buffer.c **** 
 882              		.loc 1 276 2 view .LVU256
 883              		.cfi_endproc
 884              	.LFE5:
ARM GAS  D:\software\msy64\tmp\cc3F8ZqV.s 			page 45


 886              		.section	.text.xStreamBufferGenericCreateStatic,"ax",%progbits
 887              		.align	1
 888              		.global	xStreamBufferGenericCreateStatic
 889              		.syntax unified
 890              		.thumb
 891              		.thumb_func
 893              	xStreamBufferGenericCreateStatic:
 894              	.LVL72:
 895              	.LFB6:
 288:Middlewares/Third_Party/FreeRTOS/Source/stream_buffer.c **** 	StreamBuffer_t * const pxStreamBuffer = ( StreamBuffer_t * ) pxStaticStreamBuffer; /*lint !e740 !e
 896              		.loc 1 288 2 is_stmt 1 view -0
 897              		.cfi_startproc
 898              		@ args = 4, pretend = 0, frame = 8
 899              		@ frame_needed = 0, uses_anonymous_args = 0
 289:Middlewares/Third_Party/FreeRTOS/Source/stream_buffer.c **** 	StreamBufferHandle_t xReturn;
 900              		.loc 1 289 2 view .LVU258
 290:Middlewares/Third_Party/FreeRTOS/Source/stream_buffer.c **** 	uint8_t ucFlags;
 901              		.loc 1 290 2 view .LVU259
 291:Middlewares/Third_Party/FreeRTOS/Source/stream_buffer.c **** 
 902              		.loc 1 291 2 view .LVU260
 293:Middlewares/Third_Party/FreeRTOS/Source/stream_buffer.c **** 		configASSERT( pxStaticStreamBuffer );
 903              		.loc 1 293 3 view .LVU261
 904 0000 7BB1     		cbz	r3, .L71
 288:Middlewares/Third_Party/FreeRTOS/Source/stream_buffer.c **** 	StreamBuffer_t * const pxStreamBuffer = ( StreamBuffer_t * ) pxStaticStreamBuffer; /*lint !e740 !e
 905              		.loc 1 288 2 is_stmt 0 view .LVU262
 906 0002 00B5     		push	{lr}
 907              	.LCFI14:
 908              		.cfi_def_cfa_offset 4
 909              		.cfi_offset 14, -4
 910 0004 85B0     		sub	sp, sp, #20
 911              	.LCFI15:
 912              		.cfi_def_cfa_offset 24
 913 0006 9C46     		mov	ip, r3
 293:Middlewares/Third_Party/FreeRTOS/Source/stream_buffer.c **** 		configASSERT( pxStaticStreamBuffer );
 914              		.loc 1 293 45 is_stmt 1 discriminator 2 view .LVU263
 294:Middlewares/Third_Party/FreeRTOS/Source/stream_buffer.c **** 		configASSERT( xTriggerLevelBytes <= xBufferSizeBytes );
 915              		.loc 1 294 3 view .LVU264
 916 0008 069B     		ldr	r3, [sp, #24]
 917              	.LVL73:
 294:Middlewares/Third_Party/FreeRTOS/Source/stream_buffer.c **** 		configASSERT( xTriggerLevelBytes <= xBufferSizeBytes );
 918              		.loc 1 294 3 is_stmt 0 view .LVU265
 919 000a 9BB1     		cbz	r3, .L72
 294:Middlewares/Third_Party/FreeRTOS/Source/stream_buffer.c **** 		configASSERT( xTriggerLevelBytes <= xBufferSizeBytes );
 920              		.loc 1 294 39 is_stmt 1 discriminator 2 view .LVU266
 295:Middlewares/Third_Party/FreeRTOS/Source/stream_buffer.c **** 
 921              		.loc 1 295 3 view .LVU267
 922 000c 8142     		cmp	r1, r0
 923 000e 1AD9     		bls	.L59
 295:Middlewares/Third_Party/FreeRTOS/Source/stream_buffer.c **** 
 924              		.loc 1 295 3 discriminator 1 view .LVU268
 925              	.LBB115:
 926              	.LBI115:
 193:Middlewares/Third_Party/FreeRTOS/Source/portable/GCC/ARM_CM3/portmacro.h **** {
 927              		.loc 2 193 30 view .LVU269
 928              	.LBB116:
 195:Middlewares/Third_Party/FreeRTOS/Source/portable/GCC/ARM_CM3/portmacro.h **** 
 929              		.loc 2 195 1 view .LVU270
ARM GAS  D:\software\msy64\tmp\cc3F8ZqV.s 			page 46


 930              		.loc 2 197 2 view .LVU271
 931              		.syntax unified
 932              	@ 197 "Middlewares/Third_Party/FreeRTOS/Source/portable/GCC/ARM_CM3/portmacro.h" 1
 933 0010 4FF05003 			mov r3, #80												
 934 0014 83F31188 		msr basepri, r3											
 935 0018 BFF36F8F 		isb														
 936 001c BFF34F8F 		dsb														
 937              	
 938              	@ 0 "" 2
 939              		.thumb
 940              		.syntax unified
 941              	.L60:
 942              	.LBE116:
 943              	.LBE115:
 295:Middlewares/Third_Party/FreeRTOS/Source/stream_buffer.c **** 
 944              		.loc 1 295 3 discriminator 3 view .LVU272
 295:Middlewares/Third_Party/FreeRTOS/Source/stream_buffer.c **** 
 945              		.loc 1 295 3 discriminator 3 view .LVU273
 946 0020 FEE7     		b	.L60
 947              	.LVL74:
 948              	.L71:
 949              	.LCFI16:
 950              		.cfi_def_cfa_offset 0
 951              		.cfi_restore 14
 293:Middlewares/Third_Party/FreeRTOS/Source/stream_buffer.c **** 		configASSERT( pxStaticStreamBuffer );
 952              		.loc 1 293 3 discriminator 1 view .LVU274
 953              	.LBB117:
 954              	.LBI117:
 193:Middlewares/Third_Party/FreeRTOS/Source/portable/GCC/ARM_CM3/portmacro.h **** {
 955              		.loc 2 193 30 view .LVU275
 956              	.LBB118:
 195:Middlewares/Third_Party/FreeRTOS/Source/portable/GCC/ARM_CM3/portmacro.h **** 
 957              		.loc 2 195 1 view .LVU276
 958              		.loc 2 197 2 view .LVU277
 959              		.syntax unified
 960              	@ 197 "Middlewares/Third_Party/FreeRTOS/Source/portable/GCC/ARM_CM3/portmacro.h" 1
 961 0022 4FF05003 			mov r3, #80												
 962 0026 83F31188 		msr basepri, r3											
 963 002a BFF36F8F 		isb														
 964 002e BFF34F8F 		dsb														
 965              	
 966              	@ 0 "" 2
 967              	.LVL75:
 968              		.thumb
 969              		.syntax unified
 970              	.L56:
 971              		.loc 2 197 2 is_stmt 0 view .LVU278
 972              	.LBE118:
 973              	.LBE117:
 293:Middlewares/Third_Party/FreeRTOS/Source/stream_buffer.c **** 		configASSERT( pxStaticStreamBuffer );
 974              		.loc 1 293 3 is_stmt 1 discriminator 3 view .LVU279
 293:Middlewares/Third_Party/FreeRTOS/Source/stream_buffer.c **** 		configASSERT( pxStaticStreamBuffer );
 975              		.loc 1 293 3 discriminator 3 view .LVU280
 976 0032 FEE7     		b	.L56
 977              	.LVL76:
 978              	.L72:
 979              	.LCFI17:
ARM GAS  D:\software\msy64\tmp\cc3F8ZqV.s 			page 47


 980              		.cfi_def_cfa_offset 24
 981              		.cfi_offset 14, -4
 294:Middlewares/Third_Party/FreeRTOS/Source/stream_buffer.c **** 		configASSERT( xTriggerLevelBytes <= xBufferSizeBytes );
 982              		.loc 1 294 3 discriminator 1 view .LVU281
 983              	.LBB119:
 984              	.LBI119:
 193:Middlewares/Third_Party/FreeRTOS/Source/portable/GCC/ARM_CM3/portmacro.h **** {
 985              		.loc 2 193 30 view .LVU282
 986              	.LBB120:
 195:Middlewares/Third_Party/FreeRTOS/Source/portable/GCC/ARM_CM3/portmacro.h **** 
 987              		.loc 2 195 1 view .LVU283
 988              		.loc 2 197 2 view .LVU284
 989              		.syntax unified
 990              	@ 197 "Middlewares/Third_Party/FreeRTOS/Source/portable/GCC/ARM_CM3/portmacro.h" 1
 991 0034 4FF05003 			mov r3, #80												
 992 0038 83F31188 		msr basepri, r3											
 993 003c BFF36F8F 		isb														
 994 0040 BFF34F8F 		dsb														
 995              	
 996              	@ 0 "" 2
 997              		.thumb
 998              		.syntax unified
 999              	.L58:
 1000              	.LBE120:
 1001              	.LBE119:
 294:Middlewares/Third_Party/FreeRTOS/Source/stream_buffer.c **** 		configASSERT( xTriggerLevelBytes <= xBufferSizeBytes );
 1002              		.loc 1 294 3 discriminator 3 view .LVU285
 294:Middlewares/Third_Party/FreeRTOS/Source/stream_buffer.c **** 		configASSERT( xTriggerLevelBytes <= xBufferSizeBytes );
 1003              		.loc 1 294 3 discriminator 3 view .LVU286
 1004 0044 FEE7     		b	.L58
 1005              	.L59:
 295:Middlewares/Third_Party/FreeRTOS/Source/stream_buffer.c **** 
 1006              		.loc 1 295 57 discriminator 2 view .LVU287
 299:Middlewares/Third_Party/FreeRTOS/Source/stream_buffer.c **** 		{
 1007              		.loc 1 299 3 view .LVU288
 299:Middlewares/Third_Party/FreeRTOS/Source/stream_buffer.c **** 		{
 1008              		.loc 1 299 5 is_stmt 0 view .LVU289
 1009 0046 01B9     		cbnz	r1, .L61
 301:Middlewares/Third_Party/FreeRTOS/Source/stream_buffer.c **** 		}
 1010              		.loc 1 301 23 view .LVU290
 1011 0048 0121     		movs	r1, #1
 1012              	.LVL77:
 1013              	.L61:
 304:Middlewares/Third_Party/FreeRTOS/Source/stream_buffer.c **** 		{
 1014              		.loc 1 304 3 is_stmt 1 view .LVU291
 304:Middlewares/Third_Party/FreeRTOS/Source/stream_buffer.c **** 		{
 1015              		.loc 1 304 5 is_stmt 0 view .LVU292
 1016 004a 5AB1     		cbz	r2, .L68
 307:Middlewares/Third_Party/FreeRTOS/Source/stream_buffer.c **** 		}
 1017              		.loc 1 307 12 view .LVU293
 1018 004c 0323     		movs	r3, #3
 1019              	.L62:
 1020              	.LVL78:
 319:Middlewares/Third_Party/FreeRTOS/Source/stream_buffer.c **** 
 1021              		.loc 1 319 3 is_stmt 1 view .LVU294
 1022 004e 0428     		cmp	r0, #4
 1023 0050 0AD8     		bhi	.L63
ARM GAS  D:\software\msy64\tmp\cc3F8ZqV.s 			page 48


 319:Middlewares/Third_Party/FreeRTOS/Source/stream_buffer.c **** 
 1024              		.loc 1 319 3 discriminator 1 view .LVU295
 1025              	.LBB121:
 1026              	.LBI121:
 193:Middlewares/Third_Party/FreeRTOS/Source/portable/GCC/ARM_CM3/portmacro.h **** {
 1027              		.loc 2 193 30 view .LVU296
 1028              	.LBB122:
 195:Middlewares/Third_Party/FreeRTOS/Source/portable/GCC/ARM_CM3/portmacro.h **** 
 1029              		.loc 2 195 1 view .LVU297
 1030              		.loc 2 197 2 view .LVU298
 1031              		.syntax unified
 1032              	@ 197 "Middlewares/Third_Party/FreeRTOS/Source/portable/GCC/ARM_CM3/portmacro.h" 1
 1033 0052 4FF05003 			mov r3, #80												
 1034 0056 83F31188 		msr basepri, r3											
 1035 005a BFF36F8F 		isb														
 1036 005e BFF34F8F 		dsb														
 1037              	
 1038              	@ 0 "" 2
 1039              	.LVL79:
 1040              		.thumb
 1041              		.syntax unified
 1042              	.L64:
 1043              		.loc 2 197 2 is_stmt 0 view .LVU299
 1044              	.LBE122:
 1045              	.LBE121:
 319:Middlewares/Third_Party/FreeRTOS/Source/stream_buffer.c **** 
 1046              		.loc 1 319 3 is_stmt 1 discriminator 3 view .LVU300
 319:Middlewares/Third_Party/FreeRTOS/Source/stream_buffer.c **** 
 1047              		.loc 1 319 3 discriminator 3 view .LVU301
 1048 0062 FEE7     		b	.L64
 1049              	.LVL80:
 1050              	.L68:
 312:Middlewares/Third_Party/FreeRTOS/Source/stream_buffer.c **** 		}
 1051              		.loc 1 312 12 is_stmt 0 view .LVU302
 1052 0064 0223     		movs	r3, #2
 1053 0066 F2E7     		b	.L62
 1054              	.LVL81:
 1055              	.L63:
 319:Middlewares/Third_Party/FreeRTOS/Source/stream_buffer.c **** 
 1056              		.loc 1 319 69 is_stmt 1 discriminator 2 view .LVU303
 1057              	.LBB123:
 326:Middlewares/Third_Party/FreeRTOS/Source/stream_buffer.c **** 			configASSERT( xSize == sizeof( StreamBuffer_t ) );
 1058              		.loc 1 326 4 view .LVU304
 326:Middlewares/Third_Party/FreeRTOS/Source/stream_buffer.c **** 			configASSERT( xSize == sizeof( StreamBuffer_t ) );
 1059              		.loc 1 326 20 is_stmt 0 view .LVU305
 1060 0068 2022     		movs	r2, #32
 1061              	.LVL82:
 326:Middlewares/Third_Party/FreeRTOS/Source/stream_buffer.c **** 			configASSERT( xSize == sizeof( StreamBuffer_t ) );
 1062              		.loc 1 326 20 view .LVU306
 1063 006a 0392     		str	r2, [sp, #12]
 327:Middlewares/Third_Party/FreeRTOS/Source/stream_buffer.c **** 		} /*lint !e529 xSize is referenced is configASSERT() is defined. */
 1064              		.loc 1 327 4 is_stmt 1 view .LVU307
 1065 006c 039A     		ldr	r2, [sp, #12]
 1066 006e 202A     		cmp	r2, #32
 1067 0070 08D0     		beq	.L65
 327:Middlewares/Third_Party/FreeRTOS/Source/stream_buffer.c **** 		} /*lint !e529 xSize is referenced is configASSERT() is defined. */
 1068              		.loc 1 327 4 discriminator 1 view .LVU308
ARM GAS  D:\software\msy64\tmp\cc3F8ZqV.s 			page 49


 1069              	.LBB124:
 1070              	.LBI124:
 193:Middlewares/Third_Party/FreeRTOS/Source/portable/GCC/ARM_CM3/portmacro.h **** {
 1071              		.loc 2 193 30 view .LVU309
 1072              	.LBB125:
 195:Middlewares/Third_Party/FreeRTOS/Source/portable/GCC/ARM_CM3/portmacro.h **** 
 1073              		.loc 2 195 1 view .LVU310
 1074              		.loc 2 197 2 view .LVU311
 1075              		.syntax unified
 1076              	@ 197 "Middlewares/Third_Party/FreeRTOS/Source/portable/GCC/ARM_CM3/portmacro.h" 1
 1077 0072 4FF05003 			mov r3, #80												
 1078 0076 83F31188 		msr basepri, r3											
 1079 007a BFF36F8F 		isb														
 1080 007e BFF34F8F 		dsb														
 1081              	
 1082              	@ 0 "" 2
 1083              	.LVL83:
 1084              		.thumb
 1085              		.syntax unified
 1086              	.L66:
 1087              		.loc 2 197 2 is_stmt 0 view .LVU312
 1088              	.LBE125:
 1089              	.LBE124:
 327:Middlewares/Third_Party/FreeRTOS/Source/stream_buffer.c **** 		} /*lint !e529 xSize is referenced is configASSERT() is defined. */
 1090              		.loc 1 327 4 is_stmt 1 discriminator 3 view .LVU313
 327:Middlewares/Third_Party/FreeRTOS/Source/stream_buffer.c **** 		} /*lint !e529 xSize is referenced is configASSERT() is defined. */
 1091              		.loc 1 327 4 discriminator 3 view .LVU314
 1092 0082 FEE7     		b	.L66
 1093              	.LVL84:
 1094              	.L65:
 327:Middlewares/Third_Party/FreeRTOS/Source/stream_buffer.c **** 		} /*lint !e529 xSize is referenced is configASSERT() is defined. */
 1095              		.loc 1 327 53 discriminator 2 view .LVU315
 1096              	.LBE123:
 331:Middlewares/Third_Party/FreeRTOS/Source/stream_buffer.c **** 		{
 1097              		.loc 1 331 3 view .LVU316
 333:Middlewares/Third_Party/FreeRTOS/Source/stream_buffer.c **** 										  pucStreamBufferStorageArea,
 1098              		.loc 1 333 4 view .LVU317
 1099 0084 0093     		str	r3, [sp]
 1100 0086 0B46     		mov	r3, r1
 1101              	.LVL85:
 333:Middlewares/Third_Party/FreeRTOS/Source/stream_buffer.c **** 										  pucStreamBufferStorageArea,
 1102              		.loc 1 333 4 is_stmt 0 view .LVU318
 1103 0088 0246     		mov	r2, r0
 1104 008a 6146     		mov	r1, ip
 1105              	.LVL86:
 333:Middlewares/Third_Party/FreeRTOS/Source/stream_buffer.c **** 										  pucStreamBufferStorageArea,
 1106              		.loc 1 333 4 view .LVU319
 1107 008c 0698     		ldr	r0, [sp, #24]
 1108              	.LVL87:
 333:Middlewares/Third_Party/FreeRTOS/Source/stream_buffer.c **** 										  pucStreamBufferStorageArea,
 1109              		.loc 1 333 4 view .LVU320
 1110 008e FFF7FEFF 		bl	prvInitialiseNewStreamBuffer
 1111              	.LVL88:
 341:Middlewares/Third_Party/FreeRTOS/Source/stream_buffer.c **** 
 1112              		.loc 1 341 4 is_stmt 1 view .LVU321
 341:Middlewares/Third_Party/FreeRTOS/Source/stream_buffer.c **** 
 1113              		.loc 1 341 18 is_stmt 0 view .LVU322
ARM GAS  D:\software\msy64\tmp\cc3F8ZqV.s 			page 50


 1114 0092 069B     		ldr	r3, [sp, #24]
 1115 0094 1B7F     		ldrb	r3, [r3, #28]	@ zero_extendqisi2
 341:Middlewares/Third_Party/FreeRTOS/Source/stream_buffer.c **** 
 1116              		.loc 1 341 28 view .LVU323
 1117 0096 43F00203 		orr	r3, r3, #2
 1118 009a 069A     		ldr	r2, [sp, #24]
 1119 009c 1377     		strb	r3, [r2, #28]
 343:Middlewares/Third_Party/FreeRTOS/Source/stream_buffer.c **** 
 1120              		.loc 1 343 65 is_stmt 1 view .LVU324
 345:Middlewares/Third_Party/FreeRTOS/Source/stream_buffer.c **** 		}
 1121              		.loc 1 345 4 view .LVU325
 1122              	.LVL89:
 350:Middlewares/Third_Party/FreeRTOS/Source/stream_buffer.c **** 		}
 1123              		.loc 1 350 72 view .LVU326
 353:Middlewares/Third_Party/FreeRTOS/Source/stream_buffer.c **** 	}
 1124              		.loc 1 353 3 view .LVU327
 354:Middlewares/Third_Party/FreeRTOS/Source/stream_buffer.c **** 
 1125              		.loc 1 354 2 is_stmt 0 view .LVU328
 1126 009e 1046     		mov	r0, r2
 1127 00a0 05B0     		add	sp, sp, #20
 1128              	.LCFI18:
 1129              		.cfi_def_cfa_offset 4
 1130              		@ sp needed
 1131 00a2 5DF804FB 		ldr	pc, [sp], #4
 354:Middlewares/Third_Party/FreeRTOS/Source/stream_buffer.c **** 
 1132              		.loc 1 354 2 view .LVU329
 1133              		.cfi_endproc
 1134              	.LFE6:
 1136              		.section	.text.vStreamBufferDelete,"ax",%progbits
 1137              		.align	1
 1138              		.global	vStreamBufferDelete
 1139              		.syntax unified
 1140              		.thumb
 1141              		.thumb_func
 1143              	vStreamBufferDelete:
 1144              	.LVL90:
 1145              	.LFB7:
 360:Middlewares/Third_Party/FreeRTOS/Source/stream_buffer.c **** StreamBuffer_t * pxStreamBuffer = xStreamBuffer;
 1146              		.loc 1 360 1 is_stmt 1 view -0
 1147              		.cfi_startproc
 1148              		@ args = 0, pretend = 0, frame = 0
 1149              		@ frame_needed = 0, uses_anonymous_args = 0
 360:Middlewares/Third_Party/FreeRTOS/Source/stream_buffer.c **** StreamBuffer_t * pxStreamBuffer = xStreamBuffer;
 1150              		.loc 1 360 1 is_stmt 0 view .LVU331
 1151 0000 08B5     		push	{r3, lr}
 1152              	.LCFI19:
 1153              		.cfi_def_cfa_offset 8
 1154              		.cfi_offset 3, -8
 1155              		.cfi_offset 14, -4
 361:Middlewares/Third_Party/FreeRTOS/Source/stream_buffer.c **** 
 1156              		.loc 1 361 1 is_stmt 1 view .LVU332
 1157              	.LVL91:
 363:Middlewares/Third_Party/FreeRTOS/Source/stream_buffer.c **** 
 1158              		.loc 1 363 2 view .LVU333
 1159 0002 30B1     		cbz	r0, .L79
 363:Middlewares/Third_Party/FreeRTOS/Source/stream_buffer.c **** 
 1160              		.loc 1 363 32 discriminator 2 view .LVU334
ARM GAS  D:\software\msy64\tmp\cc3F8ZqV.s 			page 51


 365:Middlewares/Third_Party/FreeRTOS/Source/stream_buffer.c **** 
 1161              		.loc 1 365 44 view .LVU335
 367:Middlewares/Third_Party/FreeRTOS/Source/stream_buffer.c **** 	{
 1162              		.loc 1 367 2 view .LVU336
 367:Middlewares/Third_Party/FreeRTOS/Source/stream_buffer.c **** 	{
 1163              		.loc 1 367 22 is_stmt 0 view .LVU337
 1164 0004 027F     		ldrb	r2, [r0, #28]	@ zero_extendqisi2
 367:Middlewares/Third_Party/FreeRTOS/Source/stream_buffer.c **** 	{
 1165              		.loc 1 367 4 view .LVU338
 1166 0006 12F0020F 		tst	r2, #2
 1167 000a 0BD1     		bne	.L76
 373:Middlewares/Third_Party/FreeRTOS/Source/stream_buffer.c **** 		}
 1168              		.loc 1 373 4 is_stmt 1 view .LVU339
 1169 000c FFF7FEFF 		bl	vPortFree
 1170              	.LVL92:
 1171              	.L73:
 389:Middlewares/Third_Party/FreeRTOS/Source/stream_buffer.c **** /*-----------------------------------------------------------*/
 1172              		.loc 1 389 1 is_stmt 0 view .LVU340
 1173 0010 08BD     		pop	{r3, pc}
 1174              	.LVL93:
 1175              	.L79:
 363:Middlewares/Third_Party/FreeRTOS/Source/stream_buffer.c **** 
 1176              		.loc 1 363 2 is_stmt 1 discriminator 1 view .LVU341
 1177              	.LBB126:
 1178              	.LBI126:
 193:Middlewares/Third_Party/FreeRTOS/Source/portable/GCC/ARM_CM3/portmacro.h **** {
 1179              		.loc 2 193 30 view .LVU342
 1180              	.LBB127:
 195:Middlewares/Third_Party/FreeRTOS/Source/portable/GCC/ARM_CM3/portmacro.h **** 
 1181              		.loc 2 195 1 view .LVU343
 1182              		.loc 2 197 2 view .LVU344
 1183              		.syntax unified
 1184              	@ 197 "Middlewares/Third_Party/FreeRTOS/Source/portable/GCC/ARM_CM3/portmacro.h" 1
 1185 0012 4FF05003 			mov r3, #80												
 1186 0016 83F31188 		msr basepri, r3											
 1187 001a BFF36F8F 		isb														
 1188 001e BFF34F8F 		dsb														
 1189              	
 1190              	@ 0 "" 2
 1191              		.thumb
 1192              		.syntax unified
 1193              	.L75:
 1194              	.LBE127:
 1195              	.LBE126:
 363:Middlewares/Third_Party/FreeRTOS/Source/stream_buffer.c **** 
 1196              		.loc 1 363 2 discriminator 3 view .LVU345
 363:Middlewares/Third_Party/FreeRTOS/Source/stream_buffer.c **** 
 1197              		.loc 1 363 2 discriminator 3 view .LVU346
 1198 0022 FEE7     		b	.L75
 1199              	.L76:
 387:Middlewares/Third_Party/FreeRTOS/Source/stream_buffer.c **** 	}
 1200              		.loc 1 387 3 view .LVU347
 387:Middlewares/Third_Party/FreeRTOS/Source/stream_buffer.c **** 	}
 1201              		.loc 1 387 12 is_stmt 0 view .LVU348
 1202 0024 2022     		movs	r2, #32
 1203 0026 0021     		movs	r1, #0
 1204 0028 FFF7FEFF 		bl	memset
ARM GAS  D:\software\msy64\tmp\cc3F8ZqV.s 			page 52


 1205              	.LVL94:
 389:Middlewares/Third_Party/FreeRTOS/Source/stream_buffer.c **** /*-----------------------------------------------------------*/
 1206              		.loc 1 389 1 view .LVU349
 1207 002c F0E7     		b	.L73
 1208              		.cfi_endproc
 1209              	.LFE7:
 1211              		.section	.text.xStreamBufferReset,"ax",%progbits
 1212              		.align	1
 1213              		.global	xStreamBufferReset
 1214              		.syntax unified
 1215              		.thumb
 1216              		.thumb_func
 1218              	xStreamBufferReset:
 1219              	.LVL95:
 1220              	.LFB8:
 393:Middlewares/Third_Party/FreeRTOS/Source/stream_buffer.c **** StreamBuffer_t * const pxStreamBuffer = xStreamBuffer;
 1221              		.loc 1 393 1 is_stmt 1 view -0
 1222              		.cfi_startproc
 1223              		@ args = 0, pretend = 0, frame = 0
 1224              		@ frame_needed = 0, uses_anonymous_args = 0
 394:Middlewares/Third_Party/FreeRTOS/Source/stream_buffer.c **** BaseType_t xReturn = pdFAIL;
 1225              		.loc 1 394 1 view .LVU351
 395:Middlewares/Third_Party/FreeRTOS/Source/stream_buffer.c **** 
 1226              		.loc 1 395 1 view .LVU352
 401:Middlewares/Third_Party/FreeRTOS/Source/stream_buffer.c **** 
 1227              		.loc 1 401 2 view .LVU353
 1228 0000 60B1     		cbz	r0, .L88
 393:Middlewares/Third_Party/FreeRTOS/Source/stream_buffer.c **** StreamBuffer_t * const pxStreamBuffer = xStreamBuffer;
 1229              		.loc 1 393 1 is_stmt 0 view .LVU354
 1230 0002 10B5     		push	{r4, lr}
 1231              	.LCFI20:
 1232              		.cfi_def_cfa_offset 8
 1233              		.cfi_offset 4, -8
 1234              		.cfi_offset 14, -4
 1235 0004 82B0     		sub	sp, sp, #8
 1236              	.LCFI21:
 1237              		.cfi_def_cfa_offset 16
 1238 0006 0446     		mov	r4, r0
 401:Middlewares/Third_Party/FreeRTOS/Source/stream_buffer.c **** 
 1239              		.loc 1 401 32 is_stmt 1 discriminator 2 view .LVU355
 412:Middlewares/Third_Party/FreeRTOS/Source/stream_buffer.c **** 	{
 1240              		.loc 1 412 2 view .LVU356
 1241 0008 FFF7FEFF 		bl	vPortEnterCritical
 1242              	.LVL96:
 414:Middlewares/Third_Party/FreeRTOS/Source/stream_buffer.c **** 		{
 1243              		.loc 1 414 3 view .LVU357
 414:Middlewares/Third_Party/FreeRTOS/Source/stream_buffer.c **** 		{
 1244              		.loc 1 414 21 is_stmt 0 view .LVU358
 1245 000c 2369     		ldr	r3, [r4, #16]
 414:Middlewares/Third_Party/FreeRTOS/Source/stream_buffer.c **** 		{
 1246              		.loc 1 414 5 view .LVU359
 1247 000e 73B1     		cbz	r3, .L89
 395:Middlewares/Third_Party/FreeRTOS/Source/stream_buffer.c **** 
 1248              		.loc 1 395 12 view .LVU360
 1249 0010 0024     		movs	r4, #0
 1250              	.LVL97:
 1251              	.L83:
ARM GAS  D:\software\msy64\tmp\cc3F8ZqV.s 			page 53


 431:Middlewares/Third_Party/FreeRTOS/Source/stream_buffer.c **** 			}
 1252              		.loc 1 431 46 is_stmt 1 view .LVU361
 435:Middlewares/Third_Party/FreeRTOS/Source/stream_buffer.c **** 
 1253              		.loc 1 435 2 view .LVU362
 1254 0012 FFF7FEFF 		bl	vPortExitCritical
 1255              	.LVL98:
 437:Middlewares/Third_Party/FreeRTOS/Source/stream_buffer.c **** }
 1256              		.loc 1 437 2 view .LVU363
 438:Middlewares/Third_Party/FreeRTOS/Source/stream_buffer.c **** /*-----------------------------------------------------------*/
 1257              		.loc 1 438 1 is_stmt 0 view .LVU364
 1258 0016 2046     		mov	r0, r4
 1259 0018 02B0     		add	sp, sp, #8
 1260              	.LCFI22:
 1261              		.cfi_def_cfa_offset 8
 1262              		@ sp needed
 1263 001a 10BD     		pop	{r4, pc}
 1264              	.LVL99:
 1265              	.L88:
 1266              	.LCFI23:
 1267              		.cfi_def_cfa_offset 0
 1268              		.cfi_restore 4
 1269              		.cfi_restore 14
 401:Middlewares/Third_Party/FreeRTOS/Source/stream_buffer.c **** 
 1270              		.loc 1 401 2 is_stmt 1 discriminator 1 view .LVU365
 1271              	.LBB128:
 1272              	.LBI128:
 193:Middlewares/Third_Party/FreeRTOS/Source/portable/GCC/ARM_CM3/portmacro.h **** {
 1273              		.loc 2 193 30 view .LVU366
 1274              	.LBB129:
 195:Middlewares/Third_Party/FreeRTOS/Source/portable/GCC/ARM_CM3/portmacro.h **** 
 1275              		.loc 2 195 1 view .LVU367
 1276              		.loc 2 197 2 view .LVU368
 1277              		.syntax unified
 1278              	@ 197 "Middlewares/Third_Party/FreeRTOS/Source/portable/GCC/ARM_CM3/portmacro.h" 1
 1279 001c 4FF05003 			mov r3, #80												
 1280 0020 83F31188 		msr basepri, r3											
 1281 0024 BFF36F8F 		isb														
 1282 0028 BFF34F8F 		dsb														
 1283              	
 1284              	@ 0 "" 2
 1285              		.thumb
 1286              		.syntax unified
 1287              	.L82:
 1288              	.LBE129:
 1289              	.LBE128:
 401:Middlewares/Third_Party/FreeRTOS/Source/stream_buffer.c **** 
 1290              		.loc 1 401 2 discriminator 3 view .LVU369
 401:Middlewares/Third_Party/FreeRTOS/Source/stream_buffer.c **** 
 1291              		.loc 1 401 2 discriminator 3 view .LVU370
 1292 002c FEE7     		b	.L82
 1293              	.LVL100:
 1294              	.L89:
 1295              	.LCFI24:
 1296              		.cfi_def_cfa_offset 16
 1297              		.cfi_offset 4, -8
 1298              		.cfi_offset 14, -4
 416:Middlewares/Third_Party/FreeRTOS/Source/stream_buffer.c **** 			{
ARM GAS  D:\software\msy64\tmp\cc3F8ZqV.s 			page 54


 1299              		.loc 1 416 4 view .LVU371
 416:Middlewares/Third_Party/FreeRTOS/Source/stream_buffer.c **** 			{
 1300              		.loc 1 416 22 is_stmt 0 view .LVU372
 1301 002e 6369     		ldr	r3, [r4, #20]
 416:Middlewares/Third_Party/FreeRTOS/Source/stream_buffer.c **** 			{
 1302              		.loc 1 416 6 view .LVU373
 1303 0030 0BB1     		cbz	r3, .L90
 395:Middlewares/Third_Party/FreeRTOS/Source/stream_buffer.c **** 
 1304              		.loc 1 395 12 view .LVU374
 1305 0032 0024     		movs	r4, #0
 1306              	.LVL101:
 395:Middlewares/Third_Party/FreeRTOS/Source/stream_buffer.c **** 
 1307              		.loc 1 395 12 view .LVU375
 1308 0034 EDE7     		b	.L83
 1309              	.LVL102:
 1310              	.L90:
 418:Middlewares/Third_Party/FreeRTOS/Source/stream_buffer.c **** 											  pxStreamBuffer->pucBuffer,
 1311              		.loc 1 418 5 is_stmt 1 view .LVU376
 1312 0036 237F     		ldrb	r3, [r4, #28]	@ zero_extendqisi2
 1313 0038 0093     		str	r3, [sp]
 1314 003a E368     		ldr	r3, [r4, #12]
 1315 003c A268     		ldr	r2, [r4, #8]
 1316 003e A169     		ldr	r1, [r4, #24]
 1317 0040 2046     		mov	r0, r4
 1318 0042 FFF7FEFF 		bl	prvInitialiseNewStreamBuffer
 1319              	.LVL103:
 423:Middlewares/Third_Party/FreeRTOS/Source/stream_buffer.c **** 
 1320              		.loc 1 423 5 view .LVU377
 423:Middlewares/Third_Party/FreeRTOS/Source/stream_buffer.c **** 
 1321              		.loc 1 423 13 is_stmt 0 view .LVU378
 1322 0046 0124     		movs	r4, #1
 1323              	.LVL104:
 423:Middlewares/Third_Party/FreeRTOS/Source/stream_buffer.c **** 
 1324              		.loc 1 423 13 view .LVU379
 1325 0048 E3E7     		b	.L83
 1326              		.cfi_endproc
 1327              	.LFE8:
 1329              		.section	.text.xStreamBufferSetTriggerLevel,"ax",%progbits
 1330              		.align	1
 1331              		.global	xStreamBufferSetTriggerLevel
 1332              		.syntax unified
 1333              		.thumb
 1334              		.thumb_func
 1336              	xStreamBufferSetTriggerLevel:
 1337              	.LVL105:
 1338              	.LFB9:
 442:Middlewares/Third_Party/FreeRTOS/Source/stream_buffer.c **** StreamBuffer_t * const pxStreamBuffer = xStreamBuffer;
 1339              		.loc 1 442 1 is_stmt 1 view -0
 1340              		.cfi_startproc
 1341              		@ args = 0, pretend = 0, frame = 0
 1342              		@ frame_needed = 0, uses_anonymous_args = 0
 1343              		@ link register save eliminated.
 443:Middlewares/Third_Party/FreeRTOS/Source/stream_buffer.c **** BaseType_t xReturn;
 1344              		.loc 1 443 1 view .LVU381
 444:Middlewares/Third_Party/FreeRTOS/Source/stream_buffer.c **** 
 1345              		.loc 1 444 1 view .LVU382
 446:Middlewares/Third_Party/FreeRTOS/Source/stream_buffer.c **** 
ARM GAS  D:\software\msy64\tmp\cc3F8ZqV.s 			page 55


 1346              		.loc 1 446 2 view .LVU383
 1347 0000 0346     		mov	r3, r0
 1348 0002 38B1     		cbz	r0, .L98
 446:Middlewares/Third_Party/FreeRTOS/Source/stream_buffer.c **** 
 1349              		.loc 1 446 32 discriminator 2 view .LVU384
 449:Middlewares/Third_Party/FreeRTOS/Source/stream_buffer.c **** 	{
 1350              		.loc 1 449 2 view .LVU385
 449:Middlewares/Third_Party/FreeRTOS/Source/stream_buffer.c **** 	{
 1351              		.loc 1 449 4 is_stmt 0 view .LVU386
 1352 0004 01B9     		cbnz	r1, .L94
 451:Middlewares/Third_Party/FreeRTOS/Source/stream_buffer.c **** 	}
 1353              		.loc 1 451 17 view .LVU387
 1354 0006 0121     		movs	r1, #1
 1355              	.LVL106:
 1356              	.L94:
 456:Middlewares/Third_Party/FreeRTOS/Source/stream_buffer.c **** 	{
 1357              		.loc 1 456 2 is_stmt 1 view .LVU388
 456:Middlewares/Third_Party/FreeRTOS/Source/stream_buffer.c **** 	{
 1358              		.loc 1 456 37 is_stmt 0 view .LVU389
 1359 0008 9A68     		ldr	r2, [r3, #8]
 456:Middlewares/Third_Party/FreeRTOS/Source/stream_buffer.c **** 	{
 1360              		.loc 1 456 4 view .LVU390
 1361 000a 8A42     		cmp	r2, r1
 1362 000c 0BD3     		bcc	.L97
 458:Middlewares/Third_Party/FreeRTOS/Source/stream_buffer.c **** 		xReturn = pdPASS;
 1363              		.loc 1 458 3 is_stmt 1 view .LVU391
 458:Middlewares/Third_Party/FreeRTOS/Source/stream_buffer.c **** 		xReturn = pdPASS;
 1364              		.loc 1 458 38 is_stmt 0 view .LVU392
 1365 000e D960     		str	r1, [r3, #12]
 459:Middlewares/Third_Party/FreeRTOS/Source/stream_buffer.c **** 	}
 1366              		.loc 1 459 3 is_stmt 1 view .LVU393
 1367              	.LVL107:
 459:Middlewares/Third_Party/FreeRTOS/Source/stream_buffer.c **** 	}
 1368              		.loc 1 459 11 is_stmt 0 view .LVU394
 1369 0010 0120     		movs	r0, #1
 1370              	.LVL108:
 459:Middlewares/Third_Party/FreeRTOS/Source/stream_buffer.c **** 	}
 1371              		.loc 1 459 11 view .LVU395
 1372 0012 7047     		bx	lr
 1373              	.LVL109:
 1374              	.L98:
 446:Middlewares/Third_Party/FreeRTOS/Source/stream_buffer.c **** 
 1375              		.loc 1 446 2 is_stmt 1 discriminator 1 view .LVU396
 1376              	.LBB130:
 1377              	.LBI130:
 193:Middlewares/Third_Party/FreeRTOS/Source/portable/GCC/ARM_CM3/portmacro.h **** {
 1378              		.loc 2 193 30 view .LVU397
 1379              	.LBB131:
 195:Middlewares/Third_Party/FreeRTOS/Source/portable/GCC/ARM_CM3/portmacro.h **** 
 1380              		.loc 2 195 1 view .LVU398
 1381              		.loc 2 197 2 view .LVU399
 1382              		.syntax unified
 1383              	@ 197 "Middlewares/Third_Party/FreeRTOS/Source/portable/GCC/ARM_CM3/portmacro.h" 1
 1384 0014 4FF05003 			mov r3, #80												
 1385 0018 83F31188 		msr basepri, r3											
 1386 001c BFF36F8F 		isb														
 1387 0020 BFF34F8F 		dsb														
ARM GAS  D:\software\msy64\tmp\cc3F8ZqV.s 			page 56


 1388              	
 1389              	@ 0 "" 2
 1390              		.thumb
 1391              		.syntax unified
 1392              	.L93:
 1393              	.LBE131:
 1394              	.LBE130:
 446:Middlewares/Third_Party/FreeRTOS/Source/stream_buffer.c **** 
 1395              		.loc 1 446 2 discriminator 3 view .LVU400
 446:Middlewares/Third_Party/FreeRTOS/Source/stream_buffer.c **** 
 1396              		.loc 1 446 2 discriminator 3 view .LVU401
 1397 0024 FEE7     		b	.L93
 1398              	.L97:
 463:Middlewares/Third_Party/FreeRTOS/Source/stream_buffer.c **** 	}
 1399              		.loc 1 463 11 is_stmt 0 view .LVU402
 1400 0026 0020     		movs	r0, #0
 1401              	.LVL110:
 466:Middlewares/Third_Party/FreeRTOS/Source/stream_buffer.c **** }
 1402              		.loc 1 466 2 is_stmt 1 view .LVU403
 467:Middlewares/Third_Party/FreeRTOS/Source/stream_buffer.c **** /*-----------------------------------------------------------*/
 1403              		.loc 1 467 1 is_stmt 0 view .LVU404
 1404 0028 7047     		bx	lr
 1405              		.cfi_endproc
 1406              	.LFE9:
 1408              		.section	.text.xStreamBufferSpacesAvailable,"ax",%progbits
 1409              		.align	1
 1410              		.global	xStreamBufferSpacesAvailable
 1411              		.syntax unified
 1412              		.thumb
 1413              		.thumb_func
 1415              	xStreamBufferSpacesAvailable:
 1416              	.LVL111:
 1417              	.LFB10:
 471:Middlewares/Third_Party/FreeRTOS/Source/stream_buffer.c **** const StreamBuffer_t * const pxStreamBuffer = xStreamBuffer;
 1418              		.loc 1 471 1 is_stmt 1 view -0
 1419              		.cfi_startproc
 1420              		@ args = 0, pretend = 0, frame = 0
 1421              		@ frame_needed = 0, uses_anonymous_args = 0
 1422              		@ link register save eliminated.
 472:Middlewares/Third_Party/FreeRTOS/Source/stream_buffer.c **** size_t xSpace;
 1423              		.loc 1 472 1 view .LVU406
 473:Middlewares/Third_Party/FreeRTOS/Source/stream_buffer.c **** 
 1424              		.loc 1 473 1 view .LVU407
 475:Middlewares/Third_Party/FreeRTOS/Source/stream_buffer.c **** 
 1425              		.loc 1 475 2 view .LVU408
 1426 0000 0346     		mov	r3, r0
 1427 0002 48B1     		cbz	r0, .L103
 475:Middlewares/Third_Party/FreeRTOS/Source/stream_buffer.c **** 
 1428              		.loc 1 475 32 discriminator 2 view .LVU409
 477:Middlewares/Third_Party/FreeRTOS/Source/stream_buffer.c **** 	xSpace -= pxStreamBuffer->xHead;
 1429              		.loc 1 477 2 view .LVU410
 477:Middlewares/Third_Party/FreeRTOS/Source/stream_buffer.c **** 	xSpace -= pxStreamBuffer->xHead;
 1430              		.loc 1 477 25 is_stmt 0 view .LVU411
 1431 0004 8268     		ldr	r2, [r0, #8]
 477:Middlewares/Third_Party/FreeRTOS/Source/stream_buffer.c **** 	xSpace -= pxStreamBuffer->xHead;
 1432              		.loc 1 477 51 view .LVU412
 1433 0006 0068     		ldr	r0, [r0]
ARM GAS  D:\software\msy64\tmp\cc3F8ZqV.s 			page 57


 1434              	.LVL112:
 477:Middlewares/Third_Party/FreeRTOS/Source/stream_buffer.c **** 	xSpace -= pxStreamBuffer->xHead;
 1435              		.loc 1 477 9 view .LVU413
 1436 0008 1044     		add	r0, r0, r2
 1437              	.LVL113:
 478:Middlewares/Third_Party/FreeRTOS/Source/stream_buffer.c **** 	xSpace -= ( size_t ) 1;
 1438              		.loc 1 478 2 is_stmt 1 view .LVU414
 478:Middlewares/Third_Party/FreeRTOS/Source/stream_buffer.c **** 	xSpace -= ( size_t ) 1;
 1439              		.loc 1 478 26 is_stmt 0 view .LVU415
 1440 000a 5B68     		ldr	r3, [r3, #4]
 1441              	.LVL114:
 478:Middlewares/Third_Party/FreeRTOS/Source/stream_buffer.c **** 	xSpace -= ( size_t ) 1;
 1442              		.loc 1 478 9 view .LVU416
 1443 000c C01A     		subs	r0, r0, r3
 1444              	.LVL115:
 479:Middlewares/Third_Party/FreeRTOS/Source/stream_buffer.c **** 
 1445              		.loc 1 479 2 is_stmt 1 view .LVU417
 479:Middlewares/Third_Party/FreeRTOS/Source/stream_buffer.c **** 
 1446              		.loc 1 479 9 is_stmt 0 view .LVU418
 1447 000e 0138     		subs	r0, r0, #1
 1448              	.LVL116:
 481:Middlewares/Third_Party/FreeRTOS/Source/stream_buffer.c **** 	{
 1449              		.loc 1 481 2 is_stmt 1 view .LVU419
 481:Middlewares/Third_Party/FreeRTOS/Source/stream_buffer.c **** 	{
 1450              		.loc 1 481 4 is_stmt 0 view .LVU420
 1451 0010 8242     		cmp	r2, r0
 1452 0012 00D8     		bhi	.L99
 483:Middlewares/Third_Party/FreeRTOS/Source/stream_buffer.c **** 	}
 1453              		.loc 1 483 3 is_stmt 1 view .LVU421
 483:Middlewares/Third_Party/FreeRTOS/Source/stream_buffer.c **** 	}
 1454              		.loc 1 483 10 is_stmt 0 view .LVU422
 1455 0014 801A     		subs	r0, r0, r2
 1456              	.LVL117:
 487:Middlewares/Third_Party/FreeRTOS/Source/stream_buffer.c **** 	}
 1457              		.loc 1 487 27 is_stmt 1 view .LVU423
 490:Middlewares/Third_Party/FreeRTOS/Source/stream_buffer.c **** }
 1458              		.loc 1 490 2 view .LVU424
 1459              	.L99:
 491:Middlewares/Third_Party/FreeRTOS/Source/stream_buffer.c **** /*-----------------------------------------------------------*/
 1460              		.loc 1 491 1 is_stmt 0 view .LVU425
 1461 0016 7047     		bx	lr
 1462              	.LVL118:
 1463              	.L103:
 475:Middlewares/Third_Party/FreeRTOS/Source/stream_buffer.c **** 
 1464              		.loc 1 475 2 is_stmt 1 discriminator 1 view .LVU426
 1465              	.LBB132:
 1466              	.LBI132:
 193:Middlewares/Third_Party/FreeRTOS/Source/portable/GCC/ARM_CM3/portmacro.h **** {
 1467              		.loc 2 193 30 view .LVU427
 1468              	.LBB133:
 195:Middlewares/Third_Party/FreeRTOS/Source/portable/GCC/ARM_CM3/portmacro.h **** 
 1469              		.loc 2 195 1 view .LVU428
 1470              		.loc 2 197 2 view .LVU429
 1471              		.syntax unified
 1472              	@ 197 "Middlewares/Third_Party/FreeRTOS/Source/portable/GCC/ARM_CM3/portmacro.h" 1
 1473 0018 4FF05003 			mov r3, #80												
 1474 001c 83F31188 		msr basepri, r3											
ARM GAS  D:\software\msy64\tmp\cc3F8ZqV.s 			page 58


 1475 0020 BFF36F8F 		isb														
 1476 0024 BFF34F8F 		dsb														
 1477              	
 1478              	@ 0 "" 2
 1479              		.thumb
 1480              		.syntax unified
 1481              	.L101:
 1482              	.LBE133:
 1483              	.LBE132:
 475:Middlewares/Third_Party/FreeRTOS/Source/stream_buffer.c **** 
 1484              		.loc 1 475 2 discriminator 3 view .LVU430
 475:Middlewares/Third_Party/FreeRTOS/Source/stream_buffer.c **** 
 1485              		.loc 1 475 2 discriminator 3 view .LVU431
 1486 0028 FEE7     		b	.L101
 1487              		.cfi_endproc
 1488              	.LFE10:
 1490              		.section	.text.xStreamBufferBytesAvailable,"ax",%progbits
 1491              		.align	1
 1492              		.global	xStreamBufferBytesAvailable
 1493              		.syntax unified
 1494              		.thumb
 1495              		.thumb_func
 1497              	xStreamBufferBytesAvailable:
 1498              	.LVL119:
 1499              	.LFB11:
 495:Middlewares/Third_Party/FreeRTOS/Source/stream_buffer.c **** const StreamBuffer_t * const pxStreamBuffer = xStreamBuffer;
 1500              		.loc 1 495 1 view -0
 1501              		.cfi_startproc
 1502              		@ args = 0, pretend = 0, frame = 0
 1503              		@ frame_needed = 0, uses_anonymous_args = 0
 495:Middlewares/Third_Party/FreeRTOS/Source/stream_buffer.c **** const StreamBuffer_t * const pxStreamBuffer = xStreamBuffer;
 1504              		.loc 1 495 1 is_stmt 0 view .LVU433
 1505 0000 08B5     		push	{r3, lr}
 1506              	.LCFI25:
 1507              		.cfi_def_cfa_offset 8
 1508              		.cfi_offset 3, -8
 1509              		.cfi_offset 14, -4
 496:Middlewares/Third_Party/FreeRTOS/Source/stream_buffer.c **** size_t xReturn;
 1510              		.loc 1 496 1 is_stmt 1 view .LVU434
 1511              	.LVL120:
 497:Middlewares/Third_Party/FreeRTOS/Source/stream_buffer.c **** 
 1512              		.loc 1 497 1 view .LVU435
 499:Middlewares/Third_Party/FreeRTOS/Source/stream_buffer.c **** 
 1513              		.loc 1 499 2 view .LVU436
 1514 0002 10B1     		cbz	r0, .L108
 499:Middlewares/Third_Party/FreeRTOS/Source/stream_buffer.c **** 
 1515              		.loc 1 499 32 discriminator 2 view .LVU437
 501:Middlewares/Third_Party/FreeRTOS/Source/stream_buffer.c **** 	return xReturn;
 1516              		.loc 1 501 2 view .LVU438
 501:Middlewares/Third_Party/FreeRTOS/Source/stream_buffer.c **** 	return xReturn;
 1517              		.loc 1 501 12 is_stmt 0 view .LVU439
 1518 0004 FFF7FEFF 		bl	prvBytesInBuffer
 1519              	.LVL121:
 502:Middlewares/Third_Party/FreeRTOS/Source/stream_buffer.c **** }
 1520              		.loc 1 502 2 is_stmt 1 view .LVU440
 503:Middlewares/Third_Party/FreeRTOS/Source/stream_buffer.c **** /*-----------------------------------------------------------*/
 1521              		.loc 1 503 1 is_stmt 0 view .LVU441
ARM GAS  D:\software\msy64\tmp\cc3F8ZqV.s 			page 59


 1522 0008 08BD     		pop	{r3, pc}
 1523              	.LVL122:
 1524              	.L108:
 499:Middlewares/Third_Party/FreeRTOS/Source/stream_buffer.c **** 
 1525              		.loc 1 499 2 is_stmt 1 discriminator 1 view .LVU442
 1526              	.LBB134:
 1527              	.LBI134:
 193:Middlewares/Third_Party/FreeRTOS/Source/portable/GCC/ARM_CM3/portmacro.h **** {
 1528              		.loc 2 193 30 view .LVU443
 1529              	.LBB135:
 195:Middlewares/Third_Party/FreeRTOS/Source/portable/GCC/ARM_CM3/portmacro.h **** 
 1530              		.loc 2 195 1 view .LVU444
 1531              		.loc 2 197 2 view .LVU445
 1532              		.syntax unified
 1533              	@ 197 "Middlewares/Third_Party/FreeRTOS/Source/portable/GCC/ARM_CM3/portmacro.h" 1
 1534 000a 4FF05003 			mov r3, #80												
 1535 000e 83F31188 		msr basepri, r3											
 1536 0012 BFF36F8F 		isb														
 1537 0016 BFF34F8F 		dsb														
 1538              	
 1539              	@ 0 "" 2
 1540              		.thumb
 1541              		.syntax unified
 1542              	.L106:
 1543              	.LBE135:
 1544              	.LBE134:
 499:Middlewares/Third_Party/FreeRTOS/Source/stream_buffer.c **** 
 1545              		.loc 1 499 2 discriminator 3 view .LVU446
 499:Middlewares/Third_Party/FreeRTOS/Source/stream_buffer.c **** 
 1546              		.loc 1 499 2 discriminator 3 view .LVU447
 1547 001a FEE7     		b	.L106
 1548              		.cfi_endproc
 1549              	.LFE11:
 1551              		.section	.text.xStreamBufferSend,"ax",%progbits
 1552              		.align	1
 1553              		.global	xStreamBufferSend
 1554              		.syntax unified
 1555              		.thumb
 1556              		.thumb_func
 1558              	xStreamBufferSend:
 1559              	.LVL123:
 1560              	.LFB12:
 510:Middlewares/Third_Party/FreeRTOS/Source/stream_buffer.c **** StreamBuffer_t * const pxStreamBuffer = xStreamBuffer;
 1561              		.loc 1 510 1 view -0
 1562              		.cfi_startproc
 1563              		@ args = 0, pretend = 0, frame = 16
 1564              		@ frame_needed = 0, uses_anonymous_args = 0
 510:Middlewares/Third_Party/FreeRTOS/Source/stream_buffer.c **** StreamBuffer_t * const pxStreamBuffer = xStreamBuffer;
 1565              		.loc 1 510 1 is_stmt 0 view .LVU449
 1566 0000 2DE9F041 		push	{r4, r5, r6, r7, r8, lr}
 1567              	.LCFI26:
 1568              		.cfi_def_cfa_offset 24
 1569              		.cfi_offset 4, -24
 1570              		.cfi_offset 5, -20
 1571              		.cfi_offset 6, -16
 1572              		.cfi_offset 7, -12
 1573              		.cfi_offset 8, -8
ARM GAS  D:\software\msy64\tmp\cc3F8ZqV.s 			page 60


 1574              		.cfi_offset 14, -4
 1575 0004 86B0     		sub	sp, sp, #24
 1576              	.LCFI27:
 1577              		.cfi_def_cfa_offset 48
 1578 0006 0393     		str	r3, [sp, #12]
 511:Middlewares/Third_Party/FreeRTOS/Source/stream_buffer.c **** size_t xReturn, xSpace = 0;
 1579              		.loc 1 511 1 is_stmt 1 view .LVU450
 1580              	.LVL124:
 512:Middlewares/Third_Party/FreeRTOS/Source/stream_buffer.c **** size_t xRequiredSpace = xDataLengthBytes;
 1581              		.loc 1 512 1 view .LVU451
 513:Middlewares/Third_Party/FreeRTOS/Source/stream_buffer.c **** TimeOut_t xTimeOut;
 1582              		.loc 1 513 1 view .LVU452
 514:Middlewares/Third_Party/FreeRTOS/Source/stream_buffer.c **** 
 1583              		.loc 1 514 1 view .LVU453
 516:Middlewares/Third_Party/FreeRTOS/Source/stream_buffer.c **** 	configASSERT( pxStreamBuffer );
 1584              		.loc 1 516 2 view .LVU454
 1585 0008 99B1     		cbz	r1, .L127
 1586 000a 0446     		mov	r4, r0
 1587 000c 1646     		mov	r6, r2
 1588 000e 8846     		mov	r8, r1
 516:Middlewares/Third_Party/FreeRTOS/Source/stream_buffer.c **** 	configASSERT( pxStreamBuffer );
 1589              		.loc 1 516 26 discriminator 2 view .LVU455
 517:Middlewares/Third_Party/FreeRTOS/Source/stream_buffer.c **** 
 1590              		.loc 1 517 2 view .LVU456
 1591 0010 C0B1     		cbz	r0, .L128
 517:Middlewares/Third_Party/FreeRTOS/Source/stream_buffer.c **** 
 1592              		.loc 1 517 32 discriminator 2 view .LVU457
 523:Middlewares/Third_Party/FreeRTOS/Source/stream_buffer.c **** 	{
 1593              		.loc 1 523 2 view .LVU458
 523:Middlewares/Third_Party/FreeRTOS/Source/stream_buffer.c **** 	{
 1594              		.loc 1 523 22 is_stmt 0 view .LVU459
 1595 0012 037F     		ldrb	r3, [r0, #28]	@ zero_extendqisi2
 1596              	.LVL125:
 523:Middlewares/Third_Party/FreeRTOS/Source/stream_buffer.c **** 	{
 1597              		.loc 1 523 4 view .LVU460
 1598 0014 13F0010F 		tst	r3, #1
 1599 0018 1DD0     		beq	.L125
 525:Middlewares/Third_Party/FreeRTOS/Source/stream_buffer.c **** 
 1600              		.loc 1 525 3 is_stmt 1 view .LVU461
 525:Middlewares/Third_Party/FreeRTOS/Source/stream_buffer.c **** 
 1601              		.loc 1 525 18 is_stmt 0 view .LVU462
 1602 001a 171D     		adds	r7, r2, #4
 1603              	.LVL126:
 528:Middlewares/Third_Party/FreeRTOS/Source/stream_buffer.c **** 	}
 1604              		.loc 1 528 3 is_stmt 1 view .LVU463
 1605 001c BA42     		cmp	r2, r7
 1606 001e 1BD3     		bcc	.L114
 528:Middlewares/Third_Party/FreeRTOS/Source/stream_buffer.c **** 	}
 1607              		.loc 1 528 3 discriminator 1 view .LVU464
 1608              	.LBB136:
 1609              	.LBI136:
 193:Middlewares/Third_Party/FreeRTOS/Source/portable/GCC/ARM_CM3/portmacro.h **** {
 1610              		.loc 2 193 30 view .LVU465
 1611              	.LBB137:
 195:Middlewares/Third_Party/FreeRTOS/Source/portable/GCC/ARM_CM3/portmacro.h **** 
 1612              		.loc 2 195 1 view .LVU466
 1613              		.loc 2 197 2 view .LVU467
ARM GAS  D:\software\msy64\tmp\cc3F8ZqV.s 			page 61


 1614              		.syntax unified
 1615              	@ 197 "Middlewares/Third_Party/FreeRTOS/Source/portable/GCC/ARM_CM3/portmacro.h" 1
 1616 0020 4FF05003 			mov r3, #80												
 1617 0024 83F31188 		msr basepri, r3											
 1618 0028 BFF36F8F 		isb														
 1619 002c BFF34F8F 		dsb														
 1620              	
 1621              	@ 0 "" 2
 1622              		.thumb
 1623              		.syntax unified
 1624              	.L115:
 1625              	.LBE137:
 1626              	.LBE136:
 528:Middlewares/Third_Party/FreeRTOS/Source/stream_buffer.c **** 	}
 1627              		.loc 1 528 3 discriminator 3 view .LVU468
 528:Middlewares/Third_Party/FreeRTOS/Source/stream_buffer.c **** 	}
 1628              		.loc 1 528 3 discriminator 3 view .LVU469
 1629 0030 FEE7     		b	.L115
 1630              	.LVL127:
 1631              	.L127:
 516:Middlewares/Third_Party/FreeRTOS/Source/stream_buffer.c **** 	configASSERT( pxStreamBuffer );
 1632              		.loc 1 516 2 discriminator 1 view .LVU470
 1633              	.LBB138:
 1634              	.LBI138:
 193:Middlewares/Third_Party/FreeRTOS/Source/portable/GCC/ARM_CM3/portmacro.h **** {
 1635              		.loc 2 193 30 view .LVU471
 1636              	.LBB139:
 195:Middlewares/Third_Party/FreeRTOS/Source/portable/GCC/ARM_CM3/portmacro.h **** 
 1637              		.loc 2 195 1 view .LVU472
 1638              		.loc 2 197 2 view .LVU473
 1639              		.syntax unified
 1640              	@ 197 "Middlewares/Third_Party/FreeRTOS/Source/portable/GCC/ARM_CM3/portmacro.h" 1
 1641 0032 4FF05003 			mov r3, #80												
 1642 0036 83F31188 		msr basepri, r3											
 1643 003a BFF36F8F 		isb														
 1644 003e BFF34F8F 		dsb														
 1645              	
 1646              	@ 0 "" 2
 1647              	.LVL128:
 1648              		.thumb
 1649              		.syntax unified
 1650              	.L111:
 1651              		.loc 2 197 2 is_stmt 0 view .LVU474
 1652              	.LBE139:
 1653              	.LBE138:
 516:Middlewares/Third_Party/FreeRTOS/Source/stream_buffer.c **** 	configASSERT( pxStreamBuffer );
 1654              		.loc 1 516 2 is_stmt 1 discriminator 3 view .LVU475
 516:Middlewares/Third_Party/FreeRTOS/Source/stream_buffer.c **** 	configASSERT( pxStreamBuffer );
 1655              		.loc 1 516 2 discriminator 3 view .LVU476
 1656 0042 FEE7     		b	.L111
 1657              	.LVL129:
 1658              	.L128:
 517:Middlewares/Third_Party/FreeRTOS/Source/stream_buffer.c **** 
 1659              		.loc 1 517 2 discriminator 1 view .LVU477
 1660              	.LBB140:
 1661              	.LBI140:
 193:Middlewares/Third_Party/FreeRTOS/Source/portable/GCC/ARM_CM3/portmacro.h **** {
ARM GAS  D:\software\msy64\tmp\cc3F8ZqV.s 			page 62


 1662              		.loc 2 193 30 view .LVU478
 1663              	.LBB141:
 195:Middlewares/Third_Party/FreeRTOS/Source/portable/GCC/ARM_CM3/portmacro.h **** 
 1664              		.loc 2 195 1 view .LVU479
 1665              		.loc 2 197 2 view .LVU480
 1666              		.syntax unified
 1667              	@ 197 "Middlewares/Third_Party/FreeRTOS/Source/portable/GCC/ARM_CM3/portmacro.h" 1
 1668 0044 4FF05003 			mov r3, #80												
 1669 0048 83F31188 		msr basepri, r3											
 1670 004c BFF36F8F 		isb														
 1671 0050 BFF34F8F 		dsb														
 1672              	
 1673              	@ 0 "" 2
 1674              	.LVL130:
 1675              		.thumb
 1676              		.syntax unified
 1677              	.L113:
 1678              		.loc 2 197 2 is_stmt 0 view .LVU481
 1679              	.LBE141:
 1680              	.LBE140:
 517:Middlewares/Third_Party/FreeRTOS/Source/stream_buffer.c **** 
 1681              		.loc 1 517 2 is_stmt 1 discriminator 3 view .LVU482
 517:Middlewares/Third_Party/FreeRTOS/Source/stream_buffer.c **** 
 1682              		.loc 1 517 2 discriminator 3 view .LVU483
 1683 0054 FEE7     		b	.L113
 1684              	.L125:
 513:Middlewares/Third_Party/FreeRTOS/Source/stream_buffer.c **** TimeOut_t xTimeOut;
 1685              		.loc 1 513 8 is_stmt 0 view .LVU484
 1686 0056 1746     		mov	r7, r2
 1687              	.LVL131:
 1688              	.L114:
 532:Middlewares/Third_Party/FreeRTOS/Source/stream_buffer.c **** 	}
 1689              		.loc 1 532 27 is_stmt 1 view .LVU485
 535:Middlewares/Third_Party/FreeRTOS/Source/stream_buffer.c **** 	{
 1690              		.loc 1 535 2 view .LVU486
 535:Middlewares/Third_Party/FreeRTOS/Source/stream_buffer.c **** 	{
 1691              		.loc 1 535 19 is_stmt 0 view .LVU487
 1692 0058 039B     		ldr	r3, [sp, #12]
 535:Middlewares/Third_Party/FreeRTOS/Source/stream_buffer.c **** 	{
 1693              		.loc 1 535 4 view .LVU488
 1694 005a 7BB3     		cbz	r3, .L116
 537:Middlewares/Third_Party/FreeRTOS/Source/stream_buffer.c **** 
 1695              		.loc 1 537 3 is_stmt 1 view .LVU489
 1696 005c 04A8     		add	r0, sp, #16
 1697              	.LVL132:
 537:Middlewares/Third_Party/FreeRTOS/Source/stream_buffer.c **** 
 1698              		.loc 1 537 3 is_stmt 0 view .LVU490
 1699 005e FFF7FEFF 		bl	vTaskSetTimeOutState
 1700              	.LVL133:
 1701              	.L120:
 539:Middlewares/Third_Party/FreeRTOS/Source/stream_buffer.c **** 		{
 1702              		.loc 1 539 3 is_stmt 1 view .LVU491
 543:Middlewares/Third_Party/FreeRTOS/Source/stream_buffer.c **** 			{
 1703              		.loc 1 543 4 view .LVU492
 1704 0062 FFF7FEFF 		bl	vPortEnterCritical
 1705              	.LVL134:
 545:Middlewares/Third_Party/FreeRTOS/Source/stream_buffer.c **** 
ARM GAS  D:\software\msy64\tmp\cc3F8ZqV.s 			page 63


 1706              		.loc 1 545 5 view .LVU493
 545:Middlewares/Third_Party/FreeRTOS/Source/stream_buffer.c **** 
 1707              		.loc 1 545 14 is_stmt 0 view .LVU494
 1708 0066 2046     		mov	r0, r4
 1709 0068 FFF7FEFF 		bl	xStreamBufferSpacesAvailable
 1710              	.LVL135:
 1711 006c 0546     		mov	r5, r0
 1712              	.LVL136:
 547:Middlewares/Third_Party/FreeRTOS/Source/stream_buffer.c **** 				{
 1713              		.loc 1 547 5 is_stmt 1 view .LVU495
 547:Middlewares/Third_Party/FreeRTOS/Source/stream_buffer.c **** 				{
 1714              		.loc 1 547 7 is_stmt 0 view .LVU496
 1715 006e 8742     		cmp	r7, r0
 1716 0070 21D9     		bls	.L117
 550:Middlewares/Third_Party/FreeRTOS/Source/stream_buffer.c **** 
 1717              		.loc 1 550 6 is_stmt 1 view .LVU497
 550:Middlewares/Third_Party/FreeRTOS/Source/stream_buffer.c **** 
 1718              		.loc 1 550 15 is_stmt 0 view .LVU498
 1719 0072 0020     		movs	r0, #0
 1720              	.LVL137:
 550:Middlewares/Third_Party/FreeRTOS/Source/stream_buffer.c **** 
 1721              		.loc 1 550 15 view .LVU499
 1722 0074 FFF7FEFF 		bl	xTaskNotifyStateClear
 1723              	.LVL138:
 553:Middlewares/Third_Party/FreeRTOS/Source/stream_buffer.c **** 					pxStreamBuffer->xTaskWaitingToSend = xTaskGetCurrentTaskHandle();
 1724              		.loc 1 553 6 is_stmt 1 view .LVU500
 1725 0078 6369     		ldr	r3, [r4, #20]
 1726 007a 9BB9     		cbnz	r3, .L129
 553:Middlewares/Third_Party/FreeRTOS/Source/stream_buffer.c **** 					pxStreamBuffer->xTaskWaitingToSend = xTaskGetCurrentTaskHandle();
 1727              		.loc 1 553 64 discriminator 2 view .LVU501
 554:Middlewares/Third_Party/FreeRTOS/Source/stream_buffer.c **** 				}
 1728              		.loc 1 554 6 view .LVU502
 554:Middlewares/Third_Party/FreeRTOS/Source/stream_buffer.c **** 				}
 1729              		.loc 1 554 43 is_stmt 0 view .LVU503
 1730 007c FFF7FEFF 		bl	xTaskGetCurrentTaskHandle
 1731              	.LVL139:
 554:Middlewares/Third_Party/FreeRTOS/Source/stream_buffer.c **** 				}
 1732              		.loc 1 554 41 discriminator 1 view .LVU504
 1733 0080 6061     		str	r0, [r4, #20]
 562:Middlewares/Third_Party/FreeRTOS/Source/stream_buffer.c **** 
 1734              		.loc 1 562 4 is_stmt 1 view .LVU505
 1735 0082 FFF7FEFF 		bl	vPortExitCritical
 1736              	.LVL140:
 564:Middlewares/Third_Party/FreeRTOS/Source/stream_buffer.c **** 			( void ) xTaskNotifyWait( ( uint32_t ) 0, ( uint32_t ) 0, NULL, xTicksToWait );
 1737              		.loc 1 564 56 view .LVU506
 565:Middlewares/Third_Party/FreeRTOS/Source/stream_buffer.c **** 			pxStreamBuffer->xTaskWaitingToSend = NULL;
 1738              		.loc 1 565 4 view .LVU507
 565:Middlewares/Third_Party/FreeRTOS/Source/stream_buffer.c **** 			pxStreamBuffer->xTaskWaitingToSend = NULL;
 1739              		.loc 1 565 13 is_stmt 0 view .LVU508
 1740 0086 039B     		ldr	r3, [sp, #12]
 1741 0088 0022     		movs	r2, #0
 1742 008a 1146     		mov	r1, r2
 1743 008c 1046     		mov	r0, r2
 1744 008e FFF7FEFF 		bl	xTaskNotifyWait
 1745              	.LVL141:
 566:Middlewares/Third_Party/FreeRTOS/Source/stream_buffer.c **** 
 1746              		.loc 1 566 4 is_stmt 1 view .LVU509
ARM GAS  D:\software\msy64\tmp\cc3F8ZqV.s 			page 64


 566:Middlewares/Third_Party/FreeRTOS/Source/stream_buffer.c **** 
 1747              		.loc 1 566 39 is_stmt 0 view .LVU510
 1748 0092 0023     		movs	r3, #0
 1749 0094 6361     		str	r3, [r4, #20]
 568:Middlewares/Third_Party/FreeRTOS/Source/stream_buffer.c **** 	}
 1750              		.loc 1 568 61 is_stmt 1 view .LVU511
 568:Middlewares/Third_Party/FreeRTOS/Source/stream_buffer.c **** 	}
 1751              		.loc 1 568 12 is_stmt 0 view .LVU512
 1752 0096 03A9     		add	r1, sp, #12
 1753 0098 04A8     		add	r0, sp, #16
 1754 009a FFF7FEFF 		bl	xTaskCheckForTimeOut
 1755              	.LVL142:
 568:Middlewares/Third_Party/FreeRTOS/Source/stream_buffer.c **** 	}
 1756              		.loc 1 568 61 discriminator 1 view .LVU513
 1757 009e 0028     		cmp	r0, #0
 1758 00a0 DFD0     		beq	.L120
 1759 00a2 0AE0     		b	.L121
 1760              	.L129:
 553:Middlewares/Third_Party/FreeRTOS/Source/stream_buffer.c **** 					pxStreamBuffer->xTaskWaitingToSend = xTaskGetCurrentTaskHandle();
 1761              		.loc 1 553 6 is_stmt 1 discriminator 1 view .LVU514
 1762              	.LBB142:
 1763              	.LBI142:
 193:Middlewares/Third_Party/FreeRTOS/Source/portable/GCC/ARM_CM3/portmacro.h **** {
 1764              		.loc 2 193 30 view .LVU515
 1765              	.LBB143:
 195:Middlewares/Third_Party/FreeRTOS/Source/portable/GCC/ARM_CM3/portmacro.h **** 
 1766              		.loc 2 195 1 view .LVU516
 1767              		.loc 2 197 2 view .LVU517
 1768              		.syntax unified
 1769              	@ 197 "Middlewares/Third_Party/FreeRTOS/Source/portable/GCC/ARM_CM3/portmacro.h" 1
 1770 00a4 4FF05003 			mov r3, #80												
 1771 00a8 83F31188 		msr basepri, r3											
 1772 00ac BFF36F8F 		isb														
 1773 00b0 BFF34F8F 		dsb														
 1774              	
 1775              	@ 0 "" 2
 1776              		.thumb
 1777              		.syntax unified
 1778              	.L119:
 1779              	.LBE143:
 1780              	.LBE142:
 553:Middlewares/Third_Party/FreeRTOS/Source/stream_buffer.c **** 					pxStreamBuffer->xTaskWaitingToSend = xTaskGetCurrentTaskHandle();
 1781              		.loc 1 553 6 discriminator 3 view .LVU518
 553:Middlewares/Third_Party/FreeRTOS/Source/stream_buffer.c **** 					pxStreamBuffer->xTaskWaitingToSend = xTaskGetCurrentTaskHandle();
 1782              		.loc 1 553 6 discriminator 3 view .LVU519
 1783 00b4 FEE7     		b	.L119
 1784              	.LVL143:
 1785              	.L117:
 558:Middlewares/Third_Party/FreeRTOS/Source/stream_buffer.c **** 					break;
 1786              		.loc 1 558 6 view .LVU520
 1787 00b6 FFF7FEFF 		bl	vPortExitCritical
 1788              	.LVL144:
 559:Middlewares/Third_Party/FreeRTOS/Source/stream_buffer.c **** 				}
 1789              		.loc 1 559 6 view .LVU521
 1790              	.L121:
 572:Middlewares/Third_Party/FreeRTOS/Source/stream_buffer.c **** 	}
 1791              		.loc 1 572 27 view .LVU522
ARM GAS  D:\software\msy64\tmp\cc3F8ZqV.s 			page 65


 575:Middlewares/Third_Party/FreeRTOS/Source/stream_buffer.c **** 	{
 1792              		.loc 1 575 2 view .LVU523
 575:Middlewares/Third_Party/FreeRTOS/Source/stream_buffer.c **** 	{
 1793              		.loc 1 575 4 is_stmt 0 view .LVU524
 1794 00ba 1DB9     		cbnz	r5, .L122
 1795              	.LVL145:
 1796              	.L116:
 577:Middlewares/Third_Party/FreeRTOS/Source/stream_buffer.c **** 	}
 1797              		.loc 1 577 3 is_stmt 1 view .LVU525
 577:Middlewares/Third_Party/FreeRTOS/Source/stream_buffer.c **** 	}
 1798              		.loc 1 577 12 is_stmt 0 view .LVU526
 1799 00bc 2046     		mov	r0, r4
 1800 00be FFF7FEFF 		bl	xStreamBufferSpacesAvailable
 1801              	.LVL146:
 1802 00c2 0546     		mov	r5, r0
 1803              	.LVL147:
 1804              	.L122:
 581:Middlewares/Third_Party/FreeRTOS/Source/stream_buffer.c **** 	}
 1805              		.loc 1 581 27 is_stmt 1 view .LVU527
 584:Middlewares/Third_Party/FreeRTOS/Source/stream_buffer.c **** 
 1806              		.loc 1 584 2 view .LVU528
 584:Middlewares/Third_Party/FreeRTOS/Source/stream_buffer.c **** 
 1807              		.loc 1 584 12 is_stmt 0 view .LVU529
 1808 00c4 0097     		str	r7, [sp]
 1809 00c6 2B46     		mov	r3, r5
 1810 00c8 3246     		mov	r2, r6
 1811 00ca 4146     		mov	r1, r8
 1812 00cc 2046     		mov	r0, r4
 1813 00ce FFF7FEFF 		bl	prvWriteMessageToBuffer
 1814              	.LVL148:
 586:Middlewares/Third_Party/FreeRTOS/Source/stream_buffer.c **** 	{
 1815              		.loc 1 586 2 is_stmt 1 view .LVU530
 586:Middlewares/Third_Party/FreeRTOS/Source/stream_buffer.c **** 	{
 1816              		.loc 1 586 4 is_stmt 0 view .LVU531
 1817 00d2 0546     		mov	r5, r0
 1818              	.LVL149:
 586:Middlewares/Third_Party/FreeRTOS/Source/stream_buffer.c **** 	{
 1819              		.loc 1 586 4 view .LVU532
 1820 00d4 18B9     		cbnz	r0, .L130
 1821              	.LVL150:
 1822              	.L109:
 607:Middlewares/Third_Party/FreeRTOS/Source/stream_buffer.c **** /*-----------------------------------------------------------*/
 1823              		.loc 1 607 1 view .LVU533
 1824 00d6 2846     		mov	r0, r5
 1825 00d8 06B0     		add	sp, sp, #24
 1826              	.LCFI28:
 1827              		.cfi_remember_state
 1828              		.cfi_def_cfa_offset 24
 1829              		@ sp needed
 1830 00da BDE8F081 		pop	{r4, r5, r6, r7, r8, pc}
 1831              	.LVL151:
 1832              	.L130:
 1833              	.LCFI29:
 1834              		.cfi_restore_state
 588:Middlewares/Third_Party/FreeRTOS/Source/stream_buffer.c **** 
 1835              		.loc 1 588 52 is_stmt 1 view .LVU534
 591:Middlewares/Third_Party/FreeRTOS/Source/stream_buffer.c **** 		{
ARM GAS  D:\software\msy64\tmp\cc3F8ZqV.s 			page 66


 1836              		.loc 1 591 3 view .LVU535
 591:Middlewares/Third_Party/FreeRTOS/Source/stream_buffer.c **** 		{
 1837              		.loc 1 591 7 is_stmt 0 view .LVU536
 1838 00de 2046     		mov	r0, r4
 1839              	.LVL152:
 591:Middlewares/Third_Party/FreeRTOS/Source/stream_buffer.c **** 		{
 1840              		.loc 1 591 7 view .LVU537
 1841 00e0 FFF7FEFF 		bl	prvBytesInBuffer
 1842              	.LVL153:
 591:Middlewares/Third_Party/FreeRTOS/Source/stream_buffer.c **** 		{
 1843              		.loc 1 591 59 discriminator 1 view .LVU538
 1844 00e4 E368     		ldr	r3, [r4, #12]
 591:Middlewares/Third_Party/FreeRTOS/Source/stream_buffer.c **** 		{
 1845              		.loc 1 591 5 discriminator 1 view .LVU539
 1846 00e6 9842     		cmp	r0, r3
 1847 00e8 F5D3     		bcc	.L109
 593:Middlewares/Third_Party/FreeRTOS/Source/stream_buffer.c **** 		}
 1848              		.loc 1 593 4 is_stmt 1 view .LVU540
 1849 00ea FFF7FEFF 		bl	vTaskSuspendAll
 1850              	.LVL154:
 593:Middlewares/Third_Party/FreeRTOS/Source/stream_buffer.c **** 		}
 1851              		.loc 1 593 4 discriminator 1 view .LVU541
 1852 00ee 2369     		ldr	r3, [r4, #16]
 1853 00f0 3BB1     		cbz	r3, .L124
 593:Middlewares/Third_Party/FreeRTOS/Source/stream_buffer.c **** 		}
 1854              		.loc 1 593 4 discriminator 1 view .LVU542
 1855 00f2 2069     		ldr	r0, [r4, #16]
 1856 00f4 0023     		movs	r3, #0
 1857 00f6 1A46     		mov	r2, r3
 1858 00f8 1946     		mov	r1, r3
 1859 00fa FFF7FEFF 		bl	xTaskGenericNotify
 1860              	.LVL155:
 593:Middlewares/Third_Party/FreeRTOS/Source/stream_buffer.c **** 		}
 1861              		.loc 1 593 4 discriminator 1 view .LVU543
 1862 00fe 0023     		movs	r3, #0
 1863 0100 2361     		str	r3, [r4, #16]
 1864              	.L124:
 593:Middlewares/Third_Party/FreeRTOS/Source/stream_buffer.c **** 		}
 1865              		.loc 1 593 4 discriminator 3 view .LVU544
 1866 0102 FFF7FEFF 		bl	xTaskResumeAll
 1867              	.LVL156:
 593:Middlewares/Third_Party/FreeRTOS/Source/stream_buffer.c **** 		}
 1868              		.loc 1 593 38 discriminator 1 view .LVU545
 602:Middlewares/Third_Party/FreeRTOS/Source/stream_buffer.c **** 		traceSTREAM_BUFFER_SEND_FAILED( xStreamBuffer );
 1869              		.loc 1 602 27 view .LVU546
 603:Middlewares/Third_Party/FreeRTOS/Source/stream_buffer.c **** 	}
 1870              		.loc 1 603 50 view .LVU547
 606:Middlewares/Third_Party/FreeRTOS/Source/stream_buffer.c **** }
 1871              		.loc 1 606 2 view .LVU548
 606:Middlewares/Third_Party/FreeRTOS/Source/stream_buffer.c **** }
 1872              		.loc 1 606 9 is_stmt 0 view .LVU549
 1873 0106 E6E7     		b	.L109
 1874              		.cfi_endproc
 1875              	.LFE12:
 1877              		.section	.text.xStreamBufferSendFromISR,"ax",%progbits
 1878              		.align	1
 1879              		.global	xStreamBufferSendFromISR
ARM GAS  D:\software\msy64\tmp\cc3F8ZqV.s 			page 67


 1880              		.syntax unified
 1881              		.thumb
 1882              		.thumb_func
 1884              	xStreamBufferSendFromISR:
 1885              	.LVL157:
 1886              	.LFB13:
 614:Middlewares/Third_Party/FreeRTOS/Source/stream_buffer.c **** StreamBuffer_t * const pxStreamBuffer = xStreamBuffer;
 1887              		.loc 1 614 1 is_stmt 1 view -0
 1888              		.cfi_startproc
 1889              		@ args = 0, pretend = 0, frame = 0
 1890              		@ frame_needed = 0, uses_anonymous_args = 0
 615:Middlewares/Third_Party/FreeRTOS/Source/stream_buffer.c **** size_t xReturn, xSpace;
 1891              		.loc 1 615 1 view .LVU551
 616:Middlewares/Third_Party/FreeRTOS/Source/stream_buffer.c **** size_t xRequiredSpace = xDataLengthBytes;
 1892              		.loc 1 616 1 view .LVU552
 617:Middlewares/Third_Party/FreeRTOS/Source/stream_buffer.c **** 
 1893              		.loc 1 617 1 view .LVU553
 619:Middlewares/Third_Party/FreeRTOS/Source/stream_buffer.c **** 	configASSERT( pxStreamBuffer );
 1894              		.loc 1 619 2 view .LVU554
 1895 0000 F1B1     		cbz	r1, .L142
 614:Middlewares/Third_Party/FreeRTOS/Source/stream_buffer.c **** StreamBuffer_t * const pxStreamBuffer = xStreamBuffer;
 1896              		.loc 1 614 1 is_stmt 0 view .LVU555
 1897 0002 2DE9F041 		push	{r4, r5, r6, r7, r8, lr}
 1898              	.LCFI30:
 1899              		.cfi_def_cfa_offset 24
 1900              		.cfi_offset 4, -24
 1901              		.cfi_offset 5, -20
 1902              		.cfi_offset 6, -16
 1903              		.cfi_offset 7, -12
 1904              		.cfi_offset 8, -8
 1905              		.cfi_offset 14, -4
 1906 0006 82B0     		sub	sp, sp, #8
 1907              	.LCFI31:
 1908              		.cfi_def_cfa_offset 32
 1909 0008 0446     		mov	r4, r0
 1910 000a 1546     		mov	r5, r2
 1911 000c 1E46     		mov	r6, r3
 1912 000e 0F46     		mov	r7, r1
 619:Middlewares/Third_Party/FreeRTOS/Source/stream_buffer.c **** 	configASSERT( pxStreamBuffer );
 1913              		.loc 1 619 26 is_stmt 1 discriminator 2 view .LVU556
 620:Middlewares/Third_Party/FreeRTOS/Source/stream_buffer.c **** 
 1914              		.loc 1 620 2 view .LVU557
 1915 0010 F8B1     		cbz	r0, .L143
 620:Middlewares/Third_Party/FreeRTOS/Source/stream_buffer.c **** 
 1916              		.loc 1 620 32 discriminator 2 view .LVU558
 626:Middlewares/Third_Party/FreeRTOS/Source/stream_buffer.c **** 	{
 1917              		.loc 1 626 2 view .LVU559
 626:Middlewares/Third_Party/FreeRTOS/Source/stream_buffer.c **** 	{
 1918              		.loc 1 626 22 is_stmt 0 view .LVU560
 1919 0012 037F     		ldrb	r3, [r0, #28]	@ zero_extendqisi2
 1920              	.LVL158:
 626:Middlewares/Third_Party/FreeRTOS/Source/stream_buffer.c **** 	{
 1921              		.loc 1 626 4 view .LVU561
 1922 0014 13F0010F 		tst	r3, #1
 1923 0018 24D0     		beq	.L139
 628:Middlewares/Third_Party/FreeRTOS/Source/stream_buffer.c **** 	}
 1924              		.loc 1 628 3 is_stmt 1 view .LVU562
ARM GAS  D:\software\msy64\tmp\cc3F8ZqV.s 			page 68


 628:Middlewares/Third_Party/FreeRTOS/Source/stream_buffer.c **** 	}
 1925              		.loc 1 628 18 is_stmt 0 view .LVU563
 1926 001a 02F10408 		add	r8, r2, #4
 1927              	.LVL159:
 1928              	.L136:
 632:Middlewares/Third_Party/FreeRTOS/Source/stream_buffer.c **** 	}
 1929              		.loc 1 632 27 is_stmt 1 view .LVU564
 635:Middlewares/Third_Party/FreeRTOS/Source/stream_buffer.c **** 	xReturn = prvWriteMessageToBuffer( pxStreamBuffer, pvTxData, xDataLengthBytes, xSpace, xRequiredSp
 1930              		.loc 1 635 2 view .LVU565
 635:Middlewares/Third_Party/FreeRTOS/Source/stream_buffer.c **** 	xReturn = prvWriteMessageToBuffer( pxStreamBuffer, pvTxData, xDataLengthBytes, xSpace, xRequiredSp
 1931              		.loc 1 635 11 is_stmt 0 view .LVU566
 1932 001e 2046     		mov	r0, r4
 1933              	.LVL160:
 635:Middlewares/Third_Party/FreeRTOS/Source/stream_buffer.c **** 	xReturn = prvWriteMessageToBuffer( pxStreamBuffer, pvTxData, xDataLengthBytes, xSpace, xRequiredSp
 1934              		.loc 1 635 11 view .LVU567
 1935 0020 FFF7FEFF 		bl	xStreamBufferSpacesAvailable
 1936              	.LVL161:
 635:Middlewares/Third_Party/FreeRTOS/Source/stream_buffer.c **** 	xReturn = prvWriteMessageToBuffer( pxStreamBuffer, pvTxData, xDataLengthBytes, xSpace, xRequiredSp
 1937              		.loc 1 635 11 view .LVU568
 1938 0024 0346     		mov	r3, r0
 1939              	.LVL162:
 636:Middlewares/Third_Party/FreeRTOS/Source/stream_buffer.c **** 
 1940              		.loc 1 636 2 is_stmt 1 view .LVU569
 636:Middlewares/Third_Party/FreeRTOS/Source/stream_buffer.c **** 
 1941              		.loc 1 636 12 is_stmt 0 view .LVU570
 1942 0026 CDF80080 		str	r8, [sp]
 1943 002a 2A46     		mov	r2, r5
 1944 002c 3946     		mov	r1, r7
 1945 002e 2046     		mov	r0, r4
 1946              	.LVL163:
 636:Middlewares/Third_Party/FreeRTOS/Source/stream_buffer.c **** 
 1947              		.loc 1 636 12 view .LVU571
 1948 0030 FFF7FEFF 		bl	prvWriteMessageToBuffer
 1949              	.LVL164:
 638:Middlewares/Third_Party/FreeRTOS/Source/stream_buffer.c **** 	{
 1950              		.loc 1 638 2 is_stmt 1 view .LVU572
 638:Middlewares/Third_Party/FreeRTOS/Source/stream_buffer.c **** 	{
 1951              		.loc 1 638 4 is_stmt 0 view .LVU573
 1952 0034 0546     		mov	r5, r0
 1953              	.LVL165:
 638:Middlewares/Third_Party/FreeRTOS/Source/stream_buffer.c **** 	{
 1954              		.loc 1 638 4 view .LVU574
 1955 0036 B8B9     		cbnz	r0, .L144
 1956              	.LVL166:
 1957              	.L131:
 658:Middlewares/Third_Party/FreeRTOS/Source/stream_buffer.c **** /*-----------------------------------------------------------*/
 1958              		.loc 1 658 1 view .LVU575
 1959 0038 2846     		mov	r0, r5
 1960 003a 02B0     		add	sp, sp, #8
 1961              	.LCFI32:
 1962              		.cfi_def_cfa_offset 24
 1963              		@ sp needed
 1964 003c BDE8F081 		pop	{r4, r5, r6, r7, r8, pc}
 1965              	.LVL167:
 1966              	.L142:
 1967              	.LCFI33:
 1968              		.cfi_def_cfa_offset 0
ARM GAS  D:\software\msy64\tmp\cc3F8ZqV.s 			page 69


 1969              		.cfi_restore 4
 1970              		.cfi_restore 5
 1971              		.cfi_restore 6
 1972              		.cfi_restore 7
 1973              		.cfi_restore 8
 1974              		.cfi_restore 14
 619:Middlewares/Third_Party/FreeRTOS/Source/stream_buffer.c **** 	configASSERT( pxStreamBuffer );
 1975              		.loc 1 619 2 is_stmt 1 discriminator 1 view .LVU576
 1976              	.LBB144:
 1977              	.LBI144:
 193:Middlewares/Third_Party/FreeRTOS/Source/portable/GCC/ARM_CM3/portmacro.h **** {
 1978              		.loc 2 193 30 view .LVU577
 1979              	.LBB145:
 195:Middlewares/Third_Party/FreeRTOS/Source/portable/GCC/ARM_CM3/portmacro.h **** 
 1980              		.loc 2 195 1 view .LVU578
 1981              		.loc 2 197 2 view .LVU579
 1982              		.syntax unified
 1983              	@ 197 "Middlewares/Third_Party/FreeRTOS/Source/portable/GCC/ARM_CM3/portmacro.h" 1
 1984 0040 4FF05003 			mov r3, #80												
 1985 0044 83F31188 		msr basepri, r3											
 1986 0048 BFF36F8F 		isb														
 1987 004c BFF34F8F 		dsb														
 1988              	
 1989              	@ 0 "" 2
 1990              	.LVL168:
 1991              		.thumb
 1992              		.syntax unified
 1993              	.L133:
 1994              		.loc 2 197 2 is_stmt 0 view .LVU580
 1995              	.LBE145:
 1996              	.LBE144:
 619:Middlewares/Third_Party/FreeRTOS/Source/stream_buffer.c **** 	configASSERT( pxStreamBuffer );
 1997              		.loc 1 619 2 is_stmt 1 discriminator 3 view .LVU581
 619:Middlewares/Third_Party/FreeRTOS/Source/stream_buffer.c **** 	configASSERT( pxStreamBuffer );
 1998              		.loc 1 619 2 discriminator 3 view .LVU582
 1999 0050 FEE7     		b	.L133
 2000              	.LVL169:
 2001              	.L143:
 2002              	.LCFI34:
 2003              		.cfi_def_cfa_offset 32
 2004              		.cfi_offset 4, -24
 2005              		.cfi_offset 5, -20
 2006              		.cfi_offset 6, -16
 2007              		.cfi_offset 7, -12
 2008              		.cfi_offset 8, -8
 2009              		.cfi_offset 14, -4
 620:Middlewares/Third_Party/FreeRTOS/Source/stream_buffer.c **** 
 2010              		.loc 1 620 2 discriminator 1 view .LVU583
 2011              	.LBB146:
 2012              	.LBI146:
 193:Middlewares/Third_Party/FreeRTOS/Source/portable/GCC/ARM_CM3/portmacro.h **** {
 2013              		.loc 2 193 30 view .LVU584
 2014              	.LBB147:
 195:Middlewares/Third_Party/FreeRTOS/Source/portable/GCC/ARM_CM3/portmacro.h **** 
 2015              		.loc 2 195 1 view .LVU585
 2016              		.loc 2 197 2 view .LVU586
 2017              		.syntax unified
ARM GAS  D:\software\msy64\tmp\cc3F8ZqV.s 			page 70


 2018              	@ 197 "Middlewares/Third_Party/FreeRTOS/Source/portable/GCC/ARM_CM3/portmacro.h" 1
 2019 0052 4FF05003 			mov r3, #80												
 2020 0056 83F31188 		msr basepri, r3											
 2021 005a BFF36F8F 		isb														
 2022 005e BFF34F8F 		dsb														
 2023              	
 2024              	@ 0 "" 2
 2025              	.LVL170:
 2026              		.thumb
 2027              		.syntax unified
 2028              	.L135:
 2029              		.loc 2 197 2 is_stmt 0 view .LVU587
 2030              	.LBE147:
 2031              	.LBE146:
 620:Middlewares/Third_Party/FreeRTOS/Source/stream_buffer.c **** 
 2032              		.loc 1 620 2 is_stmt 1 discriminator 3 view .LVU588
 620:Middlewares/Third_Party/FreeRTOS/Source/stream_buffer.c **** 
 2033              		.loc 1 620 2 discriminator 3 view .LVU589
 2034 0062 FEE7     		b	.L135
 2035              	.L139:
 617:Middlewares/Third_Party/FreeRTOS/Source/stream_buffer.c **** 
 2036              		.loc 1 617 8 is_stmt 0 view .LVU590
 2037 0064 9046     		mov	r8, r2
 2038 0066 DAE7     		b	.L136
 2039              	.LVL171:
 2040              	.L144:
 641:Middlewares/Third_Party/FreeRTOS/Source/stream_buffer.c **** 		{
 2041              		.loc 1 641 3 is_stmt 1 view .LVU591
 641:Middlewares/Third_Party/FreeRTOS/Source/stream_buffer.c **** 		{
 2042              		.loc 1 641 7 is_stmt 0 view .LVU592
 2043 0068 2046     		mov	r0, r4
 2044              	.LVL172:
 641:Middlewares/Third_Party/FreeRTOS/Source/stream_buffer.c **** 		{
 2045              		.loc 1 641 7 view .LVU593
 2046 006a FFF7FEFF 		bl	prvBytesInBuffer
 2047              	.LVL173:
 641:Middlewares/Third_Party/FreeRTOS/Source/stream_buffer.c **** 		{
 2048              		.loc 1 641 59 discriminator 1 view .LVU594
 2049 006e E368     		ldr	r3, [r4, #12]
 641:Middlewares/Third_Party/FreeRTOS/Source/stream_buffer.c **** 		{
 2050              		.loc 1 641 5 discriminator 1 view .LVU595
 2051 0070 9842     		cmp	r0, r3
 2052 0072 E1D3     		bcc	.L131
 2053              	.LBB148:
 643:Middlewares/Third_Party/FreeRTOS/Source/stream_buffer.c **** 		}
 2054              		.loc 1 643 4 is_stmt 1 view .LVU596
 643:Middlewares/Third_Party/FreeRTOS/Source/stream_buffer.c **** 		}
 2055              		.loc 1 643 4 view .LVU597
 2056              	.LBB149:
 2057              	.LBI149:
 198:Middlewares/Third_Party/FreeRTOS/Source/portable/GCC/ARM_CM3/portmacro.h **** 	(
 199:Middlewares/Third_Party/FreeRTOS/Source/portable/GCC/ARM_CM3/portmacro.h **** 		"	mov %0, %1												\n" \
 200:Middlewares/Third_Party/FreeRTOS/Source/portable/GCC/ARM_CM3/portmacro.h **** 		"	msr basepri, %0											\n" \
 201:Middlewares/Third_Party/FreeRTOS/Source/portable/GCC/ARM_CM3/portmacro.h **** 		"	isb														\n" \
 202:Middlewares/Third_Party/FreeRTOS/Source/portable/GCC/ARM_CM3/portmacro.h **** 		"	dsb														\n" \
 203:Middlewares/Third_Party/FreeRTOS/Source/portable/GCC/ARM_CM3/portmacro.h **** 		:"=r" (ulNewBASEPRI) : "i" ( configMAX_SYSCALL_INTERRUPT_PRIORITY ) : "memory"
 204:Middlewares/Third_Party/FreeRTOS/Source/portable/GCC/ARM_CM3/portmacro.h **** 	);
ARM GAS  D:\software\msy64\tmp\cc3F8ZqV.s 			page 71


 205:Middlewares/Third_Party/FreeRTOS/Source/portable/GCC/ARM_CM3/portmacro.h **** }
 206:Middlewares/Third_Party/FreeRTOS/Source/portable/GCC/ARM_CM3/portmacro.h **** 
 207:Middlewares/Third_Party/FreeRTOS/Source/portable/GCC/ARM_CM3/portmacro.h **** /*-----------------------------------------------------------*/
 208:Middlewares/Third_Party/FreeRTOS/Source/portable/GCC/ARM_CM3/portmacro.h **** 
 209:Middlewares/Third_Party/FreeRTOS/Source/portable/GCC/ARM_CM3/portmacro.h **** portFORCE_INLINE static uint32_t ulPortRaiseBASEPRI( void )
 2058              		.loc 2 209 34 view .LVU598
 2059              	.LBB150:
 210:Middlewares/Third_Party/FreeRTOS/Source/portable/GCC/ARM_CM3/portmacro.h **** {
 211:Middlewares/Third_Party/FreeRTOS/Source/portable/GCC/ARM_CM3/portmacro.h **** uint32_t ulOriginalBASEPRI, ulNewBASEPRI;
 2060              		.loc 2 211 1 view .LVU599
 212:Middlewares/Third_Party/FreeRTOS/Source/portable/GCC/ARM_CM3/portmacro.h **** 
 213:Middlewares/Third_Party/FreeRTOS/Source/portable/GCC/ARM_CM3/portmacro.h **** 	__asm volatile
 2061              		.loc 2 213 2 view .LVU600
 2062              		.syntax unified
 2063              	@ 213 "Middlewares/Third_Party/FreeRTOS/Source/portable/GCC/ARM_CM3/portmacro.h" 1
 2064 0074 EFF31187 			mrs r7, basepri											
 2065 0078 4FF05003 		mov r3, #80												
 2066 007c 83F31188 		msr basepri, r3											
 2067 0080 BFF36F8F 		isb														
 2068 0084 BFF34F8F 		dsb														
 2069              	
 2070              	@ 0 "" 2
 2071              	.LVL174:
 214:Middlewares/Third_Party/FreeRTOS/Source/portable/GCC/ARM_CM3/portmacro.h **** 	(
 215:Middlewares/Third_Party/FreeRTOS/Source/portable/GCC/ARM_CM3/portmacro.h **** 		"	mrs %0, basepri											\n" \
 216:Middlewares/Third_Party/FreeRTOS/Source/portable/GCC/ARM_CM3/portmacro.h **** 		"	mov %1, %2												\n" \
 217:Middlewares/Third_Party/FreeRTOS/Source/portable/GCC/ARM_CM3/portmacro.h **** 		"	msr basepri, %1											\n" \
 218:Middlewares/Third_Party/FreeRTOS/Source/portable/GCC/ARM_CM3/portmacro.h **** 		"	isb														\n" \
 219:Middlewares/Third_Party/FreeRTOS/Source/portable/GCC/ARM_CM3/portmacro.h **** 		"	dsb														\n" \
 220:Middlewares/Third_Party/FreeRTOS/Source/portable/GCC/ARM_CM3/portmacro.h **** 		:"=r" (ulOriginalBASEPRI), "=r" (ulNewBASEPRI) : "i" ( configMAX_SYSCALL_INTERRUPT_PRIORITY ) : "
 221:Middlewares/Third_Party/FreeRTOS/Source/portable/GCC/ARM_CM3/portmacro.h **** 	);
 222:Middlewares/Third_Party/FreeRTOS/Source/portable/GCC/ARM_CM3/portmacro.h **** 
 223:Middlewares/Third_Party/FreeRTOS/Source/portable/GCC/ARM_CM3/portmacro.h **** 	/* This return will not be reached but is necessary to prevent compiler
 224:Middlewares/Third_Party/FreeRTOS/Source/portable/GCC/ARM_CM3/portmacro.h **** 	warnings. */
 225:Middlewares/Third_Party/FreeRTOS/Source/portable/GCC/ARM_CM3/portmacro.h **** 	return ulOriginalBASEPRI;
 2072              		.loc 2 225 2 view .LVU601
 2073              		.loc 2 225 2 is_stmt 0 view .LVU602
 2074              		.thumb
 2075              		.syntax unified
 2076              	.LBE150:
 2077              	.LBE149:
 643:Middlewares/Third_Party/FreeRTOS/Source/stream_buffer.c **** 		}
 2078              		.loc 1 643 4 is_stmt 1 discriminator 1 view .LVU603
 2079 0088 2369     		ldr	r3, [r4, #16]
 2080 008a 43B1     		cbz	r3, .L138
 643:Middlewares/Third_Party/FreeRTOS/Source/stream_buffer.c **** 		}
 2081              		.loc 1 643 4 discriminator 1 view .LVU604
 2082 008c 2069     		ldr	r0, [r4, #16]
 2083 008e 0096     		str	r6, [sp]
 2084 0090 0023     		movs	r3, #0
 2085 0092 1A46     		mov	r2, r3
 2086 0094 1946     		mov	r1, r3
 2087 0096 FFF7FEFF 		bl	xTaskGenericNotifyFromISR
 2088              	.LVL175:
 643:Middlewares/Third_Party/FreeRTOS/Source/stream_buffer.c **** 		}
 2089              		.loc 1 643 4 discriminator 1 view .LVU605
 2090 009a 0023     		movs	r3, #0
ARM GAS  D:\software\msy64\tmp\cc3F8ZqV.s 			page 72


 2091 009c 2361     		str	r3, [r4, #16]
 2092              	.L138:
 643:Middlewares/Third_Party/FreeRTOS/Source/stream_buffer.c **** 		}
 2093              		.loc 1 643 4 discriminator 3 view .LVU606
 2094              	.LBB151:
 2095              	.LBI151:
 226:Middlewares/Third_Party/FreeRTOS/Source/portable/GCC/ARM_CM3/portmacro.h **** }
 227:Middlewares/Third_Party/FreeRTOS/Source/portable/GCC/ARM_CM3/portmacro.h **** /*-----------------------------------------------------------*/
 228:Middlewares/Third_Party/FreeRTOS/Source/portable/GCC/ARM_CM3/portmacro.h **** 
 229:Middlewares/Third_Party/FreeRTOS/Source/portable/GCC/ARM_CM3/portmacro.h **** portFORCE_INLINE static void vPortSetBASEPRI( uint32_t ulNewMaskValue )
 2096              		.loc 2 229 30 view .LVU607
 2097              	.LBB152:
 230:Middlewares/Third_Party/FreeRTOS/Source/portable/GCC/ARM_CM3/portmacro.h **** {
 231:Middlewares/Third_Party/FreeRTOS/Source/portable/GCC/ARM_CM3/portmacro.h **** 	__asm volatile
 2098              		.loc 2 231 2 view .LVU608
 2099              		.syntax unified
 2100              	@ 231 "Middlewares/Third_Party/FreeRTOS/Source/portable/GCC/ARM_CM3/portmacro.h" 1
 2101 009e 87F31188 			msr basepri, r7	
 2102              	@ 0 "" 2
 2103              		.thumb
 2104              		.syntax unified
 2105              	.LBE152:
 2106              	.LBE151:
 2107              	.LBE148:
 643:Middlewares/Third_Party/FreeRTOS/Source/stream_buffer.c **** 		}
 2108              		.loc 1 643 73 discriminator 1 view .LVU609
 652:Middlewares/Third_Party/FreeRTOS/Source/stream_buffer.c **** 	}
 2109              		.loc 1 652 27 view .LVU610
 655:Middlewares/Third_Party/FreeRTOS/Source/stream_buffer.c **** 
 2110              		.loc 1 655 60 view .LVU611
 657:Middlewares/Third_Party/FreeRTOS/Source/stream_buffer.c **** }
 2111              		.loc 1 657 2 view .LVU612
 657:Middlewares/Third_Party/FreeRTOS/Source/stream_buffer.c **** }
 2112              		.loc 1 657 9 is_stmt 0 view .LVU613
 2113 00a2 C9E7     		b	.L131
 2114              		.cfi_endproc
 2115              	.LFE13:
 2117              		.section	.text.xStreamBufferReceive,"ax",%progbits
 2118              		.align	1
 2119              		.global	xStreamBufferReceive
 2120              		.syntax unified
 2121              		.thumb
 2122              		.thumb_func
 2124              	xStreamBufferReceive:
 2125              	.LVL176:
 2126              	.LFB15:
 717:Middlewares/Third_Party/FreeRTOS/Source/stream_buffer.c **** StreamBuffer_t * const pxStreamBuffer = xStreamBuffer;
 2127              		.loc 1 717 1 is_stmt 1 view -0
 2128              		.cfi_startproc
 2129              		@ args = 0, pretend = 0, frame = 0
 2130              		@ frame_needed = 0, uses_anonymous_args = 0
 718:Middlewares/Third_Party/FreeRTOS/Source/stream_buffer.c **** size_t xReceivedLength = 0, xBytesAvailable, xBytesToStoreMessageLength;
 2131              		.loc 1 718 1 view .LVU615
 719:Middlewares/Third_Party/FreeRTOS/Source/stream_buffer.c **** 
 2132              		.loc 1 719 1 view .LVU616
 721:Middlewares/Third_Party/FreeRTOS/Source/stream_buffer.c **** 	configASSERT( pxStreamBuffer );
 2133              		.loc 1 721 2 view .LVU617
ARM GAS  D:\software\msy64\tmp\cc3F8ZqV.s 			page 73


 2134 0000 29B3     		cbz	r1, .L162
 717:Middlewares/Third_Party/FreeRTOS/Source/stream_buffer.c **** StreamBuffer_t * const pxStreamBuffer = xStreamBuffer;
 2135              		.loc 1 717 1 is_stmt 0 view .LVU618
 2136 0002 2DE9F043 		push	{r4, r5, r6, r7, r8, r9, lr}
 2137              	.LCFI35:
 2138              		.cfi_def_cfa_offset 28
 2139              		.cfi_offset 4, -28
 2140              		.cfi_offset 5, -24
 2141              		.cfi_offset 6, -20
 2142              		.cfi_offset 7, -16
 2143              		.cfi_offset 8, -12
 2144              		.cfi_offset 9, -8
 2145              		.cfi_offset 14, -4
 2146 0006 83B0     		sub	sp, sp, #12
 2147              	.LCFI36:
 2148              		.cfi_def_cfa_offset 40
 2149 0008 0446     		mov	r4, r0
 2150 000a 1746     		mov	r7, r2
 2151 000c 1E46     		mov	r6, r3
 2152 000e 8846     		mov	r8, r1
 721:Middlewares/Third_Party/FreeRTOS/Source/stream_buffer.c **** 	configASSERT( pxStreamBuffer );
 2153              		.loc 1 721 26 is_stmt 1 discriminator 2 view .LVU619
 722:Middlewares/Third_Party/FreeRTOS/Source/stream_buffer.c **** 
 2154              		.loc 1 722 2 view .LVU620
 2155 0010 30B3     		cbz	r0, .L163
 722:Middlewares/Third_Party/FreeRTOS/Source/stream_buffer.c **** 
 2156              		.loc 1 722 32 discriminator 2 view .LVU621
 729:Middlewares/Third_Party/FreeRTOS/Source/stream_buffer.c **** 	{
 2157              		.loc 1 729 2 view .LVU622
 729:Middlewares/Third_Party/FreeRTOS/Source/stream_buffer.c **** 	{
 2158              		.loc 1 729 22 is_stmt 0 view .LVU623
 2159 0012 037F     		ldrb	r3, [r0, #28]	@ zero_extendqisi2
 2160              	.LVL177:
 729:Middlewares/Third_Party/FreeRTOS/Source/stream_buffer.c **** 	{
 2161              		.loc 1 729 4 view .LVU624
 2162 0014 13F0010F 		tst	r3, #1
 2163 0018 2BD0     		beq	.L158
 731:Middlewares/Third_Party/FreeRTOS/Source/stream_buffer.c **** 	}
 2164              		.loc 1 731 30 view .LVU625
 2165 001a 4FF00409 		mov	r9, #4
 2166              	.L150:
 2167              	.LVL178:
 738:Middlewares/Third_Party/FreeRTOS/Source/stream_buffer.c **** 	{
 2168              		.loc 1 738 2 is_stmt 1 view .LVU626
 738:Middlewares/Third_Party/FreeRTOS/Source/stream_buffer.c **** 	{
 2169              		.loc 1 738 4 is_stmt 0 view .LVU627
 2170 001e 002E     		cmp	r6, #0
 2171 0020 3ED0     		beq	.L151
 742:Middlewares/Third_Party/FreeRTOS/Source/stream_buffer.c **** 		{
 2172              		.loc 1 742 3 is_stmt 1 view .LVU628
 2173 0022 FFF7FEFF 		bl	vPortEnterCritical
 2174              	.LVL179:
 744:Middlewares/Third_Party/FreeRTOS/Source/stream_buffer.c **** 
 2175              		.loc 1 744 4 view .LVU629
 744:Middlewares/Third_Party/FreeRTOS/Source/stream_buffer.c **** 
 2176              		.loc 1 744 22 is_stmt 0 view .LVU630
 2177 0026 2046     		mov	r0, r4
ARM GAS  D:\software\msy64\tmp\cc3F8ZqV.s 			page 74


 2178 0028 FFF7FEFF 		bl	prvBytesInBuffer
 2179              	.LVL180:
 2180 002c 0546     		mov	r5, r0
 2181              	.LVL181:
 751:Middlewares/Third_Party/FreeRTOS/Source/stream_buffer.c **** 			{
 2182              		.loc 1 751 4 is_stmt 1 view .LVU631
 751:Middlewares/Third_Party/FreeRTOS/Source/stream_buffer.c **** 			{
 2183              		.loc 1 751 6 is_stmt 0 view .LVU632
 2184 002e 8145     		cmp	r9, r0
 2185 0030 25D3     		bcc	.L152
 754:Middlewares/Third_Party/FreeRTOS/Source/stream_buffer.c **** 
 2186              		.loc 1 754 5 is_stmt 1 view .LVU633
 754:Middlewares/Third_Party/FreeRTOS/Source/stream_buffer.c **** 
 2187              		.loc 1 754 14 is_stmt 0 view .LVU634
 2188 0032 0020     		movs	r0, #0
 2189              	.LVL182:
 754:Middlewares/Third_Party/FreeRTOS/Source/stream_buffer.c **** 
 2190              		.loc 1 754 14 view .LVU635
 2191 0034 FFF7FEFF 		bl	xTaskNotifyStateClear
 2192              	.LVL183:
 757:Middlewares/Third_Party/FreeRTOS/Source/stream_buffer.c **** 				pxStreamBuffer->xTaskWaitingToReceive = xTaskGetCurrentTaskHandle();
 2193              		.loc 1 757 5 is_stmt 1 view .LVU636
 2194 0038 2369     		ldr	r3, [r4, #16]
 2195 003a EBB1     		cbz	r3, .L153
 757:Middlewares/Third_Party/FreeRTOS/Source/stream_buffer.c **** 				pxStreamBuffer->xTaskWaitingToReceive = xTaskGetCurrentTaskHandle();
 2196              		.loc 1 757 5 discriminator 1 view .LVU637
 2197              	.LBB153:
 2198              	.LBI153:
 193:Middlewares/Third_Party/FreeRTOS/Source/portable/GCC/ARM_CM3/portmacro.h **** {
 2199              		.loc 2 193 30 view .LVU638
 2200              	.LBB154:
 195:Middlewares/Third_Party/FreeRTOS/Source/portable/GCC/ARM_CM3/portmacro.h **** 
 2201              		.loc 2 195 1 view .LVU639
 197:Middlewares/Third_Party/FreeRTOS/Source/portable/GCC/ARM_CM3/portmacro.h **** 	(
 2202              		.loc 2 197 2 view .LVU640
 2203              		.syntax unified
 2204              	@ 197 "Middlewares/Third_Party/FreeRTOS/Source/portable/GCC/ARM_CM3/portmacro.h" 1
 2205 003c 4FF05003 			mov r3, #80												
 2206 0040 83F31188 		msr basepri, r3											
 2207 0044 BFF36F8F 		isb														
 2208 0048 BFF34F8F 		dsb														
 2209              	
 2210              	@ 0 "" 2
 2211              		.thumb
 2212              		.syntax unified
 2213              	.L154:
 2214              	.LBE154:
 2215              	.LBE153:
 757:Middlewares/Third_Party/FreeRTOS/Source/stream_buffer.c **** 				pxStreamBuffer->xTaskWaitingToReceive = xTaskGetCurrentTaskHandle();
 2216              		.loc 1 757 5 discriminator 3 view .LVU641
 757:Middlewares/Third_Party/FreeRTOS/Source/stream_buffer.c **** 				pxStreamBuffer->xTaskWaitingToReceive = xTaskGetCurrentTaskHandle();
 2217              		.loc 1 757 5 discriminator 3 view .LVU642
 2218 004c FEE7     		b	.L154
 2219              	.LVL184:
 2220              	.L162:
 2221              	.LCFI37:
 2222              		.cfi_def_cfa_offset 0
ARM GAS  D:\software\msy64\tmp\cc3F8ZqV.s 			page 75


 2223              		.cfi_restore 4
 2224              		.cfi_restore 5
 2225              		.cfi_restore 6
 2226              		.cfi_restore 7
 2227              		.cfi_restore 8
 2228              		.cfi_restore 9
 2229              		.cfi_restore 14
 721:Middlewares/Third_Party/FreeRTOS/Source/stream_buffer.c **** 	configASSERT( pxStreamBuffer );
 2230              		.loc 1 721 2 discriminator 1 view .LVU643
 2231              	.LBB155:
 2232              	.LBI155:
 193:Middlewares/Third_Party/FreeRTOS/Source/portable/GCC/ARM_CM3/portmacro.h **** {
 2233              		.loc 2 193 30 view .LVU644
 2234              	.LBB156:
 195:Middlewares/Third_Party/FreeRTOS/Source/portable/GCC/ARM_CM3/portmacro.h **** 
 2235              		.loc 2 195 1 view .LVU645
 197:Middlewares/Third_Party/FreeRTOS/Source/portable/GCC/ARM_CM3/portmacro.h **** 	(
 2236              		.loc 2 197 2 view .LVU646
 2237              		.syntax unified
 2238              	@ 197 "Middlewares/Third_Party/FreeRTOS/Source/portable/GCC/ARM_CM3/portmacro.h" 1
 2239 004e 4FF05003 			mov r3, #80												
 2240 0052 83F31188 		msr basepri, r3											
 2241 0056 BFF36F8F 		isb														
 2242 005a BFF34F8F 		dsb														
 2243              	
 2244              	@ 0 "" 2
 2245              	.LVL185:
 2246              		.thumb
 2247              		.syntax unified
 2248              	.L147:
 197:Middlewares/Third_Party/FreeRTOS/Source/portable/GCC/ARM_CM3/portmacro.h **** 	(
 2249              		.loc 2 197 2 is_stmt 0 view .LVU647
 2250              	.LBE156:
 2251              	.LBE155:
 721:Middlewares/Third_Party/FreeRTOS/Source/stream_buffer.c **** 	configASSERT( pxStreamBuffer );
 2252              		.loc 1 721 2 is_stmt 1 discriminator 3 view .LVU648
 721:Middlewares/Third_Party/FreeRTOS/Source/stream_buffer.c **** 	configASSERT( pxStreamBuffer );
 2253              		.loc 1 721 2 discriminator 3 view .LVU649
 2254 005e FEE7     		b	.L147
 2255              	.LVL186:
 2256              	.L163:
 2257              	.LCFI38:
 2258              		.cfi_def_cfa_offset 40
 2259              		.cfi_offset 4, -28
 2260              		.cfi_offset 5, -24
 2261              		.cfi_offset 6, -20
 2262              		.cfi_offset 7, -16
 2263              		.cfi_offset 8, -12
 2264              		.cfi_offset 9, -8
 2265              		.cfi_offset 14, -4
 722:Middlewares/Third_Party/FreeRTOS/Source/stream_buffer.c **** 
 2266              		.loc 1 722 2 discriminator 1 view .LVU650
 2267              	.LBB157:
 2268              	.LBI157:
 193:Middlewares/Third_Party/FreeRTOS/Source/portable/GCC/ARM_CM3/portmacro.h **** {
 2269              		.loc 2 193 30 view .LVU651
 2270              	.LBB158:
ARM GAS  D:\software\msy64\tmp\cc3F8ZqV.s 			page 76


 195:Middlewares/Third_Party/FreeRTOS/Source/portable/GCC/ARM_CM3/portmacro.h **** 
 2271              		.loc 2 195 1 view .LVU652
 197:Middlewares/Third_Party/FreeRTOS/Source/portable/GCC/ARM_CM3/portmacro.h **** 	(
 2272              		.loc 2 197 2 view .LVU653
 2273              		.syntax unified
 2274              	@ 197 "Middlewares/Third_Party/FreeRTOS/Source/portable/GCC/ARM_CM3/portmacro.h" 1
 2275 0060 4FF05003 			mov r3, #80												
 2276 0064 83F31188 		msr basepri, r3											
 2277 0068 BFF36F8F 		isb														
 2278 006c BFF34F8F 		dsb														
 2279              	
 2280              	@ 0 "" 2
 2281              	.LVL187:
 2282              		.thumb
 2283              		.syntax unified
 2284              	.L149:
 197:Middlewares/Third_Party/FreeRTOS/Source/portable/GCC/ARM_CM3/portmacro.h **** 	(
 2285              		.loc 2 197 2 is_stmt 0 view .LVU654
 2286              	.LBE158:
 2287              	.LBE157:
 722:Middlewares/Third_Party/FreeRTOS/Source/stream_buffer.c **** 
 2288              		.loc 1 722 2 is_stmt 1 discriminator 3 view .LVU655
 722:Middlewares/Third_Party/FreeRTOS/Source/stream_buffer.c **** 
 2289              		.loc 1 722 2 discriminator 3 view .LVU656
 2290 0070 FEE7     		b	.L149
 2291              	.L158:
 735:Middlewares/Third_Party/FreeRTOS/Source/stream_buffer.c **** 	}
 2292              		.loc 1 735 30 is_stmt 0 view .LVU657
 2293 0072 4FF00009 		mov	r9, #0
 2294 0076 D2E7     		b	.L150
 2295              	.LVL188:
 2296              	.L153:
 757:Middlewares/Third_Party/FreeRTOS/Source/stream_buffer.c **** 				pxStreamBuffer->xTaskWaitingToReceive = xTaskGetCurrentTaskHandle();
 2297              		.loc 1 757 66 is_stmt 1 discriminator 2 view .LVU658
 758:Middlewares/Third_Party/FreeRTOS/Source/stream_buffer.c **** 			}
 2298              		.loc 1 758 5 view .LVU659
 758:Middlewares/Third_Party/FreeRTOS/Source/stream_buffer.c **** 			}
 2299              		.loc 1 758 45 is_stmt 0 view .LVU660
 2300 0078 FFF7FEFF 		bl	xTaskGetCurrentTaskHandle
 2301              	.LVL189:
 758:Middlewares/Third_Party/FreeRTOS/Source/stream_buffer.c **** 			}
 2302              		.loc 1 758 43 discriminator 1 view .LVU661
 2303 007c 2061     		str	r0, [r4, #16]
 2304              	.L152:
 762:Middlewares/Third_Party/FreeRTOS/Source/stream_buffer.c **** 			}
 2305              		.loc 1 762 29 is_stmt 1 view .LVU662
 765:Middlewares/Third_Party/FreeRTOS/Source/stream_buffer.c **** 
 2306              		.loc 1 765 3 view .LVU663
 2307 007e FFF7FEFF 		bl	vPortExitCritical
 2308              	.LVL190:
 767:Middlewares/Third_Party/FreeRTOS/Source/stream_buffer.c **** 		{
 2309              		.loc 1 767 3 view .LVU664
 767:Middlewares/Third_Party/FreeRTOS/Source/stream_buffer.c **** 		{
 2310              		.loc 1 767 5 is_stmt 0 view .LVU665
 2311 0082 A945     		cmp	r9, r5
 2312 0084 10D3     		bcc	.L155
 770:Middlewares/Third_Party/FreeRTOS/Source/stream_buffer.c **** 			( void ) xTaskNotifyWait( ( uint32_t ) 0, ( uint32_t ) 0, NULL, xTicksToWait );
ARM GAS  D:\software\msy64\tmp\cc3F8ZqV.s 			page 77


 2313              		.loc 1 770 59 is_stmt 1 view .LVU666
 771:Middlewares/Third_Party/FreeRTOS/Source/stream_buffer.c **** 			pxStreamBuffer->xTaskWaitingToReceive = NULL;
 2314              		.loc 1 771 4 view .LVU667
 771:Middlewares/Third_Party/FreeRTOS/Source/stream_buffer.c **** 			pxStreamBuffer->xTaskWaitingToReceive = NULL;
 2315              		.loc 1 771 13 is_stmt 0 view .LVU668
 2316 0086 3346     		mov	r3, r6
 2317 0088 0022     		movs	r2, #0
 2318 008a 1146     		mov	r1, r2
 2319 008c 1046     		mov	r0, r2
 2320 008e FFF7FEFF 		bl	xTaskNotifyWait
 2321              	.LVL191:
 772:Middlewares/Third_Party/FreeRTOS/Source/stream_buffer.c **** 
 2322              		.loc 1 772 4 is_stmt 1 view .LVU669
 772:Middlewares/Third_Party/FreeRTOS/Source/stream_buffer.c **** 
 2323              		.loc 1 772 42 is_stmt 0 view .LVU670
 2324 0092 0023     		movs	r3, #0
 2325 0094 2361     		str	r3, [r4, #16]
 775:Middlewares/Third_Party/FreeRTOS/Source/stream_buffer.c **** 		}
 2326              		.loc 1 775 4 is_stmt 1 view .LVU671
 775:Middlewares/Third_Party/FreeRTOS/Source/stream_buffer.c **** 		}
 2327              		.loc 1 775 22 is_stmt 0 view .LVU672
 2328 0096 2046     		mov	r0, r4
 2329 0098 FFF7FEFF 		bl	prvBytesInBuffer
 2330              	.LVL192:
 2331 009c 0546     		mov	r5, r0
 2332              	.LVL193:
 775:Middlewares/Third_Party/FreeRTOS/Source/stream_buffer.c **** 		}
 2333              		.loc 1 775 22 view .LVU673
 2334 009e 03E0     		b	.L155
 2335              	.LVL194:
 2336              	.L151:
 784:Middlewares/Third_Party/FreeRTOS/Source/stream_buffer.c **** 	}
 2337              		.loc 1 784 3 is_stmt 1 view .LVU674
 784:Middlewares/Third_Party/FreeRTOS/Source/stream_buffer.c **** 	}
 2338              		.loc 1 784 21 is_stmt 0 view .LVU675
 2339 00a0 2046     		mov	r0, r4
 2340              	.LVL195:
 784:Middlewares/Third_Party/FreeRTOS/Source/stream_buffer.c **** 	}
 2341              		.loc 1 784 21 view .LVU676
 2342 00a2 FFF7FEFF 		bl	prvBytesInBuffer
 2343              	.LVL196:
 784:Middlewares/Third_Party/FreeRTOS/Source/stream_buffer.c **** 	}
 2344              		.loc 1 784 21 view .LVU677
 2345 00a6 0546     		mov	r5, r0
 2346              	.LVL197:
 2347              	.L155:
 792:Middlewares/Third_Party/FreeRTOS/Source/stream_buffer.c **** 	{
 2348              		.loc 1 792 2 is_stmt 1 view .LVU678
 792:Middlewares/Third_Party/FreeRTOS/Source/stream_buffer.c **** 	{
 2349              		.loc 1 792 4 is_stmt 0 view .LVU679
 2350 00a8 4D45     		cmp	r5, r9
 2351 00aa 04D8     		bhi	.L164
 719:Middlewares/Third_Party/FreeRTOS/Source/stream_buffer.c **** 
 2352              		.loc 1 719 8 view .LVU680
 2353 00ac 0025     		movs	r5, #0
 2354              	.LVL198:
 809:Middlewares/Third_Party/FreeRTOS/Source/stream_buffer.c **** 		mtCOVERAGE_TEST_MARKER();
ARM GAS  D:\software\msy64\tmp\cc3F8ZqV.s 			page 78


 2355              		.loc 1 809 53 is_stmt 1 view .LVU681
 810:Middlewares/Third_Party/FreeRTOS/Source/stream_buffer.c **** 	}
 2356              		.loc 1 810 27 view .LVU682
 813:Middlewares/Third_Party/FreeRTOS/Source/stream_buffer.c **** }
 2357              		.loc 1 813 2 view .LVU683
 2358              	.L145:
 814:Middlewares/Third_Party/FreeRTOS/Source/stream_buffer.c **** /*-----------------------------------------------------------*/
 2359              		.loc 1 814 1 is_stmt 0 view .LVU684
 2360 00ae 2846     		mov	r0, r5
 2361 00b0 03B0     		add	sp, sp, #12
 2362              	.LCFI39:
 2363              		.cfi_remember_state
 2364              		.cfi_def_cfa_offset 28
 2365              		@ sp needed
 2366 00b2 BDE8F083 		pop	{r4, r5, r6, r7, r8, r9, pc}
 2367              	.LVL199:
 2368              	.L164:
 2369              	.LCFI40:
 2370              		.cfi_restore_state
 794:Middlewares/Third_Party/FreeRTOS/Source/stream_buffer.c **** 
 2371              		.loc 1 794 3 is_stmt 1 view .LVU685
 794:Middlewares/Third_Party/FreeRTOS/Source/stream_buffer.c **** 
 2372              		.loc 1 794 21 is_stmt 0 view .LVU686
 2373 00b6 CDF80090 		str	r9, [sp]
 2374 00ba 2B46     		mov	r3, r5
 2375 00bc 3A46     		mov	r2, r7
 2376 00be 4146     		mov	r1, r8
 2377 00c0 2046     		mov	r0, r4
 2378 00c2 FFF7FEFF 		bl	prvReadMessageFromBuffer
 2379              	.LVL200:
 797:Middlewares/Third_Party/FreeRTOS/Source/stream_buffer.c **** 		{
 2380              		.loc 1 797 3 is_stmt 1 view .LVU687
 797:Middlewares/Third_Party/FreeRTOS/Source/stream_buffer.c **** 		{
 2381              		.loc 1 797 5 is_stmt 0 view .LVU688
 2382 00c6 0546     		mov	r5, r0
 2383              	.LVL201:
 797:Middlewares/Third_Party/FreeRTOS/Source/stream_buffer.c **** 		{
 2384              		.loc 1 797 5 view .LVU689
 2385 00c8 0028     		cmp	r0, #0
 2386 00ca F0D0     		beq	.L145
 799:Middlewares/Third_Party/FreeRTOS/Source/stream_buffer.c **** 			sbRECEIVE_COMPLETED( pxStreamBuffer );
 2387              		.loc 1 799 64 is_stmt 1 view .LVU690
 800:Middlewares/Third_Party/FreeRTOS/Source/stream_buffer.c **** 		}
 2388              		.loc 1 800 4 view .LVU691
 2389 00cc FFF7FEFF 		bl	vTaskSuspendAll
 2390              	.LVL202:
 800:Middlewares/Third_Party/FreeRTOS/Source/stream_buffer.c **** 		}
 2391              		.loc 1 800 4 discriminator 1 view .LVU692
 2392 00d0 6369     		ldr	r3, [r4, #20]
 2393 00d2 3BB1     		cbz	r3, .L157
 800:Middlewares/Third_Party/FreeRTOS/Source/stream_buffer.c **** 		}
 2394              		.loc 1 800 4 discriminator 1 view .LVU693
 2395 00d4 6069     		ldr	r0, [r4, #20]
 2396 00d6 0023     		movs	r3, #0
 2397 00d8 1A46     		mov	r2, r3
 2398 00da 1946     		mov	r1, r3
 2399 00dc FFF7FEFF 		bl	xTaskGenericNotify
ARM GAS  D:\software\msy64\tmp\cc3F8ZqV.s 			page 79


 2400              	.LVL203:
 800:Middlewares/Third_Party/FreeRTOS/Source/stream_buffer.c **** 		}
 2401              		.loc 1 800 4 discriminator 1 view .LVU694
 2402 00e0 0023     		movs	r3, #0
 2403 00e2 6361     		str	r3, [r4, #20]
 2404              	.L157:
 800:Middlewares/Third_Party/FreeRTOS/Source/stream_buffer.c **** 		}
 2405              		.loc 1 800 4 discriminator 3 view .LVU695
 2406 00e4 FFF7FEFF 		bl	xTaskResumeAll
 2407              	.LVL204:
 800:Middlewares/Third_Party/FreeRTOS/Source/stream_buffer.c **** 		}
 2408              		.loc 1 800 41 discriminator 1 view .LVU696
 2409 00e8 E1E7     		b	.L145
 2410              		.cfi_endproc
 2411              	.LFE15:
 2413              		.section	.text.xStreamBufferNextMessageLengthBytes,"ax",%progbits
 2414              		.align	1
 2415              		.global	xStreamBufferNextMessageLengthBytes
 2416              		.syntax unified
 2417              		.thumb
 2418              		.thumb_func
 2420              	xStreamBufferNextMessageLengthBytes:
 2421              	.LVL205:
 2422              	.LFB16:
 818:Middlewares/Third_Party/FreeRTOS/Source/stream_buffer.c **** StreamBuffer_t * const pxStreamBuffer = xStreamBuffer;
 2423              		.loc 1 818 1 view -0
 2424              		.cfi_startproc
 2425              		@ args = 0, pretend = 0, frame = 8
 2426              		@ frame_needed = 0, uses_anonymous_args = 0
 819:Middlewares/Third_Party/FreeRTOS/Source/stream_buffer.c **** size_t xReturn, xBytesAvailable, xOriginalTail;
 2427              		.loc 1 819 1 view .LVU698
 820:Middlewares/Third_Party/FreeRTOS/Source/stream_buffer.c **** configMESSAGE_BUFFER_LENGTH_TYPE xTempReturn;
 2428              		.loc 1 820 1 view .LVU699
 821:Middlewares/Third_Party/FreeRTOS/Source/stream_buffer.c **** 
 2429              		.loc 1 821 1 view .LVU700
 823:Middlewares/Third_Party/FreeRTOS/Source/stream_buffer.c **** 
 2430              		.loc 1 823 2 view .LVU701
 2431 0000 48B1     		cbz	r0, .L174
 818:Middlewares/Third_Party/FreeRTOS/Source/stream_buffer.c **** StreamBuffer_t * const pxStreamBuffer = xStreamBuffer;
 2432              		.loc 1 818 1 is_stmt 0 view .LVU702
 2433 0002 30B5     		push	{r4, r5, lr}
 2434              	.LCFI41:
 2435              		.cfi_def_cfa_offset 12
 2436              		.cfi_offset 4, -12
 2437              		.cfi_offset 5, -8
 2438              		.cfi_offset 14, -4
 2439 0004 83B0     		sub	sp, sp, #12
 2440              	.LCFI42:
 2441              		.cfi_def_cfa_offset 24
 2442 0006 0446     		mov	r4, r0
 823:Middlewares/Third_Party/FreeRTOS/Source/stream_buffer.c **** 
 2443              		.loc 1 823 32 is_stmt 1 discriminator 2 view .LVU703
 826:Middlewares/Third_Party/FreeRTOS/Source/stream_buffer.c **** 	{
 2444              		.loc 1 826 2 view .LVU704
 826:Middlewares/Third_Party/FreeRTOS/Source/stream_buffer.c **** 	{
 2445              		.loc 1 826 22 is_stmt 0 view .LVU705
 2446 0008 037F     		ldrb	r3, [r0, #28]	@ zero_extendqisi2
ARM GAS  D:\software\msy64\tmp\cc3F8ZqV.s 			page 80


 826:Middlewares/Third_Party/FreeRTOS/Source/stream_buffer.c **** 	{
 2447              		.loc 1 826 4 view .LVU706
 2448 000a 13F0010F 		tst	r3, #1
 2449 000e 0BD1     		bne	.L175
 854:Middlewares/Third_Party/FreeRTOS/Source/stream_buffer.c **** 	}
 2450              		.loc 1 854 11 view .LVU707
 2451 0010 0020     		movs	r0, #0
 2452              	.LVL206:
 857:Middlewares/Third_Party/FreeRTOS/Source/stream_buffer.c **** }
 2453              		.loc 1 857 2 is_stmt 1 view .LVU708
 2454              	.L165:
 858:Middlewares/Third_Party/FreeRTOS/Source/stream_buffer.c **** /*-----------------------------------------------------------*/
 2455              		.loc 1 858 1 is_stmt 0 view .LVU709
 2456 0012 03B0     		add	sp, sp, #12
 2457              	.LCFI43:
 2458              		.cfi_def_cfa_offset 12
 2459              		@ sp needed
 2460 0014 30BD     		pop	{r4, r5, pc}
 2461              	.LVL207:
 2462              	.L174:
 2463              	.LCFI44:
 2464              		.cfi_def_cfa_offset 0
 2465              		.cfi_restore 4
 2466              		.cfi_restore 5
 2467              		.cfi_restore 14
 823:Middlewares/Third_Party/FreeRTOS/Source/stream_buffer.c **** 
 2468              		.loc 1 823 2 is_stmt 1 discriminator 1 view .LVU710
 2469              	.LBB159:
 2470              	.LBI159:
 193:Middlewares/Third_Party/FreeRTOS/Source/portable/GCC/ARM_CM3/portmacro.h **** {
 2471              		.loc 2 193 30 view .LVU711
 2472              	.LBB160:
 195:Middlewares/Third_Party/FreeRTOS/Source/portable/GCC/ARM_CM3/portmacro.h **** 
 2473              		.loc 2 195 1 view .LVU712
 197:Middlewares/Third_Party/FreeRTOS/Source/portable/GCC/ARM_CM3/portmacro.h **** 	(
 2474              		.loc 2 197 2 view .LVU713
 2475              		.syntax unified
 2476              	@ 197 "Middlewares/Third_Party/FreeRTOS/Source/portable/GCC/ARM_CM3/portmacro.h" 1
 2477 0016 4FF05003 			mov r3, #80												
 2478 001a 83F31188 		msr basepri, r3											
 2479 001e BFF36F8F 		isb														
 2480 0022 BFF34F8F 		dsb														
 2481              	
 2482              	@ 0 "" 2
 2483              		.thumb
 2484              		.syntax unified
 2485              	.L167:
 2486              	.LBE160:
 2487              	.LBE159:
 823:Middlewares/Third_Party/FreeRTOS/Source/stream_buffer.c **** 
 2488              		.loc 1 823 2 discriminator 3 view .LVU714
 823:Middlewares/Third_Party/FreeRTOS/Source/stream_buffer.c **** 
 2489              		.loc 1 823 2 discriminator 3 view .LVU715
 2490 0026 FEE7     		b	.L167
 2491              	.L175:
 2492              	.LCFI45:
 2493              		.cfi_def_cfa_offset 24
ARM GAS  D:\software\msy64\tmp\cc3F8ZqV.s 			page 81


 2494              		.cfi_offset 4, -12
 2495              		.cfi_offset 5, -8
 2496              		.cfi_offset 14, -4
 828:Middlewares/Third_Party/FreeRTOS/Source/stream_buffer.c **** 		if( xBytesAvailable > sbBYTES_TO_STORE_MESSAGE_LENGTH )
 2497              		.loc 1 828 3 view .LVU716
 828:Middlewares/Third_Party/FreeRTOS/Source/stream_buffer.c **** 		if( xBytesAvailable > sbBYTES_TO_STORE_MESSAGE_LENGTH )
 2498              		.loc 1 828 21 is_stmt 0 view .LVU717
 2499 0028 FFF7FEFF 		bl	prvBytesInBuffer
 2500              	.LVL208:
 829:Middlewares/Third_Party/FreeRTOS/Source/stream_buffer.c **** 		{
 2501              		.loc 1 829 3 is_stmt 1 view .LVU718
 829:Middlewares/Third_Party/FreeRTOS/Source/stream_buffer.c **** 		{
 2502              		.loc 1 829 5 is_stmt 0 view .LVU719
 2503 002c 0428     		cmp	r0, #4
 2504 002e 0AD8     		bhi	.L176
 848:Middlewares/Third_Party/FreeRTOS/Source/stream_buffer.c **** 			xReturn = 0;
 2505              		.loc 1 848 4 is_stmt 1 view .LVU720
 2506 0030 0028     		cmp	r0, #0
 2507 0032 EED0     		beq	.L165
 848:Middlewares/Third_Party/FreeRTOS/Source/stream_buffer.c **** 			xReturn = 0;
 2508              		.loc 1 848 4 discriminator 1 view .LVU721
 2509              	.LBB161:
 2510              	.LBI161:
 193:Middlewares/Third_Party/FreeRTOS/Source/portable/GCC/ARM_CM3/portmacro.h **** {
 2511              		.loc 2 193 30 view .LVU722
 2512              	.LBB162:
 195:Middlewares/Third_Party/FreeRTOS/Source/portable/GCC/ARM_CM3/portmacro.h **** 
 2513              		.loc 2 195 1 view .LVU723
 197:Middlewares/Third_Party/FreeRTOS/Source/portable/GCC/ARM_CM3/portmacro.h **** 	(
 2514              		.loc 2 197 2 view .LVU724
 2515              		.syntax unified
 2516              	@ 197 "Middlewares/Third_Party/FreeRTOS/Source/portable/GCC/ARM_CM3/portmacro.h" 1
 2517 0034 4FF05003 			mov r3, #80												
 2518 0038 83F31188 		msr basepri, r3											
 2519 003c BFF36F8F 		isb														
 2520 0040 BFF34F8F 		dsb														
 2521              	
 2522              	@ 0 "" 2
 2523              		.thumb
 2524              		.syntax unified
 2525              	.L170:
 2526              	.LBE162:
 2527              	.LBE161:
 848:Middlewares/Third_Party/FreeRTOS/Source/stream_buffer.c **** 			xReturn = 0;
 2528              		.loc 1 848 4 discriminator 3 view .LVU725
 848:Middlewares/Third_Party/FreeRTOS/Source/stream_buffer.c **** 			xReturn = 0;
 2529              		.loc 1 848 4 discriminator 3 view .LVU726
 2530 0044 FEE7     		b	.L170
 2531              	.L176:
 837:Middlewares/Third_Party/FreeRTOS/Source/stream_buffer.c **** 			( void ) prvReadBytesFromBuffer( pxStreamBuffer, ( uint8_t * ) &xTempReturn, sbBYTES_TO_STORE_ME
 2532              		.loc 1 837 4 view .LVU727
 837:Middlewares/Third_Party/FreeRTOS/Source/stream_buffer.c **** 			( void ) prvReadBytesFromBuffer( pxStreamBuffer, ( uint8_t * ) &xTempReturn, sbBYTES_TO_STORE_ME
 2533              		.loc 1 837 18 is_stmt 0 view .LVU728
 2534 0046 2568     		ldr	r5, [r4]
 2535              	.LVL209:
 838:Middlewares/Third_Party/FreeRTOS/Source/stream_buffer.c **** 			xReturn = ( size_t ) xTempReturn;
 2536              		.loc 1 838 4 is_stmt 1 view .LVU729
ARM GAS  D:\software\msy64\tmp\cc3F8ZqV.s 			page 82


 838:Middlewares/Third_Party/FreeRTOS/Source/stream_buffer.c **** 			xReturn = ( size_t ) xTempReturn;
 2537              		.loc 1 838 13 is_stmt 0 view .LVU730
 2538 0048 0346     		mov	r3, r0
 2539 004a 0422     		movs	r2, #4
 2540 004c 0DEB0201 		add	r1, sp, r2
 2541 0050 2046     		mov	r0, r4
 2542              	.LVL210:
 838:Middlewares/Third_Party/FreeRTOS/Source/stream_buffer.c **** 			xReturn = ( size_t ) xTempReturn;
 2543              		.loc 1 838 13 view .LVU731
 2544 0052 FFF7FEFF 		bl	prvReadBytesFromBuffer
 2545              	.LVL211:
 839:Middlewares/Third_Party/FreeRTOS/Source/stream_buffer.c **** 			pxStreamBuffer->xTail = xOriginalTail;
 2546              		.loc 1 839 4 is_stmt 1 view .LVU732
 839:Middlewares/Third_Party/FreeRTOS/Source/stream_buffer.c **** 			pxStreamBuffer->xTail = xOriginalTail;
 2547              		.loc 1 839 12 is_stmt 0 view .LVU733
 2548 0056 0198     		ldr	r0, [sp, #4]
 2549              	.LVL212:
 840:Middlewares/Third_Party/FreeRTOS/Source/stream_buffer.c **** 		}
 2550              		.loc 1 840 4 is_stmt 1 view .LVU734
 840:Middlewares/Third_Party/FreeRTOS/Source/stream_buffer.c **** 		}
 2551              		.loc 1 840 26 is_stmt 0 view .LVU735
 2552 0058 2560     		str	r5, [r4]
 2553 005a DAE7     		b	.L165
 2554              		.cfi_endproc
 2555              	.LFE16:
 2557              		.section	.text.xStreamBufferReceiveFromISR,"ax",%progbits
 2558              		.align	1
 2559              		.global	xStreamBufferReceiveFromISR
 2560              		.syntax unified
 2561              		.thumb
 2562              		.thumb_func
 2564              	xStreamBufferReceiveFromISR:
 2565              	.LVL213:
 2566              	.LFB17:
 865:Middlewares/Third_Party/FreeRTOS/Source/stream_buffer.c **** StreamBuffer_t * const pxStreamBuffer = xStreamBuffer;
 2567              		.loc 1 865 1 is_stmt 1 view -0
 2568              		.cfi_startproc
 2569              		@ args = 0, pretend = 0, frame = 0
 2570              		@ frame_needed = 0, uses_anonymous_args = 0
 866:Middlewares/Third_Party/FreeRTOS/Source/stream_buffer.c **** size_t xReceivedLength = 0, xBytesAvailable, xBytesToStoreMessageLength;
 2571              		.loc 1 866 1 view .LVU737
 867:Middlewares/Third_Party/FreeRTOS/Source/stream_buffer.c **** 
 2572              		.loc 1 867 1 view .LVU738
 869:Middlewares/Third_Party/FreeRTOS/Source/stream_buffer.c **** 	configASSERT( pxStreamBuffer );
 2573              		.loc 1 869 2 view .LVU739
 2574 0000 B9B1     		cbz	r1, .L189
 865:Middlewares/Third_Party/FreeRTOS/Source/stream_buffer.c **** StreamBuffer_t * const pxStreamBuffer = xStreamBuffer;
 2575              		.loc 1 865 1 is_stmt 0 view .LVU740
 2576 0002 2DE9F041 		push	{r4, r5, r6, r7, r8, lr}
 2577              	.LCFI46:
 2578              		.cfi_def_cfa_offset 24
 2579              		.cfi_offset 4, -24
 2580              		.cfi_offset 5, -20
 2581              		.cfi_offset 6, -16
 2582              		.cfi_offset 7, -12
 2583              		.cfi_offset 8, -8
 2584              		.cfi_offset 14, -4
ARM GAS  D:\software\msy64\tmp\cc3F8ZqV.s 			page 83


 2585 0006 82B0     		sub	sp, sp, #8
 2586              	.LCFI47:
 2587              		.cfi_def_cfa_offset 32
 2588 0008 0446     		mov	r4, r0
 2589 000a 1646     		mov	r6, r2
 2590 000c 1D46     		mov	r5, r3
 2591 000e 0F46     		mov	r7, r1
 869:Middlewares/Third_Party/FreeRTOS/Source/stream_buffer.c **** 	configASSERT( pxStreamBuffer );
 2592              		.loc 1 869 26 is_stmt 1 discriminator 2 view .LVU741
 870:Middlewares/Third_Party/FreeRTOS/Source/stream_buffer.c **** 
 2593              		.loc 1 870 2 view .LVU742
 2594 0010 C0B1     		cbz	r0, .L190
 870:Middlewares/Third_Party/FreeRTOS/Source/stream_buffer.c **** 
 2595              		.loc 1 870 32 discriminator 2 view .LVU743
 877:Middlewares/Third_Party/FreeRTOS/Source/stream_buffer.c **** 	{
 2596              		.loc 1 877 2 view .LVU744
 877:Middlewares/Third_Party/FreeRTOS/Source/stream_buffer.c **** 	{
 2597              		.loc 1 877 22 is_stmt 0 view .LVU745
 2598 0012 037F     		ldrb	r3, [r0, #28]	@ zero_extendqisi2
 2599              	.LVL214:
 877:Middlewares/Third_Party/FreeRTOS/Source/stream_buffer.c **** 	{
 2600              		.loc 1 877 4 view .LVU746
 2601 0014 13F0010F 		tst	r3, #1
 2602 0018 1DD0     		beq	.L185
 879:Middlewares/Third_Party/FreeRTOS/Source/stream_buffer.c **** 	}
 2603              		.loc 1 879 30 view .LVU747
 2604 001a 4FF00408 		mov	r8, #4
 2605              	.L182:
 2606              	.LVL215:
 886:Middlewares/Third_Party/FreeRTOS/Source/stream_buffer.c **** 
 2607              		.loc 1 886 2 is_stmt 1 view .LVU748
 886:Middlewares/Third_Party/FreeRTOS/Source/stream_buffer.c **** 
 2608              		.loc 1 886 20 is_stmt 0 view .LVU749
 2609 001e 2046     		mov	r0, r4
 2610              	.LVL216:
 886:Middlewares/Third_Party/FreeRTOS/Source/stream_buffer.c **** 
 2611              		.loc 1 886 20 view .LVU750
 2612 0020 FFF7FEFF 		bl	prvBytesInBuffer
 2613              	.LVL217:
 893:Middlewares/Third_Party/FreeRTOS/Source/stream_buffer.c **** 	{
 2614              		.loc 1 893 2 is_stmt 1 view .LVU751
 893:Middlewares/Third_Party/FreeRTOS/Source/stream_buffer.c **** 	{
 2615              		.loc 1 893 4 is_stmt 0 view .LVU752
 2616 0024 8045     		cmp	r8, r0
 2617 0026 19D3     		bcc	.L191
 867:Middlewares/Third_Party/FreeRTOS/Source/stream_buffer.c **** 
 2618              		.loc 1 867 8 view .LVU753
 2619 0028 0026     		movs	r6, #0
 2620              	.LVL218:
 909:Middlewares/Third_Party/FreeRTOS/Source/stream_buffer.c **** 	}
 2621              		.loc 1 909 27 is_stmt 1 view .LVU754
 912:Middlewares/Third_Party/FreeRTOS/Source/stream_buffer.c **** 
 2622              		.loc 1 912 71 view .LVU755
 914:Middlewares/Third_Party/FreeRTOS/Source/stream_buffer.c **** }
 2623              		.loc 1 914 2 view .LVU756
 2624              	.L177:
 915:Middlewares/Third_Party/FreeRTOS/Source/stream_buffer.c **** /*-----------------------------------------------------------*/
ARM GAS  D:\software\msy64\tmp\cc3F8ZqV.s 			page 84


 2625              		.loc 1 915 1 is_stmt 0 view .LVU757
 2626 002a 3046     		mov	r0, r6
 2627 002c 02B0     		add	sp, sp, #8
 2628              	.LCFI48:
 2629              		.cfi_def_cfa_offset 24
 2630              		@ sp needed
 2631 002e BDE8F081 		pop	{r4, r5, r6, r7, r8, pc}
 2632              	.LVL219:
 2633              	.L189:
 2634              	.LCFI49:
 2635              		.cfi_def_cfa_offset 0
 2636              		.cfi_restore 4
 2637              		.cfi_restore 5
 2638              		.cfi_restore 6
 2639              		.cfi_restore 7
 2640              		.cfi_restore 8
 2641              		.cfi_restore 14
 869:Middlewares/Third_Party/FreeRTOS/Source/stream_buffer.c **** 	configASSERT( pxStreamBuffer );
 2642              		.loc 1 869 2 is_stmt 1 discriminator 1 view .LVU758
 2643              	.LBB163:
 2644              	.LBI163:
 193:Middlewares/Third_Party/FreeRTOS/Source/portable/GCC/ARM_CM3/portmacro.h **** {
 2645              		.loc 2 193 30 view .LVU759
 2646              	.LBB164:
 195:Middlewares/Third_Party/FreeRTOS/Source/portable/GCC/ARM_CM3/portmacro.h **** 
 2647              		.loc 2 195 1 view .LVU760
 197:Middlewares/Third_Party/FreeRTOS/Source/portable/GCC/ARM_CM3/portmacro.h **** 	(
 2648              		.loc 2 197 2 view .LVU761
 2649              		.syntax unified
 2650              	@ 197 "Middlewares/Third_Party/FreeRTOS/Source/portable/GCC/ARM_CM3/portmacro.h" 1
 2651 0032 4FF05003 			mov r3, #80												
 2652 0036 83F31188 		msr basepri, r3											
 2653 003a BFF36F8F 		isb														
 2654 003e BFF34F8F 		dsb														
 2655              	
 2656              	@ 0 "" 2
 2657              	.LVL220:
 2658              		.thumb
 2659              		.syntax unified
 2660              	.L179:
 197:Middlewares/Third_Party/FreeRTOS/Source/portable/GCC/ARM_CM3/portmacro.h **** 	(
 2661              		.loc 2 197 2 is_stmt 0 view .LVU762
 2662              	.LBE164:
 2663              	.LBE163:
 869:Middlewares/Third_Party/FreeRTOS/Source/stream_buffer.c **** 	configASSERT( pxStreamBuffer );
 2664              		.loc 1 869 2 is_stmt 1 discriminator 3 view .LVU763
 869:Middlewares/Third_Party/FreeRTOS/Source/stream_buffer.c **** 	configASSERT( pxStreamBuffer );
 2665              		.loc 1 869 2 discriminator 3 view .LVU764
 2666 0042 FEE7     		b	.L179
 2667              	.LVL221:
 2668              	.L190:
 2669              	.LCFI50:
 2670              		.cfi_def_cfa_offset 32
 2671              		.cfi_offset 4, -24
 2672              		.cfi_offset 5, -20
 2673              		.cfi_offset 6, -16
 2674              		.cfi_offset 7, -12
ARM GAS  D:\software\msy64\tmp\cc3F8ZqV.s 			page 85


 2675              		.cfi_offset 8, -8
 2676              		.cfi_offset 14, -4
 870:Middlewares/Third_Party/FreeRTOS/Source/stream_buffer.c **** 
 2677              		.loc 1 870 2 discriminator 1 view .LVU765
 2678              	.LBB165:
 2679              	.LBI165:
 193:Middlewares/Third_Party/FreeRTOS/Source/portable/GCC/ARM_CM3/portmacro.h **** {
 2680              		.loc 2 193 30 view .LVU766
 2681              	.LBB166:
 195:Middlewares/Third_Party/FreeRTOS/Source/portable/GCC/ARM_CM3/portmacro.h **** 
 2682              		.loc 2 195 1 view .LVU767
 197:Middlewares/Third_Party/FreeRTOS/Source/portable/GCC/ARM_CM3/portmacro.h **** 	(
 2683              		.loc 2 197 2 view .LVU768
 2684              		.syntax unified
 2685              	@ 197 "Middlewares/Third_Party/FreeRTOS/Source/portable/GCC/ARM_CM3/portmacro.h" 1
 2686 0044 4FF05003 			mov r3, #80												
 2687 0048 83F31188 		msr basepri, r3											
 2688 004c BFF36F8F 		isb														
 2689 0050 BFF34F8F 		dsb														
 2690              	
 2691              	@ 0 "" 2
 2692              	.LVL222:
 2693              		.thumb
 2694              		.syntax unified
 2695              	.L181:
 197:Middlewares/Third_Party/FreeRTOS/Source/portable/GCC/ARM_CM3/portmacro.h **** 	(
 2696              		.loc 2 197 2 is_stmt 0 view .LVU769
 2697              	.LBE166:
 2698              	.LBE165:
 870:Middlewares/Third_Party/FreeRTOS/Source/stream_buffer.c **** 
 2699              		.loc 1 870 2 is_stmt 1 discriminator 3 view .LVU770
 870:Middlewares/Third_Party/FreeRTOS/Source/stream_buffer.c **** 
 2700              		.loc 1 870 2 discriminator 3 view .LVU771
 2701 0054 FEE7     		b	.L181
 2702              	.L185:
 883:Middlewares/Third_Party/FreeRTOS/Source/stream_buffer.c **** 	}
 2703              		.loc 1 883 30 is_stmt 0 view .LVU772
 2704 0056 4FF00008 		mov	r8, #0
 2705 005a E0E7     		b	.L182
 2706              	.LVL223:
 2707              	.L191:
 895:Middlewares/Third_Party/FreeRTOS/Source/stream_buffer.c **** 
 2708              		.loc 1 895 3 is_stmt 1 view .LVU773
 895:Middlewares/Third_Party/FreeRTOS/Source/stream_buffer.c **** 
 2709              		.loc 1 895 21 is_stmt 0 view .LVU774
 2710 005c CDF80080 		str	r8, [sp]
 2711 0060 0346     		mov	r3, r0
 2712 0062 3246     		mov	r2, r6
 2713 0064 3946     		mov	r1, r7
 2714 0066 2046     		mov	r0, r4
 2715              	.LVL224:
 895:Middlewares/Third_Party/FreeRTOS/Source/stream_buffer.c **** 
 2716              		.loc 1 895 21 view .LVU775
 2717 0068 FFF7FEFF 		bl	prvReadMessageFromBuffer
 2718              	.LVL225:
 898:Middlewares/Third_Party/FreeRTOS/Source/stream_buffer.c **** 		{
 2719              		.loc 1 898 3 is_stmt 1 view .LVU776
ARM GAS  D:\software\msy64\tmp\cc3F8ZqV.s 			page 86


 898:Middlewares/Third_Party/FreeRTOS/Source/stream_buffer.c **** 		{
 2720              		.loc 1 898 5 is_stmt 0 view .LVU777
 2721 006c 0646     		mov	r6, r0
 2722              	.LVL226:
 898:Middlewares/Third_Party/FreeRTOS/Source/stream_buffer.c **** 		{
 2723              		.loc 1 898 5 view .LVU778
 2724 006e 0028     		cmp	r0, #0
 2725 0070 DBD0     		beq	.L177
 2726              	.LBB167:
 900:Middlewares/Third_Party/FreeRTOS/Source/stream_buffer.c **** 		}
 2727              		.loc 1 900 4 is_stmt 1 view .LVU779
 900:Middlewares/Third_Party/FreeRTOS/Source/stream_buffer.c **** 		}
 2728              		.loc 1 900 4 view .LVU780
 2729              	.LBB168:
 2730              	.LBI168:
 209:Middlewares/Third_Party/FreeRTOS/Source/portable/GCC/ARM_CM3/portmacro.h **** {
 2731              		.loc 2 209 34 view .LVU781
 2732              	.LBB169:
 211:Middlewares/Third_Party/FreeRTOS/Source/portable/GCC/ARM_CM3/portmacro.h **** 
 2733              		.loc 2 211 1 view .LVU782
 213:Middlewares/Third_Party/FreeRTOS/Source/portable/GCC/ARM_CM3/portmacro.h **** 	(
 2734              		.loc 2 213 2 view .LVU783
 2735              		.syntax unified
 2736              	@ 213 "Middlewares/Third_Party/FreeRTOS/Source/portable/GCC/ARM_CM3/portmacro.h" 1
 2737 0072 EFF31187 			mrs r7, basepri											
 2738 0076 4FF05003 		mov r3, #80												
 2739 007a 83F31188 		msr basepri, r3											
 2740 007e BFF36F8F 		isb														
 2741 0082 BFF34F8F 		dsb														
 2742              	
 2743              	@ 0 "" 2
 2744              	.LVL227:
 225:Middlewares/Third_Party/FreeRTOS/Source/portable/GCC/ARM_CM3/portmacro.h **** }
 2745              		.loc 2 225 2 view .LVU784
 225:Middlewares/Third_Party/FreeRTOS/Source/portable/GCC/ARM_CM3/portmacro.h **** }
 2746              		.loc 2 225 2 is_stmt 0 view .LVU785
 2747              		.thumb
 2748              		.syntax unified
 2749              	.LBE169:
 2750              	.LBE168:
 900:Middlewares/Third_Party/FreeRTOS/Source/stream_buffer.c **** 		}
 2751              		.loc 1 900 4 is_stmt 1 discriminator 1 view .LVU786
 2752 0086 6369     		ldr	r3, [r4, #20]
 2753 0088 43B1     		cbz	r3, .L184
 900:Middlewares/Third_Party/FreeRTOS/Source/stream_buffer.c **** 		}
 2754              		.loc 1 900 4 discriminator 1 view .LVU787
 2755 008a 6069     		ldr	r0, [r4, #20]
 2756              	.LVL228:
 900:Middlewares/Third_Party/FreeRTOS/Source/stream_buffer.c **** 		}
 2757              		.loc 1 900 4 is_stmt 0 discriminator 1 view .LVU788
 2758 008c 0095     		str	r5, [sp]
 2759 008e 0023     		movs	r3, #0
 2760 0090 1A46     		mov	r2, r3
 2761 0092 1946     		mov	r1, r3
 2762 0094 FFF7FEFF 		bl	xTaskGenericNotifyFromISR
 2763              	.LVL229:
 900:Middlewares/Third_Party/FreeRTOS/Source/stream_buffer.c **** 		}
ARM GAS  D:\software\msy64\tmp\cc3F8ZqV.s 			page 87


 2764              		.loc 1 900 4 is_stmt 1 discriminator 1 view .LVU789
 2765 0098 0023     		movs	r3, #0
 2766 009a 6361     		str	r3, [r4, #20]
 2767              	.L184:
 900:Middlewares/Third_Party/FreeRTOS/Source/stream_buffer.c **** 		}
 2768              		.loc 1 900 4 discriminator 3 view .LVU790
 2769              	.LBB170:
 2770              	.LBI170:
 229:Middlewares/Third_Party/FreeRTOS/Source/portable/GCC/ARM_CM3/portmacro.h **** {
 2771              		.loc 2 229 30 view .LVU791
 2772              	.LBB171:
 2773              		.loc 2 231 2 view .LVU792
 2774              		.syntax unified
 2775              	@ 231 "Middlewares/Third_Party/FreeRTOS/Source/portable/GCC/ARM_CM3/portmacro.h" 1
 2776 009c 87F31188 			msr basepri, r7	
 2777              	@ 0 "" 2
 2778              		.thumb
 2779              		.syntax unified
 2780              	.LBE171:
 2781              	.LBE170:
 2782              	.LBE167:
 900:Middlewares/Third_Party/FreeRTOS/Source/stream_buffer.c **** 		}
 2783              		.loc 1 900 77 discriminator 1 view .LVU793
 2784              	.LBB174:
 2785              	.LBB173:
 2786              	.LBB172:
 232:Middlewares/Third_Party/FreeRTOS/Source/portable/GCC/ARM_CM3/portmacro.h **** 	(
 233:Middlewares/Third_Party/FreeRTOS/Source/portable/GCC/ARM_CM3/portmacro.h **** 		"	msr basepri, %0	" :: "r" ( ulNewMaskValue ) : "memory"
 234:Middlewares/Third_Party/FreeRTOS/Source/portable/GCC/ARM_CM3/portmacro.h **** 	);
 235:Middlewares/Third_Party/FreeRTOS/Source/portable/GCC/ARM_CM3/portmacro.h **** }
 2787              		.loc 2 235 1 is_stmt 0 view .LVU794
 2788 00a0 C3E7     		b	.L177
 2789              	.LBE172:
 2790              	.LBE173:
 2791              	.LBE174:
 2792              		.cfi_endproc
 2793              	.LFE17:
 2795              		.section	.text.xStreamBufferIsEmpty,"ax",%progbits
 2796              		.align	1
 2797              		.global	xStreamBufferIsEmpty
 2798              		.syntax unified
 2799              		.thumb
 2800              		.thumb_func
 2802              	xStreamBufferIsEmpty:
 2803              	.LVL230:
 2804              	.LFB19:
 971:Middlewares/Third_Party/FreeRTOS/Source/stream_buffer.c **** const StreamBuffer_t * const pxStreamBuffer = xStreamBuffer;
 2805              		.loc 1 971 1 is_stmt 1 view -0
 2806              		.cfi_startproc
 2807              		@ args = 0, pretend = 0, frame = 0
 2808              		@ frame_needed = 0, uses_anonymous_args = 0
 2809              		@ link register save eliminated.
 972:Middlewares/Third_Party/FreeRTOS/Source/stream_buffer.c **** BaseType_t xReturn;
 2810              		.loc 1 972 1 view .LVU796
 973:Middlewares/Third_Party/FreeRTOS/Source/stream_buffer.c **** size_t xTail;
 2811              		.loc 1 973 1 view .LVU797
 974:Middlewares/Third_Party/FreeRTOS/Source/stream_buffer.c **** 
ARM GAS  D:\software\msy64\tmp\cc3F8ZqV.s 			page 88


 2812              		.loc 1 974 1 view .LVU798
 976:Middlewares/Third_Party/FreeRTOS/Source/stream_buffer.c **** 
 2813              		.loc 1 976 2 view .LVU799
 2814 0000 28B1     		cbz	r0, .L197
 976:Middlewares/Third_Party/FreeRTOS/Source/stream_buffer.c **** 
 2815              		.loc 1 976 32 discriminator 2 view .LVU800
 979:Middlewares/Third_Party/FreeRTOS/Source/stream_buffer.c **** 	if( pxStreamBuffer->xHead == xTail )
 2816              		.loc 1 979 2 view .LVU801
 979:Middlewares/Third_Party/FreeRTOS/Source/stream_buffer.c **** 	if( pxStreamBuffer->xHead == xTail )
 2817              		.loc 1 979 8 is_stmt 0 view .LVU802
 2818 0002 0268     		ldr	r2, [r0]
 2819              	.LVL231:
 980:Middlewares/Third_Party/FreeRTOS/Source/stream_buffer.c **** 	{
 2820              		.loc 1 980 2 is_stmt 1 view .LVU803
 980:Middlewares/Third_Party/FreeRTOS/Source/stream_buffer.c **** 	{
 2821              		.loc 1 980 20 is_stmt 0 view .LVU804
 2822 0004 4368     		ldr	r3, [r0, #4]
 980:Middlewares/Third_Party/FreeRTOS/Source/stream_buffer.c **** 	{
 2823              		.loc 1 980 4 view .LVU805
 2824 0006 9342     		cmp	r3, r2
 2825 0008 0AD0     		beq	.L198
 986:Middlewares/Third_Party/FreeRTOS/Source/stream_buffer.c **** 	}
 2826              		.loc 1 986 11 view .LVU806
 2827 000a 0020     		movs	r0, #0
 2828              	.LVL232:
 989:Middlewares/Third_Party/FreeRTOS/Source/stream_buffer.c **** }
 2829              		.loc 1 989 2 is_stmt 1 view .LVU807
 990:Middlewares/Third_Party/FreeRTOS/Source/stream_buffer.c **** /*-----------------------------------------------------------*/
 2830              		.loc 1 990 1 is_stmt 0 view .LVU808
 2831 000c 7047     		bx	lr
 2832              	.LVL233:
 2833              	.L197:
 976:Middlewares/Third_Party/FreeRTOS/Source/stream_buffer.c **** 
 2834              		.loc 1 976 2 is_stmt 1 discriminator 1 view .LVU809
 2835              	.LBB175:
 2836              	.LBI175:
 193:Middlewares/Third_Party/FreeRTOS/Source/portable/GCC/ARM_CM3/portmacro.h **** {
 2837              		.loc 2 193 30 view .LVU810
 2838              	.LBB176:
 195:Middlewares/Third_Party/FreeRTOS/Source/portable/GCC/ARM_CM3/portmacro.h **** 
 2839              		.loc 2 195 1 view .LVU811
 197:Middlewares/Third_Party/FreeRTOS/Source/portable/GCC/ARM_CM3/portmacro.h **** 	(
 2840              		.loc 2 197 2 view .LVU812
 2841              		.syntax unified
 2842              	@ 197 "Middlewares/Third_Party/FreeRTOS/Source/portable/GCC/ARM_CM3/portmacro.h" 1
 2843 000e 4FF05003 			mov r3, #80												
 2844 0012 83F31188 		msr basepri, r3											
 2845 0016 BFF36F8F 		isb														
 2846 001a BFF34F8F 		dsb														
 2847              	
 2848              	@ 0 "" 2
 2849              		.thumb
 2850              		.syntax unified
 2851              	.L194:
 2852              	.LBE176:
 2853              	.LBE175:
 976:Middlewares/Third_Party/FreeRTOS/Source/stream_buffer.c **** 
ARM GAS  D:\software\msy64\tmp\cc3F8ZqV.s 			page 89


 2854              		.loc 1 976 2 discriminator 3 view .LVU813
 976:Middlewares/Third_Party/FreeRTOS/Source/stream_buffer.c **** 
 2855              		.loc 1 976 2 discriminator 3 view .LVU814
 2856 001e FEE7     		b	.L194
 2857              	.LVL234:
 2858              	.L198:
 982:Middlewares/Third_Party/FreeRTOS/Source/stream_buffer.c **** 	}
 2859              		.loc 1 982 11 is_stmt 0 view .LVU815
 2860 0020 0120     		movs	r0, #1
 2861              	.LVL235:
 982:Middlewares/Third_Party/FreeRTOS/Source/stream_buffer.c **** 	}
 2862              		.loc 1 982 11 view .LVU816
 2863 0022 7047     		bx	lr
 2864              		.cfi_endproc
 2865              	.LFE19:
 2867              		.section	.text.xStreamBufferIsFull,"ax",%progbits
 2868              		.align	1
 2869              		.global	xStreamBufferIsFull
 2870              		.syntax unified
 2871              		.thumb
 2872              		.thumb_func
 2874              	xStreamBufferIsFull:
 2875              	.LVL236:
 2876              	.LFB20:
 994:Middlewares/Third_Party/FreeRTOS/Source/stream_buffer.c **** BaseType_t xReturn;
 2877              		.loc 1 994 1 is_stmt 1 view -0
 2878              		.cfi_startproc
 2879              		@ args = 0, pretend = 0, frame = 0
 2880              		@ frame_needed = 0, uses_anonymous_args = 0
 995:Middlewares/Third_Party/FreeRTOS/Source/stream_buffer.c **** size_t xBytesToStoreMessageLength;
 2881              		.loc 1 995 1 view .LVU818
 996:Middlewares/Third_Party/FreeRTOS/Source/stream_buffer.c **** const StreamBuffer_t * const pxStreamBuffer = xStreamBuffer;
 2882              		.loc 1 996 1 view .LVU819
 997:Middlewares/Third_Party/FreeRTOS/Source/stream_buffer.c **** 
 2883              		.loc 1 997 1 view .LVU820
 999:Middlewares/Third_Party/FreeRTOS/Source/stream_buffer.c **** 
 2884              		.loc 1 999 2 view .LVU821
 2885 0000 68B1     		cbz	r0, .L208
 994:Middlewares/Third_Party/FreeRTOS/Source/stream_buffer.c **** BaseType_t xReturn;
 2886              		.loc 1 994 1 is_stmt 0 view .LVU822
 2887 0002 10B5     		push	{r4, lr}
 2888              	.LCFI51:
 2889              		.cfi_def_cfa_offset 8
 2890              		.cfi_offset 4, -8
 2891              		.cfi_offset 14, -4
 2892 0004 0346     		mov	r3, r0
 999:Middlewares/Third_Party/FreeRTOS/Source/stream_buffer.c **** 
 2893              		.loc 1 999 32 is_stmt 1 discriminator 2 view .LVU823
1005:Middlewares/Third_Party/FreeRTOS/Source/stream_buffer.c **** 	{
 2894              		.loc 1 1005 2 view .LVU824
1005:Middlewares/Third_Party/FreeRTOS/Source/stream_buffer.c **** 	{
 2895              		.loc 1 1005 22 is_stmt 0 view .LVU825
 2896 0006 027F     		ldrb	r2, [r0, #28]	@ zero_extendqisi2
1005:Middlewares/Third_Party/FreeRTOS/Source/stream_buffer.c **** 	{
 2897              		.loc 1 1005 4 view .LVU826
 2898 0008 12F0010F 		tst	r2, #1
 2899 000c 10D0     		beq	.L204
ARM GAS  D:\software\msy64\tmp\cc3F8ZqV.s 			page 90


1007:Middlewares/Third_Party/FreeRTOS/Source/stream_buffer.c **** 	}
 2900              		.loc 1 1007 30 view .LVU827
 2901 000e 0424     		movs	r4, #4
 2902              	.L202:
 2903              	.LVL237:
1015:Middlewares/Third_Party/FreeRTOS/Source/stream_buffer.c **** 	{
 2904              		.loc 1 1015 2 is_stmt 1 view .LVU828
1015:Middlewares/Third_Party/FreeRTOS/Source/stream_buffer.c **** 	{
 2905              		.loc 1 1015 6 is_stmt 0 view .LVU829
 2906 0010 1846     		mov	r0, r3
 2907              	.LVL238:
1015:Middlewares/Third_Party/FreeRTOS/Source/stream_buffer.c **** 	{
 2908              		.loc 1 1015 6 view .LVU830
 2909 0012 FFF7FEFF 		bl	xStreamBufferSpacesAvailable
 2910              	.LVL239:
1015:Middlewares/Third_Party/FreeRTOS/Source/stream_buffer.c **** 	{
 2911              		.loc 1 1015 4 discriminator 1 view .LVU831
 2912 0016 A042     		cmp	r0, r4
 2913 0018 0CD8     		bhi	.L205
1017:Middlewares/Third_Party/FreeRTOS/Source/stream_buffer.c **** 	}
 2914              		.loc 1 1017 11 view .LVU832
 2915 001a 0120     		movs	r0, #1
 2916              	.L199:
1025:Middlewares/Third_Party/FreeRTOS/Source/stream_buffer.c **** /*-----------------------------------------------------------*/
 2917              		.loc 1 1025 1 view .LVU833
 2918 001c 10BD     		pop	{r4, pc}
 2919              	.LVL240:
 2920              	.L208:
 2921              	.LCFI52:
 2922              		.cfi_def_cfa_offset 0
 2923              		.cfi_restore 4
 2924              		.cfi_restore 14
 999:Middlewares/Third_Party/FreeRTOS/Source/stream_buffer.c **** 
 2925              		.loc 1 999 2 is_stmt 1 discriminator 1 view .LVU834
 2926              	.LBB177:
 2927              	.LBI177:
 193:Middlewares/Third_Party/FreeRTOS/Source/portable/GCC/ARM_CM3/portmacro.h **** {
 2928              		.loc 2 193 30 view .LVU835
 2929              	.LBB178:
 195:Middlewares/Third_Party/FreeRTOS/Source/portable/GCC/ARM_CM3/portmacro.h **** 
 2930              		.loc 2 195 1 view .LVU836
 197:Middlewares/Third_Party/FreeRTOS/Source/portable/GCC/ARM_CM3/portmacro.h **** 	(
 2931              		.loc 2 197 2 view .LVU837
 2932              		.syntax unified
 2933              	@ 197 "Middlewares/Third_Party/FreeRTOS/Source/portable/GCC/ARM_CM3/portmacro.h" 1
 2934 001e 4FF05003 			mov r3, #80												
 2935 0022 83F31188 		msr basepri, r3											
 2936 0026 BFF36F8F 		isb														
 2937 002a BFF34F8F 		dsb														
 2938              	
 2939              	@ 0 "" 2
 2940              		.thumb
 2941              		.syntax unified
 2942              	.L201:
 2943              	.LBE178:
 2944              	.LBE177:
 999:Middlewares/Third_Party/FreeRTOS/Source/stream_buffer.c **** 
ARM GAS  D:\software\msy64\tmp\cc3F8ZqV.s 			page 91


 2945              		.loc 1 999 2 discriminator 3 view .LVU838
 999:Middlewares/Third_Party/FreeRTOS/Source/stream_buffer.c **** 
 2946              		.loc 1 999 2 discriminator 3 view .LVU839
 2947 002e FEE7     		b	.L201
 2948              	.L204:
 2949              	.LCFI53:
 2950              		.cfi_def_cfa_offset 8
 2951              		.cfi_offset 4, -8
 2952              		.cfi_offset 14, -4
1011:Middlewares/Third_Party/FreeRTOS/Source/stream_buffer.c **** 	}
 2953              		.loc 1 1011 30 is_stmt 0 view .LVU840
 2954 0030 0024     		movs	r4, #0
 2955 0032 EDE7     		b	.L202
 2956              	.LVL241:
 2957              	.L205:
1021:Middlewares/Third_Party/FreeRTOS/Source/stream_buffer.c **** 	}
 2958              		.loc 1 1021 11 view .LVU841
 2959 0034 0020     		movs	r0, #0
 2960              	.LVL242:
1024:Middlewares/Third_Party/FreeRTOS/Source/stream_buffer.c **** }
 2961              		.loc 1 1024 2 is_stmt 1 view .LVU842
1024:Middlewares/Third_Party/FreeRTOS/Source/stream_buffer.c **** }
 2962              		.loc 1 1024 9 is_stmt 0 view .LVU843
 2963 0036 F1E7     		b	.L199
 2964              		.cfi_endproc
 2965              	.LFE20:
 2967              		.section	.text.xStreamBufferSendCompletedFromISR,"ax",%progbits
 2968              		.align	1
 2969              		.global	xStreamBufferSendCompletedFromISR
 2970              		.syntax unified
 2971              		.thumb
 2972              		.thumb_func
 2974              	xStreamBufferSendCompletedFromISR:
 2975              	.LVL243:
 2976              	.LFB21:
1029:Middlewares/Third_Party/FreeRTOS/Source/stream_buffer.c **** StreamBuffer_t * const pxStreamBuffer = xStreamBuffer;
 2977              		.loc 1 1029 1 is_stmt 1 view -0
 2978              		.cfi_startproc
 2979              		@ args = 0, pretend = 0, frame = 0
 2980              		@ frame_needed = 0, uses_anonymous_args = 0
1030:Middlewares/Third_Party/FreeRTOS/Source/stream_buffer.c **** BaseType_t xReturn;
 2981              		.loc 1 1030 1 view .LVU845
1031:Middlewares/Third_Party/FreeRTOS/Source/stream_buffer.c **** UBaseType_t uxSavedInterruptStatus;
 2982              		.loc 1 1031 1 view .LVU846
1032:Middlewares/Third_Party/FreeRTOS/Source/stream_buffer.c **** 
 2983              		.loc 1 1032 1 view .LVU847
1034:Middlewares/Third_Party/FreeRTOS/Source/stream_buffer.c **** 
 2984              		.loc 1 1034 2 view .LVU848
 2985 0000 E0B1     		cbz	r0, .L216
1029:Middlewares/Third_Party/FreeRTOS/Source/stream_buffer.c **** StreamBuffer_t * const pxStreamBuffer = xStreamBuffer;
 2986              		.loc 1 1029 1 is_stmt 0 view .LVU849
 2987 0002 30B5     		push	{r4, r5, lr}
 2988              	.LCFI54:
 2989              		.cfi_def_cfa_offset 12
 2990              		.cfi_offset 4, -12
 2991              		.cfi_offset 5, -8
 2992              		.cfi_offset 14, -4
ARM GAS  D:\software\msy64\tmp\cc3F8ZqV.s 			page 92


 2993 0004 83B0     		sub	sp, sp, #12
 2994              	.LCFI55:
 2995              		.cfi_def_cfa_offset 24
 2996 0006 0546     		mov	r5, r0
1034:Middlewares/Third_Party/FreeRTOS/Source/stream_buffer.c **** 
 2997              		.loc 1 1034 32 is_stmt 1 discriminator 2 view .LVU850
1036:Middlewares/Third_Party/FreeRTOS/Source/stream_buffer.c **** 	{
 2998              		.loc 1 1036 2 view .LVU851
 2999              	.LBB179:
 3000              	.LBI179:
 209:Middlewares/Third_Party/FreeRTOS/Source/portable/GCC/ARM_CM3/portmacro.h **** {
 3001              		.loc 2 209 34 view .LVU852
 3002              	.LBB180:
 211:Middlewares/Third_Party/FreeRTOS/Source/portable/GCC/ARM_CM3/portmacro.h **** 
 3003              		.loc 2 211 1 view .LVU853
 213:Middlewares/Third_Party/FreeRTOS/Source/portable/GCC/ARM_CM3/portmacro.h **** 	(
 3004              		.loc 2 213 2 view .LVU854
 3005              		.syntax unified
 3006              	@ 213 "Middlewares/Third_Party/FreeRTOS/Source/portable/GCC/ARM_CM3/portmacro.h" 1
 3007 0008 EFF31184 			mrs r4, basepri											
 3008 000c 4FF05003 		mov r3, #80												
 3009 0010 83F31188 		msr basepri, r3											
 3010 0014 BFF36F8F 		isb														
 3011 0018 BFF34F8F 		dsb														
 3012              	
 3013              	@ 0 "" 2
 3014              	.LVL244:
 225:Middlewares/Third_Party/FreeRTOS/Source/portable/GCC/ARM_CM3/portmacro.h **** }
 3015              		.loc 2 225 2 view .LVU855
 225:Middlewares/Third_Party/FreeRTOS/Source/portable/GCC/ARM_CM3/portmacro.h **** }
 3016              		.loc 2 225 2 is_stmt 0 view .LVU856
 3017              		.thumb
 3018              		.syntax unified
 3019              	.LBE180:
 3020              	.LBE179:
1038:Middlewares/Third_Party/FreeRTOS/Source/stream_buffer.c **** 		{
 3021              		.loc 1 1038 3 is_stmt 1 view .LVU857
1038:Middlewares/Third_Party/FreeRTOS/Source/stream_buffer.c **** 		{
 3022              		.loc 1 1038 25 is_stmt 0 view .LVU858
 3023 001c 0369     		ldr	r3, [r0, #16]
1038:Middlewares/Third_Party/FreeRTOS/Source/stream_buffer.c **** 		{
 3024              		.loc 1 1038 5 view .LVU859
 3025 001e B3B1     		cbz	r3, .L213
1040:Middlewares/Third_Party/FreeRTOS/Source/stream_buffer.c **** 										 ( uint32_t ) 0,
 3026              		.loc 1 1040 4 is_stmt 1 view .LVU860
1040:Middlewares/Third_Party/FreeRTOS/Source/stream_buffer.c **** 										 ( uint32_t ) 0,
 3027              		.loc 1 1040 13 is_stmt 0 view .LVU861
 3028 0020 0069     		ldr	r0, [r0, #16]
 3029              	.LVL245:
1040:Middlewares/Third_Party/FreeRTOS/Source/stream_buffer.c **** 										 ( uint32_t ) 0,
 3030              		.loc 1 1040 13 view .LVU862
 3031 0022 0091     		str	r1, [sp]
 3032 0024 0023     		movs	r3, #0
 3033 0026 1A46     		mov	r2, r3
 3034 0028 1946     		mov	r1, r3
 3035              	.LVL246:
1040:Middlewares/Third_Party/FreeRTOS/Source/stream_buffer.c **** 										 ( uint32_t ) 0,
ARM GAS  D:\software\msy64\tmp\cc3F8ZqV.s 			page 93


 3036              		.loc 1 1040 13 view .LVU863
 3037 002a FFF7FEFF 		bl	xTaskGenericNotifyFromISR
 3038              	.LVL247:
1044:Middlewares/Third_Party/FreeRTOS/Source/stream_buffer.c **** 			xReturn = pdTRUE;
 3039              		.loc 1 1044 4 is_stmt 1 view .LVU864
1044:Middlewares/Third_Party/FreeRTOS/Source/stream_buffer.c **** 			xReturn = pdTRUE;
 3040              		.loc 1 1044 46 is_stmt 0 view .LVU865
 3041 002e 0023     		movs	r3, #0
 3042 0030 2B61     		str	r3, [r5, #16]
1045:Middlewares/Third_Party/FreeRTOS/Source/stream_buffer.c **** 		}
 3043              		.loc 1 1045 4 is_stmt 1 view .LVU866
 3044              	.LVL248:
1045:Middlewares/Third_Party/FreeRTOS/Source/stream_buffer.c **** 		}
 3045              		.loc 1 1045 12 is_stmt 0 view .LVU867
 3046 0032 0120     		movs	r0, #1
 3047              	.LVL249:
 3048              	.L212:
1052:Middlewares/Third_Party/FreeRTOS/Source/stream_buffer.c **** 
 3049              		.loc 1 1052 2 is_stmt 1 view .LVU868
 3050              	.LBB181:
 3051              	.LBI181:
 229:Middlewares/Third_Party/FreeRTOS/Source/portable/GCC/ARM_CM3/portmacro.h **** {
 3052              		.loc 2 229 30 view .LVU869
 3053              	.LBB182:
 231:Middlewares/Third_Party/FreeRTOS/Source/portable/GCC/ARM_CM3/portmacro.h **** 	(
 3054              		.loc 2 231 2 view .LVU870
 3055              		.syntax unified
 3056              	@ 231 "Middlewares/Third_Party/FreeRTOS/Source/portable/GCC/ARM_CM3/portmacro.h" 1
 3057 0034 84F31188 			msr basepri, r4	
 3058              	@ 0 "" 2
 3059              		.thumb
 3060              		.syntax unified
 3061              	.LBE182:
 3062              	.LBE181:
1054:Middlewares/Third_Party/FreeRTOS/Source/stream_buffer.c **** }
 3063              		.loc 1 1054 2 view .LVU871
1055:Middlewares/Third_Party/FreeRTOS/Source/stream_buffer.c **** /*-----------------------------------------------------------*/
 3064              		.loc 1 1055 1 is_stmt 0 view .LVU872
 3065 0038 03B0     		add	sp, sp, #12
 3066              	.LCFI56:
 3067              		.cfi_def_cfa_offset 12
 3068              		@ sp needed
 3069 003a 30BD     		pop	{r4, r5, pc}
 3070              	.LVL250:
 3071              	.L216:
 3072              	.LCFI57:
 3073              		.cfi_def_cfa_offset 0
 3074              		.cfi_restore 4
 3075              		.cfi_restore 5
 3076              		.cfi_restore 14
1034:Middlewares/Third_Party/FreeRTOS/Source/stream_buffer.c **** 
 3077              		.loc 1 1034 2 is_stmt 1 discriminator 1 view .LVU873
 3078              	.LBB183:
 3079              	.LBI183:
 193:Middlewares/Third_Party/FreeRTOS/Source/portable/GCC/ARM_CM3/portmacro.h **** {
 3080              		.loc 2 193 30 view .LVU874
 3081              	.LBB184:
ARM GAS  D:\software\msy64\tmp\cc3F8ZqV.s 			page 94


 195:Middlewares/Third_Party/FreeRTOS/Source/portable/GCC/ARM_CM3/portmacro.h **** 
 3082              		.loc 2 195 1 view .LVU875
 197:Middlewares/Third_Party/FreeRTOS/Source/portable/GCC/ARM_CM3/portmacro.h **** 	(
 3083              		.loc 2 197 2 view .LVU876
 3084              		.syntax unified
 3085              	@ 197 "Middlewares/Third_Party/FreeRTOS/Source/portable/GCC/ARM_CM3/portmacro.h" 1
 3086 003c 4FF05003 			mov r3, #80												
 3087 0040 83F31188 		msr basepri, r3											
 3088 0044 BFF36F8F 		isb														
 3089 0048 BFF34F8F 		dsb														
 3090              	
 3091              	@ 0 "" 2
 3092              		.thumb
 3093              		.syntax unified
 3094              	.L211:
 3095              	.LBE184:
 3096              	.LBE183:
1034:Middlewares/Third_Party/FreeRTOS/Source/stream_buffer.c **** 
 3097              		.loc 1 1034 2 discriminator 3 view .LVU877
1034:Middlewares/Third_Party/FreeRTOS/Source/stream_buffer.c **** 
 3098              		.loc 1 1034 2 discriminator 3 view .LVU878
 3099 004c FEE7     		b	.L211
 3100              	.LVL251:
 3101              	.L213:
 3102              	.LCFI58:
 3103              		.cfi_def_cfa_offset 24
 3104              		.cfi_offset 4, -12
 3105              		.cfi_offset 5, -8
 3106              		.cfi_offset 14, -4
1049:Middlewares/Third_Party/FreeRTOS/Source/stream_buffer.c **** 		}
 3107              		.loc 1 1049 12 is_stmt 0 view .LVU879
 3108 004e 0020     		movs	r0, #0
 3109              	.LVL252:
1049:Middlewares/Third_Party/FreeRTOS/Source/stream_buffer.c **** 		}
 3110              		.loc 1 1049 12 view .LVU880
 3111 0050 F0E7     		b	.L212
 3112              		.cfi_endproc
 3113              	.LFE21:
 3115              		.section	.text.xStreamBufferReceiveCompletedFromISR,"ax",%progbits
 3116              		.align	1
 3117              		.global	xStreamBufferReceiveCompletedFromISR
 3118              		.syntax unified
 3119              		.thumb
 3120              		.thumb_func
 3122              	xStreamBufferReceiveCompletedFromISR:
 3123              	.LVL253:
 3124              	.LFB22:
1059:Middlewares/Third_Party/FreeRTOS/Source/stream_buffer.c **** StreamBuffer_t * const pxStreamBuffer = xStreamBuffer;
 3125              		.loc 1 1059 1 is_stmt 1 view -0
 3126              		.cfi_startproc
 3127              		@ args = 0, pretend = 0, frame = 0
 3128              		@ frame_needed = 0, uses_anonymous_args = 0
1060:Middlewares/Third_Party/FreeRTOS/Source/stream_buffer.c **** BaseType_t xReturn;
 3129              		.loc 1 1060 1 view .LVU882
1061:Middlewares/Third_Party/FreeRTOS/Source/stream_buffer.c **** UBaseType_t uxSavedInterruptStatus;
 3130              		.loc 1 1061 1 view .LVU883
1062:Middlewares/Third_Party/FreeRTOS/Source/stream_buffer.c **** 
ARM GAS  D:\software\msy64\tmp\cc3F8ZqV.s 			page 95


 3131              		.loc 1 1062 1 view .LVU884
1064:Middlewares/Third_Party/FreeRTOS/Source/stream_buffer.c **** 
 3132              		.loc 1 1064 2 view .LVU885
 3133 0000 E0B1     		cbz	r0, .L224
1059:Middlewares/Third_Party/FreeRTOS/Source/stream_buffer.c **** StreamBuffer_t * const pxStreamBuffer = xStreamBuffer;
 3134              		.loc 1 1059 1 is_stmt 0 view .LVU886
 3135 0002 30B5     		push	{r4, r5, lr}
 3136              	.LCFI59:
 3137              		.cfi_def_cfa_offset 12
 3138              		.cfi_offset 4, -12
 3139              		.cfi_offset 5, -8
 3140              		.cfi_offset 14, -4
 3141 0004 83B0     		sub	sp, sp, #12
 3142              	.LCFI60:
 3143              		.cfi_def_cfa_offset 24
 3144 0006 0546     		mov	r5, r0
1064:Middlewares/Third_Party/FreeRTOS/Source/stream_buffer.c **** 
 3145              		.loc 1 1064 32 is_stmt 1 discriminator 2 view .LVU887
1066:Middlewares/Third_Party/FreeRTOS/Source/stream_buffer.c **** 	{
 3146              		.loc 1 1066 2 view .LVU888
 3147              	.LBB185:
 3148              	.LBI185:
 209:Middlewares/Third_Party/FreeRTOS/Source/portable/GCC/ARM_CM3/portmacro.h **** {
 3149              		.loc 2 209 34 view .LVU889
 3150              	.LBB186:
 211:Middlewares/Third_Party/FreeRTOS/Source/portable/GCC/ARM_CM3/portmacro.h **** 
 3151              		.loc 2 211 1 view .LVU890
 213:Middlewares/Third_Party/FreeRTOS/Source/portable/GCC/ARM_CM3/portmacro.h **** 	(
 3152              		.loc 2 213 2 view .LVU891
 3153              		.syntax unified
 3154              	@ 213 "Middlewares/Third_Party/FreeRTOS/Source/portable/GCC/ARM_CM3/portmacro.h" 1
 3155 0008 EFF31184 			mrs r4, basepri											
 3156 000c 4FF05003 		mov r3, #80												
 3157 0010 83F31188 		msr basepri, r3											
 3158 0014 BFF36F8F 		isb														
 3159 0018 BFF34F8F 		dsb														
 3160              	
 3161              	@ 0 "" 2
 3162              	.LVL254:
 225:Middlewares/Third_Party/FreeRTOS/Source/portable/GCC/ARM_CM3/portmacro.h **** }
 3163              		.loc 2 225 2 view .LVU892
 225:Middlewares/Third_Party/FreeRTOS/Source/portable/GCC/ARM_CM3/portmacro.h **** }
 3164              		.loc 2 225 2 is_stmt 0 view .LVU893
 3165              		.thumb
 3166              		.syntax unified
 3167              	.LBE186:
 3168              	.LBE185:
1068:Middlewares/Third_Party/FreeRTOS/Source/stream_buffer.c **** 		{
 3169              		.loc 1 1068 3 is_stmt 1 view .LVU894
1068:Middlewares/Third_Party/FreeRTOS/Source/stream_buffer.c **** 		{
 3170              		.loc 1 1068 25 is_stmt 0 view .LVU895
 3171 001c 4369     		ldr	r3, [r0, #20]
1068:Middlewares/Third_Party/FreeRTOS/Source/stream_buffer.c **** 		{
 3172              		.loc 1 1068 5 view .LVU896
 3173 001e B3B1     		cbz	r3, .L221
1070:Middlewares/Third_Party/FreeRTOS/Source/stream_buffer.c **** 										 ( uint32_t ) 0,
 3174              		.loc 1 1070 4 is_stmt 1 view .LVU897
ARM GAS  D:\software\msy64\tmp\cc3F8ZqV.s 			page 96


1070:Middlewares/Third_Party/FreeRTOS/Source/stream_buffer.c **** 										 ( uint32_t ) 0,
 3175              		.loc 1 1070 13 is_stmt 0 view .LVU898
 3176 0020 4069     		ldr	r0, [r0, #20]
 3177              	.LVL255:
1070:Middlewares/Third_Party/FreeRTOS/Source/stream_buffer.c **** 										 ( uint32_t ) 0,
 3178              		.loc 1 1070 13 view .LVU899
 3179 0022 0091     		str	r1, [sp]
 3180 0024 0023     		movs	r3, #0
 3181 0026 1A46     		mov	r2, r3
 3182 0028 1946     		mov	r1, r3
 3183              	.LVL256:
1070:Middlewares/Third_Party/FreeRTOS/Source/stream_buffer.c **** 										 ( uint32_t ) 0,
 3184              		.loc 1 1070 13 view .LVU900
 3185 002a FFF7FEFF 		bl	xTaskGenericNotifyFromISR
 3186              	.LVL257:
1074:Middlewares/Third_Party/FreeRTOS/Source/stream_buffer.c **** 			xReturn = pdTRUE;
 3187              		.loc 1 1074 4 is_stmt 1 view .LVU901
1074:Middlewares/Third_Party/FreeRTOS/Source/stream_buffer.c **** 			xReturn = pdTRUE;
 3188              		.loc 1 1074 43 is_stmt 0 view .LVU902
 3189 002e 0023     		movs	r3, #0
 3190 0030 6B61     		str	r3, [r5, #20]
1075:Middlewares/Third_Party/FreeRTOS/Source/stream_buffer.c **** 		}
 3191              		.loc 1 1075 4 is_stmt 1 view .LVU903
 3192              	.LVL258:
1075:Middlewares/Third_Party/FreeRTOS/Source/stream_buffer.c **** 		}
 3193              		.loc 1 1075 12 is_stmt 0 view .LVU904
 3194 0032 0120     		movs	r0, #1
 3195              	.LVL259:
 3196              	.L220:
1082:Middlewares/Third_Party/FreeRTOS/Source/stream_buffer.c **** 
 3197              		.loc 1 1082 2 is_stmt 1 view .LVU905
 3198              	.LBB187:
 3199              	.LBI187:
 229:Middlewares/Third_Party/FreeRTOS/Source/portable/GCC/ARM_CM3/portmacro.h **** {
 3200              		.loc 2 229 30 view .LVU906
 3201              	.LBB188:
 231:Middlewares/Third_Party/FreeRTOS/Source/portable/GCC/ARM_CM3/portmacro.h **** 	(
 3202              		.loc 2 231 2 view .LVU907
 3203              		.syntax unified
 3204              	@ 231 "Middlewares/Third_Party/FreeRTOS/Source/portable/GCC/ARM_CM3/portmacro.h" 1
 3205 0034 84F31188 			msr basepri, r4	
 3206              	@ 0 "" 2
 3207              		.thumb
 3208              		.syntax unified
 3209              	.LBE188:
 3210              	.LBE187:
1084:Middlewares/Third_Party/FreeRTOS/Source/stream_buffer.c **** }
 3211              		.loc 1 1084 2 view .LVU908
1085:Middlewares/Third_Party/FreeRTOS/Source/stream_buffer.c **** /*-----------------------------------------------------------*/
 3212              		.loc 1 1085 1 is_stmt 0 view .LVU909
 3213 0038 03B0     		add	sp, sp, #12
 3214              	.LCFI61:
 3215              		.cfi_def_cfa_offset 12
 3216              		@ sp needed
 3217 003a 30BD     		pop	{r4, r5, pc}
 3218              	.LVL260:
 3219              	.L224:
ARM GAS  D:\software\msy64\tmp\cc3F8ZqV.s 			page 97


 3220              	.LCFI62:
 3221              		.cfi_def_cfa_offset 0
 3222              		.cfi_restore 4
 3223              		.cfi_restore 5
 3224              		.cfi_restore 14
1064:Middlewares/Third_Party/FreeRTOS/Source/stream_buffer.c **** 
 3225              		.loc 1 1064 2 is_stmt 1 discriminator 1 view .LVU910
 3226              	.LBB189:
 3227              	.LBI189:
 193:Middlewares/Third_Party/FreeRTOS/Source/portable/GCC/ARM_CM3/portmacro.h **** {
 3228              		.loc 2 193 30 view .LVU911
 3229              	.LBB190:
 195:Middlewares/Third_Party/FreeRTOS/Source/portable/GCC/ARM_CM3/portmacro.h **** 
 3230              		.loc 2 195 1 view .LVU912
 197:Middlewares/Third_Party/FreeRTOS/Source/portable/GCC/ARM_CM3/portmacro.h **** 	(
 3231              		.loc 2 197 2 view .LVU913
 3232              		.syntax unified
 3233              	@ 197 "Middlewares/Third_Party/FreeRTOS/Source/portable/GCC/ARM_CM3/portmacro.h" 1
 3234 003c 4FF05003 			mov r3, #80												
 3235 0040 83F31188 		msr basepri, r3											
 3236 0044 BFF36F8F 		isb														
 3237 0048 BFF34F8F 		dsb														
 3238              	
 3239              	@ 0 "" 2
 3240              		.thumb
 3241              		.syntax unified
 3242              	.L219:
 3243              	.LBE190:
 3244              	.LBE189:
1064:Middlewares/Third_Party/FreeRTOS/Source/stream_buffer.c **** 
 3245              		.loc 1 1064 2 discriminator 3 view .LVU914
1064:Middlewares/Third_Party/FreeRTOS/Source/stream_buffer.c **** 
 3246              		.loc 1 1064 2 discriminator 3 view .LVU915
 3247 004c FEE7     		b	.L219
 3248              	.LVL261:
 3249              	.L221:
 3250              	.LCFI63:
 3251              		.cfi_def_cfa_offset 24
 3252              		.cfi_offset 4, -12
 3253              		.cfi_offset 5, -8
 3254              		.cfi_offset 14, -4
1079:Middlewares/Third_Party/FreeRTOS/Source/stream_buffer.c **** 		}
 3255              		.loc 1 1079 12 is_stmt 0 view .LVU916
 3256 004e 0020     		movs	r0, #0
 3257              	.LVL262:
1079:Middlewares/Third_Party/FreeRTOS/Source/stream_buffer.c **** 		}
 3258              		.loc 1 1079 12 view .LVU917
 3259 0050 F0E7     		b	.L220
 3260              		.cfi_endproc
 3261              	.LFE22:
 3263              		.text
 3264              	.Letext0:
 3265              		.file 3 "D:/software/msy64/mingw64/arm-none-eabi/include/machine/_default_types.h"
 3266              		.file 4 "D:/software/msy64/mingw64/arm-none-eabi/include/sys/_stdint.h"
 3267              		.file 5 "D:/software/msy64/mingw64/lib/gcc/arm-none-eabi/13.3.0/include/stddef.h"
 3268              		.file 6 "Middlewares/Third_Party/FreeRTOS/Source/include/FreeRTOS.h"
 3269              		.file 7 "Middlewares/Third_Party/FreeRTOS/Source/include/task.h"
ARM GAS  D:\software\msy64\tmp\cc3F8ZqV.s 			page 98


 3270              		.file 8 "Middlewares/Third_Party/FreeRTOS/Source/include/stream_buffer.h"
 3271              		.file 9 "D:/software/msy64/mingw64/arm-none-eabi/include/string.h"
 3272              		.file 10 "Middlewares/Third_Party/FreeRTOS/Source/include/portable.h"
 3273              		.file 11 "<built-in>"
ARM GAS  D:\software\msy64\tmp\cc3F8ZqV.s 			page 99


DEFINED SYMBOLS
                            *ABS*:00000000 stream_buffer.c
D:\software\msy64\tmp\cc3F8ZqV.s:19     .text.prvBytesInBuffer:00000000 $t
D:\software\msy64\tmp\cc3F8ZqV.s:24     .text.prvBytesInBuffer:00000000 prvBytesInBuffer
D:\software\msy64\tmp\cc3F8ZqV.s:65     .text.prvInitialiseNewStreamBuffer:00000000 $t
D:\software\msy64\tmp\cc3F8ZqV.s:70     .text.prvInitialiseNewStreamBuffer:00000000 prvInitialiseNewStreamBuffer
D:\software\msy64\tmp\cc3F8ZqV.s:160    .text.prvWriteBytesToBuffer:00000000 $t
D:\software\msy64\tmp\cc3F8ZqV.s:165    .text.prvWriteBytesToBuffer:00000000 prvWriteBytesToBuffer
D:\software\msy64\tmp\cc3F8ZqV.s:336    .text.prvWriteMessageToBuffer:00000000 $t
D:\software\msy64\tmp\cc3F8ZqV.s:341    .text.prvWriteMessageToBuffer:00000000 prvWriteMessageToBuffer
D:\software\msy64\tmp\cc3F8ZqV.s:441    .text.prvReadBytesFromBuffer:00000000 $t
D:\software\msy64\tmp\cc3F8ZqV.s:446    .text.prvReadBytesFromBuffer:00000000 prvReadBytesFromBuffer
D:\software\msy64\tmp\cc3F8ZqV.s:611    .text.prvReadMessageFromBuffer:00000000 $t
D:\software\msy64\tmp\cc3F8ZqV.s:616    .text.prvReadMessageFromBuffer:00000000 prvReadMessageFromBuffer
D:\software\msy64\tmp\cc3F8ZqV.s:717    .text.xStreamBufferGenericCreate:00000000 $t
D:\software\msy64\tmp\cc3F8ZqV.s:723    .text.xStreamBufferGenericCreate:00000000 xStreamBufferGenericCreate
D:\software\msy64\tmp\cc3F8ZqV.s:887    .text.xStreamBufferGenericCreateStatic:00000000 $t
D:\software\msy64\tmp\cc3F8ZqV.s:893    .text.xStreamBufferGenericCreateStatic:00000000 xStreamBufferGenericCreateStatic
D:\software\msy64\tmp\cc3F8ZqV.s:1137   .text.vStreamBufferDelete:00000000 $t
D:\software\msy64\tmp\cc3F8ZqV.s:1143   .text.vStreamBufferDelete:00000000 vStreamBufferDelete
D:\software\msy64\tmp\cc3F8ZqV.s:1212   .text.xStreamBufferReset:00000000 $t
D:\software\msy64\tmp\cc3F8ZqV.s:1218   .text.xStreamBufferReset:00000000 xStreamBufferReset
D:\software\msy64\tmp\cc3F8ZqV.s:1330   .text.xStreamBufferSetTriggerLevel:00000000 $t
D:\software\msy64\tmp\cc3F8ZqV.s:1336   .text.xStreamBufferSetTriggerLevel:00000000 xStreamBufferSetTriggerLevel
D:\software\msy64\tmp\cc3F8ZqV.s:1409   .text.xStreamBufferSpacesAvailable:00000000 $t
D:\software\msy64\tmp\cc3F8ZqV.s:1415   .text.xStreamBufferSpacesAvailable:00000000 xStreamBufferSpacesAvailable
D:\software\msy64\tmp\cc3F8ZqV.s:1491   .text.xStreamBufferBytesAvailable:00000000 $t
D:\software\msy64\tmp\cc3F8ZqV.s:1497   .text.xStreamBufferBytesAvailable:00000000 xStreamBufferBytesAvailable
D:\software\msy64\tmp\cc3F8ZqV.s:1552   .text.xStreamBufferSend:00000000 $t
D:\software\msy64\tmp\cc3F8ZqV.s:1558   .text.xStreamBufferSend:00000000 xStreamBufferSend
D:\software\msy64\tmp\cc3F8ZqV.s:1878   .text.xStreamBufferSendFromISR:00000000 $t
D:\software\msy64\tmp\cc3F8ZqV.s:1884   .text.xStreamBufferSendFromISR:00000000 xStreamBufferSendFromISR
D:\software\msy64\tmp\cc3F8ZqV.s:2118   .text.xStreamBufferReceive:00000000 $t
D:\software\msy64\tmp\cc3F8ZqV.s:2124   .text.xStreamBufferReceive:00000000 xStreamBufferReceive
D:\software\msy64\tmp\cc3F8ZqV.s:2414   .text.xStreamBufferNextMessageLengthBytes:00000000 $t
D:\software\msy64\tmp\cc3F8ZqV.s:2420   .text.xStreamBufferNextMessageLengthBytes:00000000 xStreamBufferNextMessageLengthBytes
D:\software\msy64\tmp\cc3F8ZqV.s:2558   .text.xStreamBufferReceiveFromISR:00000000 $t
D:\software\msy64\tmp\cc3F8ZqV.s:2564   .text.xStreamBufferReceiveFromISR:00000000 xStreamBufferReceiveFromISR
D:\software\msy64\tmp\cc3F8ZqV.s:2796   .text.xStreamBufferIsEmpty:00000000 $t
D:\software\msy64\tmp\cc3F8ZqV.s:2802   .text.xStreamBufferIsEmpty:00000000 xStreamBufferIsEmpty
D:\software\msy64\tmp\cc3F8ZqV.s:2868   .text.xStreamBufferIsFull:00000000 $t
D:\software\msy64\tmp\cc3F8ZqV.s:2874   .text.xStreamBufferIsFull:00000000 xStreamBufferIsFull
D:\software\msy64\tmp\cc3F8ZqV.s:2968   .text.xStreamBufferSendCompletedFromISR:00000000 $t
D:\software\msy64\tmp\cc3F8ZqV.s:2974   .text.xStreamBufferSendCompletedFromISR:00000000 xStreamBufferSendCompletedFromISR
D:\software\msy64\tmp\cc3F8ZqV.s:3116   .text.xStreamBufferReceiveCompletedFromISR:00000000 $t
D:\software\msy64\tmp\cc3F8ZqV.s:3122   .text.xStreamBufferReceiveCompletedFromISR:00000000 xStreamBufferReceiveCompletedFromISR

UNDEFINED SYMBOLS
memset
memcpy
pvPortMalloc
vPortFree
vPortEnterCritical
vPortExitCritical
vTaskSetTimeOutState
xTaskNotifyStateClear
xTaskGetCurrentTaskHandle
ARM GAS  D:\software\msy64\tmp\cc3F8ZqV.s 			page 100


xTaskNotifyWait
xTaskCheckForTimeOut
vTaskSuspendAll
xTaskGenericNotify
xTaskResumeAll
xTaskGenericNotifyFromISR
