ARM GAS  D:\software\msy64\tmp\ccHzaEXX.s 			page 1


   1              		.cpu cortex-m3
   2              		.arch armv7-m
   3              		.fpu softvfp
   4              		.eabi_attribute 20, 1
   5              		.eabi_attribute 21, 1
   6              		.eabi_attribute 23, 3
   7              		.eabi_attribute 24, 1
   8              		.eabi_attribute 25, 1
   9              		.eabi_attribute 26, 1
  10              		.eabi_attribute 30, 1
  11              		.eabi_attribute 34, 1
  12              		.eabi_attribute 18, 4
  13              		.file	"tasks.c"
  14              		.text
  15              	.Ltext0:
  16              		.cfi_sections	.debug_frame
  17              		.file 1 "Middlewares/Third_Party/FreeRTOS/Source/tasks.c"
  18              		.section	.text.prvTaskIsTaskSuspended,"ax",%progbits
  19              		.align	1
  20              		.syntax unified
  21              		.thumb
  22              		.thumb_func
  24              	prvTaskIsTaskSuspended:
  25              	.LVL0:
  26              	.LFB15:
   1:Middlewares/Third_Party/FreeRTOS/Source/tasks.c **** /*
   2:Middlewares/Third_Party/FreeRTOS/Source/tasks.c ****  * FreeRTOS Kernel V10.3.1
   3:Middlewares/Third_Party/FreeRTOS/Source/tasks.c ****  * Copyright (C) 2020 Amazon.com, Inc. or its affiliates.  All Rights Reserved.
   4:Middlewares/Third_Party/FreeRTOS/Source/tasks.c ****  *
   5:Middlewares/Third_Party/FreeRTOS/Source/tasks.c ****  * Permission is hereby granted, free of charge, to any person obtaining a copy of
   6:Middlewares/Third_Party/FreeRTOS/Source/tasks.c ****  * this software and associated documentation files (the "Software"), to deal in
   7:Middlewares/Third_Party/FreeRTOS/Source/tasks.c ****  * the Software without restriction, including without limitation the rights to
   8:Middlewares/Third_Party/FreeRTOS/Source/tasks.c ****  * use, copy, modify, merge, publish, distribute, sublicense, and/or sell copies of
   9:Middlewares/Third_Party/FreeRTOS/Source/tasks.c ****  * the Software, and to permit persons to whom the Software is furnished to do so,
  10:Middlewares/Third_Party/FreeRTOS/Source/tasks.c ****  * subject to the following conditions:
  11:Middlewares/Third_Party/FreeRTOS/Source/tasks.c ****  *
  12:Middlewares/Third_Party/FreeRTOS/Source/tasks.c ****  * The above copyright notice and this permission notice shall be included in all
  13:Middlewares/Third_Party/FreeRTOS/Source/tasks.c ****  * copies or substantial portions of the Software.
  14:Middlewares/Third_Party/FreeRTOS/Source/tasks.c ****  *
  15:Middlewares/Third_Party/FreeRTOS/Source/tasks.c ****  * THE SOFTWARE IS PROVIDED "AS IS", WITHOUT WARRANTY OF ANY KIND, EXPRESS OR
  16:Middlewares/Third_Party/FreeRTOS/Source/tasks.c ****  * IMPLIED, INCLUDING BUT NOT LIMITED TO THE WARRANTIES OF MERCHANTABILITY, FITNESS
  17:Middlewares/Third_Party/FreeRTOS/Source/tasks.c ****  * FOR A PARTICULAR PURPOSE AND NONINFRINGEMENT. IN NO EVENT SHALL THE AUTHORS OR
  18:Middlewares/Third_Party/FreeRTOS/Source/tasks.c ****  * COPYRIGHT HOLDERS BE LIABLE FOR ANY CLAIM, DAMAGES OR OTHER LIABILITY, WHETHER
  19:Middlewares/Third_Party/FreeRTOS/Source/tasks.c ****  * IN AN ACTION OF CONTRACT, TORT OR OTHERWISE, ARISING FROM, OUT OF OR IN
  20:Middlewares/Third_Party/FreeRTOS/Source/tasks.c ****  * CONNECTION WITH THE SOFTWARE OR THE USE OR OTHER DEALINGS IN THE SOFTWARE.
  21:Middlewares/Third_Party/FreeRTOS/Source/tasks.c ****  *
  22:Middlewares/Third_Party/FreeRTOS/Source/tasks.c ****  * http://www.FreeRTOS.org
  23:Middlewares/Third_Party/FreeRTOS/Source/tasks.c ****  * http://aws.amazon.com/freertos
  24:Middlewares/Third_Party/FreeRTOS/Source/tasks.c ****  *
  25:Middlewares/Third_Party/FreeRTOS/Source/tasks.c ****  * 1 tab == 4 spaces!
  26:Middlewares/Third_Party/FreeRTOS/Source/tasks.c ****  */
  27:Middlewares/Third_Party/FreeRTOS/Source/tasks.c **** 
  28:Middlewares/Third_Party/FreeRTOS/Source/tasks.c **** /* Standard includes. */
  29:Middlewares/Third_Party/FreeRTOS/Source/tasks.c **** #include <stdlib.h>
  30:Middlewares/Third_Party/FreeRTOS/Source/tasks.c **** #include <string.h>
  31:Middlewares/Third_Party/FreeRTOS/Source/tasks.c **** 
  32:Middlewares/Third_Party/FreeRTOS/Source/tasks.c **** /* Defining MPU_WRAPPERS_INCLUDED_FROM_API_FILE prevents task.h from redefining
ARM GAS  D:\software\msy64\tmp\ccHzaEXX.s 			page 2


  33:Middlewares/Third_Party/FreeRTOS/Source/tasks.c **** all the API functions to use the MPU wrappers.  That should only be done when
  34:Middlewares/Third_Party/FreeRTOS/Source/tasks.c **** task.h is included from an application file. */
  35:Middlewares/Third_Party/FreeRTOS/Source/tasks.c **** #define MPU_WRAPPERS_INCLUDED_FROM_API_FILE
  36:Middlewares/Third_Party/FreeRTOS/Source/tasks.c **** 
  37:Middlewares/Third_Party/FreeRTOS/Source/tasks.c **** /* FreeRTOS includes. */
  38:Middlewares/Third_Party/FreeRTOS/Source/tasks.c **** #include "FreeRTOS.h"
  39:Middlewares/Third_Party/FreeRTOS/Source/tasks.c **** #include "task.h"
  40:Middlewares/Third_Party/FreeRTOS/Source/tasks.c **** #include "timers.h"
  41:Middlewares/Third_Party/FreeRTOS/Source/tasks.c **** #include "stack_macros.h"
  42:Middlewares/Third_Party/FreeRTOS/Source/tasks.c **** 
  43:Middlewares/Third_Party/FreeRTOS/Source/tasks.c **** /* Lint e9021, e961 and e750 are suppressed as a MISRA exception justified
  44:Middlewares/Third_Party/FreeRTOS/Source/tasks.c **** because the MPU ports require MPU_WRAPPERS_INCLUDED_FROM_API_FILE to be defined
  45:Middlewares/Third_Party/FreeRTOS/Source/tasks.c **** for the header files above, but not in this file, in order to generate the
  46:Middlewares/Third_Party/FreeRTOS/Source/tasks.c **** correct privileged Vs unprivileged linkage and placement. */
  47:Middlewares/Third_Party/FreeRTOS/Source/tasks.c **** #undef MPU_WRAPPERS_INCLUDED_FROM_API_FILE /*lint !e961 !e750 !e9021. */
  48:Middlewares/Third_Party/FreeRTOS/Source/tasks.c **** 
  49:Middlewares/Third_Party/FreeRTOS/Source/tasks.c **** /* Set configUSE_STATS_FORMATTING_FUNCTIONS to 2 to include the stats formatting
  50:Middlewares/Third_Party/FreeRTOS/Source/tasks.c **** functions but without including stdio.h here. */
  51:Middlewares/Third_Party/FreeRTOS/Source/tasks.c **** #if ( configUSE_STATS_FORMATTING_FUNCTIONS == 1 )
  52:Middlewares/Third_Party/FreeRTOS/Source/tasks.c **** 	/* At the bottom of this file are two optional functions that can be used
  53:Middlewares/Third_Party/FreeRTOS/Source/tasks.c **** 	to generate human readable text from the raw data generated by the
  54:Middlewares/Third_Party/FreeRTOS/Source/tasks.c **** 	uxTaskGetSystemState() function.  Note the formatting functions are provided
  55:Middlewares/Third_Party/FreeRTOS/Source/tasks.c **** 	for convenience only, and are NOT considered part of the kernel. */
  56:Middlewares/Third_Party/FreeRTOS/Source/tasks.c **** 	#include <stdio.h>
  57:Middlewares/Third_Party/FreeRTOS/Source/tasks.c **** #endif /* configUSE_STATS_FORMATTING_FUNCTIONS == 1 ) */
  58:Middlewares/Third_Party/FreeRTOS/Source/tasks.c **** 
  59:Middlewares/Third_Party/FreeRTOS/Source/tasks.c **** #if( configUSE_PREEMPTION == 0 )
  60:Middlewares/Third_Party/FreeRTOS/Source/tasks.c **** 	/* If the cooperative scheduler is being used then a yield should not be
  61:Middlewares/Third_Party/FreeRTOS/Source/tasks.c **** 	performed just because a higher priority task has been woken. */
  62:Middlewares/Third_Party/FreeRTOS/Source/tasks.c **** 	#define taskYIELD_IF_USING_PREEMPTION()
  63:Middlewares/Third_Party/FreeRTOS/Source/tasks.c **** #else
  64:Middlewares/Third_Party/FreeRTOS/Source/tasks.c **** 	#define taskYIELD_IF_USING_PREEMPTION() portYIELD_WITHIN_API()
  65:Middlewares/Third_Party/FreeRTOS/Source/tasks.c **** #endif
  66:Middlewares/Third_Party/FreeRTOS/Source/tasks.c **** 
  67:Middlewares/Third_Party/FreeRTOS/Source/tasks.c **** /* Values that can be assigned to the ucNotifyState member of the TCB. */
  68:Middlewares/Third_Party/FreeRTOS/Source/tasks.c **** #define taskNOT_WAITING_NOTIFICATION	( ( uint8_t ) 0 )
  69:Middlewares/Third_Party/FreeRTOS/Source/tasks.c **** #define taskWAITING_NOTIFICATION		( ( uint8_t ) 1 )
  70:Middlewares/Third_Party/FreeRTOS/Source/tasks.c **** #define taskNOTIFICATION_RECEIVED		( ( uint8_t ) 2 )
  71:Middlewares/Third_Party/FreeRTOS/Source/tasks.c **** 
  72:Middlewares/Third_Party/FreeRTOS/Source/tasks.c **** /*
  73:Middlewares/Third_Party/FreeRTOS/Source/tasks.c ****  * The value used to fill the stack of a task when the task is created.  This
  74:Middlewares/Third_Party/FreeRTOS/Source/tasks.c ****  * is used purely for checking the high water mark for tasks.
  75:Middlewares/Third_Party/FreeRTOS/Source/tasks.c ****  */
  76:Middlewares/Third_Party/FreeRTOS/Source/tasks.c **** #define tskSTACK_FILL_BYTE	( 0xa5U )
  77:Middlewares/Third_Party/FreeRTOS/Source/tasks.c **** 
  78:Middlewares/Third_Party/FreeRTOS/Source/tasks.c **** /* Bits used to recored how a task's stack and TCB were allocated. */
  79:Middlewares/Third_Party/FreeRTOS/Source/tasks.c **** #define tskDYNAMICALLY_ALLOCATED_STACK_AND_TCB 		( ( uint8_t ) 0 )
  80:Middlewares/Third_Party/FreeRTOS/Source/tasks.c **** #define tskSTATICALLY_ALLOCATED_STACK_ONLY 			( ( uint8_t ) 1 )
  81:Middlewares/Third_Party/FreeRTOS/Source/tasks.c **** #define tskSTATICALLY_ALLOCATED_STACK_AND_TCB		( ( uint8_t ) 2 )
  82:Middlewares/Third_Party/FreeRTOS/Source/tasks.c **** 
  83:Middlewares/Third_Party/FreeRTOS/Source/tasks.c **** /* If any of the following are set then task stacks are filled with a known
  84:Middlewares/Third_Party/FreeRTOS/Source/tasks.c **** value so the high water mark can be determined.  If none of the following are
  85:Middlewares/Third_Party/FreeRTOS/Source/tasks.c **** set then don't fill the stack so there is no unnecessary dependency on memset. */
  86:Middlewares/Third_Party/FreeRTOS/Source/tasks.c **** #if( ( configCHECK_FOR_STACK_OVERFLOW > 1 ) || ( configUSE_TRACE_FACILITY == 1 ) || ( INCLUDE_uxTas
  87:Middlewares/Third_Party/FreeRTOS/Source/tasks.c **** 	#define tskSET_NEW_STACKS_TO_KNOWN_VALUE	1
  88:Middlewares/Third_Party/FreeRTOS/Source/tasks.c **** #else
  89:Middlewares/Third_Party/FreeRTOS/Source/tasks.c **** 	#define tskSET_NEW_STACKS_TO_KNOWN_VALUE	0
ARM GAS  D:\software\msy64\tmp\ccHzaEXX.s 			page 3


  90:Middlewares/Third_Party/FreeRTOS/Source/tasks.c **** #endif
  91:Middlewares/Third_Party/FreeRTOS/Source/tasks.c **** 
  92:Middlewares/Third_Party/FreeRTOS/Source/tasks.c **** /*
  93:Middlewares/Third_Party/FreeRTOS/Source/tasks.c ****  * Macros used by vListTask to indicate which state a task is in.
  94:Middlewares/Third_Party/FreeRTOS/Source/tasks.c ****  */
  95:Middlewares/Third_Party/FreeRTOS/Source/tasks.c **** #define tskRUNNING_CHAR		( 'X' )
  96:Middlewares/Third_Party/FreeRTOS/Source/tasks.c **** #define tskBLOCKED_CHAR		( 'B' )
  97:Middlewares/Third_Party/FreeRTOS/Source/tasks.c **** #define tskREADY_CHAR		( 'R' )
  98:Middlewares/Third_Party/FreeRTOS/Source/tasks.c **** #define tskDELETED_CHAR		( 'D' )
  99:Middlewares/Third_Party/FreeRTOS/Source/tasks.c **** #define tskSUSPENDED_CHAR	( 'S' )
 100:Middlewares/Third_Party/FreeRTOS/Source/tasks.c **** 
 101:Middlewares/Third_Party/FreeRTOS/Source/tasks.c **** /*
 102:Middlewares/Third_Party/FreeRTOS/Source/tasks.c ****  * Some kernel aware debuggers require the data the debugger needs access to be
 103:Middlewares/Third_Party/FreeRTOS/Source/tasks.c ****  * global, rather than file scope.
 104:Middlewares/Third_Party/FreeRTOS/Source/tasks.c ****  */
 105:Middlewares/Third_Party/FreeRTOS/Source/tasks.c **** #ifdef portREMOVE_STATIC_QUALIFIER
 106:Middlewares/Third_Party/FreeRTOS/Source/tasks.c **** 	#define static
 107:Middlewares/Third_Party/FreeRTOS/Source/tasks.c **** #endif
 108:Middlewares/Third_Party/FreeRTOS/Source/tasks.c **** 
 109:Middlewares/Third_Party/FreeRTOS/Source/tasks.c **** /* The name allocated to the Idle task.  This can be overridden by defining
 110:Middlewares/Third_Party/FreeRTOS/Source/tasks.c **** configIDLE_TASK_NAME in FreeRTOSConfig.h. */
 111:Middlewares/Third_Party/FreeRTOS/Source/tasks.c **** #ifndef configIDLE_TASK_NAME
 112:Middlewares/Third_Party/FreeRTOS/Source/tasks.c **** 	#define configIDLE_TASK_NAME "IDLE"
 113:Middlewares/Third_Party/FreeRTOS/Source/tasks.c **** #endif
 114:Middlewares/Third_Party/FreeRTOS/Source/tasks.c **** 
 115:Middlewares/Third_Party/FreeRTOS/Source/tasks.c **** #if ( configUSE_PORT_OPTIMISED_TASK_SELECTION == 0 )
 116:Middlewares/Third_Party/FreeRTOS/Source/tasks.c **** 
 117:Middlewares/Third_Party/FreeRTOS/Source/tasks.c **** 	/* If configUSE_PORT_OPTIMISED_TASK_SELECTION is 0 then task selection is
 118:Middlewares/Third_Party/FreeRTOS/Source/tasks.c **** 	performed in a generic way that is not optimised to any particular
 119:Middlewares/Third_Party/FreeRTOS/Source/tasks.c **** 	microcontroller architecture. */
 120:Middlewares/Third_Party/FreeRTOS/Source/tasks.c **** 
 121:Middlewares/Third_Party/FreeRTOS/Source/tasks.c **** 	/* uxTopReadyPriority holds the priority of the highest priority ready
 122:Middlewares/Third_Party/FreeRTOS/Source/tasks.c **** 	state task. */
 123:Middlewares/Third_Party/FreeRTOS/Source/tasks.c **** 	#define taskRECORD_READY_PRIORITY( uxPriority )														\
 124:Middlewares/Third_Party/FreeRTOS/Source/tasks.c **** 	{																									\
 125:Middlewares/Third_Party/FreeRTOS/Source/tasks.c **** 		if( ( uxPriority ) > uxTopReadyPriority )														\
 126:Middlewares/Third_Party/FreeRTOS/Source/tasks.c **** 		{																								\
 127:Middlewares/Third_Party/FreeRTOS/Source/tasks.c **** 			uxTopReadyPriority = ( uxPriority );														\
 128:Middlewares/Third_Party/FreeRTOS/Source/tasks.c **** 		}																								\
 129:Middlewares/Third_Party/FreeRTOS/Source/tasks.c **** 	} /* taskRECORD_READY_PRIORITY */
 130:Middlewares/Third_Party/FreeRTOS/Source/tasks.c **** 
 131:Middlewares/Third_Party/FreeRTOS/Source/tasks.c **** 	/*-----------------------------------------------------------*/
 132:Middlewares/Third_Party/FreeRTOS/Source/tasks.c **** 
 133:Middlewares/Third_Party/FreeRTOS/Source/tasks.c **** 	#define taskSELECT_HIGHEST_PRIORITY_TASK()															\
 134:Middlewares/Third_Party/FreeRTOS/Source/tasks.c **** 	{																									\
 135:Middlewares/Third_Party/FreeRTOS/Source/tasks.c **** 	UBaseType_t uxTopPriority = uxTopReadyPriority;														\
 136:Middlewares/Third_Party/FreeRTOS/Source/tasks.c **** 																										\
 137:Middlewares/Third_Party/FreeRTOS/Source/tasks.c **** 		/* Find the highest priority queue that contains ready tasks. */								\
 138:Middlewares/Third_Party/FreeRTOS/Source/tasks.c **** 		while( listLIST_IS_EMPTY( &( pxReadyTasksLists[ uxTopPriority ] ) ) )							\
 139:Middlewares/Third_Party/FreeRTOS/Source/tasks.c **** 		{																								\
 140:Middlewares/Third_Party/FreeRTOS/Source/tasks.c **** 			configASSERT( uxTopPriority );																\
 141:Middlewares/Third_Party/FreeRTOS/Source/tasks.c **** 			--uxTopPriority;																			\
 142:Middlewares/Third_Party/FreeRTOS/Source/tasks.c **** 		}																								\
 143:Middlewares/Third_Party/FreeRTOS/Source/tasks.c **** 																										\
 144:Middlewares/Third_Party/FreeRTOS/Source/tasks.c **** 		/* listGET_OWNER_OF_NEXT_ENTRY indexes through the list, so the tasks of						\
 145:Middlewares/Third_Party/FreeRTOS/Source/tasks.c **** 		the	same priority get an equal share of the processor time. */									\
 146:Middlewares/Third_Party/FreeRTOS/Source/tasks.c **** 		listGET_OWNER_OF_NEXT_ENTRY( pxCurrentTCB, &( pxReadyTasksLists[ uxTopPriority ] ) );			\
ARM GAS  D:\software\msy64\tmp\ccHzaEXX.s 			page 4


 147:Middlewares/Third_Party/FreeRTOS/Source/tasks.c **** 		uxTopReadyPriority = uxTopPriority;																\
 148:Middlewares/Third_Party/FreeRTOS/Source/tasks.c **** 	} /* taskSELECT_HIGHEST_PRIORITY_TASK */
 149:Middlewares/Third_Party/FreeRTOS/Source/tasks.c **** 
 150:Middlewares/Third_Party/FreeRTOS/Source/tasks.c **** 	/*-----------------------------------------------------------*/
 151:Middlewares/Third_Party/FreeRTOS/Source/tasks.c **** 
 152:Middlewares/Third_Party/FreeRTOS/Source/tasks.c **** 	/* Define away taskRESET_READY_PRIORITY() and portRESET_READY_PRIORITY() as
 153:Middlewares/Third_Party/FreeRTOS/Source/tasks.c **** 	they are only required when a port optimised method of task selection is
 154:Middlewares/Third_Party/FreeRTOS/Source/tasks.c **** 	being used. */
 155:Middlewares/Third_Party/FreeRTOS/Source/tasks.c **** 	#define taskRESET_READY_PRIORITY( uxPriority )
 156:Middlewares/Third_Party/FreeRTOS/Source/tasks.c **** 	#define portRESET_READY_PRIORITY( uxPriority, uxTopReadyPriority )
 157:Middlewares/Third_Party/FreeRTOS/Source/tasks.c **** 
 158:Middlewares/Third_Party/FreeRTOS/Source/tasks.c **** #else /* configUSE_PORT_OPTIMISED_TASK_SELECTION */
 159:Middlewares/Third_Party/FreeRTOS/Source/tasks.c **** 
 160:Middlewares/Third_Party/FreeRTOS/Source/tasks.c **** 	/* If configUSE_PORT_OPTIMISED_TASK_SELECTION is 1 then task selection is
 161:Middlewares/Third_Party/FreeRTOS/Source/tasks.c **** 	performed in a way that is tailored to the particular microcontroller
 162:Middlewares/Third_Party/FreeRTOS/Source/tasks.c **** 	architecture being used. */
 163:Middlewares/Third_Party/FreeRTOS/Source/tasks.c **** 
 164:Middlewares/Third_Party/FreeRTOS/Source/tasks.c **** 	/* A port optimised version is provided.  Call the port defined macros. */
 165:Middlewares/Third_Party/FreeRTOS/Source/tasks.c **** 	#define taskRECORD_READY_PRIORITY( uxPriority )	portRECORD_READY_PRIORITY( uxPriority, uxTopReadyP
 166:Middlewares/Third_Party/FreeRTOS/Source/tasks.c **** 
 167:Middlewares/Third_Party/FreeRTOS/Source/tasks.c **** 	/*-----------------------------------------------------------*/
 168:Middlewares/Third_Party/FreeRTOS/Source/tasks.c **** 
 169:Middlewares/Third_Party/FreeRTOS/Source/tasks.c **** 	#define taskSELECT_HIGHEST_PRIORITY_TASK()														\
 170:Middlewares/Third_Party/FreeRTOS/Source/tasks.c **** 	{																								\
 171:Middlewares/Third_Party/FreeRTOS/Source/tasks.c **** 	UBaseType_t uxTopPriority;																		\
 172:Middlewares/Third_Party/FreeRTOS/Source/tasks.c **** 																									\
 173:Middlewares/Third_Party/FreeRTOS/Source/tasks.c **** 		/* Find the highest priority list that contains ready tasks. */								\
 174:Middlewares/Third_Party/FreeRTOS/Source/tasks.c **** 		portGET_HIGHEST_PRIORITY( uxTopPriority, uxTopReadyPriority );								\
 175:Middlewares/Third_Party/FreeRTOS/Source/tasks.c **** 		configASSERT( listCURRENT_LIST_LENGTH( &( pxReadyTasksLists[ uxTopPriority ] ) ) > 0 );		\
 176:Middlewares/Third_Party/FreeRTOS/Source/tasks.c **** 		listGET_OWNER_OF_NEXT_ENTRY( pxCurrentTCB, &( pxReadyTasksLists[ uxTopPriority ] ) );		\
 177:Middlewares/Third_Party/FreeRTOS/Source/tasks.c **** 	} /* taskSELECT_HIGHEST_PRIORITY_TASK() */
 178:Middlewares/Third_Party/FreeRTOS/Source/tasks.c **** 
 179:Middlewares/Third_Party/FreeRTOS/Source/tasks.c **** 	/*-----------------------------------------------------------*/
 180:Middlewares/Third_Party/FreeRTOS/Source/tasks.c **** 
 181:Middlewares/Third_Party/FreeRTOS/Source/tasks.c **** 	/* A port optimised version is provided, call it only if the TCB being reset
 182:Middlewares/Third_Party/FreeRTOS/Source/tasks.c **** 	is being referenced from a ready list.  If it is referenced from a delayed
 183:Middlewares/Third_Party/FreeRTOS/Source/tasks.c **** 	or suspended list then it won't be in a ready list. */
 184:Middlewares/Third_Party/FreeRTOS/Source/tasks.c **** 	#define taskRESET_READY_PRIORITY( uxPriority )														\
 185:Middlewares/Third_Party/FreeRTOS/Source/tasks.c **** 	{																									\
 186:Middlewares/Third_Party/FreeRTOS/Source/tasks.c **** 		if( listCURRENT_LIST_LENGTH( &( pxReadyTasksLists[ ( uxPriority ) ] ) ) == ( UBaseType_t ) 0 )	\
 187:Middlewares/Third_Party/FreeRTOS/Source/tasks.c **** 		{																								\
 188:Middlewares/Third_Party/FreeRTOS/Source/tasks.c **** 			portRESET_READY_PRIORITY( ( uxPriority ), ( uxTopReadyPriority ) );							\
 189:Middlewares/Third_Party/FreeRTOS/Source/tasks.c **** 		}																								\
 190:Middlewares/Third_Party/FreeRTOS/Source/tasks.c **** 	}
 191:Middlewares/Third_Party/FreeRTOS/Source/tasks.c **** 
 192:Middlewares/Third_Party/FreeRTOS/Source/tasks.c **** #endif /* configUSE_PORT_OPTIMISED_TASK_SELECTION */
 193:Middlewares/Third_Party/FreeRTOS/Source/tasks.c **** 
 194:Middlewares/Third_Party/FreeRTOS/Source/tasks.c **** /*-----------------------------------------------------------*/
 195:Middlewares/Third_Party/FreeRTOS/Source/tasks.c **** 
 196:Middlewares/Third_Party/FreeRTOS/Source/tasks.c **** /* pxDelayedTaskList and pxOverflowDelayedTaskList are switched when the tick
 197:Middlewares/Third_Party/FreeRTOS/Source/tasks.c **** count overflows. */
 198:Middlewares/Third_Party/FreeRTOS/Source/tasks.c **** #define taskSWITCH_DELAYED_LISTS()																	\
 199:Middlewares/Third_Party/FreeRTOS/Source/tasks.c **** {																									\
 200:Middlewares/Third_Party/FreeRTOS/Source/tasks.c **** 	List_t *pxTemp;																					\
 201:Middlewares/Third_Party/FreeRTOS/Source/tasks.c **** 																									\
 202:Middlewares/Third_Party/FreeRTOS/Source/tasks.c **** 	/* The delayed tasks list should be empty when the lists are switched. */						\
 203:Middlewares/Third_Party/FreeRTOS/Source/tasks.c **** 	configASSERT( ( listLIST_IS_EMPTY( pxDelayedTaskList ) ) );										\
ARM GAS  D:\software\msy64\tmp\ccHzaEXX.s 			page 5


 204:Middlewares/Third_Party/FreeRTOS/Source/tasks.c **** 																									\
 205:Middlewares/Third_Party/FreeRTOS/Source/tasks.c **** 	pxTemp = pxDelayedTaskList;																		\
 206:Middlewares/Third_Party/FreeRTOS/Source/tasks.c **** 	pxDelayedTaskList = pxOverflowDelayedTaskList;													\
 207:Middlewares/Third_Party/FreeRTOS/Source/tasks.c **** 	pxOverflowDelayedTaskList = pxTemp;																\
 208:Middlewares/Third_Party/FreeRTOS/Source/tasks.c **** 	xNumOfOverflows++;																				\
 209:Middlewares/Third_Party/FreeRTOS/Source/tasks.c **** 	prvResetNextTaskUnblockTime();																	\
 210:Middlewares/Third_Party/FreeRTOS/Source/tasks.c **** }
 211:Middlewares/Third_Party/FreeRTOS/Source/tasks.c **** 
 212:Middlewares/Third_Party/FreeRTOS/Source/tasks.c **** /*-----------------------------------------------------------*/
 213:Middlewares/Third_Party/FreeRTOS/Source/tasks.c **** 
 214:Middlewares/Third_Party/FreeRTOS/Source/tasks.c **** /*
 215:Middlewares/Third_Party/FreeRTOS/Source/tasks.c ****  * Place the task represented by pxTCB into the appropriate ready list for
 216:Middlewares/Third_Party/FreeRTOS/Source/tasks.c ****  * the task.  It is inserted at the end of the list.
 217:Middlewares/Third_Party/FreeRTOS/Source/tasks.c ****  */
 218:Middlewares/Third_Party/FreeRTOS/Source/tasks.c **** #define prvAddTaskToReadyList( pxTCB )																\
 219:Middlewares/Third_Party/FreeRTOS/Source/tasks.c **** 	traceMOVED_TASK_TO_READY_STATE( pxTCB );														\
 220:Middlewares/Third_Party/FreeRTOS/Source/tasks.c **** 	taskRECORD_READY_PRIORITY( ( pxTCB )->uxPriority );												\
 221:Middlewares/Third_Party/FreeRTOS/Source/tasks.c **** 	vListInsertEnd( &( pxReadyTasksLists[ ( pxTCB )->uxPriority ] ), &( ( pxTCB )->xStateListItem ) );
 222:Middlewares/Third_Party/FreeRTOS/Source/tasks.c **** 	tracePOST_MOVED_TASK_TO_READY_STATE( pxTCB )
 223:Middlewares/Third_Party/FreeRTOS/Source/tasks.c **** /*-----------------------------------------------------------*/
 224:Middlewares/Third_Party/FreeRTOS/Source/tasks.c **** 
 225:Middlewares/Third_Party/FreeRTOS/Source/tasks.c **** /*
 226:Middlewares/Third_Party/FreeRTOS/Source/tasks.c ****  * Several functions take an TaskHandle_t parameter that can optionally be NULL,
 227:Middlewares/Third_Party/FreeRTOS/Source/tasks.c ****  * where NULL is used to indicate that the handle of the currently executing
 228:Middlewares/Third_Party/FreeRTOS/Source/tasks.c ****  * task should be used in place of the parameter.  This macro simply checks to
 229:Middlewares/Third_Party/FreeRTOS/Source/tasks.c ****  * see if the parameter is NULL and returns a pointer to the appropriate TCB.
 230:Middlewares/Third_Party/FreeRTOS/Source/tasks.c ****  */
 231:Middlewares/Third_Party/FreeRTOS/Source/tasks.c **** #define prvGetTCBFromHandle( pxHandle ) ( ( ( pxHandle ) == NULL ) ? pxCurrentTCB : ( pxHandle ) )
 232:Middlewares/Third_Party/FreeRTOS/Source/tasks.c **** 
 233:Middlewares/Third_Party/FreeRTOS/Source/tasks.c **** /* The item value of the event list item is normally used to hold the priority
 234:Middlewares/Third_Party/FreeRTOS/Source/tasks.c **** of the task to which it belongs (coded to allow it to be held in reverse
 235:Middlewares/Third_Party/FreeRTOS/Source/tasks.c **** priority order).  However, it is occasionally borrowed for other purposes.  It
 236:Middlewares/Third_Party/FreeRTOS/Source/tasks.c **** is important its value is not updated due to a task priority change while it is
 237:Middlewares/Third_Party/FreeRTOS/Source/tasks.c **** being used for another purpose.  The following bit definition is used to inform
 238:Middlewares/Third_Party/FreeRTOS/Source/tasks.c **** the scheduler that the value should not be changed - in which case it is the
 239:Middlewares/Third_Party/FreeRTOS/Source/tasks.c **** responsibility of whichever module is using the value to ensure it gets set back
 240:Middlewares/Third_Party/FreeRTOS/Source/tasks.c **** to its original value when it is released. */
 241:Middlewares/Third_Party/FreeRTOS/Source/tasks.c **** #if( configUSE_16_BIT_TICKS == 1 )
 242:Middlewares/Third_Party/FreeRTOS/Source/tasks.c **** 	#define taskEVENT_LIST_ITEM_VALUE_IN_USE	0x8000U
 243:Middlewares/Third_Party/FreeRTOS/Source/tasks.c **** #else
 244:Middlewares/Third_Party/FreeRTOS/Source/tasks.c **** 	#define taskEVENT_LIST_ITEM_VALUE_IN_USE	0x80000000UL
 245:Middlewares/Third_Party/FreeRTOS/Source/tasks.c **** #endif
 246:Middlewares/Third_Party/FreeRTOS/Source/tasks.c **** 
 247:Middlewares/Third_Party/FreeRTOS/Source/tasks.c **** /*
 248:Middlewares/Third_Party/FreeRTOS/Source/tasks.c ****  * Task control block.  A task control block (TCB) is allocated for each task,
 249:Middlewares/Third_Party/FreeRTOS/Source/tasks.c ****  * and stores task state information, including a pointer to the task's context
 250:Middlewares/Third_Party/FreeRTOS/Source/tasks.c ****  * (the task's run time environment, including register values)
 251:Middlewares/Third_Party/FreeRTOS/Source/tasks.c ****  */
 252:Middlewares/Third_Party/FreeRTOS/Source/tasks.c **** typedef struct tskTaskControlBlock 			/* The old naming convention is used to prevent breaking kern
 253:Middlewares/Third_Party/FreeRTOS/Source/tasks.c **** {
 254:Middlewares/Third_Party/FreeRTOS/Source/tasks.c **** 	volatile StackType_t	*pxTopOfStack;	/*< Points to the location of the last item placed on the task
 255:Middlewares/Third_Party/FreeRTOS/Source/tasks.c **** 
 256:Middlewares/Third_Party/FreeRTOS/Source/tasks.c **** 	#if ( portUSING_MPU_WRAPPERS == 1 )
 257:Middlewares/Third_Party/FreeRTOS/Source/tasks.c **** 		xMPU_SETTINGS	xMPUSettings;		/*< The MPU settings are defined as part of the port layer.  THIS MU
 258:Middlewares/Third_Party/FreeRTOS/Source/tasks.c **** 	#endif
 259:Middlewares/Third_Party/FreeRTOS/Source/tasks.c **** 
 260:Middlewares/Third_Party/FreeRTOS/Source/tasks.c **** 	ListItem_t			xStateListItem;	/*< The list that the state list item of a task is reference from den
ARM GAS  D:\software\msy64\tmp\ccHzaEXX.s 			page 6


 261:Middlewares/Third_Party/FreeRTOS/Source/tasks.c **** 	ListItem_t			xEventListItem;		/*< Used to reference a task from an event list. */
 262:Middlewares/Third_Party/FreeRTOS/Source/tasks.c **** 	UBaseType_t			uxPriority;			/*< The priority of the task.  0 is the lowest priority. */
 263:Middlewares/Third_Party/FreeRTOS/Source/tasks.c **** 	StackType_t			*pxStack;			/*< Points to the start of the stack. */
 264:Middlewares/Third_Party/FreeRTOS/Source/tasks.c **** 	char				pcTaskName[ configMAX_TASK_NAME_LEN ];/*< Descriptive name given to the task when created.
 265:Middlewares/Third_Party/FreeRTOS/Source/tasks.c **** 
 266:Middlewares/Third_Party/FreeRTOS/Source/tasks.c **** 	#if ( ( portSTACK_GROWTH > 0 ) || ( configRECORD_STACK_HIGH_ADDRESS == 1 ) )
 267:Middlewares/Third_Party/FreeRTOS/Source/tasks.c **** 		StackType_t		*pxEndOfStack;		/*< Points to the highest valid address for the stack. */
 268:Middlewares/Third_Party/FreeRTOS/Source/tasks.c **** 	#endif
 269:Middlewares/Third_Party/FreeRTOS/Source/tasks.c **** 
 270:Middlewares/Third_Party/FreeRTOS/Source/tasks.c **** 	#if ( portCRITICAL_NESTING_IN_TCB == 1 )
 271:Middlewares/Third_Party/FreeRTOS/Source/tasks.c **** 		UBaseType_t		uxCriticalNesting;	/*< Holds the critical section nesting depth for ports that do no
 272:Middlewares/Third_Party/FreeRTOS/Source/tasks.c **** 	#endif
 273:Middlewares/Third_Party/FreeRTOS/Source/tasks.c **** 
 274:Middlewares/Third_Party/FreeRTOS/Source/tasks.c **** 	#if ( configUSE_TRACE_FACILITY == 1 )
 275:Middlewares/Third_Party/FreeRTOS/Source/tasks.c **** 		UBaseType_t		uxTCBNumber;		/*< Stores a number that increments each time a TCB is created.  It al
 276:Middlewares/Third_Party/FreeRTOS/Source/tasks.c **** 		UBaseType_t		uxTaskNumber;		/*< Stores a number specifically for use by third party trace code. *
 277:Middlewares/Third_Party/FreeRTOS/Source/tasks.c **** 	#endif
 278:Middlewares/Third_Party/FreeRTOS/Source/tasks.c **** 
 279:Middlewares/Third_Party/FreeRTOS/Source/tasks.c **** 	#if ( configUSE_MUTEXES == 1 )
 280:Middlewares/Third_Party/FreeRTOS/Source/tasks.c **** 		UBaseType_t		uxBasePriority;		/*< The priority last assigned to the task - used by the priority i
 281:Middlewares/Third_Party/FreeRTOS/Source/tasks.c **** 		UBaseType_t		uxMutexesHeld;
 282:Middlewares/Third_Party/FreeRTOS/Source/tasks.c **** 	#endif
 283:Middlewares/Third_Party/FreeRTOS/Source/tasks.c **** 
 284:Middlewares/Third_Party/FreeRTOS/Source/tasks.c **** 	#if ( configUSE_APPLICATION_TASK_TAG == 1 )
 285:Middlewares/Third_Party/FreeRTOS/Source/tasks.c **** 		TaskHookFunction_t pxTaskTag;
 286:Middlewares/Third_Party/FreeRTOS/Source/tasks.c **** 	#endif
 287:Middlewares/Third_Party/FreeRTOS/Source/tasks.c **** 
 288:Middlewares/Third_Party/FreeRTOS/Source/tasks.c **** 	#if( configNUM_THREAD_LOCAL_STORAGE_POINTERS > 0 )
 289:Middlewares/Third_Party/FreeRTOS/Source/tasks.c **** 		void			*pvThreadLocalStoragePointers[ configNUM_THREAD_LOCAL_STORAGE_POINTERS ];
 290:Middlewares/Third_Party/FreeRTOS/Source/tasks.c **** 	#endif
 291:Middlewares/Third_Party/FreeRTOS/Source/tasks.c **** 
 292:Middlewares/Third_Party/FreeRTOS/Source/tasks.c **** 	#if( configGENERATE_RUN_TIME_STATS == 1 )
 293:Middlewares/Third_Party/FreeRTOS/Source/tasks.c **** 		uint32_t		ulRunTimeCounter;	/*< Stores the amount of time the task has spent in the Running state
 294:Middlewares/Third_Party/FreeRTOS/Source/tasks.c **** 	#endif
 295:Middlewares/Third_Party/FreeRTOS/Source/tasks.c **** 
 296:Middlewares/Third_Party/FreeRTOS/Source/tasks.c **** 	#if ( configUSE_NEWLIB_REENTRANT == 1 )
 297:Middlewares/Third_Party/FreeRTOS/Source/tasks.c **** 		/* Allocate a Newlib reent structure that is specific to this task.
 298:Middlewares/Third_Party/FreeRTOS/Source/tasks.c **** 		Note Newlib support has been included by popular demand, but is not
 299:Middlewares/Third_Party/FreeRTOS/Source/tasks.c **** 		used by the FreeRTOS maintainers themselves.  FreeRTOS is not
 300:Middlewares/Third_Party/FreeRTOS/Source/tasks.c **** 		responsible for resulting newlib operation.  User must be familiar with
 301:Middlewares/Third_Party/FreeRTOS/Source/tasks.c **** 		newlib and must provide system-wide implementations of the necessary
 302:Middlewares/Third_Party/FreeRTOS/Source/tasks.c **** 		stubs. Be warned that (at the time of writing) the current newlib design
 303:Middlewares/Third_Party/FreeRTOS/Source/tasks.c **** 		implements a system-wide malloc() that must be provided with locks.
 304:Middlewares/Third_Party/FreeRTOS/Source/tasks.c **** 
 305:Middlewares/Third_Party/FreeRTOS/Source/tasks.c **** 		See the third party link http://www.nadler.com/embedded/newlibAndFreeRTOS.html
 306:Middlewares/Third_Party/FreeRTOS/Source/tasks.c **** 		for additional information. */
 307:Middlewares/Third_Party/FreeRTOS/Source/tasks.c **** 		struct	_reent xNewLib_reent;
 308:Middlewares/Third_Party/FreeRTOS/Source/tasks.c **** 	#endif
 309:Middlewares/Third_Party/FreeRTOS/Source/tasks.c **** 
 310:Middlewares/Third_Party/FreeRTOS/Source/tasks.c **** 	#if( configUSE_TASK_NOTIFICATIONS == 1 )
 311:Middlewares/Third_Party/FreeRTOS/Source/tasks.c **** 		volatile uint32_t ulNotifiedValue;
 312:Middlewares/Third_Party/FreeRTOS/Source/tasks.c **** 		volatile uint8_t ucNotifyState;
 313:Middlewares/Third_Party/FreeRTOS/Source/tasks.c **** 	#endif
 314:Middlewares/Third_Party/FreeRTOS/Source/tasks.c **** 
 315:Middlewares/Third_Party/FreeRTOS/Source/tasks.c **** 	/* See the comments in FreeRTOS.h with the definition of
 316:Middlewares/Third_Party/FreeRTOS/Source/tasks.c **** 	tskSTATIC_AND_DYNAMIC_ALLOCATION_POSSIBLE. */
 317:Middlewares/Third_Party/FreeRTOS/Source/tasks.c **** 	#if( tskSTATIC_AND_DYNAMIC_ALLOCATION_POSSIBLE != 0 ) /*lint !e731 !e9029 Macro has been consolida
ARM GAS  D:\software\msy64\tmp\ccHzaEXX.s 			page 7


 318:Middlewares/Third_Party/FreeRTOS/Source/tasks.c **** 		uint8_t	ucStaticallyAllocated; 		/*< Set to pdTRUE if the task is a statically allocated to ensur
 319:Middlewares/Third_Party/FreeRTOS/Source/tasks.c **** 	#endif
 320:Middlewares/Third_Party/FreeRTOS/Source/tasks.c **** 
 321:Middlewares/Third_Party/FreeRTOS/Source/tasks.c **** 	#if( INCLUDE_xTaskAbortDelay == 1 )
 322:Middlewares/Third_Party/FreeRTOS/Source/tasks.c **** 		uint8_t ucDelayAborted;
 323:Middlewares/Third_Party/FreeRTOS/Source/tasks.c **** 	#endif
 324:Middlewares/Third_Party/FreeRTOS/Source/tasks.c **** 
 325:Middlewares/Third_Party/FreeRTOS/Source/tasks.c **** 	#if( configUSE_POSIX_ERRNO == 1 )
 326:Middlewares/Third_Party/FreeRTOS/Source/tasks.c **** 		int iTaskErrno;
 327:Middlewares/Third_Party/FreeRTOS/Source/tasks.c **** 	#endif
 328:Middlewares/Third_Party/FreeRTOS/Source/tasks.c **** 
 329:Middlewares/Third_Party/FreeRTOS/Source/tasks.c **** } tskTCB;
 330:Middlewares/Third_Party/FreeRTOS/Source/tasks.c **** 
 331:Middlewares/Third_Party/FreeRTOS/Source/tasks.c **** /* The old tskTCB name is maintained above then typedefed to the new TCB_t name
 332:Middlewares/Third_Party/FreeRTOS/Source/tasks.c **** below to enable the use of older kernel aware debuggers. */
 333:Middlewares/Third_Party/FreeRTOS/Source/tasks.c **** typedef tskTCB TCB_t;
 334:Middlewares/Third_Party/FreeRTOS/Source/tasks.c **** 
 335:Middlewares/Third_Party/FreeRTOS/Source/tasks.c **** /*lint -save -e956 A manual analysis and inspection has been used to determine
 336:Middlewares/Third_Party/FreeRTOS/Source/tasks.c **** which static variables must be declared volatile. */
 337:Middlewares/Third_Party/FreeRTOS/Source/tasks.c **** PRIVILEGED_DATA TCB_t * volatile pxCurrentTCB = NULL;
 338:Middlewares/Third_Party/FreeRTOS/Source/tasks.c **** 
 339:Middlewares/Third_Party/FreeRTOS/Source/tasks.c **** /* Lists for ready and blocked tasks. --------------------
 340:Middlewares/Third_Party/FreeRTOS/Source/tasks.c **** xDelayedTaskList1 and xDelayedTaskList2 could be move to function scople but
 341:Middlewares/Third_Party/FreeRTOS/Source/tasks.c **** doing so breaks some kernel aware debuggers and debuggers that rely on removing
 342:Middlewares/Third_Party/FreeRTOS/Source/tasks.c **** the static qualifier. */
 343:Middlewares/Third_Party/FreeRTOS/Source/tasks.c **** PRIVILEGED_DATA static List_t pxReadyTasksLists[ configMAX_PRIORITIES ];/*< Prioritised ready tasks
 344:Middlewares/Third_Party/FreeRTOS/Source/tasks.c **** PRIVILEGED_DATA static List_t xDelayedTaskList1;						/*< Delayed tasks. */
 345:Middlewares/Third_Party/FreeRTOS/Source/tasks.c **** PRIVILEGED_DATA static List_t xDelayedTaskList2;						/*< Delayed tasks (two lists are used - one f
 346:Middlewares/Third_Party/FreeRTOS/Source/tasks.c **** PRIVILEGED_DATA static List_t * volatile pxDelayedTaskList;				/*< Points to the delayed task list 
 347:Middlewares/Third_Party/FreeRTOS/Source/tasks.c **** PRIVILEGED_DATA static List_t * volatile pxOverflowDelayedTaskList;		/*< Points to the delayed task
 348:Middlewares/Third_Party/FreeRTOS/Source/tasks.c **** PRIVILEGED_DATA static List_t xPendingReadyList;						/*< Tasks that have been readied while the sc
 349:Middlewares/Third_Party/FreeRTOS/Source/tasks.c **** 
 350:Middlewares/Third_Party/FreeRTOS/Source/tasks.c **** #if( INCLUDE_vTaskDelete == 1 )
 351:Middlewares/Third_Party/FreeRTOS/Source/tasks.c **** 
 352:Middlewares/Third_Party/FreeRTOS/Source/tasks.c **** 	PRIVILEGED_DATA static List_t xTasksWaitingTermination;				/*< Tasks that have been deleted - but 
 353:Middlewares/Third_Party/FreeRTOS/Source/tasks.c **** 	PRIVILEGED_DATA static volatile UBaseType_t uxDeletedTasksWaitingCleanUp = ( UBaseType_t ) 0U;
 354:Middlewares/Third_Party/FreeRTOS/Source/tasks.c **** 
 355:Middlewares/Third_Party/FreeRTOS/Source/tasks.c **** #endif
 356:Middlewares/Third_Party/FreeRTOS/Source/tasks.c **** 
 357:Middlewares/Third_Party/FreeRTOS/Source/tasks.c **** #if ( INCLUDE_vTaskSuspend == 1 )
 358:Middlewares/Third_Party/FreeRTOS/Source/tasks.c **** 
 359:Middlewares/Third_Party/FreeRTOS/Source/tasks.c **** 	PRIVILEGED_DATA static List_t xSuspendedTaskList;					/*< Tasks that are currently suspended. */
 360:Middlewares/Third_Party/FreeRTOS/Source/tasks.c **** 
 361:Middlewares/Third_Party/FreeRTOS/Source/tasks.c **** #endif
 362:Middlewares/Third_Party/FreeRTOS/Source/tasks.c **** 
 363:Middlewares/Third_Party/FreeRTOS/Source/tasks.c **** /* Global POSIX errno. Its value is changed upon context switching to match
 364:Middlewares/Third_Party/FreeRTOS/Source/tasks.c **** the errno of the currently running task. */
 365:Middlewares/Third_Party/FreeRTOS/Source/tasks.c **** #if ( configUSE_POSIX_ERRNO == 1 )
 366:Middlewares/Third_Party/FreeRTOS/Source/tasks.c **** 	int FreeRTOS_errno = 0;
 367:Middlewares/Third_Party/FreeRTOS/Source/tasks.c **** #endif
 368:Middlewares/Third_Party/FreeRTOS/Source/tasks.c **** 
 369:Middlewares/Third_Party/FreeRTOS/Source/tasks.c **** /* Other file private variables. --------------------------------*/
 370:Middlewares/Third_Party/FreeRTOS/Source/tasks.c **** PRIVILEGED_DATA static volatile UBaseType_t uxCurrentNumberOfTasks 	= ( UBaseType_t ) 0U;
 371:Middlewares/Third_Party/FreeRTOS/Source/tasks.c **** PRIVILEGED_DATA static volatile TickType_t xTickCount 				= ( TickType_t ) configINITIAL_TICK_COUNT
 372:Middlewares/Third_Party/FreeRTOS/Source/tasks.c **** PRIVILEGED_DATA static volatile UBaseType_t uxTopReadyPriority 		= tskIDLE_PRIORITY;
 373:Middlewares/Third_Party/FreeRTOS/Source/tasks.c **** PRIVILEGED_DATA static volatile BaseType_t xSchedulerRunning 		= pdFALSE;
 374:Middlewares/Third_Party/FreeRTOS/Source/tasks.c **** PRIVILEGED_DATA static volatile TickType_t xPendedTicks 			= ( TickType_t ) 0U;
ARM GAS  D:\software\msy64\tmp\ccHzaEXX.s 			page 8


 375:Middlewares/Third_Party/FreeRTOS/Source/tasks.c **** PRIVILEGED_DATA static volatile BaseType_t xYieldPending 			= pdFALSE;
 376:Middlewares/Third_Party/FreeRTOS/Source/tasks.c **** PRIVILEGED_DATA static volatile BaseType_t xNumOfOverflows 			= ( BaseType_t ) 0;
 377:Middlewares/Third_Party/FreeRTOS/Source/tasks.c **** PRIVILEGED_DATA static UBaseType_t uxTaskNumber 					= ( UBaseType_t ) 0U;
 378:Middlewares/Third_Party/FreeRTOS/Source/tasks.c **** PRIVILEGED_DATA static volatile TickType_t xNextTaskUnblockTime		= ( TickType_t ) 0U; /* Initialise
 379:Middlewares/Third_Party/FreeRTOS/Source/tasks.c **** PRIVILEGED_DATA static TaskHandle_t xIdleTaskHandle					= NULL;			/*< Holds the handle of the idle 
 380:Middlewares/Third_Party/FreeRTOS/Source/tasks.c **** 
 381:Middlewares/Third_Party/FreeRTOS/Source/tasks.c **** /* Context switches are held pending while the scheduler is suspended.  Also,
 382:Middlewares/Third_Party/FreeRTOS/Source/tasks.c **** interrupts must not manipulate the xStateListItem of a TCB, or any of the
 383:Middlewares/Third_Party/FreeRTOS/Source/tasks.c **** lists the xStateListItem can be referenced from, if the scheduler is suspended.
 384:Middlewares/Third_Party/FreeRTOS/Source/tasks.c **** If an interrupt needs to unblock a task while the scheduler is suspended then it
 385:Middlewares/Third_Party/FreeRTOS/Source/tasks.c **** moves the task's event list item into the xPendingReadyList, ready for the
 386:Middlewares/Third_Party/FreeRTOS/Source/tasks.c **** kernel to move the task from the pending ready list into the real ready list
 387:Middlewares/Third_Party/FreeRTOS/Source/tasks.c **** when the scheduler is unsuspended.  The pending ready list itself can only be
 388:Middlewares/Third_Party/FreeRTOS/Source/tasks.c **** accessed from a critical section. */
 389:Middlewares/Third_Party/FreeRTOS/Source/tasks.c **** PRIVILEGED_DATA static volatile UBaseType_t uxSchedulerSuspended	= ( UBaseType_t ) pdFALSE;
 390:Middlewares/Third_Party/FreeRTOS/Source/tasks.c **** 
 391:Middlewares/Third_Party/FreeRTOS/Source/tasks.c **** #if ( configGENERATE_RUN_TIME_STATS == 1 )
 392:Middlewares/Third_Party/FreeRTOS/Source/tasks.c **** 
 393:Middlewares/Third_Party/FreeRTOS/Source/tasks.c **** 	/* Do not move these variables to function scope as doing so prevents the
 394:Middlewares/Third_Party/FreeRTOS/Source/tasks.c **** 	code working with debuggers that need to remove the static qualifier. */
 395:Middlewares/Third_Party/FreeRTOS/Source/tasks.c **** 	PRIVILEGED_DATA static uint32_t ulTaskSwitchedInTime = 0UL;	/*< Holds the value of a timer/counter
 396:Middlewares/Third_Party/FreeRTOS/Source/tasks.c **** 	PRIVILEGED_DATA static uint32_t ulTotalRunTime = 0UL;		/*< Holds the total amount of execution tim
 397:Middlewares/Third_Party/FreeRTOS/Source/tasks.c **** 
 398:Middlewares/Third_Party/FreeRTOS/Source/tasks.c **** #endif
 399:Middlewares/Third_Party/FreeRTOS/Source/tasks.c **** 
 400:Middlewares/Third_Party/FreeRTOS/Source/tasks.c **** /*lint -restore */
 401:Middlewares/Third_Party/FreeRTOS/Source/tasks.c **** 
 402:Middlewares/Third_Party/FreeRTOS/Source/tasks.c **** /*-----------------------------------------------------------*/
 403:Middlewares/Third_Party/FreeRTOS/Source/tasks.c **** 
 404:Middlewares/Third_Party/FreeRTOS/Source/tasks.c **** /* Callback function prototypes. --------------------------*/
 405:Middlewares/Third_Party/FreeRTOS/Source/tasks.c **** #if(  configCHECK_FOR_STACK_OVERFLOW > 0 )
 406:Middlewares/Third_Party/FreeRTOS/Source/tasks.c **** 
 407:Middlewares/Third_Party/FreeRTOS/Source/tasks.c **** 	extern void vApplicationStackOverflowHook( TaskHandle_t xTask, char *pcTaskName );
 408:Middlewares/Third_Party/FreeRTOS/Source/tasks.c **** 
 409:Middlewares/Third_Party/FreeRTOS/Source/tasks.c **** #endif
 410:Middlewares/Third_Party/FreeRTOS/Source/tasks.c **** 
 411:Middlewares/Third_Party/FreeRTOS/Source/tasks.c **** #if( configUSE_TICK_HOOK > 0 )
 412:Middlewares/Third_Party/FreeRTOS/Source/tasks.c **** 
 413:Middlewares/Third_Party/FreeRTOS/Source/tasks.c **** 	extern void vApplicationTickHook( void ); /*lint !e526 Symbol not defined as it is an application 
 414:Middlewares/Third_Party/FreeRTOS/Source/tasks.c **** 
 415:Middlewares/Third_Party/FreeRTOS/Source/tasks.c **** #endif
 416:Middlewares/Third_Party/FreeRTOS/Source/tasks.c **** 
 417:Middlewares/Third_Party/FreeRTOS/Source/tasks.c **** #if( configSUPPORT_STATIC_ALLOCATION == 1 )
 418:Middlewares/Third_Party/FreeRTOS/Source/tasks.c **** 
 419:Middlewares/Third_Party/FreeRTOS/Source/tasks.c **** 	extern void vApplicationGetIdleTaskMemory( StaticTask_t **ppxIdleTaskTCBBuffer, StackType_t **ppxI
 420:Middlewares/Third_Party/FreeRTOS/Source/tasks.c **** 
 421:Middlewares/Third_Party/FreeRTOS/Source/tasks.c **** #endif
 422:Middlewares/Third_Party/FreeRTOS/Source/tasks.c **** 
 423:Middlewares/Third_Party/FreeRTOS/Source/tasks.c **** /* File private functions. --------------------------------*/
 424:Middlewares/Third_Party/FreeRTOS/Source/tasks.c **** 
 425:Middlewares/Third_Party/FreeRTOS/Source/tasks.c **** /**
 426:Middlewares/Third_Party/FreeRTOS/Source/tasks.c ****  * Utility task that simply returns pdTRUE if the task referenced by xTask is
 427:Middlewares/Third_Party/FreeRTOS/Source/tasks.c ****  * currently in the Suspended state, or pdFALSE if the task referenced by xTask
 428:Middlewares/Third_Party/FreeRTOS/Source/tasks.c ****  * is in any other state.
 429:Middlewares/Third_Party/FreeRTOS/Source/tasks.c ****  */
 430:Middlewares/Third_Party/FreeRTOS/Source/tasks.c **** #if ( INCLUDE_vTaskSuspend == 1 )
 431:Middlewares/Third_Party/FreeRTOS/Source/tasks.c **** 
ARM GAS  D:\software\msy64\tmp\ccHzaEXX.s 			page 9


 432:Middlewares/Third_Party/FreeRTOS/Source/tasks.c **** 	static BaseType_t prvTaskIsTaskSuspended( const TaskHandle_t xTask ) PRIVILEGED_FUNCTION;
 433:Middlewares/Third_Party/FreeRTOS/Source/tasks.c **** 
 434:Middlewares/Third_Party/FreeRTOS/Source/tasks.c **** #endif /* INCLUDE_vTaskSuspend */
 435:Middlewares/Third_Party/FreeRTOS/Source/tasks.c **** 
 436:Middlewares/Third_Party/FreeRTOS/Source/tasks.c **** /*
 437:Middlewares/Third_Party/FreeRTOS/Source/tasks.c ****  * Utility to ready all the lists used by the scheduler.  This is called
 438:Middlewares/Third_Party/FreeRTOS/Source/tasks.c ****  * automatically upon the creation of the first task.
 439:Middlewares/Third_Party/FreeRTOS/Source/tasks.c ****  */
 440:Middlewares/Third_Party/FreeRTOS/Source/tasks.c **** static void prvInitialiseTaskLists( void ) PRIVILEGED_FUNCTION;
 441:Middlewares/Third_Party/FreeRTOS/Source/tasks.c **** 
 442:Middlewares/Third_Party/FreeRTOS/Source/tasks.c **** /*
 443:Middlewares/Third_Party/FreeRTOS/Source/tasks.c ****  * The idle task, which as all tasks is implemented as a never ending loop.
 444:Middlewares/Third_Party/FreeRTOS/Source/tasks.c ****  * The idle task is automatically created and added to the ready lists upon
 445:Middlewares/Third_Party/FreeRTOS/Source/tasks.c ****  * creation of the first user task.
 446:Middlewares/Third_Party/FreeRTOS/Source/tasks.c ****  *
 447:Middlewares/Third_Party/FreeRTOS/Source/tasks.c ****  * The portTASK_FUNCTION_PROTO() macro is used to allow port/compiler specific
 448:Middlewares/Third_Party/FreeRTOS/Source/tasks.c ****  * language extensions.  The equivalent prototype for this function is:
 449:Middlewares/Third_Party/FreeRTOS/Source/tasks.c ****  *
 450:Middlewares/Third_Party/FreeRTOS/Source/tasks.c ****  * void prvIdleTask( void *pvParameters );
 451:Middlewares/Third_Party/FreeRTOS/Source/tasks.c ****  *
 452:Middlewares/Third_Party/FreeRTOS/Source/tasks.c ****  */
 453:Middlewares/Third_Party/FreeRTOS/Source/tasks.c **** static portTASK_FUNCTION_PROTO( prvIdleTask, pvParameters );
 454:Middlewares/Third_Party/FreeRTOS/Source/tasks.c **** 
 455:Middlewares/Third_Party/FreeRTOS/Source/tasks.c **** /*
 456:Middlewares/Third_Party/FreeRTOS/Source/tasks.c ****  * Utility to free all memory allocated by the scheduler to hold a TCB,
 457:Middlewares/Third_Party/FreeRTOS/Source/tasks.c ****  * including the stack pointed to by the TCB.
 458:Middlewares/Third_Party/FreeRTOS/Source/tasks.c ****  *
 459:Middlewares/Third_Party/FreeRTOS/Source/tasks.c ****  * This does not free memory allocated by the task itself (i.e. memory
 460:Middlewares/Third_Party/FreeRTOS/Source/tasks.c ****  * allocated by calls to pvPortMalloc from within the tasks application code).
 461:Middlewares/Third_Party/FreeRTOS/Source/tasks.c ****  */
 462:Middlewares/Third_Party/FreeRTOS/Source/tasks.c **** #if ( INCLUDE_vTaskDelete == 1 )
 463:Middlewares/Third_Party/FreeRTOS/Source/tasks.c **** 
 464:Middlewares/Third_Party/FreeRTOS/Source/tasks.c **** 	static void prvDeleteTCB( TCB_t *pxTCB ) PRIVILEGED_FUNCTION;
 465:Middlewares/Third_Party/FreeRTOS/Source/tasks.c **** 
 466:Middlewares/Third_Party/FreeRTOS/Source/tasks.c **** #endif
 467:Middlewares/Third_Party/FreeRTOS/Source/tasks.c **** 
 468:Middlewares/Third_Party/FreeRTOS/Source/tasks.c **** /*
 469:Middlewares/Third_Party/FreeRTOS/Source/tasks.c ****  * Used only by the idle task.  This checks to see if anything has been placed
 470:Middlewares/Third_Party/FreeRTOS/Source/tasks.c ****  * in the list of tasks waiting to be deleted.  If so the task is cleaned up
 471:Middlewares/Third_Party/FreeRTOS/Source/tasks.c ****  * and its TCB deleted.
 472:Middlewares/Third_Party/FreeRTOS/Source/tasks.c ****  */
 473:Middlewares/Third_Party/FreeRTOS/Source/tasks.c **** static void prvCheckTasksWaitingTermination( void ) PRIVILEGED_FUNCTION;
 474:Middlewares/Third_Party/FreeRTOS/Source/tasks.c **** 
 475:Middlewares/Third_Party/FreeRTOS/Source/tasks.c **** /*
 476:Middlewares/Third_Party/FreeRTOS/Source/tasks.c ****  * The currently executing task is entering the Blocked state.  Add the task to
 477:Middlewares/Third_Party/FreeRTOS/Source/tasks.c ****  * either the current or the overflow delayed task list.
 478:Middlewares/Third_Party/FreeRTOS/Source/tasks.c ****  */
 479:Middlewares/Third_Party/FreeRTOS/Source/tasks.c **** static void prvAddCurrentTaskToDelayedList( TickType_t xTicksToWait, const BaseType_t xCanBlockInde
 480:Middlewares/Third_Party/FreeRTOS/Source/tasks.c **** 
 481:Middlewares/Third_Party/FreeRTOS/Source/tasks.c **** /*
 482:Middlewares/Third_Party/FreeRTOS/Source/tasks.c ****  * Fills an TaskStatus_t structure with information on each task that is
 483:Middlewares/Third_Party/FreeRTOS/Source/tasks.c ****  * referenced from the pxList list (which may be a ready list, a delayed list,
 484:Middlewares/Third_Party/FreeRTOS/Source/tasks.c ****  * a suspended list, etc.).
 485:Middlewares/Third_Party/FreeRTOS/Source/tasks.c ****  *
 486:Middlewares/Third_Party/FreeRTOS/Source/tasks.c ****  * THIS FUNCTION IS INTENDED FOR DEBUGGING ONLY, AND SHOULD NOT BE CALLED FROM
 487:Middlewares/Third_Party/FreeRTOS/Source/tasks.c ****  * NORMAL APPLICATION CODE.
 488:Middlewares/Third_Party/FreeRTOS/Source/tasks.c ****  */
ARM GAS  D:\software\msy64\tmp\ccHzaEXX.s 			page 10


 489:Middlewares/Third_Party/FreeRTOS/Source/tasks.c **** #if ( configUSE_TRACE_FACILITY == 1 )
 490:Middlewares/Third_Party/FreeRTOS/Source/tasks.c **** 
 491:Middlewares/Third_Party/FreeRTOS/Source/tasks.c **** 	static UBaseType_t prvListTasksWithinSingleList( TaskStatus_t *pxTaskStatusArray, List_t *pxList, 
 492:Middlewares/Third_Party/FreeRTOS/Source/tasks.c **** 
 493:Middlewares/Third_Party/FreeRTOS/Source/tasks.c **** #endif
 494:Middlewares/Third_Party/FreeRTOS/Source/tasks.c **** 
 495:Middlewares/Third_Party/FreeRTOS/Source/tasks.c **** /*
 496:Middlewares/Third_Party/FreeRTOS/Source/tasks.c ****  * Searches pxList for a task with name pcNameToQuery - returning a handle to
 497:Middlewares/Third_Party/FreeRTOS/Source/tasks.c ****  * the task if it is found, or NULL if the task is not found.
 498:Middlewares/Third_Party/FreeRTOS/Source/tasks.c ****  */
 499:Middlewares/Third_Party/FreeRTOS/Source/tasks.c **** #if ( INCLUDE_xTaskGetHandle == 1 )
 500:Middlewares/Third_Party/FreeRTOS/Source/tasks.c **** 
 501:Middlewares/Third_Party/FreeRTOS/Source/tasks.c **** 	static TCB_t *prvSearchForNameWithinSingleList( List_t *pxList, const char pcNameToQuery[] ) PRIVI
 502:Middlewares/Third_Party/FreeRTOS/Source/tasks.c **** 
 503:Middlewares/Third_Party/FreeRTOS/Source/tasks.c **** #endif
 504:Middlewares/Third_Party/FreeRTOS/Source/tasks.c **** 
 505:Middlewares/Third_Party/FreeRTOS/Source/tasks.c **** /*
 506:Middlewares/Third_Party/FreeRTOS/Source/tasks.c ****  * When a task is created, the stack of the task is filled with a known value.
 507:Middlewares/Third_Party/FreeRTOS/Source/tasks.c ****  * This function determines the 'high water mark' of the task stack by
 508:Middlewares/Third_Party/FreeRTOS/Source/tasks.c ****  * determining how much of the stack remains at the original preset value.
 509:Middlewares/Third_Party/FreeRTOS/Source/tasks.c ****  */
 510:Middlewares/Third_Party/FreeRTOS/Source/tasks.c **** #if ( ( configUSE_TRACE_FACILITY == 1 ) || ( INCLUDE_uxTaskGetStackHighWaterMark == 1 ) || ( INCLUD
 511:Middlewares/Third_Party/FreeRTOS/Source/tasks.c **** 
 512:Middlewares/Third_Party/FreeRTOS/Source/tasks.c **** 	static configSTACK_DEPTH_TYPE prvTaskCheckFreeStackSpace( const uint8_t * pucStackByte ) PRIVILEGE
 513:Middlewares/Third_Party/FreeRTOS/Source/tasks.c **** 
 514:Middlewares/Third_Party/FreeRTOS/Source/tasks.c **** #endif
 515:Middlewares/Third_Party/FreeRTOS/Source/tasks.c **** 
 516:Middlewares/Third_Party/FreeRTOS/Source/tasks.c **** /*
 517:Middlewares/Third_Party/FreeRTOS/Source/tasks.c ****  * Return the amount of time, in ticks, that will pass before the kernel will
 518:Middlewares/Third_Party/FreeRTOS/Source/tasks.c ****  * next move a task from the Blocked state to the Running state.
 519:Middlewares/Third_Party/FreeRTOS/Source/tasks.c ****  *
 520:Middlewares/Third_Party/FreeRTOS/Source/tasks.c ****  * This conditional compilation should use inequality to 0, not equality to 1.
 521:Middlewares/Third_Party/FreeRTOS/Source/tasks.c ****  * This is to ensure portSUPPRESS_TICKS_AND_SLEEP() can be called when user
 522:Middlewares/Third_Party/FreeRTOS/Source/tasks.c ****  * defined low power mode implementations require configUSE_TICKLESS_IDLE to be
 523:Middlewares/Third_Party/FreeRTOS/Source/tasks.c ****  * set to a value other than 1.
 524:Middlewares/Third_Party/FreeRTOS/Source/tasks.c ****  */
 525:Middlewares/Third_Party/FreeRTOS/Source/tasks.c **** #if ( configUSE_TICKLESS_IDLE != 0 )
 526:Middlewares/Third_Party/FreeRTOS/Source/tasks.c **** 
 527:Middlewares/Third_Party/FreeRTOS/Source/tasks.c **** 	static TickType_t prvGetExpectedIdleTime( void ) PRIVILEGED_FUNCTION;
 528:Middlewares/Third_Party/FreeRTOS/Source/tasks.c **** 
 529:Middlewares/Third_Party/FreeRTOS/Source/tasks.c **** #endif
 530:Middlewares/Third_Party/FreeRTOS/Source/tasks.c **** 
 531:Middlewares/Third_Party/FreeRTOS/Source/tasks.c **** /*
 532:Middlewares/Third_Party/FreeRTOS/Source/tasks.c ****  * Set xNextTaskUnblockTime to the time at which the next Blocked state task
 533:Middlewares/Third_Party/FreeRTOS/Source/tasks.c ****  * will exit the Blocked state.
 534:Middlewares/Third_Party/FreeRTOS/Source/tasks.c ****  */
 535:Middlewares/Third_Party/FreeRTOS/Source/tasks.c **** static void prvResetNextTaskUnblockTime( void );
 536:Middlewares/Third_Party/FreeRTOS/Source/tasks.c **** 
 537:Middlewares/Third_Party/FreeRTOS/Source/tasks.c **** #if ( ( configUSE_TRACE_FACILITY == 1 ) && ( configUSE_STATS_FORMATTING_FUNCTIONS > 0 ) )
 538:Middlewares/Third_Party/FreeRTOS/Source/tasks.c **** 
 539:Middlewares/Third_Party/FreeRTOS/Source/tasks.c **** 	/*
 540:Middlewares/Third_Party/FreeRTOS/Source/tasks.c **** 	 * Helper function used to pad task names with spaces when printing out
 541:Middlewares/Third_Party/FreeRTOS/Source/tasks.c **** 	 * human readable tables of task information.
 542:Middlewares/Third_Party/FreeRTOS/Source/tasks.c **** 	 */
 543:Middlewares/Third_Party/FreeRTOS/Source/tasks.c **** 	static char *prvWriteNameToBuffer( char *pcBuffer, const char *pcTaskName ) PRIVILEGED_FUNCTION;
 544:Middlewares/Third_Party/FreeRTOS/Source/tasks.c **** 
 545:Middlewares/Third_Party/FreeRTOS/Source/tasks.c **** #endif
ARM GAS  D:\software\msy64\tmp\ccHzaEXX.s 			page 11


 546:Middlewares/Third_Party/FreeRTOS/Source/tasks.c **** 
 547:Middlewares/Third_Party/FreeRTOS/Source/tasks.c **** /*
 548:Middlewares/Third_Party/FreeRTOS/Source/tasks.c ****  * Called after a Task_t structure has been allocated either statically or
 549:Middlewares/Third_Party/FreeRTOS/Source/tasks.c ****  * dynamically to fill in the structure's members.
 550:Middlewares/Third_Party/FreeRTOS/Source/tasks.c ****  */
 551:Middlewares/Third_Party/FreeRTOS/Source/tasks.c **** static void prvInitialiseNewTask( 	TaskFunction_t pxTaskCode,
 552:Middlewares/Third_Party/FreeRTOS/Source/tasks.c **** 									const char * const pcName, 		/*lint !e971 Unqualified char types are allowed for strings a
 553:Middlewares/Third_Party/FreeRTOS/Source/tasks.c **** 									const uint32_t ulStackDepth,
 554:Middlewares/Third_Party/FreeRTOS/Source/tasks.c **** 									void * const pvParameters,
 555:Middlewares/Third_Party/FreeRTOS/Source/tasks.c **** 									UBaseType_t uxPriority,
 556:Middlewares/Third_Party/FreeRTOS/Source/tasks.c **** 									TaskHandle_t * const pxCreatedTask,
 557:Middlewares/Third_Party/FreeRTOS/Source/tasks.c **** 									TCB_t *pxNewTCB,
 558:Middlewares/Third_Party/FreeRTOS/Source/tasks.c **** 									const MemoryRegion_t * const xRegions ) PRIVILEGED_FUNCTION;
 559:Middlewares/Third_Party/FreeRTOS/Source/tasks.c **** 
 560:Middlewares/Third_Party/FreeRTOS/Source/tasks.c **** /*
 561:Middlewares/Third_Party/FreeRTOS/Source/tasks.c ****  * Called after a new task has been created and initialised to place the task
 562:Middlewares/Third_Party/FreeRTOS/Source/tasks.c ****  * under the control of the scheduler.
 563:Middlewares/Third_Party/FreeRTOS/Source/tasks.c ****  */
 564:Middlewares/Third_Party/FreeRTOS/Source/tasks.c **** static void prvAddNewTaskToReadyList( TCB_t *pxNewTCB ) PRIVILEGED_FUNCTION;
 565:Middlewares/Third_Party/FreeRTOS/Source/tasks.c **** 
 566:Middlewares/Third_Party/FreeRTOS/Source/tasks.c **** /*
 567:Middlewares/Third_Party/FreeRTOS/Source/tasks.c ****  * freertos_tasks_c_additions_init() should only be called if the user definable
 568:Middlewares/Third_Party/FreeRTOS/Source/tasks.c ****  * macro FREERTOS_TASKS_C_ADDITIONS_INIT() is defined, as that is the only macro
 569:Middlewares/Third_Party/FreeRTOS/Source/tasks.c ****  * called by the function.
 570:Middlewares/Third_Party/FreeRTOS/Source/tasks.c ****  */
 571:Middlewares/Third_Party/FreeRTOS/Source/tasks.c **** #ifdef FREERTOS_TASKS_C_ADDITIONS_INIT
 572:Middlewares/Third_Party/FreeRTOS/Source/tasks.c **** 
 573:Middlewares/Third_Party/FreeRTOS/Source/tasks.c **** 	static void freertos_tasks_c_additions_init( void ) PRIVILEGED_FUNCTION;
 574:Middlewares/Third_Party/FreeRTOS/Source/tasks.c **** 
 575:Middlewares/Third_Party/FreeRTOS/Source/tasks.c **** #endif
 576:Middlewares/Third_Party/FreeRTOS/Source/tasks.c **** 
 577:Middlewares/Third_Party/FreeRTOS/Source/tasks.c **** /*-----------------------------------------------------------*/
 578:Middlewares/Third_Party/FreeRTOS/Source/tasks.c **** 
 579:Middlewares/Third_Party/FreeRTOS/Source/tasks.c **** #if( configSUPPORT_STATIC_ALLOCATION == 1 )
 580:Middlewares/Third_Party/FreeRTOS/Source/tasks.c **** 
 581:Middlewares/Third_Party/FreeRTOS/Source/tasks.c **** 	TaskHandle_t xTaskCreateStatic(	TaskFunction_t pxTaskCode,
 582:Middlewares/Third_Party/FreeRTOS/Source/tasks.c **** 									const char * const pcName,		/*lint !e971 Unqualified char types are allowed for strings an
 583:Middlewares/Third_Party/FreeRTOS/Source/tasks.c **** 									const uint32_t ulStackDepth,
 584:Middlewares/Third_Party/FreeRTOS/Source/tasks.c **** 									void * const pvParameters,
 585:Middlewares/Third_Party/FreeRTOS/Source/tasks.c **** 									UBaseType_t uxPriority,
 586:Middlewares/Third_Party/FreeRTOS/Source/tasks.c **** 									StackType_t * const puxStackBuffer,
 587:Middlewares/Third_Party/FreeRTOS/Source/tasks.c **** 									StaticTask_t * const pxTaskBuffer )
 588:Middlewares/Third_Party/FreeRTOS/Source/tasks.c **** 	{
 589:Middlewares/Third_Party/FreeRTOS/Source/tasks.c **** 	TCB_t *pxNewTCB;
 590:Middlewares/Third_Party/FreeRTOS/Source/tasks.c **** 	TaskHandle_t xReturn;
 591:Middlewares/Third_Party/FreeRTOS/Source/tasks.c **** 
 592:Middlewares/Third_Party/FreeRTOS/Source/tasks.c **** 		configASSERT( puxStackBuffer != NULL );
 593:Middlewares/Third_Party/FreeRTOS/Source/tasks.c **** 		configASSERT( pxTaskBuffer != NULL );
 594:Middlewares/Third_Party/FreeRTOS/Source/tasks.c **** 
 595:Middlewares/Third_Party/FreeRTOS/Source/tasks.c **** 		#if( configASSERT_DEFINED == 1 )
 596:Middlewares/Third_Party/FreeRTOS/Source/tasks.c **** 		{
 597:Middlewares/Third_Party/FreeRTOS/Source/tasks.c **** 			/* Sanity check that the size of the structure used to declare a
 598:Middlewares/Third_Party/FreeRTOS/Source/tasks.c **** 			variable of type StaticTask_t equals the size of the real task
 599:Middlewares/Third_Party/FreeRTOS/Source/tasks.c **** 			structure. */
 600:Middlewares/Third_Party/FreeRTOS/Source/tasks.c **** 			volatile size_t xSize = sizeof( StaticTask_t );
 601:Middlewares/Third_Party/FreeRTOS/Source/tasks.c **** 			configASSERT( xSize == sizeof( TCB_t ) );
 602:Middlewares/Third_Party/FreeRTOS/Source/tasks.c **** 			( void ) xSize; /* Prevent lint warning when configASSERT() is not used. */
ARM GAS  D:\software\msy64\tmp\ccHzaEXX.s 			page 12


 603:Middlewares/Third_Party/FreeRTOS/Source/tasks.c **** 		}
 604:Middlewares/Third_Party/FreeRTOS/Source/tasks.c **** 		#endif /* configASSERT_DEFINED */
 605:Middlewares/Third_Party/FreeRTOS/Source/tasks.c **** 
 606:Middlewares/Third_Party/FreeRTOS/Source/tasks.c **** 
 607:Middlewares/Third_Party/FreeRTOS/Source/tasks.c **** 		if( ( pxTaskBuffer != NULL ) && ( puxStackBuffer != NULL ) )
 608:Middlewares/Third_Party/FreeRTOS/Source/tasks.c **** 		{
 609:Middlewares/Third_Party/FreeRTOS/Source/tasks.c **** 			/* The memory used for the task's TCB and stack are passed into this
 610:Middlewares/Third_Party/FreeRTOS/Source/tasks.c **** 			function - use them. */
 611:Middlewares/Third_Party/FreeRTOS/Source/tasks.c **** 			pxNewTCB = ( TCB_t * ) pxTaskBuffer; /*lint !e740 !e9087 Unusual cast is ok as the structures ar
 612:Middlewares/Third_Party/FreeRTOS/Source/tasks.c **** 			pxNewTCB->pxStack = ( StackType_t * ) puxStackBuffer;
 613:Middlewares/Third_Party/FreeRTOS/Source/tasks.c **** 
 614:Middlewares/Third_Party/FreeRTOS/Source/tasks.c **** 			#if( tskSTATIC_AND_DYNAMIC_ALLOCATION_POSSIBLE != 0 ) /*lint !e731 !e9029 Macro has been consoli
 615:Middlewares/Third_Party/FreeRTOS/Source/tasks.c **** 			{
 616:Middlewares/Third_Party/FreeRTOS/Source/tasks.c **** 				/* Tasks can be created statically or dynamically, so note this
 617:Middlewares/Third_Party/FreeRTOS/Source/tasks.c **** 				task was created statically in case the task is later deleted. */
 618:Middlewares/Third_Party/FreeRTOS/Source/tasks.c **** 				pxNewTCB->ucStaticallyAllocated = tskSTATICALLY_ALLOCATED_STACK_AND_TCB;
 619:Middlewares/Third_Party/FreeRTOS/Source/tasks.c **** 			}
 620:Middlewares/Third_Party/FreeRTOS/Source/tasks.c **** 			#endif /* tskSTATIC_AND_DYNAMIC_ALLOCATION_POSSIBLE */
 621:Middlewares/Third_Party/FreeRTOS/Source/tasks.c **** 
 622:Middlewares/Third_Party/FreeRTOS/Source/tasks.c **** 			prvInitialiseNewTask( pxTaskCode, pcName, ulStackDepth, pvParameters, uxPriority, &xReturn, pxNe
 623:Middlewares/Third_Party/FreeRTOS/Source/tasks.c **** 			prvAddNewTaskToReadyList( pxNewTCB );
 624:Middlewares/Third_Party/FreeRTOS/Source/tasks.c **** 		}
 625:Middlewares/Third_Party/FreeRTOS/Source/tasks.c **** 		else
 626:Middlewares/Third_Party/FreeRTOS/Source/tasks.c **** 		{
 627:Middlewares/Third_Party/FreeRTOS/Source/tasks.c **** 			xReturn = NULL;
 628:Middlewares/Third_Party/FreeRTOS/Source/tasks.c **** 		}
 629:Middlewares/Third_Party/FreeRTOS/Source/tasks.c **** 
 630:Middlewares/Third_Party/FreeRTOS/Source/tasks.c **** 		return xReturn;
 631:Middlewares/Third_Party/FreeRTOS/Source/tasks.c **** 	}
 632:Middlewares/Third_Party/FreeRTOS/Source/tasks.c **** 
 633:Middlewares/Third_Party/FreeRTOS/Source/tasks.c **** #endif /* SUPPORT_STATIC_ALLOCATION */
 634:Middlewares/Third_Party/FreeRTOS/Source/tasks.c **** /*-----------------------------------------------------------*/
 635:Middlewares/Third_Party/FreeRTOS/Source/tasks.c **** 
 636:Middlewares/Third_Party/FreeRTOS/Source/tasks.c **** #if( ( portUSING_MPU_WRAPPERS == 1 ) && ( configSUPPORT_STATIC_ALLOCATION == 1 ) )
 637:Middlewares/Third_Party/FreeRTOS/Source/tasks.c **** 
 638:Middlewares/Third_Party/FreeRTOS/Source/tasks.c **** 	BaseType_t xTaskCreateRestrictedStatic( const TaskParameters_t * const pxTaskDefinition, TaskHandl
 639:Middlewares/Third_Party/FreeRTOS/Source/tasks.c **** 	{
 640:Middlewares/Third_Party/FreeRTOS/Source/tasks.c **** 	TCB_t *pxNewTCB;
 641:Middlewares/Third_Party/FreeRTOS/Source/tasks.c **** 	BaseType_t xReturn = errCOULD_NOT_ALLOCATE_REQUIRED_MEMORY;
 642:Middlewares/Third_Party/FreeRTOS/Source/tasks.c **** 
 643:Middlewares/Third_Party/FreeRTOS/Source/tasks.c **** 		configASSERT( pxTaskDefinition->puxStackBuffer != NULL );
 644:Middlewares/Third_Party/FreeRTOS/Source/tasks.c **** 		configASSERT( pxTaskDefinition->pxTaskBuffer != NULL );
 645:Middlewares/Third_Party/FreeRTOS/Source/tasks.c **** 
 646:Middlewares/Third_Party/FreeRTOS/Source/tasks.c **** 		if( ( pxTaskDefinition->puxStackBuffer != NULL ) && ( pxTaskDefinition->pxTaskBuffer != NULL ) )
 647:Middlewares/Third_Party/FreeRTOS/Source/tasks.c **** 		{
 648:Middlewares/Third_Party/FreeRTOS/Source/tasks.c **** 			/* Allocate space for the TCB.  Where the memory comes from depends
 649:Middlewares/Third_Party/FreeRTOS/Source/tasks.c **** 			on the implementation of the port malloc function and whether or
 650:Middlewares/Third_Party/FreeRTOS/Source/tasks.c **** 			not static allocation is being used. */
 651:Middlewares/Third_Party/FreeRTOS/Source/tasks.c **** 			pxNewTCB = ( TCB_t * ) pxTaskDefinition->pxTaskBuffer;
 652:Middlewares/Third_Party/FreeRTOS/Source/tasks.c **** 
 653:Middlewares/Third_Party/FreeRTOS/Source/tasks.c **** 			/* Store the stack location in the TCB. */
 654:Middlewares/Third_Party/FreeRTOS/Source/tasks.c **** 			pxNewTCB->pxStack = pxTaskDefinition->puxStackBuffer;
 655:Middlewares/Third_Party/FreeRTOS/Source/tasks.c **** 
 656:Middlewares/Third_Party/FreeRTOS/Source/tasks.c **** 			#if( tskSTATIC_AND_DYNAMIC_ALLOCATION_POSSIBLE != 0 )
 657:Middlewares/Third_Party/FreeRTOS/Source/tasks.c **** 			{
 658:Middlewares/Third_Party/FreeRTOS/Source/tasks.c **** 				/* Tasks can be created statically or dynamically, so note this
 659:Middlewares/Third_Party/FreeRTOS/Source/tasks.c **** 				task was created statically in case the task is later deleted. */
ARM GAS  D:\software\msy64\tmp\ccHzaEXX.s 			page 13


 660:Middlewares/Third_Party/FreeRTOS/Source/tasks.c **** 				pxNewTCB->ucStaticallyAllocated = tskSTATICALLY_ALLOCATED_STACK_AND_TCB;
 661:Middlewares/Third_Party/FreeRTOS/Source/tasks.c **** 			}
 662:Middlewares/Third_Party/FreeRTOS/Source/tasks.c **** 			#endif /* tskSTATIC_AND_DYNAMIC_ALLOCATION_POSSIBLE */
 663:Middlewares/Third_Party/FreeRTOS/Source/tasks.c **** 
 664:Middlewares/Third_Party/FreeRTOS/Source/tasks.c **** 			prvInitialiseNewTask(	pxTaskDefinition->pvTaskCode,
 665:Middlewares/Third_Party/FreeRTOS/Source/tasks.c **** 									pxTaskDefinition->pcName,
 666:Middlewares/Third_Party/FreeRTOS/Source/tasks.c **** 									( uint32_t ) pxTaskDefinition->usStackDepth,
 667:Middlewares/Third_Party/FreeRTOS/Source/tasks.c **** 									pxTaskDefinition->pvParameters,
 668:Middlewares/Third_Party/FreeRTOS/Source/tasks.c **** 									pxTaskDefinition->uxPriority,
 669:Middlewares/Third_Party/FreeRTOS/Source/tasks.c **** 									pxCreatedTask, pxNewTCB,
 670:Middlewares/Third_Party/FreeRTOS/Source/tasks.c **** 									pxTaskDefinition->xRegions );
 671:Middlewares/Third_Party/FreeRTOS/Source/tasks.c **** 
 672:Middlewares/Third_Party/FreeRTOS/Source/tasks.c **** 			prvAddNewTaskToReadyList( pxNewTCB );
 673:Middlewares/Third_Party/FreeRTOS/Source/tasks.c **** 			xReturn = pdPASS;
 674:Middlewares/Third_Party/FreeRTOS/Source/tasks.c **** 		}
 675:Middlewares/Third_Party/FreeRTOS/Source/tasks.c **** 
 676:Middlewares/Third_Party/FreeRTOS/Source/tasks.c **** 		return xReturn;
 677:Middlewares/Third_Party/FreeRTOS/Source/tasks.c **** 	}
 678:Middlewares/Third_Party/FreeRTOS/Source/tasks.c **** 
 679:Middlewares/Third_Party/FreeRTOS/Source/tasks.c **** #endif /* ( portUSING_MPU_WRAPPERS == 1 ) && ( configSUPPORT_STATIC_ALLOCATION == 1 ) */
 680:Middlewares/Third_Party/FreeRTOS/Source/tasks.c **** /*-----------------------------------------------------------*/
 681:Middlewares/Third_Party/FreeRTOS/Source/tasks.c **** 
 682:Middlewares/Third_Party/FreeRTOS/Source/tasks.c **** #if( ( portUSING_MPU_WRAPPERS == 1 ) && ( configSUPPORT_DYNAMIC_ALLOCATION == 1 ) )
 683:Middlewares/Third_Party/FreeRTOS/Source/tasks.c **** 
 684:Middlewares/Third_Party/FreeRTOS/Source/tasks.c **** 	BaseType_t xTaskCreateRestricted( const TaskParameters_t * const pxTaskDefinition, TaskHandle_t *p
 685:Middlewares/Third_Party/FreeRTOS/Source/tasks.c **** 	{
 686:Middlewares/Third_Party/FreeRTOS/Source/tasks.c **** 	TCB_t *pxNewTCB;
 687:Middlewares/Third_Party/FreeRTOS/Source/tasks.c **** 	BaseType_t xReturn = errCOULD_NOT_ALLOCATE_REQUIRED_MEMORY;
 688:Middlewares/Third_Party/FreeRTOS/Source/tasks.c **** 
 689:Middlewares/Third_Party/FreeRTOS/Source/tasks.c **** 		configASSERT( pxTaskDefinition->puxStackBuffer );
 690:Middlewares/Third_Party/FreeRTOS/Source/tasks.c **** 
 691:Middlewares/Third_Party/FreeRTOS/Source/tasks.c **** 		if( pxTaskDefinition->puxStackBuffer != NULL )
 692:Middlewares/Third_Party/FreeRTOS/Source/tasks.c **** 		{
 693:Middlewares/Third_Party/FreeRTOS/Source/tasks.c **** 			/* Allocate space for the TCB.  Where the memory comes from depends
 694:Middlewares/Third_Party/FreeRTOS/Source/tasks.c **** 			on the implementation of the port malloc function and whether or
 695:Middlewares/Third_Party/FreeRTOS/Source/tasks.c **** 			not static allocation is being used. */
 696:Middlewares/Third_Party/FreeRTOS/Source/tasks.c **** 			pxNewTCB = ( TCB_t * ) pvPortMalloc( sizeof( TCB_t ) );
 697:Middlewares/Third_Party/FreeRTOS/Source/tasks.c **** 
 698:Middlewares/Third_Party/FreeRTOS/Source/tasks.c **** 			if( pxNewTCB != NULL )
 699:Middlewares/Third_Party/FreeRTOS/Source/tasks.c **** 			{
 700:Middlewares/Third_Party/FreeRTOS/Source/tasks.c **** 				/* Store the stack location in the TCB. */
 701:Middlewares/Third_Party/FreeRTOS/Source/tasks.c **** 				pxNewTCB->pxStack = pxTaskDefinition->puxStackBuffer;
 702:Middlewares/Third_Party/FreeRTOS/Source/tasks.c **** 
 703:Middlewares/Third_Party/FreeRTOS/Source/tasks.c **** 				#if( tskSTATIC_AND_DYNAMIC_ALLOCATION_POSSIBLE != 0 )
 704:Middlewares/Third_Party/FreeRTOS/Source/tasks.c **** 				{
 705:Middlewares/Third_Party/FreeRTOS/Source/tasks.c **** 					/* Tasks can be created statically or dynamically, so note
 706:Middlewares/Third_Party/FreeRTOS/Source/tasks.c **** 					this task had a statically allocated stack in case it is
 707:Middlewares/Third_Party/FreeRTOS/Source/tasks.c **** 					later deleted.  The TCB was allocated dynamically. */
 708:Middlewares/Third_Party/FreeRTOS/Source/tasks.c **** 					pxNewTCB->ucStaticallyAllocated = tskSTATICALLY_ALLOCATED_STACK_ONLY;
 709:Middlewares/Third_Party/FreeRTOS/Source/tasks.c **** 				}
 710:Middlewares/Third_Party/FreeRTOS/Source/tasks.c **** 				#endif /* tskSTATIC_AND_DYNAMIC_ALLOCATION_POSSIBLE */
 711:Middlewares/Third_Party/FreeRTOS/Source/tasks.c **** 
 712:Middlewares/Third_Party/FreeRTOS/Source/tasks.c **** 				prvInitialiseNewTask(	pxTaskDefinition->pvTaskCode,
 713:Middlewares/Third_Party/FreeRTOS/Source/tasks.c **** 										pxTaskDefinition->pcName,
 714:Middlewares/Third_Party/FreeRTOS/Source/tasks.c **** 										( uint32_t ) pxTaskDefinition->usStackDepth,
 715:Middlewares/Third_Party/FreeRTOS/Source/tasks.c **** 										pxTaskDefinition->pvParameters,
 716:Middlewares/Third_Party/FreeRTOS/Source/tasks.c **** 										pxTaskDefinition->uxPriority,
ARM GAS  D:\software\msy64\tmp\ccHzaEXX.s 			page 14


 717:Middlewares/Third_Party/FreeRTOS/Source/tasks.c **** 										pxCreatedTask, pxNewTCB,
 718:Middlewares/Third_Party/FreeRTOS/Source/tasks.c **** 										pxTaskDefinition->xRegions );
 719:Middlewares/Third_Party/FreeRTOS/Source/tasks.c **** 
 720:Middlewares/Third_Party/FreeRTOS/Source/tasks.c **** 				prvAddNewTaskToReadyList( pxNewTCB );
 721:Middlewares/Third_Party/FreeRTOS/Source/tasks.c **** 				xReturn = pdPASS;
 722:Middlewares/Third_Party/FreeRTOS/Source/tasks.c **** 			}
 723:Middlewares/Third_Party/FreeRTOS/Source/tasks.c **** 		}
 724:Middlewares/Third_Party/FreeRTOS/Source/tasks.c **** 
 725:Middlewares/Third_Party/FreeRTOS/Source/tasks.c **** 		return xReturn;
 726:Middlewares/Third_Party/FreeRTOS/Source/tasks.c **** 	}
 727:Middlewares/Third_Party/FreeRTOS/Source/tasks.c **** 
 728:Middlewares/Third_Party/FreeRTOS/Source/tasks.c **** #endif /* portUSING_MPU_WRAPPERS */
 729:Middlewares/Third_Party/FreeRTOS/Source/tasks.c **** /*-----------------------------------------------------------*/
 730:Middlewares/Third_Party/FreeRTOS/Source/tasks.c **** 
 731:Middlewares/Third_Party/FreeRTOS/Source/tasks.c **** #if( configSUPPORT_DYNAMIC_ALLOCATION == 1 )
 732:Middlewares/Third_Party/FreeRTOS/Source/tasks.c **** 
 733:Middlewares/Third_Party/FreeRTOS/Source/tasks.c **** 	BaseType_t xTaskCreate(	TaskFunction_t pxTaskCode,
 734:Middlewares/Third_Party/FreeRTOS/Source/tasks.c **** 							const char * const pcName,		/*lint !e971 Unqualified char types are allowed for strings and 
 735:Middlewares/Third_Party/FreeRTOS/Source/tasks.c **** 							const configSTACK_DEPTH_TYPE usStackDepth,
 736:Middlewares/Third_Party/FreeRTOS/Source/tasks.c **** 							void * const pvParameters,
 737:Middlewares/Third_Party/FreeRTOS/Source/tasks.c **** 							UBaseType_t uxPriority,
 738:Middlewares/Third_Party/FreeRTOS/Source/tasks.c **** 							TaskHandle_t * const pxCreatedTask )
 739:Middlewares/Third_Party/FreeRTOS/Source/tasks.c **** 	{
 740:Middlewares/Third_Party/FreeRTOS/Source/tasks.c **** 	TCB_t *pxNewTCB;
 741:Middlewares/Third_Party/FreeRTOS/Source/tasks.c **** 	BaseType_t xReturn;
 742:Middlewares/Third_Party/FreeRTOS/Source/tasks.c **** 
 743:Middlewares/Third_Party/FreeRTOS/Source/tasks.c **** 		/* If the stack grows down then allocate the stack then the TCB so the stack
 744:Middlewares/Third_Party/FreeRTOS/Source/tasks.c **** 		does not grow into the TCB.  Likewise if the stack grows up then allocate
 745:Middlewares/Third_Party/FreeRTOS/Source/tasks.c **** 		the TCB then the stack. */
 746:Middlewares/Third_Party/FreeRTOS/Source/tasks.c **** 		#if( portSTACK_GROWTH > 0 )
 747:Middlewares/Third_Party/FreeRTOS/Source/tasks.c **** 		{
 748:Middlewares/Third_Party/FreeRTOS/Source/tasks.c **** 			/* Allocate space for the TCB.  Where the memory comes from depends on
 749:Middlewares/Third_Party/FreeRTOS/Source/tasks.c **** 			the implementation of the port malloc function and whether or not static
 750:Middlewares/Third_Party/FreeRTOS/Source/tasks.c **** 			allocation is being used. */
 751:Middlewares/Third_Party/FreeRTOS/Source/tasks.c **** 			pxNewTCB = ( TCB_t * ) pvPortMalloc( sizeof( TCB_t ) );
 752:Middlewares/Third_Party/FreeRTOS/Source/tasks.c **** 
 753:Middlewares/Third_Party/FreeRTOS/Source/tasks.c **** 			if( pxNewTCB != NULL )
 754:Middlewares/Third_Party/FreeRTOS/Source/tasks.c **** 			{
 755:Middlewares/Third_Party/FreeRTOS/Source/tasks.c **** 				/* Allocate space for the stack used by the task being created.
 756:Middlewares/Third_Party/FreeRTOS/Source/tasks.c **** 				The base of the stack memory stored in the TCB so the task can
 757:Middlewares/Third_Party/FreeRTOS/Source/tasks.c **** 				be deleted later if required. */
 758:Middlewares/Third_Party/FreeRTOS/Source/tasks.c **** 				pxNewTCB->pxStack = ( StackType_t * ) pvPortMalloc( ( ( ( size_t ) usStackDepth ) * sizeof( Sta
 759:Middlewares/Third_Party/FreeRTOS/Source/tasks.c **** 
 760:Middlewares/Third_Party/FreeRTOS/Source/tasks.c **** 				if( pxNewTCB->pxStack == NULL )
 761:Middlewares/Third_Party/FreeRTOS/Source/tasks.c **** 				{
 762:Middlewares/Third_Party/FreeRTOS/Source/tasks.c **** 					/* Could not allocate the stack.  Delete the allocated TCB. */
 763:Middlewares/Third_Party/FreeRTOS/Source/tasks.c **** 					vPortFree( pxNewTCB );
 764:Middlewares/Third_Party/FreeRTOS/Source/tasks.c **** 					pxNewTCB = NULL;
 765:Middlewares/Third_Party/FreeRTOS/Source/tasks.c **** 				}
 766:Middlewares/Third_Party/FreeRTOS/Source/tasks.c **** 			}
 767:Middlewares/Third_Party/FreeRTOS/Source/tasks.c **** 		}
 768:Middlewares/Third_Party/FreeRTOS/Source/tasks.c **** 		#else /* portSTACK_GROWTH */
 769:Middlewares/Third_Party/FreeRTOS/Source/tasks.c **** 		{
 770:Middlewares/Third_Party/FreeRTOS/Source/tasks.c **** 		StackType_t *pxStack;
 771:Middlewares/Third_Party/FreeRTOS/Source/tasks.c **** 
 772:Middlewares/Third_Party/FreeRTOS/Source/tasks.c **** 			/* Allocate space for the stack used by the task being created. */
 773:Middlewares/Third_Party/FreeRTOS/Source/tasks.c **** 			pxStack = pvPortMalloc( ( ( ( size_t ) usStackDepth ) * sizeof( StackType_t ) ) ); /*lint !e9079
ARM GAS  D:\software\msy64\tmp\ccHzaEXX.s 			page 15


 774:Middlewares/Third_Party/FreeRTOS/Source/tasks.c **** 
 775:Middlewares/Third_Party/FreeRTOS/Source/tasks.c **** 			if( pxStack != NULL )
 776:Middlewares/Third_Party/FreeRTOS/Source/tasks.c **** 			{
 777:Middlewares/Third_Party/FreeRTOS/Source/tasks.c **** 				/* Allocate space for the TCB. */
 778:Middlewares/Third_Party/FreeRTOS/Source/tasks.c **** 				pxNewTCB = ( TCB_t * ) pvPortMalloc( sizeof( TCB_t ) ); /*lint !e9087 !e9079 All values returne
 779:Middlewares/Third_Party/FreeRTOS/Source/tasks.c **** 
 780:Middlewares/Third_Party/FreeRTOS/Source/tasks.c **** 				if( pxNewTCB != NULL )
 781:Middlewares/Third_Party/FreeRTOS/Source/tasks.c **** 				{
 782:Middlewares/Third_Party/FreeRTOS/Source/tasks.c **** 					/* Store the stack location in the TCB. */
 783:Middlewares/Third_Party/FreeRTOS/Source/tasks.c **** 					pxNewTCB->pxStack = pxStack;
 784:Middlewares/Third_Party/FreeRTOS/Source/tasks.c **** 				}
 785:Middlewares/Third_Party/FreeRTOS/Source/tasks.c **** 				else
 786:Middlewares/Third_Party/FreeRTOS/Source/tasks.c **** 				{
 787:Middlewares/Third_Party/FreeRTOS/Source/tasks.c **** 					/* The stack cannot be used as the TCB was not created.  Free
 788:Middlewares/Third_Party/FreeRTOS/Source/tasks.c **** 					it again. */
 789:Middlewares/Third_Party/FreeRTOS/Source/tasks.c **** 					vPortFree( pxStack );
 790:Middlewares/Third_Party/FreeRTOS/Source/tasks.c **** 				}
 791:Middlewares/Third_Party/FreeRTOS/Source/tasks.c **** 			}
 792:Middlewares/Third_Party/FreeRTOS/Source/tasks.c **** 			else
 793:Middlewares/Third_Party/FreeRTOS/Source/tasks.c **** 			{
 794:Middlewares/Third_Party/FreeRTOS/Source/tasks.c **** 				pxNewTCB = NULL;
 795:Middlewares/Third_Party/FreeRTOS/Source/tasks.c **** 			}
 796:Middlewares/Third_Party/FreeRTOS/Source/tasks.c **** 		}
 797:Middlewares/Third_Party/FreeRTOS/Source/tasks.c **** 		#endif /* portSTACK_GROWTH */
 798:Middlewares/Third_Party/FreeRTOS/Source/tasks.c **** 
 799:Middlewares/Third_Party/FreeRTOS/Source/tasks.c **** 		if( pxNewTCB != NULL )
 800:Middlewares/Third_Party/FreeRTOS/Source/tasks.c **** 		{
 801:Middlewares/Third_Party/FreeRTOS/Source/tasks.c **** 			#if( tskSTATIC_AND_DYNAMIC_ALLOCATION_POSSIBLE != 0 ) /*lint !e9029 !e731 Macro has been consoli
 802:Middlewares/Third_Party/FreeRTOS/Source/tasks.c **** 			{
 803:Middlewares/Third_Party/FreeRTOS/Source/tasks.c **** 				/* Tasks can be created statically or dynamically, so note this
 804:Middlewares/Third_Party/FreeRTOS/Source/tasks.c **** 				task was created dynamically in case it is later deleted. */
 805:Middlewares/Third_Party/FreeRTOS/Source/tasks.c **** 				pxNewTCB->ucStaticallyAllocated = tskDYNAMICALLY_ALLOCATED_STACK_AND_TCB;
 806:Middlewares/Third_Party/FreeRTOS/Source/tasks.c **** 			}
 807:Middlewares/Third_Party/FreeRTOS/Source/tasks.c **** 			#endif /* tskSTATIC_AND_DYNAMIC_ALLOCATION_POSSIBLE */
 808:Middlewares/Third_Party/FreeRTOS/Source/tasks.c **** 
 809:Middlewares/Third_Party/FreeRTOS/Source/tasks.c **** 			prvInitialiseNewTask( pxTaskCode, pcName, ( uint32_t ) usStackDepth, pvParameters, uxPriority, p
 810:Middlewares/Third_Party/FreeRTOS/Source/tasks.c **** 			prvAddNewTaskToReadyList( pxNewTCB );
 811:Middlewares/Third_Party/FreeRTOS/Source/tasks.c **** 			xReturn = pdPASS;
 812:Middlewares/Third_Party/FreeRTOS/Source/tasks.c **** 		}
 813:Middlewares/Third_Party/FreeRTOS/Source/tasks.c **** 		else
 814:Middlewares/Third_Party/FreeRTOS/Source/tasks.c **** 		{
 815:Middlewares/Third_Party/FreeRTOS/Source/tasks.c **** 			xReturn = errCOULD_NOT_ALLOCATE_REQUIRED_MEMORY;
 816:Middlewares/Third_Party/FreeRTOS/Source/tasks.c **** 		}
 817:Middlewares/Third_Party/FreeRTOS/Source/tasks.c **** 
 818:Middlewares/Third_Party/FreeRTOS/Source/tasks.c **** 		return xReturn;
 819:Middlewares/Third_Party/FreeRTOS/Source/tasks.c **** 	}
 820:Middlewares/Third_Party/FreeRTOS/Source/tasks.c **** 
 821:Middlewares/Third_Party/FreeRTOS/Source/tasks.c **** #endif /* configSUPPORT_DYNAMIC_ALLOCATION */
 822:Middlewares/Third_Party/FreeRTOS/Source/tasks.c **** /*-----------------------------------------------------------*/
 823:Middlewares/Third_Party/FreeRTOS/Source/tasks.c **** 
 824:Middlewares/Third_Party/FreeRTOS/Source/tasks.c **** static void prvInitialiseNewTask( 	TaskFunction_t pxTaskCode,
 825:Middlewares/Third_Party/FreeRTOS/Source/tasks.c **** 									const char * const pcName,		/*lint !e971 Unqualified char types are allowed for strings an
 826:Middlewares/Third_Party/FreeRTOS/Source/tasks.c **** 									const uint32_t ulStackDepth,
 827:Middlewares/Third_Party/FreeRTOS/Source/tasks.c **** 									void * const pvParameters,
 828:Middlewares/Third_Party/FreeRTOS/Source/tasks.c **** 									UBaseType_t uxPriority,
 829:Middlewares/Third_Party/FreeRTOS/Source/tasks.c **** 									TaskHandle_t * const pxCreatedTask,
 830:Middlewares/Third_Party/FreeRTOS/Source/tasks.c **** 									TCB_t *pxNewTCB,
ARM GAS  D:\software\msy64\tmp\ccHzaEXX.s 			page 16


 831:Middlewares/Third_Party/FreeRTOS/Source/tasks.c **** 									const MemoryRegion_t * const xRegions )
 832:Middlewares/Third_Party/FreeRTOS/Source/tasks.c **** {
 833:Middlewares/Third_Party/FreeRTOS/Source/tasks.c **** StackType_t *pxTopOfStack;
 834:Middlewares/Third_Party/FreeRTOS/Source/tasks.c **** UBaseType_t x;
 835:Middlewares/Third_Party/FreeRTOS/Source/tasks.c **** 
 836:Middlewares/Third_Party/FreeRTOS/Source/tasks.c **** 	#if( portUSING_MPU_WRAPPERS == 1 )
 837:Middlewares/Third_Party/FreeRTOS/Source/tasks.c **** 		/* Should the task be created in privileged mode? */
 838:Middlewares/Third_Party/FreeRTOS/Source/tasks.c **** 		BaseType_t xRunPrivileged;
 839:Middlewares/Third_Party/FreeRTOS/Source/tasks.c **** 		if( ( uxPriority & portPRIVILEGE_BIT ) != 0U )
 840:Middlewares/Third_Party/FreeRTOS/Source/tasks.c **** 		{
 841:Middlewares/Third_Party/FreeRTOS/Source/tasks.c **** 			xRunPrivileged = pdTRUE;
 842:Middlewares/Third_Party/FreeRTOS/Source/tasks.c **** 		}
 843:Middlewares/Third_Party/FreeRTOS/Source/tasks.c **** 		else
 844:Middlewares/Third_Party/FreeRTOS/Source/tasks.c **** 		{
 845:Middlewares/Third_Party/FreeRTOS/Source/tasks.c **** 			xRunPrivileged = pdFALSE;
 846:Middlewares/Third_Party/FreeRTOS/Source/tasks.c **** 		}
 847:Middlewares/Third_Party/FreeRTOS/Source/tasks.c **** 		uxPriority &= ~portPRIVILEGE_BIT;
 848:Middlewares/Third_Party/FreeRTOS/Source/tasks.c **** 	#endif /* portUSING_MPU_WRAPPERS == 1 */
 849:Middlewares/Third_Party/FreeRTOS/Source/tasks.c **** 
 850:Middlewares/Third_Party/FreeRTOS/Source/tasks.c **** 	/* Avoid dependency on memset() if it is not required. */
 851:Middlewares/Third_Party/FreeRTOS/Source/tasks.c **** 	#if( tskSET_NEW_STACKS_TO_KNOWN_VALUE == 1 )
 852:Middlewares/Third_Party/FreeRTOS/Source/tasks.c **** 	{
 853:Middlewares/Third_Party/FreeRTOS/Source/tasks.c **** 		/* Fill the stack with a known value to assist debugging. */
 854:Middlewares/Third_Party/FreeRTOS/Source/tasks.c **** 		( void ) memset( pxNewTCB->pxStack, ( int ) tskSTACK_FILL_BYTE, ( size_t ) ulStackDepth * sizeof(
 855:Middlewares/Third_Party/FreeRTOS/Source/tasks.c **** 	}
 856:Middlewares/Third_Party/FreeRTOS/Source/tasks.c **** 	#endif /* tskSET_NEW_STACKS_TO_KNOWN_VALUE */
 857:Middlewares/Third_Party/FreeRTOS/Source/tasks.c **** 
 858:Middlewares/Third_Party/FreeRTOS/Source/tasks.c **** 	/* Calculate the top of stack address.  This depends on whether the stack
 859:Middlewares/Third_Party/FreeRTOS/Source/tasks.c **** 	grows from high memory to low (as per the 80x86) or vice versa.
 860:Middlewares/Third_Party/FreeRTOS/Source/tasks.c **** 	portSTACK_GROWTH is used to make the result positive or negative as required
 861:Middlewares/Third_Party/FreeRTOS/Source/tasks.c **** 	by the port. */
 862:Middlewares/Third_Party/FreeRTOS/Source/tasks.c **** 	#if( portSTACK_GROWTH < 0 )
 863:Middlewares/Third_Party/FreeRTOS/Source/tasks.c **** 	{
 864:Middlewares/Third_Party/FreeRTOS/Source/tasks.c **** 		pxTopOfStack = &( pxNewTCB->pxStack[ ulStackDepth - ( uint32_t ) 1 ] );
 865:Middlewares/Third_Party/FreeRTOS/Source/tasks.c **** 		pxTopOfStack = ( StackType_t * ) ( ( ( portPOINTER_SIZE_TYPE ) pxTopOfStack ) & ( ~( ( portPOINTE
 866:Middlewares/Third_Party/FreeRTOS/Source/tasks.c **** 
 867:Middlewares/Third_Party/FreeRTOS/Source/tasks.c **** 		/* Check the alignment of the calculated top of stack is correct. */
 868:Middlewares/Third_Party/FreeRTOS/Source/tasks.c **** 		configASSERT( ( ( ( portPOINTER_SIZE_TYPE ) pxTopOfStack & ( portPOINTER_SIZE_TYPE ) portBYTE_ALI
 869:Middlewares/Third_Party/FreeRTOS/Source/tasks.c **** 
 870:Middlewares/Third_Party/FreeRTOS/Source/tasks.c **** 		#if( configRECORD_STACK_HIGH_ADDRESS == 1 )
 871:Middlewares/Third_Party/FreeRTOS/Source/tasks.c **** 		{
 872:Middlewares/Third_Party/FreeRTOS/Source/tasks.c **** 			/* Also record the stack's high address, which may assist
 873:Middlewares/Third_Party/FreeRTOS/Source/tasks.c **** 			debugging. */
 874:Middlewares/Third_Party/FreeRTOS/Source/tasks.c **** 			pxNewTCB->pxEndOfStack = pxTopOfStack;
 875:Middlewares/Third_Party/FreeRTOS/Source/tasks.c **** 		}
 876:Middlewares/Third_Party/FreeRTOS/Source/tasks.c **** 		#endif /* configRECORD_STACK_HIGH_ADDRESS */
 877:Middlewares/Third_Party/FreeRTOS/Source/tasks.c **** 	}
 878:Middlewares/Third_Party/FreeRTOS/Source/tasks.c **** 	#else /* portSTACK_GROWTH */
 879:Middlewares/Third_Party/FreeRTOS/Source/tasks.c **** 	{
 880:Middlewares/Third_Party/FreeRTOS/Source/tasks.c **** 		pxTopOfStack = pxNewTCB->pxStack;
 881:Middlewares/Third_Party/FreeRTOS/Source/tasks.c **** 
 882:Middlewares/Third_Party/FreeRTOS/Source/tasks.c **** 		/* Check the alignment of the stack buffer is correct. */
 883:Middlewares/Third_Party/FreeRTOS/Source/tasks.c **** 		configASSERT( ( ( ( portPOINTER_SIZE_TYPE ) pxNewTCB->pxStack & ( portPOINTER_SIZE_TYPE ) portBYT
 884:Middlewares/Third_Party/FreeRTOS/Source/tasks.c **** 
 885:Middlewares/Third_Party/FreeRTOS/Source/tasks.c **** 		/* The other extreme of the stack space is required if stack checking is
 886:Middlewares/Third_Party/FreeRTOS/Source/tasks.c **** 		performed. */
 887:Middlewares/Third_Party/FreeRTOS/Source/tasks.c **** 		pxNewTCB->pxEndOfStack = pxNewTCB->pxStack + ( ulStackDepth - ( uint32_t ) 1 );
ARM GAS  D:\software\msy64\tmp\ccHzaEXX.s 			page 17


 888:Middlewares/Third_Party/FreeRTOS/Source/tasks.c **** 	}
 889:Middlewares/Third_Party/FreeRTOS/Source/tasks.c **** 	#endif /* portSTACK_GROWTH */
 890:Middlewares/Third_Party/FreeRTOS/Source/tasks.c **** 
 891:Middlewares/Third_Party/FreeRTOS/Source/tasks.c **** 	/* Store the task name in the TCB. */
 892:Middlewares/Third_Party/FreeRTOS/Source/tasks.c **** 	if( pcName != NULL )
 893:Middlewares/Third_Party/FreeRTOS/Source/tasks.c **** 	{
 894:Middlewares/Third_Party/FreeRTOS/Source/tasks.c **** 		for( x = ( UBaseType_t ) 0; x < ( UBaseType_t ) configMAX_TASK_NAME_LEN; x++ )
 895:Middlewares/Third_Party/FreeRTOS/Source/tasks.c **** 		{
 896:Middlewares/Third_Party/FreeRTOS/Source/tasks.c **** 			pxNewTCB->pcTaskName[ x ] = pcName[ x ];
 897:Middlewares/Third_Party/FreeRTOS/Source/tasks.c **** 
 898:Middlewares/Third_Party/FreeRTOS/Source/tasks.c **** 			/* Don't copy all configMAX_TASK_NAME_LEN if the string is shorter than
 899:Middlewares/Third_Party/FreeRTOS/Source/tasks.c **** 			configMAX_TASK_NAME_LEN characters just in case the memory after the
 900:Middlewares/Third_Party/FreeRTOS/Source/tasks.c **** 			string is not accessible (extremely unlikely). */
 901:Middlewares/Third_Party/FreeRTOS/Source/tasks.c **** 			if( pcName[ x ] == ( char ) 0x00 )
 902:Middlewares/Third_Party/FreeRTOS/Source/tasks.c **** 			{
 903:Middlewares/Third_Party/FreeRTOS/Source/tasks.c **** 				break;
 904:Middlewares/Third_Party/FreeRTOS/Source/tasks.c **** 			}
 905:Middlewares/Third_Party/FreeRTOS/Source/tasks.c **** 			else
 906:Middlewares/Third_Party/FreeRTOS/Source/tasks.c **** 			{
 907:Middlewares/Third_Party/FreeRTOS/Source/tasks.c **** 				mtCOVERAGE_TEST_MARKER();
 908:Middlewares/Third_Party/FreeRTOS/Source/tasks.c **** 			}
 909:Middlewares/Third_Party/FreeRTOS/Source/tasks.c **** 		}
 910:Middlewares/Third_Party/FreeRTOS/Source/tasks.c **** 
 911:Middlewares/Third_Party/FreeRTOS/Source/tasks.c **** 		/* Ensure the name string is terminated in the case that the string length
 912:Middlewares/Third_Party/FreeRTOS/Source/tasks.c **** 		was greater or equal to configMAX_TASK_NAME_LEN. */
 913:Middlewares/Third_Party/FreeRTOS/Source/tasks.c **** 		pxNewTCB->pcTaskName[ configMAX_TASK_NAME_LEN - 1 ] = '\0';
 914:Middlewares/Third_Party/FreeRTOS/Source/tasks.c **** 	}
 915:Middlewares/Third_Party/FreeRTOS/Source/tasks.c **** 	else
 916:Middlewares/Third_Party/FreeRTOS/Source/tasks.c **** 	{
 917:Middlewares/Third_Party/FreeRTOS/Source/tasks.c **** 		/* The task has not been given a name, so just ensure there is a NULL
 918:Middlewares/Third_Party/FreeRTOS/Source/tasks.c **** 		terminator when it is read out. */
 919:Middlewares/Third_Party/FreeRTOS/Source/tasks.c **** 		pxNewTCB->pcTaskName[ 0 ] = 0x00;
 920:Middlewares/Third_Party/FreeRTOS/Source/tasks.c **** 	}
 921:Middlewares/Third_Party/FreeRTOS/Source/tasks.c **** 
 922:Middlewares/Third_Party/FreeRTOS/Source/tasks.c **** 	/* This is used as an array index so must ensure it's not too large.  First
 923:Middlewares/Third_Party/FreeRTOS/Source/tasks.c **** 	remove the privilege bit if one is present. */
 924:Middlewares/Third_Party/FreeRTOS/Source/tasks.c **** 	if( uxPriority >= ( UBaseType_t ) configMAX_PRIORITIES )
 925:Middlewares/Third_Party/FreeRTOS/Source/tasks.c **** 	{
 926:Middlewares/Third_Party/FreeRTOS/Source/tasks.c **** 		uxPriority = ( UBaseType_t ) configMAX_PRIORITIES - ( UBaseType_t ) 1U;
 927:Middlewares/Third_Party/FreeRTOS/Source/tasks.c **** 	}
 928:Middlewares/Third_Party/FreeRTOS/Source/tasks.c **** 	else
 929:Middlewares/Third_Party/FreeRTOS/Source/tasks.c **** 	{
 930:Middlewares/Third_Party/FreeRTOS/Source/tasks.c **** 		mtCOVERAGE_TEST_MARKER();
 931:Middlewares/Third_Party/FreeRTOS/Source/tasks.c **** 	}
 932:Middlewares/Third_Party/FreeRTOS/Source/tasks.c **** 
 933:Middlewares/Third_Party/FreeRTOS/Source/tasks.c **** 	pxNewTCB->uxPriority = uxPriority;
 934:Middlewares/Third_Party/FreeRTOS/Source/tasks.c **** 	#if ( configUSE_MUTEXES == 1 )
 935:Middlewares/Third_Party/FreeRTOS/Source/tasks.c **** 	{
 936:Middlewares/Third_Party/FreeRTOS/Source/tasks.c **** 		pxNewTCB->uxBasePriority = uxPriority;
 937:Middlewares/Third_Party/FreeRTOS/Source/tasks.c **** 		pxNewTCB->uxMutexesHeld = 0;
 938:Middlewares/Third_Party/FreeRTOS/Source/tasks.c **** 	}
 939:Middlewares/Third_Party/FreeRTOS/Source/tasks.c **** 	#endif /* configUSE_MUTEXES */
 940:Middlewares/Third_Party/FreeRTOS/Source/tasks.c **** 
 941:Middlewares/Third_Party/FreeRTOS/Source/tasks.c **** 	vListInitialiseItem( &( pxNewTCB->xStateListItem ) );
 942:Middlewares/Third_Party/FreeRTOS/Source/tasks.c **** 	vListInitialiseItem( &( pxNewTCB->xEventListItem ) );
 943:Middlewares/Third_Party/FreeRTOS/Source/tasks.c **** 
 944:Middlewares/Third_Party/FreeRTOS/Source/tasks.c **** 	/* Set the pxNewTCB as a link back from the ListItem_t.  This is so we can get
ARM GAS  D:\software\msy64\tmp\ccHzaEXX.s 			page 18


 945:Middlewares/Third_Party/FreeRTOS/Source/tasks.c **** 	back to	the containing TCB from a generic item in a list. */
 946:Middlewares/Third_Party/FreeRTOS/Source/tasks.c **** 	listSET_LIST_ITEM_OWNER( &( pxNewTCB->xStateListItem ), pxNewTCB );
 947:Middlewares/Third_Party/FreeRTOS/Source/tasks.c **** 
 948:Middlewares/Third_Party/FreeRTOS/Source/tasks.c **** 	/* Event lists are always in priority order. */
 949:Middlewares/Third_Party/FreeRTOS/Source/tasks.c **** 	listSET_LIST_ITEM_VALUE( &( pxNewTCB->xEventListItem ), ( TickType_t ) configMAX_PRIORITIES - ( Ti
 950:Middlewares/Third_Party/FreeRTOS/Source/tasks.c **** 	listSET_LIST_ITEM_OWNER( &( pxNewTCB->xEventListItem ), pxNewTCB );
 951:Middlewares/Third_Party/FreeRTOS/Source/tasks.c **** 
 952:Middlewares/Third_Party/FreeRTOS/Source/tasks.c **** 	#if ( portCRITICAL_NESTING_IN_TCB == 1 )
 953:Middlewares/Third_Party/FreeRTOS/Source/tasks.c **** 	{
 954:Middlewares/Third_Party/FreeRTOS/Source/tasks.c **** 		pxNewTCB->uxCriticalNesting = ( UBaseType_t ) 0U;
 955:Middlewares/Third_Party/FreeRTOS/Source/tasks.c **** 	}
 956:Middlewares/Third_Party/FreeRTOS/Source/tasks.c **** 	#endif /* portCRITICAL_NESTING_IN_TCB */
 957:Middlewares/Third_Party/FreeRTOS/Source/tasks.c **** 
 958:Middlewares/Third_Party/FreeRTOS/Source/tasks.c **** 	#if ( configUSE_APPLICATION_TASK_TAG == 1 )
 959:Middlewares/Third_Party/FreeRTOS/Source/tasks.c **** 	{
 960:Middlewares/Third_Party/FreeRTOS/Source/tasks.c **** 		pxNewTCB->pxTaskTag = NULL;
 961:Middlewares/Third_Party/FreeRTOS/Source/tasks.c **** 	}
 962:Middlewares/Third_Party/FreeRTOS/Source/tasks.c **** 	#endif /* configUSE_APPLICATION_TASK_TAG */
 963:Middlewares/Third_Party/FreeRTOS/Source/tasks.c **** 
 964:Middlewares/Third_Party/FreeRTOS/Source/tasks.c **** 	#if ( configGENERATE_RUN_TIME_STATS == 1 )
 965:Middlewares/Third_Party/FreeRTOS/Source/tasks.c **** 	{
 966:Middlewares/Third_Party/FreeRTOS/Source/tasks.c **** 		pxNewTCB->ulRunTimeCounter = 0UL;
 967:Middlewares/Third_Party/FreeRTOS/Source/tasks.c **** 	}
 968:Middlewares/Third_Party/FreeRTOS/Source/tasks.c **** 	#endif /* configGENERATE_RUN_TIME_STATS */
 969:Middlewares/Third_Party/FreeRTOS/Source/tasks.c **** 
 970:Middlewares/Third_Party/FreeRTOS/Source/tasks.c **** 	#if ( portUSING_MPU_WRAPPERS == 1 )
 971:Middlewares/Third_Party/FreeRTOS/Source/tasks.c **** 	{
 972:Middlewares/Third_Party/FreeRTOS/Source/tasks.c **** 		vPortStoreTaskMPUSettings( &( pxNewTCB->xMPUSettings ), xRegions, pxNewTCB->pxStack, ulStackDepth
 973:Middlewares/Third_Party/FreeRTOS/Source/tasks.c **** 	}
 974:Middlewares/Third_Party/FreeRTOS/Source/tasks.c **** 	#else
 975:Middlewares/Third_Party/FreeRTOS/Source/tasks.c **** 	{
 976:Middlewares/Third_Party/FreeRTOS/Source/tasks.c **** 		/* Avoid compiler warning about unreferenced parameter. */
 977:Middlewares/Third_Party/FreeRTOS/Source/tasks.c **** 		( void ) xRegions;
 978:Middlewares/Third_Party/FreeRTOS/Source/tasks.c **** 	}
 979:Middlewares/Third_Party/FreeRTOS/Source/tasks.c **** 	#endif
 980:Middlewares/Third_Party/FreeRTOS/Source/tasks.c **** 
 981:Middlewares/Third_Party/FreeRTOS/Source/tasks.c **** 	#if( configNUM_THREAD_LOCAL_STORAGE_POINTERS != 0 )
 982:Middlewares/Third_Party/FreeRTOS/Source/tasks.c **** 	{
 983:Middlewares/Third_Party/FreeRTOS/Source/tasks.c **** 		for( x = 0; x < ( UBaseType_t ) configNUM_THREAD_LOCAL_STORAGE_POINTERS; x++ )
 984:Middlewares/Third_Party/FreeRTOS/Source/tasks.c **** 		{
 985:Middlewares/Third_Party/FreeRTOS/Source/tasks.c **** 			pxNewTCB->pvThreadLocalStoragePointers[ x ] = NULL;
 986:Middlewares/Third_Party/FreeRTOS/Source/tasks.c **** 		}
 987:Middlewares/Third_Party/FreeRTOS/Source/tasks.c **** 	}
 988:Middlewares/Third_Party/FreeRTOS/Source/tasks.c **** 	#endif
 989:Middlewares/Third_Party/FreeRTOS/Source/tasks.c **** 
 990:Middlewares/Third_Party/FreeRTOS/Source/tasks.c **** 	#if ( configUSE_TASK_NOTIFICATIONS == 1 )
 991:Middlewares/Third_Party/FreeRTOS/Source/tasks.c **** 	{
 992:Middlewares/Third_Party/FreeRTOS/Source/tasks.c **** 		pxNewTCB->ulNotifiedValue = 0;
 993:Middlewares/Third_Party/FreeRTOS/Source/tasks.c **** 		pxNewTCB->ucNotifyState = taskNOT_WAITING_NOTIFICATION;
 994:Middlewares/Third_Party/FreeRTOS/Source/tasks.c **** 	}
 995:Middlewares/Third_Party/FreeRTOS/Source/tasks.c **** 	#endif
 996:Middlewares/Third_Party/FreeRTOS/Source/tasks.c **** 
 997:Middlewares/Third_Party/FreeRTOS/Source/tasks.c **** 	#if ( configUSE_NEWLIB_REENTRANT == 1 )
 998:Middlewares/Third_Party/FreeRTOS/Source/tasks.c **** 	{
 999:Middlewares/Third_Party/FreeRTOS/Source/tasks.c **** 		/* Initialise this task's Newlib reent structure.
1000:Middlewares/Third_Party/FreeRTOS/Source/tasks.c **** 		See the third party link http://www.nadler.com/embedded/newlibAndFreeRTOS.html
1001:Middlewares/Third_Party/FreeRTOS/Source/tasks.c **** 		for additional information. */
ARM GAS  D:\software\msy64\tmp\ccHzaEXX.s 			page 19


1002:Middlewares/Third_Party/FreeRTOS/Source/tasks.c **** 		_REENT_INIT_PTR( ( &( pxNewTCB->xNewLib_reent ) ) );
1003:Middlewares/Third_Party/FreeRTOS/Source/tasks.c **** 	}
1004:Middlewares/Third_Party/FreeRTOS/Source/tasks.c **** 	#endif
1005:Middlewares/Third_Party/FreeRTOS/Source/tasks.c **** 
1006:Middlewares/Third_Party/FreeRTOS/Source/tasks.c **** 	#if( INCLUDE_xTaskAbortDelay == 1 )
1007:Middlewares/Third_Party/FreeRTOS/Source/tasks.c **** 	{
1008:Middlewares/Third_Party/FreeRTOS/Source/tasks.c **** 		pxNewTCB->ucDelayAborted = pdFALSE;
1009:Middlewares/Third_Party/FreeRTOS/Source/tasks.c **** 	}
1010:Middlewares/Third_Party/FreeRTOS/Source/tasks.c **** 	#endif
1011:Middlewares/Third_Party/FreeRTOS/Source/tasks.c **** 
1012:Middlewares/Third_Party/FreeRTOS/Source/tasks.c **** 	/* Initialize the TCB stack to look as if the task was already running,
1013:Middlewares/Third_Party/FreeRTOS/Source/tasks.c **** 	but had been interrupted by the scheduler.  The return address is set
1014:Middlewares/Third_Party/FreeRTOS/Source/tasks.c **** 	to the start of the task function. Once the stack has been initialised
1015:Middlewares/Third_Party/FreeRTOS/Source/tasks.c **** 	the top of stack variable is updated. */
1016:Middlewares/Third_Party/FreeRTOS/Source/tasks.c **** 	#if( portUSING_MPU_WRAPPERS == 1 )
1017:Middlewares/Third_Party/FreeRTOS/Source/tasks.c **** 	{
1018:Middlewares/Third_Party/FreeRTOS/Source/tasks.c **** 		/* If the port has capability to detect stack overflow,
1019:Middlewares/Third_Party/FreeRTOS/Source/tasks.c **** 		pass the stack end address to the stack initialization
1020:Middlewares/Third_Party/FreeRTOS/Source/tasks.c **** 		function as well. */
1021:Middlewares/Third_Party/FreeRTOS/Source/tasks.c **** 		#if( portHAS_STACK_OVERFLOW_CHECKING == 1 )
1022:Middlewares/Third_Party/FreeRTOS/Source/tasks.c **** 		{
1023:Middlewares/Third_Party/FreeRTOS/Source/tasks.c **** 			#if( portSTACK_GROWTH < 0 )
1024:Middlewares/Third_Party/FreeRTOS/Source/tasks.c **** 			{
1025:Middlewares/Third_Party/FreeRTOS/Source/tasks.c **** 				pxNewTCB->pxTopOfStack = pxPortInitialiseStack( pxTopOfStack, pxNewTCB->pxStack, pxTaskCode, pv
1026:Middlewares/Third_Party/FreeRTOS/Source/tasks.c **** 			}
1027:Middlewares/Third_Party/FreeRTOS/Source/tasks.c **** 			#else /* portSTACK_GROWTH */
1028:Middlewares/Third_Party/FreeRTOS/Source/tasks.c **** 			{
1029:Middlewares/Third_Party/FreeRTOS/Source/tasks.c **** 				pxNewTCB->pxTopOfStack = pxPortInitialiseStack( pxTopOfStack, pxNewTCB->pxEndOfStack, pxTaskCod
1030:Middlewares/Third_Party/FreeRTOS/Source/tasks.c **** 			}
1031:Middlewares/Third_Party/FreeRTOS/Source/tasks.c **** 			#endif /* portSTACK_GROWTH */
1032:Middlewares/Third_Party/FreeRTOS/Source/tasks.c **** 		}
1033:Middlewares/Third_Party/FreeRTOS/Source/tasks.c **** 		#else /* portHAS_STACK_OVERFLOW_CHECKING */
1034:Middlewares/Third_Party/FreeRTOS/Source/tasks.c **** 		{
1035:Middlewares/Third_Party/FreeRTOS/Source/tasks.c **** 			pxNewTCB->pxTopOfStack = pxPortInitialiseStack( pxTopOfStack, pxTaskCode, pvParameters, xRunPriv
1036:Middlewares/Third_Party/FreeRTOS/Source/tasks.c **** 		}
1037:Middlewares/Third_Party/FreeRTOS/Source/tasks.c **** 		#endif /* portHAS_STACK_OVERFLOW_CHECKING */
1038:Middlewares/Third_Party/FreeRTOS/Source/tasks.c **** 	}
1039:Middlewares/Third_Party/FreeRTOS/Source/tasks.c **** 	#else /* portUSING_MPU_WRAPPERS */
1040:Middlewares/Third_Party/FreeRTOS/Source/tasks.c **** 	{
1041:Middlewares/Third_Party/FreeRTOS/Source/tasks.c **** 		/* If the port has capability to detect stack overflow,
1042:Middlewares/Third_Party/FreeRTOS/Source/tasks.c **** 		pass the stack end address to the stack initialization
1043:Middlewares/Third_Party/FreeRTOS/Source/tasks.c **** 		function as well. */
1044:Middlewares/Third_Party/FreeRTOS/Source/tasks.c **** 		#if( portHAS_STACK_OVERFLOW_CHECKING == 1 )
1045:Middlewares/Third_Party/FreeRTOS/Source/tasks.c **** 		{
1046:Middlewares/Third_Party/FreeRTOS/Source/tasks.c **** 			#if( portSTACK_GROWTH < 0 )
1047:Middlewares/Third_Party/FreeRTOS/Source/tasks.c **** 			{
1048:Middlewares/Third_Party/FreeRTOS/Source/tasks.c **** 				pxNewTCB->pxTopOfStack = pxPortInitialiseStack( pxTopOfStack, pxNewTCB->pxStack, pxTaskCode, pv
1049:Middlewares/Third_Party/FreeRTOS/Source/tasks.c **** 			}
1050:Middlewares/Third_Party/FreeRTOS/Source/tasks.c **** 			#else /* portSTACK_GROWTH */
1051:Middlewares/Third_Party/FreeRTOS/Source/tasks.c **** 			{
1052:Middlewares/Third_Party/FreeRTOS/Source/tasks.c **** 				pxNewTCB->pxTopOfStack = pxPortInitialiseStack( pxTopOfStack, pxNewTCB->pxEndOfStack, pxTaskCod
1053:Middlewares/Third_Party/FreeRTOS/Source/tasks.c **** 			}
1054:Middlewares/Third_Party/FreeRTOS/Source/tasks.c **** 			#endif /* portSTACK_GROWTH */
1055:Middlewares/Third_Party/FreeRTOS/Source/tasks.c **** 		}
1056:Middlewares/Third_Party/FreeRTOS/Source/tasks.c **** 		#else /* portHAS_STACK_OVERFLOW_CHECKING */
1057:Middlewares/Third_Party/FreeRTOS/Source/tasks.c **** 		{
1058:Middlewares/Third_Party/FreeRTOS/Source/tasks.c **** 			pxNewTCB->pxTopOfStack = pxPortInitialiseStack( pxTopOfStack, pxTaskCode, pvParameters );
ARM GAS  D:\software\msy64\tmp\ccHzaEXX.s 			page 20


1059:Middlewares/Third_Party/FreeRTOS/Source/tasks.c **** 		}
1060:Middlewares/Third_Party/FreeRTOS/Source/tasks.c **** 		#endif /* portHAS_STACK_OVERFLOW_CHECKING */
1061:Middlewares/Third_Party/FreeRTOS/Source/tasks.c **** 	}
1062:Middlewares/Third_Party/FreeRTOS/Source/tasks.c **** 	#endif /* portUSING_MPU_WRAPPERS */
1063:Middlewares/Third_Party/FreeRTOS/Source/tasks.c **** 
1064:Middlewares/Third_Party/FreeRTOS/Source/tasks.c **** 	if( pxCreatedTask != NULL )
1065:Middlewares/Third_Party/FreeRTOS/Source/tasks.c **** 	{
1066:Middlewares/Third_Party/FreeRTOS/Source/tasks.c **** 		/* Pass the handle out in an anonymous way.  The handle can be used to
1067:Middlewares/Third_Party/FreeRTOS/Source/tasks.c **** 		change the created task's priority, delete the created task, etc.*/
1068:Middlewares/Third_Party/FreeRTOS/Source/tasks.c **** 		*pxCreatedTask = ( TaskHandle_t ) pxNewTCB;
1069:Middlewares/Third_Party/FreeRTOS/Source/tasks.c **** 	}
1070:Middlewares/Third_Party/FreeRTOS/Source/tasks.c **** 	else
1071:Middlewares/Third_Party/FreeRTOS/Source/tasks.c **** 	{
1072:Middlewares/Third_Party/FreeRTOS/Source/tasks.c **** 		mtCOVERAGE_TEST_MARKER();
1073:Middlewares/Third_Party/FreeRTOS/Source/tasks.c **** 	}
1074:Middlewares/Third_Party/FreeRTOS/Source/tasks.c **** }
1075:Middlewares/Third_Party/FreeRTOS/Source/tasks.c **** /*-----------------------------------------------------------*/
1076:Middlewares/Third_Party/FreeRTOS/Source/tasks.c **** 
1077:Middlewares/Third_Party/FreeRTOS/Source/tasks.c **** static void prvAddNewTaskToReadyList( TCB_t *pxNewTCB )
1078:Middlewares/Third_Party/FreeRTOS/Source/tasks.c **** {
1079:Middlewares/Third_Party/FreeRTOS/Source/tasks.c **** 	/* Ensure interrupts don't access the task lists while the lists are being
1080:Middlewares/Third_Party/FreeRTOS/Source/tasks.c **** 	updated. */
1081:Middlewares/Third_Party/FreeRTOS/Source/tasks.c **** 	taskENTER_CRITICAL();
1082:Middlewares/Third_Party/FreeRTOS/Source/tasks.c **** 	{
1083:Middlewares/Third_Party/FreeRTOS/Source/tasks.c **** 		uxCurrentNumberOfTasks++;
1084:Middlewares/Third_Party/FreeRTOS/Source/tasks.c **** 		if( pxCurrentTCB == NULL )
1085:Middlewares/Third_Party/FreeRTOS/Source/tasks.c **** 		{
1086:Middlewares/Third_Party/FreeRTOS/Source/tasks.c **** 			/* There are no other tasks, or all the other tasks are in
1087:Middlewares/Third_Party/FreeRTOS/Source/tasks.c **** 			the suspended state - make this the current task. */
1088:Middlewares/Third_Party/FreeRTOS/Source/tasks.c **** 			pxCurrentTCB = pxNewTCB;
1089:Middlewares/Third_Party/FreeRTOS/Source/tasks.c **** 
1090:Middlewares/Third_Party/FreeRTOS/Source/tasks.c **** 			if( uxCurrentNumberOfTasks == ( UBaseType_t ) 1 )
1091:Middlewares/Third_Party/FreeRTOS/Source/tasks.c **** 			{
1092:Middlewares/Third_Party/FreeRTOS/Source/tasks.c **** 				/* This is the first task to be created so do the preliminary
1093:Middlewares/Third_Party/FreeRTOS/Source/tasks.c **** 				initialisation required.  We will not recover if this call
1094:Middlewares/Third_Party/FreeRTOS/Source/tasks.c **** 				fails, but we will report the failure. */
1095:Middlewares/Third_Party/FreeRTOS/Source/tasks.c **** 				prvInitialiseTaskLists();
1096:Middlewares/Third_Party/FreeRTOS/Source/tasks.c **** 			}
1097:Middlewares/Third_Party/FreeRTOS/Source/tasks.c **** 			else
1098:Middlewares/Third_Party/FreeRTOS/Source/tasks.c **** 			{
1099:Middlewares/Third_Party/FreeRTOS/Source/tasks.c **** 				mtCOVERAGE_TEST_MARKER();
1100:Middlewares/Third_Party/FreeRTOS/Source/tasks.c **** 			}
1101:Middlewares/Third_Party/FreeRTOS/Source/tasks.c **** 		}
1102:Middlewares/Third_Party/FreeRTOS/Source/tasks.c **** 		else
1103:Middlewares/Third_Party/FreeRTOS/Source/tasks.c **** 		{
1104:Middlewares/Third_Party/FreeRTOS/Source/tasks.c **** 			/* If the scheduler is not already running, make this task the
1105:Middlewares/Third_Party/FreeRTOS/Source/tasks.c **** 			current task if it is the highest priority task to be created
1106:Middlewares/Third_Party/FreeRTOS/Source/tasks.c **** 			so far. */
1107:Middlewares/Third_Party/FreeRTOS/Source/tasks.c **** 			if( xSchedulerRunning == pdFALSE )
1108:Middlewares/Third_Party/FreeRTOS/Source/tasks.c **** 			{
1109:Middlewares/Third_Party/FreeRTOS/Source/tasks.c **** 				if( pxCurrentTCB->uxPriority <= pxNewTCB->uxPriority )
1110:Middlewares/Third_Party/FreeRTOS/Source/tasks.c **** 				{
1111:Middlewares/Third_Party/FreeRTOS/Source/tasks.c **** 					pxCurrentTCB = pxNewTCB;
1112:Middlewares/Third_Party/FreeRTOS/Source/tasks.c **** 				}
1113:Middlewares/Third_Party/FreeRTOS/Source/tasks.c **** 				else
1114:Middlewares/Third_Party/FreeRTOS/Source/tasks.c **** 				{
1115:Middlewares/Third_Party/FreeRTOS/Source/tasks.c **** 					mtCOVERAGE_TEST_MARKER();
ARM GAS  D:\software\msy64\tmp\ccHzaEXX.s 			page 21


1116:Middlewares/Third_Party/FreeRTOS/Source/tasks.c **** 				}
1117:Middlewares/Third_Party/FreeRTOS/Source/tasks.c **** 			}
1118:Middlewares/Third_Party/FreeRTOS/Source/tasks.c **** 			else
1119:Middlewares/Third_Party/FreeRTOS/Source/tasks.c **** 			{
1120:Middlewares/Third_Party/FreeRTOS/Source/tasks.c **** 				mtCOVERAGE_TEST_MARKER();
1121:Middlewares/Third_Party/FreeRTOS/Source/tasks.c **** 			}
1122:Middlewares/Third_Party/FreeRTOS/Source/tasks.c **** 		}
1123:Middlewares/Third_Party/FreeRTOS/Source/tasks.c **** 
1124:Middlewares/Third_Party/FreeRTOS/Source/tasks.c **** 		uxTaskNumber++;
1125:Middlewares/Third_Party/FreeRTOS/Source/tasks.c **** 
1126:Middlewares/Third_Party/FreeRTOS/Source/tasks.c **** 		#if ( configUSE_TRACE_FACILITY == 1 )
1127:Middlewares/Third_Party/FreeRTOS/Source/tasks.c **** 		{
1128:Middlewares/Third_Party/FreeRTOS/Source/tasks.c **** 			/* Add a counter into the TCB for tracing only. */
1129:Middlewares/Third_Party/FreeRTOS/Source/tasks.c **** 			pxNewTCB->uxTCBNumber = uxTaskNumber;
1130:Middlewares/Third_Party/FreeRTOS/Source/tasks.c **** 		}
1131:Middlewares/Third_Party/FreeRTOS/Source/tasks.c **** 		#endif /* configUSE_TRACE_FACILITY */
1132:Middlewares/Third_Party/FreeRTOS/Source/tasks.c **** 		traceTASK_CREATE( pxNewTCB );
1133:Middlewares/Third_Party/FreeRTOS/Source/tasks.c **** 
1134:Middlewares/Third_Party/FreeRTOS/Source/tasks.c **** 		prvAddTaskToReadyList( pxNewTCB );
1135:Middlewares/Third_Party/FreeRTOS/Source/tasks.c **** 
1136:Middlewares/Third_Party/FreeRTOS/Source/tasks.c **** 		portSETUP_TCB( pxNewTCB );
1137:Middlewares/Third_Party/FreeRTOS/Source/tasks.c **** 	}
1138:Middlewares/Third_Party/FreeRTOS/Source/tasks.c **** 	taskEXIT_CRITICAL();
1139:Middlewares/Third_Party/FreeRTOS/Source/tasks.c **** 
1140:Middlewares/Third_Party/FreeRTOS/Source/tasks.c **** 	if( xSchedulerRunning != pdFALSE )
1141:Middlewares/Third_Party/FreeRTOS/Source/tasks.c **** 	{
1142:Middlewares/Third_Party/FreeRTOS/Source/tasks.c **** 		/* If the created task is of a higher priority than the current task
1143:Middlewares/Third_Party/FreeRTOS/Source/tasks.c **** 		then it should run now. */
1144:Middlewares/Third_Party/FreeRTOS/Source/tasks.c **** 		if( pxCurrentTCB->uxPriority < pxNewTCB->uxPriority )
1145:Middlewares/Third_Party/FreeRTOS/Source/tasks.c **** 		{
1146:Middlewares/Third_Party/FreeRTOS/Source/tasks.c **** 			taskYIELD_IF_USING_PREEMPTION();
1147:Middlewares/Third_Party/FreeRTOS/Source/tasks.c **** 		}
1148:Middlewares/Third_Party/FreeRTOS/Source/tasks.c **** 		else
1149:Middlewares/Third_Party/FreeRTOS/Source/tasks.c **** 		{
1150:Middlewares/Third_Party/FreeRTOS/Source/tasks.c **** 			mtCOVERAGE_TEST_MARKER();
1151:Middlewares/Third_Party/FreeRTOS/Source/tasks.c **** 		}
1152:Middlewares/Third_Party/FreeRTOS/Source/tasks.c **** 	}
1153:Middlewares/Third_Party/FreeRTOS/Source/tasks.c **** 	else
1154:Middlewares/Third_Party/FreeRTOS/Source/tasks.c **** 	{
1155:Middlewares/Third_Party/FreeRTOS/Source/tasks.c **** 		mtCOVERAGE_TEST_MARKER();
1156:Middlewares/Third_Party/FreeRTOS/Source/tasks.c **** 	}
1157:Middlewares/Third_Party/FreeRTOS/Source/tasks.c **** }
1158:Middlewares/Third_Party/FreeRTOS/Source/tasks.c **** /*-----------------------------------------------------------*/
1159:Middlewares/Third_Party/FreeRTOS/Source/tasks.c **** 
1160:Middlewares/Third_Party/FreeRTOS/Source/tasks.c **** #if ( INCLUDE_vTaskDelete == 1 )
1161:Middlewares/Third_Party/FreeRTOS/Source/tasks.c **** 
1162:Middlewares/Third_Party/FreeRTOS/Source/tasks.c **** 	void vTaskDelete( TaskHandle_t xTaskToDelete )
1163:Middlewares/Third_Party/FreeRTOS/Source/tasks.c **** 	{
1164:Middlewares/Third_Party/FreeRTOS/Source/tasks.c **** 	TCB_t *pxTCB;
1165:Middlewares/Third_Party/FreeRTOS/Source/tasks.c **** 
1166:Middlewares/Third_Party/FreeRTOS/Source/tasks.c **** 		taskENTER_CRITICAL();
1167:Middlewares/Third_Party/FreeRTOS/Source/tasks.c **** 		{
1168:Middlewares/Third_Party/FreeRTOS/Source/tasks.c **** 			/* If null is passed in here then it is the calling task that is
1169:Middlewares/Third_Party/FreeRTOS/Source/tasks.c **** 			being deleted. */
1170:Middlewares/Third_Party/FreeRTOS/Source/tasks.c **** 			pxTCB = prvGetTCBFromHandle( xTaskToDelete );
1171:Middlewares/Third_Party/FreeRTOS/Source/tasks.c **** 
1172:Middlewares/Third_Party/FreeRTOS/Source/tasks.c **** 			/* Remove task from the ready/delayed list. */
ARM GAS  D:\software\msy64\tmp\ccHzaEXX.s 			page 22


1173:Middlewares/Third_Party/FreeRTOS/Source/tasks.c **** 			if( uxListRemove( &( pxTCB->xStateListItem ) ) == ( UBaseType_t ) 0 )
1174:Middlewares/Third_Party/FreeRTOS/Source/tasks.c **** 			{
1175:Middlewares/Third_Party/FreeRTOS/Source/tasks.c **** 				taskRESET_READY_PRIORITY( pxTCB->uxPriority );
1176:Middlewares/Third_Party/FreeRTOS/Source/tasks.c **** 			}
1177:Middlewares/Third_Party/FreeRTOS/Source/tasks.c **** 			else
1178:Middlewares/Third_Party/FreeRTOS/Source/tasks.c **** 			{
1179:Middlewares/Third_Party/FreeRTOS/Source/tasks.c **** 				mtCOVERAGE_TEST_MARKER();
1180:Middlewares/Third_Party/FreeRTOS/Source/tasks.c **** 			}
1181:Middlewares/Third_Party/FreeRTOS/Source/tasks.c **** 
1182:Middlewares/Third_Party/FreeRTOS/Source/tasks.c **** 			/* Is the task waiting on an event also? */
1183:Middlewares/Third_Party/FreeRTOS/Source/tasks.c **** 			if( listLIST_ITEM_CONTAINER( &( pxTCB->xEventListItem ) ) != NULL )
1184:Middlewares/Third_Party/FreeRTOS/Source/tasks.c **** 			{
1185:Middlewares/Third_Party/FreeRTOS/Source/tasks.c **** 				( void ) uxListRemove( &( pxTCB->xEventListItem ) );
1186:Middlewares/Third_Party/FreeRTOS/Source/tasks.c **** 			}
1187:Middlewares/Third_Party/FreeRTOS/Source/tasks.c **** 			else
1188:Middlewares/Third_Party/FreeRTOS/Source/tasks.c **** 			{
1189:Middlewares/Third_Party/FreeRTOS/Source/tasks.c **** 				mtCOVERAGE_TEST_MARKER();
1190:Middlewares/Third_Party/FreeRTOS/Source/tasks.c **** 			}
1191:Middlewares/Third_Party/FreeRTOS/Source/tasks.c **** 
1192:Middlewares/Third_Party/FreeRTOS/Source/tasks.c **** 			/* Increment the uxTaskNumber also so kernel aware debuggers can
1193:Middlewares/Third_Party/FreeRTOS/Source/tasks.c **** 			detect that the task lists need re-generating.  This is done before
1194:Middlewares/Third_Party/FreeRTOS/Source/tasks.c **** 			portPRE_TASK_DELETE_HOOK() as in the Windows port that macro will
1195:Middlewares/Third_Party/FreeRTOS/Source/tasks.c **** 			not return. */
1196:Middlewares/Third_Party/FreeRTOS/Source/tasks.c **** 			uxTaskNumber++;
1197:Middlewares/Third_Party/FreeRTOS/Source/tasks.c **** 
1198:Middlewares/Third_Party/FreeRTOS/Source/tasks.c **** 			if( pxTCB == pxCurrentTCB )
1199:Middlewares/Third_Party/FreeRTOS/Source/tasks.c **** 			{
1200:Middlewares/Third_Party/FreeRTOS/Source/tasks.c **** 				/* A task is deleting itself.  This cannot complete within the
1201:Middlewares/Third_Party/FreeRTOS/Source/tasks.c **** 				task itself, as a context switch to another task is required.
1202:Middlewares/Third_Party/FreeRTOS/Source/tasks.c **** 				Place the task in the termination list.  The idle task will
1203:Middlewares/Third_Party/FreeRTOS/Source/tasks.c **** 				check the termination list and free up any memory allocated by
1204:Middlewares/Third_Party/FreeRTOS/Source/tasks.c **** 				the scheduler for the TCB and stack of the deleted task. */
1205:Middlewares/Third_Party/FreeRTOS/Source/tasks.c **** 				vListInsertEnd( &xTasksWaitingTermination, &( pxTCB->xStateListItem ) );
1206:Middlewares/Third_Party/FreeRTOS/Source/tasks.c **** 
1207:Middlewares/Third_Party/FreeRTOS/Source/tasks.c **** 				/* Increment the ucTasksDeleted variable so the idle task knows
1208:Middlewares/Third_Party/FreeRTOS/Source/tasks.c **** 				there is a task that has been deleted and that it should therefore
1209:Middlewares/Third_Party/FreeRTOS/Source/tasks.c **** 				check the xTasksWaitingTermination list. */
1210:Middlewares/Third_Party/FreeRTOS/Source/tasks.c **** 				++uxDeletedTasksWaitingCleanUp;
1211:Middlewares/Third_Party/FreeRTOS/Source/tasks.c **** 
1212:Middlewares/Third_Party/FreeRTOS/Source/tasks.c **** 				/* Call the delete hook before portPRE_TASK_DELETE_HOOK() as
1213:Middlewares/Third_Party/FreeRTOS/Source/tasks.c **** 				portPRE_TASK_DELETE_HOOK() does not return in the Win32 port. */
1214:Middlewares/Third_Party/FreeRTOS/Source/tasks.c **** 				traceTASK_DELETE( pxTCB );
1215:Middlewares/Third_Party/FreeRTOS/Source/tasks.c **** 
1216:Middlewares/Third_Party/FreeRTOS/Source/tasks.c **** 				/* The pre-delete hook is primarily for the Windows simulator,
1217:Middlewares/Third_Party/FreeRTOS/Source/tasks.c **** 				in which Windows specific clean up operations are performed,
1218:Middlewares/Third_Party/FreeRTOS/Source/tasks.c **** 				after which it is not possible to yield away from this task -
1219:Middlewares/Third_Party/FreeRTOS/Source/tasks.c **** 				hence xYieldPending is used to latch that a context switch is
1220:Middlewares/Third_Party/FreeRTOS/Source/tasks.c **** 				required. */
1221:Middlewares/Third_Party/FreeRTOS/Source/tasks.c **** 				portPRE_TASK_DELETE_HOOK( pxTCB, &xYieldPending );
1222:Middlewares/Third_Party/FreeRTOS/Source/tasks.c **** 			}
1223:Middlewares/Third_Party/FreeRTOS/Source/tasks.c **** 			else
1224:Middlewares/Third_Party/FreeRTOS/Source/tasks.c **** 			{
1225:Middlewares/Third_Party/FreeRTOS/Source/tasks.c **** 				--uxCurrentNumberOfTasks;
1226:Middlewares/Third_Party/FreeRTOS/Source/tasks.c **** 				traceTASK_DELETE( pxTCB );
1227:Middlewares/Third_Party/FreeRTOS/Source/tasks.c **** 				prvDeleteTCB( pxTCB );
1228:Middlewares/Third_Party/FreeRTOS/Source/tasks.c **** 
1229:Middlewares/Third_Party/FreeRTOS/Source/tasks.c **** 				/* Reset the next expected unblock time in case it referred to
ARM GAS  D:\software\msy64\tmp\ccHzaEXX.s 			page 23


1230:Middlewares/Third_Party/FreeRTOS/Source/tasks.c **** 				the task that has just been deleted. */
1231:Middlewares/Third_Party/FreeRTOS/Source/tasks.c **** 				prvResetNextTaskUnblockTime();
1232:Middlewares/Third_Party/FreeRTOS/Source/tasks.c **** 			}
1233:Middlewares/Third_Party/FreeRTOS/Source/tasks.c **** 		}
1234:Middlewares/Third_Party/FreeRTOS/Source/tasks.c **** 		taskEXIT_CRITICAL();
1235:Middlewares/Third_Party/FreeRTOS/Source/tasks.c **** 
1236:Middlewares/Third_Party/FreeRTOS/Source/tasks.c **** 		/* Force a reschedule if it is the currently running task that has just
1237:Middlewares/Third_Party/FreeRTOS/Source/tasks.c **** 		been deleted. */
1238:Middlewares/Third_Party/FreeRTOS/Source/tasks.c **** 		if( xSchedulerRunning != pdFALSE )
1239:Middlewares/Third_Party/FreeRTOS/Source/tasks.c **** 		{
1240:Middlewares/Third_Party/FreeRTOS/Source/tasks.c **** 			if( pxTCB == pxCurrentTCB )
1241:Middlewares/Third_Party/FreeRTOS/Source/tasks.c **** 			{
1242:Middlewares/Third_Party/FreeRTOS/Source/tasks.c **** 				configASSERT( uxSchedulerSuspended == 0 );
1243:Middlewares/Third_Party/FreeRTOS/Source/tasks.c **** 				portYIELD_WITHIN_API();
1244:Middlewares/Third_Party/FreeRTOS/Source/tasks.c **** 			}
1245:Middlewares/Third_Party/FreeRTOS/Source/tasks.c **** 			else
1246:Middlewares/Third_Party/FreeRTOS/Source/tasks.c **** 			{
1247:Middlewares/Third_Party/FreeRTOS/Source/tasks.c **** 				mtCOVERAGE_TEST_MARKER();
1248:Middlewares/Third_Party/FreeRTOS/Source/tasks.c **** 			}
1249:Middlewares/Third_Party/FreeRTOS/Source/tasks.c **** 		}
1250:Middlewares/Third_Party/FreeRTOS/Source/tasks.c **** 	}
1251:Middlewares/Third_Party/FreeRTOS/Source/tasks.c **** 
1252:Middlewares/Third_Party/FreeRTOS/Source/tasks.c **** #endif /* INCLUDE_vTaskDelete */
1253:Middlewares/Third_Party/FreeRTOS/Source/tasks.c **** /*-----------------------------------------------------------*/
1254:Middlewares/Third_Party/FreeRTOS/Source/tasks.c **** 
1255:Middlewares/Third_Party/FreeRTOS/Source/tasks.c **** #if ( INCLUDE_vTaskDelayUntil == 1 )
1256:Middlewares/Third_Party/FreeRTOS/Source/tasks.c **** 
1257:Middlewares/Third_Party/FreeRTOS/Source/tasks.c **** 	void vTaskDelayUntil( TickType_t * const pxPreviousWakeTime, const TickType_t xTimeIncrement )
1258:Middlewares/Third_Party/FreeRTOS/Source/tasks.c **** 	{
1259:Middlewares/Third_Party/FreeRTOS/Source/tasks.c **** 	TickType_t xTimeToWake;
1260:Middlewares/Third_Party/FreeRTOS/Source/tasks.c **** 	BaseType_t xAlreadyYielded, xShouldDelay = pdFALSE;
1261:Middlewares/Third_Party/FreeRTOS/Source/tasks.c **** 
1262:Middlewares/Third_Party/FreeRTOS/Source/tasks.c **** 		configASSERT( pxPreviousWakeTime );
1263:Middlewares/Third_Party/FreeRTOS/Source/tasks.c **** 		configASSERT( ( xTimeIncrement > 0U ) );
1264:Middlewares/Third_Party/FreeRTOS/Source/tasks.c **** 		configASSERT( uxSchedulerSuspended == 0 );
1265:Middlewares/Third_Party/FreeRTOS/Source/tasks.c **** 
1266:Middlewares/Third_Party/FreeRTOS/Source/tasks.c **** 		vTaskSuspendAll();
1267:Middlewares/Third_Party/FreeRTOS/Source/tasks.c **** 		{
1268:Middlewares/Third_Party/FreeRTOS/Source/tasks.c **** 			/* Minor optimisation.  The tick count cannot change in this
1269:Middlewares/Third_Party/FreeRTOS/Source/tasks.c **** 			block. */
1270:Middlewares/Third_Party/FreeRTOS/Source/tasks.c **** 			const TickType_t xConstTickCount = xTickCount;
1271:Middlewares/Third_Party/FreeRTOS/Source/tasks.c **** 
1272:Middlewares/Third_Party/FreeRTOS/Source/tasks.c **** 			/* Generate the tick time at which the task wants to wake. */
1273:Middlewares/Third_Party/FreeRTOS/Source/tasks.c **** 			xTimeToWake = *pxPreviousWakeTime + xTimeIncrement;
1274:Middlewares/Third_Party/FreeRTOS/Source/tasks.c **** 
1275:Middlewares/Third_Party/FreeRTOS/Source/tasks.c **** 			if( xConstTickCount < *pxPreviousWakeTime )
1276:Middlewares/Third_Party/FreeRTOS/Source/tasks.c **** 			{
1277:Middlewares/Third_Party/FreeRTOS/Source/tasks.c **** 				/* The tick count has overflowed since this function was
1278:Middlewares/Third_Party/FreeRTOS/Source/tasks.c **** 				lasted called.  In this case the only time we should ever
1279:Middlewares/Third_Party/FreeRTOS/Source/tasks.c **** 				actually delay is if the wake time has also	overflowed,
1280:Middlewares/Third_Party/FreeRTOS/Source/tasks.c **** 				and the wake time is greater than the tick time.  When this
1281:Middlewares/Third_Party/FreeRTOS/Source/tasks.c **** 				is the case it is as if neither time had overflowed. */
1282:Middlewares/Third_Party/FreeRTOS/Source/tasks.c **** 				if( ( xTimeToWake < *pxPreviousWakeTime ) && ( xTimeToWake > xConstTickCount ) )
1283:Middlewares/Third_Party/FreeRTOS/Source/tasks.c **** 				{
1284:Middlewares/Third_Party/FreeRTOS/Source/tasks.c **** 					xShouldDelay = pdTRUE;
1285:Middlewares/Third_Party/FreeRTOS/Source/tasks.c **** 				}
1286:Middlewares/Third_Party/FreeRTOS/Source/tasks.c **** 				else
ARM GAS  D:\software\msy64\tmp\ccHzaEXX.s 			page 24


1287:Middlewares/Third_Party/FreeRTOS/Source/tasks.c **** 				{
1288:Middlewares/Third_Party/FreeRTOS/Source/tasks.c **** 					mtCOVERAGE_TEST_MARKER();
1289:Middlewares/Third_Party/FreeRTOS/Source/tasks.c **** 				}
1290:Middlewares/Third_Party/FreeRTOS/Source/tasks.c **** 			}
1291:Middlewares/Third_Party/FreeRTOS/Source/tasks.c **** 			else
1292:Middlewares/Third_Party/FreeRTOS/Source/tasks.c **** 			{
1293:Middlewares/Third_Party/FreeRTOS/Source/tasks.c **** 				/* The tick time has not overflowed.  In this case we will
1294:Middlewares/Third_Party/FreeRTOS/Source/tasks.c **** 				delay if either the wake time has overflowed, and/or the
1295:Middlewares/Third_Party/FreeRTOS/Source/tasks.c **** 				tick time is less than the wake time. */
1296:Middlewares/Third_Party/FreeRTOS/Source/tasks.c **** 				if( ( xTimeToWake < *pxPreviousWakeTime ) || ( xTimeToWake > xConstTickCount ) )
1297:Middlewares/Third_Party/FreeRTOS/Source/tasks.c **** 				{
1298:Middlewares/Third_Party/FreeRTOS/Source/tasks.c **** 					xShouldDelay = pdTRUE;
1299:Middlewares/Third_Party/FreeRTOS/Source/tasks.c **** 				}
1300:Middlewares/Third_Party/FreeRTOS/Source/tasks.c **** 				else
1301:Middlewares/Third_Party/FreeRTOS/Source/tasks.c **** 				{
1302:Middlewares/Third_Party/FreeRTOS/Source/tasks.c **** 					mtCOVERAGE_TEST_MARKER();
1303:Middlewares/Third_Party/FreeRTOS/Source/tasks.c **** 				}
1304:Middlewares/Third_Party/FreeRTOS/Source/tasks.c **** 			}
1305:Middlewares/Third_Party/FreeRTOS/Source/tasks.c **** 
1306:Middlewares/Third_Party/FreeRTOS/Source/tasks.c **** 			/* Update the wake time ready for the next call. */
1307:Middlewares/Third_Party/FreeRTOS/Source/tasks.c **** 			*pxPreviousWakeTime = xTimeToWake;
1308:Middlewares/Third_Party/FreeRTOS/Source/tasks.c **** 
1309:Middlewares/Third_Party/FreeRTOS/Source/tasks.c **** 			if( xShouldDelay != pdFALSE )
1310:Middlewares/Third_Party/FreeRTOS/Source/tasks.c **** 			{
1311:Middlewares/Third_Party/FreeRTOS/Source/tasks.c **** 				traceTASK_DELAY_UNTIL( xTimeToWake );
1312:Middlewares/Third_Party/FreeRTOS/Source/tasks.c **** 
1313:Middlewares/Third_Party/FreeRTOS/Source/tasks.c **** 				/* prvAddCurrentTaskToDelayedList() needs the block time, not
1314:Middlewares/Third_Party/FreeRTOS/Source/tasks.c **** 				the time to wake, so subtract the current tick count. */
1315:Middlewares/Third_Party/FreeRTOS/Source/tasks.c **** 				prvAddCurrentTaskToDelayedList( xTimeToWake - xConstTickCount, pdFALSE );
1316:Middlewares/Third_Party/FreeRTOS/Source/tasks.c **** 			}
1317:Middlewares/Third_Party/FreeRTOS/Source/tasks.c **** 			else
1318:Middlewares/Third_Party/FreeRTOS/Source/tasks.c **** 			{
1319:Middlewares/Third_Party/FreeRTOS/Source/tasks.c **** 				mtCOVERAGE_TEST_MARKER();
1320:Middlewares/Third_Party/FreeRTOS/Source/tasks.c **** 			}
1321:Middlewares/Third_Party/FreeRTOS/Source/tasks.c **** 		}
1322:Middlewares/Third_Party/FreeRTOS/Source/tasks.c **** 		xAlreadyYielded = xTaskResumeAll();
1323:Middlewares/Third_Party/FreeRTOS/Source/tasks.c **** 
1324:Middlewares/Third_Party/FreeRTOS/Source/tasks.c **** 		/* Force a reschedule if xTaskResumeAll has not already done so, we may
1325:Middlewares/Third_Party/FreeRTOS/Source/tasks.c **** 		have put ourselves to sleep. */
1326:Middlewares/Third_Party/FreeRTOS/Source/tasks.c **** 		if( xAlreadyYielded == pdFALSE )
1327:Middlewares/Third_Party/FreeRTOS/Source/tasks.c **** 		{
1328:Middlewares/Third_Party/FreeRTOS/Source/tasks.c **** 			portYIELD_WITHIN_API();
1329:Middlewares/Third_Party/FreeRTOS/Source/tasks.c **** 		}
1330:Middlewares/Third_Party/FreeRTOS/Source/tasks.c **** 		else
1331:Middlewares/Third_Party/FreeRTOS/Source/tasks.c **** 		{
1332:Middlewares/Third_Party/FreeRTOS/Source/tasks.c **** 			mtCOVERAGE_TEST_MARKER();
1333:Middlewares/Third_Party/FreeRTOS/Source/tasks.c **** 		}
1334:Middlewares/Third_Party/FreeRTOS/Source/tasks.c **** 	}
1335:Middlewares/Third_Party/FreeRTOS/Source/tasks.c **** 
1336:Middlewares/Third_Party/FreeRTOS/Source/tasks.c **** #endif /* INCLUDE_vTaskDelayUntil */
1337:Middlewares/Third_Party/FreeRTOS/Source/tasks.c **** /*-----------------------------------------------------------*/
1338:Middlewares/Third_Party/FreeRTOS/Source/tasks.c **** 
1339:Middlewares/Third_Party/FreeRTOS/Source/tasks.c **** #if ( INCLUDE_vTaskDelay == 1 )
1340:Middlewares/Third_Party/FreeRTOS/Source/tasks.c **** 
1341:Middlewares/Third_Party/FreeRTOS/Source/tasks.c **** 	void vTaskDelay( const TickType_t xTicksToDelay )
1342:Middlewares/Third_Party/FreeRTOS/Source/tasks.c **** 	{
1343:Middlewares/Third_Party/FreeRTOS/Source/tasks.c **** 	BaseType_t xAlreadyYielded = pdFALSE;
ARM GAS  D:\software\msy64\tmp\ccHzaEXX.s 			page 25


1344:Middlewares/Third_Party/FreeRTOS/Source/tasks.c **** 
1345:Middlewares/Third_Party/FreeRTOS/Source/tasks.c **** 		/* A delay time of zero just forces a reschedule. */
1346:Middlewares/Third_Party/FreeRTOS/Source/tasks.c **** 		if( xTicksToDelay > ( TickType_t ) 0U )
1347:Middlewares/Third_Party/FreeRTOS/Source/tasks.c **** 		{
1348:Middlewares/Third_Party/FreeRTOS/Source/tasks.c **** 			configASSERT( uxSchedulerSuspended == 0 );
1349:Middlewares/Third_Party/FreeRTOS/Source/tasks.c **** 			vTaskSuspendAll();
1350:Middlewares/Third_Party/FreeRTOS/Source/tasks.c **** 			{
1351:Middlewares/Third_Party/FreeRTOS/Source/tasks.c **** 				traceTASK_DELAY();
1352:Middlewares/Third_Party/FreeRTOS/Source/tasks.c **** 
1353:Middlewares/Third_Party/FreeRTOS/Source/tasks.c **** 				/* A task that is removed from the event list while the
1354:Middlewares/Third_Party/FreeRTOS/Source/tasks.c **** 				scheduler is suspended will not get placed in the ready
1355:Middlewares/Third_Party/FreeRTOS/Source/tasks.c **** 				list or removed from the blocked list until the scheduler
1356:Middlewares/Third_Party/FreeRTOS/Source/tasks.c **** 				is resumed.
1357:Middlewares/Third_Party/FreeRTOS/Source/tasks.c **** 
1358:Middlewares/Third_Party/FreeRTOS/Source/tasks.c **** 				This task cannot be in an event list as it is the currently
1359:Middlewares/Third_Party/FreeRTOS/Source/tasks.c **** 				executing task. */
1360:Middlewares/Third_Party/FreeRTOS/Source/tasks.c **** 				prvAddCurrentTaskToDelayedList( xTicksToDelay, pdFALSE );
1361:Middlewares/Third_Party/FreeRTOS/Source/tasks.c **** 			}
1362:Middlewares/Third_Party/FreeRTOS/Source/tasks.c **** 			xAlreadyYielded = xTaskResumeAll();
1363:Middlewares/Third_Party/FreeRTOS/Source/tasks.c **** 		}
1364:Middlewares/Third_Party/FreeRTOS/Source/tasks.c **** 		else
1365:Middlewares/Third_Party/FreeRTOS/Source/tasks.c **** 		{
1366:Middlewares/Third_Party/FreeRTOS/Source/tasks.c **** 			mtCOVERAGE_TEST_MARKER();
1367:Middlewares/Third_Party/FreeRTOS/Source/tasks.c **** 		}
1368:Middlewares/Third_Party/FreeRTOS/Source/tasks.c **** 
1369:Middlewares/Third_Party/FreeRTOS/Source/tasks.c **** 		/* Force a reschedule if xTaskResumeAll has not already done so, we may
1370:Middlewares/Third_Party/FreeRTOS/Source/tasks.c **** 		have put ourselves to sleep. */
1371:Middlewares/Third_Party/FreeRTOS/Source/tasks.c **** 		if( xAlreadyYielded == pdFALSE )
1372:Middlewares/Third_Party/FreeRTOS/Source/tasks.c **** 		{
1373:Middlewares/Third_Party/FreeRTOS/Source/tasks.c **** 			portYIELD_WITHIN_API();
1374:Middlewares/Third_Party/FreeRTOS/Source/tasks.c **** 		}
1375:Middlewares/Third_Party/FreeRTOS/Source/tasks.c **** 		else
1376:Middlewares/Third_Party/FreeRTOS/Source/tasks.c **** 		{
1377:Middlewares/Third_Party/FreeRTOS/Source/tasks.c **** 			mtCOVERAGE_TEST_MARKER();
1378:Middlewares/Third_Party/FreeRTOS/Source/tasks.c **** 		}
1379:Middlewares/Third_Party/FreeRTOS/Source/tasks.c **** 	}
1380:Middlewares/Third_Party/FreeRTOS/Source/tasks.c **** 
1381:Middlewares/Third_Party/FreeRTOS/Source/tasks.c **** #endif /* INCLUDE_vTaskDelay */
1382:Middlewares/Third_Party/FreeRTOS/Source/tasks.c **** /*-----------------------------------------------------------*/
1383:Middlewares/Third_Party/FreeRTOS/Source/tasks.c **** 
1384:Middlewares/Third_Party/FreeRTOS/Source/tasks.c **** #if( ( INCLUDE_eTaskGetState == 1 ) || ( configUSE_TRACE_FACILITY == 1 ) || ( INCLUDE_xTaskAbortDel
1385:Middlewares/Third_Party/FreeRTOS/Source/tasks.c **** 
1386:Middlewares/Third_Party/FreeRTOS/Source/tasks.c **** 	eTaskState eTaskGetState( TaskHandle_t xTask )
1387:Middlewares/Third_Party/FreeRTOS/Source/tasks.c **** 	{
1388:Middlewares/Third_Party/FreeRTOS/Source/tasks.c **** 	eTaskState eReturn;
1389:Middlewares/Third_Party/FreeRTOS/Source/tasks.c **** 	List_t const * pxStateList, *pxDelayedList, *pxOverflowedDelayedList;
1390:Middlewares/Third_Party/FreeRTOS/Source/tasks.c **** 	const TCB_t * const pxTCB = xTask;
1391:Middlewares/Third_Party/FreeRTOS/Source/tasks.c **** 
1392:Middlewares/Third_Party/FreeRTOS/Source/tasks.c **** 		configASSERT( pxTCB );
1393:Middlewares/Third_Party/FreeRTOS/Source/tasks.c **** 
1394:Middlewares/Third_Party/FreeRTOS/Source/tasks.c **** 		if( pxTCB == pxCurrentTCB )
1395:Middlewares/Third_Party/FreeRTOS/Source/tasks.c **** 		{
1396:Middlewares/Third_Party/FreeRTOS/Source/tasks.c **** 			/* The task calling this function is querying its own state. */
1397:Middlewares/Third_Party/FreeRTOS/Source/tasks.c **** 			eReturn = eRunning;
1398:Middlewares/Third_Party/FreeRTOS/Source/tasks.c **** 		}
1399:Middlewares/Third_Party/FreeRTOS/Source/tasks.c **** 		else
1400:Middlewares/Third_Party/FreeRTOS/Source/tasks.c **** 		{
ARM GAS  D:\software\msy64\tmp\ccHzaEXX.s 			page 26


1401:Middlewares/Third_Party/FreeRTOS/Source/tasks.c **** 			taskENTER_CRITICAL();
1402:Middlewares/Third_Party/FreeRTOS/Source/tasks.c **** 			{
1403:Middlewares/Third_Party/FreeRTOS/Source/tasks.c **** 				pxStateList = listLIST_ITEM_CONTAINER( &( pxTCB->xStateListItem ) );
1404:Middlewares/Third_Party/FreeRTOS/Source/tasks.c **** 				pxDelayedList = pxDelayedTaskList;
1405:Middlewares/Third_Party/FreeRTOS/Source/tasks.c **** 				pxOverflowedDelayedList = pxOverflowDelayedTaskList;
1406:Middlewares/Third_Party/FreeRTOS/Source/tasks.c **** 			}
1407:Middlewares/Third_Party/FreeRTOS/Source/tasks.c **** 			taskEXIT_CRITICAL();
1408:Middlewares/Third_Party/FreeRTOS/Source/tasks.c **** 
1409:Middlewares/Third_Party/FreeRTOS/Source/tasks.c **** 			if( ( pxStateList == pxDelayedList ) || ( pxStateList == pxOverflowedDelayedList ) )
1410:Middlewares/Third_Party/FreeRTOS/Source/tasks.c **** 			{
1411:Middlewares/Third_Party/FreeRTOS/Source/tasks.c **** 				/* The task being queried is referenced from one of the Blocked
1412:Middlewares/Third_Party/FreeRTOS/Source/tasks.c **** 				lists. */
1413:Middlewares/Third_Party/FreeRTOS/Source/tasks.c **** 				eReturn = eBlocked;
1414:Middlewares/Third_Party/FreeRTOS/Source/tasks.c **** 			}
1415:Middlewares/Third_Party/FreeRTOS/Source/tasks.c **** 
1416:Middlewares/Third_Party/FreeRTOS/Source/tasks.c **** 			#if ( INCLUDE_vTaskSuspend == 1 )
1417:Middlewares/Third_Party/FreeRTOS/Source/tasks.c **** 				else if( pxStateList == &xSuspendedTaskList )
1418:Middlewares/Third_Party/FreeRTOS/Source/tasks.c **** 				{
1419:Middlewares/Third_Party/FreeRTOS/Source/tasks.c **** 					/* The task being queried is referenced from the suspended
1420:Middlewares/Third_Party/FreeRTOS/Source/tasks.c **** 					list.  Is it genuinely suspended or is it blocked
1421:Middlewares/Third_Party/FreeRTOS/Source/tasks.c **** 					indefinitely? */
1422:Middlewares/Third_Party/FreeRTOS/Source/tasks.c **** 					if( listLIST_ITEM_CONTAINER( &( pxTCB->xEventListItem ) ) == NULL )
1423:Middlewares/Third_Party/FreeRTOS/Source/tasks.c **** 					{
1424:Middlewares/Third_Party/FreeRTOS/Source/tasks.c **** 						#if( configUSE_TASK_NOTIFICATIONS == 1 )
1425:Middlewares/Third_Party/FreeRTOS/Source/tasks.c **** 						{
1426:Middlewares/Third_Party/FreeRTOS/Source/tasks.c **** 							/* The task does not appear on the event list item of
1427:Middlewares/Third_Party/FreeRTOS/Source/tasks.c **** 							and of the RTOS objects, but could still be in the
1428:Middlewares/Third_Party/FreeRTOS/Source/tasks.c **** 							blocked state if it is waiting on its notification
1429:Middlewares/Third_Party/FreeRTOS/Source/tasks.c **** 							rather than waiting on an object. */
1430:Middlewares/Third_Party/FreeRTOS/Source/tasks.c **** 							if( pxTCB->ucNotifyState == taskWAITING_NOTIFICATION )
1431:Middlewares/Third_Party/FreeRTOS/Source/tasks.c **** 							{
1432:Middlewares/Third_Party/FreeRTOS/Source/tasks.c **** 								eReturn = eBlocked;
1433:Middlewares/Third_Party/FreeRTOS/Source/tasks.c **** 							}
1434:Middlewares/Third_Party/FreeRTOS/Source/tasks.c **** 							else
1435:Middlewares/Third_Party/FreeRTOS/Source/tasks.c **** 							{
1436:Middlewares/Third_Party/FreeRTOS/Source/tasks.c **** 								eReturn = eSuspended;
1437:Middlewares/Third_Party/FreeRTOS/Source/tasks.c **** 							}
1438:Middlewares/Third_Party/FreeRTOS/Source/tasks.c **** 						}
1439:Middlewares/Third_Party/FreeRTOS/Source/tasks.c **** 						#else
1440:Middlewares/Third_Party/FreeRTOS/Source/tasks.c **** 						{
1441:Middlewares/Third_Party/FreeRTOS/Source/tasks.c **** 							eReturn = eSuspended;
1442:Middlewares/Third_Party/FreeRTOS/Source/tasks.c **** 						}
1443:Middlewares/Third_Party/FreeRTOS/Source/tasks.c **** 						#endif
1444:Middlewares/Third_Party/FreeRTOS/Source/tasks.c **** 					}
1445:Middlewares/Third_Party/FreeRTOS/Source/tasks.c **** 					else
1446:Middlewares/Third_Party/FreeRTOS/Source/tasks.c **** 					{
1447:Middlewares/Third_Party/FreeRTOS/Source/tasks.c **** 						eReturn = eBlocked;
1448:Middlewares/Third_Party/FreeRTOS/Source/tasks.c **** 					}
1449:Middlewares/Third_Party/FreeRTOS/Source/tasks.c **** 				}
1450:Middlewares/Third_Party/FreeRTOS/Source/tasks.c **** 			#endif
1451:Middlewares/Third_Party/FreeRTOS/Source/tasks.c **** 
1452:Middlewares/Third_Party/FreeRTOS/Source/tasks.c **** 			#if ( INCLUDE_vTaskDelete == 1 )
1453:Middlewares/Third_Party/FreeRTOS/Source/tasks.c **** 				else if( ( pxStateList == &xTasksWaitingTermination ) || ( pxStateList == NULL ) )
1454:Middlewares/Third_Party/FreeRTOS/Source/tasks.c **** 				{
1455:Middlewares/Third_Party/FreeRTOS/Source/tasks.c **** 					/* The task being queried is referenced from the deleted
1456:Middlewares/Third_Party/FreeRTOS/Source/tasks.c **** 					tasks list, or it is not referenced from any lists at
1457:Middlewares/Third_Party/FreeRTOS/Source/tasks.c **** 					all. */
ARM GAS  D:\software\msy64\tmp\ccHzaEXX.s 			page 27


1458:Middlewares/Third_Party/FreeRTOS/Source/tasks.c **** 					eReturn = eDeleted;
1459:Middlewares/Third_Party/FreeRTOS/Source/tasks.c **** 				}
1460:Middlewares/Third_Party/FreeRTOS/Source/tasks.c **** 			#endif
1461:Middlewares/Third_Party/FreeRTOS/Source/tasks.c **** 
1462:Middlewares/Third_Party/FreeRTOS/Source/tasks.c **** 			else /*lint !e525 Negative indentation is intended to make use of pre-processor clearer. */
1463:Middlewares/Third_Party/FreeRTOS/Source/tasks.c **** 			{
1464:Middlewares/Third_Party/FreeRTOS/Source/tasks.c **** 				/* If the task is not in any other state, it must be in the
1465:Middlewares/Third_Party/FreeRTOS/Source/tasks.c **** 				Ready (including pending ready) state. */
1466:Middlewares/Third_Party/FreeRTOS/Source/tasks.c **** 				eReturn = eReady;
1467:Middlewares/Third_Party/FreeRTOS/Source/tasks.c **** 			}
1468:Middlewares/Third_Party/FreeRTOS/Source/tasks.c **** 		}
1469:Middlewares/Third_Party/FreeRTOS/Source/tasks.c **** 
1470:Middlewares/Third_Party/FreeRTOS/Source/tasks.c **** 		return eReturn;
1471:Middlewares/Third_Party/FreeRTOS/Source/tasks.c **** 	} /*lint !e818 xTask cannot be a pointer to const because it is a typedef. */
1472:Middlewares/Third_Party/FreeRTOS/Source/tasks.c **** 
1473:Middlewares/Third_Party/FreeRTOS/Source/tasks.c **** #endif /* INCLUDE_eTaskGetState */
1474:Middlewares/Third_Party/FreeRTOS/Source/tasks.c **** /*-----------------------------------------------------------*/
1475:Middlewares/Third_Party/FreeRTOS/Source/tasks.c **** 
1476:Middlewares/Third_Party/FreeRTOS/Source/tasks.c **** #if ( INCLUDE_uxTaskPriorityGet == 1 )
1477:Middlewares/Third_Party/FreeRTOS/Source/tasks.c **** 
1478:Middlewares/Third_Party/FreeRTOS/Source/tasks.c **** 	UBaseType_t uxTaskPriorityGet( const TaskHandle_t xTask )
1479:Middlewares/Third_Party/FreeRTOS/Source/tasks.c **** 	{
1480:Middlewares/Third_Party/FreeRTOS/Source/tasks.c **** 	TCB_t const *pxTCB;
1481:Middlewares/Third_Party/FreeRTOS/Source/tasks.c **** 	UBaseType_t uxReturn;
1482:Middlewares/Third_Party/FreeRTOS/Source/tasks.c **** 
1483:Middlewares/Third_Party/FreeRTOS/Source/tasks.c **** 		taskENTER_CRITICAL();
1484:Middlewares/Third_Party/FreeRTOS/Source/tasks.c **** 		{
1485:Middlewares/Third_Party/FreeRTOS/Source/tasks.c **** 			/* If null is passed in here then it is the priority of the task
1486:Middlewares/Third_Party/FreeRTOS/Source/tasks.c **** 			that called uxTaskPriorityGet() that is being queried. */
1487:Middlewares/Third_Party/FreeRTOS/Source/tasks.c **** 			pxTCB = prvGetTCBFromHandle( xTask );
1488:Middlewares/Third_Party/FreeRTOS/Source/tasks.c **** 			uxReturn = pxTCB->uxPriority;
1489:Middlewares/Third_Party/FreeRTOS/Source/tasks.c **** 		}
1490:Middlewares/Third_Party/FreeRTOS/Source/tasks.c **** 		taskEXIT_CRITICAL();
1491:Middlewares/Third_Party/FreeRTOS/Source/tasks.c **** 
1492:Middlewares/Third_Party/FreeRTOS/Source/tasks.c **** 		return uxReturn;
1493:Middlewares/Third_Party/FreeRTOS/Source/tasks.c **** 	}
1494:Middlewares/Third_Party/FreeRTOS/Source/tasks.c **** 
1495:Middlewares/Third_Party/FreeRTOS/Source/tasks.c **** #endif /* INCLUDE_uxTaskPriorityGet */
1496:Middlewares/Third_Party/FreeRTOS/Source/tasks.c **** /*-----------------------------------------------------------*/
1497:Middlewares/Third_Party/FreeRTOS/Source/tasks.c **** 
1498:Middlewares/Third_Party/FreeRTOS/Source/tasks.c **** #if ( INCLUDE_uxTaskPriorityGet == 1 )
1499:Middlewares/Third_Party/FreeRTOS/Source/tasks.c **** 
1500:Middlewares/Third_Party/FreeRTOS/Source/tasks.c **** 	UBaseType_t uxTaskPriorityGetFromISR( const TaskHandle_t xTask )
1501:Middlewares/Third_Party/FreeRTOS/Source/tasks.c **** 	{
1502:Middlewares/Third_Party/FreeRTOS/Source/tasks.c **** 	TCB_t const *pxTCB;
1503:Middlewares/Third_Party/FreeRTOS/Source/tasks.c **** 	UBaseType_t uxReturn, uxSavedInterruptState;
1504:Middlewares/Third_Party/FreeRTOS/Source/tasks.c **** 
1505:Middlewares/Third_Party/FreeRTOS/Source/tasks.c **** 		/* RTOS ports that support interrupt nesting have the concept of a
1506:Middlewares/Third_Party/FreeRTOS/Source/tasks.c **** 		maximum	system call (or maximum API call) interrupt priority.
1507:Middlewares/Third_Party/FreeRTOS/Source/tasks.c **** 		Interrupts that are	above the maximum system call priority are keep
1508:Middlewares/Third_Party/FreeRTOS/Source/tasks.c **** 		permanently enabled, even when the RTOS kernel is in a critical section,
1509:Middlewares/Third_Party/FreeRTOS/Source/tasks.c **** 		but cannot make any calls to FreeRTOS API functions.  If configASSERT()
1510:Middlewares/Third_Party/FreeRTOS/Source/tasks.c **** 		is defined in FreeRTOSConfig.h then
1511:Middlewares/Third_Party/FreeRTOS/Source/tasks.c **** 		portASSERT_IF_INTERRUPT_PRIORITY_INVALID() will result in an assertion
1512:Middlewares/Third_Party/FreeRTOS/Source/tasks.c **** 		failure if a FreeRTOS API function is called from an interrupt that has
1513:Middlewares/Third_Party/FreeRTOS/Source/tasks.c **** 		been assigned a priority above the configured maximum system call
1514:Middlewares/Third_Party/FreeRTOS/Source/tasks.c **** 		priority.  Only FreeRTOS functions that end in FromISR can be called
ARM GAS  D:\software\msy64\tmp\ccHzaEXX.s 			page 28


1515:Middlewares/Third_Party/FreeRTOS/Source/tasks.c **** 		from interrupts	that have been assigned a priority at or (logically)
1516:Middlewares/Third_Party/FreeRTOS/Source/tasks.c **** 		below the maximum system call interrupt priority.  FreeRTOS maintains a
1517:Middlewares/Third_Party/FreeRTOS/Source/tasks.c **** 		separate interrupt safe API to ensure interrupt entry is as fast and as
1518:Middlewares/Third_Party/FreeRTOS/Source/tasks.c **** 		simple as possible.  More information (albeit Cortex-M specific) is
1519:Middlewares/Third_Party/FreeRTOS/Source/tasks.c **** 		provided on the following link:
1520:Middlewares/Third_Party/FreeRTOS/Source/tasks.c **** 		https://www.freertos.org/RTOS-Cortex-M3-M4.html */
1521:Middlewares/Third_Party/FreeRTOS/Source/tasks.c **** 		portASSERT_IF_INTERRUPT_PRIORITY_INVALID();
1522:Middlewares/Third_Party/FreeRTOS/Source/tasks.c **** 
1523:Middlewares/Third_Party/FreeRTOS/Source/tasks.c **** 		uxSavedInterruptState = portSET_INTERRUPT_MASK_FROM_ISR();
1524:Middlewares/Third_Party/FreeRTOS/Source/tasks.c **** 		{
1525:Middlewares/Third_Party/FreeRTOS/Source/tasks.c **** 			/* If null is passed in here then it is the priority of the calling
1526:Middlewares/Third_Party/FreeRTOS/Source/tasks.c **** 			task that is being queried. */
1527:Middlewares/Third_Party/FreeRTOS/Source/tasks.c **** 			pxTCB = prvGetTCBFromHandle( xTask );
1528:Middlewares/Third_Party/FreeRTOS/Source/tasks.c **** 			uxReturn = pxTCB->uxPriority;
1529:Middlewares/Third_Party/FreeRTOS/Source/tasks.c **** 		}
1530:Middlewares/Third_Party/FreeRTOS/Source/tasks.c **** 		portCLEAR_INTERRUPT_MASK_FROM_ISR( uxSavedInterruptState );
1531:Middlewares/Third_Party/FreeRTOS/Source/tasks.c **** 
1532:Middlewares/Third_Party/FreeRTOS/Source/tasks.c **** 		return uxReturn;
1533:Middlewares/Third_Party/FreeRTOS/Source/tasks.c **** 	}
1534:Middlewares/Third_Party/FreeRTOS/Source/tasks.c **** 
1535:Middlewares/Third_Party/FreeRTOS/Source/tasks.c **** #endif /* INCLUDE_uxTaskPriorityGet */
1536:Middlewares/Third_Party/FreeRTOS/Source/tasks.c **** /*-----------------------------------------------------------*/
1537:Middlewares/Third_Party/FreeRTOS/Source/tasks.c **** 
1538:Middlewares/Third_Party/FreeRTOS/Source/tasks.c **** #if ( INCLUDE_vTaskPrioritySet == 1 )
1539:Middlewares/Third_Party/FreeRTOS/Source/tasks.c **** 
1540:Middlewares/Third_Party/FreeRTOS/Source/tasks.c **** 	void vTaskPrioritySet( TaskHandle_t xTask, UBaseType_t uxNewPriority )
1541:Middlewares/Third_Party/FreeRTOS/Source/tasks.c **** 	{
1542:Middlewares/Third_Party/FreeRTOS/Source/tasks.c **** 	TCB_t *pxTCB;
1543:Middlewares/Third_Party/FreeRTOS/Source/tasks.c **** 	UBaseType_t uxCurrentBasePriority, uxPriorityUsedOnEntry;
1544:Middlewares/Third_Party/FreeRTOS/Source/tasks.c **** 	BaseType_t xYieldRequired = pdFALSE;
1545:Middlewares/Third_Party/FreeRTOS/Source/tasks.c **** 
1546:Middlewares/Third_Party/FreeRTOS/Source/tasks.c **** 		configASSERT( ( uxNewPriority < configMAX_PRIORITIES ) );
1547:Middlewares/Third_Party/FreeRTOS/Source/tasks.c **** 
1548:Middlewares/Third_Party/FreeRTOS/Source/tasks.c **** 		/* Ensure the new priority is valid. */
1549:Middlewares/Third_Party/FreeRTOS/Source/tasks.c **** 		if( uxNewPriority >= ( UBaseType_t ) configMAX_PRIORITIES )
1550:Middlewares/Third_Party/FreeRTOS/Source/tasks.c **** 		{
1551:Middlewares/Third_Party/FreeRTOS/Source/tasks.c **** 			uxNewPriority = ( UBaseType_t ) configMAX_PRIORITIES - ( UBaseType_t ) 1U;
1552:Middlewares/Third_Party/FreeRTOS/Source/tasks.c **** 		}
1553:Middlewares/Third_Party/FreeRTOS/Source/tasks.c **** 		else
1554:Middlewares/Third_Party/FreeRTOS/Source/tasks.c **** 		{
1555:Middlewares/Third_Party/FreeRTOS/Source/tasks.c **** 			mtCOVERAGE_TEST_MARKER();
1556:Middlewares/Third_Party/FreeRTOS/Source/tasks.c **** 		}
1557:Middlewares/Third_Party/FreeRTOS/Source/tasks.c **** 
1558:Middlewares/Third_Party/FreeRTOS/Source/tasks.c **** 		taskENTER_CRITICAL();
1559:Middlewares/Third_Party/FreeRTOS/Source/tasks.c **** 		{
1560:Middlewares/Third_Party/FreeRTOS/Source/tasks.c **** 			/* If null is passed in here then it is the priority of the calling
1561:Middlewares/Third_Party/FreeRTOS/Source/tasks.c **** 			task that is being changed. */
1562:Middlewares/Third_Party/FreeRTOS/Source/tasks.c **** 			pxTCB = prvGetTCBFromHandle( xTask );
1563:Middlewares/Third_Party/FreeRTOS/Source/tasks.c **** 
1564:Middlewares/Third_Party/FreeRTOS/Source/tasks.c **** 			traceTASK_PRIORITY_SET( pxTCB, uxNewPriority );
1565:Middlewares/Third_Party/FreeRTOS/Source/tasks.c **** 
1566:Middlewares/Third_Party/FreeRTOS/Source/tasks.c **** 			#if ( configUSE_MUTEXES == 1 )
1567:Middlewares/Third_Party/FreeRTOS/Source/tasks.c **** 			{
1568:Middlewares/Third_Party/FreeRTOS/Source/tasks.c **** 				uxCurrentBasePriority = pxTCB->uxBasePriority;
1569:Middlewares/Third_Party/FreeRTOS/Source/tasks.c **** 			}
1570:Middlewares/Third_Party/FreeRTOS/Source/tasks.c **** 			#else
1571:Middlewares/Third_Party/FreeRTOS/Source/tasks.c **** 			{
ARM GAS  D:\software\msy64\tmp\ccHzaEXX.s 			page 29


1572:Middlewares/Third_Party/FreeRTOS/Source/tasks.c **** 				uxCurrentBasePriority = pxTCB->uxPriority;
1573:Middlewares/Third_Party/FreeRTOS/Source/tasks.c **** 			}
1574:Middlewares/Third_Party/FreeRTOS/Source/tasks.c **** 			#endif
1575:Middlewares/Third_Party/FreeRTOS/Source/tasks.c **** 
1576:Middlewares/Third_Party/FreeRTOS/Source/tasks.c **** 			if( uxCurrentBasePriority != uxNewPriority )
1577:Middlewares/Third_Party/FreeRTOS/Source/tasks.c **** 			{
1578:Middlewares/Third_Party/FreeRTOS/Source/tasks.c **** 				/* The priority change may have readied a task of higher
1579:Middlewares/Third_Party/FreeRTOS/Source/tasks.c **** 				priority than the calling task. */
1580:Middlewares/Third_Party/FreeRTOS/Source/tasks.c **** 				if( uxNewPriority > uxCurrentBasePriority )
1581:Middlewares/Third_Party/FreeRTOS/Source/tasks.c **** 				{
1582:Middlewares/Third_Party/FreeRTOS/Source/tasks.c **** 					if( pxTCB != pxCurrentTCB )
1583:Middlewares/Third_Party/FreeRTOS/Source/tasks.c **** 					{
1584:Middlewares/Third_Party/FreeRTOS/Source/tasks.c **** 						/* The priority of a task other than the currently
1585:Middlewares/Third_Party/FreeRTOS/Source/tasks.c **** 						running task is being raised.  Is the priority being
1586:Middlewares/Third_Party/FreeRTOS/Source/tasks.c **** 						raised above that of the running task? */
1587:Middlewares/Third_Party/FreeRTOS/Source/tasks.c **** 						if( uxNewPriority >= pxCurrentTCB->uxPriority )
1588:Middlewares/Third_Party/FreeRTOS/Source/tasks.c **** 						{
1589:Middlewares/Third_Party/FreeRTOS/Source/tasks.c **** 							xYieldRequired = pdTRUE;
1590:Middlewares/Third_Party/FreeRTOS/Source/tasks.c **** 						}
1591:Middlewares/Third_Party/FreeRTOS/Source/tasks.c **** 						else
1592:Middlewares/Third_Party/FreeRTOS/Source/tasks.c **** 						{
1593:Middlewares/Third_Party/FreeRTOS/Source/tasks.c **** 							mtCOVERAGE_TEST_MARKER();
1594:Middlewares/Third_Party/FreeRTOS/Source/tasks.c **** 						}
1595:Middlewares/Third_Party/FreeRTOS/Source/tasks.c **** 					}
1596:Middlewares/Third_Party/FreeRTOS/Source/tasks.c **** 					else
1597:Middlewares/Third_Party/FreeRTOS/Source/tasks.c **** 					{
1598:Middlewares/Third_Party/FreeRTOS/Source/tasks.c **** 						/* The priority of the running task is being raised,
1599:Middlewares/Third_Party/FreeRTOS/Source/tasks.c **** 						but the running task must already be the highest
1600:Middlewares/Third_Party/FreeRTOS/Source/tasks.c **** 						priority task able to run so no yield is required. */
1601:Middlewares/Third_Party/FreeRTOS/Source/tasks.c **** 					}
1602:Middlewares/Third_Party/FreeRTOS/Source/tasks.c **** 				}
1603:Middlewares/Third_Party/FreeRTOS/Source/tasks.c **** 				else if( pxTCB == pxCurrentTCB )
1604:Middlewares/Third_Party/FreeRTOS/Source/tasks.c **** 				{
1605:Middlewares/Third_Party/FreeRTOS/Source/tasks.c **** 					/* Setting the priority of the running task down means
1606:Middlewares/Third_Party/FreeRTOS/Source/tasks.c **** 					there may now be another task of higher priority that
1607:Middlewares/Third_Party/FreeRTOS/Source/tasks.c **** 					is ready to execute. */
1608:Middlewares/Third_Party/FreeRTOS/Source/tasks.c **** 					xYieldRequired = pdTRUE;
1609:Middlewares/Third_Party/FreeRTOS/Source/tasks.c **** 				}
1610:Middlewares/Third_Party/FreeRTOS/Source/tasks.c **** 				else
1611:Middlewares/Third_Party/FreeRTOS/Source/tasks.c **** 				{
1612:Middlewares/Third_Party/FreeRTOS/Source/tasks.c **** 					/* Setting the priority of any other task down does not
1613:Middlewares/Third_Party/FreeRTOS/Source/tasks.c **** 					require a yield as the running task must be above the
1614:Middlewares/Third_Party/FreeRTOS/Source/tasks.c **** 					new priority of the task being modified. */
1615:Middlewares/Third_Party/FreeRTOS/Source/tasks.c **** 				}
1616:Middlewares/Third_Party/FreeRTOS/Source/tasks.c **** 
1617:Middlewares/Third_Party/FreeRTOS/Source/tasks.c **** 				/* Remember the ready list the task might be referenced from
1618:Middlewares/Third_Party/FreeRTOS/Source/tasks.c **** 				before its uxPriority member is changed so the
1619:Middlewares/Third_Party/FreeRTOS/Source/tasks.c **** 				taskRESET_READY_PRIORITY() macro can function correctly. */
1620:Middlewares/Third_Party/FreeRTOS/Source/tasks.c **** 				uxPriorityUsedOnEntry = pxTCB->uxPriority;
1621:Middlewares/Third_Party/FreeRTOS/Source/tasks.c **** 
1622:Middlewares/Third_Party/FreeRTOS/Source/tasks.c **** 				#if ( configUSE_MUTEXES == 1 )
1623:Middlewares/Third_Party/FreeRTOS/Source/tasks.c **** 				{
1624:Middlewares/Third_Party/FreeRTOS/Source/tasks.c **** 					/* Only change the priority being used if the task is not
1625:Middlewares/Third_Party/FreeRTOS/Source/tasks.c **** 					currently using an inherited priority. */
1626:Middlewares/Third_Party/FreeRTOS/Source/tasks.c **** 					if( pxTCB->uxBasePriority == pxTCB->uxPriority )
1627:Middlewares/Third_Party/FreeRTOS/Source/tasks.c **** 					{
1628:Middlewares/Third_Party/FreeRTOS/Source/tasks.c **** 						pxTCB->uxPriority = uxNewPriority;
ARM GAS  D:\software\msy64\tmp\ccHzaEXX.s 			page 30


1629:Middlewares/Third_Party/FreeRTOS/Source/tasks.c **** 					}
1630:Middlewares/Third_Party/FreeRTOS/Source/tasks.c **** 					else
1631:Middlewares/Third_Party/FreeRTOS/Source/tasks.c **** 					{
1632:Middlewares/Third_Party/FreeRTOS/Source/tasks.c **** 						mtCOVERAGE_TEST_MARKER();
1633:Middlewares/Third_Party/FreeRTOS/Source/tasks.c **** 					}
1634:Middlewares/Third_Party/FreeRTOS/Source/tasks.c **** 
1635:Middlewares/Third_Party/FreeRTOS/Source/tasks.c **** 					/* The base priority gets set whatever. */
1636:Middlewares/Third_Party/FreeRTOS/Source/tasks.c **** 					pxTCB->uxBasePriority = uxNewPriority;
1637:Middlewares/Third_Party/FreeRTOS/Source/tasks.c **** 				}
1638:Middlewares/Third_Party/FreeRTOS/Source/tasks.c **** 				#else
1639:Middlewares/Third_Party/FreeRTOS/Source/tasks.c **** 				{
1640:Middlewares/Third_Party/FreeRTOS/Source/tasks.c **** 					pxTCB->uxPriority = uxNewPriority;
1641:Middlewares/Third_Party/FreeRTOS/Source/tasks.c **** 				}
1642:Middlewares/Third_Party/FreeRTOS/Source/tasks.c **** 				#endif
1643:Middlewares/Third_Party/FreeRTOS/Source/tasks.c **** 
1644:Middlewares/Third_Party/FreeRTOS/Source/tasks.c **** 				/* Only reset the event list item value if the value is not
1645:Middlewares/Third_Party/FreeRTOS/Source/tasks.c **** 				being used for anything else. */
1646:Middlewares/Third_Party/FreeRTOS/Source/tasks.c **** 				if( ( listGET_LIST_ITEM_VALUE( &( pxTCB->xEventListItem ) ) & taskEVENT_LIST_ITEM_VALUE_IN_USE 
1647:Middlewares/Third_Party/FreeRTOS/Source/tasks.c **** 				{
1648:Middlewares/Third_Party/FreeRTOS/Source/tasks.c **** 					listSET_LIST_ITEM_VALUE( &( pxTCB->xEventListItem ), ( ( TickType_t ) configMAX_PRIORITIES - (
1649:Middlewares/Third_Party/FreeRTOS/Source/tasks.c **** 				}
1650:Middlewares/Third_Party/FreeRTOS/Source/tasks.c **** 				else
1651:Middlewares/Third_Party/FreeRTOS/Source/tasks.c **** 				{
1652:Middlewares/Third_Party/FreeRTOS/Source/tasks.c **** 					mtCOVERAGE_TEST_MARKER();
1653:Middlewares/Third_Party/FreeRTOS/Source/tasks.c **** 				}
1654:Middlewares/Third_Party/FreeRTOS/Source/tasks.c **** 
1655:Middlewares/Third_Party/FreeRTOS/Source/tasks.c **** 				/* If the task is in the blocked or suspended list we need do
1656:Middlewares/Third_Party/FreeRTOS/Source/tasks.c **** 				nothing more than change its priority variable. However, if
1657:Middlewares/Third_Party/FreeRTOS/Source/tasks.c **** 				the task is in a ready list it needs to be removed and placed
1658:Middlewares/Third_Party/FreeRTOS/Source/tasks.c **** 				in the list appropriate to its new priority. */
1659:Middlewares/Third_Party/FreeRTOS/Source/tasks.c **** 				if( listIS_CONTAINED_WITHIN( &( pxReadyTasksLists[ uxPriorityUsedOnEntry ] ), &( pxTCB->xStateL
1660:Middlewares/Third_Party/FreeRTOS/Source/tasks.c **** 				{
1661:Middlewares/Third_Party/FreeRTOS/Source/tasks.c **** 					/* The task is currently in its ready list - remove before
1662:Middlewares/Third_Party/FreeRTOS/Source/tasks.c **** 					adding it to it's new ready list.  As we are in a critical
1663:Middlewares/Third_Party/FreeRTOS/Source/tasks.c **** 					section we can do this even if the scheduler is suspended. */
1664:Middlewares/Third_Party/FreeRTOS/Source/tasks.c **** 					if( uxListRemove( &( pxTCB->xStateListItem ) ) == ( UBaseType_t ) 0 )
1665:Middlewares/Third_Party/FreeRTOS/Source/tasks.c **** 					{
1666:Middlewares/Third_Party/FreeRTOS/Source/tasks.c **** 						/* It is known that the task is in its ready list so
1667:Middlewares/Third_Party/FreeRTOS/Source/tasks.c **** 						there is no need to check again and the port level
1668:Middlewares/Third_Party/FreeRTOS/Source/tasks.c **** 						reset macro can be called directly. */
1669:Middlewares/Third_Party/FreeRTOS/Source/tasks.c **** 						portRESET_READY_PRIORITY( uxPriorityUsedOnEntry, uxTopReadyPriority );
1670:Middlewares/Third_Party/FreeRTOS/Source/tasks.c **** 					}
1671:Middlewares/Third_Party/FreeRTOS/Source/tasks.c **** 					else
1672:Middlewares/Third_Party/FreeRTOS/Source/tasks.c **** 					{
1673:Middlewares/Third_Party/FreeRTOS/Source/tasks.c **** 						mtCOVERAGE_TEST_MARKER();
1674:Middlewares/Third_Party/FreeRTOS/Source/tasks.c **** 					}
1675:Middlewares/Third_Party/FreeRTOS/Source/tasks.c **** 					prvAddTaskToReadyList( pxTCB );
1676:Middlewares/Third_Party/FreeRTOS/Source/tasks.c **** 				}
1677:Middlewares/Third_Party/FreeRTOS/Source/tasks.c **** 				else
1678:Middlewares/Third_Party/FreeRTOS/Source/tasks.c **** 				{
1679:Middlewares/Third_Party/FreeRTOS/Source/tasks.c **** 					mtCOVERAGE_TEST_MARKER();
1680:Middlewares/Third_Party/FreeRTOS/Source/tasks.c **** 				}
1681:Middlewares/Third_Party/FreeRTOS/Source/tasks.c **** 
1682:Middlewares/Third_Party/FreeRTOS/Source/tasks.c **** 				if( xYieldRequired != pdFALSE )
1683:Middlewares/Third_Party/FreeRTOS/Source/tasks.c **** 				{
1684:Middlewares/Third_Party/FreeRTOS/Source/tasks.c **** 					taskYIELD_IF_USING_PREEMPTION();
1685:Middlewares/Third_Party/FreeRTOS/Source/tasks.c **** 				}
ARM GAS  D:\software\msy64\tmp\ccHzaEXX.s 			page 31


1686:Middlewares/Third_Party/FreeRTOS/Source/tasks.c **** 				else
1687:Middlewares/Third_Party/FreeRTOS/Source/tasks.c **** 				{
1688:Middlewares/Third_Party/FreeRTOS/Source/tasks.c **** 					mtCOVERAGE_TEST_MARKER();
1689:Middlewares/Third_Party/FreeRTOS/Source/tasks.c **** 				}
1690:Middlewares/Third_Party/FreeRTOS/Source/tasks.c **** 
1691:Middlewares/Third_Party/FreeRTOS/Source/tasks.c **** 				/* Remove compiler warning about unused variables when the port
1692:Middlewares/Third_Party/FreeRTOS/Source/tasks.c **** 				optimised task selection is not being used. */
1693:Middlewares/Third_Party/FreeRTOS/Source/tasks.c **** 				( void ) uxPriorityUsedOnEntry;
1694:Middlewares/Third_Party/FreeRTOS/Source/tasks.c **** 			}
1695:Middlewares/Third_Party/FreeRTOS/Source/tasks.c **** 		}
1696:Middlewares/Third_Party/FreeRTOS/Source/tasks.c **** 		taskEXIT_CRITICAL();
1697:Middlewares/Third_Party/FreeRTOS/Source/tasks.c **** 	}
1698:Middlewares/Third_Party/FreeRTOS/Source/tasks.c **** 
1699:Middlewares/Third_Party/FreeRTOS/Source/tasks.c **** #endif /* INCLUDE_vTaskPrioritySet */
1700:Middlewares/Third_Party/FreeRTOS/Source/tasks.c **** /*-----------------------------------------------------------*/
1701:Middlewares/Third_Party/FreeRTOS/Source/tasks.c **** 
1702:Middlewares/Third_Party/FreeRTOS/Source/tasks.c **** #if ( INCLUDE_vTaskSuspend == 1 )
1703:Middlewares/Third_Party/FreeRTOS/Source/tasks.c **** 
1704:Middlewares/Third_Party/FreeRTOS/Source/tasks.c **** 	void vTaskSuspend( TaskHandle_t xTaskToSuspend )
1705:Middlewares/Third_Party/FreeRTOS/Source/tasks.c **** 	{
1706:Middlewares/Third_Party/FreeRTOS/Source/tasks.c **** 	TCB_t *pxTCB;
1707:Middlewares/Third_Party/FreeRTOS/Source/tasks.c **** 
1708:Middlewares/Third_Party/FreeRTOS/Source/tasks.c **** 		taskENTER_CRITICAL();
1709:Middlewares/Third_Party/FreeRTOS/Source/tasks.c **** 		{
1710:Middlewares/Third_Party/FreeRTOS/Source/tasks.c **** 			/* If null is passed in here then it is the running task that is
1711:Middlewares/Third_Party/FreeRTOS/Source/tasks.c **** 			being suspended. */
1712:Middlewares/Third_Party/FreeRTOS/Source/tasks.c **** 			pxTCB = prvGetTCBFromHandle( xTaskToSuspend );
1713:Middlewares/Third_Party/FreeRTOS/Source/tasks.c **** 
1714:Middlewares/Third_Party/FreeRTOS/Source/tasks.c **** 			traceTASK_SUSPEND( pxTCB );
1715:Middlewares/Third_Party/FreeRTOS/Source/tasks.c **** 
1716:Middlewares/Third_Party/FreeRTOS/Source/tasks.c **** 			/* Remove task from the ready/delayed list and place in the
1717:Middlewares/Third_Party/FreeRTOS/Source/tasks.c **** 			suspended list. */
1718:Middlewares/Third_Party/FreeRTOS/Source/tasks.c **** 			if( uxListRemove( &( pxTCB->xStateListItem ) ) == ( UBaseType_t ) 0 )
1719:Middlewares/Third_Party/FreeRTOS/Source/tasks.c **** 			{
1720:Middlewares/Third_Party/FreeRTOS/Source/tasks.c **** 				taskRESET_READY_PRIORITY( pxTCB->uxPriority );
1721:Middlewares/Third_Party/FreeRTOS/Source/tasks.c **** 			}
1722:Middlewares/Third_Party/FreeRTOS/Source/tasks.c **** 			else
1723:Middlewares/Third_Party/FreeRTOS/Source/tasks.c **** 			{
1724:Middlewares/Third_Party/FreeRTOS/Source/tasks.c **** 				mtCOVERAGE_TEST_MARKER();
1725:Middlewares/Third_Party/FreeRTOS/Source/tasks.c **** 			}
1726:Middlewares/Third_Party/FreeRTOS/Source/tasks.c **** 
1727:Middlewares/Third_Party/FreeRTOS/Source/tasks.c **** 			/* Is the task waiting on an event also? */
1728:Middlewares/Third_Party/FreeRTOS/Source/tasks.c **** 			if( listLIST_ITEM_CONTAINER( &( pxTCB->xEventListItem ) ) != NULL )
1729:Middlewares/Third_Party/FreeRTOS/Source/tasks.c **** 			{
1730:Middlewares/Third_Party/FreeRTOS/Source/tasks.c **** 				( void ) uxListRemove( &( pxTCB->xEventListItem ) );
1731:Middlewares/Third_Party/FreeRTOS/Source/tasks.c **** 			}
1732:Middlewares/Third_Party/FreeRTOS/Source/tasks.c **** 			else
1733:Middlewares/Third_Party/FreeRTOS/Source/tasks.c **** 			{
1734:Middlewares/Third_Party/FreeRTOS/Source/tasks.c **** 				mtCOVERAGE_TEST_MARKER();
1735:Middlewares/Third_Party/FreeRTOS/Source/tasks.c **** 			}
1736:Middlewares/Third_Party/FreeRTOS/Source/tasks.c **** 
1737:Middlewares/Third_Party/FreeRTOS/Source/tasks.c **** 			vListInsertEnd( &xSuspendedTaskList, &( pxTCB->xStateListItem ) );
1738:Middlewares/Third_Party/FreeRTOS/Source/tasks.c **** 
1739:Middlewares/Third_Party/FreeRTOS/Source/tasks.c **** 			#if( configUSE_TASK_NOTIFICATIONS == 1 )
1740:Middlewares/Third_Party/FreeRTOS/Source/tasks.c **** 			{
1741:Middlewares/Third_Party/FreeRTOS/Source/tasks.c **** 				if( pxTCB->ucNotifyState == taskWAITING_NOTIFICATION )
1742:Middlewares/Third_Party/FreeRTOS/Source/tasks.c **** 				{
ARM GAS  D:\software\msy64\tmp\ccHzaEXX.s 			page 32


1743:Middlewares/Third_Party/FreeRTOS/Source/tasks.c **** 					/* The task was blocked to wait for a notification, but is
1744:Middlewares/Third_Party/FreeRTOS/Source/tasks.c **** 					now suspended, so no notification was received. */
1745:Middlewares/Third_Party/FreeRTOS/Source/tasks.c **** 					pxTCB->ucNotifyState = taskNOT_WAITING_NOTIFICATION;
1746:Middlewares/Third_Party/FreeRTOS/Source/tasks.c **** 				}
1747:Middlewares/Third_Party/FreeRTOS/Source/tasks.c **** 			}
1748:Middlewares/Third_Party/FreeRTOS/Source/tasks.c **** 			#endif
1749:Middlewares/Third_Party/FreeRTOS/Source/tasks.c **** 		}
1750:Middlewares/Third_Party/FreeRTOS/Source/tasks.c **** 		taskEXIT_CRITICAL();
1751:Middlewares/Third_Party/FreeRTOS/Source/tasks.c **** 
1752:Middlewares/Third_Party/FreeRTOS/Source/tasks.c **** 		if( xSchedulerRunning != pdFALSE )
1753:Middlewares/Third_Party/FreeRTOS/Source/tasks.c **** 		{
1754:Middlewares/Third_Party/FreeRTOS/Source/tasks.c **** 			/* Reset the next expected unblock time in case it referred to the
1755:Middlewares/Third_Party/FreeRTOS/Source/tasks.c **** 			task that is now in the Suspended state. */
1756:Middlewares/Third_Party/FreeRTOS/Source/tasks.c **** 			taskENTER_CRITICAL();
1757:Middlewares/Third_Party/FreeRTOS/Source/tasks.c **** 			{
1758:Middlewares/Third_Party/FreeRTOS/Source/tasks.c **** 				prvResetNextTaskUnblockTime();
1759:Middlewares/Third_Party/FreeRTOS/Source/tasks.c **** 			}
1760:Middlewares/Third_Party/FreeRTOS/Source/tasks.c **** 			taskEXIT_CRITICAL();
1761:Middlewares/Third_Party/FreeRTOS/Source/tasks.c **** 		}
1762:Middlewares/Third_Party/FreeRTOS/Source/tasks.c **** 		else
1763:Middlewares/Third_Party/FreeRTOS/Source/tasks.c **** 		{
1764:Middlewares/Third_Party/FreeRTOS/Source/tasks.c **** 			mtCOVERAGE_TEST_MARKER();
1765:Middlewares/Third_Party/FreeRTOS/Source/tasks.c **** 		}
1766:Middlewares/Third_Party/FreeRTOS/Source/tasks.c **** 
1767:Middlewares/Third_Party/FreeRTOS/Source/tasks.c **** 		if( pxTCB == pxCurrentTCB )
1768:Middlewares/Third_Party/FreeRTOS/Source/tasks.c **** 		{
1769:Middlewares/Third_Party/FreeRTOS/Source/tasks.c **** 			if( xSchedulerRunning != pdFALSE )
1770:Middlewares/Third_Party/FreeRTOS/Source/tasks.c **** 			{
1771:Middlewares/Third_Party/FreeRTOS/Source/tasks.c **** 				/* The current task has just been suspended. */
1772:Middlewares/Third_Party/FreeRTOS/Source/tasks.c **** 				configASSERT( uxSchedulerSuspended == 0 );
1773:Middlewares/Third_Party/FreeRTOS/Source/tasks.c **** 				portYIELD_WITHIN_API();
1774:Middlewares/Third_Party/FreeRTOS/Source/tasks.c **** 			}
1775:Middlewares/Third_Party/FreeRTOS/Source/tasks.c **** 			else
1776:Middlewares/Third_Party/FreeRTOS/Source/tasks.c **** 			{
1777:Middlewares/Third_Party/FreeRTOS/Source/tasks.c **** 				/* The scheduler is not running, but the task that was pointed
1778:Middlewares/Third_Party/FreeRTOS/Source/tasks.c **** 				to by pxCurrentTCB has just been suspended and pxCurrentTCB
1779:Middlewares/Third_Party/FreeRTOS/Source/tasks.c **** 				must be adjusted to point to a different task. */
1780:Middlewares/Third_Party/FreeRTOS/Source/tasks.c **** 				if( listCURRENT_LIST_LENGTH( &xSuspendedTaskList ) == uxCurrentNumberOfTasks ) /*lint !e931 Rig
1781:Middlewares/Third_Party/FreeRTOS/Source/tasks.c **** 				{
1782:Middlewares/Third_Party/FreeRTOS/Source/tasks.c **** 					/* No other tasks are ready, so set pxCurrentTCB back to
1783:Middlewares/Third_Party/FreeRTOS/Source/tasks.c **** 					NULL so when the next task is created pxCurrentTCB will
1784:Middlewares/Third_Party/FreeRTOS/Source/tasks.c **** 					be set to point to it no matter what its relative priority
1785:Middlewares/Third_Party/FreeRTOS/Source/tasks.c **** 					is. */
1786:Middlewares/Third_Party/FreeRTOS/Source/tasks.c **** 					pxCurrentTCB = NULL;
1787:Middlewares/Third_Party/FreeRTOS/Source/tasks.c **** 				}
1788:Middlewares/Third_Party/FreeRTOS/Source/tasks.c **** 				else
1789:Middlewares/Third_Party/FreeRTOS/Source/tasks.c **** 				{
1790:Middlewares/Third_Party/FreeRTOS/Source/tasks.c **** 					vTaskSwitchContext();
1791:Middlewares/Third_Party/FreeRTOS/Source/tasks.c **** 				}
1792:Middlewares/Third_Party/FreeRTOS/Source/tasks.c **** 			}
1793:Middlewares/Third_Party/FreeRTOS/Source/tasks.c **** 		}
1794:Middlewares/Third_Party/FreeRTOS/Source/tasks.c **** 		else
1795:Middlewares/Third_Party/FreeRTOS/Source/tasks.c **** 		{
1796:Middlewares/Third_Party/FreeRTOS/Source/tasks.c **** 			mtCOVERAGE_TEST_MARKER();
1797:Middlewares/Third_Party/FreeRTOS/Source/tasks.c **** 		}
1798:Middlewares/Third_Party/FreeRTOS/Source/tasks.c **** 	}
1799:Middlewares/Third_Party/FreeRTOS/Source/tasks.c **** 
ARM GAS  D:\software\msy64\tmp\ccHzaEXX.s 			page 33


1800:Middlewares/Third_Party/FreeRTOS/Source/tasks.c **** #endif /* INCLUDE_vTaskSuspend */
1801:Middlewares/Third_Party/FreeRTOS/Source/tasks.c **** /*-----------------------------------------------------------*/
1802:Middlewares/Third_Party/FreeRTOS/Source/tasks.c **** 
1803:Middlewares/Third_Party/FreeRTOS/Source/tasks.c **** #if ( INCLUDE_vTaskSuspend == 1 )
1804:Middlewares/Third_Party/FreeRTOS/Source/tasks.c **** 
1805:Middlewares/Third_Party/FreeRTOS/Source/tasks.c **** 	static BaseType_t prvTaskIsTaskSuspended( const TaskHandle_t xTask )
1806:Middlewares/Third_Party/FreeRTOS/Source/tasks.c **** 	{
  27              		.loc 1 1806 2 view -0
  28              		.cfi_startproc
  29              		@ args = 0, pretend = 0, frame = 0
  30              		@ frame_needed = 0, uses_anonymous_args = 0
  31              		@ link register save eliminated.
1807:Middlewares/Third_Party/FreeRTOS/Source/tasks.c **** 	BaseType_t xReturn = pdFALSE;
  32              		.loc 1 1807 2 view .LVU1
1808:Middlewares/Third_Party/FreeRTOS/Source/tasks.c **** 	const TCB_t * const pxTCB = xTask;
  33              		.loc 1 1808 2 view .LVU2
1809:Middlewares/Third_Party/FreeRTOS/Source/tasks.c **** 
1810:Middlewares/Third_Party/FreeRTOS/Source/tasks.c **** 		/* Accesses xPendingReadyList so must be called from a critical
1811:Middlewares/Third_Party/FreeRTOS/Source/tasks.c **** 		section. */
1812:Middlewares/Third_Party/FreeRTOS/Source/tasks.c **** 
1813:Middlewares/Third_Party/FreeRTOS/Source/tasks.c **** 		/* It does not make sense to check if the calling task is suspended. */
1814:Middlewares/Third_Party/FreeRTOS/Source/tasks.c **** 		configASSERT( xTask );
  34              		.loc 1 1814 3 view .LVU3
  35 0000 28B1     		cbz	r0, .L8
  36              		.loc 1 1814 24 discriminator 2 view .LVU4
1815:Middlewares/Third_Party/FreeRTOS/Source/tasks.c **** 
1816:Middlewares/Third_Party/FreeRTOS/Source/tasks.c **** 		/* Is the task being resumed actually in the suspended list? */
1817:Middlewares/Third_Party/FreeRTOS/Source/tasks.c **** 		if( listIS_CONTAINED_WITHIN( &xSuspendedTaskList, &( pxTCB->xStateListItem ) ) != pdFALSE )
  37              		.loc 1 1817 3 view .LVU5
  38              		.loc 1 1817 7 is_stmt 0 view .LVU6
  39 0002 4169     		ldr	r1, [r0, #20]
  40              		.loc 1 1817 5 view .LVU7
  41 0004 0C4A     		ldr	r2, .L10
  42 0006 9142     		cmp	r1, r2
  43 0008 0AD0     		beq	.L9
1807:Middlewares/Third_Party/FreeRTOS/Source/tasks.c **** 	const TCB_t * const pxTCB = xTask;
  44              		.loc 1 1807 13 view .LVU8
  45 000a 0020     		movs	r0, #0
  46              	.LVL1:
1807:Middlewares/Third_Party/FreeRTOS/Source/tasks.c **** 	const TCB_t * const pxTCB = xTask;
  47              		.loc 1 1807 13 view .LVU9
  48 000c 7047     		bx	lr
  49              	.LVL2:
  50              	.L8:
1814:Middlewares/Third_Party/FreeRTOS/Source/tasks.c **** 
  51              		.loc 1 1814 3 is_stmt 1 discriminator 1 view .LVU10
  52              	.LBB110:
  53              	.LBI110:
  54              		.file 2 "Middlewares/Third_Party/FreeRTOS/Source/portable/GCC/ARM_CM3/portmacro.h"
   1:Middlewares/Third_Party/FreeRTOS/Source/portable/GCC/ARM_CM3/portmacro.h **** /*
   2:Middlewares/Third_Party/FreeRTOS/Source/portable/GCC/ARM_CM3/portmacro.h ****  * FreeRTOS Kernel V10.3.1
   3:Middlewares/Third_Party/FreeRTOS/Source/portable/GCC/ARM_CM3/portmacro.h ****  * Copyright (C) 2020 Amazon.com, Inc. or its affiliates.  All Rights Reserved.
   4:Middlewares/Third_Party/FreeRTOS/Source/portable/GCC/ARM_CM3/portmacro.h ****  *
   5:Middlewares/Third_Party/FreeRTOS/Source/portable/GCC/ARM_CM3/portmacro.h ****  * Permission is hereby granted, free of charge, to any person obtaining a copy of
   6:Middlewares/Third_Party/FreeRTOS/Source/portable/GCC/ARM_CM3/portmacro.h ****  * this software and associated documentation files (the "Software"), to deal in
   7:Middlewares/Third_Party/FreeRTOS/Source/portable/GCC/ARM_CM3/portmacro.h ****  * the Software without restriction, including without limitation the rights to
   8:Middlewares/Third_Party/FreeRTOS/Source/portable/GCC/ARM_CM3/portmacro.h ****  * use, copy, modify, merge, publish, distribute, sublicense, and/or sell copies of
ARM GAS  D:\software\msy64\tmp\ccHzaEXX.s 			page 34


   9:Middlewares/Third_Party/FreeRTOS/Source/portable/GCC/ARM_CM3/portmacro.h ****  * the Software, and to permit persons to whom the Software is furnished to do so,
  10:Middlewares/Third_Party/FreeRTOS/Source/portable/GCC/ARM_CM3/portmacro.h ****  * subject to the following conditions:
  11:Middlewares/Third_Party/FreeRTOS/Source/portable/GCC/ARM_CM3/portmacro.h ****  *
  12:Middlewares/Third_Party/FreeRTOS/Source/portable/GCC/ARM_CM3/portmacro.h ****  * The above copyright notice and this permission notice shall be included in all
  13:Middlewares/Third_Party/FreeRTOS/Source/portable/GCC/ARM_CM3/portmacro.h ****  * copies or substantial portions of the Software.
  14:Middlewares/Third_Party/FreeRTOS/Source/portable/GCC/ARM_CM3/portmacro.h ****  *
  15:Middlewares/Third_Party/FreeRTOS/Source/portable/GCC/ARM_CM3/portmacro.h ****  * THE SOFTWARE IS PROVIDED "AS IS", WITHOUT WARRANTY OF ANY KIND, EXPRESS OR
  16:Middlewares/Third_Party/FreeRTOS/Source/portable/GCC/ARM_CM3/portmacro.h ****  * IMPLIED, INCLUDING BUT NOT LIMITED TO THE WARRANTIES OF MERCHANTABILITY, FITNESS
  17:Middlewares/Third_Party/FreeRTOS/Source/portable/GCC/ARM_CM3/portmacro.h ****  * FOR A PARTICULAR PURPOSE AND NONINFRINGEMENT. IN NO EVENT SHALL THE AUTHORS OR
  18:Middlewares/Third_Party/FreeRTOS/Source/portable/GCC/ARM_CM3/portmacro.h ****  * COPYRIGHT HOLDERS BE LIABLE FOR ANY CLAIM, DAMAGES OR OTHER LIABILITY, WHETHER
  19:Middlewares/Third_Party/FreeRTOS/Source/portable/GCC/ARM_CM3/portmacro.h ****  * IN AN ACTION OF CONTRACT, TORT OR OTHERWISE, ARISING FROM, OUT OF OR IN
  20:Middlewares/Third_Party/FreeRTOS/Source/portable/GCC/ARM_CM3/portmacro.h ****  * CONNECTION WITH THE SOFTWARE OR THE USE OR OTHER DEALINGS IN THE SOFTWARE.
  21:Middlewares/Third_Party/FreeRTOS/Source/portable/GCC/ARM_CM3/portmacro.h ****  *
  22:Middlewares/Third_Party/FreeRTOS/Source/portable/GCC/ARM_CM3/portmacro.h ****  * http://www.FreeRTOS.org
  23:Middlewares/Third_Party/FreeRTOS/Source/portable/GCC/ARM_CM3/portmacro.h ****  * http://aws.amazon.com/freertos
  24:Middlewares/Third_Party/FreeRTOS/Source/portable/GCC/ARM_CM3/portmacro.h ****  *
  25:Middlewares/Third_Party/FreeRTOS/Source/portable/GCC/ARM_CM3/portmacro.h ****  * 1 tab == 4 spaces!
  26:Middlewares/Third_Party/FreeRTOS/Source/portable/GCC/ARM_CM3/portmacro.h ****  */
  27:Middlewares/Third_Party/FreeRTOS/Source/portable/GCC/ARM_CM3/portmacro.h **** 
  28:Middlewares/Third_Party/FreeRTOS/Source/portable/GCC/ARM_CM3/portmacro.h **** 
  29:Middlewares/Third_Party/FreeRTOS/Source/portable/GCC/ARM_CM3/portmacro.h **** #ifndef PORTMACRO_H
  30:Middlewares/Third_Party/FreeRTOS/Source/portable/GCC/ARM_CM3/portmacro.h **** #define PORTMACRO_H
  31:Middlewares/Third_Party/FreeRTOS/Source/portable/GCC/ARM_CM3/portmacro.h **** 
  32:Middlewares/Third_Party/FreeRTOS/Source/portable/GCC/ARM_CM3/portmacro.h **** #ifdef __cplusplus
  33:Middlewares/Third_Party/FreeRTOS/Source/portable/GCC/ARM_CM3/portmacro.h **** extern "C" {
  34:Middlewares/Third_Party/FreeRTOS/Source/portable/GCC/ARM_CM3/portmacro.h **** #endif
  35:Middlewares/Third_Party/FreeRTOS/Source/portable/GCC/ARM_CM3/portmacro.h **** 
  36:Middlewares/Third_Party/FreeRTOS/Source/portable/GCC/ARM_CM3/portmacro.h **** /*-----------------------------------------------------------
  37:Middlewares/Third_Party/FreeRTOS/Source/portable/GCC/ARM_CM3/portmacro.h ****  * Port specific definitions.
  38:Middlewares/Third_Party/FreeRTOS/Source/portable/GCC/ARM_CM3/portmacro.h ****  *
  39:Middlewares/Third_Party/FreeRTOS/Source/portable/GCC/ARM_CM3/portmacro.h ****  * The settings in this file configure FreeRTOS correctly for the
  40:Middlewares/Third_Party/FreeRTOS/Source/portable/GCC/ARM_CM3/portmacro.h ****  * given hardware and compiler.
  41:Middlewares/Third_Party/FreeRTOS/Source/portable/GCC/ARM_CM3/portmacro.h ****  *
  42:Middlewares/Third_Party/FreeRTOS/Source/portable/GCC/ARM_CM3/portmacro.h ****  * These settings should not be altered.
  43:Middlewares/Third_Party/FreeRTOS/Source/portable/GCC/ARM_CM3/portmacro.h ****  *-----------------------------------------------------------
  44:Middlewares/Third_Party/FreeRTOS/Source/portable/GCC/ARM_CM3/portmacro.h ****  */
  45:Middlewares/Third_Party/FreeRTOS/Source/portable/GCC/ARM_CM3/portmacro.h **** 
  46:Middlewares/Third_Party/FreeRTOS/Source/portable/GCC/ARM_CM3/portmacro.h **** /* Type definitions. */
  47:Middlewares/Third_Party/FreeRTOS/Source/portable/GCC/ARM_CM3/portmacro.h **** #define portCHAR		char
  48:Middlewares/Third_Party/FreeRTOS/Source/portable/GCC/ARM_CM3/portmacro.h **** #define portFLOAT		float
  49:Middlewares/Third_Party/FreeRTOS/Source/portable/GCC/ARM_CM3/portmacro.h **** #define portDOUBLE		double
  50:Middlewares/Third_Party/FreeRTOS/Source/portable/GCC/ARM_CM3/portmacro.h **** #define portLONG		long
  51:Middlewares/Third_Party/FreeRTOS/Source/portable/GCC/ARM_CM3/portmacro.h **** #define portSHORT		short
  52:Middlewares/Third_Party/FreeRTOS/Source/portable/GCC/ARM_CM3/portmacro.h **** #define portSTACK_TYPE	uint32_t
  53:Middlewares/Third_Party/FreeRTOS/Source/portable/GCC/ARM_CM3/portmacro.h **** #define portBASE_TYPE	long
  54:Middlewares/Third_Party/FreeRTOS/Source/portable/GCC/ARM_CM3/portmacro.h **** 
  55:Middlewares/Third_Party/FreeRTOS/Source/portable/GCC/ARM_CM3/portmacro.h **** typedef portSTACK_TYPE StackType_t;
  56:Middlewares/Third_Party/FreeRTOS/Source/portable/GCC/ARM_CM3/portmacro.h **** typedef long BaseType_t;
  57:Middlewares/Third_Party/FreeRTOS/Source/portable/GCC/ARM_CM3/portmacro.h **** typedef unsigned long UBaseType_t;
  58:Middlewares/Third_Party/FreeRTOS/Source/portable/GCC/ARM_CM3/portmacro.h **** 
  59:Middlewares/Third_Party/FreeRTOS/Source/portable/GCC/ARM_CM3/portmacro.h **** #if( configUSE_16_BIT_TICKS == 1 )
  60:Middlewares/Third_Party/FreeRTOS/Source/portable/GCC/ARM_CM3/portmacro.h **** 	typedef uint16_t TickType_t;
  61:Middlewares/Third_Party/FreeRTOS/Source/portable/GCC/ARM_CM3/portmacro.h **** 	#define portMAX_DELAY ( TickType_t ) 0xffff
  62:Middlewares/Third_Party/FreeRTOS/Source/portable/GCC/ARM_CM3/portmacro.h **** #else
  63:Middlewares/Third_Party/FreeRTOS/Source/portable/GCC/ARM_CM3/portmacro.h **** 	typedef uint32_t TickType_t;
  64:Middlewares/Third_Party/FreeRTOS/Source/portable/GCC/ARM_CM3/portmacro.h **** 	#define portMAX_DELAY ( TickType_t ) 0xffffffffUL
  65:Middlewares/Third_Party/FreeRTOS/Source/portable/GCC/ARM_CM3/portmacro.h **** 
ARM GAS  D:\software\msy64\tmp\ccHzaEXX.s 			page 35


  66:Middlewares/Third_Party/FreeRTOS/Source/portable/GCC/ARM_CM3/portmacro.h **** 	/* 32-bit tick type on a 32-bit architecture, so reads of the tick count do
  67:Middlewares/Third_Party/FreeRTOS/Source/portable/GCC/ARM_CM3/portmacro.h **** 	not need to be guarded with a critical section. */
  68:Middlewares/Third_Party/FreeRTOS/Source/portable/GCC/ARM_CM3/portmacro.h **** 	#define portTICK_TYPE_IS_ATOMIC 1
  69:Middlewares/Third_Party/FreeRTOS/Source/portable/GCC/ARM_CM3/portmacro.h **** #endif
  70:Middlewares/Third_Party/FreeRTOS/Source/portable/GCC/ARM_CM3/portmacro.h **** /*-----------------------------------------------------------*/
  71:Middlewares/Third_Party/FreeRTOS/Source/portable/GCC/ARM_CM3/portmacro.h **** 
  72:Middlewares/Third_Party/FreeRTOS/Source/portable/GCC/ARM_CM3/portmacro.h **** /* Architecture specifics. */
  73:Middlewares/Third_Party/FreeRTOS/Source/portable/GCC/ARM_CM3/portmacro.h **** #define portSTACK_GROWTH			( -1 )
  74:Middlewares/Third_Party/FreeRTOS/Source/portable/GCC/ARM_CM3/portmacro.h **** #define portTICK_PERIOD_MS			( ( TickType_t ) 1000 / configTICK_RATE_HZ )
  75:Middlewares/Third_Party/FreeRTOS/Source/portable/GCC/ARM_CM3/portmacro.h **** #define portBYTE_ALIGNMENT			8
  76:Middlewares/Third_Party/FreeRTOS/Source/portable/GCC/ARM_CM3/portmacro.h **** /*-----------------------------------------------------------*/
  77:Middlewares/Third_Party/FreeRTOS/Source/portable/GCC/ARM_CM3/portmacro.h **** 
  78:Middlewares/Third_Party/FreeRTOS/Source/portable/GCC/ARM_CM3/portmacro.h **** /* Scheduler utilities. */
  79:Middlewares/Third_Party/FreeRTOS/Source/portable/GCC/ARM_CM3/portmacro.h **** #define portYIELD() 															\
  80:Middlewares/Third_Party/FreeRTOS/Source/portable/GCC/ARM_CM3/portmacro.h **** {																				\
  81:Middlewares/Third_Party/FreeRTOS/Source/portable/GCC/ARM_CM3/portmacro.h **** 	/* Set a PendSV to request a context switch. */								\
  82:Middlewares/Third_Party/FreeRTOS/Source/portable/GCC/ARM_CM3/portmacro.h **** 	portNVIC_INT_CTRL_REG = portNVIC_PENDSVSET_BIT;								\
  83:Middlewares/Third_Party/FreeRTOS/Source/portable/GCC/ARM_CM3/portmacro.h **** 																				\
  84:Middlewares/Third_Party/FreeRTOS/Source/portable/GCC/ARM_CM3/portmacro.h **** 	/* Barriers are normally not required but do ensure the code is completely	\
  85:Middlewares/Third_Party/FreeRTOS/Source/portable/GCC/ARM_CM3/portmacro.h **** 	within the specified behaviour for the architecture. */						\
  86:Middlewares/Third_Party/FreeRTOS/Source/portable/GCC/ARM_CM3/portmacro.h **** 	__asm volatile( "dsb" ::: "memory" );										\
  87:Middlewares/Third_Party/FreeRTOS/Source/portable/GCC/ARM_CM3/portmacro.h **** 	__asm volatile( "isb" );													\
  88:Middlewares/Third_Party/FreeRTOS/Source/portable/GCC/ARM_CM3/portmacro.h **** }
  89:Middlewares/Third_Party/FreeRTOS/Source/portable/GCC/ARM_CM3/portmacro.h **** 
  90:Middlewares/Third_Party/FreeRTOS/Source/portable/GCC/ARM_CM3/portmacro.h **** #define portNVIC_INT_CTRL_REG		( * ( ( volatile uint32_t * ) 0xe000ed04 ) )
  91:Middlewares/Third_Party/FreeRTOS/Source/portable/GCC/ARM_CM3/portmacro.h **** #define portNVIC_PENDSVSET_BIT		( 1UL << 28UL )
  92:Middlewares/Third_Party/FreeRTOS/Source/portable/GCC/ARM_CM3/portmacro.h **** #define portEND_SWITCHING_ISR( xSwitchRequired ) if( xSwitchRequired != pdFALSE ) portYIELD()
  93:Middlewares/Third_Party/FreeRTOS/Source/portable/GCC/ARM_CM3/portmacro.h **** #define portYIELD_FROM_ISR( x ) portEND_SWITCHING_ISR( x )
  94:Middlewares/Third_Party/FreeRTOS/Source/portable/GCC/ARM_CM3/portmacro.h **** /*-----------------------------------------------------------*/
  95:Middlewares/Third_Party/FreeRTOS/Source/portable/GCC/ARM_CM3/portmacro.h **** 
  96:Middlewares/Third_Party/FreeRTOS/Source/portable/GCC/ARM_CM3/portmacro.h **** /* Critical section management. */
  97:Middlewares/Third_Party/FreeRTOS/Source/portable/GCC/ARM_CM3/portmacro.h **** extern void vPortEnterCritical( void );
  98:Middlewares/Third_Party/FreeRTOS/Source/portable/GCC/ARM_CM3/portmacro.h **** extern void vPortExitCritical( void );
  99:Middlewares/Third_Party/FreeRTOS/Source/portable/GCC/ARM_CM3/portmacro.h **** #define portSET_INTERRUPT_MASK_FROM_ISR()		ulPortRaiseBASEPRI()
 100:Middlewares/Third_Party/FreeRTOS/Source/portable/GCC/ARM_CM3/portmacro.h **** #define portCLEAR_INTERRUPT_MASK_FROM_ISR(x)	vPortSetBASEPRI(x)
 101:Middlewares/Third_Party/FreeRTOS/Source/portable/GCC/ARM_CM3/portmacro.h **** #define portDISABLE_INTERRUPTS()				vPortRaiseBASEPRI()
 102:Middlewares/Third_Party/FreeRTOS/Source/portable/GCC/ARM_CM3/portmacro.h **** #define portENABLE_INTERRUPTS()					vPortSetBASEPRI(0)
 103:Middlewares/Third_Party/FreeRTOS/Source/portable/GCC/ARM_CM3/portmacro.h **** #define portENTER_CRITICAL()					vPortEnterCritical()
 104:Middlewares/Third_Party/FreeRTOS/Source/portable/GCC/ARM_CM3/portmacro.h **** #define portEXIT_CRITICAL()						vPortExitCritical()
 105:Middlewares/Third_Party/FreeRTOS/Source/portable/GCC/ARM_CM3/portmacro.h **** 
 106:Middlewares/Third_Party/FreeRTOS/Source/portable/GCC/ARM_CM3/portmacro.h **** /*-----------------------------------------------------------*/
 107:Middlewares/Third_Party/FreeRTOS/Source/portable/GCC/ARM_CM3/portmacro.h **** 
 108:Middlewares/Third_Party/FreeRTOS/Source/portable/GCC/ARM_CM3/portmacro.h **** /* Task function macros as described on the FreeRTOS.org WEB site.  These are
 109:Middlewares/Third_Party/FreeRTOS/Source/portable/GCC/ARM_CM3/portmacro.h **** not necessary for to use this port.  They are defined so the common demo files
 110:Middlewares/Third_Party/FreeRTOS/Source/portable/GCC/ARM_CM3/portmacro.h **** (which build with all the ports) will build. */
 111:Middlewares/Third_Party/FreeRTOS/Source/portable/GCC/ARM_CM3/portmacro.h **** #define portTASK_FUNCTION_PROTO( vFunction, pvParameters ) void vFunction( void *pvParameters )
 112:Middlewares/Third_Party/FreeRTOS/Source/portable/GCC/ARM_CM3/portmacro.h **** #define portTASK_FUNCTION( vFunction, pvParameters ) void vFunction( void *pvParameters )
 113:Middlewares/Third_Party/FreeRTOS/Source/portable/GCC/ARM_CM3/portmacro.h **** /*-----------------------------------------------------------*/
 114:Middlewares/Third_Party/FreeRTOS/Source/portable/GCC/ARM_CM3/portmacro.h **** 
 115:Middlewares/Third_Party/FreeRTOS/Source/portable/GCC/ARM_CM3/portmacro.h **** /* Tickless idle/low power functionality. */
 116:Middlewares/Third_Party/FreeRTOS/Source/portable/GCC/ARM_CM3/portmacro.h **** #ifndef portSUPPRESS_TICKS_AND_SLEEP
 117:Middlewares/Third_Party/FreeRTOS/Source/portable/GCC/ARM_CM3/portmacro.h **** 	extern void vPortSuppressTicksAndSleep( TickType_t xExpectedIdleTime );
 118:Middlewares/Third_Party/FreeRTOS/Source/portable/GCC/ARM_CM3/portmacro.h **** 	#define portSUPPRESS_TICKS_AND_SLEEP( xExpectedIdleTime ) vPortSuppressTicksAndSleep( xExpectedIdl
 119:Middlewares/Third_Party/FreeRTOS/Source/portable/GCC/ARM_CM3/portmacro.h **** #endif
 120:Middlewares/Third_Party/FreeRTOS/Source/portable/GCC/ARM_CM3/portmacro.h **** /*-----------------------------------------------------------*/
 121:Middlewares/Third_Party/FreeRTOS/Source/portable/GCC/ARM_CM3/portmacro.h **** 
 122:Middlewares/Third_Party/FreeRTOS/Source/portable/GCC/ARM_CM3/portmacro.h **** /* Architecture specific optimisations. */
ARM GAS  D:\software\msy64\tmp\ccHzaEXX.s 			page 36


 123:Middlewares/Third_Party/FreeRTOS/Source/portable/GCC/ARM_CM3/portmacro.h **** #ifndef configUSE_PORT_OPTIMISED_TASK_SELECTION
 124:Middlewares/Third_Party/FreeRTOS/Source/portable/GCC/ARM_CM3/portmacro.h **** 	#define configUSE_PORT_OPTIMISED_TASK_SELECTION 1
 125:Middlewares/Third_Party/FreeRTOS/Source/portable/GCC/ARM_CM3/portmacro.h **** #endif
 126:Middlewares/Third_Party/FreeRTOS/Source/portable/GCC/ARM_CM3/portmacro.h **** 
 127:Middlewares/Third_Party/FreeRTOS/Source/portable/GCC/ARM_CM3/portmacro.h **** #if configUSE_PORT_OPTIMISED_TASK_SELECTION == 1
 128:Middlewares/Third_Party/FreeRTOS/Source/portable/GCC/ARM_CM3/portmacro.h **** 
 129:Middlewares/Third_Party/FreeRTOS/Source/portable/GCC/ARM_CM3/portmacro.h **** 	/* Generic helper function. */
 130:Middlewares/Third_Party/FreeRTOS/Source/portable/GCC/ARM_CM3/portmacro.h **** 	__attribute__( ( always_inline ) ) static inline uint8_t ucPortCountLeadingZeros( uint32_t ulBitma
 131:Middlewares/Third_Party/FreeRTOS/Source/portable/GCC/ARM_CM3/portmacro.h **** 	{
 132:Middlewares/Third_Party/FreeRTOS/Source/portable/GCC/ARM_CM3/portmacro.h **** 	uint8_t ucReturn;
 133:Middlewares/Third_Party/FreeRTOS/Source/portable/GCC/ARM_CM3/portmacro.h **** 
 134:Middlewares/Third_Party/FreeRTOS/Source/portable/GCC/ARM_CM3/portmacro.h **** 		__asm volatile ( "clz %0, %1" : "=r" ( ucReturn ) : "r" ( ulBitmap ) : "memory" );
 135:Middlewares/Third_Party/FreeRTOS/Source/portable/GCC/ARM_CM3/portmacro.h **** 		return ucReturn;
 136:Middlewares/Third_Party/FreeRTOS/Source/portable/GCC/ARM_CM3/portmacro.h **** 	}
 137:Middlewares/Third_Party/FreeRTOS/Source/portable/GCC/ARM_CM3/portmacro.h **** 
 138:Middlewares/Third_Party/FreeRTOS/Source/portable/GCC/ARM_CM3/portmacro.h **** 	/* Check the configuration. */
 139:Middlewares/Third_Party/FreeRTOS/Source/portable/GCC/ARM_CM3/portmacro.h **** 	#if( configMAX_PRIORITIES > 32 )
 140:Middlewares/Third_Party/FreeRTOS/Source/portable/GCC/ARM_CM3/portmacro.h **** 		#error configUSE_PORT_OPTIMISED_TASK_SELECTION can only be set to 1 when configMAX_PRIORITIES is 
 141:Middlewares/Third_Party/FreeRTOS/Source/portable/GCC/ARM_CM3/portmacro.h **** 	#endif
 142:Middlewares/Third_Party/FreeRTOS/Source/portable/GCC/ARM_CM3/portmacro.h **** 
 143:Middlewares/Third_Party/FreeRTOS/Source/portable/GCC/ARM_CM3/portmacro.h **** 	/* Store/clear the ready priorities in a bit map. */
 144:Middlewares/Third_Party/FreeRTOS/Source/portable/GCC/ARM_CM3/portmacro.h **** 	#define portRECORD_READY_PRIORITY( uxPriority, uxReadyPriorities ) ( uxReadyPriorities ) |= ( 1UL 
 145:Middlewares/Third_Party/FreeRTOS/Source/portable/GCC/ARM_CM3/portmacro.h **** 	#define portRESET_READY_PRIORITY( uxPriority, uxReadyPriorities ) ( uxReadyPriorities ) &= ~( 1UL 
 146:Middlewares/Third_Party/FreeRTOS/Source/portable/GCC/ARM_CM3/portmacro.h **** 
 147:Middlewares/Third_Party/FreeRTOS/Source/portable/GCC/ARM_CM3/portmacro.h **** 	/*-----------------------------------------------------------*/
 148:Middlewares/Third_Party/FreeRTOS/Source/portable/GCC/ARM_CM3/portmacro.h **** 
 149:Middlewares/Third_Party/FreeRTOS/Source/portable/GCC/ARM_CM3/portmacro.h **** 	#define portGET_HIGHEST_PRIORITY( uxTopPriority, uxReadyPriorities ) uxTopPriority = ( 31UL - ( ui
 150:Middlewares/Third_Party/FreeRTOS/Source/portable/GCC/ARM_CM3/portmacro.h **** 
 151:Middlewares/Third_Party/FreeRTOS/Source/portable/GCC/ARM_CM3/portmacro.h **** #endif /* configUSE_PORT_OPTIMISED_TASK_SELECTION */
 152:Middlewares/Third_Party/FreeRTOS/Source/portable/GCC/ARM_CM3/portmacro.h **** 
 153:Middlewares/Third_Party/FreeRTOS/Source/portable/GCC/ARM_CM3/portmacro.h **** /*-----------------------------------------------------------*/
 154:Middlewares/Third_Party/FreeRTOS/Source/portable/GCC/ARM_CM3/portmacro.h **** 
 155:Middlewares/Third_Party/FreeRTOS/Source/portable/GCC/ARM_CM3/portmacro.h **** #ifdef configASSERT
 156:Middlewares/Third_Party/FreeRTOS/Source/portable/GCC/ARM_CM3/portmacro.h **** 	void vPortValidateInterruptPriority( void );
 157:Middlewares/Third_Party/FreeRTOS/Source/portable/GCC/ARM_CM3/portmacro.h **** 	#define portASSERT_IF_INTERRUPT_PRIORITY_INVALID() 	vPortValidateInterruptPriority()
 158:Middlewares/Third_Party/FreeRTOS/Source/portable/GCC/ARM_CM3/portmacro.h **** #endif
 159:Middlewares/Third_Party/FreeRTOS/Source/portable/GCC/ARM_CM3/portmacro.h **** 
 160:Middlewares/Third_Party/FreeRTOS/Source/portable/GCC/ARM_CM3/portmacro.h **** /* portNOP() is not required by this port. */
 161:Middlewares/Third_Party/FreeRTOS/Source/portable/GCC/ARM_CM3/portmacro.h **** #define portNOP()
 162:Middlewares/Third_Party/FreeRTOS/Source/portable/GCC/ARM_CM3/portmacro.h **** 
 163:Middlewares/Third_Party/FreeRTOS/Source/portable/GCC/ARM_CM3/portmacro.h **** #define portINLINE	__inline
 164:Middlewares/Third_Party/FreeRTOS/Source/portable/GCC/ARM_CM3/portmacro.h **** 
 165:Middlewares/Third_Party/FreeRTOS/Source/portable/GCC/ARM_CM3/portmacro.h **** #ifndef portFORCE_INLINE
 166:Middlewares/Third_Party/FreeRTOS/Source/portable/GCC/ARM_CM3/portmacro.h **** 	#define portFORCE_INLINE inline __attribute__(( always_inline))
 167:Middlewares/Third_Party/FreeRTOS/Source/portable/GCC/ARM_CM3/portmacro.h **** #endif
 168:Middlewares/Third_Party/FreeRTOS/Source/portable/GCC/ARM_CM3/portmacro.h **** 
 169:Middlewares/Third_Party/FreeRTOS/Source/portable/GCC/ARM_CM3/portmacro.h **** /*-----------------------------------------------------------*/
 170:Middlewares/Third_Party/FreeRTOS/Source/portable/GCC/ARM_CM3/portmacro.h **** 
 171:Middlewares/Third_Party/FreeRTOS/Source/portable/GCC/ARM_CM3/portmacro.h **** portFORCE_INLINE static BaseType_t xPortIsInsideInterrupt( void )
 172:Middlewares/Third_Party/FreeRTOS/Source/portable/GCC/ARM_CM3/portmacro.h **** {
 173:Middlewares/Third_Party/FreeRTOS/Source/portable/GCC/ARM_CM3/portmacro.h **** uint32_t ulCurrentInterrupt;
 174:Middlewares/Third_Party/FreeRTOS/Source/portable/GCC/ARM_CM3/portmacro.h **** BaseType_t xReturn;
 175:Middlewares/Third_Party/FreeRTOS/Source/portable/GCC/ARM_CM3/portmacro.h **** 
 176:Middlewares/Third_Party/FreeRTOS/Source/portable/GCC/ARM_CM3/portmacro.h **** 	/* Obtain the number of the currently executing interrupt. */
 177:Middlewares/Third_Party/FreeRTOS/Source/portable/GCC/ARM_CM3/portmacro.h **** 	__asm volatile( "mrs %0, ipsr" : "=r"( ulCurrentInterrupt ) :: "memory" );
 178:Middlewares/Third_Party/FreeRTOS/Source/portable/GCC/ARM_CM3/portmacro.h **** 
 179:Middlewares/Third_Party/FreeRTOS/Source/portable/GCC/ARM_CM3/portmacro.h **** 	if( ulCurrentInterrupt == 0 )
ARM GAS  D:\software\msy64\tmp\ccHzaEXX.s 			page 37


 180:Middlewares/Third_Party/FreeRTOS/Source/portable/GCC/ARM_CM3/portmacro.h **** 	{
 181:Middlewares/Third_Party/FreeRTOS/Source/portable/GCC/ARM_CM3/portmacro.h **** 		xReturn = pdFALSE;
 182:Middlewares/Third_Party/FreeRTOS/Source/portable/GCC/ARM_CM3/portmacro.h **** 	}
 183:Middlewares/Third_Party/FreeRTOS/Source/portable/GCC/ARM_CM3/portmacro.h **** 	else
 184:Middlewares/Third_Party/FreeRTOS/Source/portable/GCC/ARM_CM3/portmacro.h **** 	{
 185:Middlewares/Third_Party/FreeRTOS/Source/portable/GCC/ARM_CM3/portmacro.h **** 		xReturn = pdTRUE;
 186:Middlewares/Third_Party/FreeRTOS/Source/portable/GCC/ARM_CM3/portmacro.h **** 	}
 187:Middlewares/Third_Party/FreeRTOS/Source/portable/GCC/ARM_CM3/portmacro.h **** 
 188:Middlewares/Third_Party/FreeRTOS/Source/portable/GCC/ARM_CM3/portmacro.h **** 	return xReturn;
 189:Middlewares/Third_Party/FreeRTOS/Source/portable/GCC/ARM_CM3/portmacro.h **** }
 190:Middlewares/Third_Party/FreeRTOS/Source/portable/GCC/ARM_CM3/portmacro.h **** 
 191:Middlewares/Third_Party/FreeRTOS/Source/portable/GCC/ARM_CM3/portmacro.h **** /*-----------------------------------------------------------*/
 192:Middlewares/Third_Party/FreeRTOS/Source/portable/GCC/ARM_CM3/portmacro.h **** 
 193:Middlewares/Third_Party/FreeRTOS/Source/portable/GCC/ARM_CM3/portmacro.h **** portFORCE_INLINE static void vPortRaiseBASEPRI( void )
  55              		.loc 2 193 30 view .LVU11
  56              	.LBB111:
 194:Middlewares/Third_Party/FreeRTOS/Source/portable/GCC/ARM_CM3/portmacro.h **** {
 195:Middlewares/Third_Party/FreeRTOS/Source/portable/GCC/ARM_CM3/portmacro.h **** uint32_t ulNewBASEPRI;
  57              		.loc 2 195 1 view .LVU12
 196:Middlewares/Third_Party/FreeRTOS/Source/portable/GCC/ARM_CM3/portmacro.h **** 
 197:Middlewares/Third_Party/FreeRTOS/Source/portable/GCC/ARM_CM3/portmacro.h **** 	__asm volatile
  58              		.loc 2 197 2 view .LVU13
  59              		.syntax unified
  60              	@ 197 "Middlewares/Third_Party/FreeRTOS/Source/portable/GCC/ARM_CM3/portmacro.h" 1
  61 000e 4FF05003 			mov r3, #80												
  62 0012 83F31188 		msr basepri, r3											
  63 0016 BFF36F8F 		isb														
  64 001a BFF34F8F 		dsb														
  65              	
  66              	@ 0 "" 2
  67              		.thumb
  68              		.syntax unified
  69              	.L3:
  70              	.LBE111:
  71              	.LBE110:
1814:Middlewares/Third_Party/FreeRTOS/Source/tasks.c **** 
  72              		.loc 1 1814 3 discriminator 3 view .LVU14
1814:Middlewares/Third_Party/FreeRTOS/Source/tasks.c **** 
  73              		.loc 1 1814 3 discriminator 3 view .LVU15
  74 001e FEE7     		b	.L3
  75              	.L9:
1818:Middlewares/Third_Party/FreeRTOS/Source/tasks.c **** 		{
1819:Middlewares/Third_Party/FreeRTOS/Source/tasks.c **** 			/* Has the task already been resumed from within an ISR? */
1820:Middlewares/Third_Party/FreeRTOS/Source/tasks.c **** 			if( listIS_CONTAINED_WITHIN( &xPendingReadyList, &( pxTCB->xEventListItem ) ) == pdFALSE )
  76              		.loc 1 1820 4 view .LVU16
  77              		.loc 1 1820 8 is_stmt 0 view .LVU17
  78 0020 836A     		ldr	r3, [r0, #40]
  79              		.loc 1 1820 6 view .LVU18
  80 0022 064A     		ldr	r2, .L10+4
  81 0024 9342     		cmp	r3, r2
  82 0026 02D0     		beq	.L6
1821:Middlewares/Third_Party/FreeRTOS/Source/tasks.c **** 			{
1822:Middlewares/Third_Party/FreeRTOS/Source/tasks.c **** 				/* Is it in the suspended list because it is in the	Suspended
1823:Middlewares/Third_Party/FreeRTOS/Source/tasks.c **** 				state, or because is is blocked with no timeout? */
1824:Middlewares/Third_Party/FreeRTOS/Source/tasks.c **** 				if( listIS_CONTAINED_WITHIN( NULL, &( pxTCB->xEventListItem ) ) != pdFALSE ) /*lint !e961.  The
  83              		.loc 1 1824 5 is_stmt 1 view .LVU19
  84              		.loc 1 1824 7 is_stmt 0 view .LVU20
ARM GAS  D:\software\msy64\tmp\ccHzaEXX.s 			page 38


  85 0028 1BB1     		cbz	r3, .L7
1807:Middlewares/Third_Party/FreeRTOS/Source/tasks.c **** 	const TCB_t * const pxTCB = xTask;
  86              		.loc 1 1807 13 view .LVU21
  87 002a 0020     		movs	r0, #0
  88              	.LVL3:
1807:Middlewares/Third_Party/FreeRTOS/Source/tasks.c **** 	const TCB_t * const pxTCB = xTask;
  89              		.loc 1 1807 13 view .LVU22
  90 002c 7047     		bx	lr
  91              	.LVL4:
  92              	.L6:
1807:Middlewares/Third_Party/FreeRTOS/Source/tasks.c **** 	const TCB_t * const pxTCB = xTask;
  93              		.loc 1 1807 13 view .LVU23
  94 002e 0020     		movs	r0, #0
  95              	.LVL5:
1807:Middlewares/Third_Party/FreeRTOS/Source/tasks.c **** 	const TCB_t * const pxTCB = xTask;
  96              		.loc 1 1807 13 view .LVU24
  97 0030 7047     		bx	lr
  98              	.LVL6:
  99              	.L7:
1825:Middlewares/Third_Party/FreeRTOS/Source/tasks.c **** 				{
1826:Middlewares/Third_Party/FreeRTOS/Source/tasks.c **** 					xReturn = pdTRUE;
 100              		.loc 1 1826 14 view .LVU25
 101 0032 0120     		movs	r0, #1
 102              	.LVL7:
1827:Middlewares/Third_Party/FreeRTOS/Source/tasks.c **** 				}
1828:Middlewares/Third_Party/FreeRTOS/Source/tasks.c **** 				else
1829:Middlewares/Third_Party/FreeRTOS/Source/tasks.c **** 				{
1830:Middlewares/Third_Party/FreeRTOS/Source/tasks.c **** 					mtCOVERAGE_TEST_MARKER();
1831:Middlewares/Third_Party/FreeRTOS/Source/tasks.c **** 				}
1832:Middlewares/Third_Party/FreeRTOS/Source/tasks.c **** 			}
1833:Middlewares/Third_Party/FreeRTOS/Source/tasks.c **** 			else
1834:Middlewares/Third_Party/FreeRTOS/Source/tasks.c **** 			{
1835:Middlewares/Third_Party/FreeRTOS/Source/tasks.c **** 				mtCOVERAGE_TEST_MARKER();
1836:Middlewares/Third_Party/FreeRTOS/Source/tasks.c **** 			}
1837:Middlewares/Third_Party/FreeRTOS/Source/tasks.c **** 		}
1838:Middlewares/Third_Party/FreeRTOS/Source/tasks.c **** 		else
1839:Middlewares/Third_Party/FreeRTOS/Source/tasks.c **** 		{
1840:Middlewares/Third_Party/FreeRTOS/Source/tasks.c **** 			mtCOVERAGE_TEST_MARKER();
 103              		.loc 1 1840 28 is_stmt 1 view .LVU26
1841:Middlewares/Third_Party/FreeRTOS/Source/tasks.c **** 		}
1842:Middlewares/Third_Party/FreeRTOS/Source/tasks.c **** 
1843:Middlewares/Third_Party/FreeRTOS/Source/tasks.c **** 		return xReturn;
 104              		.loc 1 1843 3 view .LVU27
1844:Middlewares/Third_Party/FreeRTOS/Source/tasks.c **** 	} /*lint !e818 xTask cannot be a pointer to const because it is a typedef. */
 105              		.loc 1 1844 2 is_stmt 0 view .LVU28
 106 0034 7047     		bx	lr
 107              	.L11:
 108 0036 00BF     		.align	2
 109              	.L10:
 110 0038 00000000 		.word	xSuspendedTaskList
 111 003c 00000000 		.word	xPendingReadyList
 112              		.cfi_endproc
 113              	.LFE15:
 115              		.section	.text.prvResetNextTaskUnblockTime,"ax",%progbits
 116              		.align	1
 117              		.syntax unified
 118              		.thumb
ARM GAS  D:\software\msy64\tmp\ccHzaEXX.s 			page 39


 119              		.thumb_func
 121              	prvResetNextTaskUnblockTime:
 122              	.LFB41:
1845:Middlewares/Third_Party/FreeRTOS/Source/tasks.c **** 
1846:Middlewares/Third_Party/FreeRTOS/Source/tasks.c **** #endif /* INCLUDE_vTaskSuspend */
1847:Middlewares/Third_Party/FreeRTOS/Source/tasks.c **** /*-----------------------------------------------------------*/
1848:Middlewares/Third_Party/FreeRTOS/Source/tasks.c **** 
1849:Middlewares/Third_Party/FreeRTOS/Source/tasks.c **** #if ( INCLUDE_vTaskSuspend == 1 )
1850:Middlewares/Third_Party/FreeRTOS/Source/tasks.c **** 
1851:Middlewares/Third_Party/FreeRTOS/Source/tasks.c **** 	void vTaskResume( TaskHandle_t xTaskToResume )
1852:Middlewares/Third_Party/FreeRTOS/Source/tasks.c **** 	{
1853:Middlewares/Third_Party/FreeRTOS/Source/tasks.c **** 	TCB_t * const pxTCB = xTaskToResume;
1854:Middlewares/Third_Party/FreeRTOS/Source/tasks.c **** 
1855:Middlewares/Third_Party/FreeRTOS/Source/tasks.c **** 		/* It does not make sense to resume the calling task. */
1856:Middlewares/Third_Party/FreeRTOS/Source/tasks.c **** 		configASSERT( xTaskToResume );
1857:Middlewares/Third_Party/FreeRTOS/Source/tasks.c **** 
1858:Middlewares/Third_Party/FreeRTOS/Source/tasks.c **** 		/* The parameter cannot be NULL as it is impossible to resume the
1859:Middlewares/Third_Party/FreeRTOS/Source/tasks.c **** 		currently executing task. */
1860:Middlewares/Third_Party/FreeRTOS/Source/tasks.c **** 		if( ( pxTCB != pxCurrentTCB ) && ( pxTCB != NULL ) )
1861:Middlewares/Third_Party/FreeRTOS/Source/tasks.c **** 		{
1862:Middlewares/Third_Party/FreeRTOS/Source/tasks.c **** 			taskENTER_CRITICAL();
1863:Middlewares/Third_Party/FreeRTOS/Source/tasks.c **** 			{
1864:Middlewares/Third_Party/FreeRTOS/Source/tasks.c **** 				if( prvTaskIsTaskSuspended( pxTCB ) != pdFALSE )
1865:Middlewares/Third_Party/FreeRTOS/Source/tasks.c **** 				{
1866:Middlewares/Third_Party/FreeRTOS/Source/tasks.c **** 					traceTASK_RESUME( pxTCB );
1867:Middlewares/Third_Party/FreeRTOS/Source/tasks.c **** 
1868:Middlewares/Third_Party/FreeRTOS/Source/tasks.c **** 					/* The ready list can be accessed even if the scheduler is
1869:Middlewares/Third_Party/FreeRTOS/Source/tasks.c **** 					suspended because this is inside a critical section. */
1870:Middlewares/Third_Party/FreeRTOS/Source/tasks.c **** 					( void ) uxListRemove(  &( pxTCB->xStateListItem ) );
1871:Middlewares/Third_Party/FreeRTOS/Source/tasks.c **** 					prvAddTaskToReadyList( pxTCB );
1872:Middlewares/Third_Party/FreeRTOS/Source/tasks.c **** 
1873:Middlewares/Third_Party/FreeRTOS/Source/tasks.c **** 					/* A higher priority task may have just been resumed. */
1874:Middlewares/Third_Party/FreeRTOS/Source/tasks.c **** 					if( pxTCB->uxPriority >= pxCurrentTCB->uxPriority )
1875:Middlewares/Third_Party/FreeRTOS/Source/tasks.c **** 					{
1876:Middlewares/Third_Party/FreeRTOS/Source/tasks.c **** 						/* This yield may not cause the task just resumed to run,
1877:Middlewares/Third_Party/FreeRTOS/Source/tasks.c **** 						but will leave the lists in the correct state for the
1878:Middlewares/Third_Party/FreeRTOS/Source/tasks.c **** 						next yield. */
1879:Middlewares/Third_Party/FreeRTOS/Source/tasks.c **** 						taskYIELD_IF_USING_PREEMPTION();
1880:Middlewares/Third_Party/FreeRTOS/Source/tasks.c **** 					}
1881:Middlewares/Third_Party/FreeRTOS/Source/tasks.c **** 					else
1882:Middlewares/Third_Party/FreeRTOS/Source/tasks.c **** 					{
1883:Middlewares/Third_Party/FreeRTOS/Source/tasks.c **** 						mtCOVERAGE_TEST_MARKER();
1884:Middlewares/Third_Party/FreeRTOS/Source/tasks.c **** 					}
1885:Middlewares/Third_Party/FreeRTOS/Source/tasks.c **** 				}
1886:Middlewares/Third_Party/FreeRTOS/Source/tasks.c **** 				else
1887:Middlewares/Third_Party/FreeRTOS/Source/tasks.c **** 				{
1888:Middlewares/Third_Party/FreeRTOS/Source/tasks.c **** 					mtCOVERAGE_TEST_MARKER();
1889:Middlewares/Third_Party/FreeRTOS/Source/tasks.c **** 				}
1890:Middlewares/Third_Party/FreeRTOS/Source/tasks.c **** 			}
1891:Middlewares/Third_Party/FreeRTOS/Source/tasks.c **** 			taskEXIT_CRITICAL();
1892:Middlewares/Third_Party/FreeRTOS/Source/tasks.c **** 		}
1893:Middlewares/Third_Party/FreeRTOS/Source/tasks.c **** 		else
1894:Middlewares/Third_Party/FreeRTOS/Source/tasks.c **** 		{
1895:Middlewares/Third_Party/FreeRTOS/Source/tasks.c **** 			mtCOVERAGE_TEST_MARKER();
1896:Middlewares/Third_Party/FreeRTOS/Source/tasks.c **** 		}
1897:Middlewares/Third_Party/FreeRTOS/Source/tasks.c **** 	}
1898:Middlewares/Third_Party/FreeRTOS/Source/tasks.c **** 
ARM GAS  D:\software\msy64\tmp\ccHzaEXX.s 			page 40


1899:Middlewares/Third_Party/FreeRTOS/Source/tasks.c **** #endif /* INCLUDE_vTaskSuspend */
1900:Middlewares/Third_Party/FreeRTOS/Source/tasks.c **** 
1901:Middlewares/Third_Party/FreeRTOS/Source/tasks.c **** /*-----------------------------------------------------------*/
1902:Middlewares/Third_Party/FreeRTOS/Source/tasks.c **** 
1903:Middlewares/Third_Party/FreeRTOS/Source/tasks.c **** #if ( ( INCLUDE_xTaskResumeFromISR == 1 ) && ( INCLUDE_vTaskSuspend == 1 ) )
1904:Middlewares/Third_Party/FreeRTOS/Source/tasks.c **** 
1905:Middlewares/Third_Party/FreeRTOS/Source/tasks.c **** 	BaseType_t xTaskResumeFromISR( TaskHandle_t xTaskToResume )
1906:Middlewares/Third_Party/FreeRTOS/Source/tasks.c **** 	{
1907:Middlewares/Third_Party/FreeRTOS/Source/tasks.c **** 	BaseType_t xYieldRequired = pdFALSE;
1908:Middlewares/Third_Party/FreeRTOS/Source/tasks.c **** 	TCB_t * const pxTCB = xTaskToResume;
1909:Middlewares/Third_Party/FreeRTOS/Source/tasks.c **** 	UBaseType_t uxSavedInterruptStatus;
1910:Middlewares/Third_Party/FreeRTOS/Source/tasks.c **** 
1911:Middlewares/Third_Party/FreeRTOS/Source/tasks.c **** 		configASSERT( xTaskToResume );
1912:Middlewares/Third_Party/FreeRTOS/Source/tasks.c **** 
1913:Middlewares/Third_Party/FreeRTOS/Source/tasks.c **** 		/* RTOS ports that support interrupt nesting have the concept of a
1914:Middlewares/Third_Party/FreeRTOS/Source/tasks.c **** 		maximum	system call (or maximum API call) interrupt priority.
1915:Middlewares/Third_Party/FreeRTOS/Source/tasks.c **** 		Interrupts that are	above the maximum system call priority are keep
1916:Middlewares/Third_Party/FreeRTOS/Source/tasks.c **** 		permanently enabled, even when the RTOS kernel is in a critical section,
1917:Middlewares/Third_Party/FreeRTOS/Source/tasks.c **** 		but cannot make any calls to FreeRTOS API functions.  If configASSERT()
1918:Middlewares/Third_Party/FreeRTOS/Source/tasks.c **** 		is defined in FreeRTOSConfig.h then
1919:Middlewares/Third_Party/FreeRTOS/Source/tasks.c **** 		portASSERT_IF_INTERRUPT_PRIORITY_INVALID() will result in an assertion
1920:Middlewares/Third_Party/FreeRTOS/Source/tasks.c **** 		failure if a FreeRTOS API function is called from an interrupt that has
1921:Middlewares/Third_Party/FreeRTOS/Source/tasks.c **** 		been assigned a priority above the configured maximum system call
1922:Middlewares/Third_Party/FreeRTOS/Source/tasks.c **** 		priority.  Only FreeRTOS functions that end in FromISR can be called
1923:Middlewares/Third_Party/FreeRTOS/Source/tasks.c **** 		from interrupts	that have been assigned a priority at or (logically)
1924:Middlewares/Third_Party/FreeRTOS/Source/tasks.c **** 		below the maximum system call interrupt priority.  FreeRTOS maintains a
1925:Middlewares/Third_Party/FreeRTOS/Source/tasks.c **** 		separate interrupt safe API to ensure interrupt entry is as fast and as
1926:Middlewares/Third_Party/FreeRTOS/Source/tasks.c **** 		simple as possible.  More information (albeit Cortex-M specific) is
1927:Middlewares/Third_Party/FreeRTOS/Source/tasks.c **** 		provided on the following link:
1928:Middlewares/Third_Party/FreeRTOS/Source/tasks.c **** 		https://www.freertos.org/RTOS-Cortex-M3-M4.html */
1929:Middlewares/Third_Party/FreeRTOS/Source/tasks.c **** 		portASSERT_IF_INTERRUPT_PRIORITY_INVALID();
1930:Middlewares/Third_Party/FreeRTOS/Source/tasks.c **** 
1931:Middlewares/Third_Party/FreeRTOS/Source/tasks.c **** 		uxSavedInterruptStatus = portSET_INTERRUPT_MASK_FROM_ISR();
1932:Middlewares/Third_Party/FreeRTOS/Source/tasks.c **** 		{
1933:Middlewares/Third_Party/FreeRTOS/Source/tasks.c **** 			if( prvTaskIsTaskSuspended( pxTCB ) != pdFALSE )
1934:Middlewares/Third_Party/FreeRTOS/Source/tasks.c **** 			{
1935:Middlewares/Third_Party/FreeRTOS/Source/tasks.c **** 				traceTASK_RESUME_FROM_ISR( pxTCB );
1936:Middlewares/Third_Party/FreeRTOS/Source/tasks.c **** 
1937:Middlewares/Third_Party/FreeRTOS/Source/tasks.c **** 				/* Check the ready lists can be accessed. */
1938:Middlewares/Third_Party/FreeRTOS/Source/tasks.c **** 				if( uxSchedulerSuspended == ( UBaseType_t ) pdFALSE )
1939:Middlewares/Third_Party/FreeRTOS/Source/tasks.c **** 				{
1940:Middlewares/Third_Party/FreeRTOS/Source/tasks.c **** 					/* Ready lists can be accessed so move the task from the
1941:Middlewares/Third_Party/FreeRTOS/Source/tasks.c **** 					suspended list to the ready list directly. */
1942:Middlewares/Third_Party/FreeRTOS/Source/tasks.c **** 					if( pxTCB->uxPriority >= pxCurrentTCB->uxPriority )
1943:Middlewares/Third_Party/FreeRTOS/Source/tasks.c **** 					{
1944:Middlewares/Third_Party/FreeRTOS/Source/tasks.c **** 						xYieldRequired = pdTRUE;
1945:Middlewares/Third_Party/FreeRTOS/Source/tasks.c **** 					}
1946:Middlewares/Third_Party/FreeRTOS/Source/tasks.c **** 					else
1947:Middlewares/Third_Party/FreeRTOS/Source/tasks.c **** 					{
1948:Middlewares/Third_Party/FreeRTOS/Source/tasks.c **** 						mtCOVERAGE_TEST_MARKER();
1949:Middlewares/Third_Party/FreeRTOS/Source/tasks.c **** 					}
1950:Middlewares/Third_Party/FreeRTOS/Source/tasks.c **** 
1951:Middlewares/Third_Party/FreeRTOS/Source/tasks.c **** 					( void ) uxListRemove( &( pxTCB->xStateListItem ) );
1952:Middlewares/Third_Party/FreeRTOS/Source/tasks.c **** 					prvAddTaskToReadyList( pxTCB );
1953:Middlewares/Third_Party/FreeRTOS/Source/tasks.c **** 				}
1954:Middlewares/Third_Party/FreeRTOS/Source/tasks.c **** 				else
1955:Middlewares/Third_Party/FreeRTOS/Source/tasks.c **** 				{
ARM GAS  D:\software\msy64\tmp\ccHzaEXX.s 			page 41


1956:Middlewares/Third_Party/FreeRTOS/Source/tasks.c **** 					/* The delayed or ready lists cannot be accessed so the task
1957:Middlewares/Third_Party/FreeRTOS/Source/tasks.c **** 					is held in the pending ready list until the scheduler is
1958:Middlewares/Third_Party/FreeRTOS/Source/tasks.c **** 					unsuspended. */
1959:Middlewares/Third_Party/FreeRTOS/Source/tasks.c **** 					vListInsertEnd( &( xPendingReadyList ), &( pxTCB->xEventListItem ) );
1960:Middlewares/Third_Party/FreeRTOS/Source/tasks.c **** 				}
1961:Middlewares/Third_Party/FreeRTOS/Source/tasks.c **** 			}
1962:Middlewares/Third_Party/FreeRTOS/Source/tasks.c **** 			else
1963:Middlewares/Third_Party/FreeRTOS/Source/tasks.c **** 			{
1964:Middlewares/Third_Party/FreeRTOS/Source/tasks.c **** 				mtCOVERAGE_TEST_MARKER();
1965:Middlewares/Third_Party/FreeRTOS/Source/tasks.c **** 			}
1966:Middlewares/Third_Party/FreeRTOS/Source/tasks.c **** 		}
1967:Middlewares/Third_Party/FreeRTOS/Source/tasks.c **** 		portCLEAR_INTERRUPT_MASK_FROM_ISR( uxSavedInterruptStatus );
1968:Middlewares/Third_Party/FreeRTOS/Source/tasks.c **** 
1969:Middlewares/Third_Party/FreeRTOS/Source/tasks.c **** 		return xYieldRequired;
1970:Middlewares/Third_Party/FreeRTOS/Source/tasks.c **** 	}
1971:Middlewares/Third_Party/FreeRTOS/Source/tasks.c **** 
1972:Middlewares/Third_Party/FreeRTOS/Source/tasks.c **** #endif /* ( ( INCLUDE_xTaskResumeFromISR == 1 ) && ( INCLUDE_vTaskSuspend == 1 ) ) */
1973:Middlewares/Third_Party/FreeRTOS/Source/tasks.c **** /*-----------------------------------------------------------*/
1974:Middlewares/Third_Party/FreeRTOS/Source/tasks.c **** 
1975:Middlewares/Third_Party/FreeRTOS/Source/tasks.c **** void vTaskStartScheduler( void )
1976:Middlewares/Third_Party/FreeRTOS/Source/tasks.c **** {
1977:Middlewares/Third_Party/FreeRTOS/Source/tasks.c **** BaseType_t xReturn;
1978:Middlewares/Third_Party/FreeRTOS/Source/tasks.c **** 
1979:Middlewares/Third_Party/FreeRTOS/Source/tasks.c **** 	/* Add the idle task at the lowest priority. */
1980:Middlewares/Third_Party/FreeRTOS/Source/tasks.c **** 	#if( configSUPPORT_STATIC_ALLOCATION == 1 )
1981:Middlewares/Third_Party/FreeRTOS/Source/tasks.c **** 	{
1982:Middlewares/Third_Party/FreeRTOS/Source/tasks.c **** 		StaticTask_t *pxIdleTaskTCBBuffer = NULL;
1983:Middlewares/Third_Party/FreeRTOS/Source/tasks.c **** 		StackType_t *pxIdleTaskStackBuffer = NULL;
1984:Middlewares/Third_Party/FreeRTOS/Source/tasks.c **** 		uint32_t ulIdleTaskStackSize;
1985:Middlewares/Third_Party/FreeRTOS/Source/tasks.c **** 
1986:Middlewares/Third_Party/FreeRTOS/Source/tasks.c **** 		/* The Idle task is created using user provided RAM - obtain the
1987:Middlewares/Third_Party/FreeRTOS/Source/tasks.c **** 		address of the RAM then create the idle task. */
1988:Middlewares/Third_Party/FreeRTOS/Source/tasks.c **** 		vApplicationGetIdleTaskMemory( &pxIdleTaskTCBBuffer, &pxIdleTaskStackBuffer, &ulIdleTaskStackSize
1989:Middlewares/Third_Party/FreeRTOS/Source/tasks.c **** 		xIdleTaskHandle = xTaskCreateStatic(	prvIdleTask,
1990:Middlewares/Third_Party/FreeRTOS/Source/tasks.c **** 												configIDLE_TASK_NAME,
1991:Middlewares/Third_Party/FreeRTOS/Source/tasks.c **** 												ulIdleTaskStackSize,
1992:Middlewares/Third_Party/FreeRTOS/Source/tasks.c **** 												( void * ) NULL, /*lint !e961.  The cast is not redundant for all compilers. */
1993:Middlewares/Third_Party/FreeRTOS/Source/tasks.c **** 												portPRIVILEGE_BIT, /* In effect ( tskIDLE_PRIORITY | portPRIVILEGE_BIT ), but tskIDLE_P
1994:Middlewares/Third_Party/FreeRTOS/Source/tasks.c **** 												pxIdleTaskStackBuffer,
1995:Middlewares/Third_Party/FreeRTOS/Source/tasks.c **** 												pxIdleTaskTCBBuffer ); /*lint !e961 MISRA exception, justified as it is not a redundant
1996:Middlewares/Third_Party/FreeRTOS/Source/tasks.c **** 
1997:Middlewares/Third_Party/FreeRTOS/Source/tasks.c **** 		if( xIdleTaskHandle != NULL )
1998:Middlewares/Third_Party/FreeRTOS/Source/tasks.c **** 		{
1999:Middlewares/Third_Party/FreeRTOS/Source/tasks.c **** 			xReturn = pdPASS;
2000:Middlewares/Third_Party/FreeRTOS/Source/tasks.c **** 		}
2001:Middlewares/Third_Party/FreeRTOS/Source/tasks.c **** 		else
2002:Middlewares/Third_Party/FreeRTOS/Source/tasks.c **** 		{
2003:Middlewares/Third_Party/FreeRTOS/Source/tasks.c **** 			xReturn = pdFAIL;
2004:Middlewares/Third_Party/FreeRTOS/Source/tasks.c **** 		}
2005:Middlewares/Third_Party/FreeRTOS/Source/tasks.c **** 	}
2006:Middlewares/Third_Party/FreeRTOS/Source/tasks.c **** 	#else
2007:Middlewares/Third_Party/FreeRTOS/Source/tasks.c **** 	{
2008:Middlewares/Third_Party/FreeRTOS/Source/tasks.c **** 		/* The Idle task is being created using dynamically allocated RAM. */
2009:Middlewares/Third_Party/FreeRTOS/Source/tasks.c **** 		xReturn = xTaskCreate(	prvIdleTask,
2010:Middlewares/Third_Party/FreeRTOS/Source/tasks.c **** 								configIDLE_TASK_NAME,
2011:Middlewares/Third_Party/FreeRTOS/Source/tasks.c **** 								configMINIMAL_STACK_SIZE,
2012:Middlewares/Third_Party/FreeRTOS/Source/tasks.c **** 								( void * ) NULL,
ARM GAS  D:\software\msy64\tmp\ccHzaEXX.s 			page 42


2013:Middlewares/Third_Party/FreeRTOS/Source/tasks.c **** 								portPRIVILEGE_BIT, /* In effect ( tskIDLE_PRIORITY | portPRIVILEGE_BIT ), but tskIDLE_PRIOR
2014:Middlewares/Third_Party/FreeRTOS/Source/tasks.c **** 								&xIdleTaskHandle ); /*lint !e961 MISRA exception, justified as it is not a redundant explic
2015:Middlewares/Third_Party/FreeRTOS/Source/tasks.c **** 	}
2016:Middlewares/Third_Party/FreeRTOS/Source/tasks.c **** 	#endif /* configSUPPORT_STATIC_ALLOCATION */
2017:Middlewares/Third_Party/FreeRTOS/Source/tasks.c **** 
2018:Middlewares/Third_Party/FreeRTOS/Source/tasks.c **** 	#if ( configUSE_TIMERS == 1 )
2019:Middlewares/Third_Party/FreeRTOS/Source/tasks.c **** 	{
2020:Middlewares/Third_Party/FreeRTOS/Source/tasks.c **** 		if( xReturn == pdPASS )
2021:Middlewares/Third_Party/FreeRTOS/Source/tasks.c **** 		{
2022:Middlewares/Third_Party/FreeRTOS/Source/tasks.c **** 			xReturn = xTimerCreateTimerTask();
2023:Middlewares/Third_Party/FreeRTOS/Source/tasks.c **** 		}
2024:Middlewares/Third_Party/FreeRTOS/Source/tasks.c **** 		else
2025:Middlewares/Third_Party/FreeRTOS/Source/tasks.c **** 		{
2026:Middlewares/Third_Party/FreeRTOS/Source/tasks.c **** 			mtCOVERAGE_TEST_MARKER();
2027:Middlewares/Third_Party/FreeRTOS/Source/tasks.c **** 		}
2028:Middlewares/Third_Party/FreeRTOS/Source/tasks.c **** 	}
2029:Middlewares/Third_Party/FreeRTOS/Source/tasks.c **** 	#endif /* configUSE_TIMERS */
2030:Middlewares/Third_Party/FreeRTOS/Source/tasks.c **** 
2031:Middlewares/Third_Party/FreeRTOS/Source/tasks.c **** 	if( xReturn == pdPASS )
2032:Middlewares/Third_Party/FreeRTOS/Source/tasks.c **** 	{
2033:Middlewares/Third_Party/FreeRTOS/Source/tasks.c **** 		/* freertos_tasks_c_additions_init() should only be called if the user
2034:Middlewares/Third_Party/FreeRTOS/Source/tasks.c **** 		definable macro FREERTOS_TASKS_C_ADDITIONS_INIT() is defined, as that is
2035:Middlewares/Third_Party/FreeRTOS/Source/tasks.c **** 		the only macro called by the function. */
2036:Middlewares/Third_Party/FreeRTOS/Source/tasks.c **** 		#ifdef FREERTOS_TASKS_C_ADDITIONS_INIT
2037:Middlewares/Third_Party/FreeRTOS/Source/tasks.c **** 		{
2038:Middlewares/Third_Party/FreeRTOS/Source/tasks.c **** 			freertos_tasks_c_additions_init();
2039:Middlewares/Third_Party/FreeRTOS/Source/tasks.c **** 		}
2040:Middlewares/Third_Party/FreeRTOS/Source/tasks.c **** 		#endif
2041:Middlewares/Third_Party/FreeRTOS/Source/tasks.c **** 
2042:Middlewares/Third_Party/FreeRTOS/Source/tasks.c **** 		/* Interrupts are turned off here, to ensure a tick does not occur
2043:Middlewares/Third_Party/FreeRTOS/Source/tasks.c **** 		before or during the call to xPortStartScheduler().  The stacks of
2044:Middlewares/Third_Party/FreeRTOS/Source/tasks.c **** 		the created tasks contain a status word with interrupts switched on
2045:Middlewares/Third_Party/FreeRTOS/Source/tasks.c **** 		so interrupts will automatically get re-enabled when the first task
2046:Middlewares/Third_Party/FreeRTOS/Source/tasks.c **** 		starts to run. */
2047:Middlewares/Third_Party/FreeRTOS/Source/tasks.c **** 		portDISABLE_INTERRUPTS();
2048:Middlewares/Third_Party/FreeRTOS/Source/tasks.c **** 
2049:Middlewares/Third_Party/FreeRTOS/Source/tasks.c **** 		#if ( configUSE_NEWLIB_REENTRANT == 1 )
2050:Middlewares/Third_Party/FreeRTOS/Source/tasks.c **** 		{
2051:Middlewares/Third_Party/FreeRTOS/Source/tasks.c **** 			/* Switch Newlib's _impure_ptr variable to point to the _reent
2052:Middlewares/Third_Party/FreeRTOS/Source/tasks.c **** 			structure specific to the task that will run first.
2053:Middlewares/Third_Party/FreeRTOS/Source/tasks.c **** 			See the third party link http://www.nadler.com/embedded/newlibAndFreeRTOS.html
2054:Middlewares/Third_Party/FreeRTOS/Source/tasks.c **** 			for additional information. */
2055:Middlewares/Third_Party/FreeRTOS/Source/tasks.c **** 			_impure_ptr = &( pxCurrentTCB->xNewLib_reent );
2056:Middlewares/Third_Party/FreeRTOS/Source/tasks.c **** 		}
2057:Middlewares/Third_Party/FreeRTOS/Source/tasks.c **** 		#endif /* configUSE_NEWLIB_REENTRANT */
2058:Middlewares/Third_Party/FreeRTOS/Source/tasks.c **** 
2059:Middlewares/Third_Party/FreeRTOS/Source/tasks.c **** 		xNextTaskUnblockTime = portMAX_DELAY;
2060:Middlewares/Third_Party/FreeRTOS/Source/tasks.c **** 		xSchedulerRunning = pdTRUE;
2061:Middlewares/Third_Party/FreeRTOS/Source/tasks.c **** 		xTickCount = ( TickType_t ) configINITIAL_TICK_COUNT;
2062:Middlewares/Third_Party/FreeRTOS/Source/tasks.c **** 
2063:Middlewares/Third_Party/FreeRTOS/Source/tasks.c **** 		/* If configGENERATE_RUN_TIME_STATS is defined then the following
2064:Middlewares/Third_Party/FreeRTOS/Source/tasks.c **** 		macro must be defined to configure the timer/counter used to generate
2065:Middlewares/Third_Party/FreeRTOS/Source/tasks.c **** 		the run time counter time base.   NOTE:  If configGENERATE_RUN_TIME_STATS
2066:Middlewares/Third_Party/FreeRTOS/Source/tasks.c **** 		is set to 0 and the following line fails to build then ensure you do not
2067:Middlewares/Third_Party/FreeRTOS/Source/tasks.c **** 		have portCONFIGURE_TIMER_FOR_RUN_TIME_STATS() defined in your
2068:Middlewares/Third_Party/FreeRTOS/Source/tasks.c **** 		FreeRTOSConfig.h file. */
2069:Middlewares/Third_Party/FreeRTOS/Source/tasks.c **** 		portCONFIGURE_TIMER_FOR_RUN_TIME_STATS();
ARM GAS  D:\software\msy64\tmp\ccHzaEXX.s 			page 43


2070:Middlewares/Third_Party/FreeRTOS/Source/tasks.c **** 
2071:Middlewares/Third_Party/FreeRTOS/Source/tasks.c **** 		traceTASK_SWITCHED_IN();
2072:Middlewares/Third_Party/FreeRTOS/Source/tasks.c **** 
2073:Middlewares/Third_Party/FreeRTOS/Source/tasks.c **** 		/* Setting up the timer tick is hardware specific and thus in the
2074:Middlewares/Third_Party/FreeRTOS/Source/tasks.c **** 		portable interface. */
2075:Middlewares/Third_Party/FreeRTOS/Source/tasks.c **** 		if( xPortStartScheduler() != pdFALSE )
2076:Middlewares/Third_Party/FreeRTOS/Source/tasks.c **** 		{
2077:Middlewares/Third_Party/FreeRTOS/Source/tasks.c **** 			/* Should not reach here as if the scheduler is running the
2078:Middlewares/Third_Party/FreeRTOS/Source/tasks.c **** 			function will not return. */
2079:Middlewares/Third_Party/FreeRTOS/Source/tasks.c **** 		}
2080:Middlewares/Third_Party/FreeRTOS/Source/tasks.c **** 		else
2081:Middlewares/Third_Party/FreeRTOS/Source/tasks.c **** 		{
2082:Middlewares/Third_Party/FreeRTOS/Source/tasks.c **** 			/* Should only reach here if a task calls xTaskEndScheduler(). */
2083:Middlewares/Third_Party/FreeRTOS/Source/tasks.c **** 		}
2084:Middlewares/Third_Party/FreeRTOS/Source/tasks.c **** 	}
2085:Middlewares/Third_Party/FreeRTOS/Source/tasks.c **** 	else
2086:Middlewares/Third_Party/FreeRTOS/Source/tasks.c **** 	{
2087:Middlewares/Third_Party/FreeRTOS/Source/tasks.c **** 		/* This line will only be reached if the kernel could not be started,
2088:Middlewares/Third_Party/FreeRTOS/Source/tasks.c **** 		because there was not enough FreeRTOS heap to create the idle task
2089:Middlewares/Third_Party/FreeRTOS/Source/tasks.c **** 		or the timer task. */
2090:Middlewares/Third_Party/FreeRTOS/Source/tasks.c **** 		configASSERT( xReturn != errCOULD_NOT_ALLOCATE_REQUIRED_MEMORY );
2091:Middlewares/Third_Party/FreeRTOS/Source/tasks.c **** 	}
2092:Middlewares/Third_Party/FreeRTOS/Source/tasks.c **** 
2093:Middlewares/Third_Party/FreeRTOS/Source/tasks.c **** 	/* Prevent compiler warnings if INCLUDE_xTaskGetIdleTaskHandle is set to 0,
2094:Middlewares/Third_Party/FreeRTOS/Source/tasks.c **** 	meaning xIdleTaskHandle is not used anywhere else. */
2095:Middlewares/Third_Party/FreeRTOS/Source/tasks.c **** 	( void ) xIdleTaskHandle;
2096:Middlewares/Third_Party/FreeRTOS/Source/tasks.c **** }
2097:Middlewares/Third_Party/FreeRTOS/Source/tasks.c **** /*-----------------------------------------------------------*/
2098:Middlewares/Third_Party/FreeRTOS/Source/tasks.c **** 
2099:Middlewares/Third_Party/FreeRTOS/Source/tasks.c **** void vTaskEndScheduler( void )
2100:Middlewares/Third_Party/FreeRTOS/Source/tasks.c **** {
2101:Middlewares/Third_Party/FreeRTOS/Source/tasks.c **** 	/* Stop the scheduler interrupts and call the portable scheduler end
2102:Middlewares/Third_Party/FreeRTOS/Source/tasks.c **** 	routine so the original ISRs can be restored if necessary.  The port
2103:Middlewares/Third_Party/FreeRTOS/Source/tasks.c **** 	layer must ensure interrupts enable	bit is left in the correct state. */
2104:Middlewares/Third_Party/FreeRTOS/Source/tasks.c **** 	portDISABLE_INTERRUPTS();
2105:Middlewares/Third_Party/FreeRTOS/Source/tasks.c **** 	xSchedulerRunning = pdFALSE;
2106:Middlewares/Third_Party/FreeRTOS/Source/tasks.c **** 	vPortEndScheduler();
2107:Middlewares/Third_Party/FreeRTOS/Source/tasks.c **** }
2108:Middlewares/Third_Party/FreeRTOS/Source/tasks.c **** /*----------------------------------------------------------*/
2109:Middlewares/Third_Party/FreeRTOS/Source/tasks.c **** 
2110:Middlewares/Third_Party/FreeRTOS/Source/tasks.c **** void vTaskSuspendAll( void )
2111:Middlewares/Third_Party/FreeRTOS/Source/tasks.c **** {
2112:Middlewares/Third_Party/FreeRTOS/Source/tasks.c **** 	/* A critical section is not required as the variable is of type
2113:Middlewares/Third_Party/FreeRTOS/Source/tasks.c **** 	BaseType_t.  Please read Richard Barry's reply in the following link to a
2114:Middlewares/Third_Party/FreeRTOS/Source/tasks.c **** 	post in the FreeRTOS support forum before reporting this as a bug! -
2115:Middlewares/Third_Party/FreeRTOS/Source/tasks.c **** 	http://goo.gl/wu4acr */
2116:Middlewares/Third_Party/FreeRTOS/Source/tasks.c **** 
2117:Middlewares/Third_Party/FreeRTOS/Source/tasks.c **** 	/* portSOFRWARE_BARRIER() is only implemented for emulated/simulated ports that
2118:Middlewares/Third_Party/FreeRTOS/Source/tasks.c **** 	do not otherwise exhibit real time behaviour. */
2119:Middlewares/Third_Party/FreeRTOS/Source/tasks.c **** 	portSOFTWARE_BARRIER();
2120:Middlewares/Third_Party/FreeRTOS/Source/tasks.c **** 
2121:Middlewares/Third_Party/FreeRTOS/Source/tasks.c **** 	/* The scheduler is suspended if uxSchedulerSuspended is non-zero.  An increment
2122:Middlewares/Third_Party/FreeRTOS/Source/tasks.c **** 	is used to allow calls to vTaskSuspendAll() to nest. */
2123:Middlewares/Third_Party/FreeRTOS/Source/tasks.c **** 	++uxSchedulerSuspended;
2124:Middlewares/Third_Party/FreeRTOS/Source/tasks.c **** 
2125:Middlewares/Third_Party/FreeRTOS/Source/tasks.c **** 	/* Enforces ordering for ports and optimised compilers that may otherwise place
2126:Middlewares/Third_Party/FreeRTOS/Source/tasks.c **** 	the above increment elsewhere. */
ARM GAS  D:\software\msy64\tmp\ccHzaEXX.s 			page 44


2127:Middlewares/Third_Party/FreeRTOS/Source/tasks.c **** 	portMEMORY_BARRIER();
2128:Middlewares/Third_Party/FreeRTOS/Source/tasks.c **** }
2129:Middlewares/Third_Party/FreeRTOS/Source/tasks.c **** /*----------------------------------------------------------*/
2130:Middlewares/Third_Party/FreeRTOS/Source/tasks.c **** 
2131:Middlewares/Third_Party/FreeRTOS/Source/tasks.c **** #if ( configUSE_TICKLESS_IDLE != 0 )
2132:Middlewares/Third_Party/FreeRTOS/Source/tasks.c **** 
2133:Middlewares/Third_Party/FreeRTOS/Source/tasks.c **** 	static TickType_t prvGetExpectedIdleTime( void )
2134:Middlewares/Third_Party/FreeRTOS/Source/tasks.c **** 	{
2135:Middlewares/Third_Party/FreeRTOS/Source/tasks.c **** 	TickType_t xReturn;
2136:Middlewares/Third_Party/FreeRTOS/Source/tasks.c **** 	UBaseType_t uxHigherPriorityReadyTasks = pdFALSE;
2137:Middlewares/Third_Party/FreeRTOS/Source/tasks.c **** 
2138:Middlewares/Third_Party/FreeRTOS/Source/tasks.c **** 		/* uxHigherPriorityReadyTasks takes care of the case where
2139:Middlewares/Third_Party/FreeRTOS/Source/tasks.c **** 		configUSE_PREEMPTION is 0, so there may be tasks above the idle priority
2140:Middlewares/Third_Party/FreeRTOS/Source/tasks.c **** 		task that are in the Ready state, even though the idle task is
2141:Middlewares/Third_Party/FreeRTOS/Source/tasks.c **** 		running. */
2142:Middlewares/Third_Party/FreeRTOS/Source/tasks.c **** 		#if( configUSE_PORT_OPTIMISED_TASK_SELECTION == 0 )
2143:Middlewares/Third_Party/FreeRTOS/Source/tasks.c **** 		{
2144:Middlewares/Third_Party/FreeRTOS/Source/tasks.c **** 			if( uxTopReadyPriority > tskIDLE_PRIORITY )
2145:Middlewares/Third_Party/FreeRTOS/Source/tasks.c **** 			{
2146:Middlewares/Third_Party/FreeRTOS/Source/tasks.c **** 				uxHigherPriorityReadyTasks = pdTRUE;
2147:Middlewares/Third_Party/FreeRTOS/Source/tasks.c **** 			}
2148:Middlewares/Third_Party/FreeRTOS/Source/tasks.c **** 		}
2149:Middlewares/Third_Party/FreeRTOS/Source/tasks.c **** 		#else
2150:Middlewares/Third_Party/FreeRTOS/Source/tasks.c **** 		{
2151:Middlewares/Third_Party/FreeRTOS/Source/tasks.c **** 			const UBaseType_t uxLeastSignificantBit = ( UBaseType_t ) 0x01;
2152:Middlewares/Third_Party/FreeRTOS/Source/tasks.c **** 
2153:Middlewares/Third_Party/FreeRTOS/Source/tasks.c **** 			/* When port optimised task selection is used the uxTopReadyPriority
2154:Middlewares/Third_Party/FreeRTOS/Source/tasks.c **** 			variable is used as a bit map.  If bits other than the least
2155:Middlewares/Third_Party/FreeRTOS/Source/tasks.c **** 			significant bit are set then there are tasks that have a priority
2156:Middlewares/Third_Party/FreeRTOS/Source/tasks.c **** 			above the idle priority that are in the Ready state.  This takes
2157:Middlewares/Third_Party/FreeRTOS/Source/tasks.c **** 			care of the case where the co-operative scheduler is in use. */
2158:Middlewares/Third_Party/FreeRTOS/Source/tasks.c **** 			if( uxTopReadyPriority > uxLeastSignificantBit )
2159:Middlewares/Third_Party/FreeRTOS/Source/tasks.c **** 			{
2160:Middlewares/Third_Party/FreeRTOS/Source/tasks.c **** 				uxHigherPriorityReadyTasks = pdTRUE;
2161:Middlewares/Third_Party/FreeRTOS/Source/tasks.c **** 			}
2162:Middlewares/Third_Party/FreeRTOS/Source/tasks.c **** 		}
2163:Middlewares/Third_Party/FreeRTOS/Source/tasks.c **** 		#endif
2164:Middlewares/Third_Party/FreeRTOS/Source/tasks.c **** 
2165:Middlewares/Third_Party/FreeRTOS/Source/tasks.c **** 		if( pxCurrentTCB->uxPriority > tskIDLE_PRIORITY )
2166:Middlewares/Third_Party/FreeRTOS/Source/tasks.c **** 		{
2167:Middlewares/Third_Party/FreeRTOS/Source/tasks.c **** 			xReturn = 0;
2168:Middlewares/Third_Party/FreeRTOS/Source/tasks.c **** 		}
2169:Middlewares/Third_Party/FreeRTOS/Source/tasks.c **** 		else if( listCURRENT_LIST_LENGTH( &( pxReadyTasksLists[ tskIDLE_PRIORITY ] ) ) > 1 )
2170:Middlewares/Third_Party/FreeRTOS/Source/tasks.c **** 		{
2171:Middlewares/Third_Party/FreeRTOS/Source/tasks.c **** 			/* There are other idle priority tasks in the ready state.  If
2172:Middlewares/Third_Party/FreeRTOS/Source/tasks.c **** 			time slicing is used then the very next tick interrupt must be
2173:Middlewares/Third_Party/FreeRTOS/Source/tasks.c **** 			processed. */
2174:Middlewares/Third_Party/FreeRTOS/Source/tasks.c **** 			xReturn = 0;
2175:Middlewares/Third_Party/FreeRTOS/Source/tasks.c **** 		}
2176:Middlewares/Third_Party/FreeRTOS/Source/tasks.c **** 		else if( uxHigherPriorityReadyTasks != pdFALSE )
2177:Middlewares/Third_Party/FreeRTOS/Source/tasks.c **** 		{
2178:Middlewares/Third_Party/FreeRTOS/Source/tasks.c **** 			/* There are tasks in the Ready state that have a priority above the
2179:Middlewares/Third_Party/FreeRTOS/Source/tasks.c **** 			idle priority.  This path can only be reached if
2180:Middlewares/Third_Party/FreeRTOS/Source/tasks.c **** 			configUSE_PREEMPTION is 0. */
2181:Middlewares/Third_Party/FreeRTOS/Source/tasks.c **** 			xReturn = 0;
2182:Middlewares/Third_Party/FreeRTOS/Source/tasks.c **** 		}
2183:Middlewares/Third_Party/FreeRTOS/Source/tasks.c **** 		else
ARM GAS  D:\software\msy64\tmp\ccHzaEXX.s 			page 45


2184:Middlewares/Third_Party/FreeRTOS/Source/tasks.c **** 		{
2185:Middlewares/Third_Party/FreeRTOS/Source/tasks.c **** 			xReturn = xNextTaskUnblockTime - xTickCount;
2186:Middlewares/Third_Party/FreeRTOS/Source/tasks.c **** 		}
2187:Middlewares/Third_Party/FreeRTOS/Source/tasks.c **** 
2188:Middlewares/Third_Party/FreeRTOS/Source/tasks.c **** 		return xReturn;
2189:Middlewares/Third_Party/FreeRTOS/Source/tasks.c **** 	}
2190:Middlewares/Third_Party/FreeRTOS/Source/tasks.c **** 
2191:Middlewares/Third_Party/FreeRTOS/Source/tasks.c **** #endif /* configUSE_TICKLESS_IDLE */
2192:Middlewares/Third_Party/FreeRTOS/Source/tasks.c **** /*----------------------------------------------------------*/
2193:Middlewares/Third_Party/FreeRTOS/Source/tasks.c **** 
2194:Middlewares/Third_Party/FreeRTOS/Source/tasks.c **** BaseType_t xTaskResumeAll( void )
2195:Middlewares/Third_Party/FreeRTOS/Source/tasks.c **** {
2196:Middlewares/Third_Party/FreeRTOS/Source/tasks.c **** TCB_t *pxTCB = NULL;
2197:Middlewares/Third_Party/FreeRTOS/Source/tasks.c **** BaseType_t xAlreadyYielded = pdFALSE;
2198:Middlewares/Third_Party/FreeRTOS/Source/tasks.c **** 
2199:Middlewares/Third_Party/FreeRTOS/Source/tasks.c **** 	/* If uxSchedulerSuspended is zero then this function does not match a
2200:Middlewares/Third_Party/FreeRTOS/Source/tasks.c **** 	previous call to vTaskSuspendAll(). */
2201:Middlewares/Third_Party/FreeRTOS/Source/tasks.c **** 	configASSERT( uxSchedulerSuspended );
2202:Middlewares/Third_Party/FreeRTOS/Source/tasks.c **** 
2203:Middlewares/Third_Party/FreeRTOS/Source/tasks.c **** 	/* It is possible that an ISR caused a task to be removed from an event
2204:Middlewares/Third_Party/FreeRTOS/Source/tasks.c **** 	list while the scheduler was suspended.  If this was the case then the
2205:Middlewares/Third_Party/FreeRTOS/Source/tasks.c **** 	removed task will have been added to the xPendingReadyList.  Once the
2206:Middlewares/Third_Party/FreeRTOS/Source/tasks.c **** 	scheduler has been resumed it is safe to move all the pending ready
2207:Middlewares/Third_Party/FreeRTOS/Source/tasks.c **** 	tasks from this list into their appropriate ready list. */
2208:Middlewares/Third_Party/FreeRTOS/Source/tasks.c **** 	taskENTER_CRITICAL();
2209:Middlewares/Third_Party/FreeRTOS/Source/tasks.c **** 	{
2210:Middlewares/Third_Party/FreeRTOS/Source/tasks.c **** 		--uxSchedulerSuspended;
2211:Middlewares/Third_Party/FreeRTOS/Source/tasks.c **** 
2212:Middlewares/Third_Party/FreeRTOS/Source/tasks.c **** 		if( uxSchedulerSuspended == ( UBaseType_t ) pdFALSE )
2213:Middlewares/Third_Party/FreeRTOS/Source/tasks.c **** 		{
2214:Middlewares/Third_Party/FreeRTOS/Source/tasks.c **** 			if( uxCurrentNumberOfTasks > ( UBaseType_t ) 0U )
2215:Middlewares/Third_Party/FreeRTOS/Source/tasks.c **** 			{
2216:Middlewares/Third_Party/FreeRTOS/Source/tasks.c **** 				/* Move any readied tasks from the pending list into the
2217:Middlewares/Third_Party/FreeRTOS/Source/tasks.c **** 				appropriate ready list. */
2218:Middlewares/Third_Party/FreeRTOS/Source/tasks.c **** 				while( listLIST_IS_EMPTY( &xPendingReadyList ) == pdFALSE )
2219:Middlewares/Third_Party/FreeRTOS/Source/tasks.c **** 				{
2220:Middlewares/Third_Party/FreeRTOS/Source/tasks.c **** 					pxTCB = listGET_OWNER_OF_HEAD_ENTRY( ( &xPendingReadyList ) ); /*lint !e9079 void * is used as
2221:Middlewares/Third_Party/FreeRTOS/Source/tasks.c **** 					( void ) uxListRemove( &( pxTCB->xEventListItem ) );
2222:Middlewares/Third_Party/FreeRTOS/Source/tasks.c **** 					( void ) uxListRemove( &( pxTCB->xStateListItem ) );
2223:Middlewares/Third_Party/FreeRTOS/Source/tasks.c **** 					prvAddTaskToReadyList( pxTCB );
2224:Middlewares/Third_Party/FreeRTOS/Source/tasks.c **** 
2225:Middlewares/Third_Party/FreeRTOS/Source/tasks.c **** 					/* If the moved task has a priority higher than the current
2226:Middlewares/Third_Party/FreeRTOS/Source/tasks.c **** 					task then a yield must be performed. */
2227:Middlewares/Third_Party/FreeRTOS/Source/tasks.c **** 					if( pxTCB->uxPriority >= pxCurrentTCB->uxPriority )
2228:Middlewares/Third_Party/FreeRTOS/Source/tasks.c **** 					{
2229:Middlewares/Third_Party/FreeRTOS/Source/tasks.c **** 						xYieldPending = pdTRUE;
2230:Middlewares/Third_Party/FreeRTOS/Source/tasks.c **** 					}
2231:Middlewares/Third_Party/FreeRTOS/Source/tasks.c **** 					else
2232:Middlewares/Third_Party/FreeRTOS/Source/tasks.c **** 					{
2233:Middlewares/Third_Party/FreeRTOS/Source/tasks.c **** 						mtCOVERAGE_TEST_MARKER();
2234:Middlewares/Third_Party/FreeRTOS/Source/tasks.c **** 					}
2235:Middlewares/Third_Party/FreeRTOS/Source/tasks.c **** 				}
2236:Middlewares/Third_Party/FreeRTOS/Source/tasks.c **** 
2237:Middlewares/Third_Party/FreeRTOS/Source/tasks.c **** 				if( pxTCB != NULL )
2238:Middlewares/Third_Party/FreeRTOS/Source/tasks.c **** 				{
2239:Middlewares/Third_Party/FreeRTOS/Source/tasks.c **** 					/* A task was unblocked while the scheduler was suspended,
2240:Middlewares/Third_Party/FreeRTOS/Source/tasks.c **** 					which may have prevented the next unblock time from being
ARM GAS  D:\software\msy64\tmp\ccHzaEXX.s 			page 46


2241:Middlewares/Third_Party/FreeRTOS/Source/tasks.c **** 					re-calculated, in which case re-calculate it now.  Mainly
2242:Middlewares/Third_Party/FreeRTOS/Source/tasks.c **** 					important for low power tickless implementations, where
2243:Middlewares/Third_Party/FreeRTOS/Source/tasks.c **** 					this can prevent an unnecessary exit from low power
2244:Middlewares/Third_Party/FreeRTOS/Source/tasks.c **** 					state. */
2245:Middlewares/Third_Party/FreeRTOS/Source/tasks.c **** 					prvResetNextTaskUnblockTime();
2246:Middlewares/Third_Party/FreeRTOS/Source/tasks.c **** 				}
2247:Middlewares/Third_Party/FreeRTOS/Source/tasks.c **** 
2248:Middlewares/Third_Party/FreeRTOS/Source/tasks.c **** 				/* If any ticks occurred while the scheduler was suspended then
2249:Middlewares/Third_Party/FreeRTOS/Source/tasks.c **** 				they should be processed now.  This ensures the tick count does
2250:Middlewares/Third_Party/FreeRTOS/Source/tasks.c **** 				not	slip, and that any delayed tasks are resumed at the correct
2251:Middlewares/Third_Party/FreeRTOS/Source/tasks.c **** 				time. */
2252:Middlewares/Third_Party/FreeRTOS/Source/tasks.c **** 				{
2253:Middlewares/Third_Party/FreeRTOS/Source/tasks.c **** 					TickType_t xPendedCounts = xPendedTicks; /* Non-volatile copy. */
2254:Middlewares/Third_Party/FreeRTOS/Source/tasks.c **** 
2255:Middlewares/Third_Party/FreeRTOS/Source/tasks.c **** 					if( xPendedCounts > ( TickType_t ) 0U )
2256:Middlewares/Third_Party/FreeRTOS/Source/tasks.c **** 					{
2257:Middlewares/Third_Party/FreeRTOS/Source/tasks.c **** 						do
2258:Middlewares/Third_Party/FreeRTOS/Source/tasks.c **** 						{
2259:Middlewares/Third_Party/FreeRTOS/Source/tasks.c **** 							if( xTaskIncrementTick() != pdFALSE )
2260:Middlewares/Third_Party/FreeRTOS/Source/tasks.c **** 							{
2261:Middlewares/Third_Party/FreeRTOS/Source/tasks.c **** 								xYieldPending = pdTRUE;
2262:Middlewares/Third_Party/FreeRTOS/Source/tasks.c **** 							}
2263:Middlewares/Third_Party/FreeRTOS/Source/tasks.c **** 							else
2264:Middlewares/Third_Party/FreeRTOS/Source/tasks.c **** 							{
2265:Middlewares/Third_Party/FreeRTOS/Source/tasks.c **** 								mtCOVERAGE_TEST_MARKER();
2266:Middlewares/Third_Party/FreeRTOS/Source/tasks.c **** 							}
2267:Middlewares/Third_Party/FreeRTOS/Source/tasks.c **** 							--xPendedCounts;
2268:Middlewares/Third_Party/FreeRTOS/Source/tasks.c **** 						} while( xPendedCounts > ( TickType_t ) 0U );
2269:Middlewares/Third_Party/FreeRTOS/Source/tasks.c **** 
2270:Middlewares/Third_Party/FreeRTOS/Source/tasks.c **** 						xPendedTicks = 0;
2271:Middlewares/Third_Party/FreeRTOS/Source/tasks.c **** 					}
2272:Middlewares/Third_Party/FreeRTOS/Source/tasks.c **** 					else
2273:Middlewares/Third_Party/FreeRTOS/Source/tasks.c **** 					{
2274:Middlewares/Third_Party/FreeRTOS/Source/tasks.c **** 						mtCOVERAGE_TEST_MARKER();
2275:Middlewares/Third_Party/FreeRTOS/Source/tasks.c **** 					}
2276:Middlewares/Third_Party/FreeRTOS/Source/tasks.c **** 				}
2277:Middlewares/Third_Party/FreeRTOS/Source/tasks.c **** 
2278:Middlewares/Third_Party/FreeRTOS/Source/tasks.c **** 				if( xYieldPending != pdFALSE )
2279:Middlewares/Third_Party/FreeRTOS/Source/tasks.c **** 				{
2280:Middlewares/Third_Party/FreeRTOS/Source/tasks.c **** 					#if( configUSE_PREEMPTION != 0 )
2281:Middlewares/Third_Party/FreeRTOS/Source/tasks.c **** 					{
2282:Middlewares/Third_Party/FreeRTOS/Source/tasks.c **** 						xAlreadyYielded = pdTRUE;
2283:Middlewares/Third_Party/FreeRTOS/Source/tasks.c **** 					}
2284:Middlewares/Third_Party/FreeRTOS/Source/tasks.c **** 					#endif
2285:Middlewares/Third_Party/FreeRTOS/Source/tasks.c **** 					taskYIELD_IF_USING_PREEMPTION();
2286:Middlewares/Third_Party/FreeRTOS/Source/tasks.c **** 				}
2287:Middlewares/Third_Party/FreeRTOS/Source/tasks.c **** 				else
2288:Middlewares/Third_Party/FreeRTOS/Source/tasks.c **** 				{
2289:Middlewares/Third_Party/FreeRTOS/Source/tasks.c **** 					mtCOVERAGE_TEST_MARKER();
2290:Middlewares/Third_Party/FreeRTOS/Source/tasks.c **** 				}
2291:Middlewares/Third_Party/FreeRTOS/Source/tasks.c **** 			}
2292:Middlewares/Third_Party/FreeRTOS/Source/tasks.c **** 		}
2293:Middlewares/Third_Party/FreeRTOS/Source/tasks.c **** 		else
2294:Middlewares/Third_Party/FreeRTOS/Source/tasks.c **** 		{
2295:Middlewares/Third_Party/FreeRTOS/Source/tasks.c **** 			mtCOVERAGE_TEST_MARKER();
2296:Middlewares/Third_Party/FreeRTOS/Source/tasks.c **** 		}
2297:Middlewares/Third_Party/FreeRTOS/Source/tasks.c **** 	}
ARM GAS  D:\software\msy64\tmp\ccHzaEXX.s 			page 47


2298:Middlewares/Third_Party/FreeRTOS/Source/tasks.c **** 	taskEXIT_CRITICAL();
2299:Middlewares/Third_Party/FreeRTOS/Source/tasks.c **** 
2300:Middlewares/Third_Party/FreeRTOS/Source/tasks.c **** 	return xAlreadyYielded;
2301:Middlewares/Third_Party/FreeRTOS/Source/tasks.c **** }
2302:Middlewares/Third_Party/FreeRTOS/Source/tasks.c **** /*-----------------------------------------------------------*/
2303:Middlewares/Third_Party/FreeRTOS/Source/tasks.c **** 
2304:Middlewares/Third_Party/FreeRTOS/Source/tasks.c **** TickType_t xTaskGetTickCount( void )
2305:Middlewares/Third_Party/FreeRTOS/Source/tasks.c **** {
2306:Middlewares/Third_Party/FreeRTOS/Source/tasks.c **** TickType_t xTicks;
2307:Middlewares/Third_Party/FreeRTOS/Source/tasks.c **** 
2308:Middlewares/Third_Party/FreeRTOS/Source/tasks.c **** 	/* Critical section required if running on a 16 bit processor. */
2309:Middlewares/Third_Party/FreeRTOS/Source/tasks.c **** 	portTICK_TYPE_ENTER_CRITICAL();
2310:Middlewares/Third_Party/FreeRTOS/Source/tasks.c **** 	{
2311:Middlewares/Third_Party/FreeRTOS/Source/tasks.c **** 		xTicks = xTickCount;
2312:Middlewares/Third_Party/FreeRTOS/Source/tasks.c **** 	}
2313:Middlewares/Third_Party/FreeRTOS/Source/tasks.c **** 	portTICK_TYPE_EXIT_CRITICAL();
2314:Middlewares/Third_Party/FreeRTOS/Source/tasks.c **** 
2315:Middlewares/Third_Party/FreeRTOS/Source/tasks.c **** 	return xTicks;
2316:Middlewares/Third_Party/FreeRTOS/Source/tasks.c **** }
2317:Middlewares/Third_Party/FreeRTOS/Source/tasks.c **** /*-----------------------------------------------------------*/
2318:Middlewares/Third_Party/FreeRTOS/Source/tasks.c **** 
2319:Middlewares/Third_Party/FreeRTOS/Source/tasks.c **** TickType_t xTaskGetTickCountFromISR( void )
2320:Middlewares/Third_Party/FreeRTOS/Source/tasks.c **** {
2321:Middlewares/Third_Party/FreeRTOS/Source/tasks.c **** TickType_t xReturn;
2322:Middlewares/Third_Party/FreeRTOS/Source/tasks.c **** UBaseType_t uxSavedInterruptStatus;
2323:Middlewares/Third_Party/FreeRTOS/Source/tasks.c **** 
2324:Middlewares/Third_Party/FreeRTOS/Source/tasks.c **** 	/* RTOS ports that support interrupt nesting have the concept of a maximum
2325:Middlewares/Third_Party/FreeRTOS/Source/tasks.c **** 	system call (or maximum API call) interrupt priority.  Interrupts that are
2326:Middlewares/Third_Party/FreeRTOS/Source/tasks.c **** 	above the maximum system call priority are kept permanently enabled, even
2327:Middlewares/Third_Party/FreeRTOS/Source/tasks.c **** 	when the RTOS kernel is in a critical section, but cannot make any calls to
2328:Middlewares/Third_Party/FreeRTOS/Source/tasks.c **** 	FreeRTOS API functions.  If configASSERT() is defined in FreeRTOSConfig.h
2329:Middlewares/Third_Party/FreeRTOS/Source/tasks.c **** 	then portASSERT_IF_INTERRUPT_PRIORITY_INVALID() will result in an assertion
2330:Middlewares/Third_Party/FreeRTOS/Source/tasks.c **** 	failure if a FreeRTOS API function is called from an interrupt that has been
2331:Middlewares/Third_Party/FreeRTOS/Source/tasks.c **** 	assigned a priority above the configured maximum system call priority.
2332:Middlewares/Third_Party/FreeRTOS/Source/tasks.c **** 	Only FreeRTOS functions that end in FromISR can be called from interrupts
2333:Middlewares/Third_Party/FreeRTOS/Source/tasks.c **** 	that have been assigned a priority at or (logically) below the maximum
2334:Middlewares/Third_Party/FreeRTOS/Source/tasks.c **** 	system call	interrupt priority.  FreeRTOS maintains a separate interrupt
2335:Middlewares/Third_Party/FreeRTOS/Source/tasks.c **** 	safe API to ensure interrupt entry is as fast and as simple as possible.
2336:Middlewares/Third_Party/FreeRTOS/Source/tasks.c **** 	More information (albeit Cortex-M specific) is provided on the following
2337:Middlewares/Third_Party/FreeRTOS/Source/tasks.c **** 	link: https://www.freertos.org/RTOS-Cortex-M3-M4.html */
2338:Middlewares/Third_Party/FreeRTOS/Source/tasks.c **** 	portASSERT_IF_INTERRUPT_PRIORITY_INVALID();
2339:Middlewares/Third_Party/FreeRTOS/Source/tasks.c **** 
2340:Middlewares/Third_Party/FreeRTOS/Source/tasks.c **** 	uxSavedInterruptStatus = portTICK_TYPE_SET_INTERRUPT_MASK_FROM_ISR();
2341:Middlewares/Third_Party/FreeRTOS/Source/tasks.c **** 	{
2342:Middlewares/Third_Party/FreeRTOS/Source/tasks.c **** 		xReturn = xTickCount;
2343:Middlewares/Third_Party/FreeRTOS/Source/tasks.c **** 	}
2344:Middlewares/Third_Party/FreeRTOS/Source/tasks.c **** 	portTICK_TYPE_CLEAR_INTERRUPT_MASK_FROM_ISR( uxSavedInterruptStatus );
2345:Middlewares/Third_Party/FreeRTOS/Source/tasks.c **** 
2346:Middlewares/Third_Party/FreeRTOS/Source/tasks.c **** 	return xReturn;
2347:Middlewares/Third_Party/FreeRTOS/Source/tasks.c **** }
2348:Middlewares/Third_Party/FreeRTOS/Source/tasks.c **** /*-----------------------------------------------------------*/
2349:Middlewares/Third_Party/FreeRTOS/Source/tasks.c **** 
2350:Middlewares/Third_Party/FreeRTOS/Source/tasks.c **** UBaseType_t uxTaskGetNumberOfTasks( void )
2351:Middlewares/Third_Party/FreeRTOS/Source/tasks.c **** {
2352:Middlewares/Third_Party/FreeRTOS/Source/tasks.c **** 	/* A critical section is not required because the variables are of type
2353:Middlewares/Third_Party/FreeRTOS/Source/tasks.c **** 	BaseType_t. */
2354:Middlewares/Third_Party/FreeRTOS/Source/tasks.c **** 	return uxCurrentNumberOfTasks;
ARM GAS  D:\software\msy64\tmp\ccHzaEXX.s 			page 48


2355:Middlewares/Third_Party/FreeRTOS/Source/tasks.c **** }
2356:Middlewares/Third_Party/FreeRTOS/Source/tasks.c **** /*-----------------------------------------------------------*/
2357:Middlewares/Third_Party/FreeRTOS/Source/tasks.c **** 
2358:Middlewares/Third_Party/FreeRTOS/Source/tasks.c **** char *pcTaskGetName( TaskHandle_t xTaskToQuery ) /*lint !e971 Unqualified char types are allowed fo
2359:Middlewares/Third_Party/FreeRTOS/Source/tasks.c **** {
2360:Middlewares/Third_Party/FreeRTOS/Source/tasks.c **** TCB_t *pxTCB;
2361:Middlewares/Third_Party/FreeRTOS/Source/tasks.c **** 
2362:Middlewares/Third_Party/FreeRTOS/Source/tasks.c **** 	/* If null is passed in here then the name of the calling task is being
2363:Middlewares/Third_Party/FreeRTOS/Source/tasks.c **** 	queried. */
2364:Middlewares/Third_Party/FreeRTOS/Source/tasks.c **** 	pxTCB = prvGetTCBFromHandle( xTaskToQuery );
2365:Middlewares/Third_Party/FreeRTOS/Source/tasks.c **** 	configASSERT( pxTCB );
2366:Middlewares/Third_Party/FreeRTOS/Source/tasks.c **** 	return &( pxTCB->pcTaskName[ 0 ] );
2367:Middlewares/Third_Party/FreeRTOS/Source/tasks.c **** }
2368:Middlewares/Third_Party/FreeRTOS/Source/tasks.c **** /*-----------------------------------------------------------*/
2369:Middlewares/Third_Party/FreeRTOS/Source/tasks.c **** 
2370:Middlewares/Third_Party/FreeRTOS/Source/tasks.c **** #if ( INCLUDE_xTaskGetHandle == 1 )
2371:Middlewares/Third_Party/FreeRTOS/Source/tasks.c **** 
2372:Middlewares/Third_Party/FreeRTOS/Source/tasks.c **** 	static TCB_t *prvSearchForNameWithinSingleList( List_t *pxList, const char pcNameToQuery[] )
2373:Middlewares/Third_Party/FreeRTOS/Source/tasks.c **** 	{
2374:Middlewares/Third_Party/FreeRTOS/Source/tasks.c **** 	TCB_t *pxNextTCB, *pxFirstTCB, *pxReturn = NULL;
2375:Middlewares/Third_Party/FreeRTOS/Source/tasks.c **** 	UBaseType_t x;
2376:Middlewares/Third_Party/FreeRTOS/Source/tasks.c **** 	char cNextChar;
2377:Middlewares/Third_Party/FreeRTOS/Source/tasks.c **** 	BaseType_t xBreakLoop;
2378:Middlewares/Third_Party/FreeRTOS/Source/tasks.c **** 
2379:Middlewares/Third_Party/FreeRTOS/Source/tasks.c **** 		/* This function is called with the scheduler suspended. */
2380:Middlewares/Third_Party/FreeRTOS/Source/tasks.c **** 
2381:Middlewares/Third_Party/FreeRTOS/Source/tasks.c **** 		if( listCURRENT_LIST_LENGTH( pxList ) > ( UBaseType_t ) 0 )
2382:Middlewares/Third_Party/FreeRTOS/Source/tasks.c **** 		{
2383:Middlewares/Third_Party/FreeRTOS/Source/tasks.c **** 			listGET_OWNER_OF_NEXT_ENTRY( pxFirstTCB, pxList );  /*lint !e9079 void * is used as this macro i
2384:Middlewares/Third_Party/FreeRTOS/Source/tasks.c **** 
2385:Middlewares/Third_Party/FreeRTOS/Source/tasks.c **** 			do
2386:Middlewares/Third_Party/FreeRTOS/Source/tasks.c **** 			{
2387:Middlewares/Third_Party/FreeRTOS/Source/tasks.c **** 				listGET_OWNER_OF_NEXT_ENTRY( pxNextTCB, pxList ); /*lint !e9079 void * is used as this macro is
2388:Middlewares/Third_Party/FreeRTOS/Source/tasks.c **** 
2389:Middlewares/Third_Party/FreeRTOS/Source/tasks.c **** 				/* Check each character in the name looking for a match or
2390:Middlewares/Third_Party/FreeRTOS/Source/tasks.c **** 				mismatch. */
2391:Middlewares/Third_Party/FreeRTOS/Source/tasks.c **** 				xBreakLoop = pdFALSE;
2392:Middlewares/Third_Party/FreeRTOS/Source/tasks.c **** 				for( x = ( UBaseType_t ) 0; x < ( UBaseType_t ) configMAX_TASK_NAME_LEN; x++ )
2393:Middlewares/Third_Party/FreeRTOS/Source/tasks.c **** 				{
2394:Middlewares/Third_Party/FreeRTOS/Source/tasks.c **** 					cNextChar = pxNextTCB->pcTaskName[ x ];
2395:Middlewares/Third_Party/FreeRTOS/Source/tasks.c **** 
2396:Middlewares/Third_Party/FreeRTOS/Source/tasks.c **** 					if( cNextChar != pcNameToQuery[ x ] )
2397:Middlewares/Third_Party/FreeRTOS/Source/tasks.c **** 					{
2398:Middlewares/Third_Party/FreeRTOS/Source/tasks.c **** 						/* Characters didn't match. */
2399:Middlewares/Third_Party/FreeRTOS/Source/tasks.c **** 						xBreakLoop = pdTRUE;
2400:Middlewares/Third_Party/FreeRTOS/Source/tasks.c **** 					}
2401:Middlewares/Third_Party/FreeRTOS/Source/tasks.c **** 					else if( cNextChar == ( char ) 0x00 )
2402:Middlewares/Third_Party/FreeRTOS/Source/tasks.c **** 					{
2403:Middlewares/Third_Party/FreeRTOS/Source/tasks.c **** 						/* Both strings terminated, a match must have been
2404:Middlewares/Third_Party/FreeRTOS/Source/tasks.c **** 						found. */
2405:Middlewares/Third_Party/FreeRTOS/Source/tasks.c **** 						pxReturn = pxNextTCB;
2406:Middlewares/Third_Party/FreeRTOS/Source/tasks.c **** 						xBreakLoop = pdTRUE;
2407:Middlewares/Third_Party/FreeRTOS/Source/tasks.c **** 					}
2408:Middlewares/Third_Party/FreeRTOS/Source/tasks.c **** 					else
2409:Middlewares/Third_Party/FreeRTOS/Source/tasks.c **** 					{
2410:Middlewares/Third_Party/FreeRTOS/Source/tasks.c **** 						mtCOVERAGE_TEST_MARKER();
2411:Middlewares/Third_Party/FreeRTOS/Source/tasks.c **** 					}
ARM GAS  D:\software\msy64\tmp\ccHzaEXX.s 			page 49


2412:Middlewares/Third_Party/FreeRTOS/Source/tasks.c **** 
2413:Middlewares/Third_Party/FreeRTOS/Source/tasks.c **** 					if( xBreakLoop != pdFALSE )
2414:Middlewares/Third_Party/FreeRTOS/Source/tasks.c **** 					{
2415:Middlewares/Third_Party/FreeRTOS/Source/tasks.c **** 						break;
2416:Middlewares/Third_Party/FreeRTOS/Source/tasks.c **** 					}
2417:Middlewares/Third_Party/FreeRTOS/Source/tasks.c **** 				}
2418:Middlewares/Third_Party/FreeRTOS/Source/tasks.c **** 
2419:Middlewares/Third_Party/FreeRTOS/Source/tasks.c **** 				if( pxReturn != NULL )
2420:Middlewares/Third_Party/FreeRTOS/Source/tasks.c **** 				{
2421:Middlewares/Third_Party/FreeRTOS/Source/tasks.c **** 					/* The handle has been found. */
2422:Middlewares/Third_Party/FreeRTOS/Source/tasks.c **** 					break;
2423:Middlewares/Third_Party/FreeRTOS/Source/tasks.c **** 				}
2424:Middlewares/Third_Party/FreeRTOS/Source/tasks.c **** 
2425:Middlewares/Third_Party/FreeRTOS/Source/tasks.c **** 			} while( pxNextTCB != pxFirstTCB );
2426:Middlewares/Third_Party/FreeRTOS/Source/tasks.c **** 		}
2427:Middlewares/Third_Party/FreeRTOS/Source/tasks.c **** 		else
2428:Middlewares/Third_Party/FreeRTOS/Source/tasks.c **** 		{
2429:Middlewares/Third_Party/FreeRTOS/Source/tasks.c **** 			mtCOVERAGE_TEST_MARKER();
2430:Middlewares/Third_Party/FreeRTOS/Source/tasks.c **** 		}
2431:Middlewares/Third_Party/FreeRTOS/Source/tasks.c **** 
2432:Middlewares/Third_Party/FreeRTOS/Source/tasks.c **** 		return pxReturn;
2433:Middlewares/Third_Party/FreeRTOS/Source/tasks.c **** 	}
2434:Middlewares/Third_Party/FreeRTOS/Source/tasks.c **** 
2435:Middlewares/Third_Party/FreeRTOS/Source/tasks.c **** #endif /* INCLUDE_xTaskGetHandle */
2436:Middlewares/Third_Party/FreeRTOS/Source/tasks.c **** /*-----------------------------------------------------------*/
2437:Middlewares/Third_Party/FreeRTOS/Source/tasks.c **** 
2438:Middlewares/Third_Party/FreeRTOS/Source/tasks.c **** #if ( INCLUDE_xTaskGetHandle == 1 )
2439:Middlewares/Third_Party/FreeRTOS/Source/tasks.c **** 
2440:Middlewares/Third_Party/FreeRTOS/Source/tasks.c **** 	TaskHandle_t xTaskGetHandle( const char *pcNameToQuery ) /*lint !e971 Unqualified char types are a
2441:Middlewares/Third_Party/FreeRTOS/Source/tasks.c **** 	{
2442:Middlewares/Third_Party/FreeRTOS/Source/tasks.c **** 	UBaseType_t uxQueue = configMAX_PRIORITIES;
2443:Middlewares/Third_Party/FreeRTOS/Source/tasks.c **** 	TCB_t* pxTCB;
2444:Middlewares/Third_Party/FreeRTOS/Source/tasks.c **** 
2445:Middlewares/Third_Party/FreeRTOS/Source/tasks.c **** 		/* Task names will be truncated to configMAX_TASK_NAME_LEN - 1 bytes. */
2446:Middlewares/Third_Party/FreeRTOS/Source/tasks.c **** 		configASSERT( strlen( pcNameToQuery ) < configMAX_TASK_NAME_LEN );
2447:Middlewares/Third_Party/FreeRTOS/Source/tasks.c **** 
2448:Middlewares/Third_Party/FreeRTOS/Source/tasks.c **** 		vTaskSuspendAll();
2449:Middlewares/Third_Party/FreeRTOS/Source/tasks.c **** 		{
2450:Middlewares/Third_Party/FreeRTOS/Source/tasks.c **** 			/* Search the ready lists. */
2451:Middlewares/Third_Party/FreeRTOS/Source/tasks.c **** 			do
2452:Middlewares/Third_Party/FreeRTOS/Source/tasks.c **** 			{
2453:Middlewares/Third_Party/FreeRTOS/Source/tasks.c **** 				uxQueue--;
2454:Middlewares/Third_Party/FreeRTOS/Source/tasks.c **** 				pxTCB = prvSearchForNameWithinSingleList( ( List_t * ) &( pxReadyTasksLists[ uxQueue ] ), pcNam
2455:Middlewares/Third_Party/FreeRTOS/Source/tasks.c **** 
2456:Middlewares/Third_Party/FreeRTOS/Source/tasks.c **** 				if( pxTCB != NULL )
2457:Middlewares/Third_Party/FreeRTOS/Source/tasks.c **** 				{
2458:Middlewares/Third_Party/FreeRTOS/Source/tasks.c **** 					/* Found the handle. */
2459:Middlewares/Third_Party/FreeRTOS/Source/tasks.c **** 					break;
2460:Middlewares/Third_Party/FreeRTOS/Source/tasks.c **** 				}
2461:Middlewares/Third_Party/FreeRTOS/Source/tasks.c **** 
2462:Middlewares/Third_Party/FreeRTOS/Source/tasks.c **** 			} while( uxQueue > ( UBaseType_t ) tskIDLE_PRIORITY ); /*lint !e961 MISRA exception as the casts
2463:Middlewares/Third_Party/FreeRTOS/Source/tasks.c **** 
2464:Middlewares/Third_Party/FreeRTOS/Source/tasks.c **** 			/* Search the delayed lists. */
2465:Middlewares/Third_Party/FreeRTOS/Source/tasks.c **** 			if( pxTCB == NULL )
2466:Middlewares/Third_Party/FreeRTOS/Source/tasks.c **** 			{
2467:Middlewares/Third_Party/FreeRTOS/Source/tasks.c **** 				pxTCB = prvSearchForNameWithinSingleList( ( List_t * ) pxDelayedTaskList, pcNameToQuery );
2468:Middlewares/Third_Party/FreeRTOS/Source/tasks.c **** 			}
ARM GAS  D:\software\msy64\tmp\ccHzaEXX.s 			page 50


2469:Middlewares/Third_Party/FreeRTOS/Source/tasks.c **** 
2470:Middlewares/Third_Party/FreeRTOS/Source/tasks.c **** 			if( pxTCB == NULL )
2471:Middlewares/Third_Party/FreeRTOS/Source/tasks.c **** 			{
2472:Middlewares/Third_Party/FreeRTOS/Source/tasks.c **** 				pxTCB = prvSearchForNameWithinSingleList( ( List_t * ) pxOverflowDelayedTaskList, pcNameToQuery
2473:Middlewares/Third_Party/FreeRTOS/Source/tasks.c **** 			}
2474:Middlewares/Third_Party/FreeRTOS/Source/tasks.c **** 
2475:Middlewares/Third_Party/FreeRTOS/Source/tasks.c **** 			#if ( INCLUDE_vTaskSuspend == 1 )
2476:Middlewares/Third_Party/FreeRTOS/Source/tasks.c **** 			{
2477:Middlewares/Third_Party/FreeRTOS/Source/tasks.c **** 				if( pxTCB == NULL )
2478:Middlewares/Third_Party/FreeRTOS/Source/tasks.c **** 				{
2479:Middlewares/Third_Party/FreeRTOS/Source/tasks.c **** 					/* Search the suspended list. */
2480:Middlewares/Third_Party/FreeRTOS/Source/tasks.c **** 					pxTCB = prvSearchForNameWithinSingleList( &xSuspendedTaskList, pcNameToQuery );
2481:Middlewares/Third_Party/FreeRTOS/Source/tasks.c **** 				}
2482:Middlewares/Third_Party/FreeRTOS/Source/tasks.c **** 			}
2483:Middlewares/Third_Party/FreeRTOS/Source/tasks.c **** 			#endif
2484:Middlewares/Third_Party/FreeRTOS/Source/tasks.c **** 
2485:Middlewares/Third_Party/FreeRTOS/Source/tasks.c **** 			#if( INCLUDE_vTaskDelete == 1 )
2486:Middlewares/Third_Party/FreeRTOS/Source/tasks.c **** 			{
2487:Middlewares/Third_Party/FreeRTOS/Source/tasks.c **** 				if( pxTCB == NULL )
2488:Middlewares/Third_Party/FreeRTOS/Source/tasks.c **** 				{
2489:Middlewares/Third_Party/FreeRTOS/Source/tasks.c **** 					/* Search the deleted list. */
2490:Middlewares/Third_Party/FreeRTOS/Source/tasks.c **** 					pxTCB = prvSearchForNameWithinSingleList( &xTasksWaitingTermination, pcNameToQuery );
2491:Middlewares/Third_Party/FreeRTOS/Source/tasks.c **** 				}
2492:Middlewares/Third_Party/FreeRTOS/Source/tasks.c **** 			}
2493:Middlewares/Third_Party/FreeRTOS/Source/tasks.c **** 			#endif
2494:Middlewares/Third_Party/FreeRTOS/Source/tasks.c **** 		}
2495:Middlewares/Third_Party/FreeRTOS/Source/tasks.c **** 		( void ) xTaskResumeAll();
2496:Middlewares/Third_Party/FreeRTOS/Source/tasks.c **** 
2497:Middlewares/Third_Party/FreeRTOS/Source/tasks.c **** 		return pxTCB;
2498:Middlewares/Third_Party/FreeRTOS/Source/tasks.c **** 	}
2499:Middlewares/Third_Party/FreeRTOS/Source/tasks.c **** 
2500:Middlewares/Third_Party/FreeRTOS/Source/tasks.c **** #endif /* INCLUDE_xTaskGetHandle */
2501:Middlewares/Third_Party/FreeRTOS/Source/tasks.c **** /*-----------------------------------------------------------*/
2502:Middlewares/Third_Party/FreeRTOS/Source/tasks.c **** 
2503:Middlewares/Third_Party/FreeRTOS/Source/tasks.c **** #if ( configUSE_TRACE_FACILITY == 1 )
2504:Middlewares/Third_Party/FreeRTOS/Source/tasks.c **** 
2505:Middlewares/Third_Party/FreeRTOS/Source/tasks.c **** 	UBaseType_t uxTaskGetSystemState( TaskStatus_t * const pxTaskStatusArray, const UBaseType_t uxArra
2506:Middlewares/Third_Party/FreeRTOS/Source/tasks.c **** 	{
2507:Middlewares/Third_Party/FreeRTOS/Source/tasks.c **** 	UBaseType_t uxTask = 0, uxQueue = configMAX_PRIORITIES;
2508:Middlewares/Third_Party/FreeRTOS/Source/tasks.c **** 
2509:Middlewares/Third_Party/FreeRTOS/Source/tasks.c **** 		vTaskSuspendAll();
2510:Middlewares/Third_Party/FreeRTOS/Source/tasks.c **** 		{
2511:Middlewares/Third_Party/FreeRTOS/Source/tasks.c **** 			/* Is there a space in the array for each task in the system? */
2512:Middlewares/Third_Party/FreeRTOS/Source/tasks.c **** 			if( uxArraySize >= uxCurrentNumberOfTasks )
2513:Middlewares/Third_Party/FreeRTOS/Source/tasks.c **** 			{
2514:Middlewares/Third_Party/FreeRTOS/Source/tasks.c **** 				/* Fill in an TaskStatus_t structure with information on each
2515:Middlewares/Third_Party/FreeRTOS/Source/tasks.c **** 				task in the Ready state. */
2516:Middlewares/Third_Party/FreeRTOS/Source/tasks.c **** 				do
2517:Middlewares/Third_Party/FreeRTOS/Source/tasks.c **** 				{
2518:Middlewares/Third_Party/FreeRTOS/Source/tasks.c **** 					uxQueue--;
2519:Middlewares/Third_Party/FreeRTOS/Source/tasks.c **** 					uxTask += prvListTasksWithinSingleList( &( pxTaskStatusArray[ uxTask ] ), &( pxReadyTasksLists
2520:Middlewares/Third_Party/FreeRTOS/Source/tasks.c **** 
2521:Middlewares/Third_Party/FreeRTOS/Source/tasks.c **** 				} while( uxQueue > ( UBaseType_t ) tskIDLE_PRIORITY ); /*lint !e961 MISRA exception as the cast
2522:Middlewares/Third_Party/FreeRTOS/Source/tasks.c **** 
2523:Middlewares/Third_Party/FreeRTOS/Source/tasks.c **** 				/* Fill in an TaskStatus_t structure with information on each
2524:Middlewares/Third_Party/FreeRTOS/Source/tasks.c **** 				task in the Blocked state. */
2525:Middlewares/Third_Party/FreeRTOS/Source/tasks.c **** 				uxTask += prvListTasksWithinSingleList( &( pxTaskStatusArray[ uxTask ] ), ( List_t * ) pxDelaye
ARM GAS  D:\software\msy64\tmp\ccHzaEXX.s 			page 51


2526:Middlewares/Third_Party/FreeRTOS/Source/tasks.c **** 				uxTask += prvListTasksWithinSingleList( &( pxTaskStatusArray[ uxTask ] ), ( List_t * ) pxOverfl
2527:Middlewares/Third_Party/FreeRTOS/Source/tasks.c **** 
2528:Middlewares/Third_Party/FreeRTOS/Source/tasks.c **** 				#if( INCLUDE_vTaskDelete == 1 )
2529:Middlewares/Third_Party/FreeRTOS/Source/tasks.c **** 				{
2530:Middlewares/Third_Party/FreeRTOS/Source/tasks.c **** 					/* Fill in an TaskStatus_t structure with information on
2531:Middlewares/Third_Party/FreeRTOS/Source/tasks.c **** 					each task that has been deleted but not yet cleaned up. */
2532:Middlewares/Third_Party/FreeRTOS/Source/tasks.c **** 					uxTask += prvListTasksWithinSingleList( &( pxTaskStatusArray[ uxTask ] ), &xTasksWaitingTermin
2533:Middlewares/Third_Party/FreeRTOS/Source/tasks.c **** 				}
2534:Middlewares/Third_Party/FreeRTOS/Source/tasks.c **** 				#endif
2535:Middlewares/Third_Party/FreeRTOS/Source/tasks.c **** 
2536:Middlewares/Third_Party/FreeRTOS/Source/tasks.c **** 				#if ( INCLUDE_vTaskSuspend == 1 )
2537:Middlewares/Third_Party/FreeRTOS/Source/tasks.c **** 				{
2538:Middlewares/Third_Party/FreeRTOS/Source/tasks.c **** 					/* Fill in an TaskStatus_t structure with information on
2539:Middlewares/Third_Party/FreeRTOS/Source/tasks.c **** 					each task in the Suspended state. */
2540:Middlewares/Third_Party/FreeRTOS/Source/tasks.c **** 					uxTask += prvListTasksWithinSingleList( &( pxTaskStatusArray[ uxTask ] ), &xSuspendedTaskList,
2541:Middlewares/Third_Party/FreeRTOS/Source/tasks.c **** 				}
2542:Middlewares/Third_Party/FreeRTOS/Source/tasks.c **** 				#endif
2543:Middlewares/Third_Party/FreeRTOS/Source/tasks.c **** 
2544:Middlewares/Third_Party/FreeRTOS/Source/tasks.c **** 				#if ( configGENERATE_RUN_TIME_STATS == 1)
2545:Middlewares/Third_Party/FreeRTOS/Source/tasks.c **** 				{
2546:Middlewares/Third_Party/FreeRTOS/Source/tasks.c **** 					if( pulTotalRunTime != NULL )
2547:Middlewares/Third_Party/FreeRTOS/Source/tasks.c **** 					{
2548:Middlewares/Third_Party/FreeRTOS/Source/tasks.c **** 						#ifdef portALT_GET_RUN_TIME_COUNTER_VALUE
2549:Middlewares/Third_Party/FreeRTOS/Source/tasks.c **** 							portALT_GET_RUN_TIME_COUNTER_VALUE( ( *pulTotalRunTime ) );
2550:Middlewares/Third_Party/FreeRTOS/Source/tasks.c **** 						#else
2551:Middlewares/Third_Party/FreeRTOS/Source/tasks.c **** 							*pulTotalRunTime = portGET_RUN_TIME_COUNTER_VALUE();
2552:Middlewares/Third_Party/FreeRTOS/Source/tasks.c **** 						#endif
2553:Middlewares/Third_Party/FreeRTOS/Source/tasks.c **** 					}
2554:Middlewares/Third_Party/FreeRTOS/Source/tasks.c **** 				}
2555:Middlewares/Third_Party/FreeRTOS/Source/tasks.c **** 				#else
2556:Middlewares/Third_Party/FreeRTOS/Source/tasks.c **** 				{
2557:Middlewares/Third_Party/FreeRTOS/Source/tasks.c **** 					if( pulTotalRunTime != NULL )
2558:Middlewares/Third_Party/FreeRTOS/Source/tasks.c **** 					{
2559:Middlewares/Third_Party/FreeRTOS/Source/tasks.c **** 						*pulTotalRunTime = 0;
2560:Middlewares/Third_Party/FreeRTOS/Source/tasks.c **** 					}
2561:Middlewares/Third_Party/FreeRTOS/Source/tasks.c **** 				}
2562:Middlewares/Third_Party/FreeRTOS/Source/tasks.c **** 				#endif
2563:Middlewares/Third_Party/FreeRTOS/Source/tasks.c **** 			}
2564:Middlewares/Third_Party/FreeRTOS/Source/tasks.c **** 			else
2565:Middlewares/Third_Party/FreeRTOS/Source/tasks.c **** 			{
2566:Middlewares/Third_Party/FreeRTOS/Source/tasks.c **** 				mtCOVERAGE_TEST_MARKER();
2567:Middlewares/Third_Party/FreeRTOS/Source/tasks.c **** 			}
2568:Middlewares/Third_Party/FreeRTOS/Source/tasks.c **** 		}
2569:Middlewares/Third_Party/FreeRTOS/Source/tasks.c **** 		( void ) xTaskResumeAll();
2570:Middlewares/Third_Party/FreeRTOS/Source/tasks.c **** 
2571:Middlewares/Third_Party/FreeRTOS/Source/tasks.c **** 		return uxTask;
2572:Middlewares/Third_Party/FreeRTOS/Source/tasks.c **** 	}
2573:Middlewares/Third_Party/FreeRTOS/Source/tasks.c **** 
2574:Middlewares/Third_Party/FreeRTOS/Source/tasks.c **** #endif /* configUSE_TRACE_FACILITY */
2575:Middlewares/Third_Party/FreeRTOS/Source/tasks.c **** /*----------------------------------------------------------*/
2576:Middlewares/Third_Party/FreeRTOS/Source/tasks.c **** 
2577:Middlewares/Third_Party/FreeRTOS/Source/tasks.c **** #if ( INCLUDE_xTaskGetIdleTaskHandle == 1 )
2578:Middlewares/Third_Party/FreeRTOS/Source/tasks.c **** 
2579:Middlewares/Third_Party/FreeRTOS/Source/tasks.c **** 	TaskHandle_t xTaskGetIdleTaskHandle( void )
2580:Middlewares/Third_Party/FreeRTOS/Source/tasks.c **** 	{
2581:Middlewares/Third_Party/FreeRTOS/Source/tasks.c **** 		/* If xTaskGetIdleTaskHandle() is called before the scheduler has been
2582:Middlewares/Third_Party/FreeRTOS/Source/tasks.c **** 		started, then xIdleTaskHandle will be NULL. */
ARM GAS  D:\software\msy64\tmp\ccHzaEXX.s 			page 52


2583:Middlewares/Third_Party/FreeRTOS/Source/tasks.c **** 		configASSERT( ( xIdleTaskHandle != NULL ) );
2584:Middlewares/Third_Party/FreeRTOS/Source/tasks.c **** 		return xIdleTaskHandle;
2585:Middlewares/Third_Party/FreeRTOS/Source/tasks.c **** 	}
2586:Middlewares/Third_Party/FreeRTOS/Source/tasks.c **** 
2587:Middlewares/Third_Party/FreeRTOS/Source/tasks.c **** #endif /* INCLUDE_xTaskGetIdleTaskHandle */
2588:Middlewares/Third_Party/FreeRTOS/Source/tasks.c **** /*----------------------------------------------------------*/
2589:Middlewares/Third_Party/FreeRTOS/Source/tasks.c **** 
2590:Middlewares/Third_Party/FreeRTOS/Source/tasks.c **** /* This conditional compilation should use inequality to 0, not equality to 1.
2591:Middlewares/Third_Party/FreeRTOS/Source/tasks.c **** This is to ensure vTaskStepTick() is available when user defined low power mode
2592:Middlewares/Third_Party/FreeRTOS/Source/tasks.c **** implementations require configUSE_TICKLESS_IDLE to be set to a value other than
2593:Middlewares/Third_Party/FreeRTOS/Source/tasks.c **** 1. */
2594:Middlewares/Third_Party/FreeRTOS/Source/tasks.c **** #if ( configUSE_TICKLESS_IDLE != 0 )
2595:Middlewares/Third_Party/FreeRTOS/Source/tasks.c **** 
2596:Middlewares/Third_Party/FreeRTOS/Source/tasks.c **** 	void vTaskStepTick( const TickType_t xTicksToJump )
2597:Middlewares/Third_Party/FreeRTOS/Source/tasks.c **** 	{
2598:Middlewares/Third_Party/FreeRTOS/Source/tasks.c **** 		/* Correct the tick count value after a period during which the tick
2599:Middlewares/Third_Party/FreeRTOS/Source/tasks.c **** 		was suppressed.  Note this does *not* call the tick hook function for
2600:Middlewares/Third_Party/FreeRTOS/Source/tasks.c **** 		each stepped tick. */
2601:Middlewares/Third_Party/FreeRTOS/Source/tasks.c **** 		configASSERT( ( xTickCount + xTicksToJump ) <= xNextTaskUnblockTime );
2602:Middlewares/Third_Party/FreeRTOS/Source/tasks.c **** 		xTickCount += xTicksToJump;
2603:Middlewares/Third_Party/FreeRTOS/Source/tasks.c **** 		traceINCREASE_TICK_COUNT( xTicksToJump );
2604:Middlewares/Third_Party/FreeRTOS/Source/tasks.c **** 	}
2605:Middlewares/Third_Party/FreeRTOS/Source/tasks.c **** 
2606:Middlewares/Third_Party/FreeRTOS/Source/tasks.c **** #endif /* configUSE_TICKLESS_IDLE */
2607:Middlewares/Third_Party/FreeRTOS/Source/tasks.c **** /*----------------------------------------------------------*/
2608:Middlewares/Third_Party/FreeRTOS/Source/tasks.c **** 
2609:Middlewares/Third_Party/FreeRTOS/Source/tasks.c **** BaseType_t xTaskCatchUpTicks( TickType_t xTicksToCatchUp )
2610:Middlewares/Third_Party/FreeRTOS/Source/tasks.c **** {
2611:Middlewares/Third_Party/FreeRTOS/Source/tasks.c **** BaseType_t xYieldRequired = pdFALSE;
2612:Middlewares/Third_Party/FreeRTOS/Source/tasks.c **** 
2613:Middlewares/Third_Party/FreeRTOS/Source/tasks.c **** 	/* Must not be called with the scheduler suspended as the implementation
2614:Middlewares/Third_Party/FreeRTOS/Source/tasks.c **** 	relies on xPendedTicks being wound down to 0 in xTaskResumeAll(). */
2615:Middlewares/Third_Party/FreeRTOS/Source/tasks.c **** 	configASSERT( uxSchedulerSuspended == 0 );
2616:Middlewares/Third_Party/FreeRTOS/Source/tasks.c **** 
2617:Middlewares/Third_Party/FreeRTOS/Source/tasks.c **** 	/* Use xPendedTicks to mimic xTicksToCatchUp number of ticks occurring when
2618:Middlewares/Third_Party/FreeRTOS/Source/tasks.c **** 	the scheduler is suspended so the ticks are executed in xTaskResumeAll(). */
2619:Middlewares/Third_Party/FreeRTOS/Source/tasks.c **** 	vTaskSuspendAll();
2620:Middlewares/Third_Party/FreeRTOS/Source/tasks.c **** 	xPendedTicks += xTicksToCatchUp;
2621:Middlewares/Third_Party/FreeRTOS/Source/tasks.c **** 	xYieldRequired = xTaskResumeAll();
2622:Middlewares/Third_Party/FreeRTOS/Source/tasks.c **** 
2623:Middlewares/Third_Party/FreeRTOS/Source/tasks.c **** 	return xYieldRequired;
2624:Middlewares/Third_Party/FreeRTOS/Source/tasks.c **** }
2625:Middlewares/Third_Party/FreeRTOS/Source/tasks.c **** /*----------------------------------------------------------*/
2626:Middlewares/Third_Party/FreeRTOS/Source/tasks.c **** 
2627:Middlewares/Third_Party/FreeRTOS/Source/tasks.c **** #if ( INCLUDE_xTaskAbortDelay == 1 )
2628:Middlewares/Third_Party/FreeRTOS/Source/tasks.c **** 
2629:Middlewares/Third_Party/FreeRTOS/Source/tasks.c **** 	BaseType_t xTaskAbortDelay( TaskHandle_t xTask )
2630:Middlewares/Third_Party/FreeRTOS/Source/tasks.c **** 	{
2631:Middlewares/Third_Party/FreeRTOS/Source/tasks.c **** 	TCB_t *pxTCB = xTask;
2632:Middlewares/Third_Party/FreeRTOS/Source/tasks.c **** 	BaseType_t xReturn;
2633:Middlewares/Third_Party/FreeRTOS/Source/tasks.c **** 
2634:Middlewares/Third_Party/FreeRTOS/Source/tasks.c **** 		configASSERT( pxTCB );
2635:Middlewares/Third_Party/FreeRTOS/Source/tasks.c **** 
2636:Middlewares/Third_Party/FreeRTOS/Source/tasks.c **** 		vTaskSuspendAll();
2637:Middlewares/Third_Party/FreeRTOS/Source/tasks.c **** 		{
2638:Middlewares/Third_Party/FreeRTOS/Source/tasks.c **** 			/* A task can only be prematurely removed from the Blocked state if
2639:Middlewares/Third_Party/FreeRTOS/Source/tasks.c **** 			it is actually in the Blocked state. */
ARM GAS  D:\software\msy64\tmp\ccHzaEXX.s 			page 53


2640:Middlewares/Third_Party/FreeRTOS/Source/tasks.c **** 			if( eTaskGetState( xTask ) == eBlocked )
2641:Middlewares/Third_Party/FreeRTOS/Source/tasks.c **** 			{
2642:Middlewares/Third_Party/FreeRTOS/Source/tasks.c **** 				xReturn = pdPASS;
2643:Middlewares/Third_Party/FreeRTOS/Source/tasks.c **** 
2644:Middlewares/Third_Party/FreeRTOS/Source/tasks.c **** 				/* Remove the reference to the task from the blocked list.  An
2645:Middlewares/Third_Party/FreeRTOS/Source/tasks.c **** 				interrupt won't touch the xStateListItem because the
2646:Middlewares/Third_Party/FreeRTOS/Source/tasks.c **** 				scheduler is suspended. */
2647:Middlewares/Third_Party/FreeRTOS/Source/tasks.c **** 				( void ) uxListRemove( &( pxTCB->xStateListItem ) );
2648:Middlewares/Third_Party/FreeRTOS/Source/tasks.c **** 
2649:Middlewares/Third_Party/FreeRTOS/Source/tasks.c **** 				/* Is the task waiting on an event also?  If so remove it from
2650:Middlewares/Third_Party/FreeRTOS/Source/tasks.c **** 				the event list too.  Interrupts can touch the event list item,
2651:Middlewares/Third_Party/FreeRTOS/Source/tasks.c **** 				even though the scheduler is suspended, so a critical section
2652:Middlewares/Third_Party/FreeRTOS/Source/tasks.c **** 				is used. */
2653:Middlewares/Third_Party/FreeRTOS/Source/tasks.c **** 				taskENTER_CRITICAL();
2654:Middlewares/Third_Party/FreeRTOS/Source/tasks.c **** 				{
2655:Middlewares/Third_Party/FreeRTOS/Source/tasks.c **** 					if( listLIST_ITEM_CONTAINER( &( pxTCB->xEventListItem ) ) != NULL )
2656:Middlewares/Third_Party/FreeRTOS/Source/tasks.c **** 					{
2657:Middlewares/Third_Party/FreeRTOS/Source/tasks.c **** 						( void ) uxListRemove( &( pxTCB->xEventListItem ) );
2658:Middlewares/Third_Party/FreeRTOS/Source/tasks.c **** 
2659:Middlewares/Third_Party/FreeRTOS/Source/tasks.c **** 						/* This lets the task know it was forcibly removed from the
2660:Middlewares/Third_Party/FreeRTOS/Source/tasks.c **** 						blocked state so it should not re-evaluate its block time and
2661:Middlewares/Third_Party/FreeRTOS/Source/tasks.c **** 						then block again. */
2662:Middlewares/Third_Party/FreeRTOS/Source/tasks.c **** 						pxTCB->ucDelayAborted = pdTRUE;
2663:Middlewares/Third_Party/FreeRTOS/Source/tasks.c **** 					}
2664:Middlewares/Third_Party/FreeRTOS/Source/tasks.c **** 					else
2665:Middlewares/Third_Party/FreeRTOS/Source/tasks.c **** 					{
2666:Middlewares/Third_Party/FreeRTOS/Source/tasks.c **** 						mtCOVERAGE_TEST_MARKER();
2667:Middlewares/Third_Party/FreeRTOS/Source/tasks.c **** 					}
2668:Middlewares/Third_Party/FreeRTOS/Source/tasks.c **** 				}
2669:Middlewares/Third_Party/FreeRTOS/Source/tasks.c **** 				taskEXIT_CRITICAL();
2670:Middlewares/Third_Party/FreeRTOS/Source/tasks.c **** 
2671:Middlewares/Third_Party/FreeRTOS/Source/tasks.c **** 				/* Place the unblocked task into the appropriate ready list. */
2672:Middlewares/Third_Party/FreeRTOS/Source/tasks.c **** 				prvAddTaskToReadyList( pxTCB );
2673:Middlewares/Third_Party/FreeRTOS/Source/tasks.c **** 
2674:Middlewares/Third_Party/FreeRTOS/Source/tasks.c **** 				/* A task being unblocked cannot cause an immediate context
2675:Middlewares/Third_Party/FreeRTOS/Source/tasks.c **** 				switch if preemption is turned off. */
2676:Middlewares/Third_Party/FreeRTOS/Source/tasks.c **** 				#if (  configUSE_PREEMPTION == 1 )
2677:Middlewares/Third_Party/FreeRTOS/Source/tasks.c **** 				{
2678:Middlewares/Third_Party/FreeRTOS/Source/tasks.c **** 					/* Preemption is on, but a context switch should only be
2679:Middlewares/Third_Party/FreeRTOS/Source/tasks.c **** 					performed if the unblocked task has a priority that is
2680:Middlewares/Third_Party/FreeRTOS/Source/tasks.c **** 					equal to or higher than the currently executing task. */
2681:Middlewares/Third_Party/FreeRTOS/Source/tasks.c **** 					if( pxTCB->uxPriority > pxCurrentTCB->uxPriority )
2682:Middlewares/Third_Party/FreeRTOS/Source/tasks.c **** 					{
2683:Middlewares/Third_Party/FreeRTOS/Source/tasks.c **** 						/* Pend the yield to be performed when the scheduler
2684:Middlewares/Third_Party/FreeRTOS/Source/tasks.c **** 						is unsuspended. */
2685:Middlewares/Third_Party/FreeRTOS/Source/tasks.c **** 						xYieldPending = pdTRUE;
2686:Middlewares/Third_Party/FreeRTOS/Source/tasks.c **** 					}
2687:Middlewares/Third_Party/FreeRTOS/Source/tasks.c **** 					else
2688:Middlewares/Third_Party/FreeRTOS/Source/tasks.c **** 					{
2689:Middlewares/Third_Party/FreeRTOS/Source/tasks.c **** 						mtCOVERAGE_TEST_MARKER();
2690:Middlewares/Third_Party/FreeRTOS/Source/tasks.c **** 					}
2691:Middlewares/Third_Party/FreeRTOS/Source/tasks.c **** 				}
2692:Middlewares/Third_Party/FreeRTOS/Source/tasks.c **** 				#endif /* configUSE_PREEMPTION */
2693:Middlewares/Third_Party/FreeRTOS/Source/tasks.c **** 			}
2694:Middlewares/Third_Party/FreeRTOS/Source/tasks.c **** 			else
2695:Middlewares/Third_Party/FreeRTOS/Source/tasks.c **** 			{
2696:Middlewares/Third_Party/FreeRTOS/Source/tasks.c **** 				xReturn = pdFAIL;
ARM GAS  D:\software\msy64\tmp\ccHzaEXX.s 			page 54


2697:Middlewares/Third_Party/FreeRTOS/Source/tasks.c **** 			}
2698:Middlewares/Third_Party/FreeRTOS/Source/tasks.c **** 		}
2699:Middlewares/Third_Party/FreeRTOS/Source/tasks.c **** 		( void ) xTaskResumeAll();
2700:Middlewares/Third_Party/FreeRTOS/Source/tasks.c **** 
2701:Middlewares/Third_Party/FreeRTOS/Source/tasks.c **** 		return xReturn;
2702:Middlewares/Third_Party/FreeRTOS/Source/tasks.c **** 	}
2703:Middlewares/Third_Party/FreeRTOS/Source/tasks.c **** 
2704:Middlewares/Third_Party/FreeRTOS/Source/tasks.c **** #endif /* INCLUDE_xTaskAbortDelay */
2705:Middlewares/Third_Party/FreeRTOS/Source/tasks.c **** /*----------------------------------------------------------*/
2706:Middlewares/Third_Party/FreeRTOS/Source/tasks.c **** 
2707:Middlewares/Third_Party/FreeRTOS/Source/tasks.c **** BaseType_t xTaskIncrementTick( void )
2708:Middlewares/Third_Party/FreeRTOS/Source/tasks.c **** {
2709:Middlewares/Third_Party/FreeRTOS/Source/tasks.c **** TCB_t * pxTCB;
2710:Middlewares/Third_Party/FreeRTOS/Source/tasks.c **** TickType_t xItemValue;
2711:Middlewares/Third_Party/FreeRTOS/Source/tasks.c **** BaseType_t xSwitchRequired = pdFALSE;
2712:Middlewares/Third_Party/FreeRTOS/Source/tasks.c **** 
2713:Middlewares/Third_Party/FreeRTOS/Source/tasks.c **** 	/* Called by the portable layer each time a tick interrupt occurs.
2714:Middlewares/Third_Party/FreeRTOS/Source/tasks.c **** 	Increments the tick then checks to see if the new tick value will cause any
2715:Middlewares/Third_Party/FreeRTOS/Source/tasks.c **** 	tasks to be unblocked. */
2716:Middlewares/Third_Party/FreeRTOS/Source/tasks.c **** 	traceTASK_INCREMENT_TICK( xTickCount );
2717:Middlewares/Third_Party/FreeRTOS/Source/tasks.c **** 	if( uxSchedulerSuspended == ( UBaseType_t ) pdFALSE )
2718:Middlewares/Third_Party/FreeRTOS/Source/tasks.c **** 	{
2719:Middlewares/Third_Party/FreeRTOS/Source/tasks.c **** 		/* Minor optimisation.  The tick count cannot change in this
2720:Middlewares/Third_Party/FreeRTOS/Source/tasks.c **** 		block. */
2721:Middlewares/Third_Party/FreeRTOS/Source/tasks.c **** 		const TickType_t xConstTickCount = xTickCount + ( TickType_t ) 1;
2722:Middlewares/Third_Party/FreeRTOS/Source/tasks.c **** 
2723:Middlewares/Third_Party/FreeRTOS/Source/tasks.c **** 		/* Increment the RTOS tick, switching the delayed and overflowed
2724:Middlewares/Third_Party/FreeRTOS/Source/tasks.c **** 		delayed lists if it wraps to 0. */
2725:Middlewares/Third_Party/FreeRTOS/Source/tasks.c **** 		xTickCount = xConstTickCount;
2726:Middlewares/Third_Party/FreeRTOS/Source/tasks.c **** 
2727:Middlewares/Third_Party/FreeRTOS/Source/tasks.c **** 		if( xConstTickCount == ( TickType_t ) 0U ) /*lint !e774 'if' does not always evaluate to false as
2728:Middlewares/Third_Party/FreeRTOS/Source/tasks.c **** 		{
2729:Middlewares/Third_Party/FreeRTOS/Source/tasks.c **** 			taskSWITCH_DELAYED_LISTS();
2730:Middlewares/Third_Party/FreeRTOS/Source/tasks.c **** 		}
2731:Middlewares/Third_Party/FreeRTOS/Source/tasks.c **** 		else
2732:Middlewares/Third_Party/FreeRTOS/Source/tasks.c **** 		{
2733:Middlewares/Third_Party/FreeRTOS/Source/tasks.c **** 			mtCOVERAGE_TEST_MARKER();
2734:Middlewares/Third_Party/FreeRTOS/Source/tasks.c **** 		}
2735:Middlewares/Third_Party/FreeRTOS/Source/tasks.c **** 
2736:Middlewares/Third_Party/FreeRTOS/Source/tasks.c **** 		/* See if this tick has made a timeout expire.  Tasks are stored in
2737:Middlewares/Third_Party/FreeRTOS/Source/tasks.c **** 		the	queue in the order of their wake time - meaning once one task
2738:Middlewares/Third_Party/FreeRTOS/Source/tasks.c **** 		has been found whose block time has not expired there is no need to
2739:Middlewares/Third_Party/FreeRTOS/Source/tasks.c **** 		look any further down the list. */
2740:Middlewares/Third_Party/FreeRTOS/Source/tasks.c **** 		if( xConstTickCount >= xNextTaskUnblockTime )
2741:Middlewares/Third_Party/FreeRTOS/Source/tasks.c **** 		{
2742:Middlewares/Third_Party/FreeRTOS/Source/tasks.c **** 			for( ;; )
2743:Middlewares/Third_Party/FreeRTOS/Source/tasks.c **** 			{
2744:Middlewares/Third_Party/FreeRTOS/Source/tasks.c **** 				if( listLIST_IS_EMPTY( pxDelayedTaskList ) != pdFALSE )
2745:Middlewares/Third_Party/FreeRTOS/Source/tasks.c **** 				{
2746:Middlewares/Third_Party/FreeRTOS/Source/tasks.c **** 					/* The delayed list is empty.  Set xNextTaskUnblockTime
2747:Middlewares/Third_Party/FreeRTOS/Source/tasks.c **** 					to the maximum possible value so it is extremely
2748:Middlewares/Third_Party/FreeRTOS/Source/tasks.c **** 					unlikely that the
2749:Middlewares/Third_Party/FreeRTOS/Source/tasks.c **** 					if( xTickCount >= xNextTaskUnblockTime ) test will pass
2750:Middlewares/Third_Party/FreeRTOS/Source/tasks.c **** 					next time through. */
2751:Middlewares/Third_Party/FreeRTOS/Source/tasks.c **** 					xNextTaskUnblockTime = portMAX_DELAY; /*lint !e961 MISRA exception as the casts are only redun
2752:Middlewares/Third_Party/FreeRTOS/Source/tasks.c **** 					break;
2753:Middlewares/Third_Party/FreeRTOS/Source/tasks.c **** 				}
ARM GAS  D:\software\msy64\tmp\ccHzaEXX.s 			page 55


2754:Middlewares/Third_Party/FreeRTOS/Source/tasks.c **** 				else
2755:Middlewares/Third_Party/FreeRTOS/Source/tasks.c **** 				{
2756:Middlewares/Third_Party/FreeRTOS/Source/tasks.c **** 					/* The delayed list is not empty, get the value of the
2757:Middlewares/Third_Party/FreeRTOS/Source/tasks.c **** 					item at the head of the delayed list.  This is the time
2758:Middlewares/Third_Party/FreeRTOS/Source/tasks.c **** 					at which the task at the head of the delayed list must
2759:Middlewares/Third_Party/FreeRTOS/Source/tasks.c **** 					be removed from the Blocked state. */
2760:Middlewares/Third_Party/FreeRTOS/Source/tasks.c **** 					pxTCB = listGET_OWNER_OF_HEAD_ENTRY( pxDelayedTaskList ); /*lint !e9079 void * is used as this
2761:Middlewares/Third_Party/FreeRTOS/Source/tasks.c **** 					xItemValue = listGET_LIST_ITEM_VALUE( &( pxTCB->xStateListItem ) );
2762:Middlewares/Third_Party/FreeRTOS/Source/tasks.c **** 
2763:Middlewares/Third_Party/FreeRTOS/Source/tasks.c **** 					if( xConstTickCount < xItemValue )
2764:Middlewares/Third_Party/FreeRTOS/Source/tasks.c **** 					{
2765:Middlewares/Third_Party/FreeRTOS/Source/tasks.c **** 						/* It is not time to unblock this item yet, but the
2766:Middlewares/Third_Party/FreeRTOS/Source/tasks.c **** 						item value is the time at which the task at the head
2767:Middlewares/Third_Party/FreeRTOS/Source/tasks.c **** 						of the blocked list must be removed from the Blocked
2768:Middlewares/Third_Party/FreeRTOS/Source/tasks.c **** 						state -	so record the item value in
2769:Middlewares/Third_Party/FreeRTOS/Source/tasks.c **** 						xNextTaskUnblockTime. */
2770:Middlewares/Third_Party/FreeRTOS/Source/tasks.c **** 						xNextTaskUnblockTime = xItemValue;
2771:Middlewares/Third_Party/FreeRTOS/Source/tasks.c **** 						break; /*lint !e9011 Code structure here is deedmed easier to understand with multiple breaks
2772:Middlewares/Third_Party/FreeRTOS/Source/tasks.c **** 					}
2773:Middlewares/Third_Party/FreeRTOS/Source/tasks.c **** 					else
2774:Middlewares/Third_Party/FreeRTOS/Source/tasks.c **** 					{
2775:Middlewares/Third_Party/FreeRTOS/Source/tasks.c **** 						mtCOVERAGE_TEST_MARKER();
2776:Middlewares/Third_Party/FreeRTOS/Source/tasks.c **** 					}
2777:Middlewares/Third_Party/FreeRTOS/Source/tasks.c **** 
2778:Middlewares/Third_Party/FreeRTOS/Source/tasks.c **** 					/* It is time to remove the item from the Blocked state. */
2779:Middlewares/Third_Party/FreeRTOS/Source/tasks.c **** 					( void ) uxListRemove( &( pxTCB->xStateListItem ) );
2780:Middlewares/Third_Party/FreeRTOS/Source/tasks.c **** 
2781:Middlewares/Third_Party/FreeRTOS/Source/tasks.c **** 					/* Is the task waiting on an event also?  If so remove
2782:Middlewares/Third_Party/FreeRTOS/Source/tasks.c **** 					it from the event list. */
2783:Middlewares/Third_Party/FreeRTOS/Source/tasks.c **** 					if( listLIST_ITEM_CONTAINER( &( pxTCB->xEventListItem ) ) != NULL )
2784:Middlewares/Third_Party/FreeRTOS/Source/tasks.c **** 					{
2785:Middlewares/Third_Party/FreeRTOS/Source/tasks.c **** 						( void ) uxListRemove( &( pxTCB->xEventListItem ) );
2786:Middlewares/Third_Party/FreeRTOS/Source/tasks.c **** 					}
2787:Middlewares/Third_Party/FreeRTOS/Source/tasks.c **** 					else
2788:Middlewares/Third_Party/FreeRTOS/Source/tasks.c **** 					{
2789:Middlewares/Third_Party/FreeRTOS/Source/tasks.c **** 						mtCOVERAGE_TEST_MARKER();
2790:Middlewares/Third_Party/FreeRTOS/Source/tasks.c **** 					}
2791:Middlewares/Third_Party/FreeRTOS/Source/tasks.c **** 
2792:Middlewares/Third_Party/FreeRTOS/Source/tasks.c **** 					/* Place the unblocked task into the appropriate ready
2793:Middlewares/Third_Party/FreeRTOS/Source/tasks.c **** 					list. */
2794:Middlewares/Third_Party/FreeRTOS/Source/tasks.c **** 					prvAddTaskToReadyList( pxTCB );
2795:Middlewares/Third_Party/FreeRTOS/Source/tasks.c **** 
2796:Middlewares/Third_Party/FreeRTOS/Source/tasks.c **** 					/* A task being unblocked cannot cause an immediate
2797:Middlewares/Third_Party/FreeRTOS/Source/tasks.c **** 					context switch if preemption is turned off. */
2798:Middlewares/Third_Party/FreeRTOS/Source/tasks.c **** 					#if (  configUSE_PREEMPTION == 1 )
2799:Middlewares/Third_Party/FreeRTOS/Source/tasks.c **** 					{
2800:Middlewares/Third_Party/FreeRTOS/Source/tasks.c **** 						/* Preemption is on, but a context switch should
2801:Middlewares/Third_Party/FreeRTOS/Source/tasks.c **** 						only be performed if the unblocked task has a
2802:Middlewares/Third_Party/FreeRTOS/Source/tasks.c **** 						priority that is equal to or higher than the
2803:Middlewares/Third_Party/FreeRTOS/Source/tasks.c **** 						currently executing task. */
2804:Middlewares/Third_Party/FreeRTOS/Source/tasks.c **** 						if( pxTCB->uxPriority >= pxCurrentTCB->uxPriority )
2805:Middlewares/Third_Party/FreeRTOS/Source/tasks.c **** 						{
2806:Middlewares/Third_Party/FreeRTOS/Source/tasks.c **** 							xSwitchRequired = pdTRUE;
2807:Middlewares/Third_Party/FreeRTOS/Source/tasks.c **** 						}
2808:Middlewares/Third_Party/FreeRTOS/Source/tasks.c **** 						else
2809:Middlewares/Third_Party/FreeRTOS/Source/tasks.c **** 						{
2810:Middlewares/Third_Party/FreeRTOS/Source/tasks.c **** 							mtCOVERAGE_TEST_MARKER();
ARM GAS  D:\software\msy64\tmp\ccHzaEXX.s 			page 56


2811:Middlewares/Third_Party/FreeRTOS/Source/tasks.c **** 						}
2812:Middlewares/Third_Party/FreeRTOS/Source/tasks.c **** 					}
2813:Middlewares/Third_Party/FreeRTOS/Source/tasks.c **** 					#endif /* configUSE_PREEMPTION */
2814:Middlewares/Third_Party/FreeRTOS/Source/tasks.c **** 				}
2815:Middlewares/Third_Party/FreeRTOS/Source/tasks.c **** 			}
2816:Middlewares/Third_Party/FreeRTOS/Source/tasks.c **** 		}
2817:Middlewares/Third_Party/FreeRTOS/Source/tasks.c **** 
2818:Middlewares/Third_Party/FreeRTOS/Source/tasks.c **** 		/* Tasks of equal priority to the currently running task will share
2819:Middlewares/Third_Party/FreeRTOS/Source/tasks.c **** 		processing time (time slice) if preemption is on, and the application
2820:Middlewares/Third_Party/FreeRTOS/Source/tasks.c **** 		writer has not explicitly turned time slicing off. */
2821:Middlewares/Third_Party/FreeRTOS/Source/tasks.c **** 		#if ( ( configUSE_PREEMPTION == 1 ) && ( configUSE_TIME_SLICING == 1 ) )
2822:Middlewares/Third_Party/FreeRTOS/Source/tasks.c **** 		{
2823:Middlewares/Third_Party/FreeRTOS/Source/tasks.c **** 			if( listCURRENT_LIST_LENGTH( &( pxReadyTasksLists[ pxCurrentTCB->uxPriority ] ) ) > ( UBaseType_
2824:Middlewares/Third_Party/FreeRTOS/Source/tasks.c **** 			{
2825:Middlewares/Third_Party/FreeRTOS/Source/tasks.c **** 				xSwitchRequired = pdTRUE;
2826:Middlewares/Third_Party/FreeRTOS/Source/tasks.c **** 			}
2827:Middlewares/Third_Party/FreeRTOS/Source/tasks.c **** 			else
2828:Middlewares/Third_Party/FreeRTOS/Source/tasks.c **** 			{
2829:Middlewares/Third_Party/FreeRTOS/Source/tasks.c **** 				mtCOVERAGE_TEST_MARKER();
2830:Middlewares/Third_Party/FreeRTOS/Source/tasks.c **** 			}
2831:Middlewares/Third_Party/FreeRTOS/Source/tasks.c **** 		}
2832:Middlewares/Third_Party/FreeRTOS/Source/tasks.c **** 		#endif /* ( ( configUSE_PREEMPTION == 1 ) && ( configUSE_TIME_SLICING == 1 ) ) */
2833:Middlewares/Third_Party/FreeRTOS/Source/tasks.c **** 
2834:Middlewares/Third_Party/FreeRTOS/Source/tasks.c **** 		#if ( configUSE_TICK_HOOK == 1 )
2835:Middlewares/Third_Party/FreeRTOS/Source/tasks.c **** 		{
2836:Middlewares/Third_Party/FreeRTOS/Source/tasks.c **** 			/* Guard against the tick hook being called when the pended tick
2837:Middlewares/Third_Party/FreeRTOS/Source/tasks.c **** 			count is being unwound (when the scheduler is being unlocked). */
2838:Middlewares/Third_Party/FreeRTOS/Source/tasks.c **** 			if( xPendedTicks == ( TickType_t ) 0 )
2839:Middlewares/Third_Party/FreeRTOS/Source/tasks.c **** 			{
2840:Middlewares/Third_Party/FreeRTOS/Source/tasks.c **** 				vApplicationTickHook();
2841:Middlewares/Third_Party/FreeRTOS/Source/tasks.c **** 			}
2842:Middlewares/Third_Party/FreeRTOS/Source/tasks.c **** 			else
2843:Middlewares/Third_Party/FreeRTOS/Source/tasks.c **** 			{
2844:Middlewares/Third_Party/FreeRTOS/Source/tasks.c **** 				mtCOVERAGE_TEST_MARKER();
2845:Middlewares/Third_Party/FreeRTOS/Source/tasks.c **** 			}
2846:Middlewares/Third_Party/FreeRTOS/Source/tasks.c **** 		}
2847:Middlewares/Third_Party/FreeRTOS/Source/tasks.c **** 		#endif /* configUSE_TICK_HOOK */
2848:Middlewares/Third_Party/FreeRTOS/Source/tasks.c **** 
2849:Middlewares/Third_Party/FreeRTOS/Source/tasks.c **** 		#if ( configUSE_PREEMPTION == 1 )
2850:Middlewares/Third_Party/FreeRTOS/Source/tasks.c **** 		{
2851:Middlewares/Third_Party/FreeRTOS/Source/tasks.c **** 			if( xYieldPending != pdFALSE )
2852:Middlewares/Third_Party/FreeRTOS/Source/tasks.c **** 			{
2853:Middlewares/Third_Party/FreeRTOS/Source/tasks.c **** 				xSwitchRequired = pdTRUE;
2854:Middlewares/Third_Party/FreeRTOS/Source/tasks.c **** 			}
2855:Middlewares/Third_Party/FreeRTOS/Source/tasks.c **** 			else
2856:Middlewares/Third_Party/FreeRTOS/Source/tasks.c **** 			{
2857:Middlewares/Third_Party/FreeRTOS/Source/tasks.c **** 				mtCOVERAGE_TEST_MARKER();
2858:Middlewares/Third_Party/FreeRTOS/Source/tasks.c **** 			}
2859:Middlewares/Third_Party/FreeRTOS/Source/tasks.c **** 		}
2860:Middlewares/Third_Party/FreeRTOS/Source/tasks.c **** 		#endif /* configUSE_PREEMPTION */
2861:Middlewares/Third_Party/FreeRTOS/Source/tasks.c **** 	}
2862:Middlewares/Third_Party/FreeRTOS/Source/tasks.c **** 	else
2863:Middlewares/Third_Party/FreeRTOS/Source/tasks.c **** 	{
2864:Middlewares/Third_Party/FreeRTOS/Source/tasks.c **** 		++xPendedTicks;
2865:Middlewares/Third_Party/FreeRTOS/Source/tasks.c **** 
2866:Middlewares/Third_Party/FreeRTOS/Source/tasks.c **** 		/* The tick hook gets called at regular intervals, even if the
2867:Middlewares/Third_Party/FreeRTOS/Source/tasks.c **** 		scheduler is locked. */
ARM GAS  D:\software\msy64\tmp\ccHzaEXX.s 			page 57


2868:Middlewares/Third_Party/FreeRTOS/Source/tasks.c **** 		#if ( configUSE_TICK_HOOK == 1 )
2869:Middlewares/Third_Party/FreeRTOS/Source/tasks.c **** 		{
2870:Middlewares/Third_Party/FreeRTOS/Source/tasks.c **** 			vApplicationTickHook();
2871:Middlewares/Third_Party/FreeRTOS/Source/tasks.c **** 		}
2872:Middlewares/Third_Party/FreeRTOS/Source/tasks.c **** 		#endif
2873:Middlewares/Third_Party/FreeRTOS/Source/tasks.c **** 	}
2874:Middlewares/Third_Party/FreeRTOS/Source/tasks.c **** 
2875:Middlewares/Third_Party/FreeRTOS/Source/tasks.c **** 	return xSwitchRequired;
2876:Middlewares/Third_Party/FreeRTOS/Source/tasks.c **** }
2877:Middlewares/Third_Party/FreeRTOS/Source/tasks.c **** /*-----------------------------------------------------------*/
2878:Middlewares/Third_Party/FreeRTOS/Source/tasks.c **** 
2879:Middlewares/Third_Party/FreeRTOS/Source/tasks.c **** #if ( configUSE_APPLICATION_TASK_TAG == 1 )
2880:Middlewares/Third_Party/FreeRTOS/Source/tasks.c **** 
2881:Middlewares/Third_Party/FreeRTOS/Source/tasks.c **** 	void vTaskSetApplicationTaskTag( TaskHandle_t xTask, TaskHookFunction_t pxHookFunction )
2882:Middlewares/Third_Party/FreeRTOS/Source/tasks.c **** 	{
2883:Middlewares/Third_Party/FreeRTOS/Source/tasks.c **** 	TCB_t *xTCB;
2884:Middlewares/Third_Party/FreeRTOS/Source/tasks.c **** 
2885:Middlewares/Third_Party/FreeRTOS/Source/tasks.c **** 		/* If xTask is NULL then it is the task hook of the calling task that is
2886:Middlewares/Third_Party/FreeRTOS/Source/tasks.c **** 		getting set. */
2887:Middlewares/Third_Party/FreeRTOS/Source/tasks.c **** 		if( xTask == NULL )
2888:Middlewares/Third_Party/FreeRTOS/Source/tasks.c **** 		{
2889:Middlewares/Third_Party/FreeRTOS/Source/tasks.c **** 			xTCB = ( TCB_t * ) pxCurrentTCB;
2890:Middlewares/Third_Party/FreeRTOS/Source/tasks.c **** 		}
2891:Middlewares/Third_Party/FreeRTOS/Source/tasks.c **** 		else
2892:Middlewares/Third_Party/FreeRTOS/Source/tasks.c **** 		{
2893:Middlewares/Third_Party/FreeRTOS/Source/tasks.c **** 			xTCB = xTask;
2894:Middlewares/Third_Party/FreeRTOS/Source/tasks.c **** 		}
2895:Middlewares/Third_Party/FreeRTOS/Source/tasks.c **** 
2896:Middlewares/Third_Party/FreeRTOS/Source/tasks.c **** 		/* Save the hook function in the TCB.  A critical section is required as
2897:Middlewares/Third_Party/FreeRTOS/Source/tasks.c **** 		the value can be accessed from an interrupt. */
2898:Middlewares/Third_Party/FreeRTOS/Source/tasks.c **** 		taskENTER_CRITICAL();
2899:Middlewares/Third_Party/FreeRTOS/Source/tasks.c **** 		{
2900:Middlewares/Third_Party/FreeRTOS/Source/tasks.c **** 			xTCB->pxTaskTag = pxHookFunction;
2901:Middlewares/Third_Party/FreeRTOS/Source/tasks.c **** 		}
2902:Middlewares/Third_Party/FreeRTOS/Source/tasks.c **** 		taskEXIT_CRITICAL();
2903:Middlewares/Third_Party/FreeRTOS/Source/tasks.c **** 	}
2904:Middlewares/Third_Party/FreeRTOS/Source/tasks.c **** 
2905:Middlewares/Third_Party/FreeRTOS/Source/tasks.c **** #endif /* configUSE_APPLICATION_TASK_TAG */
2906:Middlewares/Third_Party/FreeRTOS/Source/tasks.c **** /*-----------------------------------------------------------*/
2907:Middlewares/Third_Party/FreeRTOS/Source/tasks.c **** 
2908:Middlewares/Third_Party/FreeRTOS/Source/tasks.c **** #if ( configUSE_APPLICATION_TASK_TAG == 1 )
2909:Middlewares/Third_Party/FreeRTOS/Source/tasks.c **** 
2910:Middlewares/Third_Party/FreeRTOS/Source/tasks.c **** 	TaskHookFunction_t xTaskGetApplicationTaskTag( TaskHandle_t xTask )
2911:Middlewares/Third_Party/FreeRTOS/Source/tasks.c **** 	{
2912:Middlewares/Third_Party/FreeRTOS/Source/tasks.c **** 	TCB_t *pxTCB;
2913:Middlewares/Third_Party/FreeRTOS/Source/tasks.c **** 	TaskHookFunction_t xReturn;
2914:Middlewares/Third_Party/FreeRTOS/Source/tasks.c **** 
2915:Middlewares/Third_Party/FreeRTOS/Source/tasks.c **** 		/* If xTask is NULL then set the calling task's hook. */
2916:Middlewares/Third_Party/FreeRTOS/Source/tasks.c **** 		pxTCB = prvGetTCBFromHandle( xTask );
2917:Middlewares/Third_Party/FreeRTOS/Source/tasks.c **** 
2918:Middlewares/Third_Party/FreeRTOS/Source/tasks.c **** 		/* Save the hook function in the TCB.  A critical section is required as
2919:Middlewares/Third_Party/FreeRTOS/Source/tasks.c **** 		the value can be accessed from an interrupt. */
2920:Middlewares/Third_Party/FreeRTOS/Source/tasks.c **** 		taskENTER_CRITICAL();
2921:Middlewares/Third_Party/FreeRTOS/Source/tasks.c **** 		{
2922:Middlewares/Third_Party/FreeRTOS/Source/tasks.c **** 			xReturn = pxTCB->pxTaskTag;
2923:Middlewares/Third_Party/FreeRTOS/Source/tasks.c **** 		}
2924:Middlewares/Third_Party/FreeRTOS/Source/tasks.c **** 		taskEXIT_CRITICAL();
ARM GAS  D:\software\msy64\tmp\ccHzaEXX.s 			page 58


2925:Middlewares/Third_Party/FreeRTOS/Source/tasks.c **** 
2926:Middlewares/Third_Party/FreeRTOS/Source/tasks.c **** 		return xReturn;
2927:Middlewares/Third_Party/FreeRTOS/Source/tasks.c **** 	}
2928:Middlewares/Third_Party/FreeRTOS/Source/tasks.c **** 
2929:Middlewares/Third_Party/FreeRTOS/Source/tasks.c **** #endif /* configUSE_APPLICATION_TASK_TAG */
2930:Middlewares/Third_Party/FreeRTOS/Source/tasks.c **** /*-----------------------------------------------------------*/
2931:Middlewares/Third_Party/FreeRTOS/Source/tasks.c **** 
2932:Middlewares/Third_Party/FreeRTOS/Source/tasks.c **** #if ( configUSE_APPLICATION_TASK_TAG == 1 )
2933:Middlewares/Third_Party/FreeRTOS/Source/tasks.c **** 
2934:Middlewares/Third_Party/FreeRTOS/Source/tasks.c **** 	TaskHookFunction_t xTaskGetApplicationTaskTagFromISR( TaskHandle_t xTask )
2935:Middlewares/Third_Party/FreeRTOS/Source/tasks.c **** 	{
2936:Middlewares/Third_Party/FreeRTOS/Source/tasks.c **** 	TCB_t *pxTCB;
2937:Middlewares/Third_Party/FreeRTOS/Source/tasks.c **** 	TaskHookFunction_t xReturn;
2938:Middlewares/Third_Party/FreeRTOS/Source/tasks.c **** 	UBaseType_t uxSavedInterruptStatus;
2939:Middlewares/Third_Party/FreeRTOS/Source/tasks.c **** 
2940:Middlewares/Third_Party/FreeRTOS/Source/tasks.c **** 		/* If xTask is NULL then set the calling task's hook. */
2941:Middlewares/Third_Party/FreeRTOS/Source/tasks.c **** 		pxTCB = prvGetTCBFromHandle( xTask );
2942:Middlewares/Third_Party/FreeRTOS/Source/tasks.c **** 
2943:Middlewares/Third_Party/FreeRTOS/Source/tasks.c **** 		/* Save the hook function in the TCB.  A critical section is required as
2944:Middlewares/Third_Party/FreeRTOS/Source/tasks.c **** 		the value can be accessed from an interrupt. */
2945:Middlewares/Third_Party/FreeRTOS/Source/tasks.c **** 		uxSavedInterruptStatus = portSET_INTERRUPT_MASK_FROM_ISR();
2946:Middlewares/Third_Party/FreeRTOS/Source/tasks.c **** 		{
2947:Middlewares/Third_Party/FreeRTOS/Source/tasks.c **** 			xReturn = pxTCB->pxTaskTag;
2948:Middlewares/Third_Party/FreeRTOS/Source/tasks.c **** 		}
2949:Middlewares/Third_Party/FreeRTOS/Source/tasks.c **** 		portCLEAR_INTERRUPT_MASK_FROM_ISR( uxSavedInterruptStatus );
2950:Middlewares/Third_Party/FreeRTOS/Source/tasks.c **** 
2951:Middlewares/Third_Party/FreeRTOS/Source/tasks.c **** 		return xReturn;
2952:Middlewares/Third_Party/FreeRTOS/Source/tasks.c **** 	}
2953:Middlewares/Third_Party/FreeRTOS/Source/tasks.c **** 
2954:Middlewares/Third_Party/FreeRTOS/Source/tasks.c **** #endif /* configUSE_APPLICATION_TASK_TAG */
2955:Middlewares/Third_Party/FreeRTOS/Source/tasks.c **** /*-----------------------------------------------------------*/
2956:Middlewares/Third_Party/FreeRTOS/Source/tasks.c **** 
2957:Middlewares/Third_Party/FreeRTOS/Source/tasks.c **** #if ( configUSE_APPLICATION_TASK_TAG == 1 )
2958:Middlewares/Third_Party/FreeRTOS/Source/tasks.c **** 
2959:Middlewares/Third_Party/FreeRTOS/Source/tasks.c **** 	BaseType_t xTaskCallApplicationTaskHook( TaskHandle_t xTask, void *pvParameter )
2960:Middlewares/Third_Party/FreeRTOS/Source/tasks.c **** 	{
2961:Middlewares/Third_Party/FreeRTOS/Source/tasks.c **** 	TCB_t *xTCB;
2962:Middlewares/Third_Party/FreeRTOS/Source/tasks.c **** 	BaseType_t xReturn;
2963:Middlewares/Third_Party/FreeRTOS/Source/tasks.c **** 
2964:Middlewares/Third_Party/FreeRTOS/Source/tasks.c **** 		/* If xTask is NULL then we are calling our own task hook. */
2965:Middlewares/Third_Party/FreeRTOS/Source/tasks.c **** 		if( xTask == NULL )
2966:Middlewares/Third_Party/FreeRTOS/Source/tasks.c **** 		{
2967:Middlewares/Third_Party/FreeRTOS/Source/tasks.c **** 			xTCB = pxCurrentTCB;
2968:Middlewares/Third_Party/FreeRTOS/Source/tasks.c **** 		}
2969:Middlewares/Third_Party/FreeRTOS/Source/tasks.c **** 		else
2970:Middlewares/Third_Party/FreeRTOS/Source/tasks.c **** 		{
2971:Middlewares/Third_Party/FreeRTOS/Source/tasks.c **** 			xTCB = xTask;
2972:Middlewares/Third_Party/FreeRTOS/Source/tasks.c **** 		}
2973:Middlewares/Third_Party/FreeRTOS/Source/tasks.c **** 
2974:Middlewares/Third_Party/FreeRTOS/Source/tasks.c **** 		if( xTCB->pxTaskTag != NULL )
2975:Middlewares/Third_Party/FreeRTOS/Source/tasks.c **** 		{
2976:Middlewares/Third_Party/FreeRTOS/Source/tasks.c **** 			xReturn = xTCB->pxTaskTag( pvParameter );
2977:Middlewares/Third_Party/FreeRTOS/Source/tasks.c **** 		}
2978:Middlewares/Third_Party/FreeRTOS/Source/tasks.c **** 		else
2979:Middlewares/Third_Party/FreeRTOS/Source/tasks.c **** 		{
2980:Middlewares/Third_Party/FreeRTOS/Source/tasks.c **** 			xReturn = pdFAIL;
2981:Middlewares/Third_Party/FreeRTOS/Source/tasks.c **** 		}
ARM GAS  D:\software\msy64\tmp\ccHzaEXX.s 			page 59


2982:Middlewares/Third_Party/FreeRTOS/Source/tasks.c **** 
2983:Middlewares/Third_Party/FreeRTOS/Source/tasks.c **** 		return xReturn;
2984:Middlewares/Third_Party/FreeRTOS/Source/tasks.c **** 	}
2985:Middlewares/Third_Party/FreeRTOS/Source/tasks.c **** 
2986:Middlewares/Third_Party/FreeRTOS/Source/tasks.c **** #endif /* configUSE_APPLICATION_TASK_TAG */
2987:Middlewares/Third_Party/FreeRTOS/Source/tasks.c **** /*-----------------------------------------------------------*/
2988:Middlewares/Third_Party/FreeRTOS/Source/tasks.c **** 
2989:Middlewares/Third_Party/FreeRTOS/Source/tasks.c **** void vTaskSwitchContext( void )
2990:Middlewares/Third_Party/FreeRTOS/Source/tasks.c **** {
2991:Middlewares/Third_Party/FreeRTOS/Source/tasks.c **** 	if( uxSchedulerSuspended != ( UBaseType_t ) pdFALSE )
2992:Middlewares/Third_Party/FreeRTOS/Source/tasks.c **** 	{
2993:Middlewares/Third_Party/FreeRTOS/Source/tasks.c **** 		/* The scheduler is currently suspended - do not allow a context
2994:Middlewares/Third_Party/FreeRTOS/Source/tasks.c **** 		switch. */
2995:Middlewares/Third_Party/FreeRTOS/Source/tasks.c **** 		xYieldPending = pdTRUE;
2996:Middlewares/Third_Party/FreeRTOS/Source/tasks.c **** 	}
2997:Middlewares/Third_Party/FreeRTOS/Source/tasks.c **** 	else
2998:Middlewares/Third_Party/FreeRTOS/Source/tasks.c **** 	{
2999:Middlewares/Third_Party/FreeRTOS/Source/tasks.c **** 		xYieldPending = pdFALSE;
3000:Middlewares/Third_Party/FreeRTOS/Source/tasks.c **** 		traceTASK_SWITCHED_OUT();
3001:Middlewares/Third_Party/FreeRTOS/Source/tasks.c **** 
3002:Middlewares/Third_Party/FreeRTOS/Source/tasks.c **** 		#if ( configGENERATE_RUN_TIME_STATS == 1 )
3003:Middlewares/Third_Party/FreeRTOS/Source/tasks.c **** 		{
3004:Middlewares/Third_Party/FreeRTOS/Source/tasks.c **** 			#ifdef portALT_GET_RUN_TIME_COUNTER_VALUE
3005:Middlewares/Third_Party/FreeRTOS/Source/tasks.c **** 				portALT_GET_RUN_TIME_COUNTER_VALUE( ulTotalRunTime );
3006:Middlewares/Third_Party/FreeRTOS/Source/tasks.c **** 			#else
3007:Middlewares/Third_Party/FreeRTOS/Source/tasks.c **** 				ulTotalRunTime = portGET_RUN_TIME_COUNTER_VALUE();
3008:Middlewares/Third_Party/FreeRTOS/Source/tasks.c **** 			#endif
3009:Middlewares/Third_Party/FreeRTOS/Source/tasks.c **** 
3010:Middlewares/Third_Party/FreeRTOS/Source/tasks.c **** 			/* Add the amount of time the task has been running to the
3011:Middlewares/Third_Party/FreeRTOS/Source/tasks.c **** 			accumulated time so far.  The time the task started running was
3012:Middlewares/Third_Party/FreeRTOS/Source/tasks.c **** 			stored in ulTaskSwitchedInTime.  Note that there is no overflow
3013:Middlewares/Third_Party/FreeRTOS/Source/tasks.c **** 			protection here so count values are only valid until the timer
3014:Middlewares/Third_Party/FreeRTOS/Source/tasks.c **** 			overflows.  The guard against negative values is to protect
3015:Middlewares/Third_Party/FreeRTOS/Source/tasks.c **** 			against suspect run time stat counter implementations - which
3016:Middlewares/Third_Party/FreeRTOS/Source/tasks.c **** 			are provided by the application, not the kernel. */
3017:Middlewares/Third_Party/FreeRTOS/Source/tasks.c **** 			if( ulTotalRunTime > ulTaskSwitchedInTime )
3018:Middlewares/Third_Party/FreeRTOS/Source/tasks.c **** 			{
3019:Middlewares/Third_Party/FreeRTOS/Source/tasks.c **** 				pxCurrentTCB->ulRunTimeCounter += ( ulTotalRunTime - ulTaskSwitchedInTime );
3020:Middlewares/Third_Party/FreeRTOS/Source/tasks.c **** 			}
3021:Middlewares/Third_Party/FreeRTOS/Source/tasks.c **** 			else
3022:Middlewares/Third_Party/FreeRTOS/Source/tasks.c **** 			{
3023:Middlewares/Third_Party/FreeRTOS/Source/tasks.c **** 				mtCOVERAGE_TEST_MARKER();
3024:Middlewares/Third_Party/FreeRTOS/Source/tasks.c **** 			}
3025:Middlewares/Third_Party/FreeRTOS/Source/tasks.c **** 			ulTaskSwitchedInTime = ulTotalRunTime;
3026:Middlewares/Third_Party/FreeRTOS/Source/tasks.c **** 		}
3027:Middlewares/Third_Party/FreeRTOS/Source/tasks.c **** 		#endif /* configGENERATE_RUN_TIME_STATS */
3028:Middlewares/Third_Party/FreeRTOS/Source/tasks.c **** 
3029:Middlewares/Third_Party/FreeRTOS/Source/tasks.c **** 		/* Check for stack overflow, if configured. */
3030:Middlewares/Third_Party/FreeRTOS/Source/tasks.c **** 		taskCHECK_FOR_STACK_OVERFLOW();
3031:Middlewares/Third_Party/FreeRTOS/Source/tasks.c **** 
3032:Middlewares/Third_Party/FreeRTOS/Source/tasks.c **** 		/* Before the currently running task is switched out, save its errno. */
3033:Middlewares/Third_Party/FreeRTOS/Source/tasks.c **** 		#if( configUSE_POSIX_ERRNO == 1 )
3034:Middlewares/Third_Party/FreeRTOS/Source/tasks.c **** 		{
3035:Middlewares/Third_Party/FreeRTOS/Source/tasks.c **** 			pxCurrentTCB->iTaskErrno = FreeRTOS_errno;
3036:Middlewares/Third_Party/FreeRTOS/Source/tasks.c **** 		}
3037:Middlewares/Third_Party/FreeRTOS/Source/tasks.c **** 		#endif
3038:Middlewares/Third_Party/FreeRTOS/Source/tasks.c **** 
ARM GAS  D:\software\msy64\tmp\ccHzaEXX.s 			page 60


3039:Middlewares/Third_Party/FreeRTOS/Source/tasks.c **** 		/* Select a new task to run using either the generic C or port
3040:Middlewares/Third_Party/FreeRTOS/Source/tasks.c **** 		optimised asm code. */
3041:Middlewares/Third_Party/FreeRTOS/Source/tasks.c **** 		taskSELECT_HIGHEST_PRIORITY_TASK(); /*lint !e9079 void * is used as this macro is used with timer
3042:Middlewares/Third_Party/FreeRTOS/Source/tasks.c **** 		traceTASK_SWITCHED_IN();
3043:Middlewares/Third_Party/FreeRTOS/Source/tasks.c **** 
3044:Middlewares/Third_Party/FreeRTOS/Source/tasks.c **** 		/* After the new task is switched in, update the global errno. */
3045:Middlewares/Third_Party/FreeRTOS/Source/tasks.c **** 		#if( configUSE_POSIX_ERRNO == 1 )
3046:Middlewares/Third_Party/FreeRTOS/Source/tasks.c **** 		{
3047:Middlewares/Third_Party/FreeRTOS/Source/tasks.c **** 			FreeRTOS_errno = pxCurrentTCB->iTaskErrno;
3048:Middlewares/Third_Party/FreeRTOS/Source/tasks.c **** 		}
3049:Middlewares/Third_Party/FreeRTOS/Source/tasks.c **** 		#endif
3050:Middlewares/Third_Party/FreeRTOS/Source/tasks.c **** 
3051:Middlewares/Third_Party/FreeRTOS/Source/tasks.c **** 		#if ( configUSE_NEWLIB_REENTRANT == 1 )
3052:Middlewares/Third_Party/FreeRTOS/Source/tasks.c **** 		{
3053:Middlewares/Third_Party/FreeRTOS/Source/tasks.c **** 			/* Switch Newlib's _impure_ptr variable to point to the _reent
3054:Middlewares/Third_Party/FreeRTOS/Source/tasks.c **** 			structure specific to this task.
3055:Middlewares/Third_Party/FreeRTOS/Source/tasks.c **** 			See the third party link http://www.nadler.com/embedded/newlibAndFreeRTOS.html
3056:Middlewares/Third_Party/FreeRTOS/Source/tasks.c **** 			for additional information. */
3057:Middlewares/Third_Party/FreeRTOS/Source/tasks.c **** 			_impure_ptr = &( pxCurrentTCB->xNewLib_reent );
3058:Middlewares/Third_Party/FreeRTOS/Source/tasks.c **** 		}
3059:Middlewares/Third_Party/FreeRTOS/Source/tasks.c **** 		#endif /* configUSE_NEWLIB_REENTRANT */
3060:Middlewares/Third_Party/FreeRTOS/Source/tasks.c **** 	}
3061:Middlewares/Third_Party/FreeRTOS/Source/tasks.c **** }
3062:Middlewares/Third_Party/FreeRTOS/Source/tasks.c **** /*-----------------------------------------------------------*/
3063:Middlewares/Third_Party/FreeRTOS/Source/tasks.c **** 
3064:Middlewares/Third_Party/FreeRTOS/Source/tasks.c **** void vTaskPlaceOnEventList( List_t * const pxEventList, const TickType_t xTicksToWait )
3065:Middlewares/Third_Party/FreeRTOS/Source/tasks.c **** {
3066:Middlewares/Third_Party/FreeRTOS/Source/tasks.c **** 	configASSERT( pxEventList );
3067:Middlewares/Third_Party/FreeRTOS/Source/tasks.c **** 
3068:Middlewares/Third_Party/FreeRTOS/Source/tasks.c **** 	/* THIS FUNCTION MUST BE CALLED WITH EITHER INTERRUPTS DISABLED OR THE
3069:Middlewares/Third_Party/FreeRTOS/Source/tasks.c **** 	SCHEDULER SUSPENDED AND THE QUEUE BEING ACCESSED LOCKED. */
3070:Middlewares/Third_Party/FreeRTOS/Source/tasks.c **** 
3071:Middlewares/Third_Party/FreeRTOS/Source/tasks.c **** 	/* Place the event list item of the TCB in the appropriate event list.
3072:Middlewares/Third_Party/FreeRTOS/Source/tasks.c **** 	This is placed in the list in priority order so the highest priority task
3073:Middlewares/Third_Party/FreeRTOS/Source/tasks.c **** 	is the first to be woken by the event.  The queue that contains the event
3074:Middlewares/Third_Party/FreeRTOS/Source/tasks.c **** 	list is locked, preventing simultaneous access from interrupts. */
3075:Middlewares/Third_Party/FreeRTOS/Source/tasks.c **** 	vListInsert( pxEventList, &( pxCurrentTCB->xEventListItem ) );
3076:Middlewares/Third_Party/FreeRTOS/Source/tasks.c **** 
3077:Middlewares/Third_Party/FreeRTOS/Source/tasks.c **** 	prvAddCurrentTaskToDelayedList( xTicksToWait, pdTRUE );
3078:Middlewares/Third_Party/FreeRTOS/Source/tasks.c **** }
3079:Middlewares/Third_Party/FreeRTOS/Source/tasks.c **** /*-----------------------------------------------------------*/
3080:Middlewares/Third_Party/FreeRTOS/Source/tasks.c **** 
3081:Middlewares/Third_Party/FreeRTOS/Source/tasks.c **** void vTaskPlaceOnUnorderedEventList( List_t * pxEventList, const TickType_t xItemValue, const TickT
3082:Middlewares/Third_Party/FreeRTOS/Source/tasks.c **** {
3083:Middlewares/Third_Party/FreeRTOS/Source/tasks.c **** 	configASSERT( pxEventList );
3084:Middlewares/Third_Party/FreeRTOS/Source/tasks.c **** 
3085:Middlewares/Third_Party/FreeRTOS/Source/tasks.c **** 	/* THIS FUNCTION MUST BE CALLED WITH THE SCHEDULER SUSPENDED.  It is used by
3086:Middlewares/Third_Party/FreeRTOS/Source/tasks.c **** 	the event groups implementation. */
3087:Middlewares/Third_Party/FreeRTOS/Source/tasks.c **** 	configASSERT( uxSchedulerSuspended != 0 );
3088:Middlewares/Third_Party/FreeRTOS/Source/tasks.c **** 
3089:Middlewares/Third_Party/FreeRTOS/Source/tasks.c **** 	/* Store the item value in the event list item.  It is safe to access the
3090:Middlewares/Third_Party/FreeRTOS/Source/tasks.c **** 	event list item here as interrupts won't access the event list item of a
3091:Middlewares/Third_Party/FreeRTOS/Source/tasks.c **** 	task that is not in the Blocked state. */
3092:Middlewares/Third_Party/FreeRTOS/Source/tasks.c **** 	listSET_LIST_ITEM_VALUE( &( pxCurrentTCB->xEventListItem ), xItemValue | taskEVENT_LIST_ITEM_VALUE
3093:Middlewares/Third_Party/FreeRTOS/Source/tasks.c **** 
3094:Middlewares/Third_Party/FreeRTOS/Source/tasks.c **** 	/* Place the event list item of the TCB at the end of the appropriate event
3095:Middlewares/Third_Party/FreeRTOS/Source/tasks.c **** 	list.  It is safe to access the event list here because it is part of an
ARM GAS  D:\software\msy64\tmp\ccHzaEXX.s 			page 61


3096:Middlewares/Third_Party/FreeRTOS/Source/tasks.c **** 	event group implementation - and interrupts don't access event groups
3097:Middlewares/Third_Party/FreeRTOS/Source/tasks.c **** 	directly (instead they access them indirectly by pending function calls to
3098:Middlewares/Third_Party/FreeRTOS/Source/tasks.c **** 	the task level). */
3099:Middlewares/Third_Party/FreeRTOS/Source/tasks.c **** 	vListInsertEnd( pxEventList, &( pxCurrentTCB->xEventListItem ) );
3100:Middlewares/Third_Party/FreeRTOS/Source/tasks.c **** 
3101:Middlewares/Third_Party/FreeRTOS/Source/tasks.c **** 	prvAddCurrentTaskToDelayedList( xTicksToWait, pdTRUE );
3102:Middlewares/Third_Party/FreeRTOS/Source/tasks.c **** }
3103:Middlewares/Third_Party/FreeRTOS/Source/tasks.c **** /*-----------------------------------------------------------*/
3104:Middlewares/Third_Party/FreeRTOS/Source/tasks.c **** 
3105:Middlewares/Third_Party/FreeRTOS/Source/tasks.c **** #if( configUSE_TIMERS == 1 )
3106:Middlewares/Third_Party/FreeRTOS/Source/tasks.c **** 
3107:Middlewares/Third_Party/FreeRTOS/Source/tasks.c **** 	void vTaskPlaceOnEventListRestricted( List_t * const pxEventList, TickType_t xTicksToWait, const B
3108:Middlewares/Third_Party/FreeRTOS/Source/tasks.c **** 	{
3109:Middlewares/Third_Party/FreeRTOS/Source/tasks.c **** 		configASSERT( pxEventList );
3110:Middlewares/Third_Party/FreeRTOS/Source/tasks.c **** 
3111:Middlewares/Third_Party/FreeRTOS/Source/tasks.c **** 		/* This function should not be called by application code hence the
3112:Middlewares/Third_Party/FreeRTOS/Source/tasks.c **** 		'Restricted' in its name.  It is not part of the public API.  It is
3113:Middlewares/Third_Party/FreeRTOS/Source/tasks.c **** 		designed for use by kernel code, and has special calling requirements -
3114:Middlewares/Third_Party/FreeRTOS/Source/tasks.c **** 		it should be called with the scheduler suspended. */
3115:Middlewares/Third_Party/FreeRTOS/Source/tasks.c **** 
3116:Middlewares/Third_Party/FreeRTOS/Source/tasks.c **** 
3117:Middlewares/Third_Party/FreeRTOS/Source/tasks.c **** 		/* Place the event list item of the TCB in the appropriate event list.
3118:Middlewares/Third_Party/FreeRTOS/Source/tasks.c **** 		In this case it is assume that this is the only task that is going to
3119:Middlewares/Third_Party/FreeRTOS/Source/tasks.c **** 		be waiting on this event list, so the faster vListInsertEnd() function
3120:Middlewares/Third_Party/FreeRTOS/Source/tasks.c **** 		can be used in place of vListInsert. */
3121:Middlewares/Third_Party/FreeRTOS/Source/tasks.c **** 		vListInsertEnd( pxEventList, &( pxCurrentTCB->xEventListItem ) );
3122:Middlewares/Third_Party/FreeRTOS/Source/tasks.c **** 
3123:Middlewares/Third_Party/FreeRTOS/Source/tasks.c **** 		/* If the task should block indefinitely then set the block time to a
3124:Middlewares/Third_Party/FreeRTOS/Source/tasks.c **** 		value that will be recognised as an indefinite delay inside the
3125:Middlewares/Third_Party/FreeRTOS/Source/tasks.c **** 		prvAddCurrentTaskToDelayedList() function. */
3126:Middlewares/Third_Party/FreeRTOS/Source/tasks.c **** 		if( xWaitIndefinitely != pdFALSE )
3127:Middlewares/Third_Party/FreeRTOS/Source/tasks.c **** 		{
3128:Middlewares/Third_Party/FreeRTOS/Source/tasks.c **** 			xTicksToWait = portMAX_DELAY;
3129:Middlewares/Third_Party/FreeRTOS/Source/tasks.c **** 		}
3130:Middlewares/Third_Party/FreeRTOS/Source/tasks.c **** 
3131:Middlewares/Third_Party/FreeRTOS/Source/tasks.c **** 		traceTASK_DELAY_UNTIL( ( xTickCount + xTicksToWait ) );
3132:Middlewares/Third_Party/FreeRTOS/Source/tasks.c **** 		prvAddCurrentTaskToDelayedList( xTicksToWait, xWaitIndefinitely );
3133:Middlewares/Third_Party/FreeRTOS/Source/tasks.c **** 	}
3134:Middlewares/Third_Party/FreeRTOS/Source/tasks.c **** 
3135:Middlewares/Third_Party/FreeRTOS/Source/tasks.c **** #endif /* configUSE_TIMERS */
3136:Middlewares/Third_Party/FreeRTOS/Source/tasks.c **** /*-----------------------------------------------------------*/
3137:Middlewares/Third_Party/FreeRTOS/Source/tasks.c **** 
3138:Middlewares/Third_Party/FreeRTOS/Source/tasks.c **** BaseType_t xTaskRemoveFromEventList( const List_t * const pxEventList )
3139:Middlewares/Third_Party/FreeRTOS/Source/tasks.c **** {
3140:Middlewares/Third_Party/FreeRTOS/Source/tasks.c **** TCB_t *pxUnblockedTCB;
3141:Middlewares/Third_Party/FreeRTOS/Source/tasks.c **** BaseType_t xReturn;
3142:Middlewares/Third_Party/FreeRTOS/Source/tasks.c **** 
3143:Middlewares/Third_Party/FreeRTOS/Source/tasks.c **** 	/* THIS FUNCTION MUST BE CALLED FROM A CRITICAL SECTION.  It can also be
3144:Middlewares/Third_Party/FreeRTOS/Source/tasks.c **** 	called from a critical section within an ISR. */
3145:Middlewares/Third_Party/FreeRTOS/Source/tasks.c **** 
3146:Middlewares/Third_Party/FreeRTOS/Source/tasks.c **** 	/* The event list is sorted in priority order, so the first in the list can
3147:Middlewares/Third_Party/FreeRTOS/Source/tasks.c **** 	be removed as it is known to be the highest priority.  Remove the TCB from
3148:Middlewares/Third_Party/FreeRTOS/Source/tasks.c **** 	the delayed list, and add it to the ready list.
3149:Middlewares/Third_Party/FreeRTOS/Source/tasks.c **** 
3150:Middlewares/Third_Party/FreeRTOS/Source/tasks.c **** 	If an event is for a queue that is locked then this function will never
3151:Middlewares/Third_Party/FreeRTOS/Source/tasks.c **** 	get called - the lock count on the queue will get modified instead.  This
3152:Middlewares/Third_Party/FreeRTOS/Source/tasks.c **** 	means exclusive access to the event list is guaranteed here.
ARM GAS  D:\software\msy64\tmp\ccHzaEXX.s 			page 62


3153:Middlewares/Third_Party/FreeRTOS/Source/tasks.c **** 
3154:Middlewares/Third_Party/FreeRTOS/Source/tasks.c **** 	This function assumes that a check has already been made to ensure that
3155:Middlewares/Third_Party/FreeRTOS/Source/tasks.c **** 	pxEventList is not empty. */
3156:Middlewares/Third_Party/FreeRTOS/Source/tasks.c **** 	pxUnblockedTCB = listGET_OWNER_OF_HEAD_ENTRY( pxEventList ); /*lint !e9079 void * is used as this 
3157:Middlewares/Third_Party/FreeRTOS/Source/tasks.c **** 	configASSERT( pxUnblockedTCB );
3158:Middlewares/Third_Party/FreeRTOS/Source/tasks.c **** 	( void ) uxListRemove( &( pxUnblockedTCB->xEventListItem ) );
3159:Middlewares/Third_Party/FreeRTOS/Source/tasks.c **** 
3160:Middlewares/Third_Party/FreeRTOS/Source/tasks.c **** 	if( uxSchedulerSuspended == ( UBaseType_t ) pdFALSE )
3161:Middlewares/Third_Party/FreeRTOS/Source/tasks.c **** 	{
3162:Middlewares/Third_Party/FreeRTOS/Source/tasks.c **** 		( void ) uxListRemove( &( pxUnblockedTCB->xStateListItem ) );
3163:Middlewares/Third_Party/FreeRTOS/Source/tasks.c **** 		prvAddTaskToReadyList( pxUnblockedTCB );
3164:Middlewares/Third_Party/FreeRTOS/Source/tasks.c **** 
3165:Middlewares/Third_Party/FreeRTOS/Source/tasks.c **** 		#if( configUSE_TICKLESS_IDLE != 0 )
3166:Middlewares/Third_Party/FreeRTOS/Source/tasks.c **** 		{
3167:Middlewares/Third_Party/FreeRTOS/Source/tasks.c **** 			/* If a task is blocked on a kernel object then xNextTaskUnblockTime
3168:Middlewares/Third_Party/FreeRTOS/Source/tasks.c **** 			might be set to the blocked task's time out time.  If the task is
3169:Middlewares/Third_Party/FreeRTOS/Source/tasks.c **** 			unblocked for a reason other than a timeout xNextTaskUnblockTime is
3170:Middlewares/Third_Party/FreeRTOS/Source/tasks.c **** 			normally left unchanged, because it is automatically reset to a new
3171:Middlewares/Third_Party/FreeRTOS/Source/tasks.c **** 			value when the tick count equals xNextTaskUnblockTime.  However if
3172:Middlewares/Third_Party/FreeRTOS/Source/tasks.c **** 			tickless idling is used it might be more important to enter sleep mode
3173:Middlewares/Third_Party/FreeRTOS/Source/tasks.c **** 			at the earliest possible time - so reset xNextTaskUnblockTime here to
3174:Middlewares/Third_Party/FreeRTOS/Source/tasks.c **** 			ensure it is updated at the earliest possible time. */
3175:Middlewares/Third_Party/FreeRTOS/Source/tasks.c **** 			prvResetNextTaskUnblockTime();
3176:Middlewares/Third_Party/FreeRTOS/Source/tasks.c **** 		}
3177:Middlewares/Third_Party/FreeRTOS/Source/tasks.c **** 		#endif
3178:Middlewares/Third_Party/FreeRTOS/Source/tasks.c **** 	}
3179:Middlewares/Third_Party/FreeRTOS/Source/tasks.c **** 	else
3180:Middlewares/Third_Party/FreeRTOS/Source/tasks.c **** 	{
3181:Middlewares/Third_Party/FreeRTOS/Source/tasks.c **** 		/* The delayed and ready lists cannot be accessed, so hold this task
3182:Middlewares/Third_Party/FreeRTOS/Source/tasks.c **** 		pending until the scheduler is resumed. */
3183:Middlewares/Third_Party/FreeRTOS/Source/tasks.c **** 		vListInsertEnd( &( xPendingReadyList ), &( pxUnblockedTCB->xEventListItem ) );
3184:Middlewares/Third_Party/FreeRTOS/Source/tasks.c **** 	}
3185:Middlewares/Third_Party/FreeRTOS/Source/tasks.c **** 
3186:Middlewares/Third_Party/FreeRTOS/Source/tasks.c **** 	if( pxUnblockedTCB->uxPriority > pxCurrentTCB->uxPriority )
3187:Middlewares/Third_Party/FreeRTOS/Source/tasks.c **** 	{
3188:Middlewares/Third_Party/FreeRTOS/Source/tasks.c **** 		/* Return true if the task removed from the event list has a higher
3189:Middlewares/Third_Party/FreeRTOS/Source/tasks.c **** 		priority than the calling task.  This allows the calling task to know if
3190:Middlewares/Third_Party/FreeRTOS/Source/tasks.c **** 		it should force a context switch now. */
3191:Middlewares/Third_Party/FreeRTOS/Source/tasks.c **** 		xReturn = pdTRUE;
3192:Middlewares/Third_Party/FreeRTOS/Source/tasks.c **** 
3193:Middlewares/Third_Party/FreeRTOS/Source/tasks.c **** 		/* Mark that a yield is pending in case the user is not using the
3194:Middlewares/Third_Party/FreeRTOS/Source/tasks.c **** 		"xHigherPriorityTaskWoken" parameter to an ISR safe FreeRTOS function. */
3195:Middlewares/Third_Party/FreeRTOS/Source/tasks.c **** 		xYieldPending = pdTRUE;
3196:Middlewares/Third_Party/FreeRTOS/Source/tasks.c **** 	}
3197:Middlewares/Third_Party/FreeRTOS/Source/tasks.c **** 	else
3198:Middlewares/Third_Party/FreeRTOS/Source/tasks.c **** 	{
3199:Middlewares/Third_Party/FreeRTOS/Source/tasks.c **** 		xReturn = pdFALSE;
3200:Middlewares/Third_Party/FreeRTOS/Source/tasks.c **** 	}
3201:Middlewares/Third_Party/FreeRTOS/Source/tasks.c **** 
3202:Middlewares/Third_Party/FreeRTOS/Source/tasks.c **** 	return xReturn;
3203:Middlewares/Third_Party/FreeRTOS/Source/tasks.c **** }
3204:Middlewares/Third_Party/FreeRTOS/Source/tasks.c **** /*-----------------------------------------------------------*/
3205:Middlewares/Third_Party/FreeRTOS/Source/tasks.c **** 
3206:Middlewares/Third_Party/FreeRTOS/Source/tasks.c **** void vTaskRemoveFromUnorderedEventList( ListItem_t * pxEventListItem, const TickType_t xItemValue )
3207:Middlewares/Third_Party/FreeRTOS/Source/tasks.c **** {
3208:Middlewares/Third_Party/FreeRTOS/Source/tasks.c **** TCB_t *pxUnblockedTCB;
3209:Middlewares/Third_Party/FreeRTOS/Source/tasks.c **** 
ARM GAS  D:\software\msy64\tmp\ccHzaEXX.s 			page 63


3210:Middlewares/Third_Party/FreeRTOS/Source/tasks.c **** 	/* THIS FUNCTION MUST BE CALLED WITH THE SCHEDULER SUSPENDED.  It is used by
3211:Middlewares/Third_Party/FreeRTOS/Source/tasks.c **** 	the event flags implementation. */
3212:Middlewares/Third_Party/FreeRTOS/Source/tasks.c **** 	configASSERT( uxSchedulerSuspended != pdFALSE );
3213:Middlewares/Third_Party/FreeRTOS/Source/tasks.c **** 
3214:Middlewares/Third_Party/FreeRTOS/Source/tasks.c **** 	/* Store the new item value in the event list. */
3215:Middlewares/Third_Party/FreeRTOS/Source/tasks.c **** 	listSET_LIST_ITEM_VALUE( pxEventListItem, xItemValue | taskEVENT_LIST_ITEM_VALUE_IN_USE );
3216:Middlewares/Third_Party/FreeRTOS/Source/tasks.c **** 
3217:Middlewares/Third_Party/FreeRTOS/Source/tasks.c **** 	/* Remove the event list form the event flag.  Interrupts do not access
3218:Middlewares/Third_Party/FreeRTOS/Source/tasks.c **** 	event flags. */
3219:Middlewares/Third_Party/FreeRTOS/Source/tasks.c **** 	pxUnblockedTCB = listGET_LIST_ITEM_OWNER( pxEventListItem ); /*lint !e9079 void * is used as this 
3220:Middlewares/Third_Party/FreeRTOS/Source/tasks.c **** 	configASSERT( pxUnblockedTCB );
3221:Middlewares/Third_Party/FreeRTOS/Source/tasks.c **** 	( void ) uxListRemove( pxEventListItem );
3222:Middlewares/Third_Party/FreeRTOS/Source/tasks.c **** 
3223:Middlewares/Third_Party/FreeRTOS/Source/tasks.c **** 	#if( configUSE_TICKLESS_IDLE != 0 )
3224:Middlewares/Third_Party/FreeRTOS/Source/tasks.c **** 	{
3225:Middlewares/Third_Party/FreeRTOS/Source/tasks.c **** 		/* If a task is blocked on a kernel object then xNextTaskUnblockTime
3226:Middlewares/Third_Party/FreeRTOS/Source/tasks.c **** 		might be set to the blocked task's time out time.  If the task is
3227:Middlewares/Third_Party/FreeRTOS/Source/tasks.c **** 		unblocked for a reason other than a timeout xNextTaskUnblockTime is
3228:Middlewares/Third_Party/FreeRTOS/Source/tasks.c **** 		normally left unchanged, because it is automatically reset to a new
3229:Middlewares/Third_Party/FreeRTOS/Source/tasks.c **** 		value when the tick count equals xNextTaskUnblockTime.  However if
3230:Middlewares/Third_Party/FreeRTOS/Source/tasks.c **** 		tickless idling is used it might be more important to enter sleep mode
3231:Middlewares/Third_Party/FreeRTOS/Source/tasks.c **** 		at the earliest possible time - so reset xNextTaskUnblockTime here to
3232:Middlewares/Third_Party/FreeRTOS/Source/tasks.c **** 		ensure it is updated at the earliest possible time. */
3233:Middlewares/Third_Party/FreeRTOS/Source/tasks.c **** 		prvResetNextTaskUnblockTime();
3234:Middlewares/Third_Party/FreeRTOS/Source/tasks.c **** 	}
3235:Middlewares/Third_Party/FreeRTOS/Source/tasks.c **** 	#endif
3236:Middlewares/Third_Party/FreeRTOS/Source/tasks.c **** 
3237:Middlewares/Third_Party/FreeRTOS/Source/tasks.c **** 	/* Remove the task from the delayed list and add it to the ready list.  The
3238:Middlewares/Third_Party/FreeRTOS/Source/tasks.c **** 	scheduler is suspended so interrupts will not be accessing the ready
3239:Middlewares/Third_Party/FreeRTOS/Source/tasks.c **** 	lists. */
3240:Middlewares/Third_Party/FreeRTOS/Source/tasks.c **** 	( void ) uxListRemove( &( pxUnblockedTCB->xStateListItem ) );
3241:Middlewares/Third_Party/FreeRTOS/Source/tasks.c **** 	prvAddTaskToReadyList( pxUnblockedTCB );
3242:Middlewares/Third_Party/FreeRTOS/Source/tasks.c **** 
3243:Middlewares/Third_Party/FreeRTOS/Source/tasks.c **** 	if( pxUnblockedTCB->uxPriority > pxCurrentTCB->uxPriority )
3244:Middlewares/Third_Party/FreeRTOS/Source/tasks.c **** 	{
3245:Middlewares/Third_Party/FreeRTOS/Source/tasks.c **** 		/* The unblocked task has a priority above that of the calling task, so
3246:Middlewares/Third_Party/FreeRTOS/Source/tasks.c **** 		a context switch is required.  This function is called with the
3247:Middlewares/Third_Party/FreeRTOS/Source/tasks.c **** 		scheduler suspended so xYieldPending is set so the context switch
3248:Middlewares/Third_Party/FreeRTOS/Source/tasks.c **** 		occurs immediately that the scheduler is resumed (unsuspended). */
3249:Middlewares/Third_Party/FreeRTOS/Source/tasks.c **** 		xYieldPending = pdTRUE;
3250:Middlewares/Third_Party/FreeRTOS/Source/tasks.c **** 	}
3251:Middlewares/Third_Party/FreeRTOS/Source/tasks.c **** }
3252:Middlewares/Third_Party/FreeRTOS/Source/tasks.c **** /*-----------------------------------------------------------*/
3253:Middlewares/Third_Party/FreeRTOS/Source/tasks.c **** 
3254:Middlewares/Third_Party/FreeRTOS/Source/tasks.c **** void vTaskSetTimeOutState( TimeOut_t * const pxTimeOut )
3255:Middlewares/Third_Party/FreeRTOS/Source/tasks.c **** {
3256:Middlewares/Third_Party/FreeRTOS/Source/tasks.c **** 	configASSERT( pxTimeOut );
3257:Middlewares/Third_Party/FreeRTOS/Source/tasks.c **** 	taskENTER_CRITICAL();
3258:Middlewares/Third_Party/FreeRTOS/Source/tasks.c **** 	{
3259:Middlewares/Third_Party/FreeRTOS/Source/tasks.c **** 		pxTimeOut->xOverflowCount = xNumOfOverflows;
3260:Middlewares/Third_Party/FreeRTOS/Source/tasks.c **** 		pxTimeOut->xTimeOnEntering = xTickCount;
3261:Middlewares/Third_Party/FreeRTOS/Source/tasks.c **** 	}
3262:Middlewares/Third_Party/FreeRTOS/Source/tasks.c **** 	taskEXIT_CRITICAL();
3263:Middlewares/Third_Party/FreeRTOS/Source/tasks.c **** }
3264:Middlewares/Third_Party/FreeRTOS/Source/tasks.c **** /*-----------------------------------------------------------*/
3265:Middlewares/Third_Party/FreeRTOS/Source/tasks.c **** 
3266:Middlewares/Third_Party/FreeRTOS/Source/tasks.c **** void vTaskInternalSetTimeOutState( TimeOut_t * const pxTimeOut )
ARM GAS  D:\software\msy64\tmp\ccHzaEXX.s 			page 64


3267:Middlewares/Third_Party/FreeRTOS/Source/tasks.c **** {
3268:Middlewares/Third_Party/FreeRTOS/Source/tasks.c **** 	/* For internal use only as it does not use a critical section. */
3269:Middlewares/Third_Party/FreeRTOS/Source/tasks.c **** 	pxTimeOut->xOverflowCount = xNumOfOverflows;
3270:Middlewares/Third_Party/FreeRTOS/Source/tasks.c **** 	pxTimeOut->xTimeOnEntering = xTickCount;
3271:Middlewares/Third_Party/FreeRTOS/Source/tasks.c **** }
3272:Middlewares/Third_Party/FreeRTOS/Source/tasks.c **** /*-----------------------------------------------------------*/
3273:Middlewares/Third_Party/FreeRTOS/Source/tasks.c **** 
3274:Middlewares/Third_Party/FreeRTOS/Source/tasks.c **** BaseType_t xTaskCheckForTimeOut( TimeOut_t * const pxTimeOut, TickType_t * const pxTicksToWait )
3275:Middlewares/Third_Party/FreeRTOS/Source/tasks.c **** {
3276:Middlewares/Third_Party/FreeRTOS/Source/tasks.c **** BaseType_t xReturn;
3277:Middlewares/Third_Party/FreeRTOS/Source/tasks.c **** 
3278:Middlewares/Third_Party/FreeRTOS/Source/tasks.c **** 	configASSERT( pxTimeOut );
3279:Middlewares/Third_Party/FreeRTOS/Source/tasks.c **** 	configASSERT( pxTicksToWait );
3280:Middlewares/Third_Party/FreeRTOS/Source/tasks.c **** 
3281:Middlewares/Third_Party/FreeRTOS/Source/tasks.c **** 	taskENTER_CRITICAL();
3282:Middlewares/Third_Party/FreeRTOS/Source/tasks.c **** 	{
3283:Middlewares/Third_Party/FreeRTOS/Source/tasks.c **** 		/* Minor optimisation.  The tick count cannot change in this block. */
3284:Middlewares/Third_Party/FreeRTOS/Source/tasks.c **** 		const TickType_t xConstTickCount = xTickCount;
3285:Middlewares/Third_Party/FreeRTOS/Source/tasks.c **** 		const TickType_t xElapsedTime = xConstTickCount - pxTimeOut->xTimeOnEntering;
3286:Middlewares/Third_Party/FreeRTOS/Source/tasks.c **** 
3287:Middlewares/Third_Party/FreeRTOS/Source/tasks.c **** 		#if( INCLUDE_xTaskAbortDelay == 1 )
3288:Middlewares/Third_Party/FreeRTOS/Source/tasks.c **** 			if( pxCurrentTCB->ucDelayAborted != ( uint8_t ) pdFALSE )
3289:Middlewares/Third_Party/FreeRTOS/Source/tasks.c **** 			{
3290:Middlewares/Third_Party/FreeRTOS/Source/tasks.c **** 				/* The delay was aborted, which is not the same as a time out,
3291:Middlewares/Third_Party/FreeRTOS/Source/tasks.c **** 				but has the same result. */
3292:Middlewares/Third_Party/FreeRTOS/Source/tasks.c **** 				pxCurrentTCB->ucDelayAborted = pdFALSE;
3293:Middlewares/Third_Party/FreeRTOS/Source/tasks.c **** 				xReturn = pdTRUE;
3294:Middlewares/Third_Party/FreeRTOS/Source/tasks.c **** 			}
3295:Middlewares/Third_Party/FreeRTOS/Source/tasks.c **** 			else
3296:Middlewares/Third_Party/FreeRTOS/Source/tasks.c **** 		#endif
3297:Middlewares/Third_Party/FreeRTOS/Source/tasks.c **** 
3298:Middlewares/Third_Party/FreeRTOS/Source/tasks.c **** 		#if ( INCLUDE_vTaskSuspend == 1 )
3299:Middlewares/Third_Party/FreeRTOS/Source/tasks.c **** 			if( *pxTicksToWait == portMAX_DELAY )
3300:Middlewares/Third_Party/FreeRTOS/Source/tasks.c **** 			{
3301:Middlewares/Third_Party/FreeRTOS/Source/tasks.c **** 				/* If INCLUDE_vTaskSuspend is set to 1 and the block time
3302:Middlewares/Third_Party/FreeRTOS/Source/tasks.c **** 				specified is the maximum block time then the task should block
3303:Middlewares/Third_Party/FreeRTOS/Source/tasks.c **** 				indefinitely, and therefore never time out. */
3304:Middlewares/Third_Party/FreeRTOS/Source/tasks.c **** 				xReturn = pdFALSE;
3305:Middlewares/Third_Party/FreeRTOS/Source/tasks.c **** 			}
3306:Middlewares/Third_Party/FreeRTOS/Source/tasks.c **** 			else
3307:Middlewares/Third_Party/FreeRTOS/Source/tasks.c **** 		#endif
3308:Middlewares/Third_Party/FreeRTOS/Source/tasks.c **** 
3309:Middlewares/Third_Party/FreeRTOS/Source/tasks.c **** 		if( ( xNumOfOverflows != pxTimeOut->xOverflowCount ) && ( xConstTickCount >= pxTimeOut->xTimeOnEn
3310:Middlewares/Third_Party/FreeRTOS/Source/tasks.c **** 		{
3311:Middlewares/Third_Party/FreeRTOS/Source/tasks.c **** 			/* The tick count is greater than the time at which
3312:Middlewares/Third_Party/FreeRTOS/Source/tasks.c **** 			vTaskSetTimeout() was called, but has also overflowed since
3313:Middlewares/Third_Party/FreeRTOS/Source/tasks.c **** 			vTaskSetTimeOut() was called.  It must have wrapped all the way
3314:Middlewares/Third_Party/FreeRTOS/Source/tasks.c **** 			around and gone past again. This passed since vTaskSetTimeout()
3315:Middlewares/Third_Party/FreeRTOS/Source/tasks.c **** 			was called. */
3316:Middlewares/Third_Party/FreeRTOS/Source/tasks.c **** 			xReturn = pdTRUE;
3317:Middlewares/Third_Party/FreeRTOS/Source/tasks.c **** 		}
3318:Middlewares/Third_Party/FreeRTOS/Source/tasks.c **** 		else if( xElapsedTime < *pxTicksToWait ) /*lint !e961 Explicit casting is only redundant with som
3319:Middlewares/Third_Party/FreeRTOS/Source/tasks.c **** 		{
3320:Middlewares/Third_Party/FreeRTOS/Source/tasks.c **** 			/* Not a genuine timeout. Adjust parameters for time remaining. */
3321:Middlewares/Third_Party/FreeRTOS/Source/tasks.c **** 			*pxTicksToWait -= xElapsedTime;
3322:Middlewares/Third_Party/FreeRTOS/Source/tasks.c **** 			vTaskInternalSetTimeOutState( pxTimeOut );
3323:Middlewares/Third_Party/FreeRTOS/Source/tasks.c **** 			xReturn = pdFALSE;
ARM GAS  D:\software\msy64\tmp\ccHzaEXX.s 			page 65


3324:Middlewares/Third_Party/FreeRTOS/Source/tasks.c **** 		}
3325:Middlewares/Third_Party/FreeRTOS/Source/tasks.c **** 		else
3326:Middlewares/Third_Party/FreeRTOS/Source/tasks.c **** 		{
3327:Middlewares/Third_Party/FreeRTOS/Source/tasks.c **** 			*pxTicksToWait = 0;
3328:Middlewares/Third_Party/FreeRTOS/Source/tasks.c **** 			xReturn = pdTRUE;
3329:Middlewares/Third_Party/FreeRTOS/Source/tasks.c **** 		}
3330:Middlewares/Third_Party/FreeRTOS/Source/tasks.c **** 	}
3331:Middlewares/Third_Party/FreeRTOS/Source/tasks.c **** 	taskEXIT_CRITICAL();
3332:Middlewares/Third_Party/FreeRTOS/Source/tasks.c **** 
3333:Middlewares/Third_Party/FreeRTOS/Source/tasks.c **** 	return xReturn;
3334:Middlewares/Third_Party/FreeRTOS/Source/tasks.c **** }
3335:Middlewares/Third_Party/FreeRTOS/Source/tasks.c **** /*-----------------------------------------------------------*/
3336:Middlewares/Third_Party/FreeRTOS/Source/tasks.c **** 
3337:Middlewares/Third_Party/FreeRTOS/Source/tasks.c **** void vTaskMissedYield( void )
3338:Middlewares/Third_Party/FreeRTOS/Source/tasks.c **** {
3339:Middlewares/Third_Party/FreeRTOS/Source/tasks.c **** 	xYieldPending = pdTRUE;
3340:Middlewares/Third_Party/FreeRTOS/Source/tasks.c **** }
3341:Middlewares/Third_Party/FreeRTOS/Source/tasks.c **** /*-----------------------------------------------------------*/
3342:Middlewares/Third_Party/FreeRTOS/Source/tasks.c **** 
3343:Middlewares/Third_Party/FreeRTOS/Source/tasks.c **** #if ( configUSE_TRACE_FACILITY == 1 )
3344:Middlewares/Third_Party/FreeRTOS/Source/tasks.c **** 
3345:Middlewares/Third_Party/FreeRTOS/Source/tasks.c **** 	UBaseType_t uxTaskGetTaskNumber( TaskHandle_t xTask )
3346:Middlewares/Third_Party/FreeRTOS/Source/tasks.c **** 	{
3347:Middlewares/Third_Party/FreeRTOS/Source/tasks.c **** 	UBaseType_t uxReturn;
3348:Middlewares/Third_Party/FreeRTOS/Source/tasks.c **** 	TCB_t const *pxTCB;
3349:Middlewares/Third_Party/FreeRTOS/Source/tasks.c **** 
3350:Middlewares/Third_Party/FreeRTOS/Source/tasks.c **** 		if( xTask != NULL )
3351:Middlewares/Third_Party/FreeRTOS/Source/tasks.c **** 		{
3352:Middlewares/Third_Party/FreeRTOS/Source/tasks.c **** 			pxTCB = xTask;
3353:Middlewares/Third_Party/FreeRTOS/Source/tasks.c **** 			uxReturn = pxTCB->uxTaskNumber;
3354:Middlewares/Third_Party/FreeRTOS/Source/tasks.c **** 		}
3355:Middlewares/Third_Party/FreeRTOS/Source/tasks.c **** 		else
3356:Middlewares/Third_Party/FreeRTOS/Source/tasks.c **** 		{
3357:Middlewares/Third_Party/FreeRTOS/Source/tasks.c **** 			uxReturn = 0U;
3358:Middlewares/Third_Party/FreeRTOS/Source/tasks.c **** 		}
3359:Middlewares/Third_Party/FreeRTOS/Source/tasks.c **** 
3360:Middlewares/Third_Party/FreeRTOS/Source/tasks.c **** 		return uxReturn;
3361:Middlewares/Third_Party/FreeRTOS/Source/tasks.c **** 	}
3362:Middlewares/Third_Party/FreeRTOS/Source/tasks.c **** 
3363:Middlewares/Third_Party/FreeRTOS/Source/tasks.c **** #endif /* configUSE_TRACE_FACILITY */
3364:Middlewares/Third_Party/FreeRTOS/Source/tasks.c **** /*-----------------------------------------------------------*/
3365:Middlewares/Third_Party/FreeRTOS/Source/tasks.c **** 
3366:Middlewares/Third_Party/FreeRTOS/Source/tasks.c **** #if ( configUSE_TRACE_FACILITY == 1 )
3367:Middlewares/Third_Party/FreeRTOS/Source/tasks.c **** 
3368:Middlewares/Third_Party/FreeRTOS/Source/tasks.c **** 	void vTaskSetTaskNumber( TaskHandle_t xTask, const UBaseType_t uxHandle )
3369:Middlewares/Third_Party/FreeRTOS/Source/tasks.c **** 	{
3370:Middlewares/Third_Party/FreeRTOS/Source/tasks.c **** 	TCB_t * pxTCB;
3371:Middlewares/Third_Party/FreeRTOS/Source/tasks.c **** 
3372:Middlewares/Third_Party/FreeRTOS/Source/tasks.c **** 		if( xTask != NULL )
3373:Middlewares/Third_Party/FreeRTOS/Source/tasks.c **** 		{
3374:Middlewares/Third_Party/FreeRTOS/Source/tasks.c **** 			pxTCB = xTask;
3375:Middlewares/Third_Party/FreeRTOS/Source/tasks.c **** 			pxTCB->uxTaskNumber = uxHandle;
3376:Middlewares/Third_Party/FreeRTOS/Source/tasks.c **** 		}
3377:Middlewares/Third_Party/FreeRTOS/Source/tasks.c **** 	}
3378:Middlewares/Third_Party/FreeRTOS/Source/tasks.c **** 
3379:Middlewares/Third_Party/FreeRTOS/Source/tasks.c **** #endif /* configUSE_TRACE_FACILITY */
3380:Middlewares/Third_Party/FreeRTOS/Source/tasks.c **** 
ARM GAS  D:\software\msy64\tmp\ccHzaEXX.s 			page 66


3381:Middlewares/Third_Party/FreeRTOS/Source/tasks.c **** /*
3382:Middlewares/Third_Party/FreeRTOS/Source/tasks.c ****  * -----------------------------------------------------------
3383:Middlewares/Third_Party/FreeRTOS/Source/tasks.c ****  * The Idle task.
3384:Middlewares/Third_Party/FreeRTOS/Source/tasks.c ****  * ----------------------------------------------------------
3385:Middlewares/Third_Party/FreeRTOS/Source/tasks.c ****  *
3386:Middlewares/Third_Party/FreeRTOS/Source/tasks.c ****  * The portTASK_FUNCTION() macro is used to allow port/compiler specific
3387:Middlewares/Third_Party/FreeRTOS/Source/tasks.c ****  * language extensions.  The equivalent prototype for this function is:
3388:Middlewares/Third_Party/FreeRTOS/Source/tasks.c ****  *
3389:Middlewares/Third_Party/FreeRTOS/Source/tasks.c ****  * void prvIdleTask( void *pvParameters );
3390:Middlewares/Third_Party/FreeRTOS/Source/tasks.c ****  *
3391:Middlewares/Third_Party/FreeRTOS/Source/tasks.c ****  */
3392:Middlewares/Third_Party/FreeRTOS/Source/tasks.c **** static portTASK_FUNCTION( prvIdleTask, pvParameters )
3393:Middlewares/Third_Party/FreeRTOS/Source/tasks.c **** {
3394:Middlewares/Third_Party/FreeRTOS/Source/tasks.c **** 	/* Stop warnings. */
3395:Middlewares/Third_Party/FreeRTOS/Source/tasks.c **** 	( void ) pvParameters;
3396:Middlewares/Third_Party/FreeRTOS/Source/tasks.c **** 
3397:Middlewares/Third_Party/FreeRTOS/Source/tasks.c **** 	/** THIS IS THE RTOS IDLE TASK - WHICH IS CREATED AUTOMATICALLY WHEN THE
3398:Middlewares/Third_Party/FreeRTOS/Source/tasks.c **** 	SCHEDULER IS STARTED. **/
3399:Middlewares/Third_Party/FreeRTOS/Source/tasks.c **** 
3400:Middlewares/Third_Party/FreeRTOS/Source/tasks.c **** 	/* In case a task that has a secure context deletes itself, in which case
3401:Middlewares/Third_Party/FreeRTOS/Source/tasks.c **** 	the idle task is responsible for deleting the task's secure context, if
3402:Middlewares/Third_Party/FreeRTOS/Source/tasks.c **** 	any. */
3403:Middlewares/Third_Party/FreeRTOS/Source/tasks.c **** 	portALLOCATE_SECURE_CONTEXT( configMINIMAL_SECURE_STACK_SIZE );
3404:Middlewares/Third_Party/FreeRTOS/Source/tasks.c **** 
3405:Middlewares/Third_Party/FreeRTOS/Source/tasks.c **** 	for( ;; )
3406:Middlewares/Third_Party/FreeRTOS/Source/tasks.c **** 	{
3407:Middlewares/Third_Party/FreeRTOS/Source/tasks.c **** 		/* See if any tasks have deleted themselves - if so then the idle task
3408:Middlewares/Third_Party/FreeRTOS/Source/tasks.c **** 		is responsible for freeing the deleted task's TCB and stack. */
3409:Middlewares/Third_Party/FreeRTOS/Source/tasks.c **** 		prvCheckTasksWaitingTermination();
3410:Middlewares/Third_Party/FreeRTOS/Source/tasks.c **** 
3411:Middlewares/Third_Party/FreeRTOS/Source/tasks.c **** 		#if ( configUSE_PREEMPTION == 0 )
3412:Middlewares/Third_Party/FreeRTOS/Source/tasks.c **** 		{
3413:Middlewares/Third_Party/FreeRTOS/Source/tasks.c **** 			/* If we are not using preemption we keep forcing a task switch to
3414:Middlewares/Third_Party/FreeRTOS/Source/tasks.c **** 			see if any other task has become available.  If we are using
3415:Middlewares/Third_Party/FreeRTOS/Source/tasks.c **** 			preemption we don't need to do this as any task becoming available
3416:Middlewares/Third_Party/FreeRTOS/Source/tasks.c **** 			will automatically get the processor anyway. */
3417:Middlewares/Third_Party/FreeRTOS/Source/tasks.c **** 			taskYIELD();
3418:Middlewares/Third_Party/FreeRTOS/Source/tasks.c **** 		}
3419:Middlewares/Third_Party/FreeRTOS/Source/tasks.c **** 		#endif /* configUSE_PREEMPTION */
3420:Middlewares/Third_Party/FreeRTOS/Source/tasks.c **** 
3421:Middlewares/Third_Party/FreeRTOS/Source/tasks.c **** 		#if ( ( configUSE_PREEMPTION == 1 ) && ( configIDLE_SHOULD_YIELD == 1 ) )
3422:Middlewares/Third_Party/FreeRTOS/Source/tasks.c **** 		{
3423:Middlewares/Third_Party/FreeRTOS/Source/tasks.c **** 			/* When using preemption tasks of equal priority will be
3424:Middlewares/Third_Party/FreeRTOS/Source/tasks.c **** 			timesliced.  If a task that is sharing the idle priority is ready
3425:Middlewares/Third_Party/FreeRTOS/Source/tasks.c **** 			to run then the idle task should yield before the end of the
3426:Middlewares/Third_Party/FreeRTOS/Source/tasks.c **** 			timeslice.
3427:Middlewares/Third_Party/FreeRTOS/Source/tasks.c **** 
3428:Middlewares/Third_Party/FreeRTOS/Source/tasks.c **** 			A critical region is not required here as we are just reading from
3429:Middlewares/Third_Party/FreeRTOS/Source/tasks.c **** 			the list, and an occasional incorrect value will not matter.  If
3430:Middlewares/Third_Party/FreeRTOS/Source/tasks.c **** 			the ready list at the idle priority contains more than one task
3431:Middlewares/Third_Party/FreeRTOS/Source/tasks.c **** 			then a task other than the idle task is ready to execute. */
3432:Middlewares/Third_Party/FreeRTOS/Source/tasks.c **** 			if( listCURRENT_LIST_LENGTH( &( pxReadyTasksLists[ tskIDLE_PRIORITY ] ) ) > ( UBaseType_t ) 1 )
3433:Middlewares/Third_Party/FreeRTOS/Source/tasks.c **** 			{
3434:Middlewares/Third_Party/FreeRTOS/Source/tasks.c **** 				taskYIELD();
3435:Middlewares/Third_Party/FreeRTOS/Source/tasks.c **** 			}
3436:Middlewares/Third_Party/FreeRTOS/Source/tasks.c **** 			else
3437:Middlewares/Third_Party/FreeRTOS/Source/tasks.c **** 			{
ARM GAS  D:\software\msy64\tmp\ccHzaEXX.s 			page 67


3438:Middlewares/Third_Party/FreeRTOS/Source/tasks.c **** 				mtCOVERAGE_TEST_MARKER();
3439:Middlewares/Third_Party/FreeRTOS/Source/tasks.c **** 			}
3440:Middlewares/Third_Party/FreeRTOS/Source/tasks.c **** 		}
3441:Middlewares/Third_Party/FreeRTOS/Source/tasks.c **** 		#endif /* ( ( configUSE_PREEMPTION == 1 ) && ( configIDLE_SHOULD_YIELD == 1 ) ) */
3442:Middlewares/Third_Party/FreeRTOS/Source/tasks.c **** 
3443:Middlewares/Third_Party/FreeRTOS/Source/tasks.c **** 		#if ( configUSE_IDLE_HOOK == 1 )
3444:Middlewares/Third_Party/FreeRTOS/Source/tasks.c **** 		{
3445:Middlewares/Third_Party/FreeRTOS/Source/tasks.c **** 			extern void vApplicationIdleHook( void );
3446:Middlewares/Third_Party/FreeRTOS/Source/tasks.c **** 
3447:Middlewares/Third_Party/FreeRTOS/Source/tasks.c **** 			/* Call the user defined function from within the idle task.  This
3448:Middlewares/Third_Party/FreeRTOS/Source/tasks.c **** 			allows the application designer to add background functionality
3449:Middlewares/Third_Party/FreeRTOS/Source/tasks.c **** 			without the overhead of a separate task.
3450:Middlewares/Third_Party/FreeRTOS/Source/tasks.c **** 			NOTE: vApplicationIdleHook() MUST NOT, UNDER ANY CIRCUMSTANCES,
3451:Middlewares/Third_Party/FreeRTOS/Source/tasks.c **** 			CALL A FUNCTION THAT MIGHT BLOCK. */
3452:Middlewares/Third_Party/FreeRTOS/Source/tasks.c **** 			vApplicationIdleHook();
3453:Middlewares/Third_Party/FreeRTOS/Source/tasks.c **** 		}
3454:Middlewares/Third_Party/FreeRTOS/Source/tasks.c **** 		#endif /* configUSE_IDLE_HOOK */
3455:Middlewares/Third_Party/FreeRTOS/Source/tasks.c **** 
3456:Middlewares/Third_Party/FreeRTOS/Source/tasks.c **** 		/* This conditional compilation should use inequality to 0, not equality
3457:Middlewares/Third_Party/FreeRTOS/Source/tasks.c **** 		to 1.  This is to ensure portSUPPRESS_TICKS_AND_SLEEP() is called when
3458:Middlewares/Third_Party/FreeRTOS/Source/tasks.c **** 		user defined low power mode	implementations require
3459:Middlewares/Third_Party/FreeRTOS/Source/tasks.c **** 		configUSE_TICKLESS_IDLE to be set to a value other than 1. */
3460:Middlewares/Third_Party/FreeRTOS/Source/tasks.c **** 		#if ( configUSE_TICKLESS_IDLE != 0 )
3461:Middlewares/Third_Party/FreeRTOS/Source/tasks.c **** 		{
3462:Middlewares/Third_Party/FreeRTOS/Source/tasks.c **** 		TickType_t xExpectedIdleTime;
3463:Middlewares/Third_Party/FreeRTOS/Source/tasks.c **** 
3464:Middlewares/Third_Party/FreeRTOS/Source/tasks.c **** 			/* It is not desirable to suspend then resume the scheduler on
3465:Middlewares/Third_Party/FreeRTOS/Source/tasks.c **** 			each iteration of the idle task.  Therefore, a preliminary
3466:Middlewares/Third_Party/FreeRTOS/Source/tasks.c **** 			test of the expected idle time is performed without the
3467:Middlewares/Third_Party/FreeRTOS/Source/tasks.c **** 			scheduler suspended.  The result here is not necessarily
3468:Middlewares/Third_Party/FreeRTOS/Source/tasks.c **** 			valid. */
3469:Middlewares/Third_Party/FreeRTOS/Source/tasks.c **** 			xExpectedIdleTime = prvGetExpectedIdleTime();
3470:Middlewares/Third_Party/FreeRTOS/Source/tasks.c **** 
3471:Middlewares/Third_Party/FreeRTOS/Source/tasks.c **** 			if( xExpectedIdleTime >= configEXPECTED_IDLE_TIME_BEFORE_SLEEP )
3472:Middlewares/Third_Party/FreeRTOS/Source/tasks.c **** 			{
3473:Middlewares/Third_Party/FreeRTOS/Source/tasks.c **** 				vTaskSuspendAll();
3474:Middlewares/Third_Party/FreeRTOS/Source/tasks.c **** 				{
3475:Middlewares/Third_Party/FreeRTOS/Source/tasks.c **** 					/* Now the scheduler is suspended, the expected idle
3476:Middlewares/Third_Party/FreeRTOS/Source/tasks.c **** 					time can be sampled again, and this time its value can
3477:Middlewares/Third_Party/FreeRTOS/Source/tasks.c **** 					be used. */
3478:Middlewares/Third_Party/FreeRTOS/Source/tasks.c **** 					configASSERT( xNextTaskUnblockTime >= xTickCount );
3479:Middlewares/Third_Party/FreeRTOS/Source/tasks.c **** 					xExpectedIdleTime = prvGetExpectedIdleTime();
3480:Middlewares/Third_Party/FreeRTOS/Source/tasks.c **** 
3481:Middlewares/Third_Party/FreeRTOS/Source/tasks.c **** 					/* Define the following macro to set xExpectedIdleTime to 0
3482:Middlewares/Third_Party/FreeRTOS/Source/tasks.c **** 					if the application does not want
3483:Middlewares/Third_Party/FreeRTOS/Source/tasks.c **** 					portSUPPRESS_TICKS_AND_SLEEP() to be called. */
3484:Middlewares/Third_Party/FreeRTOS/Source/tasks.c **** 					configPRE_SUPPRESS_TICKS_AND_SLEEP_PROCESSING( xExpectedIdleTime );
3485:Middlewares/Third_Party/FreeRTOS/Source/tasks.c **** 
3486:Middlewares/Third_Party/FreeRTOS/Source/tasks.c **** 					if( xExpectedIdleTime >= configEXPECTED_IDLE_TIME_BEFORE_SLEEP )
3487:Middlewares/Third_Party/FreeRTOS/Source/tasks.c **** 					{
3488:Middlewares/Third_Party/FreeRTOS/Source/tasks.c **** 						traceLOW_POWER_IDLE_BEGIN();
3489:Middlewares/Third_Party/FreeRTOS/Source/tasks.c **** 						portSUPPRESS_TICKS_AND_SLEEP( xExpectedIdleTime );
3490:Middlewares/Third_Party/FreeRTOS/Source/tasks.c **** 						traceLOW_POWER_IDLE_END();
3491:Middlewares/Third_Party/FreeRTOS/Source/tasks.c **** 					}
3492:Middlewares/Third_Party/FreeRTOS/Source/tasks.c **** 					else
3493:Middlewares/Third_Party/FreeRTOS/Source/tasks.c **** 					{
3494:Middlewares/Third_Party/FreeRTOS/Source/tasks.c **** 						mtCOVERAGE_TEST_MARKER();
ARM GAS  D:\software\msy64\tmp\ccHzaEXX.s 			page 68


3495:Middlewares/Third_Party/FreeRTOS/Source/tasks.c **** 					}
3496:Middlewares/Third_Party/FreeRTOS/Source/tasks.c **** 				}
3497:Middlewares/Third_Party/FreeRTOS/Source/tasks.c **** 				( void ) xTaskResumeAll();
3498:Middlewares/Third_Party/FreeRTOS/Source/tasks.c **** 			}
3499:Middlewares/Third_Party/FreeRTOS/Source/tasks.c **** 			else
3500:Middlewares/Third_Party/FreeRTOS/Source/tasks.c **** 			{
3501:Middlewares/Third_Party/FreeRTOS/Source/tasks.c **** 				mtCOVERAGE_TEST_MARKER();
3502:Middlewares/Third_Party/FreeRTOS/Source/tasks.c **** 			}
3503:Middlewares/Third_Party/FreeRTOS/Source/tasks.c **** 		}
3504:Middlewares/Third_Party/FreeRTOS/Source/tasks.c **** 		#endif /* configUSE_TICKLESS_IDLE */
3505:Middlewares/Third_Party/FreeRTOS/Source/tasks.c **** 	}
3506:Middlewares/Third_Party/FreeRTOS/Source/tasks.c **** }
3507:Middlewares/Third_Party/FreeRTOS/Source/tasks.c **** /*-----------------------------------------------------------*/
3508:Middlewares/Third_Party/FreeRTOS/Source/tasks.c **** 
3509:Middlewares/Third_Party/FreeRTOS/Source/tasks.c **** #if( configUSE_TICKLESS_IDLE != 0 )
3510:Middlewares/Third_Party/FreeRTOS/Source/tasks.c **** 
3511:Middlewares/Third_Party/FreeRTOS/Source/tasks.c **** 	eSleepModeStatus eTaskConfirmSleepModeStatus( void )
3512:Middlewares/Third_Party/FreeRTOS/Source/tasks.c **** 	{
3513:Middlewares/Third_Party/FreeRTOS/Source/tasks.c **** 	/* The idle task exists in addition to the application tasks. */
3514:Middlewares/Third_Party/FreeRTOS/Source/tasks.c **** 	const UBaseType_t uxNonApplicationTasks = 1;
3515:Middlewares/Third_Party/FreeRTOS/Source/tasks.c **** 	eSleepModeStatus eReturn = eStandardSleep;
3516:Middlewares/Third_Party/FreeRTOS/Source/tasks.c **** 
3517:Middlewares/Third_Party/FreeRTOS/Source/tasks.c **** 		/* This function must be called from a critical section. */
3518:Middlewares/Third_Party/FreeRTOS/Source/tasks.c **** 
3519:Middlewares/Third_Party/FreeRTOS/Source/tasks.c **** 		if( listCURRENT_LIST_LENGTH( &xPendingReadyList ) != 0 )
3520:Middlewares/Third_Party/FreeRTOS/Source/tasks.c **** 		{
3521:Middlewares/Third_Party/FreeRTOS/Source/tasks.c **** 			/* A task was made ready while the scheduler was suspended. */
3522:Middlewares/Third_Party/FreeRTOS/Source/tasks.c **** 			eReturn = eAbortSleep;
3523:Middlewares/Third_Party/FreeRTOS/Source/tasks.c **** 		}
3524:Middlewares/Third_Party/FreeRTOS/Source/tasks.c **** 		else if( xYieldPending != pdFALSE )
3525:Middlewares/Third_Party/FreeRTOS/Source/tasks.c **** 		{
3526:Middlewares/Third_Party/FreeRTOS/Source/tasks.c **** 			/* A yield was pended while the scheduler was suspended. */
3527:Middlewares/Third_Party/FreeRTOS/Source/tasks.c **** 			eReturn = eAbortSleep;
3528:Middlewares/Third_Party/FreeRTOS/Source/tasks.c **** 		}
3529:Middlewares/Third_Party/FreeRTOS/Source/tasks.c **** 		else
3530:Middlewares/Third_Party/FreeRTOS/Source/tasks.c **** 		{
3531:Middlewares/Third_Party/FreeRTOS/Source/tasks.c **** 			/* If all the tasks are in the suspended list (which might mean they
3532:Middlewares/Third_Party/FreeRTOS/Source/tasks.c **** 			have an infinite block time rather than actually being suspended)
3533:Middlewares/Third_Party/FreeRTOS/Source/tasks.c **** 			then it is safe to turn all clocks off and just wait for external
3534:Middlewares/Third_Party/FreeRTOS/Source/tasks.c **** 			interrupts. */
3535:Middlewares/Third_Party/FreeRTOS/Source/tasks.c **** 			if( listCURRENT_LIST_LENGTH( &xSuspendedTaskList ) == ( uxCurrentNumberOfTasks - uxNonApplicatio
3536:Middlewares/Third_Party/FreeRTOS/Source/tasks.c **** 			{
3537:Middlewares/Third_Party/FreeRTOS/Source/tasks.c **** 				eReturn = eNoTasksWaitingTimeout;
3538:Middlewares/Third_Party/FreeRTOS/Source/tasks.c **** 			}
3539:Middlewares/Third_Party/FreeRTOS/Source/tasks.c **** 			else
3540:Middlewares/Third_Party/FreeRTOS/Source/tasks.c **** 			{
3541:Middlewares/Third_Party/FreeRTOS/Source/tasks.c **** 				mtCOVERAGE_TEST_MARKER();
3542:Middlewares/Third_Party/FreeRTOS/Source/tasks.c **** 			}
3543:Middlewares/Third_Party/FreeRTOS/Source/tasks.c **** 		}
3544:Middlewares/Third_Party/FreeRTOS/Source/tasks.c **** 
3545:Middlewares/Third_Party/FreeRTOS/Source/tasks.c **** 		return eReturn;
3546:Middlewares/Third_Party/FreeRTOS/Source/tasks.c **** 	}
3547:Middlewares/Third_Party/FreeRTOS/Source/tasks.c **** 
3548:Middlewares/Third_Party/FreeRTOS/Source/tasks.c **** #endif /* configUSE_TICKLESS_IDLE */
3549:Middlewares/Third_Party/FreeRTOS/Source/tasks.c **** /*-----------------------------------------------------------*/
3550:Middlewares/Third_Party/FreeRTOS/Source/tasks.c **** 
3551:Middlewares/Third_Party/FreeRTOS/Source/tasks.c **** #if ( configNUM_THREAD_LOCAL_STORAGE_POINTERS != 0 )
ARM GAS  D:\software\msy64\tmp\ccHzaEXX.s 			page 69


3552:Middlewares/Third_Party/FreeRTOS/Source/tasks.c **** 
3553:Middlewares/Third_Party/FreeRTOS/Source/tasks.c **** 	void vTaskSetThreadLocalStoragePointer( TaskHandle_t xTaskToSet, BaseType_t xIndex, void *pvValue 
3554:Middlewares/Third_Party/FreeRTOS/Source/tasks.c **** 	{
3555:Middlewares/Third_Party/FreeRTOS/Source/tasks.c **** 	TCB_t *pxTCB;
3556:Middlewares/Third_Party/FreeRTOS/Source/tasks.c **** 
3557:Middlewares/Third_Party/FreeRTOS/Source/tasks.c **** 		if( xIndex < configNUM_THREAD_LOCAL_STORAGE_POINTERS )
3558:Middlewares/Third_Party/FreeRTOS/Source/tasks.c **** 		{
3559:Middlewares/Third_Party/FreeRTOS/Source/tasks.c **** 			pxTCB = prvGetTCBFromHandle( xTaskToSet );
3560:Middlewares/Third_Party/FreeRTOS/Source/tasks.c **** 			configASSERT( pxTCB != NULL );
3561:Middlewares/Third_Party/FreeRTOS/Source/tasks.c **** 			pxTCB->pvThreadLocalStoragePointers[ xIndex ] = pvValue;
3562:Middlewares/Third_Party/FreeRTOS/Source/tasks.c **** 		}
3563:Middlewares/Third_Party/FreeRTOS/Source/tasks.c **** 	}
3564:Middlewares/Third_Party/FreeRTOS/Source/tasks.c **** 
3565:Middlewares/Third_Party/FreeRTOS/Source/tasks.c **** #endif /* configNUM_THREAD_LOCAL_STORAGE_POINTERS */
3566:Middlewares/Third_Party/FreeRTOS/Source/tasks.c **** /*-----------------------------------------------------------*/
3567:Middlewares/Third_Party/FreeRTOS/Source/tasks.c **** 
3568:Middlewares/Third_Party/FreeRTOS/Source/tasks.c **** #if ( configNUM_THREAD_LOCAL_STORAGE_POINTERS != 0 )
3569:Middlewares/Third_Party/FreeRTOS/Source/tasks.c **** 
3570:Middlewares/Third_Party/FreeRTOS/Source/tasks.c **** 	void *pvTaskGetThreadLocalStoragePointer( TaskHandle_t xTaskToQuery, BaseType_t xIndex )
3571:Middlewares/Third_Party/FreeRTOS/Source/tasks.c **** 	{
3572:Middlewares/Third_Party/FreeRTOS/Source/tasks.c **** 	void *pvReturn = NULL;
3573:Middlewares/Third_Party/FreeRTOS/Source/tasks.c **** 	TCB_t *pxTCB;
3574:Middlewares/Third_Party/FreeRTOS/Source/tasks.c **** 
3575:Middlewares/Third_Party/FreeRTOS/Source/tasks.c **** 		if( xIndex < configNUM_THREAD_LOCAL_STORAGE_POINTERS )
3576:Middlewares/Third_Party/FreeRTOS/Source/tasks.c **** 		{
3577:Middlewares/Third_Party/FreeRTOS/Source/tasks.c **** 			pxTCB = prvGetTCBFromHandle( xTaskToQuery );
3578:Middlewares/Third_Party/FreeRTOS/Source/tasks.c **** 			pvReturn = pxTCB->pvThreadLocalStoragePointers[ xIndex ];
3579:Middlewares/Third_Party/FreeRTOS/Source/tasks.c **** 		}
3580:Middlewares/Third_Party/FreeRTOS/Source/tasks.c **** 		else
3581:Middlewares/Third_Party/FreeRTOS/Source/tasks.c **** 		{
3582:Middlewares/Third_Party/FreeRTOS/Source/tasks.c **** 			pvReturn = NULL;
3583:Middlewares/Third_Party/FreeRTOS/Source/tasks.c **** 		}
3584:Middlewares/Third_Party/FreeRTOS/Source/tasks.c **** 
3585:Middlewares/Third_Party/FreeRTOS/Source/tasks.c **** 		return pvReturn;
3586:Middlewares/Third_Party/FreeRTOS/Source/tasks.c **** 	}
3587:Middlewares/Third_Party/FreeRTOS/Source/tasks.c **** 
3588:Middlewares/Third_Party/FreeRTOS/Source/tasks.c **** #endif /* configNUM_THREAD_LOCAL_STORAGE_POINTERS */
3589:Middlewares/Third_Party/FreeRTOS/Source/tasks.c **** /*-----------------------------------------------------------*/
3590:Middlewares/Third_Party/FreeRTOS/Source/tasks.c **** 
3591:Middlewares/Third_Party/FreeRTOS/Source/tasks.c **** #if ( portUSING_MPU_WRAPPERS == 1 )
3592:Middlewares/Third_Party/FreeRTOS/Source/tasks.c **** 
3593:Middlewares/Third_Party/FreeRTOS/Source/tasks.c **** 	void vTaskAllocateMPURegions( TaskHandle_t xTaskToModify, const MemoryRegion_t * const xRegions )
3594:Middlewares/Third_Party/FreeRTOS/Source/tasks.c **** 	{
3595:Middlewares/Third_Party/FreeRTOS/Source/tasks.c **** 	TCB_t *pxTCB;
3596:Middlewares/Third_Party/FreeRTOS/Source/tasks.c **** 
3597:Middlewares/Third_Party/FreeRTOS/Source/tasks.c **** 		/* If null is passed in here then we are modifying the MPU settings of
3598:Middlewares/Third_Party/FreeRTOS/Source/tasks.c **** 		the calling task. */
3599:Middlewares/Third_Party/FreeRTOS/Source/tasks.c **** 		pxTCB = prvGetTCBFromHandle( xTaskToModify );
3600:Middlewares/Third_Party/FreeRTOS/Source/tasks.c **** 
3601:Middlewares/Third_Party/FreeRTOS/Source/tasks.c **** 		vPortStoreTaskMPUSettings( &( pxTCB->xMPUSettings ), xRegions, NULL, 0 );
3602:Middlewares/Third_Party/FreeRTOS/Source/tasks.c **** 	}
3603:Middlewares/Third_Party/FreeRTOS/Source/tasks.c **** 
3604:Middlewares/Third_Party/FreeRTOS/Source/tasks.c **** #endif /* portUSING_MPU_WRAPPERS */
3605:Middlewares/Third_Party/FreeRTOS/Source/tasks.c **** /*-----------------------------------------------------------*/
3606:Middlewares/Third_Party/FreeRTOS/Source/tasks.c **** 
3607:Middlewares/Third_Party/FreeRTOS/Source/tasks.c **** static void prvInitialiseTaskLists( void )
3608:Middlewares/Third_Party/FreeRTOS/Source/tasks.c **** {
ARM GAS  D:\software\msy64\tmp\ccHzaEXX.s 			page 70


3609:Middlewares/Third_Party/FreeRTOS/Source/tasks.c **** UBaseType_t uxPriority;
3610:Middlewares/Third_Party/FreeRTOS/Source/tasks.c **** 
3611:Middlewares/Third_Party/FreeRTOS/Source/tasks.c **** 	for( uxPriority = ( UBaseType_t ) 0U; uxPriority < ( UBaseType_t ) configMAX_PRIORITIES; uxPriorit
3612:Middlewares/Third_Party/FreeRTOS/Source/tasks.c **** 	{
3613:Middlewares/Third_Party/FreeRTOS/Source/tasks.c **** 		vListInitialise( &( pxReadyTasksLists[ uxPriority ] ) );
3614:Middlewares/Third_Party/FreeRTOS/Source/tasks.c **** 	}
3615:Middlewares/Third_Party/FreeRTOS/Source/tasks.c **** 
3616:Middlewares/Third_Party/FreeRTOS/Source/tasks.c **** 	vListInitialise( &xDelayedTaskList1 );
3617:Middlewares/Third_Party/FreeRTOS/Source/tasks.c **** 	vListInitialise( &xDelayedTaskList2 );
3618:Middlewares/Third_Party/FreeRTOS/Source/tasks.c **** 	vListInitialise( &xPendingReadyList );
3619:Middlewares/Third_Party/FreeRTOS/Source/tasks.c **** 
3620:Middlewares/Third_Party/FreeRTOS/Source/tasks.c **** 	#if ( INCLUDE_vTaskDelete == 1 )
3621:Middlewares/Third_Party/FreeRTOS/Source/tasks.c **** 	{
3622:Middlewares/Third_Party/FreeRTOS/Source/tasks.c **** 		vListInitialise( &xTasksWaitingTermination );
3623:Middlewares/Third_Party/FreeRTOS/Source/tasks.c **** 	}
3624:Middlewares/Third_Party/FreeRTOS/Source/tasks.c **** 	#endif /* INCLUDE_vTaskDelete */
3625:Middlewares/Third_Party/FreeRTOS/Source/tasks.c **** 
3626:Middlewares/Third_Party/FreeRTOS/Source/tasks.c **** 	#if ( INCLUDE_vTaskSuspend == 1 )
3627:Middlewares/Third_Party/FreeRTOS/Source/tasks.c **** 	{
3628:Middlewares/Third_Party/FreeRTOS/Source/tasks.c **** 		vListInitialise( &xSuspendedTaskList );
3629:Middlewares/Third_Party/FreeRTOS/Source/tasks.c **** 	}
3630:Middlewares/Third_Party/FreeRTOS/Source/tasks.c **** 	#endif /* INCLUDE_vTaskSuspend */
3631:Middlewares/Third_Party/FreeRTOS/Source/tasks.c **** 
3632:Middlewares/Third_Party/FreeRTOS/Source/tasks.c **** 	/* Start with pxDelayedTaskList using list1 and the pxOverflowDelayedTaskList
3633:Middlewares/Third_Party/FreeRTOS/Source/tasks.c **** 	using list2. */
3634:Middlewares/Third_Party/FreeRTOS/Source/tasks.c **** 	pxDelayedTaskList = &xDelayedTaskList1;
3635:Middlewares/Third_Party/FreeRTOS/Source/tasks.c **** 	pxOverflowDelayedTaskList = &xDelayedTaskList2;
3636:Middlewares/Third_Party/FreeRTOS/Source/tasks.c **** }
3637:Middlewares/Third_Party/FreeRTOS/Source/tasks.c **** /*-----------------------------------------------------------*/
3638:Middlewares/Third_Party/FreeRTOS/Source/tasks.c **** 
3639:Middlewares/Third_Party/FreeRTOS/Source/tasks.c **** static void prvCheckTasksWaitingTermination( void )
3640:Middlewares/Third_Party/FreeRTOS/Source/tasks.c **** {
3641:Middlewares/Third_Party/FreeRTOS/Source/tasks.c **** 
3642:Middlewares/Third_Party/FreeRTOS/Source/tasks.c **** 	/** THIS FUNCTION IS CALLED FROM THE RTOS IDLE TASK **/
3643:Middlewares/Third_Party/FreeRTOS/Source/tasks.c **** 
3644:Middlewares/Third_Party/FreeRTOS/Source/tasks.c **** 	#if ( INCLUDE_vTaskDelete == 1 )
3645:Middlewares/Third_Party/FreeRTOS/Source/tasks.c **** 	{
3646:Middlewares/Third_Party/FreeRTOS/Source/tasks.c **** 		TCB_t *pxTCB;
3647:Middlewares/Third_Party/FreeRTOS/Source/tasks.c **** 
3648:Middlewares/Third_Party/FreeRTOS/Source/tasks.c **** 		/* uxDeletedTasksWaitingCleanUp is used to prevent taskENTER_CRITICAL()
3649:Middlewares/Third_Party/FreeRTOS/Source/tasks.c **** 		being called too often in the idle task. */
3650:Middlewares/Third_Party/FreeRTOS/Source/tasks.c **** 		while( uxDeletedTasksWaitingCleanUp > ( UBaseType_t ) 0U )
3651:Middlewares/Third_Party/FreeRTOS/Source/tasks.c **** 		{
3652:Middlewares/Third_Party/FreeRTOS/Source/tasks.c **** 			taskENTER_CRITICAL();
3653:Middlewares/Third_Party/FreeRTOS/Source/tasks.c **** 			{
3654:Middlewares/Third_Party/FreeRTOS/Source/tasks.c **** 				pxTCB = listGET_OWNER_OF_HEAD_ENTRY( ( &xTasksWaitingTermination ) ); /*lint !e9079 void * is u
3655:Middlewares/Third_Party/FreeRTOS/Source/tasks.c **** 				( void ) uxListRemove( &( pxTCB->xStateListItem ) );
3656:Middlewares/Third_Party/FreeRTOS/Source/tasks.c **** 				--uxCurrentNumberOfTasks;
3657:Middlewares/Third_Party/FreeRTOS/Source/tasks.c **** 				--uxDeletedTasksWaitingCleanUp;
3658:Middlewares/Third_Party/FreeRTOS/Source/tasks.c **** 			}
3659:Middlewares/Third_Party/FreeRTOS/Source/tasks.c **** 			taskEXIT_CRITICAL();
3660:Middlewares/Third_Party/FreeRTOS/Source/tasks.c **** 
3661:Middlewares/Third_Party/FreeRTOS/Source/tasks.c **** 			prvDeleteTCB( pxTCB );
3662:Middlewares/Third_Party/FreeRTOS/Source/tasks.c **** 		}
3663:Middlewares/Third_Party/FreeRTOS/Source/tasks.c **** 	}
3664:Middlewares/Third_Party/FreeRTOS/Source/tasks.c **** 	#endif /* INCLUDE_vTaskDelete */
3665:Middlewares/Third_Party/FreeRTOS/Source/tasks.c **** }
ARM GAS  D:\software\msy64\tmp\ccHzaEXX.s 			page 71


3666:Middlewares/Third_Party/FreeRTOS/Source/tasks.c **** /*-----------------------------------------------------------*/
3667:Middlewares/Third_Party/FreeRTOS/Source/tasks.c **** 
3668:Middlewares/Third_Party/FreeRTOS/Source/tasks.c **** #if( configUSE_TRACE_FACILITY == 1 )
3669:Middlewares/Third_Party/FreeRTOS/Source/tasks.c **** 
3670:Middlewares/Third_Party/FreeRTOS/Source/tasks.c **** 	void vTaskGetInfo( TaskHandle_t xTask, TaskStatus_t *pxTaskStatus, BaseType_t xGetFreeStackSpace, 
3671:Middlewares/Third_Party/FreeRTOS/Source/tasks.c **** 	{
3672:Middlewares/Third_Party/FreeRTOS/Source/tasks.c **** 	TCB_t *pxTCB;
3673:Middlewares/Third_Party/FreeRTOS/Source/tasks.c **** 
3674:Middlewares/Third_Party/FreeRTOS/Source/tasks.c **** 		/* xTask is NULL then get the state of the calling task. */
3675:Middlewares/Third_Party/FreeRTOS/Source/tasks.c **** 		pxTCB = prvGetTCBFromHandle( xTask );
3676:Middlewares/Third_Party/FreeRTOS/Source/tasks.c **** 
3677:Middlewares/Third_Party/FreeRTOS/Source/tasks.c **** 		pxTaskStatus->xHandle = ( TaskHandle_t ) pxTCB;
3678:Middlewares/Third_Party/FreeRTOS/Source/tasks.c **** 		pxTaskStatus->pcTaskName = ( const char * ) &( pxTCB->pcTaskName [ 0 ] );
3679:Middlewares/Third_Party/FreeRTOS/Source/tasks.c **** 		pxTaskStatus->uxCurrentPriority = pxTCB->uxPriority;
3680:Middlewares/Third_Party/FreeRTOS/Source/tasks.c **** 		pxTaskStatus->pxStackBase = pxTCB->pxStack;
3681:Middlewares/Third_Party/FreeRTOS/Source/tasks.c **** 		pxTaskStatus->xTaskNumber = pxTCB->uxTCBNumber;
3682:Middlewares/Third_Party/FreeRTOS/Source/tasks.c **** 
3683:Middlewares/Third_Party/FreeRTOS/Source/tasks.c **** 		#if ( configUSE_MUTEXES == 1 )
3684:Middlewares/Third_Party/FreeRTOS/Source/tasks.c **** 		{
3685:Middlewares/Third_Party/FreeRTOS/Source/tasks.c **** 			pxTaskStatus->uxBasePriority = pxTCB->uxBasePriority;
3686:Middlewares/Third_Party/FreeRTOS/Source/tasks.c **** 		}
3687:Middlewares/Third_Party/FreeRTOS/Source/tasks.c **** 		#else
3688:Middlewares/Third_Party/FreeRTOS/Source/tasks.c **** 		{
3689:Middlewares/Third_Party/FreeRTOS/Source/tasks.c **** 			pxTaskStatus->uxBasePriority = 0;
3690:Middlewares/Third_Party/FreeRTOS/Source/tasks.c **** 		}
3691:Middlewares/Third_Party/FreeRTOS/Source/tasks.c **** 		#endif
3692:Middlewares/Third_Party/FreeRTOS/Source/tasks.c **** 
3693:Middlewares/Third_Party/FreeRTOS/Source/tasks.c **** 		#if ( configGENERATE_RUN_TIME_STATS == 1 )
3694:Middlewares/Third_Party/FreeRTOS/Source/tasks.c **** 		{
3695:Middlewares/Third_Party/FreeRTOS/Source/tasks.c **** 			pxTaskStatus->ulRunTimeCounter = pxTCB->ulRunTimeCounter;
3696:Middlewares/Third_Party/FreeRTOS/Source/tasks.c **** 		}
3697:Middlewares/Third_Party/FreeRTOS/Source/tasks.c **** 		#else
3698:Middlewares/Third_Party/FreeRTOS/Source/tasks.c **** 		{
3699:Middlewares/Third_Party/FreeRTOS/Source/tasks.c **** 			pxTaskStatus->ulRunTimeCounter = 0;
3700:Middlewares/Third_Party/FreeRTOS/Source/tasks.c **** 		}
3701:Middlewares/Third_Party/FreeRTOS/Source/tasks.c **** 		#endif
3702:Middlewares/Third_Party/FreeRTOS/Source/tasks.c **** 
3703:Middlewares/Third_Party/FreeRTOS/Source/tasks.c **** 		/* Obtaining the task state is a little fiddly, so is only done if the
3704:Middlewares/Third_Party/FreeRTOS/Source/tasks.c **** 		value of eState passed into this function is eInvalid - otherwise the
3705:Middlewares/Third_Party/FreeRTOS/Source/tasks.c **** 		state is just set to whatever is passed in. */
3706:Middlewares/Third_Party/FreeRTOS/Source/tasks.c **** 		if( eState != eInvalid )
3707:Middlewares/Third_Party/FreeRTOS/Source/tasks.c **** 		{
3708:Middlewares/Third_Party/FreeRTOS/Source/tasks.c **** 			if( pxTCB == pxCurrentTCB )
3709:Middlewares/Third_Party/FreeRTOS/Source/tasks.c **** 			{
3710:Middlewares/Third_Party/FreeRTOS/Source/tasks.c **** 				pxTaskStatus->eCurrentState = eRunning;
3711:Middlewares/Third_Party/FreeRTOS/Source/tasks.c **** 			}
3712:Middlewares/Third_Party/FreeRTOS/Source/tasks.c **** 			else
3713:Middlewares/Third_Party/FreeRTOS/Source/tasks.c **** 			{
3714:Middlewares/Third_Party/FreeRTOS/Source/tasks.c **** 				pxTaskStatus->eCurrentState = eState;
3715:Middlewares/Third_Party/FreeRTOS/Source/tasks.c **** 
3716:Middlewares/Third_Party/FreeRTOS/Source/tasks.c **** 				#if ( INCLUDE_vTaskSuspend == 1 )
3717:Middlewares/Third_Party/FreeRTOS/Source/tasks.c **** 				{
3718:Middlewares/Third_Party/FreeRTOS/Source/tasks.c **** 					/* If the task is in the suspended list then there is a
3719:Middlewares/Third_Party/FreeRTOS/Source/tasks.c **** 					chance it is actually just blocked indefinitely - so really
3720:Middlewares/Third_Party/FreeRTOS/Source/tasks.c **** 					it should be reported as being in the Blocked state. */
3721:Middlewares/Third_Party/FreeRTOS/Source/tasks.c **** 					if( eState == eSuspended )
3722:Middlewares/Third_Party/FreeRTOS/Source/tasks.c **** 					{
ARM GAS  D:\software\msy64\tmp\ccHzaEXX.s 			page 72


3723:Middlewares/Third_Party/FreeRTOS/Source/tasks.c **** 						vTaskSuspendAll();
3724:Middlewares/Third_Party/FreeRTOS/Source/tasks.c **** 						{
3725:Middlewares/Third_Party/FreeRTOS/Source/tasks.c **** 							if( listLIST_ITEM_CONTAINER( &( pxTCB->xEventListItem ) ) != NULL )
3726:Middlewares/Third_Party/FreeRTOS/Source/tasks.c **** 							{
3727:Middlewares/Third_Party/FreeRTOS/Source/tasks.c **** 								pxTaskStatus->eCurrentState = eBlocked;
3728:Middlewares/Third_Party/FreeRTOS/Source/tasks.c **** 							}
3729:Middlewares/Third_Party/FreeRTOS/Source/tasks.c **** 						}
3730:Middlewares/Third_Party/FreeRTOS/Source/tasks.c **** 						( void ) xTaskResumeAll();
3731:Middlewares/Third_Party/FreeRTOS/Source/tasks.c **** 					}
3732:Middlewares/Third_Party/FreeRTOS/Source/tasks.c **** 				}
3733:Middlewares/Third_Party/FreeRTOS/Source/tasks.c **** 				#endif /* INCLUDE_vTaskSuspend */
3734:Middlewares/Third_Party/FreeRTOS/Source/tasks.c **** 			}
3735:Middlewares/Third_Party/FreeRTOS/Source/tasks.c **** 		}
3736:Middlewares/Third_Party/FreeRTOS/Source/tasks.c **** 		else
3737:Middlewares/Third_Party/FreeRTOS/Source/tasks.c **** 		{
3738:Middlewares/Third_Party/FreeRTOS/Source/tasks.c **** 			pxTaskStatus->eCurrentState = eTaskGetState( pxTCB );
3739:Middlewares/Third_Party/FreeRTOS/Source/tasks.c **** 		}
3740:Middlewares/Third_Party/FreeRTOS/Source/tasks.c **** 
3741:Middlewares/Third_Party/FreeRTOS/Source/tasks.c **** 		/* Obtaining the stack space takes some time, so the xGetFreeStackSpace
3742:Middlewares/Third_Party/FreeRTOS/Source/tasks.c **** 		parameter is provided to allow it to be skipped. */
3743:Middlewares/Third_Party/FreeRTOS/Source/tasks.c **** 		if( xGetFreeStackSpace != pdFALSE )
3744:Middlewares/Third_Party/FreeRTOS/Source/tasks.c **** 		{
3745:Middlewares/Third_Party/FreeRTOS/Source/tasks.c **** 			#if ( portSTACK_GROWTH > 0 )
3746:Middlewares/Third_Party/FreeRTOS/Source/tasks.c **** 			{
3747:Middlewares/Third_Party/FreeRTOS/Source/tasks.c **** 				pxTaskStatus->usStackHighWaterMark = prvTaskCheckFreeStackSpace( ( uint8_t * ) pxTCB->pxEndOfSt
3748:Middlewares/Third_Party/FreeRTOS/Source/tasks.c **** 			}
3749:Middlewares/Third_Party/FreeRTOS/Source/tasks.c **** 			#else
3750:Middlewares/Third_Party/FreeRTOS/Source/tasks.c **** 			{
3751:Middlewares/Third_Party/FreeRTOS/Source/tasks.c **** 				pxTaskStatus->usStackHighWaterMark = prvTaskCheckFreeStackSpace( ( uint8_t * ) pxTCB->pxStack )
3752:Middlewares/Third_Party/FreeRTOS/Source/tasks.c **** 			}
3753:Middlewares/Third_Party/FreeRTOS/Source/tasks.c **** 			#endif
3754:Middlewares/Third_Party/FreeRTOS/Source/tasks.c **** 		}
3755:Middlewares/Third_Party/FreeRTOS/Source/tasks.c **** 		else
3756:Middlewares/Third_Party/FreeRTOS/Source/tasks.c **** 		{
3757:Middlewares/Third_Party/FreeRTOS/Source/tasks.c **** 			pxTaskStatus->usStackHighWaterMark = 0;
3758:Middlewares/Third_Party/FreeRTOS/Source/tasks.c **** 		}
3759:Middlewares/Third_Party/FreeRTOS/Source/tasks.c **** 	}
3760:Middlewares/Third_Party/FreeRTOS/Source/tasks.c **** 
3761:Middlewares/Third_Party/FreeRTOS/Source/tasks.c **** #endif /* configUSE_TRACE_FACILITY */
3762:Middlewares/Third_Party/FreeRTOS/Source/tasks.c **** /*-----------------------------------------------------------*/
3763:Middlewares/Third_Party/FreeRTOS/Source/tasks.c **** 
3764:Middlewares/Third_Party/FreeRTOS/Source/tasks.c **** #if ( configUSE_TRACE_FACILITY == 1 )
3765:Middlewares/Third_Party/FreeRTOS/Source/tasks.c **** 
3766:Middlewares/Third_Party/FreeRTOS/Source/tasks.c **** 	static UBaseType_t prvListTasksWithinSingleList( TaskStatus_t *pxTaskStatusArray, List_t *pxList, 
3767:Middlewares/Third_Party/FreeRTOS/Source/tasks.c **** 	{
3768:Middlewares/Third_Party/FreeRTOS/Source/tasks.c **** 	configLIST_VOLATILE TCB_t *pxNextTCB, *pxFirstTCB;
3769:Middlewares/Third_Party/FreeRTOS/Source/tasks.c **** 	UBaseType_t uxTask = 0;
3770:Middlewares/Third_Party/FreeRTOS/Source/tasks.c **** 
3771:Middlewares/Third_Party/FreeRTOS/Source/tasks.c **** 		if( listCURRENT_LIST_LENGTH( pxList ) > ( UBaseType_t ) 0 )
3772:Middlewares/Third_Party/FreeRTOS/Source/tasks.c **** 		{
3773:Middlewares/Third_Party/FreeRTOS/Source/tasks.c **** 			listGET_OWNER_OF_NEXT_ENTRY( pxFirstTCB, pxList ); /*lint !e9079 void * is used as this macro is
3774:Middlewares/Third_Party/FreeRTOS/Source/tasks.c **** 
3775:Middlewares/Third_Party/FreeRTOS/Source/tasks.c **** 			/* Populate an TaskStatus_t structure within the
3776:Middlewares/Third_Party/FreeRTOS/Source/tasks.c **** 			pxTaskStatusArray array for each task that is referenced from
3777:Middlewares/Third_Party/FreeRTOS/Source/tasks.c **** 			pxList.  See the definition of TaskStatus_t in task.h for the
3778:Middlewares/Third_Party/FreeRTOS/Source/tasks.c **** 			meaning of each TaskStatus_t structure member. */
3779:Middlewares/Third_Party/FreeRTOS/Source/tasks.c **** 			do
ARM GAS  D:\software\msy64\tmp\ccHzaEXX.s 			page 73


3780:Middlewares/Third_Party/FreeRTOS/Source/tasks.c **** 			{
3781:Middlewares/Third_Party/FreeRTOS/Source/tasks.c **** 				listGET_OWNER_OF_NEXT_ENTRY( pxNextTCB, pxList ); /*lint !e9079 void * is used as this macro is
3782:Middlewares/Third_Party/FreeRTOS/Source/tasks.c **** 				vTaskGetInfo( ( TaskHandle_t ) pxNextTCB, &( pxTaskStatusArray[ uxTask ] ), pdTRUE, eState );
3783:Middlewares/Third_Party/FreeRTOS/Source/tasks.c **** 				uxTask++;
3784:Middlewares/Third_Party/FreeRTOS/Source/tasks.c **** 			} while( pxNextTCB != pxFirstTCB );
3785:Middlewares/Third_Party/FreeRTOS/Source/tasks.c **** 		}
3786:Middlewares/Third_Party/FreeRTOS/Source/tasks.c **** 		else
3787:Middlewares/Third_Party/FreeRTOS/Source/tasks.c **** 		{
3788:Middlewares/Third_Party/FreeRTOS/Source/tasks.c **** 			mtCOVERAGE_TEST_MARKER();
3789:Middlewares/Third_Party/FreeRTOS/Source/tasks.c **** 		}
3790:Middlewares/Third_Party/FreeRTOS/Source/tasks.c **** 
3791:Middlewares/Third_Party/FreeRTOS/Source/tasks.c **** 		return uxTask;
3792:Middlewares/Third_Party/FreeRTOS/Source/tasks.c **** 	}
3793:Middlewares/Third_Party/FreeRTOS/Source/tasks.c **** 
3794:Middlewares/Third_Party/FreeRTOS/Source/tasks.c **** #endif /* configUSE_TRACE_FACILITY */
3795:Middlewares/Third_Party/FreeRTOS/Source/tasks.c **** /*-----------------------------------------------------------*/
3796:Middlewares/Third_Party/FreeRTOS/Source/tasks.c **** 
3797:Middlewares/Third_Party/FreeRTOS/Source/tasks.c **** #if ( ( configUSE_TRACE_FACILITY == 1 ) || ( INCLUDE_uxTaskGetStackHighWaterMark == 1 ) || ( INCLUD
3798:Middlewares/Third_Party/FreeRTOS/Source/tasks.c **** 
3799:Middlewares/Third_Party/FreeRTOS/Source/tasks.c **** 	static configSTACK_DEPTH_TYPE prvTaskCheckFreeStackSpace( const uint8_t * pucStackByte )
3800:Middlewares/Third_Party/FreeRTOS/Source/tasks.c **** 	{
3801:Middlewares/Third_Party/FreeRTOS/Source/tasks.c **** 	uint32_t ulCount = 0U;
3802:Middlewares/Third_Party/FreeRTOS/Source/tasks.c **** 
3803:Middlewares/Third_Party/FreeRTOS/Source/tasks.c **** 		while( *pucStackByte == ( uint8_t ) tskSTACK_FILL_BYTE )
3804:Middlewares/Third_Party/FreeRTOS/Source/tasks.c **** 		{
3805:Middlewares/Third_Party/FreeRTOS/Source/tasks.c **** 			pucStackByte -= portSTACK_GROWTH;
3806:Middlewares/Third_Party/FreeRTOS/Source/tasks.c **** 			ulCount++;
3807:Middlewares/Third_Party/FreeRTOS/Source/tasks.c **** 		}
3808:Middlewares/Third_Party/FreeRTOS/Source/tasks.c **** 
3809:Middlewares/Third_Party/FreeRTOS/Source/tasks.c **** 		ulCount /= ( uint32_t ) sizeof( StackType_t ); /*lint !e961 Casting is not redundant on smaller a
3810:Middlewares/Third_Party/FreeRTOS/Source/tasks.c **** 
3811:Middlewares/Third_Party/FreeRTOS/Source/tasks.c **** 		return ( configSTACK_DEPTH_TYPE ) ulCount;
3812:Middlewares/Third_Party/FreeRTOS/Source/tasks.c **** 	}
3813:Middlewares/Third_Party/FreeRTOS/Source/tasks.c **** 
3814:Middlewares/Third_Party/FreeRTOS/Source/tasks.c **** #endif /* ( ( configUSE_TRACE_FACILITY == 1 ) || ( INCLUDE_uxTaskGetStackHighWaterMark == 1 ) || ( 
3815:Middlewares/Third_Party/FreeRTOS/Source/tasks.c **** /*-----------------------------------------------------------*/
3816:Middlewares/Third_Party/FreeRTOS/Source/tasks.c **** 
3817:Middlewares/Third_Party/FreeRTOS/Source/tasks.c **** #if ( INCLUDE_uxTaskGetStackHighWaterMark2 == 1 )
3818:Middlewares/Third_Party/FreeRTOS/Source/tasks.c **** 
3819:Middlewares/Third_Party/FreeRTOS/Source/tasks.c **** 	/* uxTaskGetStackHighWaterMark() and uxTaskGetStackHighWaterMark2() are the
3820:Middlewares/Third_Party/FreeRTOS/Source/tasks.c **** 	same except for their return type.  Using configSTACK_DEPTH_TYPE allows the
3821:Middlewares/Third_Party/FreeRTOS/Source/tasks.c **** 	user to determine the return type.  It gets around the problem of the value
3822:Middlewares/Third_Party/FreeRTOS/Source/tasks.c **** 	overflowing on 8-bit types without breaking backward compatibility for
3823:Middlewares/Third_Party/FreeRTOS/Source/tasks.c **** 	applications that expect an 8-bit return type. */
3824:Middlewares/Third_Party/FreeRTOS/Source/tasks.c **** 	configSTACK_DEPTH_TYPE uxTaskGetStackHighWaterMark2( TaskHandle_t xTask )
3825:Middlewares/Third_Party/FreeRTOS/Source/tasks.c **** 	{
3826:Middlewares/Third_Party/FreeRTOS/Source/tasks.c **** 	TCB_t *pxTCB;
3827:Middlewares/Third_Party/FreeRTOS/Source/tasks.c **** 	uint8_t *pucEndOfStack;
3828:Middlewares/Third_Party/FreeRTOS/Source/tasks.c **** 	configSTACK_DEPTH_TYPE uxReturn;
3829:Middlewares/Third_Party/FreeRTOS/Source/tasks.c **** 
3830:Middlewares/Third_Party/FreeRTOS/Source/tasks.c **** 		/* uxTaskGetStackHighWaterMark() and uxTaskGetStackHighWaterMark2() are
3831:Middlewares/Third_Party/FreeRTOS/Source/tasks.c **** 		the same except for their return type.  Using configSTACK_DEPTH_TYPE
3832:Middlewares/Third_Party/FreeRTOS/Source/tasks.c **** 		allows the user to determine the return type.  It gets around the
3833:Middlewares/Third_Party/FreeRTOS/Source/tasks.c **** 		problem of the value overflowing on 8-bit types without breaking
3834:Middlewares/Third_Party/FreeRTOS/Source/tasks.c **** 		backward compatibility for applications that expect an 8-bit return
3835:Middlewares/Third_Party/FreeRTOS/Source/tasks.c **** 		type. */
3836:Middlewares/Third_Party/FreeRTOS/Source/tasks.c **** 
ARM GAS  D:\software\msy64\tmp\ccHzaEXX.s 			page 74


3837:Middlewares/Third_Party/FreeRTOS/Source/tasks.c **** 		pxTCB = prvGetTCBFromHandle( xTask );
3838:Middlewares/Third_Party/FreeRTOS/Source/tasks.c **** 
3839:Middlewares/Third_Party/FreeRTOS/Source/tasks.c **** 		#if portSTACK_GROWTH < 0
3840:Middlewares/Third_Party/FreeRTOS/Source/tasks.c **** 		{
3841:Middlewares/Third_Party/FreeRTOS/Source/tasks.c **** 			pucEndOfStack = ( uint8_t * ) pxTCB->pxStack;
3842:Middlewares/Third_Party/FreeRTOS/Source/tasks.c **** 		}
3843:Middlewares/Third_Party/FreeRTOS/Source/tasks.c **** 		#else
3844:Middlewares/Third_Party/FreeRTOS/Source/tasks.c **** 		{
3845:Middlewares/Third_Party/FreeRTOS/Source/tasks.c **** 			pucEndOfStack = ( uint8_t * ) pxTCB->pxEndOfStack;
3846:Middlewares/Third_Party/FreeRTOS/Source/tasks.c **** 		}
3847:Middlewares/Third_Party/FreeRTOS/Source/tasks.c **** 		#endif
3848:Middlewares/Third_Party/FreeRTOS/Source/tasks.c **** 
3849:Middlewares/Third_Party/FreeRTOS/Source/tasks.c **** 		uxReturn = prvTaskCheckFreeStackSpace( pucEndOfStack );
3850:Middlewares/Third_Party/FreeRTOS/Source/tasks.c **** 
3851:Middlewares/Third_Party/FreeRTOS/Source/tasks.c **** 		return uxReturn;
3852:Middlewares/Third_Party/FreeRTOS/Source/tasks.c **** 	}
3853:Middlewares/Third_Party/FreeRTOS/Source/tasks.c **** 
3854:Middlewares/Third_Party/FreeRTOS/Source/tasks.c **** #endif /* INCLUDE_uxTaskGetStackHighWaterMark2 */
3855:Middlewares/Third_Party/FreeRTOS/Source/tasks.c **** /*-----------------------------------------------------------*/
3856:Middlewares/Third_Party/FreeRTOS/Source/tasks.c **** 
3857:Middlewares/Third_Party/FreeRTOS/Source/tasks.c **** #if ( INCLUDE_uxTaskGetStackHighWaterMark == 1 )
3858:Middlewares/Third_Party/FreeRTOS/Source/tasks.c **** 
3859:Middlewares/Third_Party/FreeRTOS/Source/tasks.c **** 	UBaseType_t uxTaskGetStackHighWaterMark( TaskHandle_t xTask )
3860:Middlewares/Third_Party/FreeRTOS/Source/tasks.c **** 	{
3861:Middlewares/Third_Party/FreeRTOS/Source/tasks.c **** 	TCB_t *pxTCB;
3862:Middlewares/Third_Party/FreeRTOS/Source/tasks.c **** 	uint8_t *pucEndOfStack;
3863:Middlewares/Third_Party/FreeRTOS/Source/tasks.c **** 	UBaseType_t uxReturn;
3864:Middlewares/Third_Party/FreeRTOS/Source/tasks.c **** 
3865:Middlewares/Third_Party/FreeRTOS/Source/tasks.c **** 		pxTCB = prvGetTCBFromHandle( xTask );
3866:Middlewares/Third_Party/FreeRTOS/Source/tasks.c **** 
3867:Middlewares/Third_Party/FreeRTOS/Source/tasks.c **** 		#if portSTACK_GROWTH < 0
3868:Middlewares/Third_Party/FreeRTOS/Source/tasks.c **** 		{
3869:Middlewares/Third_Party/FreeRTOS/Source/tasks.c **** 			pucEndOfStack = ( uint8_t * ) pxTCB->pxStack;
3870:Middlewares/Third_Party/FreeRTOS/Source/tasks.c **** 		}
3871:Middlewares/Third_Party/FreeRTOS/Source/tasks.c **** 		#else
3872:Middlewares/Third_Party/FreeRTOS/Source/tasks.c **** 		{
3873:Middlewares/Third_Party/FreeRTOS/Source/tasks.c **** 			pucEndOfStack = ( uint8_t * ) pxTCB->pxEndOfStack;
3874:Middlewares/Third_Party/FreeRTOS/Source/tasks.c **** 		}
3875:Middlewares/Third_Party/FreeRTOS/Source/tasks.c **** 		#endif
3876:Middlewares/Third_Party/FreeRTOS/Source/tasks.c **** 
3877:Middlewares/Third_Party/FreeRTOS/Source/tasks.c **** 		uxReturn = ( UBaseType_t ) prvTaskCheckFreeStackSpace( pucEndOfStack );
3878:Middlewares/Third_Party/FreeRTOS/Source/tasks.c **** 
3879:Middlewares/Third_Party/FreeRTOS/Source/tasks.c **** 		return uxReturn;
3880:Middlewares/Third_Party/FreeRTOS/Source/tasks.c **** 	}
3881:Middlewares/Third_Party/FreeRTOS/Source/tasks.c **** 
3882:Middlewares/Third_Party/FreeRTOS/Source/tasks.c **** #endif /* INCLUDE_uxTaskGetStackHighWaterMark */
3883:Middlewares/Third_Party/FreeRTOS/Source/tasks.c **** /*-----------------------------------------------------------*/
3884:Middlewares/Third_Party/FreeRTOS/Source/tasks.c **** 
3885:Middlewares/Third_Party/FreeRTOS/Source/tasks.c **** #if ( INCLUDE_vTaskDelete == 1 )
3886:Middlewares/Third_Party/FreeRTOS/Source/tasks.c **** 
3887:Middlewares/Third_Party/FreeRTOS/Source/tasks.c **** 	static void prvDeleteTCB( TCB_t *pxTCB )
3888:Middlewares/Third_Party/FreeRTOS/Source/tasks.c **** 	{
3889:Middlewares/Third_Party/FreeRTOS/Source/tasks.c **** 		/* This call is required specifically for the TriCore port.  It must be
3890:Middlewares/Third_Party/FreeRTOS/Source/tasks.c **** 		above the vPortFree() calls.  The call is also used by ports/demos that
3891:Middlewares/Third_Party/FreeRTOS/Source/tasks.c **** 		want to allocate and clean RAM statically. */
3892:Middlewares/Third_Party/FreeRTOS/Source/tasks.c **** 		portCLEAN_UP_TCB( pxTCB );
3893:Middlewares/Third_Party/FreeRTOS/Source/tasks.c **** 
ARM GAS  D:\software\msy64\tmp\ccHzaEXX.s 			page 75


3894:Middlewares/Third_Party/FreeRTOS/Source/tasks.c **** 		/* Free up the memory allocated by the scheduler for the task.  It is up
3895:Middlewares/Third_Party/FreeRTOS/Source/tasks.c **** 		to the task to free any memory allocated at the application level.
3896:Middlewares/Third_Party/FreeRTOS/Source/tasks.c **** 		See the third party link http://www.nadler.com/embedded/newlibAndFreeRTOS.html
3897:Middlewares/Third_Party/FreeRTOS/Source/tasks.c **** 		for additional information. */
3898:Middlewares/Third_Party/FreeRTOS/Source/tasks.c **** 		#if ( configUSE_NEWLIB_REENTRANT == 1 )
3899:Middlewares/Third_Party/FreeRTOS/Source/tasks.c **** 		{
3900:Middlewares/Third_Party/FreeRTOS/Source/tasks.c **** 			_reclaim_reent( &( pxTCB->xNewLib_reent ) );
3901:Middlewares/Third_Party/FreeRTOS/Source/tasks.c **** 		}
3902:Middlewares/Third_Party/FreeRTOS/Source/tasks.c **** 		#endif /* configUSE_NEWLIB_REENTRANT */
3903:Middlewares/Third_Party/FreeRTOS/Source/tasks.c **** 
3904:Middlewares/Third_Party/FreeRTOS/Source/tasks.c **** 		#if( ( configSUPPORT_DYNAMIC_ALLOCATION == 1 ) && ( configSUPPORT_STATIC_ALLOCATION == 0 ) && ( p
3905:Middlewares/Third_Party/FreeRTOS/Source/tasks.c **** 		{
3906:Middlewares/Third_Party/FreeRTOS/Source/tasks.c **** 			/* The task can only have been allocated dynamically - free both
3907:Middlewares/Third_Party/FreeRTOS/Source/tasks.c **** 			the stack and TCB. */
3908:Middlewares/Third_Party/FreeRTOS/Source/tasks.c **** 			vPortFree( pxTCB->pxStack );
3909:Middlewares/Third_Party/FreeRTOS/Source/tasks.c **** 			vPortFree( pxTCB );
3910:Middlewares/Third_Party/FreeRTOS/Source/tasks.c **** 		}
3911:Middlewares/Third_Party/FreeRTOS/Source/tasks.c **** 		#elif( tskSTATIC_AND_DYNAMIC_ALLOCATION_POSSIBLE != 0 ) /*lint !e731 !e9029 Macro has been consol
3912:Middlewares/Third_Party/FreeRTOS/Source/tasks.c **** 		{
3913:Middlewares/Third_Party/FreeRTOS/Source/tasks.c **** 			/* The task could have been allocated statically or dynamically, so
3914:Middlewares/Third_Party/FreeRTOS/Source/tasks.c **** 			check what was statically allocated before trying to free the
3915:Middlewares/Third_Party/FreeRTOS/Source/tasks.c **** 			memory. */
3916:Middlewares/Third_Party/FreeRTOS/Source/tasks.c **** 			if( pxTCB->ucStaticallyAllocated == tskDYNAMICALLY_ALLOCATED_STACK_AND_TCB )
3917:Middlewares/Third_Party/FreeRTOS/Source/tasks.c **** 			{
3918:Middlewares/Third_Party/FreeRTOS/Source/tasks.c **** 				/* Both the stack and TCB were allocated dynamically, so both
3919:Middlewares/Third_Party/FreeRTOS/Source/tasks.c **** 				must be freed. */
3920:Middlewares/Third_Party/FreeRTOS/Source/tasks.c **** 				vPortFree( pxTCB->pxStack );
3921:Middlewares/Third_Party/FreeRTOS/Source/tasks.c **** 				vPortFree( pxTCB );
3922:Middlewares/Third_Party/FreeRTOS/Source/tasks.c **** 			}
3923:Middlewares/Third_Party/FreeRTOS/Source/tasks.c **** 			else if( pxTCB->ucStaticallyAllocated == tskSTATICALLY_ALLOCATED_STACK_ONLY )
3924:Middlewares/Third_Party/FreeRTOS/Source/tasks.c **** 			{
3925:Middlewares/Third_Party/FreeRTOS/Source/tasks.c **** 				/* Only the stack was statically allocated, so the TCB is the
3926:Middlewares/Third_Party/FreeRTOS/Source/tasks.c **** 				only memory that must be freed. */
3927:Middlewares/Third_Party/FreeRTOS/Source/tasks.c **** 				vPortFree( pxTCB );
3928:Middlewares/Third_Party/FreeRTOS/Source/tasks.c **** 			}
3929:Middlewares/Third_Party/FreeRTOS/Source/tasks.c **** 			else
3930:Middlewares/Third_Party/FreeRTOS/Source/tasks.c **** 			{
3931:Middlewares/Third_Party/FreeRTOS/Source/tasks.c **** 				/* Neither the stack nor the TCB were allocated dynamically, so
3932:Middlewares/Third_Party/FreeRTOS/Source/tasks.c **** 				nothing needs to be freed. */
3933:Middlewares/Third_Party/FreeRTOS/Source/tasks.c **** 				configASSERT( pxTCB->ucStaticallyAllocated == tskSTATICALLY_ALLOCATED_STACK_AND_TCB	);
3934:Middlewares/Third_Party/FreeRTOS/Source/tasks.c **** 				mtCOVERAGE_TEST_MARKER();
3935:Middlewares/Third_Party/FreeRTOS/Source/tasks.c **** 			}
3936:Middlewares/Third_Party/FreeRTOS/Source/tasks.c **** 		}
3937:Middlewares/Third_Party/FreeRTOS/Source/tasks.c **** 		#endif /* configSUPPORT_DYNAMIC_ALLOCATION */
3938:Middlewares/Third_Party/FreeRTOS/Source/tasks.c **** 	}
3939:Middlewares/Third_Party/FreeRTOS/Source/tasks.c **** 
3940:Middlewares/Third_Party/FreeRTOS/Source/tasks.c **** #endif /* INCLUDE_vTaskDelete */
3941:Middlewares/Third_Party/FreeRTOS/Source/tasks.c **** /*-----------------------------------------------------------*/
3942:Middlewares/Third_Party/FreeRTOS/Source/tasks.c **** 
3943:Middlewares/Third_Party/FreeRTOS/Source/tasks.c **** static void prvResetNextTaskUnblockTime( void )
3944:Middlewares/Third_Party/FreeRTOS/Source/tasks.c **** {
 123              		.loc 1 3944 1 is_stmt 1 view -0
 124              		.cfi_startproc
 125              		@ args = 0, pretend = 0, frame = 0
 126              		@ frame_needed = 0, uses_anonymous_args = 0
 127              		@ link register save eliminated.
3945:Middlewares/Third_Party/FreeRTOS/Source/tasks.c **** TCB_t *pxTCB;
ARM GAS  D:\software\msy64\tmp\ccHzaEXX.s 			page 76


 128              		.loc 1 3945 1 view .LVU30
3946:Middlewares/Third_Party/FreeRTOS/Source/tasks.c **** 
3947:Middlewares/Third_Party/FreeRTOS/Source/tasks.c **** 	if( listLIST_IS_EMPTY( pxDelayedTaskList ) != pdFALSE )
 129              		.loc 1 3947 2 view .LVU31
 130              		.loc 1 3947 6 is_stmt 0 view .LVU32
 131 0000 084B     		ldr	r3, .L15
 132 0002 1B68     		ldr	r3, [r3]
 133 0004 1B68     		ldr	r3, [r3]
 134              		.loc 1 3947 4 view .LVU33
 135 0006 23B9     		cbnz	r3, .L13
3948:Middlewares/Third_Party/FreeRTOS/Source/tasks.c **** 	{
3949:Middlewares/Third_Party/FreeRTOS/Source/tasks.c **** 		/* The new current delayed list is empty.  Set xNextTaskUnblockTime to
3950:Middlewares/Third_Party/FreeRTOS/Source/tasks.c **** 		the maximum possible value so it is	extremely unlikely that the
3951:Middlewares/Third_Party/FreeRTOS/Source/tasks.c **** 		if( xTickCount >= xNextTaskUnblockTime ) test will pass until
3952:Middlewares/Third_Party/FreeRTOS/Source/tasks.c **** 		there is an item in the delayed list. */
3953:Middlewares/Third_Party/FreeRTOS/Source/tasks.c **** 		xNextTaskUnblockTime = portMAX_DELAY;
 136              		.loc 1 3953 3 is_stmt 1 view .LVU34
 137              		.loc 1 3953 24 is_stmt 0 view .LVU35
 138 0008 074B     		ldr	r3, .L15+4
 139 000a 4FF0FF32 		mov	r2, #-1
 140 000e 1A60     		str	r2, [r3]
 141 0010 7047     		bx	lr
 142              	.L13:
3954:Middlewares/Third_Party/FreeRTOS/Source/tasks.c **** 	}
3955:Middlewares/Third_Party/FreeRTOS/Source/tasks.c **** 	else
3956:Middlewares/Third_Party/FreeRTOS/Source/tasks.c **** 	{
3957:Middlewares/Third_Party/FreeRTOS/Source/tasks.c **** 		/* The new current delayed list is not empty, get the value of
3958:Middlewares/Third_Party/FreeRTOS/Source/tasks.c **** 		the item at the head of the delayed list.  This is the time at
3959:Middlewares/Third_Party/FreeRTOS/Source/tasks.c **** 		which the task at the head of the delayed list should be removed
3960:Middlewares/Third_Party/FreeRTOS/Source/tasks.c **** 		from the Blocked state. */
3961:Middlewares/Third_Party/FreeRTOS/Source/tasks.c **** 		( pxTCB ) = listGET_OWNER_OF_HEAD_ENTRY( pxDelayedTaskList ); /*lint !e9079 void * is used as thi
 143              		.loc 1 3961 3 is_stmt 1 view .LVU36
 144              		.loc 1 3961 15 is_stmt 0 view .LVU37
 145 0012 044B     		ldr	r3, .L15
 146 0014 1B68     		ldr	r3, [r3]
 147 0016 DB68     		ldr	r3, [r3, #12]
 148              		.loc 1 3961 13 view .LVU38
 149 0018 DB68     		ldr	r3, [r3, #12]
 150              	.LVL8:
3962:Middlewares/Third_Party/FreeRTOS/Source/tasks.c **** 		xNextTaskUnblockTime = listGET_LIST_ITEM_VALUE( &( ( pxTCB )->xStateListItem ) );
 151              		.loc 1 3962 3 is_stmt 1 view .LVU39
 152              		.loc 1 3962 26 is_stmt 0 view .LVU40
 153 001a 5A68     		ldr	r2, [r3, #4]
 154              		.loc 1 3962 24 view .LVU41
 155 001c 024B     		ldr	r3, .L15+4
 156              	.LVL9:
 157              		.loc 1 3962 24 view .LVU42
 158 001e 1A60     		str	r2, [r3]
3963:Middlewares/Third_Party/FreeRTOS/Source/tasks.c **** 	}
3964:Middlewares/Third_Party/FreeRTOS/Source/tasks.c **** }
 159              		.loc 1 3964 1 view .LVU43
 160 0020 7047     		bx	lr
 161              	.L16:
 162 0022 00BF     		.align	2
 163              	.L15:
 164 0024 00000000 		.word	pxDelayedTaskList
 165 0028 00000000 		.word	xNextTaskUnblockTime
ARM GAS  D:\software\msy64\tmp\ccHzaEXX.s 			page 77


 166              		.cfi_endproc
 167              	.LFE41:
 169              		.section	.text.prvInitialiseNewTask,"ax",%progbits
 170              		.align	1
 171              		.syntax unified
 172              		.thumb
 173              		.thumb_func
 175              	prvInitialiseNewTask:
 176              	.LVL10:
 177              	.LFB7:
 832:Middlewares/Third_Party/FreeRTOS/Source/tasks.c **** StackType_t *pxTopOfStack;
 178              		.loc 1 832 1 is_stmt 1 view -0
 179              		.cfi_startproc
 180              		@ args = 16, pretend = 0, frame = 0
 181              		@ frame_needed = 0, uses_anonymous_args = 0
 832:Middlewares/Third_Party/FreeRTOS/Source/tasks.c **** StackType_t *pxTopOfStack;
 182              		.loc 1 832 1 is_stmt 0 view .LVU45
 183 0000 2DE9F047 		push	{r4, r5, r6, r7, r8, r9, r10, lr}
 184              	.LCFI0:
 185              		.cfi_def_cfa_offset 32
 186              		.cfi_offset 4, -32
 187              		.cfi_offset 5, -28
 188              		.cfi_offset 6, -24
 189              		.cfi_offset 7, -20
 190              		.cfi_offset 8, -16
 191              		.cfi_offset 9, -12
 192              		.cfi_offset 10, -8
 193              		.cfi_offset 14, -4
 194 0004 0746     		mov	r7, r0
 195 0006 9846     		mov	r8, r3
 196 0008 089D     		ldr	r5, [sp, #32]
 197 000a DDF82490 		ldr	r9, [sp, #36]
 198 000e 0A9C     		ldr	r4, [sp, #40]
 833:Middlewares/Third_Party/FreeRTOS/Source/tasks.c **** UBaseType_t x;
 199              		.loc 1 833 1 is_stmt 1 view .LVU46
 834:Middlewares/Third_Party/FreeRTOS/Source/tasks.c **** 
 200              		.loc 1 834 1 view .LVU47
 864:Middlewares/Third_Party/FreeRTOS/Source/tasks.c **** 		pxTopOfStack = ( StackType_t * ) ( ( ( portPOINTER_SIZE_TYPE ) pxTopOfStack ) & ( ~( ( portPOINTE
 201              		.loc 1 864 3 view .LVU48
 864:Middlewares/Third_Party/FreeRTOS/Source/tasks.c **** 		pxTopOfStack = ( StackType_t * ) ( ( ( portPOINTER_SIZE_TYPE ) pxTopOfStack ) & ( ~( ( portPOINTE
 202              		.loc 1 864 29 is_stmt 0 view .LVU49
 203 0010 266B     		ldr	r6, [r4, #48]
 864:Middlewares/Third_Party/FreeRTOS/Source/tasks.c **** 		pxTopOfStack = ( StackType_t * ) ( ( ( portPOINTER_SIZE_TYPE ) pxTopOfStack ) & ( ~( ( portPOINTE
 204              		.loc 1 864 38 view .LVU50
 205 0012 02F18042 		add	r2, r2, #1073741824
 206              	.LVL11:
 864:Middlewares/Third_Party/FreeRTOS/Source/tasks.c **** 		pxTopOfStack = ( StackType_t * ) ( ( ( portPOINTER_SIZE_TYPE ) pxTopOfStack ) & ( ~( ( portPOINTE
 207              		.loc 1 864 38 view .LVU51
 208 0016 013A     		subs	r2, r2, #1
 209              	.LVL12:
 864:Middlewares/Third_Party/FreeRTOS/Source/tasks.c **** 		pxTopOfStack = ( StackType_t * ) ( ( ( portPOINTER_SIZE_TYPE ) pxTopOfStack ) & ( ~( ( portPOINTE
 210              		.loc 1 864 16 view .LVU52
 211 0018 06EB8206 		add	r6, r6, r2, lsl #2
 212              	.LVL13:
 865:Middlewares/Third_Party/FreeRTOS/Source/tasks.c **** 
 213              		.loc 1 865 3 is_stmt 1 view .LVU53
 865:Middlewares/Third_Party/FreeRTOS/Source/tasks.c **** 
ARM GAS  D:\software\msy64\tmp\ccHzaEXX.s 			page 78


 214              		.loc 1 865 81 is_stmt 0 view .LVU54
 215 001c 26F00706 		bic	r6, r6, #7
 216              	.LVL14:
 868:Middlewares/Third_Party/FreeRTOS/Source/tasks.c **** 
 217              		.loc 1 868 3 is_stmt 1 view .LVU55
 868:Middlewares/Third_Party/FreeRTOS/Source/tasks.c **** 
 218              		.loc 1 868 124 discriminator 2 view .LVU56
 892:Middlewares/Third_Party/FreeRTOS/Source/tasks.c **** 	{
 219              		.loc 1 892 2 view .LVU57
 892:Middlewares/Third_Party/FreeRTOS/Source/tasks.c **** 	{
 220              		.loc 1 892 4 is_stmt 0 view .LVU58
 221 0020 C1B3     		cbz	r1, .L29
 222 0022 0846     		mov	r0, r1
 223              	.LVL15:
 894:Middlewares/Third_Party/FreeRTOS/Source/tasks.c **** 		{
 224              		.loc 1 894 10 view .LVU59
 225 0024 4FF0000C 		mov	ip, #0
 226              	.LVL16:
 227              	.L18:
 894:Middlewares/Third_Party/FreeRTOS/Source/tasks.c **** 		{
 228              		.loc 1 894 33 is_stmt 1 discriminator 1 view .LVU60
 229 0028 BCF10F0F 		cmp	ip, #15
 230 002c 09D8     		bhi	.L20
 896:Middlewares/Third_Party/FreeRTOS/Source/tasks.c **** 
 231              		.loc 1 896 4 view .LVU61
 896:Middlewares/Third_Party/FreeRTOS/Source/tasks.c **** 
 232              		.loc 1 896 38 is_stmt 0 view .LVU62
 233 002e 10F80C20 		ldrb	r2, [r0, ip]	@ zero_extendqisi2
 896:Middlewares/Third_Party/FreeRTOS/Source/tasks.c **** 
 234              		.loc 1 896 30 view .LVU63
 235 0032 04EB0C03 		add	r3, r4, ip
 236 0036 83F83420 		strb	r2, [r3, #52]
 901:Middlewares/Third_Party/FreeRTOS/Source/tasks.c **** 			{
 237              		.loc 1 901 4 is_stmt 1 view .LVU64
 901:Middlewares/Third_Party/FreeRTOS/Source/tasks.c **** 			{
 238              		.loc 1 901 6 is_stmt 0 view .LVU65
 239 003a 12B1     		cbz	r2, .L20
 907:Middlewares/Third_Party/FreeRTOS/Source/tasks.c **** 			}
 240              		.loc 1 907 29 is_stmt 1 view .LVU66
 894:Middlewares/Third_Party/FreeRTOS/Source/tasks.c **** 		{
 241              		.loc 1 894 77 discriminator 2 view .LVU67
 242 003c 0CF1010C 		add	ip, ip, #1
 243              	.LVL17:
 894:Middlewares/Third_Party/FreeRTOS/Source/tasks.c **** 		{
 244              		.loc 1 894 77 is_stmt 0 discriminator 2 view .LVU68
 245 0040 F2E7     		b	.L18
 246              	.LVL18:
 247              	.L20:
 913:Middlewares/Third_Party/FreeRTOS/Source/tasks.c **** 	}
 248              		.loc 1 913 3 is_stmt 1 view .LVU69
 913:Middlewares/Third_Party/FreeRTOS/Source/tasks.c **** 	}
 249              		.loc 1 913 55 is_stmt 0 view .LVU70
 250 0042 0023     		movs	r3, #0
 251 0044 84F84330 		strb	r3, [r4, #67]
 252              	.LVL19:
 253              	.L22:
 924:Middlewares/Third_Party/FreeRTOS/Source/tasks.c **** 	{
ARM GAS  D:\software\msy64\tmp\ccHzaEXX.s 			page 79


 254              		.loc 1 924 2 is_stmt 1 view .LVU71
 924:Middlewares/Third_Party/FreeRTOS/Source/tasks.c **** 	{
 255              		.loc 1 924 4 is_stmt 0 view .LVU72
 256 0048 062D     		cmp	r5, #6
 257 004a 00D9     		bls	.L23
 926:Middlewares/Third_Party/FreeRTOS/Source/tasks.c **** 	}
 258              		.loc 1 926 14 view .LVU73
 259 004c 0625     		movs	r5, #6
 260              	.L23:
 261              	.LVL20:
 930:Middlewares/Third_Party/FreeRTOS/Source/tasks.c **** 	}
 262              		.loc 1 930 27 is_stmt 1 view .LVU74
 933:Middlewares/Third_Party/FreeRTOS/Source/tasks.c **** 	#if ( configUSE_MUTEXES == 1 )
 263              		.loc 1 933 2 view .LVU75
 933:Middlewares/Third_Party/FreeRTOS/Source/tasks.c **** 	#if ( configUSE_MUTEXES == 1 )
 264              		.loc 1 933 23 is_stmt 0 view .LVU76
 265 004e E562     		str	r5, [r4, #44]
 936:Middlewares/Third_Party/FreeRTOS/Source/tasks.c **** 		pxNewTCB->uxMutexesHeld = 0;
 266              		.loc 1 936 3 is_stmt 1 view .LVU77
 936:Middlewares/Third_Party/FreeRTOS/Source/tasks.c **** 		pxNewTCB->uxMutexesHeld = 0;
 267              		.loc 1 936 28 is_stmt 0 view .LVU78
 268 0050 6564     		str	r5, [r4, #68]
 937:Middlewares/Third_Party/FreeRTOS/Source/tasks.c **** 	}
 269              		.loc 1 937 3 is_stmt 1 view .LVU79
 937:Middlewares/Third_Party/FreeRTOS/Source/tasks.c **** 	}
 270              		.loc 1 937 27 is_stmt 0 view .LVU80
 271 0052 4FF0000A 		mov	r10, #0
 272 0056 C4F848A0 		str	r10, [r4, #72]
 941:Middlewares/Third_Party/FreeRTOS/Source/tasks.c **** 	vListInitialiseItem( &( pxNewTCB->xEventListItem ) );
 273              		.loc 1 941 2 is_stmt 1 view .LVU81
 274 005a 201D     		adds	r0, r4, #4
 275 005c FFF7FEFF 		bl	vListInitialiseItem
 276              	.LVL21:
 942:Middlewares/Third_Party/FreeRTOS/Source/tasks.c **** 
 277              		.loc 1 942 2 view .LVU82
 278 0060 04F11800 		add	r0, r4, #24
 279 0064 FFF7FEFF 		bl	vListInitialiseItem
 280              	.LVL22:
 946:Middlewares/Third_Party/FreeRTOS/Source/tasks.c **** 
 281              		.loc 1 946 2 view .LVU83
 282 0068 2461     		str	r4, [r4, #16]
 949:Middlewares/Third_Party/FreeRTOS/Source/tasks.c **** 	listSET_LIST_ITEM_OWNER( &( pxNewTCB->xEventListItem ), pxNewTCB );
 283              		.loc 1 949 2 view .LVU84
 284 006a C5F10705 		rsb	r5, r5, #7
 285              	.LVL23:
 949:Middlewares/Third_Party/FreeRTOS/Source/tasks.c **** 	listSET_LIST_ITEM_OWNER( &( pxNewTCB->xEventListItem ), pxNewTCB );
 286              		.loc 1 949 2 is_stmt 0 view .LVU85
 287 006e A561     		str	r5, [r4, #24]
 950:Middlewares/Third_Party/FreeRTOS/Source/tasks.c **** 
 288              		.loc 1 950 2 is_stmt 1 view .LVU86
 289 0070 6462     		str	r4, [r4, #36]
 977:Middlewares/Third_Party/FreeRTOS/Source/tasks.c **** 	}
 290              		.loc 1 977 3 view .LVU87
 992:Middlewares/Third_Party/FreeRTOS/Source/tasks.c **** 		pxNewTCB->ucNotifyState = taskNOT_WAITING_NOTIFICATION;
 291              		.loc 1 992 3 view .LVU88
 992:Middlewares/Third_Party/FreeRTOS/Source/tasks.c **** 		pxNewTCB->ucNotifyState = taskNOT_WAITING_NOTIFICATION;
 292              		.loc 1 992 29 is_stmt 0 view .LVU89
ARM GAS  D:\software\msy64\tmp\ccHzaEXX.s 			page 80


 293 0072 C4F84CA0 		str	r10, [r4, #76]
 993:Middlewares/Third_Party/FreeRTOS/Source/tasks.c **** 	}
 294              		.loc 1 993 3 is_stmt 1 view .LVU90
 993:Middlewares/Third_Party/FreeRTOS/Source/tasks.c **** 	}
 295              		.loc 1 993 27 is_stmt 0 view .LVU91
 296 0076 84F850A0 		strb	r10, [r4, #80]
1058:Middlewares/Third_Party/FreeRTOS/Source/tasks.c **** 		}
 297              		.loc 1 1058 4 is_stmt 1 view .LVU92
1058:Middlewares/Third_Party/FreeRTOS/Source/tasks.c **** 		}
 298              		.loc 1 1058 29 is_stmt 0 view .LVU93
 299 007a 4246     		mov	r2, r8
 300 007c 3946     		mov	r1, r7
 301 007e 3046     		mov	r0, r6
 302 0080 FFF7FEFF 		bl	pxPortInitialiseStack
 303              	.LVL24:
1058:Middlewares/Third_Party/FreeRTOS/Source/tasks.c **** 		}
 304              		.loc 1 1058 27 discriminator 1 view .LVU94
 305 0084 2060     		str	r0, [r4]
1064:Middlewares/Third_Party/FreeRTOS/Source/tasks.c **** 	{
 306              		.loc 1 1064 2 is_stmt 1 view .LVU95
1064:Middlewares/Third_Party/FreeRTOS/Source/tasks.c **** 	{
 307              		.loc 1 1064 4 is_stmt 0 view .LVU96
 308 0086 B9F1000F 		cmp	r9, #0
 309 008a 01D0     		beq	.L17
1068:Middlewares/Third_Party/FreeRTOS/Source/tasks.c **** 	}
 310              		.loc 1 1068 3 is_stmt 1 view .LVU97
1068:Middlewares/Third_Party/FreeRTOS/Source/tasks.c **** 	}
 311              		.loc 1 1068 18 is_stmt 0 view .LVU98
 312 008c C9F80040 		str	r4, [r9]
1072:Middlewares/Third_Party/FreeRTOS/Source/tasks.c **** 	}
 313              		.loc 1 1072 27 is_stmt 1 view .LVU99
 314              	.L17:
1074:Middlewares/Third_Party/FreeRTOS/Source/tasks.c **** /*-----------------------------------------------------------*/
 315              		.loc 1 1074 1 is_stmt 0 view .LVU100
 316 0090 BDE8F087 		pop	{r4, r5, r6, r7, r8, r9, r10, pc}
 317              	.LVL25:
 318              	.L29:
 919:Middlewares/Third_Party/FreeRTOS/Source/tasks.c **** 	}
 319              		.loc 1 919 3 is_stmt 1 view .LVU101
 919:Middlewares/Third_Party/FreeRTOS/Source/tasks.c **** 	}
 320              		.loc 1 919 29 is_stmt 0 view .LVU102
 321 0094 0023     		movs	r3, #0
 322              	.LVL26:
 919:Middlewares/Third_Party/FreeRTOS/Source/tasks.c **** 	}
 323              		.loc 1 919 29 view .LVU103
 324 0096 84F83430 		strb	r3, [r4, #52]
 325 009a D5E7     		b	.L22
 326              		.cfi_endproc
 327              	.LFE7:
 329              		.section	.text.prvInitialiseTaskLists,"ax",%progbits
 330              		.align	1
 331              		.syntax unified
 332              		.thumb
 333              		.thumb_func
 335              	prvInitialiseTaskLists:
 336              	.LFB38:
3608:Middlewares/Third_Party/FreeRTOS/Source/tasks.c **** UBaseType_t uxPriority;
ARM GAS  D:\software\msy64\tmp\ccHzaEXX.s 			page 81


 337              		.loc 1 3608 1 is_stmt 1 view -0
 338              		.cfi_startproc
 339              		@ args = 0, pretend = 0, frame = 0
 340              		@ frame_needed = 0, uses_anonymous_args = 0
 341 0000 38B5     		push	{r3, r4, r5, lr}
 342              	.LCFI1:
 343              		.cfi_def_cfa_offset 16
 344              		.cfi_offset 3, -16
 345              		.cfi_offset 4, -12
 346              		.cfi_offset 5, -8
 347              		.cfi_offset 14, -4
3609:Middlewares/Third_Party/FreeRTOS/Source/tasks.c **** 
 348              		.loc 1 3609 1 view .LVU105
3611:Middlewares/Third_Party/FreeRTOS/Source/tasks.c **** 	{
 349              		.loc 1 3611 2 view .LVU106
 350              	.LVL27:
3611:Middlewares/Third_Party/FreeRTOS/Source/tasks.c **** 	{
 351              		.loc 1 3611 18 is_stmt 0 view .LVU107
 352 0002 0024     		movs	r4, #0
3611:Middlewares/Third_Party/FreeRTOS/Source/tasks.c **** 	{
 353              		.loc 1 3611 2 view .LVU108
 354 0004 07E0     		b	.L31
 355              	.LVL28:
 356              	.L32:
3613:Middlewares/Third_Party/FreeRTOS/Source/tasks.c **** 	}
 357              		.loc 1 3613 3 is_stmt 1 view .LVU109
 358 0006 04EB8402 		add	r2, r4, r4, lsl #2
 359 000a 9300     		lsls	r3, r2, #2
 360 000c 0E48     		ldr	r0, .L34
 361 000e 1844     		add	r0, r0, r3
 362 0010 FFF7FEFF 		bl	vListInitialise
 363              	.LVL29:
3611:Middlewares/Third_Party/FreeRTOS/Source/tasks.c **** 	{
 364              		.loc 1 3611 101 discriminator 3 view .LVU110
 365 0014 0134     		adds	r4, r4, #1
 366              	.LVL30:
 367              	.L31:
3611:Middlewares/Third_Party/FreeRTOS/Source/tasks.c **** 	{
 368              		.loc 1 3611 51 discriminator 1 view .LVU111
 369 0016 062C     		cmp	r4, #6
 370 0018 F5D9     		bls	.L32
3616:Middlewares/Third_Party/FreeRTOS/Source/tasks.c **** 	vListInitialise( &xDelayedTaskList2 );
 371              		.loc 1 3616 2 view .LVU112
 372 001a 0C4D     		ldr	r5, .L34+4
 373 001c 2846     		mov	r0, r5
 374 001e FFF7FEFF 		bl	vListInitialise
 375              	.LVL31:
3617:Middlewares/Third_Party/FreeRTOS/Source/tasks.c **** 	vListInitialise( &xPendingReadyList );
 376              		.loc 1 3617 2 view .LVU113
 377 0022 0B4C     		ldr	r4, .L34+8
 378              	.LVL32:
3617:Middlewares/Third_Party/FreeRTOS/Source/tasks.c **** 	vListInitialise( &xPendingReadyList );
 379              		.loc 1 3617 2 is_stmt 0 view .LVU114
 380 0024 2046     		mov	r0, r4
 381 0026 FFF7FEFF 		bl	vListInitialise
 382              	.LVL33:
3618:Middlewares/Third_Party/FreeRTOS/Source/tasks.c **** 
ARM GAS  D:\software\msy64\tmp\ccHzaEXX.s 			page 82


 383              		.loc 1 3618 2 is_stmt 1 view .LVU115
 384 002a 0A48     		ldr	r0, .L34+12
 385 002c FFF7FEFF 		bl	vListInitialise
 386              	.LVL34:
3622:Middlewares/Third_Party/FreeRTOS/Source/tasks.c **** 	}
 387              		.loc 1 3622 3 view .LVU116
 388 0030 0948     		ldr	r0, .L34+16
 389 0032 FFF7FEFF 		bl	vListInitialise
 390              	.LVL35:
3628:Middlewares/Third_Party/FreeRTOS/Source/tasks.c **** 	}
 391              		.loc 1 3628 3 view .LVU117
 392 0036 0948     		ldr	r0, .L34+20
 393 0038 FFF7FEFF 		bl	vListInitialise
 394              	.LVL36:
3634:Middlewares/Third_Party/FreeRTOS/Source/tasks.c **** 	pxOverflowDelayedTaskList = &xDelayedTaskList2;
 395              		.loc 1 3634 2 view .LVU118
3634:Middlewares/Third_Party/FreeRTOS/Source/tasks.c **** 	pxOverflowDelayedTaskList = &xDelayedTaskList2;
 396              		.loc 1 3634 20 is_stmt 0 view .LVU119
 397 003c 084B     		ldr	r3, .L34+24
 398 003e 1D60     		str	r5, [r3]
3635:Middlewares/Third_Party/FreeRTOS/Source/tasks.c **** }
 399              		.loc 1 3635 2 is_stmt 1 view .LVU120
3635:Middlewares/Third_Party/FreeRTOS/Source/tasks.c **** }
 400              		.loc 1 3635 28 is_stmt 0 view .LVU121
 401 0040 084B     		ldr	r3, .L34+28
 402 0042 1C60     		str	r4, [r3]
3636:Middlewares/Third_Party/FreeRTOS/Source/tasks.c **** /*-----------------------------------------------------------*/
 403              		.loc 1 3636 1 view .LVU122
 404 0044 38BD     		pop	{r3, r4, r5, pc}
 405              	.L35:
 406 0046 00BF     		.align	2
 407              	.L34:
 408 0048 00000000 		.word	pxReadyTasksLists
 409 004c 00000000 		.word	xDelayedTaskList1
 410 0050 00000000 		.word	xDelayedTaskList2
 411 0054 00000000 		.word	xPendingReadyList
 412 0058 00000000 		.word	xTasksWaitingTermination
 413 005c 00000000 		.word	xSuspendedTaskList
 414 0060 00000000 		.word	pxDelayedTaskList
 415 0064 00000000 		.word	pxOverflowDelayedTaskList
 416              		.cfi_endproc
 417              	.LFE38:
 419              		.section	.text.prvAddNewTaskToReadyList,"ax",%progbits
 420              		.align	1
 421              		.syntax unified
 422              		.thumb
 423              		.thumb_func
 425              	prvAddNewTaskToReadyList:
 426              	.LVL37:
 427              	.LFB8:
1078:Middlewares/Third_Party/FreeRTOS/Source/tasks.c **** 	/* Ensure interrupts don't access the task lists while the lists are being
 428              		.loc 1 1078 1 is_stmt 1 view -0
 429              		.cfi_startproc
 430              		@ args = 0, pretend = 0, frame = 0
 431              		@ frame_needed = 0, uses_anonymous_args = 0
1078:Middlewares/Third_Party/FreeRTOS/Source/tasks.c **** 	/* Ensure interrupts don't access the task lists while the lists are being
 432              		.loc 1 1078 1 is_stmt 0 view .LVU124
ARM GAS  D:\software\msy64\tmp\ccHzaEXX.s 			page 83


 433 0000 10B5     		push	{r4, lr}
 434              	.LCFI2:
 435              		.cfi_def_cfa_offset 8
 436              		.cfi_offset 4, -8
 437              		.cfi_offset 14, -4
 438 0002 0446     		mov	r4, r0
1081:Middlewares/Third_Party/FreeRTOS/Source/tasks.c **** 	{
 439              		.loc 1 1081 2 is_stmt 1 view .LVU125
 440 0004 FFF7FEFF 		bl	vPortEnterCritical
 441              	.LVL38:
1083:Middlewares/Third_Party/FreeRTOS/Source/tasks.c **** 		if( pxCurrentTCB == NULL )
 442              		.loc 1 1083 3 view .LVU126
1083:Middlewares/Third_Party/FreeRTOS/Source/tasks.c **** 		if( pxCurrentTCB == NULL )
 443              		.loc 1 1083 25 is_stmt 0 view .LVU127
 444 0008 214A     		ldr	r2, .L43
 445 000a 1368     		ldr	r3, [r2]
 446 000c 0133     		adds	r3, r3, #1
 447 000e 1360     		str	r3, [r2]
1084:Middlewares/Third_Party/FreeRTOS/Source/tasks.c **** 		{
 448              		.loc 1 1084 3 is_stmt 1 view .LVU128
1084:Middlewares/Third_Party/FreeRTOS/Source/tasks.c **** 		{
 449              		.loc 1 1084 20 is_stmt 0 view .LVU129
 450 0010 204B     		ldr	r3, .L43+4
 451 0012 1B68     		ldr	r3, [r3]
1084:Middlewares/Third_Party/FreeRTOS/Source/tasks.c **** 		{
 452              		.loc 1 1084 5 view .LVU130
 453 0014 5BB1     		cbz	r3, .L41
1107:Middlewares/Third_Party/FreeRTOS/Source/tasks.c **** 			{
 454              		.loc 1 1107 4 is_stmt 1 view .LVU131
1107:Middlewares/Third_Party/FreeRTOS/Source/tasks.c **** 			{
 455              		.loc 1 1107 26 is_stmt 0 view .LVU132
 456 0016 204B     		ldr	r3, .L43+8
 457 0018 1B68     		ldr	r3, [r3]
1107:Middlewares/Third_Party/FreeRTOS/Source/tasks.c **** 			{
 458              		.loc 1 1107 6 view .LVU133
 459 001a 6BB9     		cbnz	r3, .L38
1109:Middlewares/Third_Party/FreeRTOS/Source/tasks.c **** 				{
 460              		.loc 1 1109 5 is_stmt 1 view .LVU134
1109:Middlewares/Third_Party/FreeRTOS/Source/tasks.c **** 				{
 461              		.loc 1 1109 21 is_stmt 0 view .LVU135
 462 001c 1D4B     		ldr	r3, .L43+4
 463 001e 1B68     		ldr	r3, [r3]
 464 0020 DA6A     		ldr	r2, [r3, #44]
1109:Middlewares/Third_Party/FreeRTOS/Source/tasks.c **** 				{
 465              		.loc 1 1109 45 view .LVU136
 466 0022 E36A     		ldr	r3, [r4, #44]
1109:Middlewares/Third_Party/FreeRTOS/Source/tasks.c **** 				{
 467              		.loc 1 1109 7 view .LVU137
 468 0024 9A42     		cmp	r2, r3
 469 0026 07D8     		bhi	.L38
1111:Middlewares/Third_Party/FreeRTOS/Source/tasks.c **** 				}
 470              		.loc 1 1111 6 is_stmt 1 view .LVU138
1111:Middlewares/Third_Party/FreeRTOS/Source/tasks.c **** 				}
 471              		.loc 1 1111 19 is_stmt 0 view .LVU139
 472 0028 1A4B     		ldr	r3, .L43+4
 473 002a 1C60     		str	r4, [r3]
 474 002c 04E0     		b	.L38
ARM GAS  D:\software\msy64\tmp\ccHzaEXX.s 			page 84


 475              	.L41:
1088:Middlewares/Third_Party/FreeRTOS/Source/tasks.c **** 
 476              		.loc 1 1088 4 is_stmt 1 view .LVU140
1088:Middlewares/Third_Party/FreeRTOS/Source/tasks.c **** 
 477              		.loc 1 1088 17 is_stmt 0 view .LVU141
 478 002e 194B     		ldr	r3, .L43+4
 479 0030 1C60     		str	r4, [r3]
1090:Middlewares/Third_Party/FreeRTOS/Source/tasks.c **** 			{
 480              		.loc 1 1090 4 is_stmt 1 view .LVU142
1090:Middlewares/Third_Party/FreeRTOS/Source/tasks.c **** 			{
 481              		.loc 1 1090 31 is_stmt 0 view .LVU143
 482 0032 1368     		ldr	r3, [r2]
1090:Middlewares/Third_Party/FreeRTOS/Source/tasks.c **** 			{
 483              		.loc 1 1090 6 view .LVU144
 484 0034 012B     		cmp	r3, #1
 485 0036 28D0     		beq	.L42
 486              	.L38:
1120:Middlewares/Third_Party/FreeRTOS/Source/tasks.c **** 			}
 487              		.loc 1 1120 29 is_stmt 1 view .LVU145
1124:Middlewares/Third_Party/FreeRTOS/Source/tasks.c **** 
 488              		.loc 1 1124 3 view .LVU146
1124:Middlewares/Third_Party/FreeRTOS/Source/tasks.c **** 
 489              		.loc 1 1124 15 is_stmt 0 view .LVU147
 490 0038 184A     		ldr	r2, .L43+12
 491 003a 1368     		ldr	r3, [r2]
 492 003c 0133     		adds	r3, r3, #1
 493 003e 1360     		str	r3, [r2]
1132:Middlewares/Third_Party/FreeRTOS/Source/tasks.c **** 
 494              		.loc 1 1132 31 is_stmt 1 view .LVU148
1134:Middlewares/Third_Party/FreeRTOS/Source/tasks.c **** 
 495              		.loc 1 1134 3 view .LVU149
1134:Middlewares/Third_Party/FreeRTOS/Source/tasks.c **** 
 496              		.loc 1 1134 3 view .LVU150
 497 0040 E06A     		ldr	r0, [r4, #44]
 498 0042 0123     		movs	r3, #1
 499 0044 8340     		lsls	r3, r3, r0
 500 0046 164A     		ldr	r2, .L43+16
 501 0048 1168     		ldr	r1, [r2]
 502 004a 0B43     		orrs	r3, r3, r1
 503 004c 1360     		str	r3, [r2]
1134:Middlewares/Third_Party/FreeRTOS/Source/tasks.c **** 
 504              		.loc 1 1134 3 view .LVU151
 505 004e 00EB8000 		add	r0, r0, r0, lsl #2
 506 0052 211D     		adds	r1, r4, #4
 507 0054 134B     		ldr	r3, .L43+20
 508 0056 03EB8000 		add	r0, r3, r0, lsl #2
 509 005a FFF7FEFF 		bl	vListInsertEnd
 510              	.LVL39:
1134:Middlewares/Third_Party/FreeRTOS/Source/tasks.c **** 
 511              		.loc 1 1134 36 discriminator 1 view .LVU152
1136:Middlewares/Third_Party/FreeRTOS/Source/tasks.c **** 	}
 512              		.loc 1 1136 3 view .LVU153
1138:Middlewares/Third_Party/FreeRTOS/Source/tasks.c **** 
 513              		.loc 1 1138 2 view .LVU154
 514 005e FFF7FEFF 		bl	vPortExitCritical
 515              	.LVL40:
1140:Middlewares/Third_Party/FreeRTOS/Source/tasks.c **** 	{
ARM GAS  D:\software\msy64\tmp\ccHzaEXX.s 			page 85


 516              		.loc 1 1140 2 view .LVU155
1140:Middlewares/Third_Party/FreeRTOS/Source/tasks.c **** 	{
 517              		.loc 1 1140 24 is_stmt 0 view .LVU156
 518 0062 0D4B     		ldr	r3, .L43+8
 519 0064 1B68     		ldr	r3, [r3]
1140:Middlewares/Third_Party/FreeRTOS/Source/tasks.c **** 	{
 520              		.loc 1 1140 4 view .LVU157
 521 0066 7BB1     		cbz	r3, .L36
1144:Middlewares/Third_Party/FreeRTOS/Source/tasks.c **** 		{
 522              		.loc 1 1144 3 is_stmt 1 view .LVU158
1144:Middlewares/Third_Party/FreeRTOS/Source/tasks.c **** 		{
 523              		.loc 1 1144 19 is_stmt 0 view .LVU159
 524 0068 0A4B     		ldr	r3, .L43+4
 525 006a 1B68     		ldr	r3, [r3]
 526 006c DA6A     		ldr	r2, [r3, #44]
1144:Middlewares/Third_Party/FreeRTOS/Source/tasks.c **** 		{
 527              		.loc 1 1144 42 view .LVU160
 528 006e E36A     		ldr	r3, [r4, #44]
1144:Middlewares/Third_Party/FreeRTOS/Source/tasks.c **** 		{
 529              		.loc 1 1144 5 view .LVU161
 530 0070 9A42     		cmp	r2, r3
 531 0072 09D2     		bcs	.L36
1146:Middlewares/Third_Party/FreeRTOS/Source/tasks.c **** 		}
 532              		.loc 1 1146 4 is_stmt 1 view .LVU162
 533 0074 4FF0E023 		mov	r3, #-536813568
 534 0078 4FF08052 		mov	r2, #268435456
 535 007c C3F8042D 		str	r2, [r3, #3332]
1146:Middlewares/Third_Party/FreeRTOS/Source/tasks.c **** 		}
 536              		.loc 1 1146 4 view .LVU163
 537              		.syntax unified
 538              	@ 1146 "Middlewares/Third_Party/FreeRTOS/Source/tasks.c" 1
 539 0080 BFF34F8F 		dsb
 540              	@ 0 "" 2
1146:Middlewares/Third_Party/FreeRTOS/Source/tasks.c **** 		}
 541              		.loc 1 1146 4 view .LVU164
 542              	@ 1146 "Middlewares/Third_Party/FreeRTOS/Source/tasks.c" 1
 543 0084 BFF36F8F 		isb
 544              	@ 0 "" 2
1146:Middlewares/Third_Party/FreeRTOS/Source/tasks.c **** 		}
 545              		.loc 1 1146 35 view .LVU165
1155:Middlewares/Third_Party/FreeRTOS/Source/tasks.c **** 	}
 546              		.loc 1 1155 27 view .LVU166
 547              		.thumb
 548              		.syntax unified
 549              	.L36:
1157:Middlewares/Third_Party/FreeRTOS/Source/tasks.c **** /*-----------------------------------------------------------*/
 550              		.loc 1 1157 1 is_stmt 0 view .LVU167
 551 0088 10BD     		pop	{r4, pc}
 552              	.LVL41:
 553              	.L42:
1095:Middlewares/Third_Party/FreeRTOS/Source/tasks.c **** 			}
 554              		.loc 1 1095 5 is_stmt 1 view .LVU168
 555 008a FFF7FEFF 		bl	prvInitialiseTaskLists
 556              	.LVL42:
 557 008e D3E7     		b	.L38
 558              	.L44:
 559              		.align	2
ARM GAS  D:\software\msy64\tmp\ccHzaEXX.s 			page 86


 560              	.L43:
 561 0090 00000000 		.word	uxCurrentNumberOfTasks
 562 0094 00000000 		.word	pxCurrentTCB
 563 0098 00000000 		.word	xSchedulerRunning
 564 009c 00000000 		.word	uxTaskNumber
 565 00a0 00000000 		.word	uxTopReadyPriority
 566 00a4 00000000 		.word	pxReadyTasksLists
 567              		.cfi_endproc
 568              	.LFE8:
 570              		.section	.text.prvDeleteTCB,"ax",%progbits
 571              		.align	1
 572              		.syntax unified
 573              		.thumb
 574              		.thumb_func
 576              	prvDeleteTCB:
 577              	.LVL43:
 578              	.LFB40:
3888:Middlewares/Third_Party/FreeRTOS/Source/tasks.c **** 		/* This call is required specifically for the TriCore port.  It must be
 579              		.loc 1 3888 2 view -0
 580              		.cfi_startproc
 581              		@ args = 0, pretend = 0, frame = 0
 582              		@ frame_needed = 0, uses_anonymous_args = 0
3888:Middlewares/Third_Party/FreeRTOS/Source/tasks.c **** 		/* This call is required specifically for the TriCore port.  It must be
 583              		.loc 1 3888 2 is_stmt 0 view .LVU170
 584 0000 10B5     		push	{r4, lr}
 585              	.LCFI3:
 586              		.cfi_def_cfa_offset 8
 587              		.cfi_offset 4, -8
 588              		.cfi_offset 14, -4
 589 0002 0446     		mov	r4, r0
3892:Middlewares/Third_Party/FreeRTOS/Source/tasks.c **** 
 590              		.loc 1 3892 3 is_stmt 1 view .LVU171
3916:Middlewares/Third_Party/FreeRTOS/Source/tasks.c **** 			{
 591              		.loc 1 3916 4 view .LVU172
3916:Middlewares/Third_Party/FreeRTOS/Source/tasks.c **** 			{
 592              		.loc 1 3916 13 is_stmt 0 view .LVU173
 593 0004 90F85130 		ldrb	r3, [r0, #81]	@ zero_extendqisi2
3916:Middlewares/Third_Party/FreeRTOS/Source/tasks.c **** 			{
 594              		.loc 1 3916 6 view .LVU174
 595 0008 63B1     		cbz	r3, .L51
3923:Middlewares/Third_Party/FreeRTOS/Source/tasks.c **** 			{
 596              		.loc 1 3923 9 is_stmt 1 view .LVU175
3923:Middlewares/Third_Party/FreeRTOS/Source/tasks.c **** 			{
 597              		.loc 1 3923 11 is_stmt 0 view .LVU176
 598 000a 012B     		cmp	r3, #1
 599 000c 11D0     		beq	.L52
3933:Middlewares/Third_Party/FreeRTOS/Source/tasks.c **** 				mtCOVERAGE_TEST_MARKER();
 600              		.loc 1 3933 5 is_stmt 1 view .LVU177
 601 000e 022B     		cmp	r3, #2
 602 0010 0ED0     		beq	.L45
3933:Middlewares/Third_Party/FreeRTOS/Source/tasks.c **** 				mtCOVERAGE_TEST_MARKER();
 603              		.loc 1 3933 5 discriminator 1 view .LVU178
 604              	.LBB112:
 605              	.LBI112:
 193:Middlewares/Third_Party/FreeRTOS/Source/portable/GCC/ARM_CM3/portmacro.h **** {
 606              		.loc 2 193 30 view .LVU179
 607              	.LBB113:
ARM GAS  D:\software\msy64\tmp\ccHzaEXX.s 			page 87


 195:Middlewares/Third_Party/FreeRTOS/Source/portable/GCC/ARM_CM3/portmacro.h **** 
 608              		.loc 2 195 1 view .LVU180
 609              		.loc 2 197 2 view .LVU181
 610              		.syntax unified
 611              	@ 197 "Middlewares/Third_Party/FreeRTOS/Source/portable/GCC/ARM_CM3/portmacro.h" 1
 612 0012 4FF05003 			mov r3, #80												
 613 0016 83F31188 		msr basepri, r3											
 614 001a BFF36F8F 		isb														
 615 001e BFF34F8F 		dsb														
 616              	
 617              	@ 0 "" 2
 618              		.thumb
 619              		.syntax unified
 620              	.L49:
 621              	.LBE113:
 622              	.LBE112:
3933:Middlewares/Third_Party/FreeRTOS/Source/tasks.c **** 				mtCOVERAGE_TEST_MARKER();
 623              		.loc 1 3933 5 discriminator 3 view .LVU182
3933:Middlewares/Third_Party/FreeRTOS/Source/tasks.c **** 				mtCOVERAGE_TEST_MARKER();
 624              		.loc 1 3933 5 discriminator 3 view .LVU183
 625 0022 FEE7     		b	.L49
 626              	.L51:
3920:Middlewares/Third_Party/FreeRTOS/Source/tasks.c **** 				vPortFree( pxTCB );
 627              		.loc 1 3920 5 view .LVU184
 628 0024 006B     		ldr	r0, [r0, #48]
 629              	.LVL44:
3920:Middlewares/Third_Party/FreeRTOS/Source/tasks.c **** 				vPortFree( pxTCB );
 630              		.loc 1 3920 5 is_stmt 0 view .LVU185
 631 0026 FFF7FEFF 		bl	vPortFree
 632              	.LVL45:
3921:Middlewares/Third_Party/FreeRTOS/Source/tasks.c **** 			}
 633              		.loc 1 3921 5 is_stmt 1 view .LVU186
 634 002a 2046     		mov	r0, r4
 635 002c FFF7FEFF 		bl	vPortFree
 636              	.LVL46:
 637              	.L45:
3938:Middlewares/Third_Party/FreeRTOS/Source/tasks.c **** 
 638              		.loc 1 3938 2 is_stmt 0 view .LVU187
 639 0030 10BD     		pop	{r4, pc}
 640              	.LVL47:
 641              	.L52:
3927:Middlewares/Third_Party/FreeRTOS/Source/tasks.c **** 			}
 642              		.loc 1 3927 5 is_stmt 1 view .LVU188
 643 0032 FFF7FEFF 		bl	vPortFree
 644              	.LVL48:
3927:Middlewares/Third_Party/FreeRTOS/Source/tasks.c **** 			}
 645              		.loc 1 3927 5 is_stmt 0 view .LVU189
 646 0036 FBE7     		b	.L45
 647              		.cfi_endproc
 648              	.LFE40:
 650              		.section	.text.prvCheckTasksWaitingTermination,"ax",%progbits
 651              		.align	1
 652              		.syntax unified
 653              		.thumb
 654              		.thumb_func
 656              	prvCheckTasksWaitingTermination:
 657              	.LFB39:
ARM GAS  D:\software\msy64\tmp\ccHzaEXX.s 			page 88


3640:Middlewares/Third_Party/FreeRTOS/Source/tasks.c **** 
 658              		.loc 1 3640 1 is_stmt 1 view -0
 659              		.cfi_startproc
 660              		@ args = 0, pretend = 0, frame = 0
 661              		@ frame_needed = 0, uses_anonymous_args = 0
 662              	.LBB114:
3646:Middlewares/Third_Party/FreeRTOS/Source/tasks.c **** 
 663              		.loc 1 3646 3 view .LVU191
3650:Middlewares/Third_Party/FreeRTOS/Source/tasks.c **** 		{
 664              		.loc 1 3650 3 view .LVU192
3650:Middlewares/Third_Party/FreeRTOS/Source/tasks.c **** 		{
 665              		.loc 1 3650 39 view .LVU193
 666 0000 0F4B     		ldr	r3, .L60
 667 0002 1B68     		ldr	r3, [r3]
 668 0004 D3B1     		cbz	r3, .L59
 669              	.LBE114:
3640:Middlewares/Third_Party/FreeRTOS/Source/tasks.c **** 
 670              		.loc 1 3640 1 is_stmt 0 view .LVU194
 671 0006 10B5     		push	{r4, lr}
 672              	.LCFI4:
 673              		.cfi_def_cfa_offset 8
 674              		.cfi_offset 4, -8
 675              		.cfi_offset 14, -4
 676              	.L55:
 677              	.LBB115:
3652:Middlewares/Third_Party/FreeRTOS/Source/tasks.c **** 			{
 678              		.loc 1 3652 4 is_stmt 1 view .LVU195
 679 0008 FFF7FEFF 		bl	vPortEnterCritical
 680              	.LVL49:
3654:Middlewares/Third_Party/FreeRTOS/Source/tasks.c **** 				( void ) uxListRemove( &( pxTCB->xStateListItem ) );
 681              		.loc 1 3654 5 view .LVU196
3654:Middlewares/Third_Party/FreeRTOS/Source/tasks.c **** 				( void ) uxListRemove( &( pxTCB->xStateListItem ) );
 682              		.loc 1 3654 13 is_stmt 0 view .LVU197
 683 000c 0D4B     		ldr	r3, .L60+4
 684 000e DB68     		ldr	r3, [r3, #12]
3654:Middlewares/Third_Party/FreeRTOS/Source/tasks.c **** 				( void ) uxListRemove( &( pxTCB->xStateListItem ) );
 685              		.loc 1 3654 11 view .LVU198
 686 0010 DC68     		ldr	r4, [r3, #12]
 687              	.LVL50:
3655:Middlewares/Third_Party/FreeRTOS/Source/tasks.c **** 				--uxCurrentNumberOfTasks;
 688              		.loc 1 3655 5 is_stmt 1 view .LVU199
3655:Middlewares/Third_Party/FreeRTOS/Source/tasks.c **** 				--uxCurrentNumberOfTasks;
 689              		.loc 1 3655 14 is_stmt 0 view .LVU200
 690 0012 201D     		adds	r0, r4, #4
 691 0014 FFF7FEFF 		bl	uxListRemove
 692              	.LVL51:
3656:Middlewares/Third_Party/FreeRTOS/Source/tasks.c **** 				--uxDeletedTasksWaitingCleanUp;
 693              		.loc 1 3656 5 is_stmt 1 view .LVU201
 694 0018 0B4A     		ldr	r2, .L60+8
 695 001a 1368     		ldr	r3, [r2]
 696 001c 013B     		subs	r3, r3, #1
 697 001e 1360     		str	r3, [r2]
3657:Middlewares/Third_Party/FreeRTOS/Source/tasks.c **** 			}
 698              		.loc 1 3657 5 view .LVU202
 699 0020 074A     		ldr	r2, .L60
 700 0022 1368     		ldr	r3, [r2]
 701 0024 013B     		subs	r3, r3, #1
ARM GAS  D:\software\msy64\tmp\ccHzaEXX.s 			page 89


 702 0026 1360     		str	r3, [r2]
3659:Middlewares/Third_Party/FreeRTOS/Source/tasks.c **** 
 703              		.loc 1 3659 4 view .LVU203
 704 0028 FFF7FEFF 		bl	vPortExitCritical
 705              	.LVL52:
3661:Middlewares/Third_Party/FreeRTOS/Source/tasks.c **** 		}
 706              		.loc 1 3661 4 view .LVU204
 707 002c 2046     		mov	r0, r4
 708 002e FFF7FEFF 		bl	prvDeleteTCB
 709              	.LVL53:
3650:Middlewares/Third_Party/FreeRTOS/Source/tasks.c **** 		{
 710              		.loc 1 3650 39 view .LVU205
 711 0032 034B     		ldr	r3, .L60
 712 0034 1B68     		ldr	r3, [r3]
 713 0036 002B     		cmp	r3, #0
 714 0038 E6D1     		bne	.L55
 715              	.LBE115:
3665:Middlewares/Third_Party/FreeRTOS/Source/tasks.c **** /*-----------------------------------------------------------*/
 716              		.loc 1 3665 1 is_stmt 0 view .LVU206
 717 003a 10BD     		pop	{r4, pc}
 718              	.LVL54:
 719              	.L59:
 720              	.LCFI5:
 721              		.cfi_def_cfa_offset 0
 722              		.cfi_restore 4
 723              		.cfi_restore 14
3665:Middlewares/Third_Party/FreeRTOS/Source/tasks.c **** /*-----------------------------------------------------------*/
 724              		.loc 1 3665 1 view .LVU207
 725 003c 7047     		bx	lr
 726              	.L61:
 727 003e 00BF     		.align	2
 728              	.L60:
 729 0040 00000000 		.word	uxDeletedTasksWaitingCleanUp
 730 0044 00000000 		.word	xTasksWaitingTermination
 731 0048 00000000 		.word	uxCurrentNumberOfTasks
 732              		.cfi_endproc
 733              	.LFE39:
 735              		.section	.text.prvIdleTask,"ax",%progbits
 736              		.align	1
 737              		.syntax unified
 738              		.thumb
 739              		.thumb_func
 741              	prvIdleTask:
 742              	.LFB37:
3393:Middlewares/Third_Party/FreeRTOS/Source/tasks.c **** 	/* Stop warnings. */
 743              		.loc 1 3393 1 is_stmt 1 view -0
 744              		.cfi_startproc
 745              		@ Volatile: function does not return.
 746              		@ args = 0, pretend = 0, frame = 0
 747              		@ frame_needed = 0, uses_anonymous_args = 0
 748              	.LVL55:
3393:Middlewares/Third_Party/FreeRTOS/Source/tasks.c **** 	/* Stop warnings. */
 749              		.loc 1 3393 1 is_stmt 0 view .LVU209
 750 0000 08B5     		push	{r3, lr}
 751              	.LCFI6:
 752              		.cfi_def_cfa_offset 8
 753              		.cfi_offset 3, -8
ARM GAS  D:\software\msy64\tmp\ccHzaEXX.s 			page 90


 754              		.cfi_offset 14, -4
 755              	.LVL56:
 756              	.L63:
3395:Middlewares/Third_Party/FreeRTOS/Source/tasks.c **** 
 757              		.loc 1 3395 2 is_stmt 1 view .LVU210
3403:Middlewares/Third_Party/FreeRTOS/Source/tasks.c **** 
 758              		.loc 1 3403 64 view .LVU211
3405:Middlewares/Third_Party/FreeRTOS/Source/tasks.c **** 	{
 759              		.loc 1 3405 2 view .LVU212
3409:Middlewares/Third_Party/FreeRTOS/Source/tasks.c **** 
 760              		.loc 1 3409 3 view .LVU213
 761 0002 FFF7FEFF 		bl	prvCheckTasksWaitingTermination
 762              	.LVL57:
3432:Middlewares/Third_Party/FreeRTOS/Source/tasks.c **** 			{
 763              		.loc 1 3432 4 view .LVU214
3432:Middlewares/Third_Party/FreeRTOS/Source/tasks.c **** 			{
 764              		.loc 1 3432 8 is_stmt 0 view .LVU215
 765 0006 074B     		ldr	r3, .L66
 766 0008 1B68     		ldr	r3, [r3]
3432:Middlewares/Third_Party/FreeRTOS/Source/tasks.c **** 			{
 767              		.loc 1 3432 6 view .LVU216
 768 000a 012B     		cmp	r3, #1
 769 000c F9D9     		bls	.L63
3434:Middlewares/Third_Party/FreeRTOS/Source/tasks.c **** 			}
 770              		.loc 1 3434 5 is_stmt 1 view .LVU217
 771 000e 4FF0E023 		mov	r3, #-536813568
 772 0012 4FF08052 		mov	r2, #268435456
 773 0016 C3F8042D 		str	r2, [r3, #3332]
3434:Middlewares/Third_Party/FreeRTOS/Source/tasks.c **** 			}
 774              		.loc 1 3434 5 view .LVU218
 775              		.syntax unified
 776              	@ 3434 "Middlewares/Third_Party/FreeRTOS/Source/tasks.c" 1
 777 001a BFF34F8F 		dsb
 778              	@ 0 "" 2
3434:Middlewares/Third_Party/FreeRTOS/Source/tasks.c **** 			}
 779              		.loc 1 3434 5 view .LVU219
 780              	@ 3434 "Middlewares/Third_Party/FreeRTOS/Source/tasks.c" 1
 781 001e BFF36F8F 		isb
 782              	@ 0 "" 2
3434:Middlewares/Third_Party/FreeRTOS/Source/tasks.c **** 			}
 783              		.loc 1 3434 16 view .LVU220
 784              		.thumb
 785              		.syntax unified
 786 0022 EEE7     		b	.L63
 787              	.L67:
 788              		.align	2
 789              	.L66:
 790 0024 00000000 		.word	pxReadyTasksLists
 791              		.cfi_endproc
 792              	.LFE37:
 794              		.section	.text.prvAddCurrentTaskToDelayedList,"ax",%progbits
 795              		.align	1
 796              		.syntax unified
 797              		.thumb
 798              		.thumb_func
 800              	prvAddCurrentTaskToDelayedList:
 801              	.LVL58:
ARM GAS  D:\software\msy64\tmp\ccHzaEXX.s 			page 91


 802              	.LFB56:
3965:Middlewares/Third_Party/FreeRTOS/Source/tasks.c **** /*-----------------------------------------------------------*/
3966:Middlewares/Third_Party/FreeRTOS/Source/tasks.c **** 
3967:Middlewares/Third_Party/FreeRTOS/Source/tasks.c **** #if ( ( INCLUDE_xTaskGetCurrentTaskHandle == 1 ) || ( configUSE_MUTEXES == 1 ) )
3968:Middlewares/Third_Party/FreeRTOS/Source/tasks.c **** 
3969:Middlewares/Third_Party/FreeRTOS/Source/tasks.c **** 	TaskHandle_t xTaskGetCurrentTaskHandle( void )
3970:Middlewares/Third_Party/FreeRTOS/Source/tasks.c **** 	{
3971:Middlewares/Third_Party/FreeRTOS/Source/tasks.c **** 	TaskHandle_t xReturn;
3972:Middlewares/Third_Party/FreeRTOS/Source/tasks.c **** 
3973:Middlewares/Third_Party/FreeRTOS/Source/tasks.c **** 		/* A critical section is not required as this is not called from
3974:Middlewares/Third_Party/FreeRTOS/Source/tasks.c **** 		an interrupt and the current TCB will always be the same for any
3975:Middlewares/Third_Party/FreeRTOS/Source/tasks.c **** 		individual execution thread. */
3976:Middlewares/Third_Party/FreeRTOS/Source/tasks.c **** 		xReturn = pxCurrentTCB;
3977:Middlewares/Third_Party/FreeRTOS/Source/tasks.c **** 
3978:Middlewares/Third_Party/FreeRTOS/Source/tasks.c **** 		return xReturn;
3979:Middlewares/Third_Party/FreeRTOS/Source/tasks.c **** 	}
3980:Middlewares/Third_Party/FreeRTOS/Source/tasks.c **** 
3981:Middlewares/Third_Party/FreeRTOS/Source/tasks.c **** #endif /* ( ( INCLUDE_xTaskGetCurrentTaskHandle == 1 ) || ( configUSE_MUTEXES == 1 ) ) */
3982:Middlewares/Third_Party/FreeRTOS/Source/tasks.c **** /*-----------------------------------------------------------*/
3983:Middlewares/Third_Party/FreeRTOS/Source/tasks.c **** 
3984:Middlewares/Third_Party/FreeRTOS/Source/tasks.c **** #if ( ( INCLUDE_xTaskGetSchedulerState == 1 ) || ( configUSE_TIMERS == 1 ) )
3985:Middlewares/Third_Party/FreeRTOS/Source/tasks.c **** 
3986:Middlewares/Third_Party/FreeRTOS/Source/tasks.c **** 	BaseType_t xTaskGetSchedulerState( void )
3987:Middlewares/Third_Party/FreeRTOS/Source/tasks.c **** 	{
3988:Middlewares/Third_Party/FreeRTOS/Source/tasks.c **** 	BaseType_t xReturn;
3989:Middlewares/Third_Party/FreeRTOS/Source/tasks.c **** 
3990:Middlewares/Third_Party/FreeRTOS/Source/tasks.c **** 		if( xSchedulerRunning == pdFALSE )
3991:Middlewares/Third_Party/FreeRTOS/Source/tasks.c **** 		{
3992:Middlewares/Third_Party/FreeRTOS/Source/tasks.c **** 			xReturn = taskSCHEDULER_NOT_STARTED;
3993:Middlewares/Third_Party/FreeRTOS/Source/tasks.c **** 		}
3994:Middlewares/Third_Party/FreeRTOS/Source/tasks.c **** 		else
3995:Middlewares/Third_Party/FreeRTOS/Source/tasks.c **** 		{
3996:Middlewares/Third_Party/FreeRTOS/Source/tasks.c **** 			if( uxSchedulerSuspended == ( UBaseType_t ) pdFALSE )
3997:Middlewares/Third_Party/FreeRTOS/Source/tasks.c **** 			{
3998:Middlewares/Third_Party/FreeRTOS/Source/tasks.c **** 				xReturn = taskSCHEDULER_RUNNING;
3999:Middlewares/Third_Party/FreeRTOS/Source/tasks.c **** 			}
4000:Middlewares/Third_Party/FreeRTOS/Source/tasks.c **** 			else
4001:Middlewares/Third_Party/FreeRTOS/Source/tasks.c **** 			{
4002:Middlewares/Third_Party/FreeRTOS/Source/tasks.c **** 				xReturn = taskSCHEDULER_SUSPENDED;
4003:Middlewares/Third_Party/FreeRTOS/Source/tasks.c **** 			}
4004:Middlewares/Third_Party/FreeRTOS/Source/tasks.c **** 		}
4005:Middlewares/Third_Party/FreeRTOS/Source/tasks.c **** 
4006:Middlewares/Third_Party/FreeRTOS/Source/tasks.c **** 		return xReturn;
4007:Middlewares/Third_Party/FreeRTOS/Source/tasks.c **** 	}
4008:Middlewares/Third_Party/FreeRTOS/Source/tasks.c **** 
4009:Middlewares/Third_Party/FreeRTOS/Source/tasks.c **** #endif /* ( ( INCLUDE_xTaskGetSchedulerState == 1 ) || ( configUSE_TIMERS == 1 ) ) */
4010:Middlewares/Third_Party/FreeRTOS/Source/tasks.c **** /*-----------------------------------------------------------*/
4011:Middlewares/Third_Party/FreeRTOS/Source/tasks.c **** 
4012:Middlewares/Third_Party/FreeRTOS/Source/tasks.c **** #if ( configUSE_MUTEXES == 1 )
4013:Middlewares/Third_Party/FreeRTOS/Source/tasks.c **** 
4014:Middlewares/Third_Party/FreeRTOS/Source/tasks.c **** 	BaseType_t xTaskPriorityInherit( TaskHandle_t const pxMutexHolder )
4015:Middlewares/Third_Party/FreeRTOS/Source/tasks.c **** 	{
4016:Middlewares/Third_Party/FreeRTOS/Source/tasks.c **** 	TCB_t * const pxMutexHolderTCB = pxMutexHolder;
4017:Middlewares/Third_Party/FreeRTOS/Source/tasks.c **** 	BaseType_t xReturn = pdFALSE;
4018:Middlewares/Third_Party/FreeRTOS/Source/tasks.c **** 
4019:Middlewares/Third_Party/FreeRTOS/Source/tasks.c **** 		/* If the mutex was given back by an interrupt while the queue was
4020:Middlewares/Third_Party/FreeRTOS/Source/tasks.c **** 		locked then the mutex holder might now be NULL.  _RB_ Is this still
ARM GAS  D:\software\msy64\tmp\ccHzaEXX.s 			page 92


4021:Middlewares/Third_Party/FreeRTOS/Source/tasks.c **** 		needed as interrupts can no longer use mutexes? */
4022:Middlewares/Third_Party/FreeRTOS/Source/tasks.c **** 		if( pxMutexHolder != NULL )
4023:Middlewares/Third_Party/FreeRTOS/Source/tasks.c **** 		{
4024:Middlewares/Third_Party/FreeRTOS/Source/tasks.c **** 			/* If the holder of the mutex has a priority below the priority of
4025:Middlewares/Third_Party/FreeRTOS/Source/tasks.c **** 			the task attempting to obtain the mutex then it will temporarily
4026:Middlewares/Third_Party/FreeRTOS/Source/tasks.c **** 			inherit the priority of the task attempting to obtain the mutex. */
4027:Middlewares/Third_Party/FreeRTOS/Source/tasks.c **** 			if( pxMutexHolderTCB->uxPriority < pxCurrentTCB->uxPriority )
4028:Middlewares/Third_Party/FreeRTOS/Source/tasks.c **** 			{
4029:Middlewares/Third_Party/FreeRTOS/Source/tasks.c **** 				/* Adjust the mutex holder state to account for its new
4030:Middlewares/Third_Party/FreeRTOS/Source/tasks.c **** 				priority.  Only reset the event list item value if the value is
4031:Middlewares/Third_Party/FreeRTOS/Source/tasks.c **** 				not being used for anything else. */
4032:Middlewares/Third_Party/FreeRTOS/Source/tasks.c **** 				if( ( listGET_LIST_ITEM_VALUE( &( pxMutexHolderTCB->xEventListItem ) ) & taskEVENT_LIST_ITEM_VA
4033:Middlewares/Third_Party/FreeRTOS/Source/tasks.c **** 				{
4034:Middlewares/Third_Party/FreeRTOS/Source/tasks.c **** 					listSET_LIST_ITEM_VALUE( &( pxMutexHolderTCB->xEventListItem ), ( TickType_t ) configMAX_PRIOR
4035:Middlewares/Third_Party/FreeRTOS/Source/tasks.c **** 				}
4036:Middlewares/Third_Party/FreeRTOS/Source/tasks.c **** 				else
4037:Middlewares/Third_Party/FreeRTOS/Source/tasks.c **** 				{
4038:Middlewares/Third_Party/FreeRTOS/Source/tasks.c **** 					mtCOVERAGE_TEST_MARKER();
4039:Middlewares/Third_Party/FreeRTOS/Source/tasks.c **** 				}
4040:Middlewares/Third_Party/FreeRTOS/Source/tasks.c **** 
4041:Middlewares/Third_Party/FreeRTOS/Source/tasks.c **** 				/* If the task being modified is in the ready state it will need
4042:Middlewares/Third_Party/FreeRTOS/Source/tasks.c **** 				to be moved into a new list. */
4043:Middlewares/Third_Party/FreeRTOS/Source/tasks.c **** 				if( listIS_CONTAINED_WITHIN( &( pxReadyTasksLists[ pxMutexHolderTCB->uxPriority ] ), &( pxMutex
4044:Middlewares/Third_Party/FreeRTOS/Source/tasks.c **** 				{
4045:Middlewares/Third_Party/FreeRTOS/Source/tasks.c **** 					if( uxListRemove( &( pxMutexHolderTCB->xStateListItem ) ) == ( UBaseType_t ) 0 )
4046:Middlewares/Third_Party/FreeRTOS/Source/tasks.c **** 					{
4047:Middlewares/Third_Party/FreeRTOS/Source/tasks.c **** 						/* It is known that the task is in its ready list so
4048:Middlewares/Third_Party/FreeRTOS/Source/tasks.c **** 						there is no need to check again and the port level
4049:Middlewares/Third_Party/FreeRTOS/Source/tasks.c **** 						reset macro can be called directly. */
4050:Middlewares/Third_Party/FreeRTOS/Source/tasks.c **** 						portRESET_READY_PRIORITY( pxMutexHolderTCB->uxPriority, uxTopReadyPriority );
4051:Middlewares/Third_Party/FreeRTOS/Source/tasks.c **** 					}
4052:Middlewares/Third_Party/FreeRTOS/Source/tasks.c **** 					else
4053:Middlewares/Third_Party/FreeRTOS/Source/tasks.c **** 					{
4054:Middlewares/Third_Party/FreeRTOS/Source/tasks.c **** 						mtCOVERAGE_TEST_MARKER();
4055:Middlewares/Third_Party/FreeRTOS/Source/tasks.c **** 					}
4056:Middlewares/Third_Party/FreeRTOS/Source/tasks.c **** 
4057:Middlewares/Third_Party/FreeRTOS/Source/tasks.c **** 					/* Inherit the priority before being moved into the new list. */
4058:Middlewares/Third_Party/FreeRTOS/Source/tasks.c **** 					pxMutexHolderTCB->uxPriority = pxCurrentTCB->uxPriority;
4059:Middlewares/Third_Party/FreeRTOS/Source/tasks.c **** 					prvAddTaskToReadyList( pxMutexHolderTCB );
4060:Middlewares/Third_Party/FreeRTOS/Source/tasks.c **** 				}
4061:Middlewares/Third_Party/FreeRTOS/Source/tasks.c **** 				else
4062:Middlewares/Third_Party/FreeRTOS/Source/tasks.c **** 				{
4063:Middlewares/Third_Party/FreeRTOS/Source/tasks.c **** 					/* Just inherit the priority. */
4064:Middlewares/Third_Party/FreeRTOS/Source/tasks.c **** 					pxMutexHolderTCB->uxPriority = pxCurrentTCB->uxPriority;
4065:Middlewares/Third_Party/FreeRTOS/Source/tasks.c **** 				}
4066:Middlewares/Third_Party/FreeRTOS/Source/tasks.c **** 
4067:Middlewares/Third_Party/FreeRTOS/Source/tasks.c **** 				traceTASK_PRIORITY_INHERIT( pxMutexHolderTCB, pxCurrentTCB->uxPriority );
4068:Middlewares/Third_Party/FreeRTOS/Source/tasks.c **** 
4069:Middlewares/Third_Party/FreeRTOS/Source/tasks.c **** 				/* Inheritance occurred. */
4070:Middlewares/Third_Party/FreeRTOS/Source/tasks.c **** 				xReturn = pdTRUE;
4071:Middlewares/Third_Party/FreeRTOS/Source/tasks.c **** 			}
4072:Middlewares/Third_Party/FreeRTOS/Source/tasks.c **** 			else
4073:Middlewares/Third_Party/FreeRTOS/Source/tasks.c **** 			{
4074:Middlewares/Third_Party/FreeRTOS/Source/tasks.c **** 				if( pxMutexHolderTCB->uxBasePriority < pxCurrentTCB->uxPriority )
4075:Middlewares/Third_Party/FreeRTOS/Source/tasks.c **** 				{
4076:Middlewares/Third_Party/FreeRTOS/Source/tasks.c **** 					/* The base priority of the mutex holder is lower than the
4077:Middlewares/Third_Party/FreeRTOS/Source/tasks.c **** 					priority of the task attempting to take the mutex, but the
ARM GAS  D:\software\msy64\tmp\ccHzaEXX.s 			page 93


4078:Middlewares/Third_Party/FreeRTOS/Source/tasks.c **** 					current priority of the mutex holder is not lower than the
4079:Middlewares/Third_Party/FreeRTOS/Source/tasks.c **** 					priority of the task attempting to take the mutex.
4080:Middlewares/Third_Party/FreeRTOS/Source/tasks.c **** 					Therefore the mutex holder must have already inherited a
4081:Middlewares/Third_Party/FreeRTOS/Source/tasks.c **** 					priority, but inheritance would have occurred if that had
4082:Middlewares/Third_Party/FreeRTOS/Source/tasks.c **** 					not been the case. */
4083:Middlewares/Third_Party/FreeRTOS/Source/tasks.c **** 					xReturn = pdTRUE;
4084:Middlewares/Third_Party/FreeRTOS/Source/tasks.c **** 				}
4085:Middlewares/Third_Party/FreeRTOS/Source/tasks.c **** 				else
4086:Middlewares/Third_Party/FreeRTOS/Source/tasks.c **** 				{
4087:Middlewares/Third_Party/FreeRTOS/Source/tasks.c **** 					mtCOVERAGE_TEST_MARKER();
4088:Middlewares/Third_Party/FreeRTOS/Source/tasks.c **** 				}
4089:Middlewares/Third_Party/FreeRTOS/Source/tasks.c **** 			}
4090:Middlewares/Third_Party/FreeRTOS/Source/tasks.c **** 		}
4091:Middlewares/Third_Party/FreeRTOS/Source/tasks.c **** 		else
4092:Middlewares/Third_Party/FreeRTOS/Source/tasks.c **** 		{
4093:Middlewares/Third_Party/FreeRTOS/Source/tasks.c **** 			mtCOVERAGE_TEST_MARKER();
4094:Middlewares/Third_Party/FreeRTOS/Source/tasks.c **** 		}
4095:Middlewares/Third_Party/FreeRTOS/Source/tasks.c **** 
4096:Middlewares/Third_Party/FreeRTOS/Source/tasks.c **** 		return xReturn;
4097:Middlewares/Third_Party/FreeRTOS/Source/tasks.c **** 	}
4098:Middlewares/Third_Party/FreeRTOS/Source/tasks.c **** 
4099:Middlewares/Third_Party/FreeRTOS/Source/tasks.c **** #endif /* configUSE_MUTEXES */
4100:Middlewares/Third_Party/FreeRTOS/Source/tasks.c **** /*-----------------------------------------------------------*/
4101:Middlewares/Third_Party/FreeRTOS/Source/tasks.c **** 
4102:Middlewares/Third_Party/FreeRTOS/Source/tasks.c **** #if ( configUSE_MUTEXES == 1 )
4103:Middlewares/Third_Party/FreeRTOS/Source/tasks.c **** 
4104:Middlewares/Third_Party/FreeRTOS/Source/tasks.c **** 	BaseType_t xTaskPriorityDisinherit( TaskHandle_t const pxMutexHolder )
4105:Middlewares/Third_Party/FreeRTOS/Source/tasks.c **** 	{
4106:Middlewares/Third_Party/FreeRTOS/Source/tasks.c **** 	TCB_t * const pxTCB = pxMutexHolder;
4107:Middlewares/Third_Party/FreeRTOS/Source/tasks.c **** 	BaseType_t xReturn = pdFALSE;
4108:Middlewares/Third_Party/FreeRTOS/Source/tasks.c **** 
4109:Middlewares/Third_Party/FreeRTOS/Source/tasks.c **** 		if( pxMutexHolder != NULL )
4110:Middlewares/Third_Party/FreeRTOS/Source/tasks.c **** 		{
4111:Middlewares/Third_Party/FreeRTOS/Source/tasks.c **** 			/* A task can only have an inherited priority if it holds the mutex.
4112:Middlewares/Third_Party/FreeRTOS/Source/tasks.c **** 			If the mutex is held by a task then it cannot be given from an
4113:Middlewares/Third_Party/FreeRTOS/Source/tasks.c **** 			interrupt, and if a mutex is given by the holding task then it must
4114:Middlewares/Third_Party/FreeRTOS/Source/tasks.c **** 			be the running state task. */
4115:Middlewares/Third_Party/FreeRTOS/Source/tasks.c **** 			configASSERT( pxTCB == pxCurrentTCB );
4116:Middlewares/Third_Party/FreeRTOS/Source/tasks.c **** 			configASSERT( pxTCB->uxMutexesHeld );
4117:Middlewares/Third_Party/FreeRTOS/Source/tasks.c **** 			( pxTCB->uxMutexesHeld )--;
4118:Middlewares/Third_Party/FreeRTOS/Source/tasks.c **** 
4119:Middlewares/Third_Party/FreeRTOS/Source/tasks.c **** 			/* Has the holder of the mutex inherited the priority of another
4120:Middlewares/Third_Party/FreeRTOS/Source/tasks.c **** 			task? */
4121:Middlewares/Third_Party/FreeRTOS/Source/tasks.c **** 			if( pxTCB->uxPriority != pxTCB->uxBasePriority )
4122:Middlewares/Third_Party/FreeRTOS/Source/tasks.c **** 			{
4123:Middlewares/Third_Party/FreeRTOS/Source/tasks.c **** 				/* Only disinherit if no other mutexes are held. */
4124:Middlewares/Third_Party/FreeRTOS/Source/tasks.c **** 				if( pxTCB->uxMutexesHeld == ( UBaseType_t ) 0 )
4125:Middlewares/Third_Party/FreeRTOS/Source/tasks.c **** 				{
4126:Middlewares/Third_Party/FreeRTOS/Source/tasks.c **** 					/* A task can only have an inherited priority if it holds
4127:Middlewares/Third_Party/FreeRTOS/Source/tasks.c **** 					the mutex.  If the mutex is held by a task then it cannot be
4128:Middlewares/Third_Party/FreeRTOS/Source/tasks.c **** 					given from an interrupt, and if a mutex is given by the
4129:Middlewares/Third_Party/FreeRTOS/Source/tasks.c **** 					holding task then it must be the running state task.  Remove
4130:Middlewares/Third_Party/FreeRTOS/Source/tasks.c **** 					the holding task from the ready/delayed list. */
4131:Middlewares/Third_Party/FreeRTOS/Source/tasks.c **** 					if( uxListRemove( &( pxTCB->xStateListItem ) ) == ( UBaseType_t ) 0 )
4132:Middlewares/Third_Party/FreeRTOS/Source/tasks.c **** 					{
4133:Middlewares/Third_Party/FreeRTOS/Source/tasks.c **** 						taskRESET_READY_PRIORITY( pxTCB->uxPriority );
4134:Middlewares/Third_Party/FreeRTOS/Source/tasks.c **** 					}
ARM GAS  D:\software\msy64\tmp\ccHzaEXX.s 			page 94


4135:Middlewares/Third_Party/FreeRTOS/Source/tasks.c **** 					else
4136:Middlewares/Third_Party/FreeRTOS/Source/tasks.c **** 					{
4137:Middlewares/Third_Party/FreeRTOS/Source/tasks.c **** 						mtCOVERAGE_TEST_MARKER();
4138:Middlewares/Third_Party/FreeRTOS/Source/tasks.c **** 					}
4139:Middlewares/Third_Party/FreeRTOS/Source/tasks.c **** 
4140:Middlewares/Third_Party/FreeRTOS/Source/tasks.c **** 					/* Disinherit the priority before adding the task into the
4141:Middlewares/Third_Party/FreeRTOS/Source/tasks.c **** 					new	ready list. */
4142:Middlewares/Third_Party/FreeRTOS/Source/tasks.c **** 					traceTASK_PRIORITY_DISINHERIT( pxTCB, pxTCB->uxBasePriority );
4143:Middlewares/Third_Party/FreeRTOS/Source/tasks.c **** 					pxTCB->uxPriority = pxTCB->uxBasePriority;
4144:Middlewares/Third_Party/FreeRTOS/Source/tasks.c **** 
4145:Middlewares/Third_Party/FreeRTOS/Source/tasks.c **** 					/* Reset the event list item value.  It cannot be in use for
4146:Middlewares/Third_Party/FreeRTOS/Source/tasks.c **** 					any other purpose if this task is running, and it must be
4147:Middlewares/Third_Party/FreeRTOS/Source/tasks.c **** 					running to give back the mutex. */
4148:Middlewares/Third_Party/FreeRTOS/Source/tasks.c **** 					listSET_LIST_ITEM_VALUE( &( pxTCB->xEventListItem ), ( TickType_t ) configMAX_PRIORITIES - ( T
4149:Middlewares/Third_Party/FreeRTOS/Source/tasks.c **** 					prvAddTaskToReadyList( pxTCB );
4150:Middlewares/Third_Party/FreeRTOS/Source/tasks.c **** 
4151:Middlewares/Third_Party/FreeRTOS/Source/tasks.c **** 					/* Return true to indicate that a context switch is required.
4152:Middlewares/Third_Party/FreeRTOS/Source/tasks.c **** 					This is only actually required in the corner case whereby
4153:Middlewares/Third_Party/FreeRTOS/Source/tasks.c **** 					multiple mutexes were held and the mutexes were given back
4154:Middlewares/Third_Party/FreeRTOS/Source/tasks.c **** 					in an order different to that in which they were taken.
4155:Middlewares/Third_Party/FreeRTOS/Source/tasks.c **** 					If a context switch did not occur when the first mutex was
4156:Middlewares/Third_Party/FreeRTOS/Source/tasks.c **** 					returned, even if a task was waiting on it, then a context
4157:Middlewares/Third_Party/FreeRTOS/Source/tasks.c **** 					switch should occur when the last mutex is returned whether
4158:Middlewares/Third_Party/FreeRTOS/Source/tasks.c **** 					a task is waiting on it or not. */
4159:Middlewares/Third_Party/FreeRTOS/Source/tasks.c **** 					xReturn = pdTRUE;
4160:Middlewares/Third_Party/FreeRTOS/Source/tasks.c **** 				}
4161:Middlewares/Third_Party/FreeRTOS/Source/tasks.c **** 				else
4162:Middlewares/Third_Party/FreeRTOS/Source/tasks.c **** 				{
4163:Middlewares/Third_Party/FreeRTOS/Source/tasks.c **** 					mtCOVERAGE_TEST_MARKER();
4164:Middlewares/Third_Party/FreeRTOS/Source/tasks.c **** 				}
4165:Middlewares/Third_Party/FreeRTOS/Source/tasks.c **** 			}
4166:Middlewares/Third_Party/FreeRTOS/Source/tasks.c **** 			else
4167:Middlewares/Third_Party/FreeRTOS/Source/tasks.c **** 			{
4168:Middlewares/Third_Party/FreeRTOS/Source/tasks.c **** 				mtCOVERAGE_TEST_MARKER();
4169:Middlewares/Third_Party/FreeRTOS/Source/tasks.c **** 			}
4170:Middlewares/Third_Party/FreeRTOS/Source/tasks.c **** 		}
4171:Middlewares/Third_Party/FreeRTOS/Source/tasks.c **** 		else
4172:Middlewares/Third_Party/FreeRTOS/Source/tasks.c **** 		{
4173:Middlewares/Third_Party/FreeRTOS/Source/tasks.c **** 			mtCOVERAGE_TEST_MARKER();
4174:Middlewares/Third_Party/FreeRTOS/Source/tasks.c **** 		}
4175:Middlewares/Third_Party/FreeRTOS/Source/tasks.c **** 
4176:Middlewares/Third_Party/FreeRTOS/Source/tasks.c **** 		return xReturn;
4177:Middlewares/Third_Party/FreeRTOS/Source/tasks.c **** 	}
4178:Middlewares/Third_Party/FreeRTOS/Source/tasks.c **** 
4179:Middlewares/Third_Party/FreeRTOS/Source/tasks.c **** #endif /* configUSE_MUTEXES */
4180:Middlewares/Third_Party/FreeRTOS/Source/tasks.c **** /*-----------------------------------------------------------*/
4181:Middlewares/Third_Party/FreeRTOS/Source/tasks.c **** 
4182:Middlewares/Third_Party/FreeRTOS/Source/tasks.c **** #if ( configUSE_MUTEXES == 1 )
4183:Middlewares/Third_Party/FreeRTOS/Source/tasks.c **** 
4184:Middlewares/Third_Party/FreeRTOS/Source/tasks.c **** 	void vTaskPriorityDisinheritAfterTimeout( TaskHandle_t const pxMutexHolder, UBaseType_t uxHighestP
4185:Middlewares/Third_Party/FreeRTOS/Source/tasks.c **** 	{
4186:Middlewares/Third_Party/FreeRTOS/Source/tasks.c **** 	TCB_t * const pxTCB = pxMutexHolder;
4187:Middlewares/Third_Party/FreeRTOS/Source/tasks.c **** 	UBaseType_t uxPriorityUsedOnEntry, uxPriorityToUse;
4188:Middlewares/Third_Party/FreeRTOS/Source/tasks.c **** 	const UBaseType_t uxOnlyOneMutexHeld = ( UBaseType_t ) 1;
4189:Middlewares/Third_Party/FreeRTOS/Source/tasks.c **** 
4190:Middlewares/Third_Party/FreeRTOS/Source/tasks.c **** 		if( pxMutexHolder != NULL )
4191:Middlewares/Third_Party/FreeRTOS/Source/tasks.c **** 		{
ARM GAS  D:\software\msy64\tmp\ccHzaEXX.s 			page 95


4192:Middlewares/Third_Party/FreeRTOS/Source/tasks.c **** 			/* If pxMutexHolder is not NULL then the holder must hold at least
4193:Middlewares/Third_Party/FreeRTOS/Source/tasks.c **** 			one mutex. */
4194:Middlewares/Third_Party/FreeRTOS/Source/tasks.c **** 			configASSERT( pxTCB->uxMutexesHeld );
4195:Middlewares/Third_Party/FreeRTOS/Source/tasks.c **** 
4196:Middlewares/Third_Party/FreeRTOS/Source/tasks.c **** 			/* Determine the priority to which the priority of the task that
4197:Middlewares/Third_Party/FreeRTOS/Source/tasks.c **** 			holds the mutex should be set.  This will be the greater of the
4198:Middlewares/Third_Party/FreeRTOS/Source/tasks.c **** 			holding task's base priority and the priority of the highest
4199:Middlewares/Third_Party/FreeRTOS/Source/tasks.c **** 			priority task that is waiting to obtain the mutex. */
4200:Middlewares/Third_Party/FreeRTOS/Source/tasks.c **** 			if( pxTCB->uxBasePriority < uxHighestPriorityWaitingTask )
4201:Middlewares/Third_Party/FreeRTOS/Source/tasks.c **** 			{
4202:Middlewares/Third_Party/FreeRTOS/Source/tasks.c **** 				uxPriorityToUse = uxHighestPriorityWaitingTask;
4203:Middlewares/Third_Party/FreeRTOS/Source/tasks.c **** 			}
4204:Middlewares/Third_Party/FreeRTOS/Source/tasks.c **** 			else
4205:Middlewares/Third_Party/FreeRTOS/Source/tasks.c **** 			{
4206:Middlewares/Third_Party/FreeRTOS/Source/tasks.c **** 				uxPriorityToUse = pxTCB->uxBasePriority;
4207:Middlewares/Third_Party/FreeRTOS/Source/tasks.c **** 			}
4208:Middlewares/Third_Party/FreeRTOS/Source/tasks.c **** 
4209:Middlewares/Third_Party/FreeRTOS/Source/tasks.c **** 			/* Does the priority need to change? */
4210:Middlewares/Third_Party/FreeRTOS/Source/tasks.c **** 			if( pxTCB->uxPriority != uxPriorityToUse )
4211:Middlewares/Third_Party/FreeRTOS/Source/tasks.c **** 			{
4212:Middlewares/Third_Party/FreeRTOS/Source/tasks.c **** 				/* Only disinherit if no other mutexes are held.  This is a
4213:Middlewares/Third_Party/FreeRTOS/Source/tasks.c **** 				simplification in the priority inheritance implementation.  If
4214:Middlewares/Third_Party/FreeRTOS/Source/tasks.c **** 				the task that holds the mutex is also holding other mutexes then
4215:Middlewares/Third_Party/FreeRTOS/Source/tasks.c **** 				the other mutexes may have caused the priority inheritance. */
4216:Middlewares/Third_Party/FreeRTOS/Source/tasks.c **** 				if( pxTCB->uxMutexesHeld == uxOnlyOneMutexHeld )
4217:Middlewares/Third_Party/FreeRTOS/Source/tasks.c **** 				{
4218:Middlewares/Third_Party/FreeRTOS/Source/tasks.c **** 					/* If a task has timed out because it already holds the
4219:Middlewares/Third_Party/FreeRTOS/Source/tasks.c **** 					mutex it was trying to obtain then it cannot of inherited
4220:Middlewares/Third_Party/FreeRTOS/Source/tasks.c **** 					its own priority. */
4221:Middlewares/Third_Party/FreeRTOS/Source/tasks.c **** 					configASSERT( pxTCB != pxCurrentTCB );
4222:Middlewares/Third_Party/FreeRTOS/Source/tasks.c **** 
4223:Middlewares/Third_Party/FreeRTOS/Source/tasks.c **** 					/* Disinherit the priority, remembering the previous
4224:Middlewares/Third_Party/FreeRTOS/Source/tasks.c **** 					priority to facilitate determining the subject task's
4225:Middlewares/Third_Party/FreeRTOS/Source/tasks.c **** 					state. */
4226:Middlewares/Third_Party/FreeRTOS/Source/tasks.c **** 					traceTASK_PRIORITY_DISINHERIT( pxTCB, pxTCB->uxBasePriority );
4227:Middlewares/Third_Party/FreeRTOS/Source/tasks.c **** 					uxPriorityUsedOnEntry = pxTCB->uxPriority;
4228:Middlewares/Third_Party/FreeRTOS/Source/tasks.c **** 					pxTCB->uxPriority = uxPriorityToUse;
4229:Middlewares/Third_Party/FreeRTOS/Source/tasks.c **** 
4230:Middlewares/Third_Party/FreeRTOS/Source/tasks.c **** 					/* Only reset the event list item value if the value is not
4231:Middlewares/Third_Party/FreeRTOS/Source/tasks.c **** 					being used for anything else. */
4232:Middlewares/Third_Party/FreeRTOS/Source/tasks.c **** 					if( ( listGET_LIST_ITEM_VALUE( &( pxTCB->xEventListItem ) ) & taskEVENT_LIST_ITEM_VALUE_IN_USE
4233:Middlewares/Third_Party/FreeRTOS/Source/tasks.c **** 					{
4234:Middlewares/Third_Party/FreeRTOS/Source/tasks.c **** 						listSET_LIST_ITEM_VALUE( &( pxTCB->xEventListItem ), ( TickType_t ) configMAX_PRIORITIES - ( 
4235:Middlewares/Third_Party/FreeRTOS/Source/tasks.c **** 					}
4236:Middlewares/Third_Party/FreeRTOS/Source/tasks.c **** 					else
4237:Middlewares/Third_Party/FreeRTOS/Source/tasks.c **** 					{
4238:Middlewares/Third_Party/FreeRTOS/Source/tasks.c **** 						mtCOVERAGE_TEST_MARKER();
4239:Middlewares/Third_Party/FreeRTOS/Source/tasks.c **** 					}
4240:Middlewares/Third_Party/FreeRTOS/Source/tasks.c **** 
4241:Middlewares/Third_Party/FreeRTOS/Source/tasks.c **** 					/* If the running task is not the task that holds the mutex
4242:Middlewares/Third_Party/FreeRTOS/Source/tasks.c **** 					then the task that holds the mutex could be in either the
4243:Middlewares/Third_Party/FreeRTOS/Source/tasks.c **** 					Ready, Blocked or Suspended states.  Only remove the task
4244:Middlewares/Third_Party/FreeRTOS/Source/tasks.c **** 					from its current state list if it is in the Ready state as
4245:Middlewares/Third_Party/FreeRTOS/Source/tasks.c **** 					the task's priority is going to change and there is one
4246:Middlewares/Third_Party/FreeRTOS/Source/tasks.c **** 					Ready list per priority. */
4247:Middlewares/Third_Party/FreeRTOS/Source/tasks.c **** 					if( listIS_CONTAINED_WITHIN( &( pxReadyTasksLists[ uxPriorityUsedOnEntry ] ), &( pxTCB->xState
4248:Middlewares/Third_Party/FreeRTOS/Source/tasks.c **** 					{
ARM GAS  D:\software\msy64\tmp\ccHzaEXX.s 			page 96


4249:Middlewares/Third_Party/FreeRTOS/Source/tasks.c **** 						if( uxListRemove( &( pxTCB->xStateListItem ) ) == ( UBaseType_t ) 0 )
4250:Middlewares/Third_Party/FreeRTOS/Source/tasks.c **** 						{
4251:Middlewares/Third_Party/FreeRTOS/Source/tasks.c **** 							/* It is known that the task is in its ready list so
4252:Middlewares/Third_Party/FreeRTOS/Source/tasks.c **** 							there is no need to check again and the port level
4253:Middlewares/Third_Party/FreeRTOS/Source/tasks.c **** 							reset macro can be called directly. */
4254:Middlewares/Third_Party/FreeRTOS/Source/tasks.c **** 							portRESET_READY_PRIORITY( pxTCB->uxPriority, uxTopReadyPriority );
4255:Middlewares/Third_Party/FreeRTOS/Source/tasks.c **** 						}
4256:Middlewares/Third_Party/FreeRTOS/Source/tasks.c **** 						else
4257:Middlewares/Third_Party/FreeRTOS/Source/tasks.c **** 						{
4258:Middlewares/Third_Party/FreeRTOS/Source/tasks.c **** 							mtCOVERAGE_TEST_MARKER();
4259:Middlewares/Third_Party/FreeRTOS/Source/tasks.c **** 						}
4260:Middlewares/Third_Party/FreeRTOS/Source/tasks.c **** 
4261:Middlewares/Third_Party/FreeRTOS/Source/tasks.c **** 						prvAddTaskToReadyList( pxTCB );
4262:Middlewares/Third_Party/FreeRTOS/Source/tasks.c **** 					}
4263:Middlewares/Third_Party/FreeRTOS/Source/tasks.c **** 					else
4264:Middlewares/Third_Party/FreeRTOS/Source/tasks.c **** 					{
4265:Middlewares/Third_Party/FreeRTOS/Source/tasks.c **** 						mtCOVERAGE_TEST_MARKER();
4266:Middlewares/Third_Party/FreeRTOS/Source/tasks.c **** 					}
4267:Middlewares/Third_Party/FreeRTOS/Source/tasks.c **** 				}
4268:Middlewares/Third_Party/FreeRTOS/Source/tasks.c **** 				else
4269:Middlewares/Third_Party/FreeRTOS/Source/tasks.c **** 				{
4270:Middlewares/Third_Party/FreeRTOS/Source/tasks.c **** 					mtCOVERAGE_TEST_MARKER();
4271:Middlewares/Third_Party/FreeRTOS/Source/tasks.c **** 				}
4272:Middlewares/Third_Party/FreeRTOS/Source/tasks.c **** 			}
4273:Middlewares/Third_Party/FreeRTOS/Source/tasks.c **** 			else
4274:Middlewares/Third_Party/FreeRTOS/Source/tasks.c **** 			{
4275:Middlewares/Third_Party/FreeRTOS/Source/tasks.c **** 				mtCOVERAGE_TEST_MARKER();
4276:Middlewares/Third_Party/FreeRTOS/Source/tasks.c **** 			}
4277:Middlewares/Third_Party/FreeRTOS/Source/tasks.c **** 		}
4278:Middlewares/Third_Party/FreeRTOS/Source/tasks.c **** 		else
4279:Middlewares/Third_Party/FreeRTOS/Source/tasks.c **** 		{
4280:Middlewares/Third_Party/FreeRTOS/Source/tasks.c **** 			mtCOVERAGE_TEST_MARKER();
4281:Middlewares/Third_Party/FreeRTOS/Source/tasks.c **** 		}
4282:Middlewares/Third_Party/FreeRTOS/Source/tasks.c **** 	}
4283:Middlewares/Third_Party/FreeRTOS/Source/tasks.c **** 
4284:Middlewares/Third_Party/FreeRTOS/Source/tasks.c **** #endif /* configUSE_MUTEXES */
4285:Middlewares/Third_Party/FreeRTOS/Source/tasks.c **** /*-----------------------------------------------------------*/
4286:Middlewares/Third_Party/FreeRTOS/Source/tasks.c **** 
4287:Middlewares/Third_Party/FreeRTOS/Source/tasks.c **** #if ( portCRITICAL_NESTING_IN_TCB == 1 )
4288:Middlewares/Third_Party/FreeRTOS/Source/tasks.c **** 
4289:Middlewares/Third_Party/FreeRTOS/Source/tasks.c **** 	void vTaskEnterCritical( void )
4290:Middlewares/Third_Party/FreeRTOS/Source/tasks.c **** 	{
4291:Middlewares/Third_Party/FreeRTOS/Source/tasks.c **** 		portDISABLE_INTERRUPTS();
4292:Middlewares/Third_Party/FreeRTOS/Source/tasks.c **** 
4293:Middlewares/Third_Party/FreeRTOS/Source/tasks.c **** 		if( xSchedulerRunning != pdFALSE )
4294:Middlewares/Third_Party/FreeRTOS/Source/tasks.c **** 		{
4295:Middlewares/Third_Party/FreeRTOS/Source/tasks.c **** 			( pxCurrentTCB->uxCriticalNesting )++;
4296:Middlewares/Third_Party/FreeRTOS/Source/tasks.c **** 
4297:Middlewares/Third_Party/FreeRTOS/Source/tasks.c **** 			/* This is not the interrupt safe version of the enter critical
4298:Middlewares/Third_Party/FreeRTOS/Source/tasks.c **** 			function so	assert() if it is being called from an interrupt
4299:Middlewares/Third_Party/FreeRTOS/Source/tasks.c **** 			context.  Only API functions that end in "FromISR" can be used in an
4300:Middlewares/Third_Party/FreeRTOS/Source/tasks.c **** 			interrupt.  Only assert if the critical nesting count is 1 to
4301:Middlewares/Third_Party/FreeRTOS/Source/tasks.c **** 			protect against recursive calls if the assert function also uses a
4302:Middlewares/Third_Party/FreeRTOS/Source/tasks.c **** 			critical section. */
4303:Middlewares/Third_Party/FreeRTOS/Source/tasks.c **** 			if( pxCurrentTCB->uxCriticalNesting == 1 )
4304:Middlewares/Third_Party/FreeRTOS/Source/tasks.c **** 			{
4305:Middlewares/Third_Party/FreeRTOS/Source/tasks.c **** 				portASSERT_IF_IN_ISR();
ARM GAS  D:\software\msy64\tmp\ccHzaEXX.s 			page 97


4306:Middlewares/Third_Party/FreeRTOS/Source/tasks.c **** 			}
4307:Middlewares/Third_Party/FreeRTOS/Source/tasks.c **** 		}
4308:Middlewares/Third_Party/FreeRTOS/Source/tasks.c **** 		else
4309:Middlewares/Third_Party/FreeRTOS/Source/tasks.c **** 		{
4310:Middlewares/Third_Party/FreeRTOS/Source/tasks.c **** 			mtCOVERAGE_TEST_MARKER();
4311:Middlewares/Third_Party/FreeRTOS/Source/tasks.c **** 		}
4312:Middlewares/Third_Party/FreeRTOS/Source/tasks.c **** 	}
4313:Middlewares/Third_Party/FreeRTOS/Source/tasks.c **** 
4314:Middlewares/Third_Party/FreeRTOS/Source/tasks.c **** #endif /* portCRITICAL_NESTING_IN_TCB */
4315:Middlewares/Third_Party/FreeRTOS/Source/tasks.c **** /*-----------------------------------------------------------*/
4316:Middlewares/Third_Party/FreeRTOS/Source/tasks.c **** 
4317:Middlewares/Third_Party/FreeRTOS/Source/tasks.c **** #if ( portCRITICAL_NESTING_IN_TCB == 1 )
4318:Middlewares/Third_Party/FreeRTOS/Source/tasks.c **** 
4319:Middlewares/Third_Party/FreeRTOS/Source/tasks.c **** 	void vTaskExitCritical( void )
4320:Middlewares/Third_Party/FreeRTOS/Source/tasks.c **** 	{
4321:Middlewares/Third_Party/FreeRTOS/Source/tasks.c **** 		if( xSchedulerRunning != pdFALSE )
4322:Middlewares/Third_Party/FreeRTOS/Source/tasks.c **** 		{
4323:Middlewares/Third_Party/FreeRTOS/Source/tasks.c **** 			if( pxCurrentTCB->uxCriticalNesting > 0U )
4324:Middlewares/Third_Party/FreeRTOS/Source/tasks.c **** 			{
4325:Middlewares/Third_Party/FreeRTOS/Source/tasks.c **** 				( pxCurrentTCB->uxCriticalNesting )--;
4326:Middlewares/Third_Party/FreeRTOS/Source/tasks.c **** 
4327:Middlewares/Third_Party/FreeRTOS/Source/tasks.c **** 				if( pxCurrentTCB->uxCriticalNesting == 0U )
4328:Middlewares/Third_Party/FreeRTOS/Source/tasks.c **** 				{
4329:Middlewares/Third_Party/FreeRTOS/Source/tasks.c **** 					portENABLE_INTERRUPTS();
4330:Middlewares/Third_Party/FreeRTOS/Source/tasks.c **** 				}
4331:Middlewares/Third_Party/FreeRTOS/Source/tasks.c **** 				else
4332:Middlewares/Third_Party/FreeRTOS/Source/tasks.c **** 				{
4333:Middlewares/Third_Party/FreeRTOS/Source/tasks.c **** 					mtCOVERAGE_TEST_MARKER();
4334:Middlewares/Third_Party/FreeRTOS/Source/tasks.c **** 				}
4335:Middlewares/Third_Party/FreeRTOS/Source/tasks.c **** 			}
4336:Middlewares/Third_Party/FreeRTOS/Source/tasks.c **** 			else
4337:Middlewares/Third_Party/FreeRTOS/Source/tasks.c **** 			{
4338:Middlewares/Third_Party/FreeRTOS/Source/tasks.c **** 				mtCOVERAGE_TEST_MARKER();
4339:Middlewares/Third_Party/FreeRTOS/Source/tasks.c **** 			}
4340:Middlewares/Third_Party/FreeRTOS/Source/tasks.c **** 		}
4341:Middlewares/Third_Party/FreeRTOS/Source/tasks.c **** 		else
4342:Middlewares/Third_Party/FreeRTOS/Source/tasks.c **** 		{
4343:Middlewares/Third_Party/FreeRTOS/Source/tasks.c **** 			mtCOVERAGE_TEST_MARKER();
4344:Middlewares/Third_Party/FreeRTOS/Source/tasks.c **** 		}
4345:Middlewares/Third_Party/FreeRTOS/Source/tasks.c **** 	}
4346:Middlewares/Third_Party/FreeRTOS/Source/tasks.c **** 
4347:Middlewares/Third_Party/FreeRTOS/Source/tasks.c **** #endif /* portCRITICAL_NESTING_IN_TCB */
4348:Middlewares/Third_Party/FreeRTOS/Source/tasks.c **** /*-----------------------------------------------------------*/
4349:Middlewares/Third_Party/FreeRTOS/Source/tasks.c **** 
4350:Middlewares/Third_Party/FreeRTOS/Source/tasks.c **** #if ( ( configUSE_TRACE_FACILITY == 1 ) && ( configUSE_STATS_FORMATTING_FUNCTIONS > 0 ) )
4351:Middlewares/Third_Party/FreeRTOS/Source/tasks.c **** 
4352:Middlewares/Third_Party/FreeRTOS/Source/tasks.c **** 	static char *prvWriteNameToBuffer( char *pcBuffer, const char *pcTaskName )
4353:Middlewares/Third_Party/FreeRTOS/Source/tasks.c **** 	{
4354:Middlewares/Third_Party/FreeRTOS/Source/tasks.c **** 	size_t x;
4355:Middlewares/Third_Party/FreeRTOS/Source/tasks.c **** 
4356:Middlewares/Third_Party/FreeRTOS/Source/tasks.c **** 		/* Start by copying the entire string. */
4357:Middlewares/Third_Party/FreeRTOS/Source/tasks.c **** 		strcpy( pcBuffer, pcTaskName );
4358:Middlewares/Third_Party/FreeRTOS/Source/tasks.c **** 
4359:Middlewares/Third_Party/FreeRTOS/Source/tasks.c **** 		/* Pad the end of the string with spaces to ensure columns line up when
4360:Middlewares/Third_Party/FreeRTOS/Source/tasks.c **** 		printed out. */
4361:Middlewares/Third_Party/FreeRTOS/Source/tasks.c **** 		for( x = strlen( pcBuffer ); x < ( size_t ) ( configMAX_TASK_NAME_LEN - 1 ); x++ )
4362:Middlewares/Third_Party/FreeRTOS/Source/tasks.c **** 		{
ARM GAS  D:\software\msy64\tmp\ccHzaEXX.s 			page 98


4363:Middlewares/Third_Party/FreeRTOS/Source/tasks.c **** 			pcBuffer[ x ] = ' ';
4364:Middlewares/Third_Party/FreeRTOS/Source/tasks.c **** 		}
4365:Middlewares/Third_Party/FreeRTOS/Source/tasks.c **** 
4366:Middlewares/Third_Party/FreeRTOS/Source/tasks.c **** 		/* Terminate. */
4367:Middlewares/Third_Party/FreeRTOS/Source/tasks.c **** 		pcBuffer[ x ] = ( char ) 0x00;
4368:Middlewares/Third_Party/FreeRTOS/Source/tasks.c **** 
4369:Middlewares/Third_Party/FreeRTOS/Source/tasks.c **** 		/* Return the new end of string. */
4370:Middlewares/Third_Party/FreeRTOS/Source/tasks.c **** 		return &( pcBuffer[ x ] );
4371:Middlewares/Third_Party/FreeRTOS/Source/tasks.c **** 	}
4372:Middlewares/Third_Party/FreeRTOS/Source/tasks.c **** 
4373:Middlewares/Third_Party/FreeRTOS/Source/tasks.c **** #endif /* ( configUSE_TRACE_FACILITY == 1 ) && ( configUSE_STATS_FORMATTING_FUNCTIONS > 0 ) */
4374:Middlewares/Third_Party/FreeRTOS/Source/tasks.c **** /*-----------------------------------------------------------*/
4375:Middlewares/Third_Party/FreeRTOS/Source/tasks.c **** 
4376:Middlewares/Third_Party/FreeRTOS/Source/tasks.c **** #if ( ( configUSE_TRACE_FACILITY == 1 ) && ( configUSE_STATS_FORMATTING_FUNCTIONS > 0 ) && ( config
4377:Middlewares/Third_Party/FreeRTOS/Source/tasks.c **** 
4378:Middlewares/Third_Party/FreeRTOS/Source/tasks.c **** 	void vTaskList( char * pcWriteBuffer )
4379:Middlewares/Third_Party/FreeRTOS/Source/tasks.c **** 	{
4380:Middlewares/Third_Party/FreeRTOS/Source/tasks.c **** 	TaskStatus_t *pxTaskStatusArray;
4381:Middlewares/Third_Party/FreeRTOS/Source/tasks.c **** 	UBaseType_t uxArraySize, x;
4382:Middlewares/Third_Party/FreeRTOS/Source/tasks.c **** 	char cStatus;
4383:Middlewares/Third_Party/FreeRTOS/Source/tasks.c **** 
4384:Middlewares/Third_Party/FreeRTOS/Source/tasks.c **** 		/*
4385:Middlewares/Third_Party/FreeRTOS/Source/tasks.c **** 		 * PLEASE NOTE:
4386:Middlewares/Third_Party/FreeRTOS/Source/tasks.c **** 		 *
4387:Middlewares/Third_Party/FreeRTOS/Source/tasks.c **** 		 * This function is provided for convenience only, and is used by many
4388:Middlewares/Third_Party/FreeRTOS/Source/tasks.c **** 		 * of the demo applications.  Do not consider it to be part of the
4389:Middlewares/Third_Party/FreeRTOS/Source/tasks.c **** 		 * scheduler.
4390:Middlewares/Third_Party/FreeRTOS/Source/tasks.c **** 		 *
4391:Middlewares/Third_Party/FreeRTOS/Source/tasks.c **** 		 * vTaskList() calls uxTaskGetSystemState(), then formats part of the
4392:Middlewares/Third_Party/FreeRTOS/Source/tasks.c **** 		 * uxTaskGetSystemState() output into a human readable table that
4393:Middlewares/Third_Party/FreeRTOS/Source/tasks.c **** 		 * displays task names, states and stack usage.
4394:Middlewares/Third_Party/FreeRTOS/Source/tasks.c **** 		 *
4395:Middlewares/Third_Party/FreeRTOS/Source/tasks.c **** 		 * vTaskList() has a dependency on the sprintf() C library function that
4396:Middlewares/Third_Party/FreeRTOS/Source/tasks.c **** 		 * might bloat the code size, use a lot of stack, and provide different
4397:Middlewares/Third_Party/FreeRTOS/Source/tasks.c **** 		 * results on different platforms.  An alternative, tiny, third party,
4398:Middlewares/Third_Party/FreeRTOS/Source/tasks.c **** 		 * and limited functionality implementation of sprintf() is provided in
4399:Middlewares/Third_Party/FreeRTOS/Source/tasks.c **** 		 * many of the FreeRTOS/Demo sub-directories in a file called
4400:Middlewares/Third_Party/FreeRTOS/Source/tasks.c **** 		 * printf-stdarg.c (note printf-stdarg.c does not provide a full
4401:Middlewares/Third_Party/FreeRTOS/Source/tasks.c **** 		 * snprintf() implementation!).
4402:Middlewares/Third_Party/FreeRTOS/Source/tasks.c **** 		 *
4403:Middlewares/Third_Party/FreeRTOS/Source/tasks.c **** 		 * It is recommended that production systems call uxTaskGetSystemState()
4404:Middlewares/Third_Party/FreeRTOS/Source/tasks.c **** 		 * directly to get access to raw stats data, rather than indirectly
4405:Middlewares/Third_Party/FreeRTOS/Source/tasks.c **** 		 * through a call to vTaskList().
4406:Middlewares/Third_Party/FreeRTOS/Source/tasks.c **** 		 */
4407:Middlewares/Third_Party/FreeRTOS/Source/tasks.c **** 
4408:Middlewares/Third_Party/FreeRTOS/Source/tasks.c **** 
4409:Middlewares/Third_Party/FreeRTOS/Source/tasks.c **** 		/* Make sure the write buffer does not contain a string. */
4410:Middlewares/Third_Party/FreeRTOS/Source/tasks.c **** 		*pcWriteBuffer = ( char ) 0x00;
4411:Middlewares/Third_Party/FreeRTOS/Source/tasks.c **** 
4412:Middlewares/Third_Party/FreeRTOS/Source/tasks.c **** 		/* Take a snapshot of the number of tasks in case it changes while this
4413:Middlewares/Third_Party/FreeRTOS/Source/tasks.c **** 		function is executing. */
4414:Middlewares/Third_Party/FreeRTOS/Source/tasks.c **** 		uxArraySize = uxCurrentNumberOfTasks;
4415:Middlewares/Third_Party/FreeRTOS/Source/tasks.c **** 
4416:Middlewares/Third_Party/FreeRTOS/Source/tasks.c **** 		/* Allocate an array index for each task.  NOTE!  if
4417:Middlewares/Third_Party/FreeRTOS/Source/tasks.c **** 		configSUPPORT_DYNAMIC_ALLOCATION is set to 0 then pvPortMalloc() will
4418:Middlewares/Third_Party/FreeRTOS/Source/tasks.c **** 		equate to NULL. */
4419:Middlewares/Third_Party/FreeRTOS/Source/tasks.c **** 		pxTaskStatusArray = pvPortMalloc( uxCurrentNumberOfTasks * sizeof( TaskStatus_t ) ); /*lint !e907
ARM GAS  D:\software\msy64\tmp\ccHzaEXX.s 			page 99


4420:Middlewares/Third_Party/FreeRTOS/Source/tasks.c **** 
4421:Middlewares/Third_Party/FreeRTOS/Source/tasks.c **** 		if( pxTaskStatusArray != NULL )
4422:Middlewares/Third_Party/FreeRTOS/Source/tasks.c **** 		{
4423:Middlewares/Third_Party/FreeRTOS/Source/tasks.c **** 			/* Generate the (binary) data. */
4424:Middlewares/Third_Party/FreeRTOS/Source/tasks.c **** 			uxArraySize = uxTaskGetSystemState( pxTaskStatusArray, uxArraySize, NULL );
4425:Middlewares/Third_Party/FreeRTOS/Source/tasks.c **** 
4426:Middlewares/Third_Party/FreeRTOS/Source/tasks.c **** 			/* Create a human readable table from the binary data. */
4427:Middlewares/Third_Party/FreeRTOS/Source/tasks.c **** 			for( x = 0; x < uxArraySize; x++ )
4428:Middlewares/Third_Party/FreeRTOS/Source/tasks.c **** 			{
4429:Middlewares/Third_Party/FreeRTOS/Source/tasks.c **** 				switch( pxTaskStatusArray[ x ].eCurrentState )
4430:Middlewares/Third_Party/FreeRTOS/Source/tasks.c **** 				{
4431:Middlewares/Third_Party/FreeRTOS/Source/tasks.c **** 					case eRunning:		cStatus = tskRUNNING_CHAR;
4432:Middlewares/Third_Party/FreeRTOS/Source/tasks.c **** 										break;
4433:Middlewares/Third_Party/FreeRTOS/Source/tasks.c **** 
4434:Middlewares/Third_Party/FreeRTOS/Source/tasks.c **** 					case eReady:		cStatus = tskREADY_CHAR;
4435:Middlewares/Third_Party/FreeRTOS/Source/tasks.c **** 										break;
4436:Middlewares/Third_Party/FreeRTOS/Source/tasks.c **** 
4437:Middlewares/Third_Party/FreeRTOS/Source/tasks.c **** 					case eBlocked:		cStatus = tskBLOCKED_CHAR;
4438:Middlewares/Third_Party/FreeRTOS/Source/tasks.c **** 										break;
4439:Middlewares/Third_Party/FreeRTOS/Source/tasks.c **** 
4440:Middlewares/Third_Party/FreeRTOS/Source/tasks.c **** 					case eSuspended:	cStatus = tskSUSPENDED_CHAR;
4441:Middlewares/Third_Party/FreeRTOS/Source/tasks.c **** 										break;
4442:Middlewares/Third_Party/FreeRTOS/Source/tasks.c **** 
4443:Middlewares/Third_Party/FreeRTOS/Source/tasks.c **** 					case eDeleted:		cStatus = tskDELETED_CHAR;
4444:Middlewares/Third_Party/FreeRTOS/Source/tasks.c **** 										break;
4445:Middlewares/Third_Party/FreeRTOS/Source/tasks.c **** 
4446:Middlewares/Third_Party/FreeRTOS/Source/tasks.c **** 					case eInvalid:		/* Fall through. */
4447:Middlewares/Third_Party/FreeRTOS/Source/tasks.c **** 					default:			/* Should not get here, but it is included
4448:Middlewares/Third_Party/FreeRTOS/Source/tasks.c **** 										to prevent static checking errors. */
4449:Middlewares/Third_Party/FreeRTOS/Source/tasks.c **** 										cStatus = ( char ) 0x00;
4450:Middlewares/Third_Party/FreeRTOS/Source/tasks.c **** 										break;
4451:Middlewares/Third_Party/FreeRTOS/Source/tasks.c **** 				}
4452:Middlewares/Third_Party/FreeRTOS/Source/tasks.c **** 
4453:Middlewares/Third_Party/FreeRTOS/Source/tasks.c **** 				/* Write the task name to the string, padding with spaces so it
4454:Middlewares/Third_Party/FreeRTOS/Source/tasks.c **** 				can be printed in tabular form more easily. */
4455:Middlewares/Third_Party/FreeRTOS/Source/tasks.c **** 				pcWriteBuffer = prvWriteNameToBuffer( pcWriteBuffer, pxTaskStatusArray[ x ].pcTaskName );
4456:Middlewares/Third_Party/FreeRTOS/Source/tasks.c **** 
4457:Middlewares/Third_Party/FreeRTOS/Source/tasks.c **** 				/* Write the rest of the string. */
4458:Middlewares/Third_Party/FreeRTOS/Source/tasks.c **** 				sprintf( pcWriteBuffer, "\t%c\t%u\t%u\t%u\r\n", cStatus, ( unsigned int ) pxTaskStatusArray[ x 
4459:Middlewares/Third_Party/FreeRTOS/Source/tasks.c **** 				pcWriteBuffer += strlen( pcWriteBuffer ); /*lint !e9016 Pointer arithmetic ok on char pointers 
4460:Middlewares/Third_Party/FreeRTOS/Source/tasks.c **** 			}
4461:Middlewares/Third_Party/FreeRTOS/Source/tasks.c **** 
4462:Middlewares/Third_Party/FreeRTOS/Source/tasks.c **** 			/* Free the array again.  NOTE!  If configSUPPORT_DYNAMIC_ALLOCATION
4463:Middlewares/Third_Party/FreeRTOS/Source/tasks.c **** 			is 0 then vPortFree() will be #defined to nothing. */
4464:Middlewares/Third_Party/FreeRTOS/Source/tasks.c **** 			vPortFree( pxTaskStatusArray );
4465:Middlewares/Third_Party/FreeRTOS/Source/tasks.c **** 		}
4466:Middlewares/Third_Party/FreeRTOS/Source/tasks.c **** 		else
4467:Middlewares/Third_Party/FreeRTOS/Source/tasks.c **** 		{
4468:Middlewares/Third_Party/FreeRTOS/Source/tasks.c **** 			mtCOVERAGE_TEST_MARKER();
4469:Middlewares/Third_Party/FreeRTOS/Source/tasks.c **** 		}
4470:Middlewares/Third_Party/FreeRTOS/Source/tasks.c **** 	}
4471:Middlewares/Third_Party/FreeRTOS/Source/tasks.c **** 
4472:Middlewares/Third_Party/FreeRTOS/Source/tasks.c **** #endif /* ( ( configUSE_TRACE_FACILITY == 1 ) && ( configUSE_STATS_FORMATTING_FUNCTIONS > 0 ) && ( 
4473:Middlewares/Third_Party/FreeRTOS/Source/tasks.c **** /*----------------------------------------------------------*/
4474:Middlewares/Third_Party/FreeRTOS/Source/tasks.c **** 
4475:Middlewares/Third_Party/FreeRTOS/Source/tasks.c **** #if ( ( configGENERATE_RUN_TIME_STATS == 1 ) && ( configUSE_STATS_FORMATTING_FUNCTIONS > 0 ) && ( c
4476:Middlewares/Third_Party/FreeRTOS/Source/tasks.c **** 
ARM GAS  D:\software\msy64\tmp\ccHzaEXX.s 			page 100


4477:Middlewares/Third_Party/FreeRTOS/Source/tasks.c **** 	void vTaskGetRunTimeStats( char *pcWriteBuffer )
4478:Middlewares/Third_Party/FreeRTOS/Source/tasks.c **** 	{
4479:Middlewares/Third_Party/FreeRTOS/Source/tasks.c **** 	TaskStatus_t *pxTaskStatusArray;
4480:Middlewares/Third_Party/FreeRTOS/Source/tasks.c **** 	UBaseType_t uxArraySize, x;
4481:Middlewares/Third_Party/FreeRTOS/Source/tasks.c **** 	uint32_t ulTotalTime, ulStatsAsPercentage;
4482:Middlewares/Third_Party/FreeRTOS/Source/tasks.c **** 
4483:Middlewares/Third_Party/FreeRTOS/Source/tasks.c **** 		#if( configUSE_TRACE_FACILITY != 1 )
4484:Middlewares/Third_Party/FreeRTOS/Source/tasks.c **** 		{
4485:Middlewares/Third_Party/FreeRTOS/Source/tasks.c **** 			#error configUSE_TRACE_FACILITY must also be set to 1 in FreeRTOSConfig.h to use vTaskGetRunTime
4486:Middlewares/Third_Party/FreeRTOS/Source/tasks.c **** 		}
4487:Middlewares/Third_Party/FreeRTOS/Source/tasks.c **** 		#endif
4488:Middlewares/Third_Party/FreeRTOS/Source/tasks.c **** 
4489:Middlewares/Third_Party/FreeRTOS/Source/tasks.c **** 		/*
4490:Middlewares/Third_Party/FreeRTOS/Source/tasks.c **** 		 * PLEASE NOTE:
4491:Middlewares/Third_Party/FreeRTOS/Source/tasks.c **** 		 *
4492:Middlewares/Third_Party/FreeRTOS/Source/tasks.c **** 		 * This function is provided for convenience only, and is used by many
4493:Middlewares/Third_Party/FreeRTOS/Source/tasks.c **** 		 * of the demo applications.  Do not consider it to be part of the
4494:Middlewares/Third_Party/FreeRTOS/Source/tasks.c **** 		 * scheduler.
4495:Middlewares/Third_Party/FreeRTOS/Source/tasks.c **** 		 *
4496:Middlewares/Third_Party/FreeRTOS/Source/tasks.c **** 		 * vTaskGetRunTimeStats() calls uxTaskGetSystemState(), then formats part
4497:Middlewares/Third_Party/FreeRTOS/Source/tasks.c **** 		 * of the uxTaskGetSystemState() output into a human readable table that
4498:Middlewares/Third_Party/FreeRTOS/Source/tasks.c **** 		 * displays the amount of time each task has spent in the Running state
4499:Middlewares/Third_Party/FreeRTOS/Source/tasks.c **** 		 * in both absolute and percentage terms.
4500:Middlewares/Third_Party/FreeRTOS/Source/tasks.c **** 		 *
4501:Middlewares/Third_Party/FreeRTOS/Source/tasks.c **** 		 * vTaskGetRunTimeStats() has a dependency on the sprintf() C library
4502:Middlewares/Third_Party/FreeRTOS/Source/tasks.c **** 		 * function that might bloat the code size, use a lot of stack, and
4503:Middlewares/Third_Party/FreeRTOS/Source/tasks.c **** 		 * provide different results on different platforms.  An alternative,
4504:Middlewares/Third_Party/FreeRTOS/Source/tasks.c **** 		 * tiny, third party, and limited functionality implementation of
4505:Middlewares/Third_Party/FreeRTOS/Source/tasks.c **** 		 * sprintf() is provided in many of the FreeRTOS/Demo sub-directories in
4506:Middlewares/Third_Party/FreeRTOS/Source/tasks.c **** 		 * a file called printf-stdarg.c (note printf-stdarg.c does not provide
4507:Middlewares/Third_Party/FreeRTOS/Source/tasks.c **** 		 * a full snprintf() implementation!).
4508:Middlewares/Third_Party/FreeRTOS/Source/tasks.c **** 		 *
4509:Middlewares/Third_Party/FreeRTOS/Source/tasks.c **** 		 * It is recommended that production systems call uxTaskGetSystemState()
4510:Middlewares/Third_Party/FreeRTOS/Source/tasks.c **** 		 * directly to get access to raw stats data, rather than indirectly
4511:Middlewares/Third_Party/FreeRTOS/Source/tasks.c **** 		 * through a call to vTaskGetRunTimeStats().
4512:Middlewares/Third_Party/FreeRTOS/Source/tasks.c **** 		 */
4513:Middlewares/Third_Party/FreeRTOS/Source/tasks.c **** 
4514:Middlewares/Third_Party/FreeRTOS/Source/tasks.c **** 		/* Make sure the write buffer does not contain a string. */
4515:Middlewares/Third_Party/FreeRTOS/Source/tasks.c **** 		*pcWriteBuffer = ( char ) 0x00;
4516:Middlewares/Third_Party/FreeRTOS/Source/tasks.c **** 
4517:Middlewares/Third_Party/FreeRTOS/Source/tasks.c **** 		/* Take a snapshot of the number of tasks in case it changes while this
4518:Middlewares/Third_Party/FreeRTOS/Source/tasks.c **** 		function is executing. */
4519:Middlewares/Third_Party/FreeRTOS/Source/tasks.c **** 		uxArraySize = uxCurrentNumberOfTasks;
4520:Middlewares/Third_Party/FreeRTOS/Source/tasks.c **** 
4521:Middlewares/Third_Party/FreeRTOS/Source/tasks.c **** 		/* Allocate an array index for each task.  NOTE!  If
4522:Middlewares/Third_Party/FreeRTOS/Source/tasks.c **** 		configSUPPORT_DYNAMIC_ALLOCATION is set to 0 then pvPortMalloc() will
4523:Middlewares/Third_Party/FreeRTOS/Source/tasks.c **** 		equate to NULL. */
4524:Middlewares/Third_Party/FreeRTOS/Source/tasks.c **** 		pxTaskStatusArray = pvPortMalloc( uxCurrentNumberOfTasks * sizeof( TaskStatus_t ) ); /*lint !e907
4525:Middlewares/Third_Party/FreeRTOS/Source/tasks.c **** 
4526:Middlewares/Third_Party/FreeRTOS/Source/tasks.c **** 		if( pxTaskStatusArray != NULL )
4527:Middlewares/Third_Party/FreeRTOS/Source/tasks.c **** 		{
4528:Middlewares/Third_Party/FreeRTOS/Source/tasks.c **** 			/* Generate the (binary) data. */
4529:Middlewares/Third_Party/FreeRTOS/Source/tasks.c **** 			uxArraySize = uxTaskGetSystemState( pxTaskStatusArray, uxArraySize, &ulTotalTime );
4530:Middlewares/Third_Party/FreeRTOS/Source/tasks.c **** 
4531:Middlewares/Third_Party/FreeRTOS/Source/tasks.c **** 			/* For percentage calculations. */
4532:Middlewares/Third_Party/FreeRTOS/Source/tasks.c **** 			ulTotalTime /= 100UL;
4533:Middlewares/Third_Party/FreeRTOS/Source/tasks.c **** 
ARM GAS  D:\software\msy64\tmp\ccHzaEXX.s 			page 101


4534:Middlewares/Third_Party/FreeRTOS/Source/tasks.c **** 			/* Avoid divide by zero errors. */
4535:Middlewares/Third_Party/FreeRTOS/Source/tasks.c **** 			if( ulTotalTime > 0UL )
4536:Middlewares/Third_Party/FreeRTOS/Source/tasks.c **** 			{
4537:Middlewares/Third_Party/FreeRTOS/Source/tasks.c **** 				/* Create a human readable table from the binary data. */
4538:Middlewares/Third_Party/FreeRTOS/Source/tasks.c **** 				for( x = 0; x < uxArraySize; x++ )
4539:Middlewares/Third_Party/FreeRTOS/Source/tasks.c **** 				{
4540:Middlewares/Third_Party/FreeRTOS/Source/tasks.c **** 					/* What percentage of the total run time has the task used?
4541:Middlewares/Third_Party/FreeRTOS/Source/tasks.c **** 					This will always be rounded down to the nearest integer.
4542:Middlewares/Third_Party/FreeRTOS/Source/tasks.c **** 					ulTotalRunTimeDiv100 has already been divided by 100. */
4543:Middlewares/Third_Party/FreeRTOS/Source/tasks.c **** 					ulStatsAsPercentage = pxTaskStatusArray[ x ].ulRunTimeCounter / ulTotalTime;
4544:Middlewares/Third_Party/FreeRTOS/Source/tasks.c **** 
4545:Middlewares/Third_Party/FreeRTOS/Source/tasks.c **** 					/* Write the task name to the string, padding with
4546:Middlewares/Third_Party/FreeRTOS/Source/tasks.c **** 					spaces so it can be printed in tabular form more
4547:Middlewares/Third_Party/FreeRTOS/Source/tasks.c **** 					easily. */
4548:Middlewares/Third_Party/FreeRTOS/Source/tasks.c **** 					pcWriteBuffer = prvWriteNameToBuffer( pcWriteBuffer, pxTaskStatusArray[ x ].pcTaskName );
4549:Middlewares/Third_Party/FreeRTOS/Source/tasks.c **** 
4550:Middlewares/Third_Party/FreeRTOS/Source/tasks.c **** 					if( ulStatsAsPercentage > 0UL )
4551:Middlewares/Third_Party/FreeRTOS/Source/tasks.c **** 					{
4552:Middlewares/Third_Party/FreeRTOS/Source/tasks.c **** 						#ifdef portLU_PRINTF_SPECIFIER_REQUIRED
4553:Middlewares/Third_Party/FreeRTOS/Source/tasks.c **** 						{
4554:Middlewares/Third_Party/FreeRTOS/Source/tasks.c **** 							sprintf( pcWriteBuffer, "\t%lu\t\t%lu%%\r\n", pxTaskStatusArray[ x ].ulRunTimeCounter, ulSta
4555:Middlewares/Third_Party/FreeRTOS/Source/tasks.c **** 						}
4556:Middlewares/Third_Party/FreeRTOS/Source/tasks.c **** 						#else
4557:Middlewares/Third_Party/FreeRTOS/Source/tasks.c **** 						{
4558:Middlewares/Third_Party/FreeRTOS/Source/tasks.c **** 							/* sizeof( int ) == sizeof( long ) so a smaller
4559:Middlewares/Third_Party/FreeRTOS/Source/tasks.c **** 							printf() library can be used. */
4560:Middlewares/Third_Party/FreeRTOS/Source/tasks.c **** 							sprintf( pcWriteBuffer, "\t%u\t\t%u%%\r\n", ( unsigned int ) pxTaskStatusArray[ x ].ulRunTim
4561:Middlewares/Third_Party/FreeRTOS/Source/tasks.c **** 						}
4562:Middlewares/Third_Party/FreeRTOS/Source/tasks.c **** 						#endif
4563:Middlewares/Third_Party/FreeRTOS/Source/tasks.c **** 					}
4564:Middlewares/Third_Party/FreeRTOS/Source/tasks.c **** 					else
4565:Middlewares/Third_Party/FreeRTOS/Source/tasks.c **** 					{
4566:Middlewares/Third_Party/FreeRTOS/Source/tasks.c **** 						/* If the percentage is zero here then the task has
4567:Middlewares/Third_Party/FreeRTOS/Source/tasks.c **** 						consumed less than 1% of the total run time. */
4568:Middlewares/Third_Party/FreeRTOS/Source/tasks.c **** 						#ifdef portLU_PRINTF_SPECIFIER_REQUIRED
4569:Middlewares/Third_Party/FreeRTOS/Source/tasks.c **** 						{
4570:Middlewares/Third_Party/FreeRTOS/Source/tasks.c **** 							sprintf( pcWriteBuffer, "\t%lu\t\t<1%%\r\n", pxTaskStatusArray[ x ].ulRunTimeCounter );
4571:Middlewares/Third_Party/FreeRTOS/Source/tasks.c **** 						}
4572:Middlewares/Third_Party/FreeRTOS/Source/tasks.c **** 						#else
4573:Middlewares/Third_Party/FreeRTOS/Source/tasks.c **** 						{
4574:Middlewares/Third_Party/FreeRTOS/Source/tasks.c **** 							/* sizeof( int ) == sizeof( long ) so a smaller
4575:Middlewares/Third_Party/FreeRTOS/Source/tasks.c **** 							printf() library can be used. */
4576:Middlewares/Third_Party/FreeRTOS/Source/tasks.c **** 							sprintf( pcWriteBuffer, "\t%u\t\t<1%%\r\n", ( unsigned int ) pxTaskStatusArray[ x ].ulRunTim
4577:Middlewares/Third_Party/FreeRTOS/Source/tasks.c **** 						}
4578:Middlewares/Third_Party/FreeRTOS/Source/tasks.c **** 						#endif
4579:Middlewares/Third_Party/FreeRTOS/Source/tasks.c **** 					}
4580:Middlewares/Third_Party/FreeRTOS/Source/tasks.c **** 
4581:Middlewares/Third_Party/FreeRTOS/Source/tasks.c **** 					pcWriteBuffer += strlen( pcWriteBuffer ); /*lint !e9016 Pointer arithmetic ok on char pointers
4582:Middlewares/Third_Party/FreeRTOS/Source/tasks.c **** 				}
4583:Middlewares/Third_Party/FreeRTOS/Source/tasks.c **** 			}
4584:Middlewares/Third_Party/FreeRTOS/Source/tasks.c **** 			else
4585:Middlewares/Third_Party/FreeRTOS/Source/tasks.c **** 			{
4586:Middlewares/Third_Party/FreeRTOS/Source/tasks.c **** 				mtCOVERAGE_TEST_MARKER();
4587:Middlewares/Third_Party/FreeRTOS/Source/tasks.c **** 			}
4588:Middlewares/Third_Party/FreeRTOS/Source/tasks.c **** 
4589:Middlewares/Third_Party/FreeRTOS/Source/tasks.c **** 			/* Free the array again.  NOTE!  If configSUPPORT_DYNAMIC_ALLOCATION
4590:Middlewares/Third_Party/FreeRTOS/Source/tasks.c **** 			is 0 then vPortFree() will be #defined to nothing. */
ARM GAS  D:\software\msy64\tmp\ccHzaEXX.s 			page 102


4591:Middlewares/Third_Party/FreeRTOS/Source/tasks.c **** 			vPortFree( pxTaskStatusArray );
4592:Middlewares/Third_Party/FreeRTOS/Source/tasks.c **** 		}
4593:Middlewares/Third_Party/FreeRTOS/Source/tasks.c **** 		else
4594:Middlewares/Third_Party/FreeRTOS/Source/tasks.c **** 		{
4595:Middlewares/Third_Party/FreeRTOS/Source/tasks.c **** 			mtCOVERAGE_TEST_MARKER();
4596:Middlewares/Third_Party/FreeRTOS/Source/tasks.c **** 		}
4597:Middlewares/Third_Party/FreeRTOS/Source/tasks.c **** 	}
4598:Middlewares/Third_Party/FreeRTOS/Source/tasks.c **** 
4599:Middlewares/Third_Party/FreeRTOS/Source/tasks.c **** #endif /* ( ( configGENERATE_RUN_TIME_STATS == 1 ) && ( configUSE_STATS_FORMATTING_FUNCTIONS > 0 ) 
4600:Middlewares/Third_Party/FreeRTOS/Source/tasks.c **** /*-----------------------------------------------------------*/
4601:Middlewares/Third_Party/FreeRTOS/Source/tasks.c **** 
4602:Middlewares/Third_Party/FreeRTOS/Source/tasks.c **** TickType_t uxTaskResetEventItemValue( void )
4603:Middlewares/Third_Party/FreeRTOS/Source/tasks.c **** {
4604:Middlewares/Third_Party/FreeRTOS/Source/tasks.c **** TickType_t uxReturn;
4605:Middlewares/Third_Party/FreeRTOS/Source/tasks.c **** 
4606:Middlewares/Third_Party/FreeRTOS/Source/tasks.c **** 	uxReturn = listGET_LIST_ITEM_VALUE( &( pxCurrentTCB->xEventListItem ) );
4607:Middlewares/Third_Party/FreeRTOS/Source/tasks.c **** 
4608:Middlewares/Third_Party/FreeRTOS/Source/tasks.c **** 	/* Reset the event list item to its normal value - so it can be used with
4609:Middlewares/Third_Party/FreeRTOS/Source/tasks.c **** 	queues and semaphores. */
4610:Middlewares/Third_Party/FreeRTOS/Source/tasks.c **** 	listSET_LIST_ITEM_VALUE( &( pxCurrentTCB->xEventListItem ), ( ( TickType_t ) configMAX_PRIORITIES 
4611:Middlewares/Third_Party/FreeRTOS/Source/tasks.c **** 
4612:Middlewares/Third_Party/FreeRTOS/Source/tasks.c **** 	return uxReturn;
4613:Middlewares/Third_Party/FreeRTOS/Source/tasks.c **** }
4614:Middlewares/Third_Party/FreeRTOS/Source/tasks.c **** /*-----------------------------------------------------------*/
4615:Middlewares/Third_Party/FreeRTOS/Source/tasks.c **** 
4616:Middlewares/Third_Party/FreeRTOS/Source/tasks.c **** #if ( configUSE_MUTEXES == 1 )
4617:Middlewares/Third_Party/FreeRTOS/Source/tasks.c **** 
4618:Middlewares/Third_Party/FreeRTOS/Source/tasks.c **** 	TaskHandle_t pvTaskIncrementMutexHeldCount( void )
4619:Middlewares/Third_Party/FreeRTOS/Source/tasks.c **** 	{
4620:Middlewares/Third_Party/FreeRTOS/Source/tasks.c **** 		/* If xSemaphoreCreateMutex() is called before any tasks have been created
4621:Middlewares/Third_Party/FreeRTOS/Source/tasks.c **** 		then pxCurrentTCB will be NULL. */
4622:Middlewares/Third_Party/FreeRTOS/Source/tasks.c **** 		if( pxCurrentTCB != NULL )
4623:Middlewares/Third_Party/FreeRTOS/Source/tasks.c **** 		{
4624:Middlewares/Third_Party/FreeRTOS/Source/tasks.c **** 			( pxCurrentTCB->uxMutexesHeld )++;
4625:Middlewares/Third_Party/FreeRTOS/Source/tasks.c **** 		}
4626:Middlewares/Third_Party/FreeRTOS/Source/tasks.c **** 
4627:Middlewares/Third_Party/FreeRTOS/Source/tasks.c **** 		return pxCurrentTCB;
4628:Middlewares/Third_Party/FreeRTOS/Source/tasks.c **** 	}
4629:Middlewares/Third_Party/FreeRTOS/Source/tasks.c **** 
4630:Middlewares/Third_Party/FreeRTOS/Source/tasks.c **** #endif /* configUSE_MUTEXES */
4631:Middlewares/Third_Party/FreeRTOS/Source/tasks.c **** /*-----------------------------------------------------------*/
4632:Middlewares/Third_Party/FreeRTOS/Source/tasks.c **** 
4633:Middlewares/Third_Party/FreeRTOS/Source/tasks.c **** #if( configUSE_TASK_NOTIFICATIONS == 1 )
4634:Middlewares/Third_Party/FreeRTOS/Source/tasks.c **** 
4635:Middlewares/Third_Party/FreeRTOS/Source/tasks.c **** 	uint32_t ulTaskNotifyTake( BaseType_t xClearCountOnExit, TickType_t xTicksToWait )
4636:Middlewares/Third_Party/FreeRTOS/Source/tasks.c **** 	{
4637:Middlewares/Third_Party/FreeRTOS/Source/tasks.c **** 	uint32_t ulReturn;
4638:Middlewares/Third_Party/FreeRTOS/Source/tasks.c **** 
4639:Middlewares/Third_Party/FreeRTOS/Source/tasks.c **** 		taskENTER_CRITICAL();
4640:Middlewares/Third_Party/FreeRTOS/Source/tasks.c **** 		{
4641:Middlewares/Third_Party/FreeRTOS/Source/tasks.c **** 			/* Only block if the notification count is not already non-zero. */
4642:Middlewares/Third_Party/FreeRTOS/Source/tasks.c **** 			if( pxCurrentTCB->ulNotifiedValue == 0UL )
4643:Middlewares/Third_Party/FreeRTOS/Source/tasks.c **** 			{
4644:Middlewares/Third_Party/FreeRTOS/Source/tasks.c **** 				/* Mark this task as waiting for a notification. */
4645:Middlewares/Third_Party/FreeRTOS/Source/tasks.c **** 				pxCurrentTCB->ucNotifyState = taskWAITING_NOTIFICATION;
4646:Middlewares/Third_Party/FreeRTOS/Source/tasks.c **** 
4647:Middlewares/Third_Party/FreeRTOS/Source/tasks.c **** 				if( xTicksToWait > ( TickType_t ) 0 )
ARM GAS  D:\software\msy64\tmp\ccHzaEXX.s 			page 103


4648:Middlewares/Third_Party/FreeRTOS/Source/tasks.c **** 				{
4649:Middlewares/Third_Party/FreeRTOS/Source/tasks.c **** 					prvAddCurrentTaskToDelayedList( xTicksToWait, pdTRUE );
4650:Middlewares/Third_Party/FreeRTOS/Source/tasks.c **** 					traceTASK_NOTIFY_TAKE_BLOCK();
4651:Middlewares/Third_Party/FreeRTOS/Source/tasks.c **** 
4652:Middlewares/Third_Party/FreeRTOS/Source/tasks.c **** 					/* All ports are written to allow a yield in a critical
4653:Middlewares/Third_Party/FreeRTOS/Source/tasks.c **** 					section (some will yield immediately, others wait until the
4654:Middlewares/Third_Party/FreeRTOS/Source/tasks.c **** 					critical section exits) - but it is not something that
4655:Middlewares/Third_Party/FreeRTOS/Source/tasks.c **** 					application code should ever do. */
4656:Middlewares/Third_Party/FreeRTOS/Source/tasks.c **** 					portYIELD_WITHIN_API();
4657:Middlewares/Third_Party/FreeRTOS/Source/tasks.c **** 				}
4658:Middlewares/Third_Party/FreeRTOS/Source/tasks.c **** 				else
4659:Middlewares/Third_Party/FreeRTOS/Source/tasks.c **** 				{
4660:Middlewares/Third_Party/FreeRTOS/Source/tasks.c **** 					mtCOVERAGE_TEST_MARKER();
4661:Middlewares/Third_Party/FreeRTOS/Source/tasks.c **** 				}
4662:Middlewares/Third_Party/FreeRTOS/Source/tasks.c **** 			}
4663:Middlewares/Third_Party/FreeRTOS/Source/tasks.c **** 			else
4664:Middlewares/Third_Party/FreeRTOS/Source/tasks.c **** 			{
4665:Middlewares/Third_Party/FreeRTOS/Source/tasks.c **** 				mtCOVERAGE_TEST_MARKER();
4666:Middlewares/Third_Party/FreeRTOS/Source/tasks.c **** 			}
4667:Middlewares/Third_Party/FreeRTOS/Source/tasks.c **** 		}
4668:Middlewares/Third_Party/FreeRTOS/Source/tasks.c **** 		taskEXIT_CRITICAL();
4669:Middlewares/Third_Party/FreeRTOS/Source/tasks.c **** 
4670:Middlewares/Third_Party/FreeRTOS/Source/tasks.c **** 		taskENTER_CRITICAL();
4671:Middlewares/Third_Party/FreeRTOS/Source/tasks.c **** 		{
4672:Middlewares/Third_Party/FreeRTOS/Source/tasks.c **** 			traceTASK_NOTIFY_TAKE();
4673:Middlewares/Third_Party/FreeRTOS/Source/tasks.c **** 			ulReturn = pxCurrentTCB->ulNotifiedValue;
4674:Middlewares/Third_Party/FreeRTOS/Source/tasks.c **** 
4675:Middlewares/Third_Party/FreeRTOS/Source/tasks.c **** 			if( ulReturn != 0UL )
4676:Middlewares/Third_Party/FreeRTOS/Source/tasks.c **** 			{
4677:Middlewares/Third_Party/FreeRTOS/Source/tasks.c **** 				if( xClearCountOnExit != pdFALSE )
4678:Middlewares/Third_Party/FreeRTOS/Source/tasks.c **** 				{
4679:Middlewares/Third_Party/FreeRTOS/Source/tasks.c **** 					pxCurrentTCB->ulNotifiedValue = 0UL;
4680:Middlewares/Third_Party/FreeRTOS/Source/tasks.c **** 				}
4681:Middlewares/Third_Party/FreeRTOS/Source/tasks.c **** 				else
4682:Middlewares/Third_Party/FreeRTOS/Source/tasks.c **** 				{
4683:Middlewares/Third_Party/FreeRTOS/Source/tasks.c **** 					pxCurrentTCB->ulNotifiedValue = ulReturn - ( uint32_t ) 1;
4684:Middlewares/Third_Party/FreeRTOS/Source/tasks.c **** 				}
4685:Middlewares/Third_Party/FreeRTOS/Source/tasks.c **** 			}
4686:Middlewares/Third_Party/FreeRTOS/Source/tasks.c **** 			else
4687:Middlewares/Third_Party/FreeRTOS/Source/tasks.c **** 			{
4688:Middlewares/Third_Party/FreeRTOS/Source/tasks.c **** 				mtCOVERAGE_TEST_MARKER();
4689:Middlewares/Third_Party/FreeRTOS/Source/tasks.c **** 			}
4690:Middlewares/Third_Party/FreeRTOS/Source/tasks.c **** 
4691:Middlewares/Third_Party/FreeRTOS/Source/tasks.c **** 			pxCurrentTCB->ucNotifyState = taskNOT_WAITING_NOTIFICATION;
4692:Middlewares/Third_Party/FreeRTOS/Source/tasks.c **** 		}
4693:Middlewares/Third_Party/FreeRTOS/Source/tasks.c **** 		taskEXIT_CRITICAL();
4694:Middlewares/Third_Party/FreeRTOS/Source/tasks.c **** 
4695:Middlewares/Third_Party/FreeRTOS/Source/tasks.c **** 		return ulReturn;
4696:Middlewares/Third_Party/FreeRTOS/Source/tasks.c **** 	}
4697:Middlewares/Third_Party/FreeRTOS/Source/tasks.c **** 
4698:Middlewares/Third_Party/FreeRTOS/Source/tasks.c **** #endif /* configUSE_TASK_NOTIFICATIONS */
4699:Middlewares/Third_Party/FreeRTOS/Source/tasks.c **** /*-----------------------------------------------------------*/
4700:Middlewares/Third_Party/FreeRTOS/Source/tasks.c **** 
4701:Middlewares/Third_Party/FreeRTOS/Source/tasks.c **** #if( configUSE_TASK_NOTIFICATIONS == 1 )
4702:Middlewares/Third_Party/FreeRTOS/Source/tasks.c **** 
4703:Middlewares/Third_Party/FreeRTOS/Source/tasks.c **** 	BaseType_t xTaskNotifyWait( uint32_t ulBitsToClearOnEntry, uint32_t ulBitsToClearOnExit, uint32_t 
4704:Middlewares/Third_Party/FreeRTOS/Source/tasks.c **** 	{
ARM GAS  D:\software\msy64\tmp\ccHzaEXX.s 			page 104


4705:Middlewares/Third_Party/FreeRTOS/Source/tasks.c **** 	BaseType_t xReturn;
4706:Middlewares/Third_Party/FreeRTOS/Source/tasks.c **** 
4707:Middlewares/Third_Party/FreeRTOS/Source/tasks.c **** 		taskENTER_CRITICAL();
4708:Middlewares/Third_Party/FreeRTOS/Source/tasks.c **** 		{
4709:Middlewares/Third_Party/FreeRTOS/Source/tasks.c **** 			/* Only block if a notification is not already pending. */
4710:Middlewares/Third_Party/FreeRTOS/Source/tasks.c **** 			if( pxCurrentTCB->ucNotifyState != taskNOTIFICATION_RECEIVED )
4711:Middlewares/Third_Party/FreeRTOS/Source/tasks.c **** 			{
4712:Middlewares/Third_Party/FreeRTOS/Source/tasks.c **** 				/* Clear bits in the task's notification value as bits may get
4713:Middlewares/Third_Party/FreeRTOS/Source/tasks.c **** 				set	by the notifying task or interrupt.  This can be used to
4714:Middlewares/Third_Party/FreeRTOS/Source/tasks.c **** 				clear the value to zero. */
4715:Middlewares/Third_Party/FreeRTOS/Source/tasks.c **** 				pxCurrentTCB->ulNotifiedValue &= ~ulBitsToClearOnEntry;
4716:Middlewares/Third_Party/FreeRTOS/Source/tasks.c **** 
4717:Middlewares/Third_Party/FreeRTOS/Source/tasks.c **** 				/* Mark this task as waiting for a notification. */
4718:Middlewares/Third_Party/FreeRTOS/Source/tasks.c **** 				pxCurrentTCB->ucNotifyState = taskWAITING_NOTIFICATION;
4719:Middlewares/Third_Party/FreeRTOS/Source/tasks.c **** 
4720:Middlewares/Third_Party/FreeRTOS/Source/tasks.c **** 				if( xTicksToWait > ( TickType_t ) 0 )
4721:Middlewares/Third_Party/FreeRTOS/Source/tasks.c **** 				{
4722:Middlewares/Third_Party/FreeRTOS/Source/tasks.c **** 					prvAddCurrentTaskToDelayedList( xTicksToWait, pdTRUE );
4723:Middlewares/Third_Party/FreeRTOS/Source/tasks.c **** 					traceTASK_NOTIFY_WAIT_BLOCK();
4724:Middlewares/Third_Party/FreeRTOS/Source/tasks.c **** 
4725:Middlewares/Third_Party/FreeRTOS/Source/tasks.c **** 					/* All ports are written to allow a yield in a critical
4726:Middlewares/Third_Party/FreeRTOS/Source/tasks.c **** 					section (some will yield immediately, others wait until the
4727:Middlewares/Third_Party/FreeRTOS/Source/tasks.c **** 					critical section exits) - but it is not something that
4728:Middlewares/Third_Party/FreeRTOS/Source/tasks.c **** 					application code should ever do. */
4729:Middlewares/Third_Party/FreeRTOS/Source/tasks.c **** 					portYIELD_WITHIN_API();
4730:Middlewares/Third_Party/FreeRTOS/Source/tasks.c **** 				}
4731:Middlewares/Third_Party/FreeRTOS/Source/tasks.c **** 				else
4732:Middlewares/Third_Party/FreeRTOS/Source/tasks.c **** 				{
4733:Middlewares/Third_Party/FreeRTOS/Source/tasks.c **** 					mtCOVERAGE_TEST_MARKER();
4734:Middlewares/Third_Party/FreeRTOS/Source/tasks.c **** 				}
4735:Middlewares/Third_Party/FreeRTOS/Source/tasks.c **** 			}
4736:Middlewares/Third_Party/FreeRTOS/Source/tasks.c **** 			else
4737:Middlewares/Third_Party/FreeRTOS/Source/tasks.c **** 			{
4738:Middlewares/Third_Party/FreeRTOS/Source/tasks.c **** 				mtCOVERAGE_TEST_MARKER();
4739:Middlewares/Third_Party/FreeRTOS/Source/tasks.c **** 			}
4740:Middlewares/Third_Party/FreeRTOS/Source/tasks.c **** 		}
4741:Middlewares/Third_Party/FreeRTOS/Source/tasks.c **** 		taskEXIT_CRITICAL();
4742:Middlewares/Third_Party/FreeRTOS/Source/tasks.c **** 
4743:Middlewares/Third_Party/FreeRTOS/Source/tasks.c **** 		taskENTER_CRITICAL();
4744:Middlewares/Third_Party/FreeRTOS/Source/tasks.c **** 		{
4745:Middlewares/Third_Party/FreeRTOS/Source/tasks.c **** 			traceTASK_NOTIFY_WAIT();
4746:Middlewares/Third_Party/FreeRTOS/Source/tasks.c **** 
4747:Middlewares/Third_Party/FreeRTOS/Source/tasks.c **** 			if( pulNotificationValue != NULL )
4748:Middlewares/Third_Party/FreeRTOS/Source/tasks.c **** 			{
4749:Middlewares/Third_Party/FreeRTOS/Source/tasks.c **** 				/* Output the current notification value, which may or may not
4750:Middlewares/Third_Party/FreeRTOS/Source/tasks.c **** 				have changed. */
4751:Middlewares/Third_Party/FreeRTOS/Source/tasks.c **** 				*pulNotificationValue = pxCurrentTCB->ulNotifiedValue;
4752:Middlewares/Third_Party/FreeRTOS/Source/tasks.c **** 			}
4753:Middlewares/Third_Party/FreeRTOS/Source/tasks.c **** 
4754:Middlewares/Third_Party/FreeRTOS/Source/tasks.c **** 			/* If ucNotifyValue is set then either the task never entered the
4755:Middlewares/Third_Party/FreeRTOS/Source/tasks.c **** 			blocked state (because a notification was already pending) or the
4756:Middlewares/Third_Party/FreeRTOS/Source/tasks.c **** 			task unblocked because of a notification.  Otherwise the task
4757:Middlewares/Third_Party/FreeRTOS/Source/tasks.c **** 			unblocked because of a timeout. */
4758:Middlewares/Third_Party/FreeRTOS/Source/tasks.c **** 			if( pxCurrentTCB->ucNotifyState != taskNOTIFICATION_RECEIVED )
4759:Middlewares/Third_Party/FreeRTOS/Source/tasks.c **** 			{
4760:Middlewares/Third_Party/FreeRTOS/Source/tasks.c **** 				/* A notification was not received. */
4761:Middlewares/Third_Party/FreeRTOS/Source/tasks.c **** 				xReturn = pdFALSE;
ARM GAS  D:\software\msy64\tmp\ccHzaEXX.s 			page 105


4762:Middlewares/Third_Party/FreeRTOS/Source/tasks.c **** 			}
4763:Middlewares/Third_Party/FreeRTOS/Source/tasks.c **** 			else
4764:Middlewares/Third_Party/FreeRTOS/Source/tasks.c **** 			{
4765:Middlewares/Third_Party/FreeRTOS/Source/tasks.c **** 				/* A notification was already pending or a notification was
4766:Middlewares/Third_Party/FreeRTOS/Source/tasks.c **** 				received while the task was waiting. */
4767:Middlewares/Third_Party/FreeRTOS/Source/tasks.c **** 				pxCurrentTCB->ulNotifiedValue &= ~ulBitsToClearOnExit;
4768:Middlewares/Third_Party/FreeRTOS/Source/tasks.c **** 				xReturn = pdTRUE;
4769:Middlewares/Third_Party/FreeRTOS/Source/tasks.c **** 			}
4770:Middlewares/Third_Party/FreeRTOS/Source/tasks.c **** 
4771:Middlewares/Third_Party/FreeRTOS/Source/tasks.c **** 			pxCurrentTCB->ucNotifyState = taskNOT_WAITING_NOTIFICATION;
4772:Middlewares/Third_Party/FreeRTOS/Source/tasks.c **** 		}
4773:Middlewares/Third_Party/FreeRTOS/Source/tasks.c **** 		taskEXIT_CRITICAL();
4774:Middlewares/Third_Party/FreeRTOS/Source/tasks.c **** 
4775:Middlewares/Third_Party/FreeRTOS/Source/tasks.c **** 		return xReturn;
4776:Middlewares/Third_Party/FreeRTOS/Source/tasks.c **** 	}
4777:Middlewares/Third_Party/FreeRTOS/Source/tasks.c **** 
4778:Middlewares/Third_Party/FreeRTOS/Source/tasks.c **** #endif /* configUSE_TASK_NOTIFICATIONS */
4779:Middlewares/Third_Party/FreeRTOS/Source/tasks.c **** /*-----------------------------------------------------------*/
4780:Middlewares/Third_Party/FreeRTOS/Source/tasks.c **** 
4781:Middlewares/Third_Party/FreeRTOS/Source/tasks.c **** #if( configUSE_TASK_NOTIFICATIONS == 1 )
4782:Middlewares/Third_Party/FreeRTOS/Source/tasks.c **** 
4783:Middlewares/Third_Party/FreeRTOS/Source/tasks.c **** 	BaseType_t xTaskGenericNotify( TaskHandle_t xTaskToNotify, uint32_t ulValue, eNotifyAction eAction
4784:Middlewares/Third_Party/FreeRTOS/Source/tasks.c **** 	{
4785:Middlewares/Third_Party/FreeRTOS/Source/tasks.c **** 	TCB_t * pxTCB;
4786:Middlewares/Third_Party/FreeRTOS/Source/tasks.c **** 	BaseType_t xReturn = pdPASS;
4787:Middlewares/Third_Party/FreeRTOS/Source/tasks.c **** 	uint8_t ucOriginalNotifyState;
4788:Middlewares/Third_Party/FreeRTOS/Source/tasks.c **** 
4789:Middlewares/Third_Party/FreeRTOS/Source/tasks.c **** 		configASSERT( xTaskToNotify );
4790:Middlewares/Third_Party/FreeRTOS/Source/tasks.c **** 		pxTCB = xTaskToNotify;
4791:Middlewares/Third_Party/FreeRTOS/Source/tasks.c **** 
4792:Middlewares/Third_Party/FreeRTOS/Source/tasks.c **** 		taskENTER_CRITICAL();
4793:Middlewares/Third_Party/FreeRTOS/Source/tasks.c **** 		{
4794:Middlewares/Third_Party/FreeRTOS/Source/tasks.c **** 			if( pulPreviousNotificationValue != NULL )
4795:Middlewares/Third_Party/FreeRTOS/Source/tasks.c **** 			{
4796:Middlewares/Third_Party/FreeRTOS/Source/tasks.c **** 				*pulPreviousNotificationValue = pxTCB->ulNotifiedValue;
4797:Middlewares/Third_Party/FreeRTOS/Source/tasks.c **** 			}
4798:Middlewares/Third_Party/FreeRTOS/Source/tasks.c **** 
4799:Middlewares/Third_Party/FreeRTOS/Source/tasks.c **** 			ucOriginalNotifyState = pxTCB->ucNotifyState;
4800:Middlewares/Third_Party/FreeRTOS/Source/tasks.c **** 
4801:Middlewares/Third_Party/FreeRTOS/Source/tasks.c **** 			pxTCB->ucNotifyState = taskNOTIFICATION_RECEIVED;
4802:Middlewares/Third_Party/FreeRTOS/Source/tasks.c **** 
4803:Middlewares/Third_Party/FreeRTOS/Source/tasks.c **** 			switch( eAction )
4804:Middlewares/Third_Party/FreeRTOS/Source/tasks.c **** 			{
4805:Middlewares/Third_Party/FreeRTOS/Source/tasks.c **** 				case eSetBits	:
4806:Middlewares/Third_Party/FreeRTOS/Source/tasks.c **** 					pxTCB->ulNotifiedValue |= ulValue;
4807:Middlewares/Third_Party/FreeRTOS/Source/tasks.c **** 					break;
4808:Middlewares/Third_Party/FreeRTOS/Source/tasks.c **** 
4809:Middlewares/Third_Party/FreeRTOS/Source/tasks.c **** 				case eIncrement	:
4810:Middlewares/Third_Party/FreeRTOS/Source/tasks.c **** 					( pxTCB->ulNotifiedValue )++;
4811:Middlewares/Third_Party/FreeRTOS/Source/tasks.c **** 					break;
4812:Middlewares/Third_Party/FreeRTOS/Source/tasks.c **** 
4813:Middlewares/Third_Party/FreeRTOS/Source/tasks.c **** 				case eSetValueWithOverwrite	:
4814:Middlewares/Third_Party/FreeRTOS/Source/tasks.c **** 					pxTCB->ulNotifiedValue = ulValue;
4815:Middlewares/Third_Party/FreeRTOS/Source/tasks.c **** 					break;
4816:Middlewares/Third_Party/FreeRTOS/Source/tasks.c **** 
4817:Middlewares/Third_Party/FreeRTOS/Source/tasks.c **** 				case eSetValueWithoutOverwrite :
4818:Middlewares/Third_Party/FreeRTOS/Source/tasks.c **** 					if( ucOriginalNotifyState != taskNOTIFICATION_RECEIVED )
ARM GAS  D:\software\msy64\tmp\ccHzaEXX.s 			page 106


4819:Middlewares/Third_Party/FreeRTOS/Source/tasks.c **** 					{
4820:Middlewares/Third_Party/FreeRTOS/Source/tasks.c **** 						pxTCB->ulNotifiedValue = ulValue;
4821:Middlewares/Third_Party/FreeRTOS/Source/tasks.c **** 					}
4822:Middlewares/Third_Party/FreeRTOS/Source/tasks.c **** 					else
4823:Middlewares/Third_Party/FreeRTOS/Source/tasks.c **** 					{
4824:Middlewares/Third_Party/FreeRTOS/Source/tasks.c **** 						/* The value could not be written to the task. */
4825:Middlewares/Third_Party/FreeRTOS/Source/tasks.c **** 						xReturn = pdFAIL;
4826:Middlewares/Third_Party/FreeRTOS/Source/tasks.c **** 					}
4827:Middlewares/Third_Party/FreeRTOS/Source/tasks.c **** 					break;
4828:Middlewares/Third_Party/FreeRTOS/Source/tasks.c **** 
4829:Middlewares/Third_Party/FreeRTOS/Source/tasks.c **** 				case eNoAction:
4830:Middlewares/Third_Party/FreeRTOS/Source/tasks.c **** 					/* The task is being notified without its notify value being
4831:Middlewares/Third_Party/FreeRTOS/Source/tasks.c **** 					updated. */
4832:Middlewares/Third_Party/FreeRTOS/Source/tasks.c **** 					break;
4833:Middlewares/Third_Party/FreeRTOS/Source/tasks.c **** 
4834:Middlewares/Third_Party/FreeRTOS/Source/tasks.c **** 				default:
4835:Middlewares/Third_Party/FreeRTOS/Source/tasks.c **** 					/* Should not get here if all enums are handled.
4836:Middlewares/Third_Party/FreeRTOS/Source/tasks.c **** 					Artificially force an assert by testing a value the
4837:Middlewares/Third_Party/FreeRTOS/Source/tasks.c **** 					compiler can't assume is const. */
4838:Middlewares/Third_Party/FreeRTOS/Source/tasks.c **** 					configASSERT( pxTCB->ulNotifiedValue == ~0UL );
4839:Middlewares/Third_Party/FreeRTOS/Source/tasks.c **** 
4840:Middlewares/Third_Party/FreeRTOS/Source/tasks.c **** 					break;
4841:Middlewares/Third_Party/FreeRTOS/Source/tasks.c **** 			}
4842:Middlewares/Third_Party/FreeRTOS/Source/tasks.c **** 
4843:Middlewares/Third_Party/FreeRTOS/Source/tasks.c **** 			traceTASK_NOTIFY();
4844:Middlewares/Third_Party/FreeRTOS/Source/tasks.c **** 
4845:Middlewares/Third_Party/FreeRTOS/Source/tasks.c **** 			/* If the task is in the blocked state specifically to wait for a
4846:Middlewares/Third_Party/FreeRTOS/Source/tasks.c **** 			notification then unblock it now. */
4847:Middlewares/Third_Party/FreeRTOS/Source/tasks.c **** 			if( ucOriginalNotifyState == taskWAITING_NOTIFICATION )
4848:Middlewares/Third_Party/FreeRTOS/Source/tasks.c **** 			{
4849:Middlewares/Third_Party/FreeRTOS/Source/tasks.c **** 				( void ) uxListRemove( &( pxTCB->xStateListItem ) );
4850:Middlewares/Third_Party/FreeRTOS/Source/tasks.c **** 				prvAddTaskToReadyList( pxTCB );
4851:Middlewares/Third_Party/FreeRTOS/Source/tasks.c **** 
4852:Middlewares/Third_Party/FreeRTOS/Source/tasks.c **** 				/* The task should not have been on an event list. */
4853:Middlewares/Third_Party/FreeRTOS/Source/tasks.c **** 				configASSERT( listLIST_ITEM_CONTAINER( &( pxTCB->xEventListItem ) ) == NULL );
4854:Middlewares/Third_Party/FreeRTOS/Source/tasks.c **** 
4855:Middlewares/Third_Party/FreeRTOS/Source/tasks.c **** 				#if( configUSE_TICKLESS_IDLE != 0 )
4856:Middlewares/Third_Party/FreeRTOS/Source/tasks.c **** 				{
4857:Middlewares/Third_Party/FreeRTOS/Source/tasks.c **** 					/* If a task is blocked waiting for a notification then
4858:Middlewares/Third_Party/FreeRTOS/Source/tasks.c **** 					xNextTaskUnblockTime might be set to the blocked task's time
4859:Middlewares/Third_Party/FreeRTOS/Source/tasks.c **** 					out time.  If the task is unblocked for a reason other than
4860:Middlewares/Third_Party/FreeRTOS/Source/tasks.c **** 					a timeout xNextTaskUnblockTime is normally left unchanged,
4861:Middlewares/Third_Party/FreeRTOS/Source/tasks.c **** 					because it will automatically get reset to a new value when
4862:Middlewares/Third_Party/FreeRTOS/Source/tasks.c **** 					the tick count equals xNextTaskUnblockTime.  However if
4863:Middlewares/Third_Party/FreeRTOS/Source/tasks.c **** 					tickless idling is used it might be more important to enter
4864:Middlewares/Third_Party/FreeRTOS/Source/tasks.c **** 					sleep mode at the earliest possible time - so reset
4865:Middlewares/Third_Party/FreeRTOS/Source/tasks.c **** 					xNextTaskUnblockTime here to ensure it is updated at the
4866:Middlewares/Third_Party/FreeRTOS/Source/tasks.c **** 					earliest possible time. */
4867:Middlewares/Third_Party/FreeRTOS/Source/tasks.c **** 					prvResetNextTaskUnblockTime();
4868:Middlewares/Third_Party/FreeRTOS/Source/tasks.c **** 				}
4869:Middlewares/Third_Party/FreeRTOS/Source/tasks.c **** 				#endif
4870:Middlewares/Third_Party/FreeRTOS/Source/tasks.c **** 
4871:Middlewares/Third_Party/FreeRTOS/Source/tasks.c **** 				if( pxTCB->uxPriority > pxCurrentTCB->uxPriority )
4872:Middlewares/Third_Party/FreeRTOS/Source/tasks.c **** 				{
4873:Middlewares/Third_Party/FreeRTOS/Source/tasks.c **** 					/* The notified task has a priority above the currently
4874:Middlewares/Third_Party/FreeRTOS/Source/tasks.c **** 					executing task so a yield is required. */
4875:Middlewares/Third_Party/FreeRTOS/Source/tasks.c **** 					taskYIELD_IF_USING_PREEMPTION();
ARM GAS  D:\software\msy64\tmp\ccHzaEXX.s 			page 107


4876:Middlewares/Third_Party/FreeRTOS/Source/tasks.c **** 				}
4877:Middlewares/Third_Party/FreeRTOS/Source/tasks.c **** 				else
4878:Middlewares/Third_Party/FreeRTOS/Source/tasks.c **** 				{
4879:Middlewares/Third_Party/FreeRTOS/Source/tasks.c **** 					mtCOVERAGE_TEST_MARKER();
4880:Middlewares/Third_Party/FreeRTOS/Source/tasks.c **** 				}
4881:Middlewares/Third_Party/FreeRTOS/Source/tasks.c **** 			}
4882:Middlewares/Third_Party/FreeRTOS/Source/tasks.c **** 			else
4883:Middlewares/Third_Party/FreeRTOS/Source/tasks.c **** 			{
4884:Middlewares/Third_Party/FreeRTOS/Source/tasks.c **** 				mtCOVERAGE_TEST_MARKER();
4885:Middlewares/Third_Party/FreeRTOS/Source/tasks.c **** 			}
4886:Middlewares/Third_Party/FreeRTOS/Source/tasks.c **** 		}
4887:Middlewares/Third_Party/FreeRTOS/Source/tasks.c **** 		taskEXIT_CRITICAL();
4888:Middlewares/Third_Party/FreeRTOS/Source/tasks.c **** 
4889:Middlewares/Third_Party/FreeRTOS/Source/tasks.c **** 		return xReturn;
4890:Middlewares/Third_Party/FreeRTOS/Source/tasks.c **** 	}
4891:Middlewares/Third_Party/FreeRTOS/Source/tasks.c **** 
4892:Middlewares/Third_Party/FreeRTOS/Source/tasks.c **** #endif /* configUSE_TASK_NOTIFICATIONS */
4893:Middlewares/Third_Party/FreeRTOS/Source/tasks.c **** /*-----------------------------------------------------------*/
4894:Middlewares/Third_Party/FreeRTOS/Source/tasks.c **** 
4895:Middlewares/Third_Party/FreeRTOS/Source/tasks.c **** #if( configUSE_TASK_NOTIFICATIONS == 1 )
4896:Middlewares/Third_Party/FreeRTOS/Source/tasks.c **** 
4897:Middlewares/Third_Party/FreeRTOS/Source/tasks.c **** 	BaseType_t xTaskGenericNotifyFromISR( TaskHandle_t xTaskToNotify, uint32_t ulValue, eNotifyAction 
4898:Middlewares/Third_Party/FreeRTOS/Source/tasks.c **** 	{
4899:Middlewares/Third_Party/FreeRTOS/Source/tasks.c **** 	TCB_t * pxTCB;
4900:Middlewares/Third_Party/FreeRTOS/Source/tasks.c **** 	uint8_t ucOriginalNotifyState;
4901:Middlewares/Third_Party/FreeRTOS/Source/tasks.c **** 	BaseType_t xReturn = pdPASS;
4902:Middlewares/Third_Party/FreeRTOS/Source/tasks.c **** 	UBaseType_t uxSavedInterruptStatus;
4903:Middlewares/Third_Party/FreeRTOS/Source/tasks.c **** 
4904:Middlewares/Third_Party/FreeRTOS/Source/tasks.c **** 		configASSERT( xTaskToNotify );
4905:Middlewares/Third_Party/FreeRTOS/Source/tasks.c **** 
4906:Middlewares/Third_Party/FreeRTOS/Source/tasks.c **** 		/* RTOS ports that support interrupt nesting have the concept of a
4907:Middlewares/Third_Party/FreeRTOS/Source/tasks.c **** 		maximum	system call (or maximum API call) interrupt priority.
4908:Middlewares/Third_Party/FreeRTOS/Source/tasks.c **** 		Interrupts that are	above the maximum system call priority are keep
4909:Middlewares/Third_Party/FreeRTOS/Source/tasks.c **** 		permanently enabled, even when the RTOS kernel is in a critical section,
4910:Middlewares/Third_Party/FreeRTOS/Source/tasks.c **** 		but cannot make any calls to FreeRTOS API functions.  If configASSERT()
4911:Middlewares/Third_Party/FreeRTOS/Source/tasks.c **** 		is defined in FreeRTOSConfig.h then
4912:Middlewares/Third_Party/FreeRTOS/Source/tasks.c **** 		portASSERT_IF_INTERRUPT_PRIORITY_INVALID() will result in an assertion
4913:Middlewares/Third_Party/FreeRTOS/Source/tasks.c **** 		failure if a FreeRTOS API function is called from an interrupt that has
4914:Middlewares/Third_Party/FreeRTOS/Source/tasks.c **** 		been assigned a priority above the configured maximum system call
4915:Middlewares/Third_Party/FreeRTOS/Source/tasks.c **** 		priority.  Only FreeRTOS functions that end in FromISR can be called
4916:Middlewares/Third_Party/FreeRTOS/Source/tasks.c **** 		from interrupts	that have been assigned a priority at or (logically)
4917:Middlewares/Third_Party/FreeRTOS/Source/tasks.c **** 		below the maximum system call interrupt priority.  FreeRTOS maintains a
4918:Middlewares/Third_Party/FreeRTOS/Source/tasks.c **** 		separate interrupt safe API to ensure interrupt entry is as fast and as
4919:Middlewares/Third_Party/FreeRTOS/Source/tasks.c **** 		simple as possible.  More information (albeit Cortex-M specific) is
4920:Middlewares/Third_Party/FreeRTOS/Source/tasks.c **** 		provided on the following link:
4921:Middlewares/Third_Party/FreeRTOS/Source/tasks.c **** 		http://www.freertos.org/RTOS-Cortex-M3-M4.html */
4922:Middlewares/Third_Party/FreeRTOS/Source/tasks.c **** 		portASSERT_IF_INTERRUPT_PRIORITY_INVALID();
4923:Middlewares/Third_Party/FreeRTOS/Source/tasks.c **** 
4924:Middlewares/Third_Party/FreeRTOS/Source/tasks.c **** 		pxTCB = xTaskToNotify;
4925:Middlewares/Third_Party/FreeRTOS/Source/tasks.c **** 
4926:Middlewares/Third_Party/FreeRTOS/Source/tasks.c **** 		uxSavedInterruptStatus = portSET_INTERRUPT_MASK_FROM_ISR();
4927:Middlewares/Third_Party/FreeRTOS/Source/tasks.c **** 		{
4928:Middlewares/Third_Party/FreeRTOS/Source/tasks.c **** 			if( pulPreviousNotificationValue != NULL )
4929:Middlewares/Third_Party/FreeRTOS/Source/tasks.c **** 			{
4930:Middlewares/Third_Party/FreeRTOS/Source/tasks.c **** 				*pulPreviousNotificationValue = pxTCB->ulNotifiedValue;
4931:Middlewares/Third_Party/FreeRTOS/Source/tasks.c **** 			}
4932:Middlewares/Third_Party/FreeRTOS/Source/tasks.c **** 
ARM GAS  D:\software\msy64\tmp\ccHzaEXX.s 			page 108


4933:Middlewares/Third_Party/FreeRTOS/Source/tasks.c **** 			ucOriginalNotifyState = pxTCB->ucNotifyState;
4934:Middlewares/Third_Party/FreeRTOS/Source/tasks.c **** 			pxTCB->ucNotifyState = taskNOTIFICATION_RECEIVED;
4935:Middlewares/Third_Party/FreeRTOS/Source/tasks.c **** 
4936:Middlewares/Third_Party/FreeRTOS/Source/tasks.c **** 			switch( eAction )
4937:Middlewares/Third_Party/FreeRTOS/Source/tasks.c **** 			{
4938:Middlewares/Third_Party/FreeRTOS/Source/tasks.c **** 				case eSetBits	:
4939:Middlewares/Third_Party/FreeRTOS/Source/tasks.c **** 					pxTCB->ulNotifiedValue |= ulValue;
4940:Middlewares/Third_Party/FreeRTOS/Source/tasks.c **** 					break;
4941:Middlewares/Third_Party/FreeRTOS/Source/tasks.c **** 
4942:Middlewares/Third_Party/FreeRTOS/Source/tasks.c **** 				case eIncrement	:
4943:Middlewares/Third_Party/FreeRTOS/Source/tasks.c **** 					( pxTCB->ulNotifiedValue )++;
4944:Middlewares/Third_Party/FreeRTOS/Source/tasks.c **** 					break;
4945:Middlewares/Third_Party/FreeRTOS/Source/tasks.c **** 
4946:Middlewares/Third_Party/FreeRTOS/Source/tasks.c **** 				case eSetValueWithOverwrite	:
4947:Middlewares/Third_Party/FreeRTOS/Source/tasks.c **** 					pxTCB->ulNotifiedValue = ulValue;
4948:Middlewares/Third_Party/FreeRTOS/Source/tasks.c **** 					break;
4949:Middlewares/Third_Party/FreeRTOS/Source/tasks.c **** 
4950:Middlewares/Third_Party/FreeRTOS/Source/tasks.c **** 				case eSetValueWithoutOverwrite :
4951:Middlewares/Third_Party/FreeRTOS/Source/tasks.c **** 					if( ucOriginalNotifyState != taskNOTIFICATION_RECEIVED )
4952:Middlewares/Third_Party/FreeRTOS/Source/tasks.c **** 					{
4953:Middlewares/Third_Party/FreeRTOS/Source/tasks.c **** 						pxTCB->ulNotifiedValue = ulValue;
4954:Middlewares/Third_Party/FreeRTOS/Source/tasks.c **** 					}
4955:Middlewares/Third_Party/FreeRTOS/Source/tasks.c **** 					else
4956:Middlewares/Third_Party/FreeRTOS/Source/tasks.c **** 					{
4957:Middlewares/Third_Party/FreeRTOS/Source/tasks.c **** 						/* The value could not be written to the task. */
4958:Middlewares/Third_Party/FreeRTOS/Source/tasks.c **** 						xReturn = pdFAIL;
4959:Middlewares/Third_Party/FreeRTOS/Source/tasks.c **** 					}
4960:Middlewares/Third_Party/FreeRTOS/Source/tasks.c **** 					break;
4961:Middlewares/Third_Party/FreeRTOS/Source/tasks.c **** 
4962:Middlewares/Third_Party/FreeRTOS/Source/tasks.c **** 				case eNoAction :
4963:Middlewares/Third_Party/FreeRTOS/Source/tasks.c **** 					/* The task is being notified without its notify value being
4964:Middlewares/Third_Party/FreeRTOS/Source/tasks.c **** 					updated. */
4965:Middlewares/Third_Party/FreeRTOS/Source/tasks.c **** 					break;
4966:Middlewares/Third_Party/FreeRTOS/Source/tasks.c **** 
4967:Middlewares/Third_Party/FreeRTOS/Source/tasks.c **** 				default:
4968:Middlewares/Third_Party/FreeRTOS/Source/tasks.c **** 					/* Should not get here if all enums are handled.
4969:Middlewares/Third_Party/FreeRTOS/Source/tasks.c **** 					Artificially force an assert by testing a value the
4970:Middlewares/Third_Party/FreeRTOS/Source/tasks.c **** 					compiler can't assume is const. */
4971:Middlewares/Third_Party/FreeRTOS/Source/tasks.c **** 					configASSERT( pxTCB->ulNotifiedValue == ~0UL );
4972:Middlewares/Third_Party/FreeRTOS/Source/tasks.c **** 					break;
4973:Middlewares/Third_Party/FreeRTOS/Source/tasks.c **** 			}
4974:Middlewares/Third_Party/FreeRTOS/Source/tasks.c **** 
4975:Middlewares/Third_Party/FreeRTOS/Source/tasks.c **** 			traceTASK_NOTIFY_FROM_ISR();
4976:Middlewares/Third_Party/FreeRTOS/Source/tasks.c **** 
4977:Middlewares/Third_Party/FreeRTOS/Source/tasks.c **** 			/* If the task is in the blocked state specifically to wait for a
4978:Middlewares/Third_Party/FreeRTOS/Source/tasks.c **** 			notification then unblock it now. */
4979:Middlewares/Third_Party/FreeRTOS/Source/tasks.c **** 			if( ucOriginalNotifyState == taskWAITING_NOTIFICATION )
4980:Middlewares/Third_Party/FreeRTOS/Source/tasks.c **** 			{
4981:Middlewares/Third_Party/FreeRTOS/Source/tasks.c **** 				/* The task should not have been on an event list. */
4982:Middlewares/Third_Party/FreeRTOS/Source/tasks.c **** 				configASSERT( listLIST_ITEM_CONTAINER( &( pxTCB->xEventListItem ) ) == NULL );
4983:Middlewares/Third_Party/FreeRTOS/Source/tasks.c **** 
4984:Middlewares/Third_Party/FreeRTOS/Source/tasks.c **** 				if( uxSchedulerSuspended == ( UBaseType_t ) pdFALSE )
4985:Middlewares/Third_Party/FreeRTOS/Source/tasks.c **** 				{
4986:Middlewares/Third_Party/FreeRTOS/Source/tasks.c **** 					( void ) uxListRemove( &( pxTCB->xStateListItem ) );
4987:Middlewares/Third_Party/FreeRTOS/Source/tasks.c **** 					prvAddTaskToReadyList( pxTCB );
4988:Middlewares/Third_Party/FreeRTOS/Source/tasks.c **** 				}
4989:Middlewares/Third_Party/FreeRTOS/Source/tasks.c **** 				else
ARM GAS  D:\software\msy64\tmp\ccHzaEXX.s 			page 109


4990:Middlewares/Third_Party/FreeRTOS/Source/tasks.c **** 				{
4991:Middlewares/Third_Party/FreeRTOS/Source/tasks.c **** 					/* The delayed and ready lists cannot be accessed, so hold
4992:Middlewares/Third_Party/FreeRTOS/Source/tasks.c **** 					this task pending until the scheduler is resumed. */
4993:Middlewares/Third_Party/FreeRTOS/Source/tasks.c **** 					vListInsertEnd( &( xPendingReadyList ), &( pxTCB->xEventListItem ) );
4994:Middlewares/Third_Party/FreeRTOS/Source/tasks.c **** 				}
4995:Middlewares/Third_Party/FreeRTOS/Source/tasks.c **** 
4996:Middlewares/Third_Party/FreeRTOS/Source/tasks.c **** 				if( pxTCB->uxPriority > pxCurrentTCB->uxPriority )
4997:Middlewares/Third_Party/FreeRTOS/Source/tasks.c **** 				{
4998:Middlewares/Third_Party/FreeRTOS/Source/tasks.c **** 					/* The notified task has a priority above the currently
4999:Middlewares/Third_Party/FreeRTOS/Source/tasks.c **** 					executing task so a yield is required. */
5000:Middlewares/Third_Party/FreeRTOS/Source/tasks.c **** 					if( pxHigherPriorityTaskWoken != NULL )
5001:Middlewares/Third_Party/FreeRTOS/Source/tasks.c **** 					{
5002:Middlewares/Third_Party/FreeRTOS/Source/tasks.c **** 						*pxHigherPriorityTaskWoken = pdTRUE;
5003:Middlewares/Third_Party/FreeRTOS/Source/tasks.c **** 					}
5004:Middlewares/Third_Party/FreeRTOS/Source/tasks.c **** 
5005:Middlewares/Third_Party/FreeRTOS/Source/tasks.c **** 					/* Mark that a yield is pending in case the user is not
5006:Middlewares/Third_Party/FreeRTOS/Source/tasks.c **** 					using the "xHigherPriorityTaskWoken" parameter to an ISR
5007:Middlewares/Third_Party/FreeRTOS/Source/tasks.c **** 					safe FreeRTOS function. */
5008:Middlewares/Third_Party/FreeRTOS/Source/tasks.c **** 					xYieldPending = pdTRUE;
5009:Middlewares/Third_Party/FreeRTOS/Source/tasks.c **** 				}
5010:Middlewares/Third_Party/FreeRTOS/Source/tasks.c **** 				else
5011:Middlewares/Third_Party/FreeRTOS/Source/tasks.c **** 				{
5012:Middlewares/Third_Party/FreeRTOS/Source/tasks.c **** 					mtCOVERAGE_TEST_MARKER();
5013:Middlewares/Third_Party/FreeRTOS/Source/tasks.c **** 				}
5014:Middlewares/Third_Party/FreeRTOS/Source/tasks.c **** 			}
5015:Middlewares/Third_Party/FreeRTOS/Source/tasks.c **** 		}
5016:Middlewares/Third_Party/FreeRTOS/Source/tasks.c **** 		portCLEAR_INTERRUPT_MASK_FROM_ISR( uxSavedInterruptStatus );
5017:Middlewares/Third_Party/FreeRTOS/Source/tasks.c **** 
5018:Middlewares/Third_Party/FreeRTOS/Source/tasks.c **** 		return xReturn;
5019:Middlewares/Third_Party/FreeRTOS/Source/tasks.c **** 	}
5020:Middlewares/Third_Party/FreeRTOS/Source/tasks.c **** 
5021:Middlewares/Third_Party/FreeRTOS/Source/tasks.c **** #endif /* configUSE_TASK_NOTIFICATIONS */
5022:Middlewares/Third_Party/FreeRTOS/Source/tasks.c **** /*-----------------------------------------------------------*/
5023:Middlewares/Third_Party/FreeRTOS/Source/tasks.c **** 
5024:Middlewares/Third_Party/FreeRTOS/Source/tasks.c **** #if( configUSE_TASK_NOTIFICATIONS == 1 )
5025:Middlewares/Third_Party/FreeRTOS/Source/tasks.c **** 
5026:Middlewares/Third_Party/FreeRTOS/Source/tasks.c **** 	void vTaskNotifyGiveFromISR( TaskHandle_t xTaskToNotify, BaseType_t *pxHigherPriorityTaskWoken )
5027:Middlewares/Third_Party/FreeRTOS/Source/tasks.c **** 	{
5028:Middlewares/Third_Party/FreeRTOS/Source/tasks.c **** 	TCB_t * pxTCB;
5029:Middlewares/Third_Party/FreeRTOS/Source/tasks.c **** 	uint8_t ucOriginalNotifyState;
5030:Middlewares/Third_Party/FreeRTOS/Source/tasks.c **** 	UBaseType_t uxSavedInterruptStatus;
5031:Middlewares/Third_Party/FreeRTOS/Source/tasks.c **** 
5032:Middlewares/Third_Party/FreeRTOS/Source/tasks.c **** 		configASSERT( xTaskToNotify );
5033:Middlewares/Third_Party/FreeRTOS/Source/tasks.c **** 
5034:Middlewares/Third_Party/FreeRTOS/Source/tasks.c **** 		/* RTOS ports that support interrupt nesting have the concept of a
5035:Middlewares/Third_Party/FreeRTOS/Source/tasks.c **** 		maximum	system call (or maximum API call) interrupt priority.
5036:Middlewares/Third_Party/FreeRTOS/Source/tasks.c **** 		Interrupts that are	above the maximum system call priority are keep
5037:Middlewares/Third_Party/FreeRTOS/Source/tasks.c **** 		permanently enabled, even when the RTOS kernel is in a critical section,
5038:Middlewares/Third_Party/FreeRTOS/Source/tasks.c **** 		but cannot make any calls to FreeRTOS API functions.  If configASSERT()
5039:Middlewares/Third_Party/FreeRTOS/Source/tasks.c **** 		is defined in FreeRTOSConfig.h then
5040:Middlewares/Third_Party/FreeRTOS/Source/tasks.c **** 		portASSERT_IF_INTERRUPT_PRIORITY_INVALID() will result in an assertion
5041:Middlewares/Third_Party/FreeRTOS/Source/tasks.c **** 		failure if a FreeRTOS API function is called from an interrupt that has
5042:Middlewares/Third_Party/FreeRTOS/Source/tasks.c **** 		been assigned a priority above the configured maximum system call
5043:Middlewares/Third_Party/FreeRTOS/Source/tasks.c **** 		priority.  Only FreeRTOS functions that end in FromISR can be called
5044:Middlewares/Third_Party/FreeRTOS/Source/tasks.c **** 		from interrupts	that have been assigned a priority at or (logically)
5045:Middlewares/Third_Party/FreeRTOS/Source/tasks.c **** 		below the maximum system call interrupt priority.  FreeRTOS maintains a
5046:Middlewares/Third_Party/FreeRTOS/Source/tasks.c **** 		separate interrupt safe API to ensure interrupt entry is as fast and as
ARM GAS  D:\software\msy64\tmp\ccHzaEXX.s 			page 110


5047:Middlewares/Third_Party/FreeRTOS/Source/tasks.c **** 		simple as possible.  More information (albeit Cortex-M specific) is
5048:Middlewares/Third_Party/FreeRTOS/Source/tasks.c **** 		provided on the following link:
5049:Middlewares/Third_Party/FreeRTOS/Source/tasks.c **** 		http://www.freertos.org/RTOS-Cortex-M3-M4.html */
5050:Middlewares/Third_Party/FreeRTOS/Source/tasks.c **** 		portASSERT_IF_INTERRUPT_PRIORITY_INVALID();
5051:Middlewares/Third_Party/FreeRTOS/Source/tasks.c **** 
5052:Middlewares/Third_Party/FreeRTOS/Source/tasks.c **** 		pxTCB = xTaskToNotify;
5053:Middlewares/Third_Party/FreeRTOS/Source/tasks.c **** 
5054:Middlewares/Third_Party/FreeRTOS/Source/tasks.c **** 		uxSavedInterruptStatus = portSET_INTERRUPT_MASK_FROM_ISR();
5055:Middlewares/Third_Party/FreeRTOS/Source/tasks.c **** 		{
5056:Middlewares/Third_Party/FreeRTOS/Source/tasks.c **** 			ucOriginalNotifyState = pxTCB->ucNotifyState;
5057:Middlewares/Third_Party/FreeRTOS/Source/tasks.c **** 			pxTCB->ucNotifyState = taskNOTIFICATION_RECEIVED;
5058:Middlewares/Third_Party/FreeRTOS/Source/tasks.c **** 
5059:Middlewares/Third_Party/FreeRTOS/Source/tasks.c **** 			/* 'Giving' is equivalent to incrementing a count in a counting
5060:Middlewares/Third_Party/FreeRTOS/Source/tasks.c **** 			semaphore. */
5061:Middlewares/Third_Party/FreeRTOS/Source/tasks.c **** 			( pxTCB->ulNotifiedValue )++;
5062:Middlewares/Third_Party/FreeRTOS/Source/tasks.c **** 
5063:Middlewares/Third_Party/FreeRTOS/Source/tasks.c **** 			traceTASK_NOTIFY_GIVE_FROM_ISR();
5064:Middlewares/Third_Party/FreeRTOS/Source/tasks.c **** 
5065:Middlewares/Third_Party/FreeRTOS/Source/tasks.c **** 			/* If the task is in the blocked state specifically to wait for a
5066:Middlewares/Third_Party/FreeRTOS/Source/tasks.c **** 			notification then unblock it now. */
5067:Middlewares/Third_Party/FreeRTOS/Source/tasks.c **** 			if( ucOriginalNotifyState == taskWAITING_NOTIFICATION )
5068:Middlewares/Third_Party/FreeRTOS/Source/tasks.c **** 			{
5069:Middlewares/Third_Party/FreeRTOS/Source/tasks.c **** 				/* The task should not have been on an event list. */
5070:Middlewares/Third_Party/FreeRTOS/Source/tasks.c **** 				configASSERT( listLIST_ITEM_CONTAINER( &( pxTCB->xEventListItem ) ) == NULL );
5071:Middlewares/Third_Party/FreeRTOS/Source/tasks.c **** 
5072:Middlewares/Third_Party/FreeRTOS/Source/tasks.c **** 				if( uxSchedulerSuspended == ( UBaseType_t ) pdFALSE )
5073:Middlewares/Third_Party/FreeRTOS/Source/tasks.c **** 				{
5074:Middlewares/Third_Party/FreeRTOS/Source/tasks.c **** 					( void ) uxListRemove( &( pxTCB->xStateListItem ) );
5075:Middlewares/Third_Party/FreeRTOS/Source/tasks.c **** 					prvAddTaskToReadyList( pxTCB );
5076:Middlewares/Third_Party/FreeRTOS/Source/tasks.c **** 				}
5077:Middlewares/Third_Party/FreeRTOS/Source/tasks.c **** 				else
5078:Middlewares/Third_Party/FreeRTOS/Source/tasks.c **** 				{
5079:Middlewares/Third_Party/FreeRTOS/Source/tasks.c **** 					/* The delayed and ready lists cannot be accessed, so hold
5080:Middlewares/Third_Party/FreeRTOS/Source/tasks.c **** 					this task pending until the scheduler is resumed. */
5081:Middlewares/Third_Party/FreeRTOS/Source/tasks.c **** 					vListInsertEnd( &( xPendingReadyList ), &( pxTCB->xEventListItem ) );
5082:Middlewares/Third_Party/FreeRTOS/Source/tasks.c **** 				}
5083:Middlewares/Third_Party/FreeRTOS/Source/tasks.c **** 
5084:Middlewares/Third_Party/FreeRTOS/Source/tasks.c **** 				if( pxTCB->uxPriority > pxCurrentTCB->uxPriority )
5085:Middlewares/Third_Party/FreeRTOS/Source/tasks.c **** 				{
5086:Middlewares/Third_Party/FreeRTOS/Source/tasks.c **** 					/* The notified task has a priority above the currently
5087:Middlewares/Third_Party/FreeRTOS/Source/tasks.c **** 					executing task so a yield is required. */
5088:Middlewares/Third_Party/FreeRTOS/Source/tasks.c **** 					if( pxHigherPriorityTaskWoken != NULL )
5089:Middlewares/Third_Party/FreeRTOS/Source/tasks.c **** 					{
5090:Middlewares/Third_Party/FreeRTOS/Source/tasks.c **** 						*pxHigherPriorityTaskWoken = pdTRUE;
5091:Middlewares/Third_Party/FreeRTOS/Source/tasks.c **** 					}
5092:Middlewares/Third_Party/FreeRTOS/Source/tasks.c **** 
5093:Middlewares/Third_Party/FreeRTOS/Source/tasks.c **** 					/* Mark that a yield is pending in case the user is not
5094:Middlewares/Third_Party/FreeRTOS/Source/tasks.c **** 					using the "xHigherPriorityTaskWoken" parameter in an ISR
5095:Middlewares/Third_Party/FreeRTOS/Source/tasks.c **** 					safe FreeRTOS function. */
5096:Middlewares/Third_Party/FreeRTOS/Source/tasks.c **** 					xYieldPending = pdTRUE;
5097:Middlewares/Third_Party/FreeRTOS/Source/tasks.c **** 				}
5098:Middlewares/Third_Party/FreeRTOS/Source/tasks.c **** 				else
5099:Middlewares/Third_Party/FreeRTOS/Source/tasks.c **** 				{
5100:Middlewares/Third_Party/FreeRTOS/Source/tasks.c **** 					mtCOVERAGE_TEST_MARKER();
5101:Middlewares/Third_Party/FreeRTOS/Source/tasks.c **** 				}
5102:Middlewares/Third_Party/FreeRTOS/Source/tasks.c **** 			}
5103:Middlewares/Third_Party/FreeRTOS/Source/tasks.c **** 		}
ARM GAS  D:\software\msy64\tmp\ccHzaEXX.s 			page 111


5104:Middlewares/Third_Party/FreeRTOS/Source/tasks.c **** 		portCLEAR_INTERRUPT_MASK_FROM_ISR( uxSavedInterruptStatus );
5105:Middlewares/Third_Party/FreeRTOS/Source/tasks.c **** 	}
5106:Middlewares/Third_Party/FreeRTOS/Source/tasks.c **** 
5107:Middlewares/Third_Party/FreeRTOS/Source/tasks.c **** #endif /* configUSE_TASK_NOTIFICATIONS */
5108:Middlewares/Third_Party/FreeRTOS/Source/tasks.c **** /*-----------------------------------------------------------*/
5109:Middlewares/Third_Party/FreeRTOS/Source/tasks.c **** 
5110:Middlewares/Third_Party/FreeRTOS/Source/tasks.c **** #if( configUSE_TASK_NOTIFICATIONS == 1 )
5111:Middlewares/Third_Party/FreeRTOS/Source/tasks.c **** 
5112:Middlewares/Third_Party/FreeRTOS/Source/tasks.c **** 	BaseType_t xTaskNotifyStateClear( TaskHandle_t xTask )
5113:Middlewares/Third_Party/FreeRTOS/Source/tasks.c **** 	{
5114:Middlewares/Third_Party/FreeRTOS/Source/tasks.c **** 	TCB_t *pxTCB;
5115:Middlewares/Third_Party/FreeRTOS/Source/tasks.c **** 	BaseType_t xReturn;
5116:Middlewares/Third_Party/FreeRTOS/Source/tasks.c **** 
5117:Middlewares/Third_Party/FreeRTOS/Source/tasks.c **** 		/* If null is passed in here then it is the calling task that is having
5118:Middlewares/Third_Party/FreeRTOS/Source/tasks.c **** 		its notification state cleared. */
5119:Middlewares/Third_Party/FreeRTOS/Source/tasks.c **** 		pxTCB = prvGetTCBFromHandle( xTask );
5120:Middlewares/Third_Party/FreeRTOS/Source/tasks.c **** 
5121:Middlewares/Third_Party/FreeRTOS/Source/tasks.c **** 		taskENTER_CRITICAL();
5122:Middlewares/Third_Party/FreeRTOS/Source/tasks.c **** 		{
5123:Middlewares/Third_Party/FreeRTOS/Source/tasks.c **** 			if( pxTCB->ucNotifyState == taskNOTIFICATION_RECEIVED )
5124:Middlewares/Third_Party/FreeRTOS/Source/tasks.c **** 			{
5125:Middlewares/Third_Party/FreeRTOS/Source/tasks.c **** 				pxTCB->ucNotifyState = taskNOT_WAITING_NOTIFICATION;
5126:Middlewares/Third_Party/FreeRTOS/Source/tasks.c **** 				xReturn = pdPASS;
5127:Middlewares/Third_Party/FreeRTOS/Source/tasks.c **** 			}
5128:Middlewares/Third_Party/FreeRTOS/Source/tasks.c **** 			else
5129:Middlewares/Third_Party/FreeRTOS/Source/tasks.c **** 			{
5130:Middlewares/Third_Party/FreeRTOS/Source/tasks.c **** 				xReturn = pdFAIL;
5131:Middlewares/Third_Party/FreeRTOS/Source/tasks.c **** 			}
5132:Middlewares/Third_Party/FreeRTOS/Source/tasks.c **** 		}
5133:Middlewares/Third_Party/FreeRTOS/Source/tasks.c **** 		taskEXIT_CRITICAL();
5134:Middlewares/Third_Party/FreeRTOS/Source/tasks.c **** 
5135:Middlewares/Third_Party/FreeRTOS/Source/tasks.c **** 		return xReturn;
5136:Middlewares/Third_Party/FreeRTOS/Source/tasks.c **** 	}
5137:Middlewares/Third_Party/FreeRTOS/Source/tasks.c **** 
5138:Middlewares/Third_Party/FreeRTOS/Source/tasks.c **** #endif /* configUSE_TASK_NOTIFICATIONS */
5139:Middlewares/Third_Party/FreeRTOS/Source/tasks.c **** /*-----------------------------------------------------------*/
5140:Middlewares/Third_Party/FreeRTOS/Source/tasks.c **** 
5141:Middlewares/Third_Party/FreeRTOS/Source/tasks.c **** #if( configUSE_TASK_NOTIFICATIONS == 1 )
5142:Middlewares/Third_Party/FreeRTOS/Source/tasks.c **** 
5143:Middlewares/Third_Party/FreeRTOS/Source/tasks.c **** 	uint32_t ulTaskNotifyValueClear( TaskHandle_t xTask, uint32_t ulBitsToClear )
5144:Middlewares/Third_Party/FreeRTOS/Source/tasks.c **** 	{
5145:Middlewares/Third_Party/FreeRTOS/Source/tasks.c **** 	TCB_t *pxTCB;
5146:Middlewares/Third_Party/FreeRTOS/Source/tasks.c **** 	uint32_t ulReturn;
5147:Middlewares/Third_Party/FreeRTOS/Source/tasks.c **** 
5148:Middlewares/Third_Party/FreeRTOS/Source/tasks.c **** 		/* If null is passed in here then it is the calling task that is having
5149:Middlewares/Third_Party/FreeRTOS/Source/tasks.c **** 		its notification state cleared. */
5150:Middlewares/Third_Party/FreeRTOS/Source/tasks.c **** 		pxTCB = prvGetTCBFromHandle( xTask );
5151:Middlewares/Third_Party/FreeRTOS/Source/tasks.c **** 
5152:Middlewares/Third_Party/FreeRTOS/Source/tasks.c **** 		taskENTER_CRITICAL();
5153:Middlewares/Third_Party/FreeRTOS/Source/tasks.c **** 		{
5154:Middlewares/Third_Party/FreeRTOS/Source/tasks.c **** 			/* Return the notification as it was before the bits were cleared,
5155:Middlewares/Third_Party/FreeRTOS/Source/tasks.c **** 			then clear the bit mask. */
5156:Middlewares/Third_Party/FreeRTOS/Source/tasks.c **** 			ulReturn = pxCurrentTCB->ulNotifiedValue;
5157:Middlewares/Third_Party/FreeRTOS/Source/tasks.c **** 			pxTCB->ulNotifiedValue &= ~ulBitsToClear;
5158:Middlewares/Third_Party/FreeRTOS/Source/tasks.c **** 		}
5159:Middlewares/Third_Party/FreeRTOS/Source/tasks.c **** 		taskEXIT_CRITICAL();
5160:Middlewares/Third_Party/FreeRTOS/Source/tasks.c **** 
ARM GAS  D:\software\msy64\tmp\ccHzaEXX.s 			page 112


5161:Middlewares/Third_Party/FreeRTOS/Source/tasks.c **** 		return ulReturn;
5162:Middlewares/Third_Party/FreeRTOS/Source/tasks.c **** 	}
5163:Middlewares/Third_Party/FreeRTOS/Source/tasks.c **** 
5164:Middlewares/Third_Party/FreeRTOS/Source/tasks.c **** #endif /* configUSE_TASK_NOTIFICATIONS */
5165:Middlewares/Third_Party/FreeRTOS/Source/tasks.c **** /*-----------------------------------------------------------*/
5166:Middlewares/Third_Party/FreeRTOS/Source/tasks.c **** 
5167:Middlewares/Third_Party/FreeRTOS/Source/tasks.c **** #if( ( configGENERATE_RUN_TIME_STATS == 1 ) && ( INCLUDE_xTaskGetIdleTaskHandle == 1 ) )
5168:Middlewares/Third_Party/FreeRTOS/Source/tasks.c **** 
5169:Middlewares/Third_Party/FreeRTOS/Source/tasks.c **** 	uint32_t ulTaskGetIdleRunTimeCounter( void )
5170:Middlewares/Third_Party/FreeRTOS/Source/tasks.c **** 	{
5171:Middlewares/Third_Party/FreeRTOS/Source/tasks.c **** 		return xIdleTaskHandle->ulRunTimeCounter;
5172:Middlewares/Third_Party/FreeRTOS/Source/tasks.c **** 	}
5173:Middlewares/Third_Party/FreeRTOS/Source/tasks.c **** 
5174:Middlewares/Third_Party/FreeRTOS/Source/tasks.c **** #endif
5175:Middlewares/Third_Party/FreeRTOS/Source/tasks.c **** /*-----------------------------------------------------------*/
5176:Middlewares/Third_Party/FreeRTOS/Source/tasks.c **** 
5177:Middlewares/Third_Party/FreeRTOS/Source/tasks.c **** static void prvAddCurrentTaskToDelayedList( TickType_t xTicksToWait, const BaseType_t xCanBlockInde
5178:Middlewares/Third_Party/FreeRTOS/Source/tasks.c **** {
 803              		.loc 1 5178 1 view -0
 804              		.cfi_startproc
 805              		@ args = 0, pretend = 0, frame = 0
 806              		@ frame_needed = 0, uses_anonymous_args = 0
 807              		.loc 1 5178 1 is_stmt 0 view .LVU222
 808 0000 70B5     		push	{r4, r5, r6, lr}
 809              	.LCFI7:
 810              		.cfi_def_cfa_offset 16
 811              		.cfi_offset 4, -16
 812              		.cfi_offset 5, -12
 813              		.cfi_offset 6, -8
 814              		.cfi_offset 14, -4
 815 0002 0446     		mov	r4, r0
 816 0004 0D46     		mov	r5, r1
5179:Middlewares/Third_Party/FreeRTOS/Source/tasks.c **** TickType_t xTimeToWake;
 817              		.loc 1 5179 1 is_stmt 1 view .LVU223
5180:Middlewares/Third_Party/FreeRTOS/Source/tasks.c **** const TickType_t xConstTickCount = xTickCount;
 818              		.loc 1 5180 1 view .LVU224
 819              		.loc 1 5180 18 is_stmt 0 view .LVU225
 820 0006 1D4B     		ldr	r3, .L75
 821 0008 1E68     		ldr	r6, [r3]
 822              	.LVL59:
5181:Middlewares/Third_Party/FreeRTOS/Source/tasks.c **** 
5182:Middlewares/Third_Party/FreeRTOS/Source/tasks.c **** 	#if( INCLUDE_xTaskAbortDelay == 1 )
5183:Middlewares/Third_Party/FreeRTOS/Source/tasks.c **** 	{
5184:Middlewares/Third_Party/FreeRTOS/Source/tasks.c **** 		/* About to enter a delayed list, so ensure the ucDelayAborted flag is
5185:Middlewares/Third_Party/FreeRTOS/Source/tasks.c **** 		reset to pdFALSE so it can be detected as having been set to pdTRUE
5186:Middlewares/Third_Party/FreeRTOS/Source/tasks.c **** 		when the task leaves the Blocked state. */
5187:Middlewares/Third_Party/FreeRTOS/Source/tasks.c **** 		pxCurrentTCB->ucDelayAborted = pdFALSE;
5188:Middlewares/Third_Party/FreeRTOS/Source/tasks.c **** 	}
5189:Middlewares/Third_Party/FreeRTOS/Source/tasks.c **** 	#endif
5190:Middlewares/Third_Party/FreeRTOS/Source/tasks.c **** 
5191:Middlewares/Third_Party/FreeRTOS/Source/tasks.c **** 	/* Remove the task from the ready list before adding it to the blocked list
5192:Middlewares/Third_Party/FreeRTOS/Source/tasks.c **** 	as the same list item is used for both lists. */
5193:Middlewares/Third_Party/FreeRTOS/Source/tasks.c **** 	if( uxListRemove( &( pxCurrentTCB->xStateListItem ) ) == ( UBaseType_t ) 0 )
 823              		.loc 1 5193 2 is_stmt 1 view .LVU226
 824              		.loc 1 5193 35 is_stmt 0 view .LVU227
 825 000a 1D4B     		ldr	r3, .L75+4
 826 000c 1868     		ldr	r0, [r3]
ARM GAS  D:\software\msy64\tmp\ccHzaEXX.s 			page 113


 827              	.LVL60:
 828              		.loc 1 5193 6 view .LVU228
 829 000e 0430     		adds	r0, r0, #4
 830 0010 FFF7FEFF 		bl	uxListRemove
 831              	.LVL61:
 832              		.loc 1 5193 4 discriminator 1 view .LVU229
 833 0014 48B9     		cbnz	r0, .L69
5194:Middlewares/Third_Party/FreeRTOS/Source/tasks.c **** 	{
5195:Middlewares/Third_Party/FreeRTOS/Source/tasks.c **** 		/* The current task must be in a ready list, so there is no need to
5196:Middlewares/Third_Party/FreeRTOS/Source/tasks.c **** 		check, and the port reset macro can be called directly. */
5197:Middlewares/Third_Party/FreeRTOS/Source/tasks.c **** 		portRESET_READY_PRIORITY( pxCurrentTCB->uxPriority, uxTopReadyPriority ); /*lint !e931 pxCurrentT
 834              		.loc 1 5197 3 is_stmt 1 view .LVU230
 835 0016 1A4B     		ldr	r3, .L75+4
 836 0018 1B68     		ldr	r3, [r3]
 837 001a DB6A     		ldr	r3, [r3, #44]
 838 001c 0122     		movs	r2, #1
 839 001e 9A40     		lsls	r2, r2, r3
 840 0020 1849     		ldr	r1, .L75+8
 841 0022 0B68     		ldr	r3, [r1]
 842 0024 23EA0203 		bic	r3, r3, r2
 843 0028 0B60     		str	r3, [r1]
 844              	.L69:
5198:Middlewares/Third_Party/FreeRTOS/Source/tasks.c **** 	}
5199:Middlewares/Third_Party/FreeRTOS/Source/tasks.c **** 	else
5200:Middlewares/Third_Party/FreeRTOS/Source/tasks.c **** 	{
5201:Middlewares/Third_Party/FreeRTOS/Source/tasks.c **** 		mtCOVERAGE_TEST_MARKER();
 845              		.loc 1 5201 27 view .LVU231
5202:Middlewares/Third_Party/FreeRTOS/Source/tasks.c **** 	}
5203:Middlewares/Third_Party/FreeRTOS/Source/tasks.c **** 
5204:Middlewares/Third_Party/FreeRTOS/Source/tasks.c **** 	#if ( INCLUDE_vTaskSuspend == 1 )
5205:Middlewares/Third_Party/FreeRTOS/Source/tasks.c **** 	{
5206:Middlewares/Third_Party/FreeRTOS/Source/tasks.c **** 		if( ( xTicksToWait == portMAX_DELAY ) && ( xCanBlockIndefinitely != pdFALSE ) )
 846              		.loc 1 5206 3 view .LVU232
 847              		.loc 1 5206 5 is_stmt 0 view .LVU233
 848 002a B4F1FF3F 		cmp	r4, #-1
 849 002e 0DD0     		beq	.L74
 850              	.L70:
5207:Middlewares/Third_Party/FreeRTOS/Source/tasks.c **** 		{
5208:Middlewares/Third_Party/FreeRTOS/Source/tasks.c **** 			/* Add the task to the suspended task list instead of a delayed task
5209:Middlewares/Third_Party/FreeRTOS/Source/tasks.c **** 			list to ensure it is not woken by a timing event.  It will block
5210:Middlewares/Third_Party/FreeRTOS/Source/tasks.c **** 			indefinitely. */
5211:Middlewares/Third_Party/FreeRTOS/Source/tasks.c **** 			vListInsertEnd( &xSuspendedTaskList, &( pxCurrentTCB->xStateListItem ) );
5212:Middlewares/Third_Party/FreeRTOS/Source/tasks.c **** 		}
5213:Middlewares/Third_Party/FreeRTOS/Source/tasks.c **** 		else
5214:Middlewares/Third_Party/FreeRTOS/Source/tasks.c **** 		{
5215:Middlewares/Third_Party/FreeRTOS/Source/tasks.c **** 			/* Calculate the time at which the task should be woken if the event
5216:Middlewares/Third_Party/FreeRTOS/Source/tasks.c **** 			does not occur.  This may overflow but this doesn't matter, the
5217:Middlewares/Third_Party/FreeRTOS/Source/tasks.c **** 			kernel will manage it correctly. */
5218:Middlewares/Third_Party/FreeRTOS/Source/tasks.c **** 			xTimeToWake = xConstTickCount + xTicksToWait;
 851              		.loc 1 5218 4 is_stmt 1 view .LVU234
 852              		.loc 1 5218 16 is_stmt 0 view .LVU235
 853 0030 3444     		add	r4, r4, r6
 854              	.LVL62:
5219:Middlewares/Third_Party/FreeRTOS/Source/tasks.c **** 
5220:Middlewares/Third_Party/FreeRTOS/Source/tasks.c **** 			/* The list item will be inserted in wake time order. */
5221:Middlewares/Third_Party/FreeRTOS/Source/tasks.c **** 			listSET_LIST_ITEM_VALUE( &( pxCurrentTCB->xStateListItem ), xTimeToWake );
 855              		.loc 1 5221 4 is_stmt 1 view .LVU236
ARM GAS  D:\software\msy64\tmp\ccHzaEXX.s 			page 114


 856 0032 134B     		ldr	r3, .L75+4
 857 0034 1B68     		ldr	r3, [r3]
 858 0036 5C60     		str	r4, [r3, #4]
5222:Middlewares/Third_Party/FreeRTOS/Source/tasks.c **** 
5223:Middlewares/Third_Party/FreeRTOS/Source/tasks.c **** 			if( xTimeToWake < xConstTickCount )
 859              		.loc 1 5223 4 view .LVU237
 860              		.loc 1 5223 6 is_stmt 0 view .LVU238
 861 0038 A642     		cmp	r6, r4
 862 003a 10D9     		bls	.L72
5224:Middlewares/Third_Party/FreeRTOS/Source/tasks.c **** 			{
5225:Middlewares/Third_Party/FreeRTOS/Source/tasks.c **** 				/* Wake time has overflowed.  Place this item in the overflow
5226:Middlewares/Third_Party/FreeRTOS/Source/tasks.c **** 				list. */
5227:Middlewares/Third_Party/FreeRTOS/Source/tasks.c **** 				vListInsert( pxOverflowDelayedTaskList, &( pxCurrentTCB->xStateListItem ) );
 863              		.loc 1 5227 5 is_stmt 1 view .LVU239
 864 003c 124B     		ldr	r3, .L75+12
 865 003e 1868     		ldr	r0, [r3]
 866              		.loc 1 5227 60 is_stmt 0 view .LVU240
 867 0040 0F4B     		ldr	r3, .L75+4
 868 0042 1968     		ldr	r1, [r3]
 869              		.loc 1 5227 5 view .LVU241
 870 0044 0431     		adds	r1, r1, #4
 871 0046 FFF7FEFF 		bl	vListInsert
 872              	.LVL63:
 873              	.L68:
5228:Middlewares/Third_Party/FreeRTOS/Source/tasks.c **** 			}
5229:Middlewares/Third_Party/FreeRTOS/Source/tasks.c **** 			else
5230:Middlewares/Third_Party/FreeRTOS/Source/tasks.c **** 			{
5231:Middlewares/Third_Party/FreeRTOS/Source/tasks.c **** 				/* The wake time has not overflowed, so the current block list
5232:Middlewares/Third_Party/FreeRTOS/Source/tasks.c **** 				is used. */
5233:Middlewares/Third_Party/FreeRTOS/Source/tasks.c **** 				vListInsert( pxDelayedTaskList, &( pxCurrentTCB->xStateListItem ) );
5234:Middlewares/Third_Party/FreeRTOS/Source/tasks.c **** 
5235:Middlewares/Third_Party/FreeRTOS/Source/tasks.c **** 				/* If the task entering the blocked state was placed at the
5236:Middlewares/Third_Party/FreeRTOS/Source/tasks.c **** 				head of the list of blocked tasks then xNextTaskUnblockTime
5237:Middlewares/Third_Party/FreeRTOS/Source/tasks.c **** 				needs to be updated too. */
5238:Middlewares/Third_Party/FreeRTOS/Source/tasks.c **** 				if( xTimeToWake < xNextTaskUnblockTime )
5239:Middlewares/Third_Party/FreeRTOS/Source/tasks.c **** 				{
5240:Middlewares/Third_Party/FreeRTOS/Source/tasks.c **** 					xNextTaskUnblockTime = xTimeToWake;
5241:Middlewares/Third_Party/FreeRTOS/Source/tasks.c **** 				}
5242:Middlewares/Third_Party/FreeRTOS/Source/tasks.c **** 				else
5243:Middlewares/Third_Party/FreeRTOS/Source/tasks.c **** 				{
5244:Middlewares/Third_Party/FreeRTOS/Source/tasks.c **** 					mtCOVERAGE_TEST_MARKER();
5245:Middlewares/Third_Party/FreeRTOS/Source/tasks.c **** 				}
5246:Middlewares/Third_Party/FreeRTOS/Source/tasks.c **** 			}
5247:Middlewares/Third_Party/FreeRTOS/Source/tasks.c **** 		}
5248:Middlewares/Third_Party/FreeRTOS/Source/tasks.c **** 	}
5249:Middlewares/Third_Party/FreeRTOS/Source/tasks.c **** 	#else /* INCLUDE_vTaskSuspend */
5250:Middlewares/Third_Party/FreeRTOS/Source/tasks.c **** 	{
5251:Middlewares/Third_Party/FreeRTOS/Source/tasks.c **** 		/* Calculate the time at which the task should be woken if the event
5252:Middlewares/Third_Party/FreeRTOS/Source/tasks.c **** 		does not occur.  This may overflow but this doesn't matter, the kernel
5253:Middlewares/Third_Party/FreeRTOS/Source/tasks.c **** 		will manage it correctly. */
5254:Middlewares/Third_Party/FreeRTOS/Source/tasks.c **** 		xTimeToWake = xConstTickCount + xTicksToWait;
5255:Middlewares/Third_Party/FreeRTOS/Source/tasks.c **** 
5256:Middlewares/Third_Party/FreeRTOS/Source/tasks.c **** 		/* The list item will be inserted in wake time order. */
5257:Middlewares/Third_Party/FreeRTOS/Source/tasks.c **** 		listSET_LIST_ITEM_VALUE( &( pxCurrentTCB->xStateListItem ), xTimeToWake );
5258:Middlewares/Third_Party/FreeRTOS/Source/tasks.c **** 
5259:Middlewares/Third_Party/FreeRTOS/Source/tasks.c **** 		if( xTimeToWake < xConstTickCount )
5260:Middlewares/Third_Party/FreeRTOS/Source/tasks.c **** 		{
ARM GAS  D:\software\msy64\tmp\ccHzaEXX.s 			page 115


5261:Middlewares/Third_Party/FreeRTOS/Source/tasks.c **** 			/* Wake time has overflowed.  Place this item in the overflow list. */
5262:Middlewares/Third_Party/FreeRTOS/Source/tasks.c **** 			vListInsert( pxOverflowDelayedTaskList, &( pxCurrentTCB->xStateListItem ) );
5263:Middlewares/Third_Party/FreeRTOS/Source/tasks.c **** 		}
5264:Middlewares/Third_Party/FreeRTOS/Source/tasks.c **** 		else
5265:Middlewares/Third_Party/FreeRTOS/Source/tasks.c **** 		{
5266:Middlewares/Third_Party/FreeRTOS/Source/tasks.c **** 			/* The wake time has not overflowed, so the current block list is used. */
5267:Middlewares/Third_Party/FreeRTOS/Source/tasks.c **** 			vListInsert( pxDelayedTaskList, &( pxCurrentTCB->xStateListItem ) );
5268:Middlewares/Third_Party/FreeRTOS/Source/tasks.c **** 
5269:Middlewares/Third_Party/FreeRTOS/Source/tasks.c **** 			/* If the task entering the blocked state was placed at the head of the
5270:Middlewares/Third_Party/FreeRTOS/Source/tasks.c **** 			list of blocked tasks then xNextTaskUnblockTime needs to be updated
5271:Middlewares/Third_Party/FreeRTOS/Source/tasks.c **** 			too. */
5272:Middlewares/Third_Party/FreeRTOS/Source/tasks.c **** 			if( xTimeToWake < xNextTaskUnblockTime )
5273:Middlewares/Third_Party/FreeRTOS/Source/tasks.c **** 			{
5274:Middlewares/Third_Party/FreeRTOS/Source/tasks.c **** 				xNextTaskUnblockTime = xTimeToWake;
5275:Middlewares/Third_Party/FreeRTOS/Source/tasks.c **** 			}
5276:Middlewares/Third_Party/FreeRTOS/Source/tasks.c **** 			else
5277:Middlewares/Third_Party/FreeRTOS/Source/tasks.c **** 			{
5278:Middlewares/Third_Party/FreeRTOS/Source/tasks.c **** 				mtCOVERAGE_TEST_MARKER();
5279:Middlewares/Third_Party/FreeRTOS/Source/tasks.c **** 			}
5280:Middlewares/Third_Party/FreeRTOS/Source/tasks.c **** 		}
5281:Middlewares/Third_Party/FreeRTOS/Source/tasks.c **** 
5282:Middlewares/Third_Party/FreeRTOS/Source/tasks.c **** 		/* Avoid compiler warning when INCLUDE_vTaskSuspend is not 1. */
5283:Middlewares/Third_Party/FreeRTOS/Source/tasks.c **** 		( void ) xCanBlockIndefinitely;
5284:Middlewares/Third_Party/FreeRTOS/Source/tasks.c **** 	}
5285:Middlewares/Third_Party/FreeRTOS/Source/tasks.c **** 	#endif /* INCLUDE_vTaskSuspend */
5286:Middlewares/Third_Party/FreeRTOS/Source/tasks.c **** }
 874              		.loc 1 5286 1 view .LVU242
 875 004a 70BD     		pop	{r4, r5, r6, pc}
 876              	.LVL64:
 877              	.L74:
5206:Middlewares/Third_Party/FreeRTOS/Source/tasks.c **** 		{
 878              		.loc 1 5206 41 discriminator 1 view .LVU243
 879 004c 002D     		cmp	r5, #0
 880 004e EFD0     		beq	.L70
5211:Middlewares/Third_Party/FreeRTOS/Source/tasks.c **** 		}
 881              		.loc 1 5211 4 is_stmt 1 view .LVU244
5211:Middlewares/Third_Party/FreeRTOS/Source/tasks.c **** 		}
 882              		.loc 1 5211 56 is_stmt 0 view .LVU245
 883 0050 0B4B     		ldr	r3, .L75+4
 884 0052 1968     		ldr	r1, [r3]
5211:Middlewares/Third_Party/FreeRTOS/Source/tasks.c **** 		}
 885              		.loc 1 5211 4 view .LVU246
 886 0054 0431     		adds	r1, r1, #4
 887 0056 0D48     		ldr	r0, .L75+16
 888 0058 FFF7FEFF 		bl	vListInsertEnd
 889              	.LVL65:
 890 005c F5E7     		b	.L68
 891              	.LVL66:
 892              	.L72:
5233:Middlewares/Third_Party/FreeRTOS/Source/tasks.c **** 
 893              		.loc 1 5233 5 is_stmt 1 view .LVU247
 894 005e 0C4B     		ldr	r3, .L75+20
 895 0060 1868     		ldr	r0, [r3]
5233:Middlewares/Third_Party/FreeRTOS/Source/tasks.c **** 
 896              		.loc 1 5233 52 is_stmt 0 view .LVU248
 897 0062 074B     		ldr	r3, .L75+4
 898 0064 1968     		ldr	r1, [r3]
ARM GAS  D:\software\msy64\tmp\ccHzaEXX.s 			page 116


5233:Middlewares/Third_Party/FreeRTOS/Source/tasks.c **** 
 899              		.loc 1 5233 5 view .LVU249
 900 0066 0431     		adds	r1, r1, #4
 901 0068 FFF7FEFF 		bl	vListInsert
 902              	.LVL67:
5238:Middlewares/Third_Party/FreeRTOS/Source/tasks.c **** 				{
 903              		.loc 1 5238 5 is_stmt 1 view .LVU250
5238:Middlewares/Third_Party/FreeRTOS/Source/tasks.c **** 				{
 904              		.loc 1 5238 21 is_stmt 0 view .LVU251
 905 006c 094B     		ldr	r3, .L75+24
 906 006e 1B68     		ldr	r3, [r3]
5238:Middlewares/Third_Party/FreeRTOS/Source/tasks.c **** 				{
 907              		.loc 1 5238 7 view .LVU252
 908 0070 A342     		cmp	r3, r4
 909 0072 EAD9     		bls	.L68
5240:Middlewares/Third_Party/FreeRTOS/Source/tasks.c **** 				}
 910              		.loc 1 5240 6 is_stmt 1 view .LVU253
5240:Middlewares/Third_Party/FreeRTOS/Source/tasks.c **** 				}
 911              		.loc 1 5240 27 is_stmt 0 view .LVU254
 912 0074 074B     		ldr	r3, .L75+24
 913 0076 1C60     		str	r4, [r3]
5244:Middlewares/Third_Party/FreeRTOS/Source/tasks.c **** 				}
 914              		.loc 1 5244 30 is_stmt 1 view .LVU255
 915              		.loc 1 5286 1 is_stmt 0 view .LVU256
 916 0078 E7E7     		b	.L68
 917              	.L76:
 918 007a 00BF     		.align	2
 919              	.L75:
 920 007c 00000000 		.word	xTickCount
 921 0080 00000000 		.word	pxCurrentTCB
 922 0084 00000000 		.word	uxTopReadyPriority
 923 0088 00000000 		.word	pxOverflowDelayedTaskList
 924 008c 00000000 		.word	xSuspendedTaskList
 925 0090 00000000 		.word	pxDelayedTaskList
 926 0094 00000000 		.word	xNextTaskUnblockTime
 927              		.cfi_endproc
 928              	.LFE56:
 930              		.section	.text.xTaskCreateStatic,"ax",%progbits
 931              		.align	1
 932              		.global	xTaskCreateStatic
 933              		.syntax unified
 934              		.thumb
 935              		.thumb_func
 937              	xTaskCreateStatic:
 938              	.LVL68:
 939              	.LFB5:
 588:Middlewares/Third_Party/FreeRTOS/Source/tasks.c **** 	TCB_t *pxNewTCB;
 940              		.loc 1 588 2 is_stmt 1 view -0
 941              		.cfi_startproc
 942              		@ args = 12, pretend = 0, frame = 8
 943              		@ frame_needed = 0, uses_anonymous_args = 0
 588:Middlewares/Third_Party/FreeRTOS/Source/tasks.c **** 	TCB_t *pxNewTCB;
 944              		.loc 1 588 2 is_stmt 0 view .LVU258
 945 0000 30B5     		push	{r4, r5, lr}
 946              	.LCFI8:
 947              		.cfi_def_cfa_offset 12
 948              		.cfi_offset 4, -12
ARM GAS  D:\software\msy64\tmp\ccHzaEXX.s 			page 117


 949              		.cfi_offset 5, -8
 950              		.cfi_offset 14, -4
 951 0002 87B0     		sub	sp, sp, #28
 952              	.LCFI9:
 953              		.cfi_def_cfa_offset 40
 954 0004 0B9C     		ldr	r4, [sp, #44]
 589:Middlewares/Third_Party/FreeRTOS/Source/tasks.c **** 	TaskHandle_t xReturn;
 955              		.loc 1 589 2 is_stmt 1 view .LVU259
 590:Middlewares/Third_Party/FreeRTOS/Source/tasks.c **** 
 956              		.loc 1 590 2 view .LVU260
 592:Middlewares/Third_Party/FreeRTOS/Source/tasks.c **** 		configASSERT( pxTaskBuffer != NULL );
 957              		.loc 1 592 3 view .LVU261
 958 0006 7CB1     		cbz	r4, .L85
 592:Middlewares/Third_Party/FreeRTOS/Source/tasks.c **** 		configASSERT( pxTaskBuffer != NULL );
 959              		.loc 1 592 41 discriminator 2 view .LVU262
 593:Middlewares/Third_Party/FreeRTOS/Source/tasks.c **** 
 960              		.loc 1 593 3 view .LVU263
 961 0008 0C9D     		ldr	r5, [sp, #48]
 962 000a B5B1     		cbz	r5, .L86
 593:Middlewares/Third_Party/FreeRTOS/Source/tasks.c **** 
 963              		.loc 1 593 39 discriminator 2 view .LVU264
 964              	.LBB116:
 600:Middlewares/Third_Party/FreeRTOS/Source/tasks.c **** 			configASSERT( xSize == sizeof( TCB_t ) );
 965              		.loc 1 600 4 view .LVU265
 600:Middlewares/Third_Party/FreeRTOS/Source/tasks.c **** 			configASSERT( xSize == sizeof( TCB_t ) );
 966              		.loc 1 600 20 is_stmt 0 view .LVU266
 967 000c 5425     		movs	r5, #84
 968 000e 0495     		str	r5, [sp, #16]
 601:Middlewares/Third_Party/FreeRTOS/Source/tasks.c **** 			( void ) xSize; /* Prevent lint warning when configASSERT() is not used. */
 969              		.loc 1 601 4 is_stmt 1 view .LVU267
 970 0010 049D     		ldr	r5, [sp, #16]
 971 0012 542D     		cmp	r5, #84
 972 0014 1AD0     		beq	.L82
 601:Middlewares/Third_Party/FreeRTOS/Source/tasks.c **** 			( void ) xSize; /* Prevent lint warning when configASSERT() is not used. */
 973              		.loc 1 601 4 discriminator 1 view .LVU268
 974              	.LBB117:
 975              	.LBI117:
 193:Middlewares/Third_Party/FreeRTOS/Source/portable/GCC/ARM_CM3/portmacro.h **** {
 976              		.loc 2 193 30 view .LVU269
 977              	.LBB118:
 195:Middlewares/Third_Party/FreeRTOS/Source/portable/GCC/ARM_CM3/portmacro.h **** 
 978              		.loc 2 195 1 view .LVU270
 979              		.loc 2 197 2 view .LVU271
 980              		.syntax unified
 981              	@ 197 "Middlewares/Third_Party/FreeRTOS/Source/portable/GCC/ARM_CM3/portmacro.h" 1
 982 0016 4FF05003 			mov r3, #80												
 983 001a 83F31188 		msr basepri, r3											
 984 001e BFF36F8F 		isb														
 985 0022 BFF34F8F 		dsb														
 986              	
 987              	@ 0 "" 2
 988              	.LVL69:
 989              		.thumb
 990              		.syntax unified
 991              	.L83:
 992              		.loc 2 197 2 is_stmt 0 view .LVU272
 993              	.LBE118:
ARM GAS  D:\software\msy64\tmp\ccHzaEXX.s 			page 118


 994              	.LBE117:
 601:Middlewares/Third_Party/FreeRTOS/Source/tasks.c **** 			( void ) xSize; /* Prevent lint warning when configASSERT() is not used. */
 995              		.loc 1 601 4 is_stmt 1 discriminator 3 view .LVU273
 601:Middlewares/Third_Party/FreeRTOS/Source/tasks.c **** 			( void ) xSize; /* Prevent lint warning when configASSERT() is not used. */
 996              		.loc 1 601 4 discriminator 3 view .LVU274
 997 0026 FEE7     		b	.L83
 998              	.LVL70:
 999              	.L85:
 601:Middlewares/Third_Party/FreeRTOS/Source/tasks.c **** 			( void ) xSize; /* Prevent lint warning when configASSERT() is not used. */
 1000              		.loc 1 601 4 is_stmt 0 discriminator 3 view .LVU275
 1001              	.LBE116:
 592:Middlewares/Third_Party/FreeRTOS/Source/tasks.c **** 		configASSERT( pxTaskBuffer != NULL );
 1002              		.loc 1 592 3 is_stmt 1 discriminator 1 view .LVU276
 1003              	.LBB119:
 1004              	.LBI119:
 193:Middlewares/Third_Party/FreeRTOS/Source/portable/GCC/ARM_CM3/portmacro.h **** {
 1005              		.loc 2 193 30 view .LVU277
 1006              	.LBB120:
 195:Middlewares/Third_Party/FreeRTOS/Source/portable/GCC/ARM_CM3/portmacro.h **** 
 1007              		.loc 2 195 1 view .LVU278
 1008              		.loc 2 197 2 view .LVU279
 1009              		.syntax unified
 1010              	@ 197 "Middlewares/Third_Party/FreeRTOS/Source/portable/GCC/ARM_CM3/portmacro.h" 1
 1011 0028 4FF05003 			mov r3, #80												
 1012 002c 83F31188 		msr basepri, r3											
 1013 0030 BFF36F8F 		isb														
 1014 0034 BFF34F8F 		dsb														
 1015              	
 1016              	@ 0 "" 2
 1017              	.LVL71:
 1018              		.thumb
 1019              		.syntax unified
 1020              	.L79:
 1021              		.loc 2 197 2 is_stmt 0 view .LVU280
 1022              	.LBE120:
 1023              	.LBE119:
 592:Middlewares/Third_Party/FreeRTOS/Source/tasks.c **** 		configASSERT( pxTaskBuffer != NULL );
 1024              		.loc 1 592 3 is_stmt 1 discriminator 3 view .LVU281
 592:Middlewares/Third_Party/FreeRTOS/Source/tasks.c **** 		configASSERT( pxTaskBuffer != NULL );
 1025              		.loc 1 592 3 discriminator 3 view .LVU282
 1026 0038 FEE7     		b	.L79
 1027              	.LVL72:
 1028              	.L86:
 593:Middlewares/Third_Party/FreeRTOS/Source/tasks.c **** 
 1029              		.loc 1 593 3 discriminator 1 view .LVU283
 1030              	.LBB121:
 1031              	.LBI121:
 193:Middlewares/Third_Party/FreeRTOS/Source/portable/GCC/ARM_CM3/portmacro.h **** {
 1032              		.loc 2 193 30 view .LVU284
 1033              	.LBB122:
 195:Middlewares/Third_Party/FreeRTOS/Source/portable/GCC/ARM_CM3/portmacro.h **** 
 1034              		.loc 2 195 1 view .LVU285
 1035              		.loc 2 197 2 view .LVU286
 1036              		.syntax unified
 1037              	@ 197 "Middlewares/Third_Party/FreeRTOS/Source/portable/GCC/ARM_CM3/portmacro.h" 1
 1038 003a 4FF05003 			mov r3, #80												
 1039 003e 83F31188 		msr basepri, r3											
ARM GAS  D:\software\msy64\tmp\ccHzaEXX.s 			page 119


 1040 0042 BFF36F8F 		isb														
 1041 0046 BFF34F8F 		dsb														
 1042              	
 1043              	@ 0 "" 2
 1044              	.LVL73:
 1045              		.thumb
 1046              		.syntax unified
 1047              	.L81:
 1048              		.loc 2 197 2 is_stmt 0 view .LVU287
 1049              	.LBE122:
 1050              	.LBE121:
 593:Middlewares/Third_Party/FreeRTOS/Source/tasks.c **** 
 1051              		.loc 1 593 3 is_stmt 1 discriminator 3 view .LVU288
 593:Middlewares/Third_Party/FreeRTOS/Source/tasks.c **** 
 1052              		.loc 1 593 3 discriminator 3 view .LVU289
 1053 004a FEE7     		b	.L81
 1054              	.LVL74:
 1055              	.L82:
 1056              	.LBB123:
 601:Middlewares/Third_Party/FreeRTOS/Source/tasks.c **** 			( void ) xSize; /* Prevent lint warning when configASSERT() is not used. */
 1057              		.loc 1 601 44 discriminator 2 view .LVU290
 602:Middlewares/Third_Party/FreeRTOS/Source/tasks.c **** 		}
 1058              		.loc 1 602 4 view .LVU291
 1059 004c 049D     		ldr	r5, [sp, #16]
 1060              	.LBE123:
 607:Middlewares/Third_Party/FreeRTOS/Source/tasks.c **** 		{
 1061              		.loc 1 607 3 view .LVU292
 611:Middlewares/Third_Party/FreeRTOS/Source/tasks.c **** 			pxNewTCB->pxStack = ( StackType_t * ) puxStackBuffer;
 1062              		.loc 1 611 4 view .LVU293
 1063              	.LVL75:
 612:Middlewares/Third_Party/FreeRTOS/Source/tasks.c **** 
 1064              		.loc 1 612 4 view .LVU294
 612:Middlewares/Third_Party/FreeRTOS/Source/tasks.c **** 
 1065              		.loc 1 612 22 is_stmt 0 view .LVU295
 1066 004e 0C9D     		ldr	r5, [sp, #48]
 1067 0050 2C63     		str	r4, [r5, #48]
 618:Middlewares/Third_Party/FreeRTOS/Source/tasks.c **** 			}
 1068              		.loc 1 618 5 is_stmt 1 view .LVU296
 618:Middlewares/Third_Party/FreeRTOS/Source/tasks.c **** 			}
 1069              		.loc 1 618 37 is_stmt 0 view .LVU297
 1070 0052 0224     		movs	r4, #2
 1071 0054 85F85140 		strb	r4, [r5, #81]
 622:Middlewares/Third_Party/FreeRTOS/Source/tasks.c **** 			prvAddNewTaskToReadyList( pxNewTCB );
 1072              		.loc 1 622 4 is_stmt 1 view .LVU298
 1073 0058 0024     		movs	r4, #0
 1074 005a 0394     		str	r4, [sp, #12]
 1075 005c 0295     		str	r5, [sp, #8]
 1076 005e 05AC     		add	r4, sp, #20
 1077 0060 0194     		str	r4, [sp, #4]
 1078 0062 0A9C     		ldr	r4, [sp, #40]
 1079 0064 0094     		str	r4, [sp]
 1080 0066 FFF7FEFF 		bl	prvInitialiseNewTask
 1081              	.LVL76:
 623:Middlewares/Third_Party/FreeRTOS/Source/tasks.c **** 		}
 1082              		.loc 1 623 4 view .LVU299
 1083 006a 0C98     		ldr	r0, [sp, #48]
 1084 006c FFF7FEFF 		bl	prvAddNewTaskToReadyList
ARM GAS  D:\software\msy64\tmp\ccHzaEXX.s 			page 120


 1085              	.LVL77:
 630:Middlewares/Third_Party/FreeRTOS/Source/tasks.c **** 	}
 1086              		.loc 1 630 3 view .LVU300
 631:Middlewares/Third_Party/FreeRTOS/Source/tasks.c **** 
 1087              		.loc 1 631 2 is_stmt 0 view .LVU301
 1088 0070 0598     		ldr	r0, [sp, #20]
 1089 0072 07B0     		add	sp, sp, #28
 1090              	.LCFI10:
 1091              		.cfi_def_cfa_offset 12
 1092              		@ sp needed
 1093 0074 30BD     		pop	{r4, r5, pc}
 631:Middlewares/Third_Party/FreeRTOS/Source/tasks.c **** 
 1094              		.loc 1 631 2 view .LVU302
 1095              		.cfi_endproc
 1096              	.LFE5:
 1098              		.section	.text.xTaskCreate,"ax",%progbits
 1099              		.align	1
 1100              		.global	xTaskCreate
 1101              		.syntax unified
 1102              		.thumb
 1103              		.thumb_func
 1105              	xTaskCreate:
 1106              	.LVL78:
 1107              	.LFB6:
 739:Middlewares/Third_Party/FreeRTOS/Source/tasks.c **** 	TCB_t *pxNewTCB;
 1108              		.loc 1 739 2 is_stmt 1 view -0
 1109              		.cfi_startproc
 1110              		@ args = 8, pretend = 0, frame = 0
 1111              		@ frame_needed = 0, uses_anonymous_args = 0
 739:Middlewares/Third_Party/FreeRTOS/Source/tasks.c **** 	TCB_t *pxNewTCB;
 1112              		.loc 1 739 2 is_stmt 0 view .LVU304
 1113 0000 2DE9F043 		push	{r4, r5, r6, r7, r8, r9, lr}
 1114              	.LCFI11:
 1115              		.cfi_def_cfa_offset 28
 1116              		.cfi_offset 4, -28
 1117              		.cfi_offset 5, -24
 1118              		.cfi_offset 6, -20
 1119              		.cfi_offset 7, -16
 1120              		.cfi_offset 8, -12
 1121              		.cfi_offset 9, -8
 1122              		.cfi_offset 14, -4
 1123 0004 85B0     		sub	sp, sp, #20
 1124              	.LCFI12:
 1125              		.cfi_def_cfa_offset 48
 1126 0006 0746     		mov	r7, r0
 1127 0008 8846     		mov	r8, r1
 1128 000a 1446     		mov	r4, r2
 1129 000c 1E46     		mov	r6, r3
 740:Middlewares/Third_Party/FreeRTOS/Source/tasks.c **** 	BaseType_t xReturn;
 1130              		.loc 1 740 2 is_stmt 1 view .LVU305
 741:Middlewares/Third_Party/FreeRTOS/Source/tasks.c **** 
 1131              		.loc 1 741 2 view .LVU306
 1132              	.LBB124:
 770:Middlewares/Third_Party/FreeRTOS/Source/tasks.c **** 
 1133              		.loc 1 770 3 view .LVU307
 773:Middlewares/Third_Party/FreeRTOS/Source/tasks.c **** 
 1134              		.loc 1 773 4 view .LVU308
ARM GAS  D:\software\msy64\tmp\ccHzaEXX.s 			page 121


 773:Middlewares/Third_Party/FreeRTOS/Source/tasks.c **** 
 1135              		.loc 1 773 14 is_stmt 0 view .LVU309
 1136 000e 9000     		lsls	r0, r2, #2
 1137              	.LVL79:
 773:Middlewares/Third_Party/FreeRTOS/Source/tasks.c **** 
 1138              		.loc 1 773 14 view .LVU310
 1139 0010 FFF7FEFF 		bl	pvPortMalloc
 1140              	.LVL80:
 775:Middlewares/Third_Party/FreeRTOS/Source/tasks.c **** 			{
 1141              		.loc 1 775 4 is_stmt 1 view .LVU311
 775:Middlewares/Third_Party/FreeRTOS/Source/tasks.c **** 			{
 1142              		.loc 1 775 6 is_stmt 0 view .LVU312
 1143 0014 08B3     		cbz	r0, .L90
 1144 0016 8146     		mov	r9, r0
 778:Middlewares/Third_Party/FreeRTOS/Source/tasks.c **** 
 1145              		.loc 1 778 5 is_stmt 1 view .LVU313
 778:Middlewares/Third_Party/FreeRTOS/Source/tasks.c **** 
 1146              		.loc 1 778 28 is_stmt 0 view .LVU314
 1147 0018 5420     		movs	r0, #84
 1148              	.LVL81:
 778:Middlewares/Third_Party/FreeRTOS/Source/tasks.c **** 
 1149              		.loc 1 778 28 view .LVU315
 1150 001a FFF7FEFF 		bl	pvPortMalloc
 1151              	.LVL82:
 780:Middlewares/Third_Party/FreeRTOS/Source/tasks.c **** 				{
 1152              		.loc 1 780 5 is_stmt 1 view .LVU316
 780:Middlewares/Third_Party/FreeRTOS/Source/tasks.c **** 				{
 1153              		.loc 1 780 7 is_stmt 0 view .LVU317
 1154 001e 0546     		mov	r5, r0
 1155 0020 A8B1     		cbz	r0, .L89
 783:Middlewares/Third_Party/FreeRTOS/Source/tasks.c **** 				}
 1156              		.loc 1 783 6 is_stmt 1 view .LVU318
 783:Middlewares/Third_Party/FreeRTOS/Source/tasks.c **** 				}
 1157              		.loc 1 783 24 is_stmt 0 view .LVU319
 1158 0022 C0F83090 		str	r9, [r0, #48]
 783:Middlewares/Third_Party/FreeRTOS/Source/tasks.c **** 				}
 1159              		.loc 1 783 24 view .LVU320
 1160              	.LBE124:
 799:Middlewares/Third_Party/FreeRTOS/Source/tasks.c **** 		{
 1161              		.loc 1 799 3 is_stmt 1 view .LVU321
 805:Middlewares/Third_Party/FreeRTOS/Source/tasks.c **** 			}
 1162              		.loc 1 805 5 view .LVU322
 805:Middlewares/Third_Party/FreeRTOS/Source/tasks.c **** 			}
 1163              		.loc 1 805 37 is_stmt 0 view .LVU323
 1164 0026 0023     		movs	r3, #0
 1165 0028 80F85130 		strb	r3, [r0, #81]
 809:Middlewares/Third_Party/FreeRTOS/Source/tasks.c **** 			prvAddNewTaskToReadyList( pxNewTCB );
 1166              		.loc 1 809 4 is_stmt 1 view .LVU324
 1167 002c 0393     		str	r3, [sp, #12]
 1168 002e 0290     		str	r0, [sp, #8]
 1169 0030 0D9B     		ldr	r3, [sp, #52]
 1170 0032 0193     		str	r3, [sp, #4]
 1171 0034 0C9B     		ldr	r3, [sp, #48]
 1172 0036 0093     		str	r3, [sp]
 1173 0038 3346     		mov	r3, r6
 1174 003a 2246     		mov	r2, r4
 1175 003c 4146     		mov	r1, r8
ARM GAS  D:\software\msy64\tmp\ccHzaEXX.s 			page 122


 1176 003e 3846     		mov	r0, r7
 1177              	.LVL83:
 809:Middlewares/Third_Party/FreeRTOS/Source/tasks.c **** 			prvAddNewTaskToReadyList( pxNewTCB );
 1178              		.loc 1 809 4 is_stmt 0 view .LVU325
 1179 0040 FFF7FEFF 		bl	prvInitialiseNewTask
 1180              	.LVL84:
 810:Middlewares/Third_Party/FreeRTOS/Source/tasks.c **** 			xReturn = pdPASS;
 1181              		.loc 1 810 4 is_stmt 1 view .LVU326
 1182 0044 2846     		mov	r0, r5
 1183 0046 FFF7FEFF 		bl	prvAddNewTaskToReadyList
 1184              	.LVL85:
 811:Middlewares/Third_Party/FreeRTOS/Source/tasks.c **** 		}
 1185              		.loc 1 811 4 view .LVU327
 811:Middlewares/Third_Party/FreeRTOS/Source/tasks.c **** 		}
 1186              		.loc 1 811 12 is_stmt 0 view .LVU328
 1187 004a 0120     		movs	r0, #1
 1188 004c 07E0     		b	.L87
 1189              	.LVL86:
 1190              	.L89:
 1191              	.LBB125:
 789:Middlewares/Third_Party/FreeRTOS/Source/tasks.c **** 				}
 1192              		.loc 1 789 6 is_stmt 1 view .LVU329
 1193 004e 4846     		mov	r0, r9
 1194              	.LVL87:
 789:Middlewares/Third_Party/FreeRTOS/Source/tasks.c **** 				}
 1195              		.loc 1 789 6 is_stmt 0 view .LVU330
 1196 0050 FFF7FEFF 		bl	vPortFree
 1197              	.LVL88:
 789:Middlewares/Third_Party/FreeRTOS/Source/tasks.c **** 				}
 1198              		.loc 1 789 6 view .LVU331
 1199              	.LBE125:
 799:Middlewares/Third_Party/FreeRTOS/Source/tasks.c **** 		{
 1200              		.loc 1 799 3 is_stmt 1 view .LVU332
 815:Middlewares/Third_Party/FreeRTOS/Source/tasks.c **** 		}
 1201              		.loc 1 815 12 is_stmt 0 view .LVU333
 1202 0054 4FF0FF30 		mov	r0, #-1
 1203 0058 01E0     		b	.L87
 1204              	.LVL89:
 1205              	.L90:
 815:Middlewares/Third_Party/FreeRTOS/Source/tasks.c **** 		}
 1206              		.loc 1 815 12 view .LVU334
 1207 005a 4FF0FF30 		mov	r0, #-1
 1208              	.LVL90:
 818:Middlewares/Third_Party/FreeRTOS/Source/tasks.c **** 	}
 1209              		.loc 1 818 3 is_stmt 1 view .LVU335
 1210              	.L87:
 819:Middlewares/Third_Party/FreeRTOS/Source/tasks.c **** 
 1211              		.loc 1 819 2 is_stmt 0 view .LVU336
 1212 005e 05B0     		add	sp, sp, #20
 1213              	.LCFI13:
 1214              		.cfi_def_cfa_offset 28
 1215              		@ sp needed
 1216 0060 BDE8F083 		pop	{r4, r5, r6, r7, r8, r9, pc}
 819:Middlewares/Third_Party/FreeRTOS/Source/tasks.c **** 
 1217              		.loc 1 819 2 view .LVU337
 1218              		.cfi_endproc
 1219              	.LFE6:
ARM GAS  D:\software\msy64\tmp\ccHzaEXX.s 			page 123


 1221              		.section	.text.vTaskDelete,"ax",%progbits
 1222              		.align	1
 1223              		.global	vTaskDelete
 1224              		.syntax unified
 1225              		.thumb
 1226              		.thumb_func
 1228              	vTaskDelete:
 1229              	.LVL91:
 1230              	.LFB9:
1163:Middlewares/Third_Party/FreeRTOS/Source/tasks.c **** 	TCB_t *pxTCB;
 1231              		.loc 1 1163 2 is_stmt 1 view -0
 1232              		.cfi_startproc
 1233              		@ args = 0, pretend = 0, frame = 0
 1234              		@ frame_needed = 0, uses_anonymous_args = 0
1163:Middlewares/Third_Party/FreeRTOS/Source/tasks.c **** 	TCB_t *pxTCB;
 1235              		.loc 1 1163 2 is_stmt 0 view .LVU339
 1236 0000 38B5     		push	{r3, r4, r5, lr}
 1237              	.LCFI14:
 1238              		.cfi_def_cfa_offset 16
 1239              		.cfi_offset 3, -16
 1240              		.cfi_offset 4, -12
 1241              		.cfi_offset 5, -8
 1242              		.cfi_offset 14, -4
 1243 0002 0446     		mov	r4, r0
1164:Middlewares/Third_Party/FreeRTOS/Source/tasks.c **** 
 1244              		.loc 1 1164 2 is_stmt 1 view .LVU340
1166:Middlewares/Third_Party/FreeRTOS/Source/tasks.c **** 		{
 1245              		.loc 1 1166 3 view .LVU341
 1246 0004 FFF7FEFF 		bl	vPortEnterCritical
 1247              	.LVL92:
1170:Middlewares/Third_Party/FreeRTOS/Source/tasks.c **** 
 1248              		.loc 1 1170 4 view .LVU342
1170:Middlewares/Third_Party/FreeRTOS/Source/tasks.c **** 
 1249              		.loc 1 1170 12 is_stmt 0 view .LVU343
 1250 0008 002C     		cmp	r4, #0
 1251 000a 34D0     		beq	.L102
 1252              	.LVL93:
 1253              	.L93:
1173:Middlewares/Third_Party/FreeRTOS/Source/tasks.c **** 			{
 1254              		.loc 1 1173 4 is_stmt 1 view .LVU344
1173:Middlewares/Third_Party/FreeRTOS/Source/tasks.c **** 			{
 1255              		.loc 1 1173 8 is_stmt 0 view .LVU345
 1256 000c 251D     		adds	r5, r4, #4
 1257 000e 2846     		mov	r0, r5
 1258 0010 FFF7FEFF 		bl	uxListRemove
 1259              	.LVL94:
1173:Middlewares/Third_Party/FreeRTOS/Source/tasks.c **** 			{
 1260              		.loc 1 1173 6 discriminator 1 view .LVU346
 1261 0014 70B9     		cbnz	r0, .L94
1175:Middlewares/Third_Party/FreeRTOS/Source/tasks.c **** 			}
 1262              		.loc 1 1175 5 is_stmt 1 view .LVU347
 1263 0016 E26A     		ldr	r2, [r4, #44]
 1264 0018 02EB8203 		add	r3, r2, r2, lsl #2
 1265 001c 9B00     		lsls	r3, r3, #2
 1266 001e 2749     		ldr	r1, .L105
 1267 0020 CB58     		ldr	r3, [r1, r3]
 1268 0022 3BB9     		cbnz	r3, .L94
ARM GAS  D:\software\msy64\tmp\ccHzaEXX.s 			page 124


1175:Middlewares/Third_Party/FreeRTOS/Source/tasks.c **** 			}
 1269              		.loc 1 1175 5 discriminator 1 view .LVU348
 1270 0024 0123     		movs	r3, #1
 1271 0026 03FA02F2 		lsl	r2, r3, r2
 1272 002a 2549     		ldr	r1, .L105+4
 1273 002c 0B68     		ldr	r3, [r1]
 1274 002e 23EA0203 		bic	r3, r3, r2
 1275 0032 0B60     		str	r3, [r1]
 1276              	.L94:
1179:Middlewares/Third_Party/FreeRTOS/Source/tasks.c **** 			}
 1277              		.loc 1 1179 29 view .LVU349
1183:Middlewares/Third_Party/FreeRTOS/Source/tasks.c **** 			{
 1278              		.loc 1 1183 4 view .LVU350
1183:Middlewares/Third_Party/FreeRTOS/Source/tasks.c **** 			{
 1279              		.loc 1 1183 8 is_stmt 0 view .LVU351
 1280 0034 A36A     		ldr	r3, [r4, #40]
1183:Middlewares/Third_Party/FreeRTOS/Source/tasks.c **** 			{
 1281              		.loc 1 1183 6 view .LVU352
 1282 0036 1BB1     		cbz	r3, .L95
1185:Middlewares/Third_Party/FreeRTOS/Source/tasks.c **** 			}
 1283              		.loc 1 1185 5 is_stmt 1 view .LVU353
1185:Middlewares/Third_Party/FreeRTOS/Source/tasks.c **** 			}
 1284              		.loc 1 1185 14 is_stmt 0 view .LVU354
 1285 0038 04F11800 		add	r0, r4, #24
 1286 003c FFF7FEFF 		bl	uxListRemove
 1287              	.LVL95:
 1288              	.L95:
1189:Middlewares/Third_Party/FreeRTOS/Source/tasks.c **** 			}
 1289              		.loc 1 1189 29 is_stmt 1 view .LVU355
1196:Middlewares/Third_Party/FreeRTOS/Source/tasks.c **** 
 1290              		.loc 1 1196 4 view .LVU356
1196:Middlewares/Third_Party/FreeRTOS/Source/tasks.c **** 
 1291              		.loc 1 1196 16 is_stmt 0 view .LVU357
 1292 0040 204A     		ldr	r2, .L105+8
 1293 0042 1368     		ldr	r3, [r2]
 1294 0044 0133     		adds	r3, r3, #1
 1295 0046 1360     		str	r3, [r2]
1198:Middlewares/Third_Party/FreeRTOS/Source/tasks.c **** 			{
 1296              		.loc 1 1198 4 is_stmt 1 view .LVU358
1198:Middlewares/Third_Party/FreeRTOS/Source/tasks.c **** 			{
 1297              		.loc 1 1198 14 is_stmt 0 view .LVU359
 1298 0048 1F4B     		ldr	r3, .L105+12
 1299 004a 1B68     		ldr	r3, [r3]
1198:Middlewares/Third_Party/FreeRTOS/Source/tasks.c **** 			{
 1300              		.loc 1 1198 6 view .LVU360
 1301 004c A342     		cmp	r3, r4
 1302 004e 15D0     		beq	.L103
1225:Middlewares/Third_Party/FreeRTOS/Source/tasks.c **** 				traceTASK_DELETE( pxTCB );
 1303              		.loc 1 1225 5 is_stmt 1 view .LVU361
 1304 0050 1E4A     		ldr	r2, .L105+16
 1305 0052 1368     		ldr	r3, [r2]
 1306 0054 013B     		subs	r3, r3, #1
 1307 0056 1360     		str	r3, [r2]
1226:Middlewares/Third_Party/FreeRTOS/Source/tasks.c **** 				prvDeleteTCB( pxTCB );
 1308              		.loc 1 1226 30 view .LVU362
1227:Middlewares/Third_Party/FreeRTOS/Source/tasks.c **** 
 1309              		.loc 1 1227 5 view .LVU363
ARM GAS  D:\software\msy64\tmp\ccHzaEXX.s 			page 125


 1310 0058 2046     		mov	r0, r4
 1311 005a FFF7FEFF 		bl	prvDeleteTCB
 1312              	.LVL96:
1231:Middlewares/Third_Party/FreeRTOS/Source/tasks.c **** 			}
 1313              		.loc 1 1231 5 view .LVU364
 1314 005e FFF7FEFF 		bl	prvResetNextTaskUnblockTime
 1315              	.LVL97:
 1316              	.L97:
1234:Middlewares/Third_Party/FreeRTOS/Source/tasks.c **** 
 1317              		.loc 1 1234 3 view .LVU365
 1318 0062 FFF7FEFF 		bl	vPortExitCritical
 1319              	.LVL98:
1238:Middlewares/Third_Party/FreeRTOS/Source/tasks.c **** 		{
 1320              		.loc 1 1238 3 view .LVU366
1238:Middlewares/Third_Party/FreeRTOS/Source/tasks.c **** 		{
 1321              		.loc 1 1238 25 is_stmt 0 view .LVU367
 1322 0066 1A4B     		ldr	r3, .L105+20
 1323 0068 1B68     		ldr	r3, [r3]
1238:Middlewares/Third_Party/FreeRTOS/Source/tasks.c **** 		{
 1324              		.loc 1 1238 5 view .LVU368
 1325 006a 1BB1     		cbz	r3, .L92
1240:Middlewares/Third_Party/FreeRTOS/Source/tasks.c **** 			{
 1326              		.loc 1 1240 4 is_stmt 1 view .LVU369
1240:Middlewares/Third_Party/FreeRTOS/Source/tasks.c **** 			{
 1327              		.loc 1 1240 14 is_stmt 0 view .LVU370
 1328 006c 164B     		ldr	r3, .L105+12
 1329 006e 1B68     		ldr	r3, [r3]
1240:Middlewares/Third_Party/FreeRTOS/Source/tasks.c **** 			{
 1330              		.loc 1 1240 6 view .LVU371
 1331 0070 A342     		cmp	r3, r4
 1332 0072 0CD0     		beq	.L104
 1333              	.L92:
1250:Middlewares/Third_Party/FreeRTOS/Source/tasks.c **** 
 1334              		.loc 1 1250 2 view .LVU372
 1335 0074 38BD     		pop	{r3, r4, r5, pc}
 1336              	.LVL99:
 1337              	.L102:
1170:Middlewares/Third_Party/FreeRTOS/Source/tasks.c **** 
 1338              		.loc 1 1170 12 discriminator 1 view .LVU373
 1339 0076 144B     		ldr	r3, .L105+12
 1340 0078 1C68     		ldr	r4, [r3]
 1341              	.LVL100:
1170:Middlewares/Third_Party/FreeRTOS/Source/tasks.c **** 
 1342              		.loc 1 1170 12 discriminator 1 view .LVU374
 1343 007a C7E7     		b	.L93
 1344              	.LVL101:
 1345              	.L103:
1205:Middlewares/Third_Party/FreeRTOS/Source/tasks.c **** 
 1346              		.loc 1 1205 5 is_stmt 1 view .LVU375
 1347 007c 2946     		mov	r1, r5
 1348 007e 1548     		ldr	r0, .L105+24
 1349 0080 FFF7FEFF 		bl	vListInsertEnd
 1350              	.LVL102:
1210:Middlewares/Third_Party/FreeRTOS/Source/tasks.c **** 
 1351              		.loc 1 1210 5 view .LVU376
 1352 0084 144A     		ldr	r2, .L105+28
 1353 0086 1368     		ldr	r3, [r2]
ARM GAS  D:\software\msy64\tmp\ccHzaEXX.s 			page 126


 1354 0088 0133     		adds	r3, r3, #1
 1355 008a 1360     		str	r3, [r2]
1214:Middlewares/Third_Party/FreeRTOS/Source/tasks.c **** 
 1356              		.loc 1 1214 30 view .LVU377
1221:Middlewares/Third_Party/FreeRTOS/Source/tasks.c **** 			}
 1357              		.loc 1 1221 54 view .LVU378
 1358 008c E9E7     		b	.L97
 1359              	.L104:
1242:Middlewares/Third_Party/FreeRTOS/Source/tasks.c **** 				portYIELD_WITHIN_API();
 1360              		.loc 1 1242 5 view .LVU379
 1361 008e 134B     		ldr	r3, .L105+32
 1362 0090 1B68     		ldr	r3, [r3]
 1363 0092 43B1     		cbz	r3, .L99
1242:Middlewares/Third_Party/FreeRTOS/Source/tasks.c **** 				portYIELD_WITHIN_API();
 1364              		.loc 1 1242 5 discriminator 1 view .LVU380
 1365              	.LBB126:
 1366              	.LBI126:
 193:Middlewares/Third_Party/FreeRTOS/Source/portable/GCC/ARM_CM3/portmacro.h **** {
 1367              		.loc 2 193 30 view .LVU381
 1368              	.LBB127:
 195:Middlewares/Third_Party/FreeRTOS/Source/portable/GCC/ARM_CM3/portmacro.h **** 
 1369              		.loc 2 195 1 view .LVU382
 1370              		.loc 2 197 2 view .LVU383
 1371              		.syntax unified
 1372              	@ 197 "Middlewares/Third_Party/FreeRTOS/Source/portable/GCC/ARM_CM3/portmacro.h" 1
 1373 0094 4FF05003 			mov r3, #80												
 1374 0098 83F31188 		msr basepri, r3											
 1375 009c BFF36F8F 		isb														
 1376 00a0 BFF34F8F 		dsb														
 1377              	
 1378              	@ 0 "" 2
 1379              		.thumb
 1380              		.syntax unified
 1381              	.L100:
 1382              	.LBE127:
 1383              	.LBE126:
1242:Middlewares/Third_Party/FreeRTOS/Source/tasks.c **** 				portYIELD_WITHIN_API();
 1384              		.loc 1 1242 5 discriminator 3 view .LVU384
1242:Middlewares/Third_Party/FreeRTOS/Source/tasks.c **** 				portYIELD_WITHIN_API();
 1385              		.loc 1 1242 5 discriminator 3 view .LVU385
 1386 00a4 FEE7     		b	.L100
 1387              	.L99:
1242:Middlewares/Third_Party/FreeRTOS/Source/tasks.c **** 				portYIELD_WITHIN_API();
 1388              		.loc 1 1242 46 discriminator 2 view .LVU386
1243:Middlewares/Third_Party/FreeRTOS/Source/tasks.c **** 			}
 1389              		.loc 1 1243 5 view .LVU387
 1390 00a6 4FF0E023 		mov	r3, #-536813568
 1391 00aa 4FF08052 		mov	r2, #268435456
 1392 00ae C3F8042D 		str	r2, [r3, #3332]
1243:Middlewares/Third_Party/FreeRTOS/Source/tasks.c **** 			}
 1393              		.loc 1 1243 5 view .LVU388
 1394              		.syntax unified
 1395              	@ 1243 "Middlewares/Third_Party/FreeRTOS/Source/tasks.c" 1
 1396 00b2 BFF34F8F 		dsb
 1397              	@ 0 "" 2
1243:Middlewares/Third_Party/FreeRTOS/Source/tasks.c **** 			}
 1398              		.loc 1 1243 5 view .LVU389
ARM GAS  D:\software\msy64\tmp\ccHzaEXX.s 			page 127


 1399              	@ 1243 "Middlewares/Third_Party/FreeRTOS/Source/tasks.c" 1
 1400 00b6 BFF36F8F 		isb
 1401              	@ 0 "" 2
1243:Middlewares/Third_Party/FreeRTOS/Source/tasks.c **** 			}
 1402              		.loc 1 1243 27 view .LVU390
1247:Middlewares/Third_Party/FreeRTOS/Source/tasks.c **** 			}
 1403              		.loc 1 1247 29 view .LVU391
1250:Middlewares/Third_Party/FreeRTOS/Source/tasks.c **** 
 1404              		.loc 1 1250 2 is_stmt 0 view .LVU392
 1405              		.thumb
 1406              		.syntax unified
 1407 00ba DBE7     		b	.L92
 1408              	.L106:
 1409              		.align	2
 1410              	.L105:
 1411 00bc 00000000 		.word	pxReadyTasksLists
 1412 00c0 00000000 		.word	uxTopReadyPriority
 1413 00c4 00000000 		.word	uxTaskNumber
 1414 00c8 00000000 		.word	pxCurrentTCB
 1415 00cc 00000000 		.word	uxCurrentNumberOfTasks
 1416 00d0 00000000 		.word	xSchedulerRunning
 1417 00d4 00000000 		.word	xTasksWaitingTermination
 1418 00d8 00000000 		.word	uxDeletedTasksWaitingCleanUp
 1419 00dc 00000000 		.word	uxSchedulerSuspended
 1420              		.cfi_endproc
 1421              	.LFE9:
 1423              		.section	.text.uxTaskPriorityGet,"ax",%progbits
 1424              		.align	1
 1425              		.global	uxTaskPriorityGet
 1426              		.syntax unified
 1427              		.thumb
 1428              		.thumb_func
 1430              	uxTaskPriorityGet:
 1431              	.LVL103:
 1432              	.LFB11:
1479:Middlewares/Third_Party/FreeRTOS/Source/tasks.c **** 	TCB_t const *pxTCB;
 1433              		.loc 1 1479 2 is_stmt 1 view -0
 1434              		.cfi_startproc
 1435              		@ args = 0, pretend = 0, frame = 0
 1436              		@ frame_needed = 0, uses_anonymous_args = 0
1479:Middlewares/Third_Party/FreeRTOS/Source/tasks.c **** 	TCB_t const *pxTCB;
 1437              		.loc 1 1479 2 is_stmt 0 view .LVU394
 1438 0000 10B5     		push	{r4, lr}
 1439              	.LCFI15:
 1440              		.cfi_def_cfa_offset 8
 1441              		.cfi_offset 4, -8
 1442              		.cfi_offset 14, -4
 1443 0002 0446     		mov	r4, r0
1480:Middlewares/Third_Party/FreeRTOS/Source/tasks.c **** 	UBaseType_t uxReturn;
 1444              		.loc 1 1480 2 is_stmt 1 view .LVU395
1481:Middlewares/Third_Party/FreeRTOS/Source/tasks.c **** 
 1445              		.loc 1 1481 2 view .LVU396
1483:Middlewares/Third_Party/FreeRTOS/Source/tasks.c **** 		{
 1446              		.loc 1 1483 3 view .LVU397
 1447 0004 FFF7FEFF 		bl	vPortEnterCritical
 1448              	.LVL104:
1487:Middlewares/Third_Party/FreeRTOS/Source/tasks.c **** 			uxReturn = pxTCB->uxPriority;
ARM GAS  D:\software\msy64\tmp\ccHzaEXX.s 			page 128


 1449              		.loc 1 1487 4 view .LVU398
1487:Middlewares/Third_Party/FreeRTOS/Source/tasks.c **** 			uxReturn = pxTCB->uxPriority;
 1450              		.loc 1 1487 12 is_stmt 0 view .LVU399
 1451 0008 24B1     		cbz	r4, .L110
 1452              	.LVL105:
 1453              	.L108:
1488:Middlewares/Third_Party/FreeRTOS/Source/tasks.c **** 		}
 1454              		.loc 1 1488 4 is_stmt 1 view .LVU400
1488:Middlewares/Third_Party/FreeRTOS/Source/tasks.c **** 		}
 1455              		.loc 1 1488 13 is_stmt 0 view .LVU401
 1456 000a E46A     		ldr	r4, [r4, #44]
 1457              	.LVL106:
1490:Middlewares/Third_Party/FreeRTOS/Source/tasks.c **** 
 1458              		.loc 1 1490 3 is_stmt 1 view .LVU402
 1459 000c FFF7FEFF 		bl	vPortExitCritical
 1460              	.LVL107:
1492:Middlewares/Third_Party/FreeRTOS/Source/tasks.c **** 	}
 1461              		.loc 1 1492 3 view .LVU403
1493:Middlewares/Third_Party/FreeRTOS/Source/tasks.c **** 
 1462              		.loc 1 1493 2 is_stmt 0 view .LVU404
 1463 0010 2046     		mov	r0, r4
 1464 0012 10BD     		pop	{r4, pc}
 1465              	.LVL108:
 1466              	.L110:
1487:Middlewares/Third_Party/FreeRTOS/Source/tasks.c **** 			uxReturn = pxTCB->uxPriority;
 1467              		.loc 1 1487 12 discriminator 1 view .LVU405
 1468 0014 014B     		ldr	r3, .L111
 1469 0016 1C68     		ldr	r4, [r3]
 1470              	.LVL109:
1487:Middlewares/Third_Party/FreeRTOS/Source/tasks.c **** 			uxReturn = pxTCB->uxPriority;
 1471              		.loc 1 1487 12 discriminator 1 view .LVU406
 1472 0018 F7E7     		b	.L108
 1473              	.L112:
 1474 001a 00BF     		.align	2
 1475              	.L111:
 1476 001c 00000000 		.word	pxCurrentTCB
 1477              		.cfi_endproc
 1478              	.LFE11:
 1480              		.section	.text.uxTaskPriorityGetFromISR,"ax",%progbits
 1481              		.align	1
 1482              		.global	uxTaskPriorityGetFromISR
 1483              		.syntax unified
 1484              		.thumb
 1485              		.thumb_func
 1487              	uxTaskPriorityGetFromISR:
 1488              	.LVL110:
 1489              	.LFB12:
1501:Middlewares/Third_Party/FreeRTOS/Source/tasks.c **** 	TCB_t const *pxTCB;
 1490              		.loc 1 1501 2 is_stmt 1 view -0
 1491              		.cfi_startproc
 1492              		@ args = 0, pretend = 0, frame = 0
 1493              		@ frame_needed = 0, uses_anonymous_args = 0
1501:Middlewares/Third_Party/FreeRTOS/Source/tasks.c **** 	TCB_t const *pxTCB;
 1494              		.loc 1 1501 2 is_stmt 0 view .LVU408
 1495 0000 10B5     		push	{r4, lr}
 1496              	.LCFI16:
 1497              		.cfi_def_cfa_offset 8
ARM GAS  D:\software\msy64\tmp\ccHzaEXX.s 			page 129


 1498              		.cfi_offset 4, -8
 1499              		.cfi_offset 14, -4
 1500 0002 0446     		mov	r4, r0
1502:Middlewares/Third_Party/FreeRTOS/Source/tasks.c **** 	UBaseType_t uxReturn, uxSavedInterruptState;
 1501              		.loc 1 1502 2 is_stmt 1 view .LVU409
1503:Middlewares/Third_Party/FreeRTOS/Source/tasks.c **** 
 1502              		.loc 1 1503 2 view .LVU410
1521:Middlewares/Third_Party/FreeRTOS/Source/tasks.c **** 
 1503              		.loc 1 1521 3 view .LVU411
 1504 0004 FFF7FEFF 		bl	vPortValidateInterruptPriority
 1505              	.LVL111:
1523:Middlewares/Third_Party/FreeRTOS/Source/tasks.c **** 		{
 1506              		.loc 1 1523 3 view .LVU412
 1507              	.LBB128:
 1508              	.LBI128:
 198:Middlewares/Third_Party/FreeRTOS/Source/portable/GCC/ARM_CM3/portmacro.h **** 	(
 199:Middlewares/Third_Party/FreeRTOS/Source/portable/GCC/ARM_CM3/portmacro.h **** 		"	mov %0, %1												\n" \
 200:Middlewares/Third_Party/FreeRTOS/Source/portable/GCC/ARM_CM3/portmacro.h **** 		"	msr basepri, %0											\n" \
 201:Middlewares/Third_Party/FreeRTOS/Source/portable/GCC/ARM_CM3/portmacro.h **** 		"	isb														\n" \
 202:Middlewares/Third_Party/FreeRTOS/Source/portable/GCC/ARM_CM3/portmacro.h **** 		"	dsb														\n" \
 203:Middlewares/Third_Party/FreeRTOS/Source/portable/GCC/ARM_CM3/portmacro.h **** 		:"=r" (ulNewBASEPRI) : "i" ( configMAX_SYSCALL_INTERRUPT_PRIORITY ) : "memory"
 204:Middlewares/Third_Party/FreeRTOS/Source/portable/GCC/ARM_CM3/portmacro.h **** 	);
 205:Middlewares/Third_Party/FreeRTOS/Source/portable/GCC/ARM_CM3/portmacro.h **** }
 206:Middlewares/Third_Party/FreeRTOS/Source/portable/GCC/ARM_CM3/portmacro.h **** 
 207:Middlewares/Third_Party/FreeRTOS/Source/portable/GCC/ARM_CM3/portmacro.h **** /*-----------------------------------------------------------*/
 208:Middlewares/Third_Party/FreeRTOS/Source/portable/GCC/ARM_CM3/portmacro.h **** 
 209:Middlewares/Third_Party/FreeRTOS/Source/portable/GCC/ARM_CM3/portmacro.h **** portFORCE_INLINE static uint32_t ulPortRaiseBASEPRI( void )
 1509              		.loc 2 209 34 view .LVU413
 1510              	.LBB129:
 210:Middlewares/Third_Party/FreeRTOS/Source/portable/GCC/ARM_CM3/portmacro.h **** {
 211:Middlewares/Third_Party/FreeRTOS/Source/portable/GCC/ARM_CM3/portmacro.h **** uint32_t ulOriginalBASEPRI, ulNewBASEPRI;
 1511              		.loc 2 211 1 view .LVU414
 212:Middlewares/Third_Party/FreeRTOS/Source/portable/GCC/ARM_CM3/portmacro.h **** 
 213:Middlewares/Third_Party/FreeRTOS/Source/portable/GCC/ARM_CM3/portmacro.h **** 	__asm volatile
 1512              		.loc 2 213 2 view .LVU415
 1513              		.syntax unified
 1514              	@ 213 "Middlewares/Third_Party/FreeRTOS/Source/portable/GCC/ARM_CM3/portmacro.h" 1
 1515 0008 EFF31183 			mrs r3, basepri											
 1516 000c 4FF05002 		mov r2, #80												
 1517 0010 82F31188 		msr basepri, r2											
 1518 0014 BFF36F8F 		isb														
 1519 0018 BFF34F8F 		dsb														
 1520              	
 1521              	@ 0 "" 2
 1522              	.LVL112:
 214:Middlewares/Third_Party/FreeRTOS/Source/portable/GCC/ARM_CM3/portmacro.h **** 	(
 215:Middlewares/Third_Party/FreeRTOS/Source/portable/GCC/ARM_CM3/portmacro.h **** 		"	mrs %0, basepri											\n" \
 216:Middlewares/Third_Party/FreeRTOS/Source/portable/GCC/ARM_CM3/portmacro.h **** 		"	mov %1, %2												\n" \
 217:Middlewares/Third_Party/FreeRTOS/Source/portable/GCC/ARM_CM3/portmacro.h **** 		"	msr basepri, %1											\n" \
 218:Middlewares/Third_Party/FreeRTOS/Source/portable/GCC/ARM_CM3/portmacro.h **** 		"	isb														\n" \
 219:Middlewares/Third_Party/FreeRTOS/Source/portable/GCC/ARM_CM3/portmacro.h **** 		"	dsb														\n" \
 220:Middlewares/Third_Party/FreeRTOS/Source/portable/GCC/ARM_CM3/portmacro.h **** 		:"=r" (ulOriginalBASEPRI), "=r" (ulNewBASEPRI) : "i" ( configMAX_SYSCALL_INTERRUPT_PRIORITY ) : "
 221:Middlewares/Third_Party/FreeRTOS/Source/portable/GCC/ARM_CM3/portmacro.h **** 	);
 222:Middlewares/Third_Party/FreeRTOS/Source/portable/GCC/ARM_CM3/portmacro.h **** 
 223:Middlewares/Third_Party/FreeRTOS/Source/portable/GCC/ARM_CM3/portmacro.h **** 	/* This return will not be reached but is necessary to prevent compiler
 224:Middlewares/Third_Party/FreeRTOS/Source/portable/GCC/ARM_CM3/portmacro.h **** 	warnings. */
 225:Middlewares/Third_Party/FreeRTOS/Source/portable/GCC/ARM_CM3/portmacro.h **** 	return ulOriginalBASEPRI;
ARM GAS  D:\software\msy64\tmp\ccHzaEXX.s 			page 130


 1523              		.loc 2 225 2 view .LVU416
 1524              		.loc 2 225 2 is_stmt 0 view .LVU417
 1525              		.thumb
 1526              		.syntax unified
 1527              	.LBE129:
 1528              	.LBE128:
1527:Middlewares/Third_Party/FreeRTOS/Source/tasks.c **** 			uxReturn = pxTCB->uxPriority;
 1529              		.loc 1 1527 4 is_stmt 1 view .LVU418
1527:Middlewares/Third_Party/FreeRTOS/Source/tasks.c **** 			uxReturn = pxTCB->uxPriority;
 1530              		.loc 1 1527 12 is_stmt 0 view .LVU419
 1531 001c 1CB1     		cbz	r4, .L116
 1532              	.LVL113:
 1533              	.L114:
1528:Middlewares/Third_Party/FreeRTOS/Source/tasks.c **** 		}
 1534              		.loc 1 1528 4 is_stmt 1 view .LVU420
1528:Middlewares/Third_Party/FreeRTOS/Source/tasks.c **** 		}
 1535              		.loc 1 1528 13 is_stmt 0 view .LVU421
 1536 001e E06A     		ldr	r0, [r4, #44]
 1537              	.LVL114:
1530:Middlewares/Third_Party/FreeRTOS/Source/tasks.c **** 
 1538              		.loc 1 1530 3 is_stmt 1 view .LVU422
 1539              	.LBB130:
 1540              	.LBI130:
 226:Middlewares/Third_Party/FreeRTOS/Source/portable/GCC/ARM_CM3/portmacro.h **** }
 227:Middlewares/Third_Party/FreeRTOS/Source/portable/GCC/ARM_CM3/portmacro.h **** /*-----------------------------------------------------------*/
 228:Middlewares/Third_Party/FreeRTOS/Source/portable/GCC/ARM_CM3/portmacro.h **** 
 229:Middlewares/Third_Party/FreeRTOS/Source/portable/GCC/ARM_CM3/portmacro.h **** portFORCE_INLINE static void vPortSetBASEPRI( uint32_t ulNewMaskValue )
 1541              		.loc 2 229 30 view .LVU423
 1542              	.LBB131:
 230:Middlewares/Third_Party/FreeRTOS/Source/portable/GCC/ARM_CM3/portmacro.h **** {
 231:Middlewares/Third_Party/FreeRTOS/Source/portable/GCC/ARM_CM3/portmacro.h **** 	__asm volatile
 1543              		.loc 2 231 2 view .LVU424
 1544              		.syntax unified
 1545              	@ 231 "Middlewares/Third_Party/FreeRTOS/Source/portable/GCC/ARM_CM3/portmacro.h" 1
 1546 0020 83F31188 			msr basepri, r3	
 1547              	@ 0 "" 2
 1548              		.thumb
 1549              		.syntax unified
 1550              	.LBE131:
 1551              	.LBE130:
1532:Middlewares/Third_Party/FreeRTOS/Source/tasks.c **** 	}
 1552              		.loc 1 1532 3 view .LVU425
1533:Middlewares/Third_Party/FreeRTOS/Source/tasks.c **** 
 1553              		.loc 1 1533 2 is_stmt 0 view .LVU426
 1554 0024 10BD     		pop	{r4, pc}
 1555              	.LVL115:
 1556              	.L116:
1527:Middlewares/Third_Party/FreeRTOS/Source/tasks.c **** 			uxReturn = pxTCB->uxPriority;
 1557              		.loc 1 1527 12 discriminator 1 view .LVU427
 1558 0026 014A     		ldr	r2, .L117
 1559 0028 1468     		ldr	r4, [r2]
 1560              	.LVL116:
1527:Middlewares/Third_Party/FreeRTOS/Source/tasks.c **** 			uxReturn = pxTCB->uxPriority;
 1561              		.loc 1 1527 12 discriminator 1 view .LVU428
 1562 002a F8E7     		b	.L114
 1563              	.L118:
 1564              		.align	2
ARM GAS  D:\software\msy64\tmp\ccHzaEXX.s 			page 131


 1565              	.L117:
 1566 002c 00000000 		.word	pxCurrentTCB
 1567              		.cfi_endproc
 1568              	.LFE12:
 1570              		.section	.text.vTaskPrioritySet,"ax",%progbits
 1571              		.align	1
 1572              		.global	vTaskPrioritySet
 1573              		.syntax unified
 1574              		.thumb
 1575              		.thumb_func
 1577              	vTaskPrioritySet:
 1578              	.LVL117:
 1579              	.LFB13:
1541:Middlewares/Third_Party/FreeRTOS/Source/tasks.c **** 	TCB_t *pxTCB;
 1580              		.loc 1 1541 2 is_stmt 1 view -0
 1581              		.cfi_startproc
 1582              		@ args = 0, pretend = 0, frame = 0
 1583              		@ frame_needed = 0, uses_anonymous_args = 0
1541:Middlewares/Third_Party/FreeRTOS/Source/tasks.c **** 	TCB_t *pxTCB;
 1584              		.loc 1 1541 2 is_stmt 0 view .LVU430
 1585 0000 F8B5     		push	{r3, r4, r5, r6, r7, lr}
 1586              	.LCFI17:
 1587              		.cfi_def_cfa_offset 24
 1588              		.cfi_offset 3, -24
 1589              		.cfi_offset 4, -20
 1590              		.cfi_offset 5, -16
 1591              		.cfi_offset 6, -12
 1592              		.cfi_offset 7, -8
 1593              		.cfi_offset 14, -4
1542:Middlewares/Third_Party/FreeRTOS/Source/tasks.c **** 	UBaseType_t uxCurrentBasePriority, uxPriorityUsedOnEntry;
 1594              		.loc 1 1542 2 is_stmt 1 view .LVU431
1543:Middlewares/Third_Party/FreeRTOS/Source/tasks.c **** 	BaseType_t xYieldRequired = pdFALSE;
 1595              		.loc 1 1543 2 view .LVU432
1544:Middlewares/Third_Party/FreeRTOS/Source/tasks.c **** 
 1596              		.loc 1 1544 2 view .LVU433
 1597              	.LVL118:
1546:Middlewares/Third_Party/FreeRTOS/Source/tasks.c **** 
 1598              		.loc 1 1546 3 view .LVU434
 1599 0002 0629     		cmp	r1, #6
 1600 0004 08D9     		bls	.L120
1546:Middlewares/Third_Party/FreeRTOS/Source/tasks.c **** 
 1601              		.loc 1 1546 3 discriminator 1 view .LVU435
 1602              	.LBB132:
 1603              	.LBI132:
 193:Middlewares/Third_Party/FreeRTOS/Source/portable/GCC/ARM_CM3/portmacro.h **** {
 1604              		.loc 2 193 30 view .LVU436
 1605              	.LBB133:
 195:Middlewares/Third_Party/FreeRTOS/Source/portable/GCC/ARM_CM3/portmacro.h **** 
 1606              		.loc 2 195 1 view .LVU437
 197:Middlewares/Third_Party/FreeRTOS/Source/portable/GCC/ARM_CM3/portmacro.h **** 	(
 1607              		.loc 2 197 2 view .LVU438
 1608              		.syntax unified
 1609              	@ 197 "Middlewares/Third_Party/FreeRTOS/Source/portable/GCC/ARM_CM3/portmacro.h" 1
 1610 0006 4FF05003 			mov r3, #80												
 1611 000a 83F31188 		msr basepri, r3											
 1612 000e BFF36F8F 		isb														
 1613 0012 BFF34F8F 		dsb														
ARM GAS  D:\software\msy64\tmp\ccHzaEXX.s 			page 132


 1614              	
 1615              	@ 0 "" 2
 1616              		.thumb
 1617              		.syntax unified
 1618              	.L121:
 1619              	.LBE133:
 1620              	.LBE132:
1546:Middlewares/Third_Party/FreeRTOS/Source/tasks.c **** 
 1621              		.loc 1 1546 3 discriminator 3 view .LVU439
1546:Middlewares/Third_Party/FreeRTOS/Source/tasks.c **** 
 1622              		.loc 1 1546 3 discriminator 3 view .LVU440
 1623 0016 FEE7     		b	.L121
 1624              	.L120:
 1625 0018 0546     		mov	r5, r0
 1626 001a 0C46     		mov	r4, r1
1546:Middlewares/Third_Party/FreeRTOS/Source/tasks.c **** 
 1627              		.loc 1 1546 59 discriminator 2 view .LVU441
1549:Middlewares/Third_Party/FreeRTOS/Source/tasks.c **** 		{
 1628              		.loc 1 1549 3 view .LVU442
 1629              	.LVL119:
1555:Middlewares/Third_Party/FreeRTOS/Source/tasks.c **** 		}
 1630              		.loc 1 1555 28 view .LVU443
1558:Middlewares/Third_Party/FreeRTOS/Source/tasks.c **** 		{
 1631              		.loc 1 1558 3 view .LVU444
 1632 001c FFF7FEFF 		bl	vPortEnterCritical
 1633              	.LVL120:
1562:Middlewares/Third_Party/FreeRTOS/Source/tasks.c **** 
 1634              		.loc 1 1562 4 view .LVU445
1562:Middlewares/Third_Party/FreeRTOS/Source/tasks.c **** 
 1635              		.loc 1 1562 12 is_stmt 0 view .LVU446
 1636 0020 75B1     		cbz	r5, .L134
 1637              	.LVL121:
 1638              	.L122:
1564:Middlewares/Third_Party/FreeRTOS/Source/tasks.c **** 
 1639              		.loc 1 1564 50 is_stmt 1 view .LVU447
1568:Middlewares/Third_Party/FreeRTOS/Source/tasks.c **** 			}
 1640              		.loc 1 1568 5 view .LVU448
1568:Middlewares/Third_Party/FreeRTOS/Source/tasks.c **** 			}
 1641              		.loc 1 1568 27 is_stmt 0 view .LVU449
 1642 0022 6B6C     		ldr	r3, [r5, #68]
 1643              	.LVL122:
1576:Middlewares/Third_Party/FreeRTOS/Source/tasks.c **** 			{
 1644              		.loc 1 1576 4 is_stmt 1 view .LVU450
1576:Middlewares/Third_Party/FreeRTOS/Source/tasks.c **** 			{
 1645              		.loc 1 1576 6 is_stmt 0 view .LVU451
 1646 0024 9C42     		cmp	r4, r3
 1647 0026 30D0     		beq	.L123
1580:Middlewares/Third_Party/FreeRTOS/Source/tasks.c **** 				{
 1648              		.loc 1 1580 5 is_stmt 1 view .LVU452
1580:Middlewares/Third_Party/FreeRTOS/Source/tasks.c **** 				{
 1649              		.loc 1 1580 7 is_stmt 0 view .LVU453
 1650 0028 0DD9     		bls	.L124
1582:Middlewares/Third_Party/FreeRTOS/Source/tasks.c **** 					{
 1651              		.loc 1 1582 6 is_stmt 1 view .LVU454
1582:Middlewares/Third_Party/FreeRTOS/Source/tasks.c **** 					{
 1652              		.loc 1 1582 16 is_stmt 0 view .LVU455
 1653 002a 2B4A     		ldr	r2, .L137
ARM GAS  D:\software\msy64\tmp\ccHzaEXX.s 			page 133


 1654 002c 1268     		ldr	r2, [r2]
1582:Middlewares/Third_Party/FreeRTOS/Source/tasks.c **** 					{
 1655              		.loc 1 1582 8 view .LVU456
 1656 002e AA42     		cmp	r2, r5
 1657 0030 2ED0     		beq	.L130
1587:Middlewares/Third_Party/FreeRTOS/Source/tasks.c **** 						{
 1658              		.loc 1 1587 7 is_stmt 1 view .LVU457
1587:Middlewares/Third_Party/FreeRTOS/Source/tasks.c **** 						{
 1659              		.loc 1 1587 40 is_stmt 0 view .LVU458
 1660 0032 294A     		ldr	r2, .L137
 1661 0034 1268     		ldr	r2, [r2]
 1662 0036 D26A     		ldr	r2, [r2, #44]
1587:Middlewares/Third_Party/FreeRTOS/Source/tasks.c **** 						{
 1663              		.loc 1 1587 9 view .LVU459
 1664 0038 A242     		cmp	r2, r4
 1665 003a 2BD9     		bls	.L131
1544:Middlewares/Third_Party/FreeRTOS/Source/tasks.c **** 
 1666              		.loc 1 1544 13 view .LVU460
 1667 003c 0027     		movs	r7, #0
 1668 003e 07E0     		b	.L125
 1669              	.LVL123:
 1670              	.L134:
1562:Middlewares/Third_Party/FreeRTOS/Source/tasks.c **** 
 1671              		.loc 1 1562 12 discriminator 1 view .LVU461
 1672 0040 254B     		ldr	r3, .L137
 1673 0042 1D68     		ldr	r5, [r3]
 1674              	.LVL124:
1562:Middlewares/Third_Party/FreeRTOS/Source/tasks.c **** 
 1675              		.loc 1 1562 12 discriminator 1 view .LVU462
 1676 0044 EDE7     		b	.L122
 1677              	.LVL125:
 1678              	.L124:
1603:Middlewares/Third_Party/FreeRTOS/Source/tasks.c **** 				{
 1679              		.loc 1 1603 10 is_stmt 1 view .LVU463
1603:Middlewares/Third_Party/FreeRTOS/Source/tasks.c **** 				{
 1680              		.loc 1 1603 20 is_stmt 0 view .LVU464
 1681 0046 244A     		ldr	r2, .L137
 1682 0048 1268     		ldr	r2, [r2]
1603:Middlewares/Third_Party/FreeRTOS/Source/tasks.c **** 				{
 1683              		.loc 1 1603 12 view .LVU465
 1684 004a AA42     		cmp	r2, r5
 1685 004c 24D0     		beq	.L132
1544:Middlewares/Third_Party/FreeRTOS/Source/tasks.c **** 
 1686              		.loc 1 1544 13 view .LVU466
 1687 004e 0027     		movs	r7, #0
 1688              	.L125:
 1689              	.LVL126:
1615:Middlewares/Third_Party/FreeRTOS/Source/tasks.c **** 
 1690              		.loc 1 1615 5 is_stmt 1 view .LVU467
1620:Middlewares/Third_Party/FreeRTOS/Source/tasks.c **** 
 1691              		.loc 1 1620 5 view .LVU468
1620:Middlewares/Third_Party/FreeRTOS/Source/tasks.c **** 
 1692              		.loc 1 1620 27 is_stmt 0 view .LVU469
 1693 0050 EE6A     		ldr	r6, [r5, #44]
 1694              	.LVL127:
1626:Middlewares/Third_Party/FreeRTOS/Source/tasks.c **** 					{
 1695              		.loc 1 1626 6 is_stmt 1 view .LVU470
ARM GAS  D:\software\msy64\tmp\ccHzaEXX.s 			page 134


1626:Middlewares/Third_Party/FreeRTOS/Source/tasks.c **** 					{
 1696              		.loc 1 1626 8 is_stmt 0 view .LVU471
 1697 0052 B342     		cmp	r3, r6
 1698 0054 22D0     		beq	.L135
 1699              	.L126:
1632:Middlewares/Third_Party/FreeRTOS/Source/tasks.c **** 					}
 1700              		.loc 1 1632 31 is_stmt 1 view .LVU472
1636:Middlewares/Third_Party/FreeRTOS/Source/tasks.c **** 				}
 1701              		.loc 1 1636 6 view .LVU473
1636:Middlewares/Third_Party/FreeRTOS/Source/tasks.c **** 				}
 1702              		.loc 1 1636 28 is_stmt 0 view .LVU474
 1703 0056 6C64     		str	r4, [r5, #68]
1646:Middlewares/Third_Party/FreeRTOS/Source/tasks.c **** 				{
 1704              		.loc 1 1646 5 is_stmt 1 view .LVU475
1646:Middlewares/Third_Party/FreeRTOS/Source/tasks.c **** 				{
 1705              		.loc 1 1646 11 is_stmt 0 view .LVU476
 1706 0058 AB69     		ldr	r3, [r5, #24]
 1707              	.LVL128:
1646:Middlewares/Third_Party/FreeRTOS/Source/tasks.c **** 				{
 1708              		.loc 1 1646 7 view .LVU477
 1709 005a 002B     		cmp	r3, #0
 1710 005c 02DB     		blt	.L127
1648:Middlewares/Third_Party/FreeRTOS/Source/tasks.c **** 				}
 1711              		.loc 1 1648 6 is_stmt 1 view .LVU478
 1712 005e C4F10704 		rsb	r4, r4, #7
 1713              	.LVL129:
1648:Middlewares/Third_Party/FreeRTOS/Source/tasks.c **** 				}
 1714              		.loc 1 1648 6 is_stmt 0 view .LVU479
 1715 0062 AC61     		str	r4, [r5, #24]
 1716              	.L127:
1652:Middlewares/Third_Party/FreeRTOS/Source/tasks.c **** 				}
 1717              		.loc 1 1652 30 is_stmt 1 view .LVU480
1659:Middlewares/Third_Party/FreeRTOS/Source/tasks.c **** 				{
 1718              		.loc 1 1659 5 view .LVU481
1659:Middlewares/Third_Party/FreeRTOS/Source/tasks.c **** 				{
 1719              		.loc 1 1659 9 is_stmt 0 view .LVU482
 1720 0064 6969     		ldr	r1, [r5, #20]
 1721 0066 06EB8602 		add	r2, r6, r6, lsl #2
 1722 006a 1C4B     		ldr	r3, .L137+4
 1723 006c 03EB8203 		add	r3, r3, r2, lsl #2
1659:Middlewares/Third_Party/FreeRTOS/Source/tasks.c **** 				{
 1724              		.loc 1 1659 7 view .LVU483
 1725 0070 9942     		cmp	r1, r3
 1726 0072 15D0     		beq	.L136
 1727              	.LVL130:
 1728              	.L128:
1679:Middlewares/Third_Party/FreeRTOS/Source/tasks.c **** 				}
 1729              		.loc 1 1679 30 is_stmt 1 view .LVU484
1682:Middlewares/Third_Party/FreeRTOS/Source/tasks.c **** 				{
 1730              		.loc 1 1682 5 view .LVU485
1682:Middlewares/Third_Party/FreeRTOS/Source/tasks.c **** 				{
 1731              		.loc 1 1682 7 is_stmt 0 view .LVU486
 1732 0074 4FB1     		cbz	r7, .L123
1684:Middlewares/Third_Party/FreeRTOS/Source/tasks.c **** 				}
 1733              		.loc 1 1684 6 is_stmt 1 view .LVU487
 1734 0076 4FF0E023 		mov	r3, #-536813568
 1735 007a 4FF08052 		mov	r2, #268435456
ARM GAS  D:\software\msy64\tmp\ccHzaEXX.s 			page 135


 1736 007e C3F8042D 		str	r2, [r3, #3332]
1684:Middlewares/Third_Party/FreeRTOS/Source/tasks.c **** 				}
 1737              		.loc 1 1684 6 view .LVU488
 1738              		.syntax unified
 1739              	@ 1684 "Middlewares/Third_Party/FreeRTOS/Source/tasks.c" 1
 1740 0082 BFF34F8F 		dsb
 1741              	@ 0 "" 2
1684:Middlewares/Third_Party/FreeRTOS/Source/tasks.c **** 				}
 1742              		.loc 1 1684 6 view .LVU489
 1743              	@ 1684 "Middlewares/Third_Party/FreeRTOS/Source/tasks.c" 1
 1744 0086 BFF36F8F 		isb
 1745              	@ 0 "" 2
1684:Middlewares/Third_Party/FreeRTOS/Source/tasks.c **** 				}
 1746              		.loc 1 1684 37 view .LVU490
 1747              	.LVL131:
 1748              		.thumb
 1749              		.syntax unified
 1750              	.L123:
1688:Middlewares/Third_Party/FreeRTOS/Source/tasks.c **** 				}
 1751              		.loc 1 1688 30 view .LVU491
1693:Middlewares/Third_Party/FreeRTOS/Source/tasks.c **** 			}
 1752              		.loc 1 1693 5 view .LVU492
1696:Middlewares/Third_Party/FreeRTOS/Source/tasks.c **** 	}
 1753              		.loc 1 1696 3 view .LVU493
 1754 008a FFF7FEFF 		bl	vPortExitCritical
 1755              	.LVL132:
1697:Middlewares/Third_Party/FreeRTOS/Source/tasks.c **** 
 1756              		.loc 1 1697 2 is_stmt 0 view .LVU494
 1757 008e F8BD     		pop	{r3, r4, r5, r6, r7, pc}
 1758              	.LVL133:
 1759              	.L130:
1544:Middlewares/Third_Party/FreeRTOS/Source/tasks.c **** 
 1760              		.loc 1 1544 13 view .LVU495
 1761 0090 0027     		movs	r7, #0
 1762 0092 DDE7     		b	.L125
 1763              	.L131:
1589:Middlewares/Third_Party/FreeRTOS/Source/tasks.c **** 						}
 1764              		.loc 1 1589 23 view .LVU496
 1765 0094 0127     		movs	r7, #1
 1766 0096 DBE7     		b	.L125
 1767              	.L132:
1608:Middlewares/Third_Party/FreeRTOS/Source/tasks.c **** 				}
 1768              		.loc 1 1608 21 view .LVU497
 1769 0098 0127     		movs	r7, #1
 1770 009a D9E7     		b	.L125
 1771              	.LVL134:
 1772              	.L135:
1628:Middlewares/Third_Party/FreeRTOS/Source/tasks.c **** 					}
 1773              		.loc 1 1628 7 is_stmt 1 view .LVU498
1628:Middlewares/Third_Party/FreeRTOS/Source/tasks.c **** 					}
 1774              		.loc 1 1628 25 is_stmt 0 view .LVU499
 1775 009c EC62     		str	r4, [r5, #44]
 1776 009e DAE7     		b	.L126
 1777              	.LVL135:
 1778              	.L136:
1664:Middlewares/Third_Party/FreeRTOS/Source/tasks.c **** 					{
 1779              		.loc 1 1664 6 is_stmt 1 view .LVU500
ARM GAS  D:\software\msy64\tmp\ccHzaEXX.s 			page 136


1664:Middlewares/Third_Party/FreeRTOS/Source/tasks.c **** 					{
 1780              		.loc 1 1664 10 is_stmt 0 view .LVU501
 1781 00a0 2C1D     		adds	r4, r5, #4
 1782 00a2 2046     		mov	r0, r4
 1783 00a4 FFF7FEFF 		bl	uxListRemove
 1784              	.LVL136:
1664:Middlewares/Third_Party/FreeRTOS/Source/tasks.c **** 					{
 1785              		.loc 1 1664 8 discriminator 1 view .LVU502
 1786 00a8 30B9     		cbnz	r0, .L129
1669:Middlewares/Third_Party/FreeRTOS/Source/tasks.c **** 					}
 1787              		.loc 1 1669 7 is_stmt 1 view .LVU503
 1788 00aa 0122     		movs	r2, #1
 1789 00ac B240     		lsls	r2, r2, r6
 1790 00ae 0C49     		ldr	r1, .L137+8
 1791 00b0 0B68     		ldr	r3, [r1]
 1792 00b2 23EA0203 		bic	r3, r3, r2
 1793 00b6 0B60     		str	r3, [r1]
 1794              	.L129:
1673:Middlewares/Third_Party/FreeRTOS/Source/tasks.c **** 					}
 1795              		.loc 1 1673 31 view .LVU504
1675:Middlewares/Third_Party/FreeRTOS/Source/tasks.c **** 				}
 1796              		.loc 1 1675 6 view .LVU505
1675:Middlewares/Third_Party/FreeRTOS/Source/tasks.c **** 				}
 1797              		.loc 1 1675 6 view .LVU506
 1798 00b8 E86A     		ldr	r0, [r5, #44]
 1799 00ba 0123     		movs	r3, #1
 1800 00bc 8340     		lsls	r3, r3, r0
 1801 00be 084A     		ldr	r2, .L137+8
 1802 00c0 1168     		ldr	r1, [r2]
 1803 00c2 0B43     		orrs	r3, r3, r1
 1804 00c4 1360     		str	r3, [r2]
1675:Middlewares/Third_Party/FreeRTOS/Source/tasks.c **** 				}
 1805              		.loc 1 1675 6 view .LVU507
 1806 00c6 00EB8000 		add	r0, r0, r0, lsl #2
 1807 00ca 2146     		mov	r1, r4
 1808 00cc 034B     		ldr	r3, .L137+4
 1809 00ce 03EB8000 		add	r0, r3, r0, lsl #2
 1810 00d2 FFF7FEFF 		bl	vListInsertEnd
 1811              	.LVL137:
1675:Middlewares/Third_Party/FreeRTOS/Source/tasks.c **** 				}
 1812              		.loc 1 1675 36 discriminator 1 view .LVU508
 1813 00d6 CDE7     		b	.L128
 1814              	.L138:
 1815              		.align	2
 1816              	.L137:
 1817 00d8 00000000 		.word	pxCurrentTCB
 1818 00dc 00000000 		.word	pxReadyTasksLists
 1819 00e0 00000000 		.word	uxTopReadyPriority
 1820              		.cfi_endproc
 1821              	.LFE13:
 1823              		.section	.text.vTaskResume,"ax",%progbits
 1824              		.align	1
 1825              		.global	vTaskResume
 1826              		.syntax unified
 1827              		.thumb
 1828              		.thumb_func
 1830              	vTaskResume:
ARM GAS  D:\software\msy64\tmp\ccHzaEXX.s 			page 137


 1831              	.LVL138:
 1832              	.LFB16:
1852:Middlewares/Third_Party/FreeRTOS/Source/tasks.c **** 	TCB_t * const pxTCB = xTaskToResume;
 1833              		.loc 1 1852 2 view -0
 1834              		.cfi_startproc
 1835              		@ args = 0, pretend = 0, frame = 0
 1836              		@ frame_needed = 0, uses_anonymous_args = 0
1852:Middlewares/Third_Party/FreeRTOS/Source/tasks.c **** 	TCB_t * const pxTCB = xTaskToResume;
 1837              		.loc 1 1852 2 is_stmt 0 view .LVU510
 1838 0000 38B5     		push	{r3, r4, r5, lr}
 1839              	.LCFI18:
 1840              		.cfi_def_cfa_offset 16
 1841              		.cfi_offset 3, -16
 1842              		.cfi_offset 4, -12
 1843              		.cfi_offset 5, -8
 1844              		.cfi_offset 14, -4
1853:Middlewares/Third_Party/FreeRTOS/Source/tasks.c **** 
 1845              		.loc 1 1853 2 is_stmt 1 view .LVU511
 1846              	.LVL139:
1856:Middlewares/Third_Party/FreeRTOS/Source/tasks.c **** 
 1847              		.loc 1 1856 3 view .LVU512
 1848 0002 68B1     		cbz	r0, .L145
 1849 0004 0446     		mov	r4, r0
1856:Middlewares/Third_Party/FreeRTOS/Source/tasks.c **** 
 1850              		.loc 1 1856 32 discriminator 2 view .LVU513
1860:Middlewares/Third_Party/FreeRTOS/Source/tasks.c **** 		{
 1851              		.loc 1 1860 3 view .LVU514
1860:Middlewares/Third_Party/FreeRTOS/Source/tasks.c **** 		{
 1852              		.loc 1 1860 15 is_stmt 0 view .LVU515
 1853 0006 1D4B     		ldr	r3, .L147
 1854 0008 1B68     		ldr	r3, [r3]
1860:Middlewares/Third_Party/FreeRTOS/Source/tasks.c **** 		{
 1855              		.loc 1 1860 5 view .LVU516
 1856 000a 8342     		cmp	r3, r0
 1857 000c 07D0     		beq	.L139
1862:Middlewares/Third_Party/FreeRTOS/Source/tasks.c **** 			{
 1858              		.loc 1 1862 4 is_stmt 1 view .LVU517
 1859 000e FFF7FEFF 		bl	vPortEnterCritical
 1860              	.LVL140:
1864:Middlewares/Third_Party/FreeRTOS/Source/tasks.c **** 				{
 1861              		.loc 1 1864 5 view .LVU518
1864:Middlewares/Third_Party/FreeRTOS/Source/tasks.c **** 				{
 1862              		.loc 1 1864 9 is_stmt 0 view .LVU519
 1863 0012 2046     		mov	r0, r4
 1864 0014 FFF7FEFF 		bl	prvTaskIsTaskSuspended
 1865              	.LVL141:
1864:Middlewares/Third_Party/FreeRTOS/Source/tasks.c **** 				{
 1866              		.loc 1 1864 7 discriminator 1 view .LVU520
 1867 0018 58B9     		cbnz	r0, .L146
 1868              	.L143:
1888:Middlewares/Third_Party/FreeRTOS/Source/tasks.c **** 				}
 1869              		.loc 1 1888 30 is_stmt 1 view .LVU521
1891:Middlewares/Third_Party/FreeRTOS/Source/tasks.c **** 		}
 1870              		.loc 1 1891 4 view .LVU522
 1871 001a FFF7FEFF 		bl	vPortExitCritical
 1872              	.LVL142:
1895:Middlewares/Third_Party/FreeRTOS/Source/tasks.c **** 		}
ARM GAS  D:\software\msy64\tmp\ccHzaEXX.s 			page 138


 1873              		.loc 1 1895 28 view .LVU523
 1874              	.L139:
1897:Middlewares/Third_Party/FreeRTOS/Source/tasks.c **** 
 1875              		.loc 1 1897 2 is_stmt 0 view .LVU524
 1876 001e 38BD     		pop	{r3, r4, r5, pc}
 1877              	.LVL143:
 1878              	.L145:
1856:Middlewares/Third_Party/FreeRTOS/Source/tasks.c **** 
 1879              		.loc 1 1856 3 is_stmt 1 discriminator 1 view .LVU525
 1880              	.LBB134:
 1881              	.LBI134:
 193:Middlewares/Third_Party/FreeRTOS/Source/portable/GCC/ARM_CM3/portmacro.h **** {
 1882              		.loc 2 193 30 view .LVU526
 1883              	.LBB135:
 195:Middlewares/Third_Party/FreeRTOS/Source/portable/GCC/ARM_CM3/portmacro.h **** 
 1884              		.loc 2 195 1 view .LVU527
 197:Middlewares/Third_Party/FreeRTOS/Source/portable/GCC/ARM_CM3/portmacro.h **** 	(
 1885              		.loc 2 197 2 view .LVU528
 1886              		.syntax unified
 1887              	@ 197 "Middlewares/Third_Party/FreeRTOS/Source/portable/GCC/ARM_CM3/portmacro.h" 1
 1888 0020 4FF05003 			mov r3, #80												
 1889 0024 83F31188 		msr basepri, r3											
 1890 0028 BFF36F8F 		isb														
 1891 002c BFF34F8F 		dsb														
 1892              	
 1893              	@ 0 "" 2
 1894              		.thumb
 1895              		.syntax unified
 1896              	.L141:
 1897              	.LBE135:
 1898              	.LBE134:
1856:Middlewares/Third_Party/FreeRTOS/Source/tasks.c **** 
 1899              		.loc 1 1856 3 discriminator 3 view .LVU529
1856:Middlewares/Third_Party/FreeRTOS/Source/tasks.c **** 
 1900              		.loc 1 1856 3 discriminator 3 view .LVU530
 1901 0030 FEE7     		b	.L141
 1902              	.LVL144:
 1903              	.L146:
1866:Middlewares/Third_Party/FreeRTOS/Source/tasks.c **** 
 1904              		.loc 1 1866 31 view .LVU531
1870:Middlewares/Third_Party/FreeRTOS/Source/tasks.c **** 					prvAddTaskToReadyList( pxTCB );
 1905              		.loc 1 1870 6 view .LVU532
1870:Middlewares/Third_Party/FreeRTOS/Source/tasks.c **** 					prvAddTaskToReadyList( pxTCB );
 1906              		.loc 1 1870 15 is_stmt 0 view .LVU533
 1907 0032 251D     		adds	r5, r4, #4
 1908 0034 2846     		mov	r0, r5
 1909 0036 FFF7FEFF 		bl	uxListRemove
 1910              	.LVL145:
1871:Middlewares/Third_Party/FreeRTOS/Source/tasks.c **** 
 1911              		.loc 1 1871 6 is_stmt 1 view .LVU534
1871:Middlewares/Third_Party/FreeRTOS/Source/tasks.c **** 
 1912              		.loc 1 1871 6 view .LVU535
 1913 003a E06A     		ldr	r0, [r4, #44]
 1914 003c 0123     		movs	r3, #1
 1915 003e 8340     		lsls	r3, r3, r0
 1916 0040 0F4A     		ldr	r2, .L147+4
 1917 0042 1168     		ldr	r1, [r2]
ARM GAS  D:\software\msy64\tmp\ccHzaEXX.s 			page 139


 1918 0044 0B43     		orrs	r3, r3, r1
 1919 0046 1360     		str	r3, [r2]
1871:Middlewares/Third_Party/FreeRTOS/Source/tasks.c **** 
 1920              		.loc 1 1871 6 view .LVU536
 1921 0048 00EB8000 		add	r0, r0, r0, lsl #2
 1922 004c 2946     		mov	r1, r5
 1923 004e 0D4B     		ldr	r3, .L147+8
 1924 0050 03EB8000 		add	r0, r3, r0, lsl #2
 1925 0054 FFF7FEFF 		bl	vListInsertEnd
 1926              	.LVL146:
1871:Middlewares/Third_Party/FreeRTOS/Source/tasks.c **** 
 1927              		.loc 1 1871 36 discriminator 1 view .LVU537
1874:Middlewares/Third_Party/FreeRTOS/Source/tasks.c **** 					{
 1928              		.loc 1 1874 6 view .LVU538
1874:Middlewares/Third_Party/FreeRTOS/Source/tasks.c **** 					{
 1929              		.loc 1 1874 15 is_stmt 0 view .LVU539
 1930 0058 E26A     		ldr	r2, [r4, #44]
1874:Middlewares/Third_Party/FreeRTOS/Source/tasks.c **** 					{
 1931              		.loc 1 1874 43 view .LVU540
 1932 005a 084B     		ldr	r3, .L147
 1933 005c 1B68     		ldr	r3, [r3]
 1934 005e DB6A     		ldr	r3, [r3, #44]
1874:Middlewares/Third_Party/FreeRTOS/Source/tasks.c **** 					{
 1935              		.loc 1 1874 8 view .LVU541
 1936 0060 9A42     		cmp	r2, r3
 1937 0062 DAD3     		bcc	.L143
1879:Middlewares/Third_Party/FreeRTOS/Source/tasks.c **** 					}
 1938              		.loc 1 1879 7 is_stmt 1 view .LVU542
 1939 0064 4FF0E023 		mov	r3, #-536813568
 1940 0068 4FF08052 		mov	r2, #268435456
 1941 006c C3F8042D 		str	r2, [r3, #3332]
1879:Middlewares/Third_Party/FreeRTOS/Source/tasks.c **** 					}
 1942              		.loc 1 1879 7 view .LVU543
 1943              		.syntax unified
 1944              	@ 1879 "Middlewares/Third_Party/FreeRTOS/Source/tasks.c" 1
 1945 0070 BFF34F8F 		dsb
 1946              	@ 0 "" 2
1879:Middlewares/Third_Party/FreeRTOS/Source/tasks.c **** 					}
 1947              		.loc 1 1879 7 view .LVU544
 1948              	@ 1879 "Middlewares/Third_Party/FreeRTOS/Source/tasks.c" 1
 1949 0074 BFF36F8F 		isb
 1950              	@ 0 "" 2
1879:Middlewares/Third_Party/FreeRTOS/Source/tasks.c **** 					}
 1951              		.loc 1 1879 38 view .LVU545
 1952              		.thumb
 1953              		.syntax unified
 1954 0078 CFE7     		b	.L143
 1955              	.L148:
 1956 007a 00BF     		.align	2
 1957              	.L147:
 1958 007c 00000000 		.word	pxCurrentTCB
 1959 0080 00000000 		.word	uxTopReadyPriority
 1960 0084 00000000 		.word	pxReadyTasksLists
 1961              		.cfi_endproc
 1962              	.LFE16:
 1964              		.section	.text.xTaskResumeFromISR,"ax",%progbits
 1965              		.align	1
ARM GAS  D:\software\msy64\tmp\ccHzaEXX.s 			page 140


 1966              		.global	xTaskResumeFromISR
 1967              		.syntax unified
 1968              		.thumb
 1969              		.thumb_func
 1971              	xTaskResumeFromISR:
 1972              	.LVL147:
 1973              	.LFB17:
1906:Middlewares/Third_Party/FreeRTOS/Source/tasks.c **** 	BaseType_t xYieldRequired = pdFALSE;
 1974              		.loc 1 1906 2 view -0
 1975              		.cfi_startproc
 1976              		@ args = 0, pretend = 0, frame = 0
 1977              		@ frame_needed = 0, uses_anonymous_args = 0
1906:Middlewares/Third_Party/FreeRTOS/Source/tasks.c **** 	BaseType_t xYieldRequired = pdFALSE;
 1978              		.loc 1 1906 2 is_stmt 0 view .LVU547
 1979 0000 F8B5     		push	{r3, r4, r5, r6, r7, lr}
 1980              	.LCFI19:
 1981              		.cfi_def_cfa_offset 24
 1982              		.cfi_offset 3, -24
 1983              		.cfi_offset 4, -20
 1984              		.cfi_offset 5, -16
 1985              		.cfi_offset 6, -12
 1986              		.cfi_offset 7, -8
 1987              		.cfi_offset 14, -4
1907:Middlewares/Third_Party/FreeRTOS/Source/tasks.c **** 	TCB_t * const pxTCB = xTaskToResume;
 1988              		.loc 1 1907 2 is_stmt 1 view .LVU548
 1989              	.LVL148:
1908:Middlewares/Third_Party/FreeRTOS/Source/tasks.c **** 	UBaseType_t uxSavedInterruptStatus;
 1990              		.loc 1 1908 2 view .LVU549
1909:Middlewares/Third_Party/FreeRTOS/Source/tasks.c **** 
 1991              		.loc 1 1909 2 view .LVU550
1911:Middlewares/Third_Party/FreeRTOS/Source/tasks.c **** 
 1992              		.loc 1 1911 3 view .LVU551
 1993 0002 90B3     		cbz	r0, .L157
 1994 0004 0546     		mov	r5, r0
1911:Middlewares/Third_Party/FreeRTOS/Source/tasks.c **** 
 1995              		.loc 1 1911 32 discriminator 2 view .LVU552
1929:Middlewares/Third_Party/FreeRTOS/Source/tasks.c **** 
 1996              		.loc 1 1929 3 view .LVU553
 1997 0006 FFF7FEFF 		bl	vPortValidateInterruptPriority
 1998              	.LVL149:
1931:Middlewares/Third_Party/FreeRTOS/Source/tasks.c **** 		{
 1999              		.loc 1 1931 3 view .LVU554
 2000              	.LBB136:
 2001              	.LBI136:
 209:Middlewares/Third_Party/FreeRTOS/Source/portable/GCC/ARM_CM3/portmacro.h **** {
 2002              		.loc 2 209 34 view .LVU555
 2003              	.LBB137:
 211:Middlewares/Third_Party/FreeRTOS/Source/portable/GCC/ARM_CM3/portmacro.h **** 
 2004              		.loc 2 211 1 view .LVU556
 213:Middlewares/Third_Party/FreeRTOS/Source/portable/GCC/ARM_CM3/portmacro.h **** 	(
 2005              		.loc 2 213 2 view .LVU557
 2006              		.syntax unified
 2007              	@ 213 "Middlewares/Third_Party/FreeRTOS/Source/portable/GCC/ARM_CM3/portmacro.h" 1
 2008 000a EFF31184 			mrs r4, basepri											
 2009 000e 4FF05003 		mov r3, #80												
 2010 0012 83F31188 		msr basepri, r3											
 2011 0016 BFF36F8F 		isb														
ARM GAS  D:\software\msy64\tmp\ccHzaEXX.s 			page 141


 2012 001a BFF34F8F 		dsb														
 2013              	
 2014              	@ 0 "" 2
 2015              	.LVL150:
 225:Middlewares/Third_Party/FreeRTOS/Source/portable/GCC/ARM_CM3/portmacro.h **** }
 2016              		.loc 2 225 2 view .LVU558
 225:Middlewares/Third_Party/FreeRTOS/Source/portable/GCC/ARM_CM3/portmacro.h **** }
 2017              		.loc 2 225 2 is_stmt 0 view .LVU559
 2018              		.thumb
 2019              		.syntax unified
 2020              	.LBE137:
 2021              	.LBE136:
1933:Middlewares/Third_Party/FreeRTOS/Source/tasks.c **** 			{
 2022              		.loc 1 1933 4 is_stmt 1 view .LVU560
1933:Middlewares/Third_Party/FreeRTOS/Source/tasks.c **** 			{
 2023              		.loc 1 1933 8 is_stmt 0 view .LVU561
 2024 001e 2846     		mov	r0, r5
 2025 0020 FFF7FEFF 		bl	prvTaskIsTaskSuspended
 2026              	.LVL151:
1933:Middlewares/Third_Party/FreeRTOS/Source/tasks.c **** 			{
 2027              		.loc 1 1933 6 discriminator 1 view .LVU562
 2028 0024 0646     		mov	r6, r0
 2029 0026 E0B1     		cbz	r0, .L152
1935:Middlewares/Third_Party/FreeRTOS/Source/tasks.c **** 
 2030              		.loc 1 1935 39 is_stmt 1 view .LVU563
1938:Middlewares/Third_Party/FreeRTOS/Source/tasks.c **** 				{
 2031              		.loc 1 1938 5 view .LVU564
1938:Middlewares/Third_Party/FreeRTOS/Source/tasks.c **** 				{
 2032              		.loc 1 1938 30 is_stmt 0 view .LVU565
 2033 0028 194B     		ldr	r3, .L158
 2034 002a 1B68     		ldr	r3, [r3]
1938:Middlewares/Third_Party/FreeRTOS/Source/tasks.c **** 				{
 2035              		.loc 1 1938 7 view .LVU566
 2036 002c 43BB     		cbnz	r3, .L153
1942:Middlewares/Third_Party/FreeRTOS/Source/tasks.c **** 					{
 2037              		.loc 1 1942 6 is_stmt 1 view .LVU567
1942:Middlewares/Third_Party/FreeRTOS/Source/tasks.c **** 					{
 2038              		.loc 1 1942 15 is_stmt 0 view .LVU568
 2039 002e EA6A     		ldr	r2, [r5, #44]
1942:Middlewares/Third_Party/FreeRTOS/Source/tasks.c **** 					{
 2040              		.loc 1 1942 43 view .LVU569
 2041 0030 184B     		ldr	r3, .L158+4
 2042 0032 1B68     		ldr	r3, [r3]
 2043 0034 DB6A     		ldr	r3, [r3, #44]
1942:Middlewares/Third_Party/FreeRTOS/Source/tasks.c **** 					{
 2044              		.loc 1 1942 8 view .LVU570
 2045 0036 9A42     		cmp	r2, r3
 2046 0038 20D2     		bcs	.L155
1907:Middlewares/Third_Party/FreeRTOS/Source/tasks.c **** 	TCB_t * const pxTCB = xTaskToResume;
 2047              		.loc 1 1907 13 view .LVU571
 2048 003a 0026     		movs	r6, #0
 2049              	.L154:
 2050              	.LVL152:
1948:Middlewares/Third_Party/FreeRTOS/Source/tasks.c **** 					}
 2051              		.loc 1 1948 31 is_stmt 1 view .LVU572
1951:Middlewares/Third_Party/FreeRTOS/Source/tasks.c **** 					prvAddTaskToReadyList( pxTCB );
 2052              		.loc 1 1951 6 view .LVU573
ARM GAS  D:\software\msy64\tmp\ccHzaEXX.s 			page 142


1951:Middlewares/Third_Party/FreeRTOS/Source/tasks.c **** 					prvAddTaskToReadyList( pxTCB );
 2053              		.loc 1 1951 15 is_stmt 0 view .LVU574
 2054 003c 2F1D     		adds	r7, r5, #4
 2055 003e 3846     		mov	r0, r7
 2056 0040 FFF7FEFF 		bl	uxListRemove
 2057              	.LVL153:
1952:Middlewares/Third_Party/FreeRTOS/Source/tasks.c **** 				}
 2058              		.loc 1 1952 6 is_stmt 1 view .LVU575
1952:Middlewares/Third_Party/FreeRTOS/Source/tasks.c **** 				}
 2059              		.loc 1 1952 6 view .LVU576
 2060 0044 E86A     		ldr	r0, [r5, #44]
 2061 0046 0123     		movs	r3, #1
 2062 0048 8340     		lsls	r3, r3, r0
 2063 004a 134A     		ldr	r2, .L158+8
 2064 004c 1168     		ldr	r1, [r2]
 2065 004e 0B43     		orrs	r3, r3, r1
 2066 0050 1360     		str	r3, [r2]
1952:Middlewares/Third_Party/FreeRTOS/Source/tasks.c **** 				}
 2067              		.loc 1 1952 6 view .LVU577
 2068 0052 00EB8000 		add	r0, r0, r0, lsl #2
 2069 0056 3946     		mov	r1, r7
 2070 0058 104B     		ldr	r3, .L158+12
 2071 005a 03EB8000 		add	r0, r3, r0, lsl #2
 2072 005e FFF7FEFF 		bl	vListInsertEnd
 2073              	.LVL154:
1952:Middlewares/Third_Party/FreeRTOS/Source/tasks.c **** 				}
 2074              		.loc 1 1952 36 discriminator 1 view .LVU578
 2075              	.L152:
1964:Middlewares/Third_Party/FreeRTOS/Source/tasks.c **** 			}
 2076              		.loc 1 1964 29 view .LVU579
1967:Middlewares/Third_Party/FreeRTOS/Source/tasks.c **** 
 2077              		.loc 1 1967 3 view .LVU580
 2078              	.LBB138:
 2079              	.LBI138:
 229:Middlewares/Third_Party/FreeRTOS/Source/portable/GCC/ARM_CM3/portmacro.h **** {
 2080              		.loc 2 229 30 view .LVU581
 2081              	.LBB139:
 2082              		.loc 2 231 2 view .LVU582
 2083              		.syntax unified
 2084              	@ 231 "Middlewares/Third_Party/FreeRTOS/Source/portable/GCC/ARM_CM3/portmacro.h" 1
 2085 0062 84F31188 			msr basepri, r4	
 2086              	@ 0 "" 2
 2087              		.thumb
 2088              		.syntax unified
 2089              	.LBE139:
 2090              	.LBE138:
1969:Middlewares/Third_Party/FreeRTOS/Source/tasks.c **** 	}
 2091              		.loc 1 1969 3 view .LVU583
1970:Middlewares/Third_Party/FreeRTOS/Source/tasks.c **** 
 2092              		.loc 1 1970 2 is_stmt 0 view .LVU584
 2093 0066 3046     		mov	r0, r6
 2094 0068 F8BD     		pop	{r3, r4, r5, r6, r7, pc}
 2095              	.LVL155:
 2096              	.L157:
1911:Middlewares/Third_Party/FreeRTOS/Source/tasks.c **** 
 2097              		.loc 1 1911 3 is_stmt 1 discriminator 1 view .LVU585
 2098              	.LBB140:
ARM GAS  D:\software\msy64\tmp\ccHzaEXX.s 			page 143


 2099              	.LBI140:
 193:Middlewares/Third_Party/FreeRTOS/Source/portable/GCC/ARM_CM3/portmacro.h **** {
 2100              		.loc 2 193 30 view .LVU586
 2101              	.LBB141:
 195:Middlewares/Third_Party/FreeRTOS/Source/portable/GCC/ARM_CM3/portmacro.h **** 
 2102              		.loc 2 195 1 view .LVU587
 197:Middlewares/Third_Party/FreeRTOS/Source/portable/GCC/ARM_CM3/portmacro.h **** 	(
 2103              		.loc 2 197 2 view .LVU588
 2104              		.syntax unified
 2105              	@ 197 "Middlewares/Third_Party/FreeRTOS/Source/portable/GCC/ARM_CM3/portmacro.h" 1
 2106 006a 4FF05003 			mov r3, #80												
 2107 006e 83F31188 		msr basepri, r3											
 2108 0072 BFF36F8F 		isb														
 2109 0076 BFF34F8F 		dsb														
 2110              	
 2111              	@ 0 "" 2
 2112              		.thumb
 2113              		.syntax unified
 2114              	.L151:
 2115              	.LBE141:
 2116              	.LBE140:
1911:Middlewares/Third_Party/FreeRTOS/Source/tasks.c **** 
 2117              		.loc 1 1911 3 discriminator 3 view .LVU589
1911:Middlewares/Third_Party/FreeRTOS/Source/tasks.c **** 
 2118              		.loc 1 1911 3 discriminator 3 view .LVU590
 2119 007a FEE7     		b	.L151
 2120              	.LVL156:
 2121              	.L155:
1944:Middlewares/Third_Party/FreeRTOS/Source/tasks.c **** 					}
 2122              		.loc 1 1944 22 is_stmt 0 view .LVU591
 2123 007c 0126     		movs	r6, #1
 2124 007e DDE7     		b	.L154
 2125              	.L153:
1959:Middlewares/Third_Party/FreeRTOS/Source/tasks.c **** 				}
 2126              		.loc 1 1959 6 is_stmt 1 view .LVU592
 2127 0080 05F11801 		add	r1, r5, #24
 2128 0084 0648     		ldr	r0, .L158+16
 2129 0086 FFF7FEFF 		bl	vListInsertEnd
 2130              	.LVL157:
1907:Middlewares/Third_Party/FreeRTOS/Source/tasks.c **** 	TCB_t * const pxTCB = xTaskToResume;
 2131              		.loc 1 1907 13 is_stmt 0 view .LVU593
 2132 008a 0026     		movs	r6, #0
 2133 008c E9E7     		b	.L152
 2134              	.L159:
 2135 008e 00BF     		.align	2
 2136              	.L158:
 2137 0090 00000000 		.word	uxSchedulerSuspended
 2138 0094 00000000 		.word	pxCurrentTCB
 2139 0098 00000000 		.word	uxTopReadyPriority
 2140 009c 00000000 		.word	pxReadyTasksLists
 2141 00a0 00000000 		.word	xPendingReadyList
 2142              		.cfi_endproc
 2143              	.LFE17:
 2145              		.section	.rodata.vTaskStartScheduler.str1.4,"aMS",%progbits,1
 2146              		.align	2
 2147              	.LC0:
 2148 0000 49444C45 		.ascii	"IDLE\000"
ARM GAS  D:\software\msy64\tmp\ccHzaEXX.s 			page 144


 2148      00
 2149              		.section	.text.vTaskStartScheduler,"ax",%progbits
 2150              		.align	1
 2151              		.global	vTaskStartScheduler
 2152              		.syntax unified
 2153              		.thumb
 2154              		.thumb_func
 2156              	vTaskStartScheduler:
 2157              	.LFB18:
1976:Middlewares/Third_Party/FreeRTOS/Source/tasks.c **** BaseType_t xReturn;
 2158              		.loc 1 1976 1 is_stmt 1 view -0
 2159              		.cfi_startproc
 2160              		@ args = 0, pretend = 0, frame = 16
 2161              		@ frame_needed = 0, uses_anonymous_args = 0
 2162 0000 10B5     		push	{r4, lr}
 2163              	.LCFI20:
 2164              		.cfi_def_cfa_offset 8
 2165              		.cfi_offset 4, -8
 2166              		.cfi_offset 14, -4
 2167 0002 88B0     		sub	sp, sp, #32
 2168              	.LCFI21:
 2169              		.cfi_def_cfa_offset 40
1977:Middlewares/Third_Party/FreeRTOS/Source/tasks.c **** 
 2170              		.loc 1 1977 1 view .LVU595
 2171              	.LBB142:
1982:Middlewares/Third_Party/FreeRTOS/Source/tasks.c **** 		StackType_t *pxIdleTaskStackBuffer = NULL;
 2172              		.loc 1 1982 3 view .LVU596
1982:Middlewares/Third_Party/FreeRTOS/Source/tasks.c **** 		StackType_t *pxIdleTaskStackBuffer = NULL;
 2173              		.loc 1 1982 17 is_stmt 0 view .LVU597
 2174 0004 0024     		movs	r4, #0
 2175 0006 0594     		str	r4, [sp, #20]
1983:Middlewares/Third_Party/FreeRTOS/Source/tasks.c **** 		uint32_t ulIdleTaskStackSize;
 2176              		.loc 1 1983 3 is_stmt 1 view .LVU598
1983:Middlewares/Third_Party/FreeRTOS/Source/tasks.c **** 		uint32_t ulIdleTaskStackSize;
 2177              		.loc 1 1983 16 is_stmt 0 view .LVU599
 2178 0008 0694     		str	r4, [sp, #24]
1984:Middlewares/Third_Party/FreeRTOS/Source/tasks.c **** 
 2179              		.loc 1 1984 3 is_stmt 1 view .LVU600
1988:Middlewares/Third_Party/FreeRTOS/Source/tasks.c **** 		xIdleTaskHandle = xTaskCreateStatic(	prvIdleTask,
 2180              		.loc 1 1988 3 view .LVU601
 2181 000a 07AA     		add	r2, sp, #28
 2182 000c 06A9     		add	r1, sp, #24
 2183 000e 05A8     		add	r0, sp, #20
 2184 0010 FFF7FEFF 		bl	vApplicationGetIdleTaskMemory
 2185              	.LVL158:
1989:Middlewares/Third_Party/FreeRTOS/Source/tasks.c **** 												configIDLE_TASK_NAME,
 2186              		.loc 1 1989 3 view .LVU602
1989:Middlewares/Third_Party/FreeRTOS/Source/tasks.c **** 												configIDLE_TASK_NAME,
 2187              		.loc 1 1989 21 is_stmt 0 view .LVU603
 2188 0014 059B     		ldr	r3, [sp, #20]
 2189 0016 0293     		str	r3, [sp, #8]
 2190 0018 069B     		ldr	r3, [sp, #24]
 2191 001a 0193     		str	r3, [sp, #4]
 2192 001c 0094     		str	r4, [sp]
 2193 001e 2346     		mov	r3, r4
 2194 0020 079A     		ldr	r2, [sp, #28]
 2195 0022 0E49     		ldr	r1, .L164
ARM GAS  D:\software\msy64\tmp\ccHzaEXX.s 			page 145


 2196 0024 0E48     		ldr	r0, .L164+4
 2197 0026 FFF7FEFF 		bl	xTaskCreateStatic
 2198              	.LVL159:
1989:Middlewares/Third_Party/FreeRTOS/Source/tasks.c **** 												configIDLE_TASK_NAME,
 2199              		.loc 1 1989 19 discriminator 1 view .LVU604
 2200 002a 0E4B     		ldr	r3, .L164+8
 2201 002c 1860     		str	r0, [r3]
1997:Middlewares/Third_Party/FreeRTOS/Source/tasks.c **** 		{
 2202              		.loc 1 1997 3 is_stmt 1 view .LVU605
1997:Middlewares/Third_Party/FreeRTOS/Source/tasks.c **** 		{
 2203              		.loc 1 1997 5 is_stmt 0 view .LVU606
 2204 002e 90B1     		cbz	r0, .L160
 2205              	.LVL160:
1997:Middlewares/Third_Party/FreeRTOS/Source/tasks.c **** 		{
 2206              		.loc 1 1997 5 view .LVU607
 2207              	.LBE142:
2031:Middlewares/Third_Party/FreeRTOS/Source/tasks.c **** 	{
 2208              		.loc 1 2031 2 is_stmt 1 view .LVU608
2047:Middlewares/Third_Party/FreeRTOS/Source/tasks.c **** 
 2209              		.loc 1 2047 3 view .LVU609
 2210              	.LBB143:
 2211              	.LBI143:
 193:Middlewares/Third_Party/FreeRTOS/Source/portable/GCC/ARM_CM3/portmacro.h **** {
 2212              		.loc 2 193 30 view .LVU610
 2213              	.LBB144:
 195:Middlewares/Third_Party/FreeRTOS/Source/portable/GCC/ARM_CM3/portmacro.h **** 
 2214              		.loc 2 195 1 view .LVU611
 197:Middlewares/Third_Party/FreeRTOS/Source/portable/GCC/ARM_CM3/portmacro.h **** 	(
 2215              		.loc 2 197 2 view .LVU612
 2216              		.syntax unified
 2217              	@ 197 "Middlewares/Third_Party/FreeRTOS/Source/portable/GCC/ARM_CM3/portmacro.h" 1
 2218 0030 4FF05003 			mov r3, #80												
 2219 0034 83F31188 		msr basepri, r3											
 2220 0038 BFF36F8F 		isb														
 2221 003c BFF34F8F 		dsb														
 2222              	
 2223              	@ 0 "" 2
 2224              		.thumb
 2225              		.syntax unified
 2226              	.LBE144:
 2227              	.LBE143:
2059:Middlewares/Third_Party/FreeRTOS/Source/tasks.c **** 		xSchedulerRunning = pdTRUE;
 2228              		.loc 1 2059 3 view .LVU613
2059:Middlewares/Third_Party/FreeRTOS/Source/tasks.c **** 		xSchedulerRunning = pdTRUE;
 2229              		.loc 1 2059 24 is_stmt 0 view .LVU614
 2230 0040 094B     		ldr	r3, .L164+12
 2231 0042 4FF0FF32 		mov	r2, #-1
 2232 0046 1A60     		str	r2, [r3]
2060:Middlewares/Third_Party/FreeRTOS/Source/tasks.c **** 		xTickCount = ( TickType_t ) configINITIAL_TICK_COUNT;
 2233              		.loc 1 2060 3 is_stmt 1 view .LVU615
2060:Middlewares/Third_Party/FreeRTOS/Source/tasks.c **** 		xTickCount = ( TickType_t ) configINITIAL_TICK_COUNT;
 2234              		.loc 1 2060 21 is_stmt 0 view .LVU616
 2235 0048 084B     		ldr	r3, .L164+16
 2236 004a 0122     		movs	r2, #1
 2237 004c 1A60     		str	r2, [r3]
2061:Middlewares/Third_Party/FreeRTOS/Source/tasks.c **** 
 2238              		.loc 1 2061 3 is_stmt 1 view .LVU617
ARM GAS  D:\software\msy64\tmp\ccHzaEXX.s 			page 146


2061:Middlewares/Third_Party/FreeRTOS/Source/tasks.c **** 
 2239              		.loc 1 2061 14 is_stmt 0 view .LVU618
 2240 004e 084B     		ldr	r3, .L164+20
 2241 0050 1C60     		str	r4, [r3]
2069:Middlewares/Third_Party/FreeRTOS/Source/tasks.c **** 
 2242              		.loc 1 2069 43 is_stmt 1 view .LVU619
2071:Middlewares/Third_Party/FreeRTOS/Source/tasks.c **** 
 2243              		.loc 1 2071 26 view .LVU620
2075:Middlewares/Third_Party/FreeRTOS/Source/tasks.c **** 		{
 2244              		.loc 1 2075 3 view .LVU621
2075:Middlewares/Third_Party/FreeRTOS/Source/tasks.c **** 		{
 2245              		.loc 1 2075 7 is_stmt 0 view .LVU622
 2246 0052 FFF7FEFF 		bl	xPortStartScheduler
 2247              	.LVL161:
2079:Middlewares/Third_Party/FreeRTOS/Source/tasks.c **** 		else
 2248              		.loc 1 2079 3 is_stmt 1 view .LVU623
2083:Middlewares/Third_Party/FreeRTOS/Source/tasks.c **** 	}
 2249              		.loc 1 2083 3 view .LVU624
 2250              	.L160:
2096:Middlewares/Third_Party/FreeRTOS/Source/tasks.c **** /*-----------------------------------------------------------*/
 2251              		.loc 1 2096 1 is_stmt 0 view .LVU625
 2252 0056 08B0     		add	sp, sp, #32
 2253              	.LCFI22:
 2254              		.cfi_def_cfa_offset 8
 2255              		@ sp needed
 2256 0058 10BD     		pop	{r4, pc}
 2257              	.L165:
 2258 005a 00BF     		.align	2
 2259              	.L164:
 2260 005c 00000000 		.word	.LC0
 2261 0060 00000000 		.word	prvIdleTask
 2262 0064 00000000 		.word	xIdleTaskHandle
 2263 0068 00000000 		.word	xNextTaskUnblockTime
 2264 006c 00000000 		.word	xSchedulerRunning
 2265 0070 00000000 		.word	xTickCount
 2266              		.cfi_endproc
 2267              	.LFE18:
 2269              		.section	.text.vTaskEndScheduler,"ax",%progbits
 2270              		.align	1
 2271              		.global	vTaskEndScheduler
 2272              		.syntax unified
 2273              		.thumb
 2274              		.thumb_func
 2276              	vTaskEndScheduler:
 2277              	.LFB19:
2100:Middlewares/Third_Party/FreeRTOS/Source/tasks.c **** 	/* Stop the scheduler interrupts and call the portable scheduler end
 2278              		.loc 1 2100 1 is_stmt 1 view -0
 2279              		.cfi_startproc
 2280              		@ args = 0, pretend = 0, frame = 0
 2281              		@ frame_needed = 0, uses_anonymous_args = 0
 2282 0000 08B5     		push	{r3, lr}
 2283              	.LCFI23:
 2284              		.cfi_def_cfa_offset 8
 2285              		.cfi_offset 3, -8
 2286              		.cfi_offset 14, -4
2104:Middlewares/Third_Party/FreeRTOS/Source/tasks.c **** 	xSchedulerRunning = pdFALSE;
 2287              		.loc 1 2104 2 view .LVU627
ARM GAS  D:\software\msy64\tmp\ccHzaEXX.s 			page 147


 2288              	.LBB145:
 2289              	.LBI145:
 193:Middlewares/Third_Party/FreeRTOS/Source/portable/GCC/ARM_CM3/portmacro.h **** {
 2290              		.loc 2 193 30 view .LVU628
 2291              	.LBB146:
 195:Middlewares/Third_Party/FreeRTOS/Source/portable/GCC/ARM_CM3/portmacro.h **** 
 2292              		.loc 2 195 1 view .LVU629
 197:Middlewares/Third_Party/FreeRTOS/Source/portable/GCC/ARM_CM3/portmacro.h **** 	(
 2293              		.loc 2 197 2 view .LVU630
 2294              		.syntax unified
 2295              	@ 197 "Middlewares/Third_Party/FreeRTOS/Source/portable/GCC/ARM_CM3/portmacro.h" 1
 2296 0002 4FF05003 			mov r3, #80												
 2297 0006 83F31188 		msr basepri, r3											
 2298 000a BFF36F8F 		isb														
 2299 000e BFF34F8F 		dsb														
 2300              	
 2301              	@ 0 "" 2
 2302              		.thumb
 2303              		.syntax unified
 2304              	.LBE146:
 2305              	.LBE145:
2105:Middlewares/Third_Party/FreeRTOS/Source/tasks.c **** 	vPortEndScheduler();
 2306              		.loc 1 2105 2 view .LVU631
2105:Middlewares/Third_Party/FreeRTOS/Source/tasks.c **** 	vPortEndScheduler();
 2307              		.loc 1 2105 20 is_stmt 0 view .LVU632
 2308 0012 034B     		ldr	r3, .L168
 2309 0014 0022     		movs	r2, #0
 2310 0016 1A60     		str	r2, [r3]
2106:Middlewares/Third_Party/FreeRTOS/Source/tasks.c **** }
 2311              		.loc 1 2106 2 is_stmt 1 view .LVU633
 2312 0018 FFF7FEFF 		bl	vPortEndScheduler
 2313              	.LVL162:
2107:Middlewares/Third_Party/FreeRTOS/Source/tasks.c **** /*----------------------------------------------------------*/
 2314              		.loc 1 2107 1 is_stmt 0 view .LVU634
 2315 001c 08BD     		pop	{r3, pc}
 2316              	.L169:
 2317 001e 00BF     		.align	2
 2318              	.L168:
 2319 0020 00000000 		.word	xSchedulerRunning
 2320              		.cfi_endproc
 2321              	.LFE19:
 2323              		.section	.text.vTaskSuspendAll,"ax",%progbits
 2324              		.align	1
 2325              		.global	vTaskSuspendAll
 2326              		.syntax unified
 2327              		.thumb
 2328              		.thumb_func
 2330              	vTaskSuspendAll:
 2331              	.LFB20:
2111:Middlewares/Third_Party/FreeRTOS/Source/tasks.c **** 	/* A critical section is not required as the variable is of type
 2332              		.loc 1 2111 1 is_stmt 1 view -0
 2333              		.cfi_startproc
 2334              		@ args = 0, pretend = 0, frame = 0
 2335              		@ frame_needed = 0, uses_anonymous_args = 0
 2336              		@ link register save eliminated.
2119:Middlewares/Third_Party/FreeRTOS/Source/tasks.c **** 
 2337              		.loc 1 2119 24 view .LVU636
ARM GAS  D:\software\msy64\tmp\ccHzaEXX.s 			page 148


2123:Middlewares/Third_Party/FreeRTOS/Source/tasks.c **** 
 2338              		.loc 1 2123 2 view .LVU637
 2339 0000 024A     		ldr	r2, .L171
 2340 0002 1368     		ldr	r3, [r2]
 2341 0004 0133     		adds	r3, r3, #1
 2342 0006 1360     		str	r3, [r2]
2127:Middlewares/Third_Party/FreeRTOS/Source/tasks.c **** }
 2343              		.loc 1 2127 2 view .LVU638
2128:Middlewares/Third_Party/FreeRTOS/Source/tasks.c **** /*----------------------------------------------------------*/
 2344              		.loc 1 2128 1 is_stmt 0 view .LVU639
 2345 0008 7047     		bx	lr
 2346              	.L172:
 2347 000a 00BF     		.align	2
 2348              	.L171:
 2349 000c 00000000 		.word	uxSchedulerSuspended
 2350              		.cfi_endproc
 2351              	.LFE20:
 2353              		.section	.text.xTaskGetTickCount,"ax",%progbits
 2354              		.align	1
 2355              		.global	xTaskGetTickCount
 2356              		.syntax unified
 2357              		.thumb
 2358              		.thumb_func
 2360              	xTaskGetTickCount:
 2361              	.LFB22:
2305:Middlewares/Third_Party/FreeRTOS/Source/tasks.c **** TickType_t xTicks;
 2362              		.loc 1 2305 1 is_stmt 1 view -0
 2363              		.cfi_startproc
 2364              		@ args = 0, pretend = 0, frame = 0
 2365              		@ frame_needed = 0, uses_anonymous_args = 0
 2366              		@ link register save eliminated.
2306:Middlewares/Third_Party/FreeRTOS/Source/tasks.c **** 
 2367              		.loc 1 2306 1 view .LVU641
2309:Middlewares/Third_Party/FreeRTOS/Source/tasks.c **** 	{
 2368              		.loc 1 2309 32 view .LVU642
2311:Middlewares/Third_Party/FreeRTOS/Source/tasks.c **** 	}
 2369              		.loc 1 2311 3 view .LVU643
2311:Middlewares/Third_Party/FreeRTOS/Source/tasks.c **** 	}
 2370              		.loc 1 2311 10 is_stmt 0 view .LVU644
 2371 0000 014B     		ldr	r3, .L174
 2372 0002 1868     		ldr	r0, [r3]
 2373              	.LVL163:
2313:Middlewares/Third_Party/FreeRTOS/Source/tasks.c **** 
 2374              		.loc 1 2313 31 is_stmt 1 view .LVU645
2315:Middlewares/Third_Party/FreeRTOS/Source/tasks.c **** }
 2375              		.loc 1 2315 2 view .LVU646
2316:Middlewares/Third_Party/FreeRTOS/Source/tasks.c **** /*-----------------------------------------------------------*/
 2376              		.loc 1 2316 1 is_stmt 0 view .LVU647
 2377 0004 7047     		bx	lr
 2378              	.L175:
 2379 0006 00BF     		.align	2
 2380              	.L174:
 2381 0008 00000000 		.word	xTickCount
 2382              		.cfi_endproc
 2383              	.LFE22:
 2385              		.section	.text.xTaskGetTickCountFromISR,"ax",%progbits
 2386              		.align	1
ARM GAS  D:\software\msy64\tmp\ccHzaEXX.s 			page 149


 2387              		.global	xTaskGetTickCountFromISR
 2388              		.syntax unified
 2389              		.thumb
 2390              		.thumb_func
 2392              	xTaskGetTickCountFromISR:
 2393              	.LFB23:
2320:Middlewares/Third_Party/FreeRTOS/Source/tasks.c **** TickType_t xReturn;
 2394              		.loc 1 2320 1 is_stmt 1 view -0
 2395              		.cfi_startproc
 2396              		@ args = 0, pretend = 0, frame = 0
 2397              		@ frame_needed = 0, uses_anonymous_args = 0
 2398 0000 08B5     		push	{r3, lr}
 2399              	.LCFI24:
 2400              		.cfi_def_cfa_offset 8
 2401              		.cfi_offset 3, -8
 2402              		.cfi_offset 14, -4
2321:Middlewares/Third_Party/FreeRTOS/Source/tasks.c **** UBaseType_t uxSavedInterruptStatus;
 2403              		.loc 1 2321 1 view .LVU649
2322:Middlewares/Third_Party/FreeRTOS/Source/tasks.c **** 
 2404              		.loc 1 2322 1 view .LVU650
2338:Middlewares/Third_Party/FreeRTOS/Source/tasks.c **** 
 2405              		.loc 1 2338 2 view .LVU651
 2406 0002 FFF7FEFF 		bl	vPortValidateInterruptPriority
 2407              	.LVL164:
2340:Middlewares/Third_Party/FreeRTOS/Source/tasks.c **** 	{
 2408              		.loc 1 2340 2 view .LVU652
2342:Middlewares/Third_Party/FreeRTOS/Source/tasks.c **** 	}
 2409              		.loc 1 2342 3 view .LVU653
2342:Middlewares/Third_Party/FreeRTOS/Source/tasks.c **** 	}
 2410              		.loc 1 2342 11 is_stmt 0 view .LVU654
 2411 0006 014B     		ldr	r3, .L178
 2412 0008 1868     		ldr	r0, [r3]
 2413              	.LVL165:
2344:Middlewares/Third_Party/FreeRTOS/Source/tasks.c **** 
 2414              		.loc 1 2344 2 is_stmt 1 view .LVU655
2346:Middlewares/Third_Party/FreeRTOS/Source/tasks.c **** }
 2415              		.loc 1 2346 2 view .LVU656
2347:Middlewares/Third_Party/FreeRTOS/Source/tasks.c **** /*-----------------------------------------------------------*/
 2416              		.loc 1 2347 1 is_stmt 0 view .LVU657
 2417 000a 08BD     		pop	{r3, pc}
 2418              	.L179:
 2419              		.align	2
 2420              	.L178:
 2421 000c 00000000 		.word	xTickCount
 2422              		.cfi_endproc
 2423              	.LFE23:
 2425              		.section	.text.uxTaskGetNumberOfTasks,"ax",%progbits
 2426              		.align	1
 2427              		.global	uxTaskGetNumberOfTasks
 2428              		.syntax unified
 2429              		.thumb
 2430              		.thumb_func
 2432              	uxTaskGetNumberOfTasks:
 2433              	.LFB24:
2351:Middlewares/Third_Party/FreeRTOS/Source/tasks.c **** 	/* A critical section is not required because the variables are of type
 2434              		.loc 1 2351 1 is_stmt 1 view -0
 2435              		.cfi_startproc
ARM GAS  D:\software\msy64\tmp\ccHzaEXX.s 			page 150


 2436              		@ args = 0, pretend = 0, frame = 0
 2437              		@ frame_needed = 0, uses_anonymous_args = 0
 2438              		@ link register save eliminated.
2354:Middlewares/Third_Party/FreeRTOS/Source/tasks.c **** }
 2439              		.loc 1 2354 2 view .LVU659
2354:Middlewares/Third_Party/FreeRTOS/Source/tasks.c **** }
 2440              		.loc 1 2354 9 is_stmt 0 view .LVU660
 2441 0000 014B     		ldr	r3, .L181
 2442 0002 1868     		ldr	r0, [r3]
2355:Middlewares/Third_Party/FreeRTOS/Source/tasks.c **** /*-----------------------------------------------------------*/
 2443              		.loc 1 2355 1 view .LVU661
 2444 0004 7047     		bx	lr
 2445              	.L182:
 2446 0006 00BF     		.align	2
 2447              	.L181:
 2448 0008 00000000 		.word	uxCurrentNumberOfTasks
 2449              		.cfi_endproc
 2450              	.LFE24:
 2452              		.section	.text.pcTaskGetName,"ax",%progbits
 2453              		.align	1
 2454              		.global	pcTaskGetName
 2455              		.syntax unified
 2456              		.thumb
 2457              		.thumb_func
 2459              	pcTaskGetName:
 2460              	.LVL166:
 2461              	.LFB25:
2359:Middlewares/Third_Party/FreeRTOS/Source/tasks.c **** TCB_t *pxTCB;
 2462              		.loc 1 2359 1 is_stmt 1 view -0
 2463              		.cfi_startproc
 2464              		@ args = 0, pretend = 0, frame = 0
 2465              		@ frame_needed = 0, uses_anonymous_args = 0
 2466              		@ link register save eliminated.
2360:Middlewares/Third_Party/FreeRTOS/Source/tasks.c **** 
 2467              		.loc 1 2360 1 view .LVU663
2364:Middlewares/Third_Party/FreeRTOS/Source/tasks.c **** 	configASSERT( pxTCB );
 2468              		.loc 1 2364 2 view .LVU664
2364:Middlewares/Third_Party/FreeRTOS/Source/tasks.c **** 	configASSERT( pxTCB );
 2469              		.loc 1 2364 10 is_stmt 0 view .LVU665
 2470 0000 0346     		mov	r3, r0
 2471 0002 10B1     		cbz	r0, .L186
 2472              	.LVL167:
 2473              	.L184:
2365:Middlewares/Third_Party/FreeRTOS/Source/tasks.c **** 	return &( pxTCB->pcTaskName[ 0 ] );
 2474              		.loc 1 2365 23 is_stmt 1 discriminator 2 view .LVU666
2366:Middlewares/Third_Party/FreeRTOS/Source/tasks.c **** }
 2475              		.loc 1 2366 2 view .LVU667
2367:Middlewares/Third_Party/FreeRTOS/Source/tasks.c **** /*-----------------------------------------------------------*/
 2476              		.loc 1 2367 1 is_stmt 0 view .LVU668
 2477 0004 03F13400 		add	r0, r3, #52
 2478 0008 7047     		bx	lr
 2479              	.LVL168:
 2480              	.L186:
2364:Middlewares/Third_Party/FreeRTOS/Source/tasks.c **** 	configASSERT( pxTCB );
 2481              		.loc 1 2364 10 discriminator 1 view .LVU669
 2482 000a 064B     		ldr	r3, .L187
 2483 000c 1B68     		ldr	r3, [r3]
ARM GAS  D:\software\msy64\tmp\ccHzaEXX.s 			page 151


 2484              	.LVL169:
2365:Middlewares/Third_Party/FreeRTOS/Source/tasks.c **** 	return &( pxTCB->pcTaskName[ 0 ] );
 2485              		.loc 1 2365 2 is_stmt 1 view .LVU670
 2486 000e 002B     		cmp	r3, #0
 2487 0010 F8D1     		bne	.L184
2365:Middlewares/Third_Party/FreeRTOS/Source/tasks.c **** 	return &( pxTCB->pcTaskName[ 0 ] );
 2488              		.loc 1 2365 2 discriminator 1 view .LVU671
 2489              	.LBB147:
 2490              	.LBI147:
 193:Middlewares/Third_Party/FreeRTOS/Source/portable/GCC/ARM_CM3/portmacro.h **** {
 2491              		.loc 2 193 30 view .LVU672
 2492              	.LBB148:
 195:Middlewares/Third_Party/FreeRTOS/Source/portable/GCC/ARM_CM3/portmacro.h **** 
 2493              		.loc 2 195 1 view .LVU673
 197:Middlewares/Third_Party/FreeRTOS/Source/portable/GCC/ARM_CM3/portmacro.h **** 	(
 2494              		.loc 2 197 2 view .LVU674
 2495              		.syntax unified
 2496              	@ 197 "Middlewares/Third_Party/FreeRTOS/Source/portable/GCC/ARM_CM3/portmacro.h" 1
 2497 0012 4FF05003 			mov r3, #80												
 2498 0016 83F31188 		msr basepri, r3											
 2499 001a BFF36F8F 		isb														
 2500 001e BFF34F8F 		dsb														
 2501              	
 2502              	@ 0 "" 2
 2503              	.LVL170:
 2504              		.thumb
 2505              		.syntax unified
 2506              	.L185:
 197:Middlewares/Third_Party/FreeRTOS/Source/portable/GCC/ARM_CM3/portmacro.h **** 	(
 2507              		.loc 2 197 2 is_stmt 0 view .LVU675
 2508              	.LBE148:
 2509              	.LBE147:
2365:Middlewares/Third_Party/FreeRTOS/Source/tasks.c **** 	return &( pxTCB->pcTaskName[ 0 ] );
 2510              		.loc 1 2365 2 is_stmt 1 discriminator 3 view .LVU676
2365:Middlewares/Third_Party/FreeRTOS/Source/tasks.c **** 	return &( pxTCB->pcTaskName[ 0 ] );
 2511              		.loc 1 2365 2 discriminator 3 view .LVU677
 2512 0022 FEE7     		b	.L185
 2513              	.L188:
 2514              		.align	2
 2515              	.L187:
 2516 0024 00000000 		.word	pxCurrentTCB
 2517              		.cfi_endproc
 2518              	.LFE25:
 2520              		.section	.text.xTaskIncrementTick,"ax",%progbits
 2521              		.align	1
 2522              		.global	xTaskIncrementTick
 2523              		.syntax unified
 2524              		.thumb
 2525              		.thumb_func
 2527              	xTaskIncrementTick:
 2528              	.LFB27:
2708:Middlewares/Third_Party/FreeRTOS/Source/tasks.c **** TCB_t * pxTCB;
 2529              		.loc 1 2708 1 view -0
 2530              		.cfi_startproc
 2531              		@ args = 0, pretend = 0, frame = 0
 2532              		@ frame_needed = 0, uses_anonymous_args = 0
 2533 0000 F8B5     		push	{r3, r4, r5, r6, r7, lr}
ARM GAS  D:\software\msy64\tmp\ccHzaEXX.s 			page 152


 2534              	.LCFI25:
 2535              		.cfi_def_cfa_offset 24
 2536              		.cfi_offset 3, -24
 2537              		.cfi_offset 4, -20
 2538              		.cfi_offset 5, -16
 2539              		.cfi_offset 6, -12
 2540              		.cfi_offset 7, -8
 2541              		.cfi_offset 14, -4
2709:Middlewares/Third_Party/FreeRTOS/Source/tasks.c **** TickType_t xItemValue;
 2542              		.loc 1 2709 1 view .LVU679
2710:Middlewares/Third_Party/FreeRTOS/Source/tasks.c **** BaseType_t xSwitchRequired = pdFALSE;
 2543              		.loc 1 2710 1 view .LVU680
2711:Middlewares/Third_Party/FreeRTOS/Source/tasks.c **** 
 2544              		.loc 1 2711 1 view .LVU681
 2545              	.LVL171:
2716:Middlewares/Third_Party/FreeRTOS/Source/tasks.c **** 	if( uxSchedulerSuspended == ( UBaseType_t ) pdFALSE )
 2546              		.loc 1 2716 40 view .LVU682
2717:Middlewares/Third_Party/FreeRTOS/Source/tasks.c **** 	{
 2547              		.loc 1 2717 2 view .LVU683
2717:Middlewares/Third_Party/FreeRTOS/Source/tasks.c **** 	{
 2548              		.loc 1 2717 27 is_stmt 0 view .LVU684
 2549 0002 3A4B     		ldr	r3, .L210
 2550 0004 1B68     		ldr	r3, [r3]
2717:Middlewares/Third_Party/FreeRTOS/Source/tasks.c **** 	{
 2551              		.loc 1 2717 4 view .LVU685
 2552 0006 002B     		cmp	r3, #0
 2553 0008 69D1     		bne	.L190
 2554              	.LBB149:
2721:Middlewares/Third_Party/FreeRTOS/Source/tasks.c **** 
 2555              		.loc 1 2721 3 is_stmt 1 view .LVU686
2721:Middlewares/Third_Party/FreeRTOS/Source/tasks.c **** 
 2556              		.loc 1 2721 49 is_stmt 0 view .LVU687
 2557 000a 394B     		ldr	r3, .L210+4
 2558 000c 1D68     		ldr	r5, [r3]
2721:Middlewares/Third_Party/FreeRTOS/Source/tasks.c **** 
 2559              		.loc 1 2721 20 view .LVU688
 2560 000e 0135     		adds	r5, r5, #1
 2561              	.LVL172:
2725:Middlewares/Third_Party/FreeRTOS/Source/tasks.c **** 
 2562              		.loc 1 2725 3 is_stmt 1 view .LVU689
2725:Middlewares/Third_Party/FreeRTOS/Source/tasks.c **** 
 2563              		.loc 1 2725 14 is_stmt 0 view .LVU690
 2564 0010 1D60     		str	r5, [r3]
2727:Middlewares/Third_Party/FreeRTOS/Source/tasks.c **** 		{
 2565              		.loc 1 2727 3 is_stmt 1 view .LVU691
2727:Middlewares/Third_Party/FreeRTOS/Source/tasks.c **** 		{
 2566              		.loc 1 2727 5 is_stmt 0 view .LVU692
 2567 0012 C5B9     		cbnz	r5, .L191
 2568              	.LBB150:
2729:Middlewares/Third_Party/FreeRTOS/Source/tasks.c **** 		}
 2569              		.loc 1 2729 4 is_stmt 1 view .LVU693
2729:Middlewares/Third_Party/FreeRTOS/Source/tasks.c **** 		}
 2570              		.loc 1 2729 4 view .LVU694
 2571 0014 374B     		ldr	r3, .L210+8
 2572 0016 1B68     		ldr	r3, [r3]
 2573 0018 1B68     		ldr	r3, [r3]
 2574 001a 43B1     		cbz	r3, .L192
ARM GAS  D:\software\msy64\tmp\ccHzaEXX.s 			page 153


2729:Middlewares/Third_Party/FreeRTOS/Source/tasks.c **** 		}
 2575              		.loc 1 2729 4 discriminator 1 view .LVU695
 2576              	.LBB151:
 2577              	.LBI151:
 193:Middlewares/Third_Party/FreeRTOS/Source/portable/GCC/ARM_CM3/portmacro.h **** {
 2578              		.loc 2 193 30 view .LVU696
 2579              	.LBB152:
 195:Middlewares/Third_Party/FreeRTOS/Source/portable/GCC/ARM_CM3/portmacro.h **** 
 2580              		.loc 2 195 1 view .LVU697
 197:Middlewares/Third_Party/FreeRTOS/Source/portable/GCC/ARM_CM3/portmacro.h **** 	(
 2581              		.loc 2 197 2 view .LVU698
 2582              		.syntax unified
 2583              	@ 197 "Middlewares/Third_Party/FreeRTOS/Source/portable/GCC/ARM_CM3/portmacro.h" 1
 2584 001c 4FF05003 			mov r3, #80												
 2585 0020 83F31188 		msr basepri, r3											
 2586 0024 BFF36F8F 		isb														
 2587 0028 BFF34F8F 		dsb														
 2588              	
 2589              	@ 0 "" 2
 2590              		.thumb
 2591              		.syntax unified
 2592              	.L193:
 2593              	.LBE152:
 2594              	.LBE151:
2729:Middlewares/Third_Party/FreeRTOS/Source/tasks.c **** 		}
 2595              		.loc 1 2729 4 discriminator 3 view .LVU699
2729:Middlewares/Third_Party/FreeRTOS/Source/tasks.c **** 		}
 2596              		.loc 1 2729 4 discriminator 3 view .LVU700
 2597 002c FEE7     		b	.L193
 2598              	.L192:
2729:Middlewares/Third_Party/FreeRTOS/Source/tasks.c **** 		}
 2599              		.loc 1 2729 4 discriminator 2 view .LVU701
2729:Middlewares/Third_Party/FreeRTOS/Source/tasks.c **** 		}
 2600              		.loc 1 2729 4 discriminator 2 view .LVU702
 2601 002e 314A     		ldr	r2, .L210+8
 2602 0030 1168     		ldr	r1, [r2]
 2603              	.LVL173:
2729:Middlewares/Third_Party/FreeRTOS/Source/tasks.c **** 		}
 2604              		.loc 1 2729 4 discriminator 2 view .LVU703
 2605 0032 314B     		ldr	r3, .L210+12
 2606 0034 1868     		ldr	r0, [r3]
 2607 0036 1060     		str	r0, [r2]
2729:Middlewares/Third_Party/FreeRTOS/Source/tasks.c **** 		}
 2608              		.loc 1 2729 4 discriminator 2 view .LVU704
 2609 0038 1960     		str	r1, [r3]
2729:Middlewares/Third_Party/FreeRTOS/Source/tasks.c **** 		}
 2610              		.loc 1 2729 4 discriminator 2 view .LVU705
 2611 003a 304A     		ldr	r2, .L210+16
 2612 003c 1368     		ldr	r3, [r2]
 2613 003e 0133     		adds	r3, r3, #1
 2614 0040 1360     		str	r3, [r2]
2729:Middlewares/Third_Party/FreeRTOS/Source/tasks.c **** 		}
 2615              		.loc 1 2729 4 discriminator 2 view .LVU706
 2616 0042 FFF7FEFF 		bl	prvResetNextTaskUnblockTime
 2617              	.LVL174:
2729:Middlewares/Third_Party/FreeRTOS/Source/tasks.c **** 		}
 2618              		.loc 1 2729 4 is_stmt 0 discriminator 2 view .LVU707
ARM GAS  D:\software\msy64\tmp\ccHzaEXX.s 			page 154


 2619              	.LBE150:
2729:Middlewares/Third_Party/FreeRTOS/Source/tasks.c **** 		}
 2620              		.loc 1 2729 30 is_stmt 1 discriminator 1 view .LVU708
 2621              	.L191:
2733:Middlewares/Third_Party/FreeRTOS/Source/tasks.c **** 		}
 2622              		.loc 1 2733 28 view .LVU709
2740:Middlewares/Third_Party/FreeRTOS/Source/tasks.c **** 		{
 2623              		.loc 1 2740 3 view .LVU710
2740:Middlewares/Third_Party/FreeRTOS/Source/tasks.c **** 		{
 2624              		.loc 1 2740 23 is_stmt 0 view .LVU711
 2625 0046 2E4B     		ldr	r3, .L210+20
 2626 0048 1B68     		ldr	r3, [r3]
2740:Middlewares/Third_Party/FreeRTOS/Source/tasks.c **** 		{
 2627              		.loc 1 2740 5 view .LVU712
 2628 004a AB42     		cmp	r3, r5
 2629 004c 3DD9     		bls	.L203
 2630              	.LBE149:
2711:Middlewares/Third_Party/FreeRTOS/Source/tasks.c **** 
 2631              		.loc 1 2711 12 view .LVU713
 2632 004e 0027     		movs	r7, #0
 2633              	.LVL175:
 2634              	.L195:
 2635              	.LBB153:
2823:Middlewares/Third_Party/FreeRTOS/Source/tasks.c **** 			{
 2636              		.loc 1 2823 4 is_stmt 1 view .LVU714
2823:Middlewares/Third_Party/FreeRTOS/Source/tasks.c **** 			{
 2637              		.loc 1 2823 8 is_stmt 0 view .LVU715
 2638 0050 2C4B     		ldr	r3, .L210+24
 2639 0052 1B68     		ldr	r3, [r3]
 2640 0054 DB6A     		ldr	r3, [r3, #44]
 2641 0056 03EB8303 		add	r3, r3, r3, lsl #2
 2642 005a 9A00     		lsls	r2, r3, #2
 2643 005c 2A4B     		ldr	r3, .L210+28
 2644 005e 9B58     		ldr	r3, [r3, r2]
2823:Middlewares/Third_Party/FreeRTOS/Source/tasks.c **** 			{
 2645              		.loc 1 2823 6 view .LVU716
 2646 0060 012B     		cmp	r3, #1
 2647 0062 00D9     		bls	.L201
2825:Middlewares/Third_Party/FreeRTOS/Source/tasks.c **** 			}
 2648              		.loc 1 2825 21 view .LVU717
 2649 0064 0127     		movs	r7, #1
 2650              	.LVL176:
 2651              	.L201:
2829:Middlewares/Third_Party/FreeRTOS/Source/tasks.c **** 			}
 2652              		.loc 1 2829 29 is_stmt 1 view .LVU718
2851:Middlewares/Third_Party/FreeRTOS/Source/tasks.c **** 			{
 2653              		.loc 1 2851 4 view .LVU719
2851:Middlewares/Third_Party/FreeRTOS/Source/tasks.c **** 			{
 2654              		.loc 1 2851 22 is_stmt 0 view .LVU720
 2655 0066 294B     		ldr	r3, .L210+32
 2656 0068 1B68     		ldr	r3, [r3]
2851:Middlewares/Third_Party/FreeRTOS/Source/tasks.c **** 			{
 2657              		.loc 1 2851 6 view .LVU721
 2658 006a 002B     		cmp	r3, #0
 2659 006c 3CD0     		beq	.L189
2853:Middlewares/Third_Party/FreeRTOS/Source/tasks.c **** 			}
 2660              		.loc 1 2853 21 view .LVU722
ARM GAS  D:\software\msy64\tmp\ccHzaEXX.s 			page 155


 2661 006e 0127     		movs	r7, #1
 2662              	.LVL177:
2853:Middlewares/Third_Party/FreeRTOS/Source/tasks.c **** 			}
 2663              		.loc 1 2853 21 view .LVU723
 2664              	.LBE153:
2875:Middlewares/Third_Party/FreeRTOS/Source/tasks.c **** }
 2665              		.loc 1 2875 2 is_stmt 1 view .LVU724
2875:Middlewares/Third_Party/FreeRTOS/Source/tasks.c **** }
 2666              		.loc 1 2875 9 is_stmt 0 view .LVU725
 2667 0070 3AE0     		b	.L189
 2668              	.LVL178:
 2669              	.L204:
 2670              	.LBB154:
2806:Middlewares/Third_Party/FreeRTOS/Source/tasks.c **** 						}
 2671              		.loc 1 2806 24 view .LVU726
 2672 0072 0127     		movs	r7, #1
 2673              	.LVL179:
 2674              	.L194:
2742:Middlewares/Third_Party/FreeRTOS/Source/tasks.c **** 			{
 2675              		.loc 1 2742 4 is_stmt 1 view .LVU727
2744:Middlewares/Third_Party/FreeRTOS/Source/tasks.c **** 				{
 2676              		.loc 1 2744 5 view .LVU728
2744:Middlewares/Third_Party/FreeRTOS/Source/tasks.c **** 				{
 2677              		.loc 1 2744 9 is_stmt 0 view .LVU729
 2678 0074 1F4B     		ldr	r3, .L210+8
 2679 0076 1B68     		ldr	r3, [r3]
 2680 0078 1B68     		ldr	r3, [r3]
2744:Middlewares/Third_Party/FreeRTOS/Source/tasks.c **** 				{
 2681              		.loc 1 2744 7 view .LVU730
 2682 007a 43B3     		cbz	r3, .L208
2760:Middlewares/Third_Party/FreeRTOS/Source/tasks.c **** 					xItemValue = listGET_LIST_ITEM_VALUE( &( pxTCB->xStateListItem ) );
 2683              		.loc 1 2760 6 is_stmt 1 view .LVU731
2760:Middlewares/Third_Party/FreeRTOS/Source/tasks.c **** 					xItemValue = listGET_LIST_ITEM_VALUE( &( pxTCB->xStateListItem ) );
 2684              		.loc 1 2760 14 is_stmt 0 view .LVU732
 2685 007c 1D4B     		ldr	r3, .L210+8
 2686 007e 1B68     		ldr	r3, [r3]
 2687 0080 DB68     		ldr	r3, [r3, #12]
2760:Middlewares/Third_Party/FreeRTOS/Source/tasks.c **** 					xItemValue = listGET_LIST_ITEM_VALUE( &( pxTCB->xStateListItem ) );
 2688              		.loc 1 2760 12 view .LVU733
 2689 0082 DC68     		ldr	r4, [r3, #12]
 2690              	.LVL180:
2761:Middlewares/Third_Party/FreeRTOS/Source/tasks.c **** 
 2691              		.loc 1 2761 6 is_stmt 1 view .LVU734
2761:Middlewares/Third_Party/FreeRTOS/Source/tasks.c **** 
 2692              		.loc 1 2761 17 is_stmt 0 view .LVU735
 2693 0084 6368     		ldr	r3, [r4, #4]
 2694              	.LVL181:
2763:Middlewares/Third_Party/FreeRTOS/Source/tasks.c **** 					{
 2695              		.loc 1 2763 6 is_stmt 1 view .LVU736
2763:Middlewares/Third_Party/FreeRTOS/Source/tasks.c **** 					{
 2696              		.loc 1 2763 8 is_stmt 0 view .LVU737
 2697 0086 9D42     		cmp	r5, r3
 2698 0088 26D3     		bcc	.L209
2775:Middlewares/Third_Party/FreeRTOS/Source/tasks.c **** 					}
 2699              		.loc 1 2775 31 is_stmt 1 view .LVU738
2779:Middlewares/Third_Party/FreeRTOS/Source/tasks.c **** 
 2700              		.loc 1 2779 6 view .LVU739
ARM GAS  D:\software\msy64\tmp\ccHzaEXX.s 			page 156


2779:Middlewares/Third_Party/FreeRTOS/Source/tasks.c **** 
 2701              		.loc 1 2779 15 is_stmt 0 view .LVU740
 2702 008a 261D     		adds	r6, r4, #4
 2703 008c 3046     		mov	r0, r6
 2704 008e FFF7FEFF 		bl	uxListRemove
 2705              	.LVL182:
2783:Middlewares/Third_Party/FreeRTOS/Source/tasks.c **** 					{
 2706              		.loc 1 2783 6 is_stmt 1 view .LVU741
2783:Middlewares/Third_Party/FreeRTOS/Source/tasks.c **** 					{
 2707              		.loc 1 2783 10 is_stmt 0 view .LVU742
 2708 0092 A36A     		ldr	r3, [r4, #40]
2783:Middlewares/Third_Party/FreeRTOS/Source/tasks.c **** 					{
 2709              		.loc 1 2783 8 view .LVU743
 2710 0094 1BB1     		cbz	r3, .L198
2785:Middlewares/Third_Party/FreeRTOS/Source/tasks.c **** 					}
 2711              		.loc 1 2785 7 is_stmt 1 view .LVU744
2785:Middlewares/Third_Party/FreeRTOS/Source/tasks.c **** 					}
 2712              		.loc 1 2785 16 is_stmt 0 view .LVU745
 2713 0096 04F11800 		add	r0, r4, #24
 2714 009a FFF7FEFF 		bl	uxListRemove
 2715              	.LVL183:
 2716              	.L198:
2789:Middlewares/Third_Party/FreeRTOS/Source/tasks.c **** 					}
 2717              		.loc 1 2789 31 is_stmt 1 view .LVU746
2794:Middlewares/Third_Party/FreeRTOS/Source/tasks.c **** 
 2718              		.loc 1 2794 6 view .LVU747
2794:Middlewares/Third_Party/FreeRTOS/Source/tasks.c **** 
 2719              		.loc 1 2794 6 view .LVU748
 2720 009e E36A     		ldr	r3, [r4, #44]
 2721 00a0 0122     		movs	r2, #1
 2722 00a2 9A40     		lsls	r2, r2, r3
 2723 00a4 1A49     		ldr	r1, .L210+36
 2724 00a6 0868     		ldr	r0, [r1]
 2725 00a8 0243     		orrs	r2, r2, r0
 2726 00aa 0A60     		str	r2, [r1]
2794:Middlewares/Third_Party/FreeRTOS/Source/tasks.c **** 
 2727              		.loc 1 2794 6 view .LVU749
 2728 00ac 03EB8303 		add	r3, r3, r3, lsl #2
 2729 00b0 9A00     		lsls	r2, r3, #2
 2730 00b2 3146     		mov	r1, r6
 2731 00b4 1448     		ldr	r0, .L210+28
 2732 00b6 1044     		add	r0, r0, r2
 2733 00b8 FFF7FEFF 		bl	vListInsertEnd
 2734              	.LVL184:
2794:Middlewares/Third_Party/FreeRTOS/Source/tasks.c **** 
 2735              		.loc 1 2794 36 discriminator 1 view .LVU750
2804:Middlewares/Third_Party/FreeRTOS/Source/tasks.c **** 						{
 2736              		.loc 1 2804 7 view .LVU751
2804:Middlewares/Third_Party/FreeRTOS/Source/tasks.c **** 						{
 2737              		.loc 1 2804 16 is_stmt 0 view .LVU752
 2738 00bc E26A     		ldr	r2, [r4, #44]
2804:Middlewares/Third_Party/FreeRTOS/Source/tasks.c **** 						{
 2739              		.loc 1 2804 44 view .LVU753
 2740 00be 114B     		ldr	r3, .L210+24
 2741 00c0 1B68     		ldr	r3, [r3]
 2742 00c2 DB6A     		ldr	r3, [r3, #44]
2804:Middlewares/Third_Party/FreeRTOS/Source/tasks.c **** 						{
ARM GAS  D:\software\msy64\tmp\ccHzaEXX.s 			page 157


 2743              		.loc 1 2804 9 view .LVU754
 2744 00c4 9A42     		cmp	r2, r3
 2745 00c6 D4D2     		bcs	.L204
 2746 00c8 D4E7     		b	.L194
 2747              	.LVL185:
 2748              	.L203:
2804:Middlewares/Third_Party/FreeRTOS/Source/tasks.c **** 						{
 2749              		.loc 1 2804 9 view .LVU755
 2750              	.LBE154:
2711:Middlewares/Third_Party/FreeRTOS/Source/tasks.c **** 
 2751              		.loc 1 2711 12 view .LVU756
 2752 00ca 0027     		movs	r7, #0
 2753 00cc D2E7     		b	.L194
 2754              	.LVL186:
 2755              	.L208:
 2756              	.LBB155:
2751:Middlewares/Third_Party/FreeRTOS/Source/tasks.c **** 					break;
 2757              		.loc 1 2751 6 is_stmt 1 view .LVU757
2751:Middlewares/Third_Party/FreeRTOS/Source/tasks.c **** 					break;
 2758              		.loc 1 2751 27 is_stmt 0 view .LVU758
 2759 00ce 0C4B     		ldr	r3, .L210+20
 2760 00d0 4FF0FF32 		mov	r2, #-1
 2761 00d4 1A60     		str	r2, [r3]
2752:Middlewares/Third_Party/FreeRTOS/Source/tasks.c **** 				}
 2762              		.loc 1 2752 6 is_stmt 1 view .LVU759
 2763 00d6 BBE7     		b	.L195
 2764              	.LVL187:
 2765              	.L209:
2770:Middlewares/Third_Party/FreeRTOS/Source/tasks.c **** 						break; /*lint !e9011 Code structure here is deedmed easier to understand with multiple breaks
 2766              		.loc 1 2770 7 view .LVU760
2770:Middlewares/Third_Party/FreeRTOS/Source/tasks.c **** 						break; /*lint !e9011 Code structure here is deedmed easier to understand with multiple breaks
 2767              		.loc 1 2770 28 is_stmt 0 view .LVU761
 2768 00d8 094A     		ldr	r2, .L210+20
 2769 00da 1360     		str	r3, [r2]
2771:Middlewares/Third_Party/FreeRTOS/Source/tasks.c **** 					}
 2770              		.loc 1 2771 7 is_stmt 1 view .LVU762
 2771 00dc B8E7     		b	.L195
 2772              	.LVL188:
 2773              	.L190:
2771:Middlewares/Third_Party/FreeRTOS/Source/tasks.c **** 					}
 2774              		.loc 1 2771 7 is_stmt 0 view .LVU763
 2775              	.LBE155:
2864:Middlewares/Third_Party/FreeRTOS/Source/tasks.c **** 
 2776              		.loc 1 2864 3 is_stmt 1 view .LVU764
 2777 00de 0D4A     		ldr	r2, .L210+40
 2778 00e0 1368     		ldr	r3, [r2]
 2779 00e2 0133     		adds	r3, r3, #1
 2780 00e4 1360     		str	r3, [r2]
2711:Middlewares/Third_Party/FreeRTOS/Source/tasks.c **** 
 2781              		.loc 1 2711 12 is_stmt 0 view .LVU765
 2782 00e6 0027     		movs	r7, #0
 2783              	.LVL189:
 2784              	.L189:
2876:Middlewares/Third_Party/FreeRTOS/Source/tasks.c **** /*-----------------------------------------------------------*/
 2785              		.loc 1 2876 1 view .LVU766
 2786 00e8 3846     		mov	r0, r7
 2787 00ea F8BD     		pop	{r3, r4, r5, r6, r7, pc}
ARM GAS  D:\software\msy64\tmp\ccHzaEXX.s 			page 158


 2788              	.L211:
 2789              		.align	2
 2790              	.L210:
 2791 00ec 00000000 		.word	uxSchedulerSuspended
 2792 00f0 00000000 		.word	xTickCount
 2793 00f4 00000000 		.word	pxDelayedTaskList
 2794 00f8 00000000 		.word	pxOverflowDelayedTaskList
 2795 00fc 00000000 		.word	xNumOfOverflows
 2796 0100 00000000 		.word	xNextTaskUnblockTime
 2797 0104 00000000 		.word	pxCurrentTCB
 2798 0108 00000000 		.word	pxReadyTasksLists
 2799 010c 00000000 		.word	xYieldPending
 2800 0110 00000000 		.word	uxTopReadyPriority
 2801 0114 00000000 		.word	xPendedTicks
 2802              		.cfi_endproc
 2803              	.LFE27:
 2805              		.section	.text.xTaskResumeAll,"ax",%progbits
 2806              		.align	1
 2807              		.global	xTaskResumeAll
 2808              		.syntax unified
 2809              		.thumb
 2810              		.thumb_func
 2812              	xTaskResumeAll:
 2813              	.LFB21:
2195:Middlewares/Third_Party/FreeRTOS/Source/tasks.c **** TCB_t *pxTCB = NULL;
 2814              		.loc 1 2195 1 is_stmt 1 view -0
 2815              		.cfi_startproc
 2816              		@ args = 0, pretend = 0, frame = 0
 2817              		@ frame_needed = 0, uses_anonymous_args = 0
 2818 0000 38B5     		push	{r3, r4, r5, lr}
 2819              	.LCFI26:
 2820              		.cfi_def_cfa_offset 16
 2821              		.cfi_offset 3, -16
 2822              		.cfi_offset 4, -12
 2823              		.cfi_offset 5, -8
 2824              		.cfi_offset 14, -4
2196:Middlewares/Third_Party/FreeRTOS/Source/tasks.c **** BaseType_t xAlreadyYielded = pdFALSE;
 2825              		.loc 1 2196 1 view .LVU768
 2826              	.LVL190:
2197:Middlewares/Third_Party/FreeRTOS/Source/tasks.c **** 
 2827              		.loc 1 2197 1 view .LVU769
2201:Middlewares/Third_Party/FreeRTOS/Source/tasks.c **** 
 2828              		.loc 1 2201 2 view .LVU770
 2829 0002 354B     		ldr	r3, .L228
 2830 0004 1B68     		ldr	r3, [r3]
 2831 0006 43B9     		cbnz	r3, .L213
2201:Middlewares/Third_Party/FreeRTOS/Source/tasks.c **** 
 2832              		.loc 1 2201 2 discriminator 1 view .LVU771
 2833              	.LBB156:
 2834              	.LBI156:
 193:Middlewares/Third_Party/FreeRTOS/Source/portable/GCC/ARM_CM3/portmacro.h **** {
 2835              		.loc 2 193 30 view .LVU772
 2836              	.LBB157:
 195:Middlewares/Third_Party/FreeRTOS/Source/portable/GCC/ARM_CM3/portmacro.h **** 
 2837              		.loc 2 195 1 view .LVU773
 197:Middlewares/Third_Party/FreeRTOS/Source/portable/GCC/ARM_CM3/portmacro.h **** 	(
 2838              		.loc 2 197 2 view .LVU774
ARM GAS  D:\software\msy64\tmp\ccHzaEXX.s 			page 159


 2839              		.syntax unified
 2840              	@ 197 "Middlewares/Third_Party/FreeRTOS/Source/portable/GCC/ARM_CM3/portmacro.h" 1
 2841 0008 4FF05003 			mov r3, #80												
 2842 000c 83F31188 		msr basepri, r3											
 2843 0010 BFF36F8F 		isb														
 2844 0014 BFF34F8F 		dsb														
 2845              	
 2846              	@ 0 "" 2
 2847              		.thumb
 2848              		.syntax unified
 2849              	.L214:
 2850              	.LBE157:
 2851              	.LBE156:
2201:Middlewares/Third_Party/FreeRTOS/Source/tasks.c **** 
 2852              		.loc 1 2201 2 discriminator 3 view .LVU775
2201:Middlewares/Third_Party/FreeRTOS/Source/tasks.c **** 
 2853              		.loc 1 2201 2 discriminator 3 view .LVU776
 2854 0018 FEE7     		b	.L214
 2855              	.L213:
2201:Middlewares/Third_Party/FreeRTOS/Source/tasks.c **** 
 2856              		.loc 1 2201 38 discriminator 2 view .LVU777
2208:Middlewares/Third_Party/FreeRTOS/Source/tasks.c **** 	{
 2857              		.loc 1 2208 2 view .LVU778
 2858 001a FFF7FEFF 		bl	vPortEnterCritical
 2859              	.LVL191:
2210:Middlewares/Third_Party/FreeRTOS/Source/tasks.c **** 
 2860              		.loc 1 2210 3 view .LVU779
 2861 001e 2E4B     		ldr	r3, .L228
 2862 0020 1A68     		ldr	r2, [r3]
 2863 0022 013A     		subs	r2, r2, #1
 2864 0024 1A60     		str	r2, [r3]
2212:Middlewares/Third_Party/FreeRTOS/Source/tasks.c **** 		{
 2865              		.loc 1 2212 3 view .LVU780
2212:Middlewares/Third_Party/FreeRTOS/Source/tasks.c **** 		{
 2866              		.loc 1 2212 28 is_stmt 0 view .LVU781
 2867 0026 1B68     		ldr	r3, [r3]
2212:Middlewares/Third_Party/FreeRTOS/Source/tasks.c **** 		{
 2868              		.loc 1 2212 5 view .LVU782
 2869 0028 002B     		cmp	r3, #0
 2870 002a 4FD1     		bne	.L223
2214:Middlewares/Third_Party/FreeRTOS/Source/tasks.c **** 			{
 2871              		.loc 1 2214 4 is_stmt 1 view .LVU783
2214:Middlewares/Third_Party/FreeRTOS/Source/tasks.c **** 			{
 2872              		.loc 1 2214 31 is_stmt 0 view .LVU784
 2873 002c 2B4B     		ldr	r3, .L228+4
 2874 002e 1B68     		ldr	r3, [r3]
2214:Middlewares/Third_Party/FreeRTOS/Source/tasks.c **** 			{
 2875              		.loc 1 2214 6 view .LVU785
 2876 0030 0BB9     		cbnz	r3, .L224
2197:Middlewares/Third_Party/FreeRTOS/Source/tasks.c **** 
 2877              		.loc 1 2197 12 view .LVU786
 2878 0032 0024     		movs	r4, #0
 2879 0034 4BE0     		b	.L215
 2880              	.L224:
2196:Middlewares/Third_Party/FreeRTOS/Source/tasks.c **** BaseType_t xAlreadyYielded = pdFALSE;
 2881              		.loc 1 2196 8 view .LVU787
 2882 0036 0024     		movs	r4, #0
ARM GAS  D:\software\msy64\tmp\ccHzaEXX.s 			page 160


 2883              	.LVL192:
 2884              	.L216:
2233:Middlewares/Third_Party/FreeRTOS/Source/tasks.c **** 					}
 2885              		.loc 1 2233 31 is_stmt 1 view .LVU788
2218:Middlewares/Third_Party/FreeRTOS/Source/tasks.c **** 				{
 2886              		.loc 1 2218 52 view .LVU789
2218:Middlewares/Third_Party/FreeRTOS/Source/tasks.c **** 				{
 2887              		.loc 1 2218 12 is_stmt 0 view .LVU790
 2888 0038 294B     		ldr	r3, .L228+8
 2889 003a 1B68     		ldr	r3, [r3]
2218:Middlewares/Third_Party/FreeRTOS/Source/tasks.c **** 				{
 2890              		.loc 1 2218 52 view .LVU791
 2891 003c 1BB3     		cbz	r3, .L226
2220:Middlewares/Third_Party/FreeRTOS/Source/tasks.c **** 					( void ) uxListRemove( &( pxTCB->xEventListItem ) );
 2892              		.loc 1 2220 6 is_stmt 1 view .LVU792
2220:Middlewares/Third_Party/FreeRTOS/Source/tasks.c **** 					( void ) uxListRemove( &( pxTCB->xEventListItem ) );
 2893              		.loc 1 2220 14 is_stmt 0 view .LVU793
 2894 003e 284B     		ldr	r3, .L228+8
 2895 0040 DB68     		ldr	r3, [r3, #12]
2220:Middlewares/Third_Party/FreeRTOS/Source/tasks.c **** 					( void ) uxListRemove( &( pxTCB->xEventListItem ) );
 2896              		.loc 1 2220 12 view .LVU794
 2897 0042 DC68     		ldr	r4, [r3, #12]
 2898              	.LVL193:
2221:Middlewares/Third_Party/FreeRTOS/Source/tasks.c **** 					( void ) uxListRemove( &( pxTCB->xStateListItem ) );
 2899              		.loc 1 2221 6 is_stmt 1 view .LVU795
2221:Middlewares/Third_Party/FreeRTOS/Source/tasks.c **** 					( void ) uxListRemove( &( pxTCB->xStateListItem ) );
 2900              		.loc 1 2221 15 is_stmt 0 view .LVU796
 2901 0044 04F11800 		add	r0, r4, #24
 2902 0048 FFF7FEFF 		bl	uxListRemove
 2903              	.LVL194:
2222:Middlewares/Third_Party/FreeRTOS/Source/tasks.c **** 					prvAddTaskToReadyList( pxTCB );
 2904              		.loc 1 2222 6 is_stmt 1 view .LVU797
2222:Middlewares/Third_Party/FreeRTOS/Source/tasks.c **** 					prvAddTaskToReadyList( pxTCB );
 2905              		.loc 1 2222 15 is_stmt 0 view .LVU798
 2906 004c 251D     		adds	r5, r4, #4
 2907 004e 2846     		mov	r0, r5
 2908 0050 FFF7FEFF 		bl	uxListRemove
 2909              	.LVL195:
2223:Middlewares/Third_Party/FreeRTOS/Source/tasks.c **** 
 2910              		.loc 1 2223 6 is_stmt 1 view .LVU799
2223:Middlewares/Third_Party/FreeRTOS/Source/tasks.c **** 
 2911              		.loc 1 2223 6 view .LVU800
 2912 0054 E06A     		ldr	r0, [r4, #44]
 2913 0056 0123     		movs	r3, #1
 2914 0058 8340     		lsls	r3, r3, r0
 2915 005a 224A     		ldr	r2, .L228+12
 2916 005c 1168     		ldr	r1, [r2]
 2917 005e 0B43     		orrs	r3, r3, r1
 2918 0060 1360     		str	r3, [r2]
2223:Middlewares/Third_Party/FreeRTOS/Source/tasks.c **** 
 2919              		.loc 1 2223 6 view .LVU801
 2920 0062 00EB8000 		add	r0, r0, r0, lsl #2
 2921 0066 2946     		mov	r1, r5
 2922 0068 1F4B     		ldr	r3, .L228+16
 2923 006a 03EB8000 		add	r0, r3, r0, lsl #2
 2924 006e FFF7FEFF 		bl	vListInsertEnd
 2925              	.LVL196:
ARM GAS  D:\software\msy64\tmp\ccHzaEXX.s 			page 161


2223:Middlewares/Third_Party/FreeRTOS/Source/tasks.c **** 
 2926              		.loc 1 2223 36 discriminator 1 view .LVU802
2227:Middlewares/Third_Party/FreeRTOS/Source/tasks.c **** 					{
 2927              		.loc 1 2227 6 view .LVU803
2227:Middlewares/Third_Party/FreeRTOS/Source/tasks.c **** 					{
 2928              		.loc 1 2227 15 is_stmt 0 view .LVU804
 2929 0072 E26A     		ldr	r2, [r4, #44]
2227:Middlewares/Third_Party/FreeRTOS/Source/tasks.c **** 					{
 2930              		.loc 1 2227 43 view .LVU805
 2931 0074 1D4B     		ldr	r3, .L228+20
 2932 0076 1B68     		ldr	r3, [r3]
 2933 0078 DB6A     		ldr	r3, [r3, #44]
2227:Middlewares/Third_Party/FreeRTOS/Source/tasks.c **** 					{
 2934              		.loc 1 2227 8 view .LVU806
 2935 007a 9A42     		cmp	r2, r3
 2936 007c DCD3     		bcc	.L216
2229:Middlewares/Third_Party/FreeRTOS/Source/tasks.c **** 					}
 2937              		.loc 1 2229 7 is_stmt 1 view .LVU807
2229:Middlewares/Third_Party/FreeRTOS/Source/tasks.c **** 					}
 2938              		.loc 1 2229 21 is_stmt 0 view .LVU808
 2939 007e 1C4B     		ldr	r3, .L228+24
 2940 0080 0122     		movs	r2, #1
 2941 0082 1A60     		str	r2, [r3]
 2942 0084 D8E7     		b	.L216
 2943              	.L226:
2237:Middlewares/Third_Party/FreeRTOS/Source/tasks.c **** 				{
 2944              		.loc 1 2237 5 is_stmt 1 view .LVU809
2237:Middlewares/Third_Party/FreeRTOS/Source/tasks.c **** 				{
 2945              		.loc 1 2237 7 is_stmt 0 view .LVU810
 2946 0086 0CB1     		cbz	r4, .L219
2245:Middlewares/Third_Party/FreeRTOS/Source/tasks.c **** 				}
 2947              		.loc 1 2245 6 is_stmt 1 view .LVU811
 2948 0088 FFF7FEFF 		bl	prvResetNextTaskUnblockTime
 2949              	.LVL197:
 2950              	.L219:
 2951              	.LBB158:
2253:Middlewares/Third_Party/FreeRTOS/Source/tasks.c **** 
 2952              		.loc 1 2253 6 view .LVU812
2253:Middlewares/Third_Party/FreeRTOS/Source/tasks.c **** 
 2953              		.loc 1 2253 17 is_stmt 0 view .LVU813
 2954 008c 194B     		ldr	r3, .L228+28
 2955 008e 1C68     		ldr	r4, [r3]
 2956              	.LVL198:
2255:Middlewares/Third_Party/FreeRTOS/Source/tasks.c **** 					{
 2957              		.loc 1 2255 6 is_stmt 1 view .LVU814
2255:Middlewares/Third_Party/FreeRTOS/Source/tasks.c **** 					{
 2958              		.loc 1 2255 8 is_stmt 0 view .LVU815
 2959 0090 84B9     		cbnz	r4, .L222
 2960              	.L220:
2274:Middlewares/Third_Party/FreeRTOS/Source/tasks.c **** 					}
 2961              		.loc 1 2274 31 is_stmt 1 view .LVU816
 2962              	.LBE158:
2278:Middlewares/Third_Party/FreeRTOS/Source/tasks.c **** 				{
 2963              		.loc 1 2278 5 view .LVU817
2278:Middlewares/Third_Party/FreeRTOS/Source/tasks.c **** 				{
 2964              		.loc 1 2278 23 is_stmt 0 view .LVU818
 2965 0092 174B     		ldr	r3, .L228+24
ARM GAS  D:\software\msy64\tmp\ccHzaEXX.s 			page 162


 2966 0094 1C68     		ldr	r4, [r3]
 2967              	.LVL199:
2278:Middlewares/Third_Party/FreeRTOS/Source/tasks.c **** 				{
 2968              		.loc 1 2278 7 view .LVU819
 2969 0096 D4B1     		cbz	r4, .L215
2282:Middlewares/Third_Party/FreeRTOS/Source/tasks.c **** 					}
 2970              		.loc 1 2282 7 is_stmt 1 view .LVU820
 2971              	.LVL200:
2285:Middlewares/Third_Party/FreeRTOS/Source/tasks.c **** 				}
 2972              		.loc 1 2285 6 view .LVU821
 2973 0098 4FF0E023 		mov	r3, #-536813568
 2974 009c 4FF08052 		mov	r2, #268435456
 2975 00a0 C3F8042D 		str	r2, [r3, #3332]
2285:Middlewares/Third_Party/FreeRTOS/Source/tasks.c **** 				}
 2976              		.loc 1 2285 6 view .LVU822
 2977              		.syntax unified
 2978              	@ 2285 "Middlewares/Third_Party/FreeRTOS/Source/tasks.c" 1
 2979 00a4 BFF34F8F 		dsb
 2980              	@ 0 "" 2
2285:Middlewares/Third_Party/FreeRTOS/Source/tasks.c **** 				}
 2981              		.loc 1 2285 6 view .LVU823
 2982              	@ 2285 "Middlewares/Third_Party/FreeRTOS/Source/tasks.c" 1
 2983 00a8 BFF36F8F 		isb
 2984              	@ 0 "" 2
2285:Middlewares/Third_Party/FreeRTOS/Source/tasks.c **** 				}
 2985              		.loc 1 2285 37 view .LVU824
2282:Middlewares/Third_Party/FreeRTOS/Source/tasks.c **** 					}
 2986              		.loc 1 2282 23 is_stmt 0 view .LVU825
 2987              		.thumb
 2988              		.syntax unified
 2989 00ac 0124     		movs	r4, #1
 2990 00ae 0EE0     		b	.L215
 2991              	.LVL201:
 2992              	.L221:
 2993              	.LBB159:
2265:Middlewares/Third_Party/FreeRTOS/Source/tasks.c **** 							}
 2994              		.loc 1 2265 33 is_stmt 1 view .LVU826
2267:Middlewares/Third_Party/FreeRTOS/Source/tasks.c **** 						} while( xPendedCounts > ( TickType_t ) 0U );
 2995              		.loc 1 2267 8 view .LVU827
2268:Middlewares/Third_Party/FreeRTOS/Source/tasks.c **** 
 2996              		.loc 1 2268 30 view .LVU828
 2997 00b0 013C     		subs	r4, r4, #1
 2998              	.LVL202:
2268:Middlewares/Third_Party/FreeRTOS/Source/tasks.c **** 
 2999              		.loc 1 2268 30 is_stmt 0 view .LVU829
 3000 00b2 07D0     		beq	.L227
 3001              	.L222:
2257:Middlewares/Third_Party/FreeRTOS/Source/tasks.c **** 						{
 3002              		.loc 1 2257 7 is_stmt 1 view .LVU830
2259:Middlewares/Third_Party/FreeRTOS/Source/tasks.c **** 							{
 3003              		.loc 1 2259 8 view .LVU831
2259:Middlewares/Third_Party/FreeRTOS/Source/tasks.c **** 							{
 3004              		.loc 1 2259 12 is_stmt 0 view .LVU832
 3005 00b4 FFF7FEFF 		bl	xTaskIncrementTick
 3006              	.LVL203:
2259:Middlewares/Third_Party/FreeRTOS/Source/tasks.c **** 							{
 3007              		.loc 1 2259 10 discriminator 1 view .LVU833
ARM GAS  D:\software\msy64\tmp\ccHzaEXX.s 			page 163


 3008 00b8 0028     		cmp	r0, #0
 3009 00ba F9D0     		beq	.L221
2261:Middlewares/Third_Party/FreeRTOS/Source/tasks.c **** 							}
 3010              		.loc 1 2261 9 is_stmt 1 view .LVU834
2261:Middlewares/Third_Party/FreeRTOS/Source/tasks.c **** 							}
 3011              		.loc 1 2261 23 is_stmt 0 view .LVU835
 3012 00bc 0C4B     		ldr	r3, .L228+24
 3013 00be 0122     		movs	r2, #1
 3014 00c0 1A60     		str	r2, [r3]
 3015 00c2 F5E7     		b	.L221
 3016              	.L227:
2270:Middlewares/Third_Party/FreeRTOS/Source/tasks.c **** 					}
 3017              		.loc 1 2270 7 is_stmt 1 view .LVU836
2270:Middlewares/Third_Party/FreeRTOS/Source/tasks.c **** 					}
 3018              		.loc 1 2270 20 is_stmt 0 view .LVU837
 3019 00c4 0B4B     		ldr	r3, .L228+28
 3020 00c6 0022     		movs	r2, #0
 3021 00c8 1A60     		str	r2, [r3]
 3022 00ca E2E7     		b	.L220
 3023              	.LVL204:
 3024              	.L223:
2270:Middlewares/Third_Party/FreeRTOS/Source/tasks.c **** 					}
 3025              		.loc 1 2270 20 view .LVU838
 3026              	.LBE159:
2197:Middlewares/Third_Party/FreeRTOS/Source/tasks.c **** 
 3027              		.loc 1 2197 12 view .LVU839
 3028 00cc 0024     		movs	r4, #0
 3029              	.LVL205:
 3030              	.L215:
2295:Middlewares/Third_Party/FreeRTOS/Source/tasks.c **** 		}
 3031              		.loc 1 2295 28 is_stmt 1 view .LVU840
2298:Middlewares/Third_Party/FreeRTOS/Source/tasks.c **** 
 3032              		.loc 1 2298 2 view .LVU841
 3033 00ce FFF7FEFF 		bl	vPortExitCritical
 3034              	.LVL206:
2300:Middlewares/Third_Party/FreeRTOS/Source/tasks.c **** }
 3035              		.loc 1 2300 2 view .LVU842
2301:Middlewares/Third_Party/FreeRTOS/Source/tasks.c **** /*-----------------------------------------------------------*/
 3036              		.loc 1 2301 1 is_stmt 0 view .LVU843
 3037 00d2 2046     		mov	r0, r4
 3038 00d4 38BD     		pop	{r3, r4, r5, pc}
 3039              	.LVL207:
 3040              	.L229:
2301:Middlewares/Third_Party/FreeRTOS/Source/tasks.c **** /*-----------------------------------------------------------*/
 3041              		.loc 1 2301 1 view .LVU844
 3042 00d6 00BF     		.align	2
 3043              	.L228:
 3044 00d8 00000000 		.word	uxSchedulerSuspended
 3045 00dc 00000000 		.word	uxCurrentNumberOfTasks
 3046 00e0 00000000 		.word	xPendingReadyList
 3047 00e4 00000000 		.word	uxTopReadyPriority
 3048 00e8 00000000 		.word	pxReadyTasksLists
 3049 00ec 00000000 		.word	pxCurrentTCB
 3050 00f0 00000000 		.word	xYieldPending
 3051 00f4 00000000 		.word	xPendedTicks
 3052              		.cfi_endproc
 3053              	.LFE21:
ARM GAS  D:\software\msy64\tmp\ccHzaEXX.s 			page 164


 3055              		.section	.text.vTaskDelay,"ax",%progbits
 3056              		.align	1
 3057              		.global	vTaskDelay
 3058              		.syntax unified
 3059              		.thumb
 3060              		.thumb_func
 3062              	vTaskDelay:
 3063              	.LVL208:
 3064              	.LFB10:
1342:Middlewares/Third_Party/FreeRTOS/Source/tasks.c **** 	BaseType_t xAlreadyYielded = pdFALSE;
 3065              		.loc 1 1342 2 is_stmt 1 view -0
 3066              		.cfi_startproc
 3067              		@ args = 0, pretend = 0, frame = 0
 3068              		@ frame_needed = 0, uses_anonymous_args = 0
1342:Middlewares/Third_Party/FreeRTOS/Source/tasks.c **** 	BaseType_t xAlreadyYielded = pdFALSE;
 3069              		.loc 1 1342 2 is_stmt 0 view .LVU846
 3070 0000 10B5     		push	{r4, lr}
 3071              	.LCFI27:
 3072              		.cfi_def_cfa_offset 8
 3073              		.cfi_offset 4, -8
 3074              		.cfi_offset 14, -4
1343:Middlewares/Third_Party/FreeRTOS/Source/tasks.c **** 
 3075              		.loc 1 1343 2 is_stmt 1 view .LVU847
 3076              	.LVL209:
1346:Middlewares/Third_Party/FreeRTOS/Source/tasks.c **** 		{
 3077              		.loc 1 1346 3 view .LVU848
1346:Middlewares/Third_Party/FreeRTOS/Source/tasks.c **** 		{
 3078              		.loc 1 1346 5 is_stmt 0 view .LVU849
 3079 0002 A8B1     		cbz	r0, .L231
 3080 0004 0446     		mov	r4, r0
1348:Middlewares/Third_Party/FreeRTOS/Source/tasks.c **** 			vTaskSuspendAll();
 3081              		.loc 1 1348 4 is_stmt 1 view .LVU850
 3082 0006 104B     		ldr	r3, .L236
 3083 0008 1B68     		ldr	r3, [r3]
 3084 000a 43B1     		cbz	r3, .L232
1348:Middlewares/Third_Party/FreeRTOS/Source/tasks.c **** 			vTaskSuspendAll();
 3085              		.loc 1 1348 4 discriminator 1 view .LVU851
 3086              	.LBB160:
 3087              	.LBI160:
 193:Middlewares/Third_Party/FreeRTOS/Source/portable/GCC/ARM_CM3/portmacro.h **** {
 3088              		.loc 2 193 30 view .LVU852
 3089              	.LBB161:
 195:Middlewares/Third_Party/FreeRTOS/Source/portable/GCC/ARM_CM3/portmacro.h **** 
 3090              		.loc 2 195 1 view .LVU853
 197:Middlewares/Third_Party/FreeRTOS/Source/portable/GCC/ARM_CM3/portmacro.h **** 	(
 3091              		.loc 2 197 2 view .LVU854
 3092              		.syntax unified
 3093              	@ 197 "Middlewares/Third_Party/FreeRTOS/Source/portable/GCC/ARM_CM3/portmacro.h" 1
 3094 000c 4FF05003 			mov r3, #80												
 3095 0010 83F31188 		msr basepri, r3											
 3096 0014 BFF36F8F 		isb														
 3097 0018 BFF34F8F 		dsb														
 3098              	
 3099              	@ 0 "" 2
 3100              		.thumb
 3101              		.syntax unified
 3102              	.L233:
ARM GAS  D:\software\msy64\tmp\ccHzaEXX.s 			page 165


 3103              	.LBE161:
 3104              	.LBE160:
1348:Middlewares/Third_Party/FreeRTOS/Source/tasks.c **** 			vTaskSuspendAll();
 3105              		.loc 1 1348 4 discriminator 3 view .LVU855
1348:Middlewares/Third_Party/FreeRTOS/Source/tasks.c **** 			vTaskSuspendAll();
 3106              		.loc 1 1348 4 discriminator 3 view .LVU856
 3107 001c FEE7     		b	.L233
 3108              	.L232:
1348:Middlewares/Third_Party/FreeRTOS/Source/tasks.c **** 			vTaskSuspendAll();
 3109              		.loc 1 1348 45 discriminator 2 view .LVU857
1349:Middlewares/Third_Party/FreeRTOS/Source/tasks.c **** 			{
 3110              		.loc 1 1349 4 view .LVU858
 3111 001e FFF7FEFF 		bl	vTaskSuspendAll
 3112              	.LVL210:
1351:Middlewares/Third_Party/FreeRTOS/Source/tasks.c **** 
 3113              		.loc 1 1351 22 view .LVU859
1360:Middlewares/Third_Party/FreeRTOS/Source/tasks.c **** 			}
 3114              		.loc 1 1360 5 view .LVU860
 3115 0022 0021     		movs	r1, #0
 3116 0024 2046     		mov	r0, r4
 3117 0026 FFF7FEFF 		bl	prvAddCurrentTaskToDelayedList
 3118              	.LVL211:
1362:Middlewares/Third_Party/FreeRTOS/Source/tasks.c **** 		}
 3119              		.loc 1 1362 4 view .LVU861
1362:Middlewares/Third_Party/FreeRTOS/Source/tasks.c **** 		}
 3120              		.loc 1 1362 22 is_stmt 0 view .LVU862
 3121 002a FFF7FEFF 		bl	xTaskResumeAll
 3122              	.LVL212:
1366:Middlewares/Third_Party/FreeRTOS/Source/tasks.c **** 		}
 3123              		.loc 1 1366 28 is_stmt 1 view .LVU863
1371:Middlewares/Third_Party/FreeRTOS/Source/tasks.c **** 		{
 3124              		.loc 1 1371 3 view .LVU864
1371:Middlewares/Third_Party/FreeRTOS/Source/tasks.c **** 		{
 3125              		.loc 1 1371 5 is_stmt 0 view .LVU865
 3126 002e 48B9     		cbnz	r0, .L230
 3127              	.LVL213:
 3128              	.L231:
1373:Middlewares/Third_Party/FreeRTOS/Source/tasks.c **** 		}
 3129              		.loc 1 1373 4 is_stmt 1 view .LVU866
 3130 0030 4FF0E023 		mov	r3, #-536813568
 3131 0034 4FF08052 		mov	r2, #268435456
 3132 0038 C3F8042D 		str	r2, [r3, #3332]
1373:Middlewares/Third_Party/FreeRTOS/Source/tasks.c **** 		}
 3133              		.loc 1 1373 4 view .LVU867
 3134              		.syntax unified
 3135              	@ 1373 "Middlewares/Third_Party/FreeRTOS/Source/tasks.c" 1
 3136 003c BFF34F8F 		dsb
 3137              	@ 0 "" 2
1373:Middlewares/Third_Party/FreeRTOS/Source/tasks.c **** 		}
 3138              		.loc 1 1373 4 view .LVU868
 3139              	@ 1373 "Middlewares/Third_Party/FreeRTOS/Source/tasks.c" 1
 3140 0040 BFF36F8F 		isb
 3141              	@ 0 "" 2
1373:Middlewares/Third_Party/FreeRTOS/Source/tasks.c **** 		}
 3142              		.loc 1 1373 26 view .LVU869
1377:Middlewares/Third_Party/FreeRTOS/Source/tasks.c **** 		}
 3143              		.loc 1 1377 28 view .LVU870
ARM GAS  D:\software\msy64\tmp\ccHzaEXX.s 			page 166


 3144              		.thumb
 3145              		.syntax unified
 3146              	.L230:
1379:Middlewares/Third_Party/FreeRTOS/Source/tasks.c **** 
 3147              		.loc 1 1379 2 is_stmt 0 view .LVU871
 3148 0044 10BD     		pop	{r4, pc}
 3149              	.L237:
 3150 0046 00BF     		.align	2
 3151              	.L236:
 3152 0048 00000000 		.word	uxSchedulerSuspended
 3153              		.cfi_endproc
 3154              	.LFE10:
 3156              		.section	.text.xTaskCatchUpTicks,"ax",%progbits
 3157              		.align	1
 3158              		.global	xTaskCatchUpTicks
 3159              		.syntax unified
 3160              		.thumb
 3161              		.thumb_func
 3163              	xTaskCatchUpTicks:
 3164              	.LVL214:
 3165              	.LFB26:
2610:Middlewares/Third_Party/FreeRTOS/Source/tasks.c **** BaseType_t xYieldRequired = pdFALSE;
 3166              		.loc 1 2610 1 is_stmt 1 view -0
 3167              		.cfi_startproc
 3168              		@ args = 0, pretend = 0, frame = 0
 3169              		@ frame_needed = 0, uses_anonymous_args = 0
2611:Middlewares/Third_Party/FreeRTOS/Source/tasks.c **** 
 3170              		.loc 1 2611 1 view .LVU873
2615:Middlewares/Third_Party/FreeRTOS/Source/tasks.c **** 
 3171              		.loc 1 2615 2 view .LVU874
 3172 0000 0B4B     		ldr	r3, .L243
 3173 0002 1B68     		ldr	r3, [r3]
 3174 0004 43B1     		cbz	r3, .L239
2615:Middlewares/Third_Party/FreeRTOS/Source/tasks.c **** 
 3175              		.loc 1 2615 2 discriminator 1 view .LVU875
 3176              	.LBB162:
 3177              	.LBI162:
 193:Middlewares/Third_Party/FreeRTOS/Source/portable/GCC/ARM_CM3/portmacro.h **** {
 3178              		.loc 2 193 30 view .LVU876
 3179              	.LBB163:
 195:Middlewares/Third_Party/FreeRTOS/Source/portable/GCC/ARM_CM3/portmacro.h **** 
 3180              		.loc 2 195 1 view .LVU877
 197:Middlewares/Third_Party/FreeRTOS/Source/portable/GCC/ARM_CM3/portmacro.h **** 	(
 3181              		.loc 2 197 2 view .LVU878
 3182              		.syntax unified
 3183              	@ 197 "Middlewares/Third_Party/FreeRTOS/Source/portable/GCC/ARM_CM3/portmacro.h" 1
 3184 0006 4FF05003 			mov r3, #80												
 3185 000a 83F31188 		msr basepri, r3											
 3186 000e BFF36F8F 		isb														
 3187 0012 BFF34F8F 		dsb														
 3188              	
 3189              	@ 0 "" 2
 3190              		.thumb
 3191              		.syntax unified
 3192              	.L240:
 3193              	.LBE163:
 3194              	.LBE162:
ARM GAS  D:\software\msy64\tmp\ccHzaEXX.s 			page 167


2615:Middlewares/Third_Party/FreeRTOS/Source/tasks.c **** 
 3195              		.loc 1 2615 2 discriminator 3 view .LVU879
2615:Middlewares/Third_Party/FreeRTOS/Source/tasks.c **** 
 3196              		.loc 1 2615 2 discriminator 3 view .LVU880
 3197 0016 FEE7     		b	.L240
 3198              	.L239:
2610:Middlewares/Third_Party/FreeRTOS/Source/tasks.c **** BaseType_t xYieldRequired = pdFALSE;
 3199              		.loc 1 2610 1 is_stmt 0 view .LVU881
 3200 0018 10B5     		push	{r4, lr}
 3201              	.LCFI28:
 3202              		.cfi_def_cfa_offset 8
 3203              		.cfi_offset 4, -8
 3204              		.cfi_offset 14, -4
 3205 001a 0446     		mov	r4, r0
2615:Middlewares/Third_Party/FreeRTOS/Source/tasks.c **** 
 3206              		.loc 1 2615 43 is_stmt 1 discriminator 2 view .LVU882
2619:Middlewares/Third_Party/FreeRTOS/Source/tasks.c **** 	xPendedTicks += xTicksToCatchUp;
 3207              		.loc 1 2619 2 view .LVU883
 3208 001c FFF7FEFF 		bl	vTaskSuspendAll
 3209              	.LVL215:
2620:Middlewares/Third_Party/FreeRTOS/Source/tasks.c **** 	xYieldRequired = xTaskResumeAll();
 3210              		.loc 1 2620 2 view .LVU884
2620:Middlewares/Third_Party/FreeRTOS/Source/tasks.c **** 	xYieldRequired = xTaskResumeAll();
 3211              		.loc 1 2620 15 is_stmt 0 view .LVU885
 3212 0020 044A     		ldr	r2, .L243+4
 3213 0022 1368     		ldr	r3, [r2]
 3214 0024 2344     		add	r3, r3, r4
 3215 0026 1360     		str	r3, [r2]
2621:Middlewares/Third_Party/FreeRTOS/Source/tasks.c **** 
 3216              		.loc 1 2621 2 is_stmt 1 view .LVU886
2621:Middlewares/Third_Party/FreeRTOS/Source/tasks.c **** 
 3217              		.loc 1 2621 19 is_stmt 0 view .LVU887
 3218 0028 FFF7FEFF 		bl	xTaskResumeAll
 3219              	.LVL216:
2623:Middlewares/Third_Party/FreeRTOS/Source/tasks.c **** }
 3220              		.loc 1 2623 2 is_stmt 1 view .LVU888
2624:Middlewares/Third_Party/FreeRTOS/Source/tasks.c **** /*----------------------------------------------------------*/
 3221              		.loc 1 2624 1 is_stmt 0 view .LVU889
 3222 002c 10BD     		pop	{r4, pc}
 3223              	.LVL217:
 3224              	.L244:
2624:Middlewares/Third_Party/FreeRTOS/Source/tasks.c **** /*----------------------------------------------------------*/
 3225              		.loc 1 2624 1 view .LVU890
 3226 002e 00BF     		.align	2
 3227              	.L243:
 3228 0030 00000000 		.word	uxSchedulerSuspended
 3229 0034 00000000 		.word	xPendedTicks
 3230              		.cfi_endproc
 3231              	.LFE26:
 3233              		.section	.text.vTaskSwitchContext,"ax",%progbits
 3234              		.align	1
 3235              		.global	vTaskSwitchContext
 3236              		.syntax unified
 3237              		.thumb
 3238              		.thumb_func
 3240              	vTaskSwitchContext:
 3241              	.LFB28:
ARM GAS  D:\software\msy64\tmp\ccHzaEXX.s 			page 168


2990:Middlewares/Third_Party/FreeRTOS/Source/tasks.c **** 	if( uxSchedulerSuspended != ( UBaseType_t ) pdFALSE )
 3242              		.loc 1 2990 1 is_stmt 1 view -0
 3243              		.cfi_startproc
 3244              		@ args = 0, pretend = 0, frame = 0
 3245              		@ frame_needed = 0, uses_anonymous_args = 0
 3246              		@ link register save eliminated.
2991:Middlewares/Third_Party/FreeRTOS/Source/tasks.c **** 	{
 3247              		.loc 1 2991 2 view .LVU892
2991:Middlewares/Third_Party/FreeRTOS/Source/tasks.c **** 	{
 3248              		.loc 1 2991 27 is_stmt 0 view .LVU893
 3249 0000 204B     		ldr	r3, .L252
 3250 0002 1B68     		ldr	r3, [r3]
2991:Middlewares/Third_Party/FreeRTOS/Source/tasks.c **** 	{
 3251              		.loc 1 2991 4 view .LVU894
 3252 0004 1BB1     		cbz	r3, .L246
2995:Middlewares/Third_Party/FreeRTOS/Source/tasks.c **** 	}
 3253              		.loc 1 2995 3 is_stmt 1 view .LVU895
2995:Middlewares/Third_Party/FreeRTOS/Source/tasks.c **** 	}
 3254              		.loc 1 2995 17 is_stmt 0 view .LVU896
 3255 0006 204B     		ldr	r3, .L252+4
 3256 0008 0122     		movs	r2, #1
 3257 000a 1A60     		str	r2, [r3]
 3258 000c 7047     		bx	lr
 3259              	.L246:
2999:Middlewares/Third_Party/FreeRTOS/Source/tasks.c **** 		traceTASK_SWITCHED_OUT();
 3260              		.loc 1 2999 3 is_stmt 1 view .LVU897
2999:Middlewares/Third_Party/FreeRTOS/Source/tasks.c **** 		traceTASK_SWITCHED_OUT();
 3261              		.loc 1 2999 17 is_stmt 0 view .LVU898
 3262 000e 1E4B     		ldr	r3, .L252+4
 3263 0010 0022     		movs	r2, #0
 3264 0012 1A60     		str	r2, [r3]
3000:Middlewares/Third_Party/FreeRTOS/Source/tasks.c **** 
 3265              		.loc 1 3000 27 is_stmt 1 view .LVU899
3030:Middlewares/Third_Party/FreeRTOS/Source/tasks.c **** 
 3266              		.loc 1 3030 33 view .LVU900
 3267              	.LBB164:
3041:Middlewares/Third_Party/FreeRTOS/Source/tasks.c **** 		traceTASK_SWITCHED_IN();
 3268              		.loc 1 3041 3 view .LVU901
3041:Middlewares/Third_Party/FreeRTOS/Source/tasks.c **** 		traceTASK_SWITCHED_IN();
 3269              		.loc 1 3041 3 view .LVU902
 3270 0014 1D4B     		ldr	r3, .L252+8
 3271 0016 1B68     		ldr	r3, [r3]
 3272              	.LVL218:
 3273              	.LBB165:
 3274              	.LBI165:
 130:Middlewares/Third_Party/FreeRTOS/Source/portable/GCC/ARM_CM3/portmacro.h **** 	{
 3275              		.loc 2 130 59 view .LVU903
 3276              	.LBB166:
 132:Middlewares/Third_Party/FreeRTOS/Source/portable/GCC/ARM_CM3/portmacro.h **** 
 3277              		.loc 2 132 2 view .LVU904
 134:Middlewares/Third_Party/FreeRTOS/Source/portable/GCC/ARM_CM3/portmacro.h **** 		return ucReturn;
 3278              		.loc 2 134 3 view .LVU905
 3279              		.syntax unified
 3280              	@ 134 "Middlewares/Third_Party/FreeRTOS/Source/portable/GCC/ARM_CM3/portmacro.h" 1
 3281 0018 B3FA83F3 		clz r3, r3
 3282              	@ 0 "" 2
 3283              	.LVL219:
ARM GAS  D:\software\msy64\tmp\ccHzaEXX.s 			page 169


 134:Middlewares/Third_Party/FreeRTOS/Source/portable/GCC/ARM_CM3/portmacro.h **** 		return ucReturn;
 3284              		.loc 2 134 3 is_stmt 0 view .LVU906
 3285              		.thumb
 3286              		.syntax unified
 3287 001c DBB2     		uxtb	r3, r3
 3288              	.LVL220:
 135:Middlewares/Third_Party/FreeRTOS/Source/portable/GCC/ARM_CM3/portmacro.h **** 	}
 3289              		.loc 2 135 3 is_stmt 1 view .LVU907
 135:Middlewares/Third_Party/FreeRTOS/Source/portable/GCC/ARM_CM3/portmacro.h **** 	}
 3290              		.loc 2 135 3 is_stmt 0 view .LVU908
 3291              	.LBE166:
 3292              	.LBE165:
3041:Middlewares/Third_Party/FreeRTOS/Source/tasks.c **** 		traceTASK_SWITCHED_IN();
 3293              		.loc 1 3041 3 discriminator 1 view .LVU909
 3294 001e C3F11F03 		rsb	r3, r3, #31
 3295              	.LVL221:
3041:Middlewares/Third_Party/FreeRTOS/Source/tasks.c **** 		traceTASK_SWITCHED_IN();
 3296              		.loc 1 3041 3 is_stmt 1 discriminator 1 view .LVU910
 3297 0022 03EB8301 		add	r1, r3, r3, lsl #2
 3298 0026 8A00     		lsls	r2, r1, #2
 3299 0028 1949     		ldr	r1, .L252+12
 3300 002a 8A58     		ldr	r2, [r1, r2]
 3301 002c 42B9     		cbnz	r2, .L248
3041:Middlewares/Third_Party/FreeRTOS/Source/tasks.c **** 		traceTASK_SWITCHED_IN();
 3302              		.loc 1 3041 3 discriminator 1 view .LVU911
 3303              	.LBB167:
 3304              	.LBI167:
 193:Middlewares/Third_Party/FreeRTOS/Source/portable/GCC/ARM_CM3/portmacro.h **** {
 3305              		.loc 2 193 30 view .LVU912
 3306              	.LBB168:
 195:Middlewares/Third_Party/FreeRTOS/Source/portable/GCC/ARM_CM3/portmacro.h **** 
 3307              		.loc 2 195 1 view .LVU913
 197:Middlewares/Third_Party/FreeRTOS/Source/portable/GCC/ARM_CM3/portmacro.h **** 	(
 3308              		.loc 2 197 2 view .LVU914
 3309              		.syntax unified
 3310              	@ 197 "Middlewares/Third_Party/FreeRTOS/Source/portable/GCC/ARM_CM3/portmacro.h" 1
 3311 002e 4FF05003 			mov r3, #80												
 3312 0032 83F31188 		msr basepri, r3											
 3313 0036 BFF36F8F 		isb														
 3314 003a BFF34F8F 		dsb														
 3315              	
 3316              	@ 0 "" 2
 3317              	.LVL222:
 3318              		.thumb
 3319              		.syntax unified
 3320              	.L249:
 197:Middlewares/Third_Party/FreeRTOS/Source/portable/GCC/ARM_CM3/portmacro.h **** 	(
 3321              		.loc 2 197 2 is_stmt 0 view .LVU915
 3322              	.LBE168:
 3323              	.LBE167:
3041:Middlewares/Third_Party/FreeRTOS/Source/tasks.c **** 		traceTASK_SWITCHED_IN();
 3324              		.loc 1 3041 3 is_stmt 1 discriminator 3 view .LVU916
3041:Middlewares/Third_Party/FreeRTOS/Source/tasks.c **** 		traceTASK_SWITCHED_IN();
 3325              		.loc 1 3041 3 discriminator 3 view .LVU917
 3326 003e FEE7     		b	.L249
 3327              	.LVL223:
 3328              	.L248:
ARM GAS  D:\software\msy64\tmp\ccHzaEXX.s 			page 170


3041:Middlewares/Third_Party/FreeRTOS/Source/tasks.c **** 		traceTASK_SWITCHED_IN();
 3329              		.loc 1 3041 3 discriminator 2 view .LVU918
 3330              	.LBB169:
3041:Middlewares/Third_Party/FreeRTOS/Source/tasks.c **** 		traceTASK_SWITCHED_IN();
 3331              		.loc 1 3041 3 discriminator 2 view .LVU919
3041:Middlewares/Third_Party/FreeRTOS/Source/tasks.c **** 		traceTASK_SWITCHED_IN();
 3332              		.loc 1 3041 3 discriminator 2 view .LVU920
 3333 0040 1348     		ldr	r0, .L252+12
 3334 0042 03EB8301 		add	r1, r3, r3, lsl #2
 3335 0046 8A00     		lsls	r2, r1, #2
 3336 0048 0244     		add	r2, r2, r0
 3337 004a 5168     		ldr	r1, [r2, #4]
 3338 004c 4968     		ldr	r1, [r1, #4]
 3339 004e 5160     		str	r1, [r2, #4]
3041:Middlewares/Third_Party/FreeRTOS/Source/tasks.c **** 		traceTASK_SWITCHED_IN();
 3340              		.loc 1 3041 3 discriminator 2 view .LVU921
 3341 0050 03EB830C 		add	ip, r3, r3, lsl #2
 3342 0054 4FEA8C02 		lsl	r2, ip, #2
 3343 0058 0832     		adds	r2, r2, #8
 3344 005a 0244     		add	r2, r2, r0
 3345 005c 9142     		cmp	r1, r2
 3346 005e 09D0     		beq	.L251
 3347              	.L250:
3041:Middlewares/Third_Party/FreeRTOS/Source/tasks.c **** 		traceTASK_SWITCHED_IN();
 3348              		.loc 1 3041 3 discriminator 6 view .LVU922
 3349 0060 03EB8303 		add	r3, r3, r3, lsl #2
 3350              	.LVL224:
3041:Middlewares/Third_Party/FreeRTOS/Source/tasks.c **** 		traceTASK_SWITCHED_IN();
 3351              		.loc 1 3041 3 is_stmt 0 discriminator 6 view .LVU923
 3352 0064 9A00     		lsls	r2, r3, #2
 3353 0066 0A4B     		ldr	r3, .L252+12
 3354 0068 1344     		add	r3, r3, r2
 3355 006a 5B68     		ldr	r3, [r3, #4]
 3356 006c DA68     		ldr	r2, [r3, #12]
 3357 006e 094B     		ldr	r3, .L252+16
 3358 0070 1A60     		str	r2, [r3]
 3359              	.LBE169:
3041:Middlewares/Third_Party/FreeRTOS/Source/tasks.c **** 		traceTASK_SWITCHED_IN();
 3360              		.loc 1 3041 3 is_stmt 1 discriminator 7 view .LVU924
 3361              	.LBE164:
3041:Middlewares/Third_Party/FreeRTOS/Source/tasks.c **** 		traceTASK_SWITCHED_IN();
 3362              		.loc 1 3041 37 discriminator 7 view .LVU925
3042:Middlewares/Third_Party/FreeRTOS/Source/tasks.c **** 
 3363              		.loc 1 3042 26 view .LVU926
3061:Middlewares/Third_Party/FreeRTOS/Source/tasks.c **** /*-----------------------------------------------------------*/
 3364              		.loc 1 3061 1 is_stmt 0 view .LVU927
 3365 0072 7047     		bx	lr
 3366              	.LVL225:
 3367              	.L251:
 3368              	.LBB171:
 3369              	.LBB170:
3041:Middlewares/Third_Party/FreeRTOS/Source/tasks.c **** 		traceTASK_SWITCHED_IN();
 3370              		.loc 1 3041 3 is_stmt 1 discriminator 4 view .LVU928
 3371 0074 4868     		ldr	r0, [r1, #4]
 3372 0076 6246     		mov	r2, ip
 3373 0078 9100     		lsls	r1, r2, #2
 3374 007a 054A     		ldr	r2, .L252+12
ARM GAS  D:\software\msy64\tmp\ccHzaEXX.s 			page 171


 3375 007c 0A44     		add	r2, r2, r1
 3376 007e 5060     		str	r0, [r2, #4]
 3377 0080 EEE7     		b	.L250
 3378              	.L253:
 3379 0082 00BF     		.align	2
 3380              	.L252:
 3381 0084 00000000 		.word	uxSchedulerSuspended
 3382 0088 00000000 		.word	xYieldPending
 3383 008c 00000000 		.word	uxTopReadyPriority
 3384 0090 00000000 		.word	pxReadyTasksLists
 3385 0094 00000000 		.word	pxCurrentTCB
 3386              	.LBE170:
 3387              	.LBE171:
 3388              		.cfi_endproc
 3389              	.LFE28:
 3391              		.section	.text.vTaskSuspend,"ax",%progbits
 3392              		.align	1
 3393              		.global	vTaskSuspend
 3394              		.syntax unified
 3395              		.thumb
 3396              		.thumb_func
 3398              	vTaskSuspend:
 3399              	.LVL226:
 3400              	.LFB14:
1705:Middlewares/Third_Party/FreeRTOS/Source/tasks.c **** 	TCB_t *pxTCB;
 3401              		.loc 1 1705 2 view -0
 3402              		.cfi_startproc
 3403              		@ args = 0, pretend = 0, frame = 0
 3404              		@ frame_needed = 0, uses_anonymous_args = 0
1705:Middlewares/Third_Party/FreeRTOS/Source/tasks.c **** 	TCB_t *pxTCB;
 3405              		.loc 1 1705 2 is_stmt 0 view .LVU930
 3406 0000 38B5     		push	{r3, r4, r5, lr}
 3407              	.LCFI29:
 3408              		.cfi_def_cfa_offset 16
 3409              		.cfi_offset 3, -16
 3410              		.cfi_offset 4, -12
 3411              		.cfi_offset 5, -8
 3412              		.cfi_offset 14, -4
 3413 0002 0446     		mov	r4, r0
1706:Middlewares/Third_Party/FreeRTOS/Source/tasks.c **** 
 3414              		.loc 1 1706 2 is_stmt 1 view .LVU931
1708:Middlewares/Third_Party/FreeRTOS/Source/tasks.c **** 		{
 3415              		.loc 1 1708 3 view .LVU932
 3416 0004 FFF7FEFF 		bl	vPortEnterCritical
 3417              	.LVL227:
1712:Middlewares/Third_Party/FreeRTOS/Source/tasks.c **** 
 3418              		.loc 1 1712 4 view .LVU933
1712:Middlewares/Third_Party/FreeRTOS/Source/tasks.c **** 
 3419              		.loc 1 1712 12 is_stmt 0 view .LVU934
 3420 0008 64B3     		cbz	r4, .L266
 3421              	.LVL228:
 3422              	.L255:
1714:Middlewares/Third_Party/FreeRTOS/Source/tasks.c **** 
 3423              		.loc 1 1714 30 is_stmt 1 view .LVU935
1718:Middlewares/Third_Party/FreeRTOS/Source/tasks.c **** 			{
 3424              		.loc 1 1718 4 view .LVU936
1718:Middlewares/Third_Party/FreeRTOS/Source/tasks.c **** 			{
ARM GAS  D:\software\msy64\tmp\ccHzaEXX.s 			page 172


 3425              		.loc 1 1718 8 is_stmt 0 view .LVU937
 3426 000a 251D     		adds	r5, r4, #4
 3427 000c 2846     		mov	r0, r5
 3428 000e FFF7FEFF 		bl	uxListRemove
 3429              	.LVL229:
1718:Middlewares/Third_Party/FreeRTOS/Source/tasks.c **** 			{
 3430              		.loc 1 1718 6 discriminator 1 view .LVU938
 3431 0012 70B9     		cbnz	r0, .L256
1720:Middlewares/Third_Party/FreeRTOS/Source/tasks.c **** 			}
 3432              		.loc 1 1720 5 is_stmt 1 view .LVU939
 3433 0014 E26A     		ldr	r2, [r4, #44]
 3434 0016 02EB8203 		add	r3, r2, r2, lsl #2
 3435 001a 9B00     		lsls	r3, r3, #2
 3436 001c 2C49     		ldr	r1, .L270
 3437 001e CB58     		ldr	r3, [r1, r3]
 3438 0020 3BB9     		cbnz	r3, .L256
1720:Middlewares/Third_Party/FreeRTOS/Source/tasks.c **** 			}
 3439              		.loc 1 1720 5 discriminator 1 view .LVU940
 3440 0022 0123     		movs	r3, #1
 3441 0024 03FA02F2 		lsl	r2, r3, r2
 3442 0028 2A49     		ldr	r1, .L270+4
 3443 002a 0B68     		ldr	r3, [r1]
 3444 002c 23EA0203 		bic	r3, r3, r2
 3445 0030 0B60     		str	r3, [r1]
 3446              	.L256:
1724:Middlewares/Third_Party/FreeRTOS/Source/tasks.c **** 			}
 3447              		.loc 1 1724 29 view .LVU941
1728:Middlewares/Third_Party/FreeRTOS/Source/tasks.c **** 			{
 3448              		.loc 1 1728 4 view .LVU942
1728:Middlewares/Third_Party/FreeRTOS/Source/tasks.c **** 			{
 3449              		.loc 1 1728 8 is_stmt 0 view .LVU943
 3450 0032 A36A     		ldr	r3, [r4, #40]
1728:Middlewares/Third_Party/FreeRTOS/Source/tasks.c **** 			{
 3451              		.loc 1 1728 6 view .LVU944
 3452 0034 1BB1     		cbz	r3, .L257
1730:Middlewares/Third_Party/FreeRTOS/Source/tasks.c **** 			}
 3453              		.loc 1 1730 5 is_stmt 1 view .LVU945
1730:Middlewares/Third_Party/FreeRTOS/Source/tasks.c **** 			}
 3454              		.loc 1 1730 14 is_stmt 0 view .LVU946
 3455 0036 04F11800 		add	r0, r4, #24
 3456 003a FFF7FEFF 		bl	uxListRemove
 3457              	.LVL230:
 3458              	.L257:
1734:Middlewares/Third_Party/FreeRTOS/Source/tasks.c **** 			}
 3459              		.loc 1 1734 29 is_stmt 1 view .LVU947
1737:Middlewares/Third_Party/FreeRTOS/Source/tasks.c **** 
 3460              		.loc 1 1737 4 view .LVU948
 3461 003e 2946     		mov	r1, r5
 3462 0040 2548     		ldr	r0, .L270+8
 3463 0042 FFF7FEFF 		bl	vListInsertEnd
 3464              	.LVL231:
1741:Middlewares/Third_Party/FreeRTOS/Source/tasks.c **** 				{
 3465              		.loc 1 1741 5 view .LVU949
1741:Middlewares/Third_Party/FreeRTOS/Source/tasks.c **** 				{
 3466              		.loc 1 1741 14 is_stmt 0 view .LVU950
 3467 0046 94F85030 		ldrb	r3, [r4, #80]	@ zero_extendqisi2
 3468 004a DBB2     		uxtb	r3, r3
ARM GAS  D:\software\msy64\tmp\ccHzaEXX.s 			page 173


1741:Middlewares/Third_Party/FreeRTOS/Source/tasks.c **** 				{
 3469              		.loc 1 1741 7 view .LVU951
 3470 004c 012B     		cmp	r3, #1
 3471 004e 0CD0     		beq	.L267
 3472              	.L258:
1750:Middlewares/Third_Party/FreeRTOS/Source/tasks.c **** 
 3473              		.loc 1 1750 3 is_stmt 1 view .LVU952
 3474 0050 FFF7FEFF 		bl	vPortExitCritical
 3475              	.LVL232:
1752:Middlewares/Third_Party/FreeRTOS/Source/tasks.c **** 		{
 3476              		.loc 1 1752 3 view .LVU953
1752:Middlewares/Third_Party/FreeRTOS/Source/tasks.c **** 		{
 3477              		.loc 1 1752 25 is_stmt 0 view .LVU954
 3478 0054 214B     		ldr	r3, .L270+12
 3479 0056 1B68     		ldr	r3, [r3]
1752:Middlewares/Third_Party/FreeRTOS/Source/tasks.c **** 		{
 3480              		.loc 1 1752 5 view .LVU955
 3481 0058 5BB9     		cbnz	r3, .L268
 3482              	.L259:
1764:Middlewares/Third_Party/FreeRTOS/Source/tasks.c **** 		}
 3483              		.loc 1 1764 28 is_stmt 1 view .LVU956
1767:Middlewares/Third_Party/FreeRTOS/Source/tasks.c **** 		{
 3484              		.loc 1 1767 3 view .LVU957
1767:Middlewares/Third_Party/FreeRTOS/Source/tasks.c **** 		{
 3485              		.loc 1 1767 13 is_stmt 0 view .LVU958
 3486 005a 214B     		ldr	r3, .L270+16
 3487 005c 1B68     		ldr	r3, [r3]
1767:Middlewares/Third_Party/FreeRTOS/Source/tasks.c **** 		{
 3488              		.loc 1 1767 5 view .LVU959
 3489 005e A342     		cmp	r3, r4
 3490 0060 0ED0     		beq	.L269
 3491              	.L254:
1798:Middlewares/Third_Party/FreeRTOS/Source/tasks.c **** 
 3492              		.loc 1 1798 2 view .LVU960
 3493 0062 38BD     		pop	{r3, r4, r5, pc}
 3494              	.LVL233:
 3495              	.L266:
1712:Middlewares/Third_Party/FreeRTOS/Source/tasks.c **** 
 3496              		.loc 1 1712 12 discriminator 1 view .LVU961
 3497 0064 1E4B     		ldr	r3, .L270+16
 3498 0066 1C68     		ldr	r4, [r3]
 3499              	.LVL234:
1712:Middlewares/Third_Party/FreeRTOS/Source/tasks.c **** 
 3500              		.loc 1 1712 12 discriminator 1 view .LVU962
 3501 0068 CFE7     		b	.L255
 3502              	.LVL235:
 3503              	.L267:
1745:Middlewares/Third_Party/FreeRTOS/Source/tasks.c **** 				}
 3504              		.loc 1 1745 6 is_stmt 1 view .LVU963
1745:Middlewares/Third_Party/FreeRTOS/Source/tasks.c **** 				}
 3505              		.loc 1 1745 27 is_stmt 0 view .LVU964
 3506 006a 0023     		movs	r3, #0
 3507 006c 84F85030 		strb	r3, [r4, #80]
 3508 0070 EEE7     		b	.L258
 3509              	.L268:
1756:Middlewares/Third_Party/FreeRTOS/Source/tasks.c **** 			{
 3510              		.loc 1 1756 4 is_stmt 1 view .LVU965
ARM GAS  D:\software\msy64\tmp\ccHzaEXX.s 			page 174


 3511 0072 FFF7FEFF 		bl	vPortEnterCritical
 3512              	.LVL236:
1758:Middlewares/Third_Party/FreeRTOS/Source/tasks.c **** 			}
 3513              		.loc 1 1758 5 view .LVU966
 3514 0076 FFF7FEFF 		bl	prvResetNextTaskUnblockTime
 3515              	.LVL237:
1760:Middlewares/Third_Party/FreeRTOS/Source/tasks.c **** 		}
 3516              		.loc 1 1760 4 view .LVU967
 3517 007a FFF7FEFF 		bl	vPortExitCritical
 3518              	.LVL238:
 3519 007e ECE7     		b	.L259
 3520              	.L269:
1769:Middlewares/Third_Party/FreeRTOS/Source/tasks.c **** 			{
 3521              		.loc 1 1769 4 view .LVU968
1769:Middlewares/Third_Party/FreeRTOS/Source/tasks.c **** 			{
 3522              		.loc 1 1769 26 is_stmt 0 view .LVU969
 3523 0080 164B     		ldr	r3, .L270+12
 3524 0082 1B68     		ldr	r3, [r3]
1769:Middlewares/Third_Party/FreeRTOS/Source/tasks.c **** 			{
 3525              		.loc 1 1769 6 view .LVU970
 3526 0084 B3B1     		cbz	r3, .L261
1772:Middlewares/Third_Party/FreeRTOS/Source/tasks.c **** 				portYIELD_WITHIN_API();
 3527              		.loc 1 1772 5 is_stmt 1 view .LVU971
 3528 0086 174B     		ldr	r3, .L270+20
 3529 0088 1B68     		ldr	r3, [r3]
 3530 008a 43B1     		cbz	r3, .L262
1772:Middlewares/Third_Party/FreeRTOS/Source/tasks.c **** 				portYIELD_WITHIN_API();
 3531              		.loc 1 1772 5 discriminator 1 view .LVU972
 3532              	.LBB172:
 3533              	.LBI172:
 193:Middlewares/Third_Party/FreeRTOS/Source/portable/GCC/ARM_CM3/portmacro.h **** {
 3534              		.loc 2 193 30 view .LVU973
 3535              	.LBB173:
 195:Middlewares/Third_Party/FreeRTOS/Source/portable/GCC/ARM_CM3/portmacro.h **** 
 3536              		.loc 2 195 1 view .LVU974
 197:Middlewares/Third_Party/FreeRTOS/Source/portable/GCC/ARM_CM3/portmacro.h **** 	(
 3537              		.loc 2 197 2 view .LVU975
 3538              		.syntax unified
 3539              	@ 197 "Middlewares/Third_Party/FreeRTOS/Source/portable/GCC/ARM_CM3/portmacro.h" 1
 3540 008c 4FF05003 			mov r3, #80												
 3541 0090 83F31188 		msr basepri, r3											
 3542 0094 BFF36F8F 		isb														
 3543 0098 BFF34F8F 		dsb														
 3544              	
 3545              	@ 0 "" 2
 3546              		.thumb
 3547              		.syntax unified
 3548              	.L263:
 3549              	.LBE173:
 3550              	.LBE172:
1772:Middlewares/Third_Party/FreeRTOS/Source/tasks.c **** 				portYIELD_WITHIN_API();
 3551              		.loc 1 1772 5 discriminator 3 view .LVU976
1772:Middlewares/Third_Party/FreeRTOS/Source/tasks.c **** 				portYIELD_WITHIN_API();
 3552              		.loc 1 1772 5 discriminator 3 view .LVU977
 3553 009c FEE7     		b	.L263
 3554              	.L262:
1772:Middlewares/Third_Party/FreeRTOS/Source/tasks.c **** 				portYIELD_WITHIN_API();
ARM GAS  D:\software\msy64\tmp\ccHzaEXX.s 			page 175


 3555              		.loc 1 1772 46 discriminator 2 view .LVU978
1773:Middlewares/Third_Party/FreeRTOS/Source/tasks.c **** 			}
 3556              		.loc 1 1773 5 view .LVU979
 3557 009e 4FF0E023 		mov	r3, #-536813568
 3558 00a2 4FF08052 		mov	r2, #268435456
 3559 00a6 C3F8042D 		str	r2, [r3, #3332]
1773:Middlewares/Third_Party/FreeRTOS/Source/tasks.c **** 			}
 3560              		.loc 1 1773 5 view .LVU980
 3561              		.syntax unified
 3562              	@ 1773 "Middlewares/Third_Party/FreeRTOS/Source/tasks.c" 1
 3563 00aa BFF34F8F 		dsb
 3564              	@ 0 "" 2
1773:Middlewares/Third_Party/FreeRTOS/Source/tasks.c **** 			}
 3565              		.loc 1 1773 5 view .LVU981
 3566              	@ 1773 "Middlewares/Third_Party/FreeRTOS/Source/tasks.c" 1
 3567 00ae BFF36F8F 		isb
 3568              	@ 0 "" 2
1773:Middlewares/Third_Party/FreeRTOS/Source/tasks.c **** 			}
 3569              		.loc 1 1773 27 view .LVU982
 3570              		.thumb
 3571              		.syntax unified
 3572 00b2 D6E7     		b	.L254
 3573              	.L261:
1780:Middlewares/Third_Party/FreeRTOS/Source/tasks.c **** 				{
 3574              		.loc 1 1780 5 view .LVU983
1780:Middlewares/Third_Party/FreeRTOS/Source/tasks.c **** 				{
 3575              		.loc 1 1780 9 is_stmt 0 view .LVU984
 3576 00b4 084B     		ldr	r3, .L270+8
 3577 00b6 1A68     		ldr	r2, [r3]
1780:Middlewares/Third_Party/FreeRTOS/Source/tasks.c **** 				{
 3578              		.loc 1 1780 56 view .LVU985
 3579 00b8 0B4B     		ldr	r3, .L270+24
 3580 00ba 1B68     		ldr	r3, [r3]
1780:Middlewares/Third_Party/FreeRTOS/Source/tasks.c **** 				{
 3581              		.loc 1 1780 7 view .LVU986
 3582 00bc 9A42     		cmp	r2, r3
 3583 00be 03D1     		bne	.L264
1786:Middlewares/Third_Party/FreeRTOS/Source/tasks.c **** 				}
 3584              		.loc 1 1786 6 is_stmt 1 view .LVU987
1786:Middlewares/Third_Party/FreeRTOS/Source/tasks.c **** 				}
 3585              		.loc 1 1786 19 is_stmt 0 view .LVU988
 3586 00c0 074B     		ldr	r3, .L270+16
 3587 00c2 0022     		movs	r2, #0
 3588 00c4 1A60     		str	r2, [r3]
 3589 00c6 CCE7     		b	.L254
 3590              	.L264:
1790:Middlewares/Third_Party/FreeRTOS/Source/tasks.c **** 				}
 3591              		.loc 1 1790 6 is_stmt 1 view .LVU989
 3592 00c8 FFF7FEFF 		bl	vTaskSwitchContext
 3593              	.LVL239:
1796:Middlewares/Third_Party/FreeRTOS/Source/tasks.c **** 		}
 3594              		.loc 1 1796 28 view .LVU990
1798:Middlewares/Third_Party/FreeRTOS/Source/tasks.c **** 
 3595              		.loc 1 1798 2 is_stmt 0 view .LVU991
 3596 00cc C9E7     		b	.L254
 3597              	.L271:
 3598 00ce 00BF     		.align	2
ARM GAS  D:\software\msy64\tmp\ccHzaEXX.s 			page 176


 3599              	.L270:
 3600 00d0 00000000 		.word	pxReadyTasksLists
 3601 00d4 00000000 		.word	uxTopReadyPriority
 3602 00d8 00000000 		.word	xSuspendedTaskList
 3603 00dc 00000000 		.word	xSchedulerRunning
 3604 00e0 00000000 		.word	pxCurrentTCB
 3605 00e4 00000000 		.word	uxSchedulerSuspended
 3606 00e8 00000000 		.word	uxCurrentNumberOfTasks
 3607              		.cfi_endproc
 3608              	.LFE14:
 3610              		.section	.text.vTaskPlaceOnEventList,"ax",%progbits
 3611              		.align	1
 3612              		.global	vTaskPlaceOnEventList
 3613              		.syntax unified
 3614              		.thumb
 3615              		.thumb_func
 3617              	vTaskPlaceOnEventList:
 3618              	.LVL240:
 3619              	.LFB29:
3065:Middlewares/Third_Party/FreeRTOS/Source/tasks.c **** 	configASSERT( pxEventList );
 3620              		.loc 1 3065 1 is_stmt 1 view -0
 3621              		.cfi_startproc
 3622              		@ args = 0, pretend = 0, frame = 0
 3623              		@ frame_needed = 0, uses_anonymous_args = 0
3066:Middlewares/Third_Party/FreeRTOS/Source/tasks.c **** 
 3624              		.loc 1 3066 2 view .LVU993
 3625 0000 58B1     		cbz	r0, .L277
3065:Middlewares/Third_Party/FreeRTOS/Source/tasks.c **** 	configASSERT( pxEventList );
 3626              		.loc 1 3065 1 is_stmt 0 view .LVU994
 3627 0002 10B5     		push	{r4, lr}
 3628              	.LCFI30:
 3629              		.cfi_def_cfa_offset 8
 3630              		.cfi_offset 4, -8
 3631              		.cfi_offset 14, -4
 3632 0004 0C46     		mov	r4, r1
3066:Middlewares/Third_Party/FreeRTOS/Source/tasks.c **** 
 3633              		.loc 1 3066 29 is_stmt 1 discriminator 2 view .LVU995
3075:Middlewares/Third_Party/FreeRTOS/Source/tasks.c **** 
 3634              		.loc 1 3075 2 view .LVU996
3075:Middlewares/Third_Party/FreeRTOS/Source/tasks.c **** 
 3635              		.loc 1 3075 43 is_stmt 0 view .LVU997
 3636 0006 094A     		ldr	r2, .L278
 3637 0008 1168     		ldr	r1, [r2]
 3638              	.LVL241:
3075:Middlewares/Third_Party/FreeRTOS/Source/tasks.c **** 
 3639              		.loc 1 3075 2 view .LVU998
 3640 000a 1831     		adds	r1, r1, #24
 3641 000c FFF7FEFF 		bl	vListInsert
 3642              	.LVL242:
3077:Middlewares/Third_Party/FreeRTOS/Source/tasks.c **** }
 3643              		.loc 1 3077 2 is_stmt 1 view .LVU999
 3644 0010 0121     		movs	r1, #1
 3645 0012 2046     		mov	r0, r4
 3646 0014 FFF7FEFF 		bl	prvAddCurrentTaskToDelayedList
 3647              	.LVL243:
3078:Middlewares/Third_Party/FreeRTOS/Source/tasks.c **** /*-----------------------------------------------------------*/
 3648              		.loc 1 3078 1 is_stmt 0 view .LVU1000
ARM GAS  D:\software\msy64\tmp\ccHzaEXX.s 			page 177


 3649 0018 10BD     		pop	{r4, pc}
 3650              	.LVL244:
 3651              	.L277:
 3652              	.LCFI31:
 3653              		.cfi_def_cfa_offset 0
 3654              		.cfi_restore 4
 3655              		.cfi_restore 14
3066:Middlewares/Third_Party/FreeRTOS/Source/tasks.c **** 
 3656              		.loc 1 3066 2 is_stmt 1 discriminator 1 view .LVU1001
 3657              	.LBB174:
 3658              	.LBI174:
 193:Middlewares/Third_Party/FreeRTOS/Source/portable/GCC/ARM_CM3/portmacro.h **** {
 3659              		.loc 2 193 30 view .LVU1002
 3660              	.LBB175:
 195:Middlewares/Third_Party/FreeRTOS/Source/portable/GCC/ARM_CM3/portmacro.h **** 
 3661              		.loc 2 195 1 view .LVU1003
 197:Middlewares/Third_Party/FreeRTOS/Source/portable/GCC/ARM_CM3/portmacro.h **** 	(
 3662              		.loc 2 197 2 view .LVU1004
 3663              		.syntax unified
 3664              	@ 197 "Middlewares/Third_Party/FreeRTOS/Source/portable/GCC/ARM_CM3/portmacro.h" 1
 3665 001a 4FF05003 			mov r3, #80												
 3666 001e 83F31188 		msr basepri, r3											
 3667 0022 BFF36F8F 		isb														
 3668 0026 BFF34F8F 		dsb														
 3669              	
 3670              	@ 0 "" 2
 3671              		.thumb
 3672              		.syntax unified
 3673              	.L274:
 3674              	.LBE175:
 3675              	.LBE174:
3066:Middlewares/Third_Party/FreeRTOS/Source/tasks.c **** 
 3676              		.loc 1 3066 2 discriminator 3 view .LVU1005
3066:Middlewares/Third_Party/FreeRTOS/Source/tasks.c **** 
 3677              		.loc 1 3066 2 discriminator 3 view .LVU1006
 3678 002a FEE7     		b	.L274
 3679              	.L279:
 3680              		.align	2
 3681              	.L278:
 3682 002c 00000000 		.word	pxCurrentTCB
 3683              		.cfi_endproc
 3684              	.LFE29:
 3686              		.section	.text.vTaskPlaceOnUnorderedEventList,"ax",%progbits
 3687              		.align	1
 3688              		.global	vTaskPlaceOnUnorderedEventList
 3689              		.syntax unified
 3690              		.thumb
 3691              		.thumb_func
 3693              	vTaskPlaceOnUnorderedEventList:
 3694              	.LVL245:
 3695              	.LFB30:
3082:Middlewares/Third_Party/FreeRTOS/Source/tasks.c **** 	configASSERT( pxEventList );
 3696              		.loc 1 3082 1 view -0
 3697              		.cfi_startproc
 3698              		@ args = 0, pretend = 0, frame = 0
 3699              		@ frame_needed = 0, uses_anonymous_args = 0
3083:Middlewares/Third_Party/FreeRTOS/Source/tasks.c **** 
ARM GAS  D:\software\msy64\tmp\ccHzaEXX.s 			page 178


 3700              		.loc 1 3083 2 view .LVU1008
 3701 0000 70B1     		cbz	r0, .L287
3082:Middlewares/Third_Party/FreeRTOS/Source/tasks.c **** 	configASSERT( pxEventList );
 3702              		.loc 1 3082 1 is_stmt 0 view .LVU1009
 3703 0002 10B5     		push	{r4, lr}
 3704              	.LCFI32:
 3705              		.cfi_def_cfa_offset 8
 3706              		.cfi_offset 4, -8
 3707              		.cfi_offset 14, -4
 3708 0004 1446     		mov	r4, r2
 3709 0006 0246     		mov	r2, r0
 3710              	.LVL246:
3083:Middlewares/Third_Party/FreeRTOS/Source/tasks.c **** 
 3711              		.loc 1 3083 29 is_stmt 1 discriminator 2 view .LVU1010
3087:Middlewares/Third_Party/FreeRTOS/Source/tasks.c **** 
 3712              		.loc 1 3087 2 view .LVU1011
 3713 0008 114B     		ldr	r3, .L288
 3714 000a 1B68     		ldr	r3, [r3]
 3715 000c 8BB9     		cbnz	r3, .L283
3087:Middlewares/Third_Party/FreeRTOS/Source/tasks.c **** 
 3716              		.loc 1 3087 2 discriminator 1 view .LVU1012
 3717              	.LBB176:
 3718              	.LBI176:
 193:Middlewares/Third_Party/FreeRTOS/Source/portable/GCC/ARM_CM3/portmacro.h **** {
 3719              		.loc 2 193 30 view .LVU1013
 3720              	.LBB177:
 195:Middlewares/Third_Party/FreeRTOS/Source/portable/GCC/ARM_CM3/portmacro.h **** 
 3721              		.loc 2 195 1 view .LVU1014
 197:Middlewares/Third_Party/FreeRTOS/Source/portable/GCC/ARM_CM3/portmacro.h **** 	(
 3722              		.loc 2 197 2 view .LVU1015
 3723              		.syntax unified
 3724              	@ 197 "Middlewares/Third_Party/FreeRTOS/Source/portable/GCC/ARM_CM3/portmacro.h" 1
 3725 000e 4FF05003 			mov r3, #80												
 3726 0012 83F31188 		msr basepri, r3											
 3727 0016 BFF36F8F 		isb														
 3728 001a BFF34F8F 		dsb														
 3729              	
 3730              	@ 0 "" 2
 3731              		.thumb
 3732              		.syntax unified
 3733              	.L284:
 3734              	.LBE177:
 3735              	.LBE176:
3087:Middlewares/Third_Party/FreeRTOS/Source/tasks.c **** 
 3736              		.loc 1 3087 2 discriminator 3 view .LVU1016
3087:Middlewares/Third_Party/FreeRTOS/Source/tasks.c **** 
 3737              		.loc 1 3087 2 discriminator 3 view .LVU1017
 3738 001e FEE7     		b	.L284
 3739              	.LVL247:
 3740              	.L287:
 3741              	.LCFI33:
 3742              		.cfi_def_cfa_offset 0
 3743              		.cfi_restore 4
 3744              		.cfi_restore 14
3083:Middlewares/Third_Party/FreeRTOS/Source/tasks.c **** 
 3745              		.loc 1 3083 2 discriminator 1 view .LVU1018
 3746              	.LBB178:
ARM GAS  D:\software\msy64\tmp\ccHzaEXX.s 			page 179


 3747              	.LBI178:
 193:Middlewares/Third_Party/FreeRTOS/Source/portable/GCC/ARM_CM3/portmacro.h **** {
 3748              		.loc 2 193 30 view .LVU1019
 3749              	.LBB179:
 195:Middlewares/Third_Party/FreeRTOS/Source/portable/GCC/ARM_CM3/portmacro.h **** 
 3750              		.loc 2 195 1 view .LVU1020
 197:Middlewares/Third_Party/FreeRTOS/Source/portable/GCC/ARM_CM3/portmacro.h **** 	(
 3751              		.loc 2 197 2 view .LVU1021
 3752              		.syntax unified
 3753              	@ 197 "Middlewares/Third_Party/FreeRTOS/Source/portable/GCC/ARM_CM3/portmacro.h" 1
 3754 0020 4FF05003 			mov r3, #80												
 3755 0024 83F31188 		msr basepri, r3											
 3756 0028 BFF36F8F 		isb														
 3757 002c BFF34F8F 		dsb														
 3758              	
 3759              	@ 0 "" 2
 3760              		.thumb
 3761              		.syntax unified
 3762              	.L282:
 3763              	.LBE179:
 3764              	.LBE178:
3083:Middlewares/Third_Party/FreeRTOS/Source/tasks.c **** 
 3765              		.loc 1 3083 2 discriminator 3 view .LVU1022
3083:Middlewares/Third_Party/FreeRTOS/Source/tasks.c **** 
 3766              		.loc 1 3083 2 discriminator 3 view .LVU1023
 3767 0030 FEE7     		b	.L282
 3768              	.LVL248:
 3769              	.L283:
 3770              	.LCFI34:
 3771              		.cfi_def_cfa_offset 8
 3772              		.cfi_offset 4, -8
 3773              		.cfi_offset 14, -4
3087:Middlewares/Third_Party/FreeRTOS/Source/tasks.c **** 
 3774              		.loc 1 3087 43 discriminator 2 view .LVU1024
3092:Middlewares/Third_Party/FreeRTOS/Source/tasks.c **** 
 3775              		.loc 1 3092 2 view .LVU1025
 3776 0032 084B     		ldr	r3, .L288+4
 3777 0034 1868     		ldr	r0, [r3]
 3778              	.LVL249:
3092:Middlewares/Third_Party/FreeRTOS/Source/tasks.c **** 
 3779              		.loc 1 3092 2 is_stmt 0 view .LVU1026
 3780 0036 41F00041 		orr	r1, r1, #-2147483648
 3781              	.LVL250:
3092:Middlewares/Third_Party/FreeRTOS/Source/tasks.c **** 
 3782              		.loc 1 3092 2 view .LVU1027
 3783 003a 8161     		str	r1, [r0, #24]
3099:Middlewares/Third_Party/FreeRTOS/Source/tasks.c **** 
 3784              		.loc 1 3099 2 is_stmt 1 view .LVU1028
3099:Middlewares/Third_Party/FreeRTOS/Source/tasks.c **** 
 3785              		.loc 1 3099 46 is_stmt 0 view .LVU1029
 3786 003c 1968     		ldr	r1, [r3]
3099:Middlewares/Third_Party/FreeRTOS/Source/tasks.c **** 
 3787              		.loc 1 3099 2 view .LVU1030
 3788 003e 1831     		adds	r1, r1, #24
 3789 0040 1046     		mov	r0, r2
 3790 0042 FFF7FEFF 		bl	vListInsertEnd
 3791              	.LVL251:
ARM GAS  D:\software\msy64\tmp\ccHzaEXX.s 			page 180


3101:Middlewares/Third_Party/FreeRTOS/Source/tasks.c **** }
 3792              		.loc 1 3101 2 is_stmt 1 view .LVU1031
 3793 0046 0121     		movs	r1, #1
 3794 0048 2046     		mov	r0, r4
 3795 004a FFF7FEFF 		bl	prvAddCurrentTaskToDelayedList
 3796              	.LVL252:
3102:Middlewares/Third_Party/FreeRTOS/Source/tasks.c **** /*-----------------------------------------------------------*/
 3797              		.loc 1 3102 1 is_stmt 0 view .LVU1032
 3798 004e 10BD     		pop	{r4, pc}
 3799              	.LVL253:
 3800              	.L289:
3102:Middlewares/Third_Party/FreeRTOS/Source/tasks.c **** /*-----------------------------------------------------------*/
 3801              		.loc 1 3102 1 view .LVU1033
 3802              		.align	2
 3803              	.L288:
 3804 0050 00000000 		.word	uxSchedulerSuspended
 3805 0054 00000000 		.word	pxCurrentTCB
 3806              		.cfi_endproc
 3807              	.LFE30:
 3809              		.section	.text.xTaskRemoveFromEventList,"ax",%progbits
 3810              		.align	1
 3811              		.global	xTaskRemoveFromEventList
 3812              		.syntax unified
 3813              		.thumb
 3814              		.thumb_func
 3816              	xTaskRemoveFromEventList:
 3817              	.LVL254:
 3818              	.LFB31:
3139:Middlewares/Third_Party/FreeRTOS/Source/tasks.c **** TCB_t *pxUnblockedTCB;
 3819              		.loc 1 3139 1 is_stmt 1 view -0
 3820              		.cfi_startproc
 3821              		@ args = 0, pretend = 0, frame = 0
 3822              		@ frame_needed = 0, uses_anonymous_args = 0
3139:Middlewares/Third_Party/FreeRTOS/Source/tasks.c **** TCB_t *pxUnblockedTCB;
 3823              		.loc 1 3139 1 is_stmt 0 view .LVU1035
 3824 0000 38B5     		push	{r3, r4, r5, lr}
 3825              	.LCFI35:
 3826              		.cfi_def_cfa_offset 16
 3827              		.cfi_offset 3, -16
 3828              		.cfi_offset 4, -12
 3829              		.cfi_offset 5, -8
 3830              		.cfi_offset 14, -4
3140:Middlewares/Third_Party/FreeRTOS/Source/tasks.c **** BaseType_t xReturn;
 3831              		.loc 1 3140 1 is_stmt 1 view .LVU1036
3141:Middlewares/Third_Party/FreeRTOS/Source/tasks.c **** 
 3832              		.loc 1 3141 1 view .LVU1037
3156:Middlewares/Third_Party/FreeRTOS/Source/tasks.c **** 	configASSERT( pxUnblockedTCB );
 3833              		.loc 1 3156 2 view .LVU1038
3156:Middlewares/Third_Party/FreeRTOS/Source/tasks.c **** 	configASSERT( pxUnblockedTCB );
 3834              		.loc 1 3156 19 is_stmt 0 view .LVU1039
 3835 0002 C368     		ldr	r3, [r0, #12]
3156:Middlewares/Third_Party/FreeRTOS/Source/tasks.c **** 	configASSERT( pxUnblockedTCB );
 3836              		.loc 1 3156 17 view .LVU1040
 3837 0004 DC68     		ldr	r4, [r3, #12]
 3838              	.LVL255:
3157:Middlewares/Third_Party/FreeRTOS/Source/tasks.c **** 	( void ) uxListRemove( &( pxUnblockedTCB->xEventListItem ) );
 3839              		.loc 1 3157 2 is_stmt 1 view .LVU1041
ARM GAS  D:\software\msy64\tmp\ccHzaEXX.s 			page 181


 3840 0006 24B3     		cbz	r4, .L298
3157:Middlewares/Third_Party/FreeRTOS/Source/tasks.c **** 	( void ) uxListRemove( &( pxUnblockedTCB->xEventListItem ) );
 3841              		.loc 1 3157 32 discriminator 2 view .LVU1042
3158:Middlewares/Third_Party/FreeRTOS/Source/tasks.c **** 
 3842              		.loc 1 3158 2 view .LVU1043
3158:Middlewares/Third_Party/FreeRTOS/Source/tasks.c **** 
 3843              		.loc 1 3158 11 is_stmt 0 view .LVU1044
 3844 0008 04F11805 		add	r5, r4, #24
 3845 000c 2846     		mov	r0, r5
 3846              	.LVL256:
3158:Middlewares/Third_Party/FreeRTOS/Source/tasks.c **** 
 3847              		.loc 1 3158 11 view .LVU1045
 3848 000e FFF7FEFF 		bl	uxListRemove
 3849              	.LVL257:
3160:Middlewares/Third_Party/FreeRTOS/Source/tasks.c **** 	{
 3850              		.loc 1 3160 2 is_stmt 1 view .LVU1046
3160:Middlewares/Third_Party/FreeRTOS/Source/tasks.c **** 	{
 3851              		.loc 1 3160 27 is_stmt 0 view .LVU1047
 3852 0012 184B     		ldr	r3, .L299
 3853 0014 1B68     		ldr	r3, [r3]
3160:Middlewares/Third_Party/FreeRTOS/Source/tasks.c **** 	{
 3854              		.loc 1 3160 4 view .LVU1048
 3855 0016 2BBB     		cbnz	r3, .L293
3162:Middlewares/Third_Party/FreeRTOS/Source/tasks.c **** 		prvAddTaskToReadyList( pxUnblockedTCB );
 3856              		.loc 1 3162 3 is_stmt 1 view .LVU1049
3162:Middlewares/Third_Party/FreeRTOS/Source/tasks.c **** 		prvAddTaskToReadyList( pxUnblockedTCB );
 3857              		.loc 1 3162 12 is_stmt 0 view .LVU1050
 3858 0018 251D     		adds	r5, r4, #4
 3859 001a 2846     		mov	r0, r5
 3860 001c FFF7FEFF 		bl	uxListRemove
 3861              	.LVL258:
3163:Middlewares/Third_Party/FreeRTOS/Source/tasks.c **** 
 3862              		.loc 1 3163 3 is_stmt 1 view .LVU1051
3163:Middlewares/Third_Party/FreeRTOS/Source/tasks.c **** 
 3863              		.loc 1 3163 3 view .LVU1052
 3864 0020 E06A     		ldr	r0, [r4, #44]
 3865 0022 0123     		movs	r3, #1
 3866 0024 8340     		lsls	r3, r3, r0
 3867 0026 144A     		ldr	r2, .L299+4
 3868 0028 1168     		ldr	r1, [r2]
 3869 002a 0B43     		orrs	r3, r3, r1
 3870 002c 1360     		str	r3, [r2]
3163:Middlewares/Third_Party/FreeRTOS/Source/tasks.c **** 
 3871              		.loc 1 3163 3 view .LVU1053
 3872 002e 00EB8000 		add	r0, r0, r0, lsl #2
 3873 0032 2946     		mov	r1, r5
 3874 0034 114B     		ldr	r3, .L299+8
 3875 0036 03EB8000 		add	r0, r3, r0, lsl #2
 3876 003a FFF7FEFF 		bl	vListInsertEnd
 3877              	.LVL259:
3163:Middlewares/Third_Party/FreeRTOS/Source/tasks.c **** 
 3878              		.loc 1 3163 42 discriminator 1 view .LVU1054
 3879              	.L294:
3186:Middlewares/Third_Party/FreeRTOS/Source/tasks.c **** 	{
 3880              		.loc 1 3186 2 view .LVU1055
3186:Middlewares/Third_Party/FreeRTOS/Source/tasks.c **** 	{
 3881              		.loc 1 3186 20 is_stmt 0 view .LVU1056
ARM GAS  D:\software\msy64\tmp\ccHzaEXX.s 			page 182


 3882 003e E26A     		ldr	r2, [r4, #44]
3186:Middlewares/Third_Party/FreeRTOS/Source/tasks.c **** 	{
 3883              		.loc 1 3186 47 view .LVU1057
 3884 0040 0F4B     		ldr	r3, .L299+12
 3885 0042 1B68     		ldr	r3, [r3]
 3886 0044 DB6A     		ldr	r3, [r3, #44]
3186:Middlewares/Third_Party/FreeRTOS/Source/tasks.c **** 	{
 3887              		.loc 1 3186 4 view .LVU1058
 3888 0046 9A42     		cmp	r2, r3
 3889 0048 11D9     		bls	.L296
3191:Middlewares/Third_Party/FreeRTOS/Source/tasks.c **** 
 3890              		.loc 1 3191 3 is_stmt 1 view .LVU1059
 3891              	.LVL260:
3195:Middlewares/Third_Party/FreeRTOS/Source/tasks.c **** 	}
 3892              		.loc 1 3195 3 view .LVU1060
3195:Middlewares/Third_Party/FreeRTOS/Source/tasks.c **** 	}
 3893              		.loc 1 3195 17 is_stmt 0 view .LVU1061
 3894 004a 0120     		movs	r0, #1
 3895 004c 0D4B     		ldr	r3, .L299+16
 3896 004e 1860     		str	r0, [r3]
 3897              	.LVL261:
 3898              	.L290:
3203:Middlewares/Third_Party/FreeRTOS/Source/tasks.c **** /*-----------------------------------------------------------*/
 3899              		.loc 1 3203 1 view .LVU1062
 3900 0050 38BD     		pop	{r3, r4, r5, pc}
 3901              	.LVL262:
 3902              	.L298:
3157:Middlewares/Third_Party/FreeRTOS/Source/tasks.c **** 	( void ) uxListRemove( &( pxUnblockedTCB->xEventListItem ) );
 3903              		.loc 1 3157 2 is_stmt 1 discriminator 1 view .LVU1063
 3904              	.LBB180:
 3905              	.LBI180:
 193:Middlewares/Third_Party/FreeRTOS/Source/portable/GCC/ARM_CM3/portmacro.h **** {
 3906              		.loc 2 193 30 view .LVU1064
 3907              	.LBB181:
 195:Middlewares/Third_Party/FreeRTOS/Source/portable/GCC/ARM_CM3/portmacro.h **** 
 3908              		.loc 2 195 1 view .LVU1065
 197:Middlewares/Third_Party/FreeRTOS/Source/portable/GCC/ARM_CM3/portmacro.h **** 	(
 3909              		.loc 2 197 2 view .LVU1066
 3910              		.syntax unified
 3911              	@ 197 "Middlewares/Third_Party/FreeRTOS/Source/portable/GCC/ARM_CM3/portmacro.h" 1
 3912 0052 4FF05003 			mov r3, #80												
 3913 0056 83F31188 		msr basepri, r3											
 3914 005a BFF36F8F 		isb														
 3915 005e BFF34F8F 		dsb														
 3916              	
 3917              	@ 0 "" 2
 3918              		.thumb
 3919              		.syntax unified
 3920              	.L292:
 3921              	.LBE181:
 3922              	.LBE180:
3157:Middlewares/Third_Party/FreeRTOS/Source/tasks.c **** 	( void ) uxListRemove( &( pxUnblockedTCB->xEventListItem ) );
 3923              		.loc 1 3157 2 discriminator 3 view .LVU1067
3157:Middlewares/Third_Party/FreeRTOS/Source/tasks.c **** 	( void ) uxListRemove( &( pxUnblockedTCB->xEventListItem ) );
 3924              		.loc 1 3157 2 discriminator 3 view .LVU1068
 3925 0062 FEE7     		b	.L292
 3926              	.LVL263:
ARM GAS  D:\software\msy64\tmp\ccHzaEXX.s 			page 183


 3927              	.L293:
3183:Middlewares/Third_Party/FreeRTOS/Source/tasks.c **** 	}
 3928              		.loc 1 3183 3 view .LVU1069
 3929 0064 2946     		mov	r1, r5
 3930 0066 0848     		ldr	r0, .L299+20
 3931 0068 FFF7FEFF 		bl	vListInsertEnd
 3932              	.LVL264:
 3933 006c E7E7     		b	.L294
 3934              	.L296:
3199:Middlewares/Third_Party/FreeRTOS/Source/tasks.c **** 	}
 3935              		.loc 1 3199 11 is_stmt 0 view .LVU1070
 3936 006e 0020     		movs	r0, #0
 3937              	.LVL265:
3202:Middlewares/Third_Party/FreeRTOS/Source/tasks.c **** }
 3938              		.loc 1 3202 2 is_stmt 1 view .LVU1071
3202:Middlewares/Third_Party/FreeRTOS/Source/tasks.c **** }
 3939              		.loc 1 3202 9 is_stmt 0 view .LVU1072
 3940 0070 EEE7     		b	.L290
 3941              	.L300:
 3942 0072 00BF     		.align	2
 3943              	.L299:
 3944 0074 00000000 		.word	uxSchedulerSuspended
 3945 0078 00000000 		.word	uxTopReadyPriority
 3946 007c 00000000 		.word	pxReadyTasksLists
 3947 0080 00000000 		.word	pxCurrentTCB
 3948 0084 00000000 		.word	xYieldPending
 3949 0088 00000000 		.word	xPendingReadyList
 3950              		.cfi_endproc
 3951              	.LFE31:
 3953              		.section	.text.vTaskRemoveFromUnorderedEventList,"ax",%progbits
 3954              		.align	1
 3955              		.global	vTaskRemoveFromUnorderedEventList
 3956              		.syntax unified
 3957              		.thumb
 3958              		.thumb_func
 3960              	vTaskRemoveFromUnorderedEventList:
 3961              	.LVL266:
 3962              	.LFB32:
3207:Middlewares/Third_Party/FreeRTOS/Source/tasks.c **** TCB_t *pxUnblockedTCB;
 3963              		.loc 1 3207 1 is_stmt 1 view -0
 3964              		.cfi_startproc
 3965              		@ args = 0, pretend = 0, frame = 0
 3966              		@ frame_needed = 0, uses_anonymous_args = 0
3207:Middlewares/Third_Party/FreeRTOS/Source/tasks.c **** TCB_t *pxUnblockedTCB;
 3967              		.loc 1 3207 1 is_stmt 0 view .LVU1074
 3968 0000 38B5     		push	{r3, r4, r5, lr}
 3969              	.LCFI36:
 3970              		.cfi_def_cfa_offset 16
 3971              		.cfi_offset 3, -16
 3972              		.cfi_offset 4, -12
 3973              		.cfi_offset 5, -8
 3974              		.cfi_offset 14, -4
3208:Middlewares/Third_Party/FreeRTOS/Source/tasks.c **** 
 3975              		.loc 1 3208 1 is_stmt 1 view .LVU1075
3212:Middlewares/Third_Party/FreeRTOS/Source/tasks.c **** 
 3976              		.loc 1 3212 2 view .LVU1076
 3977 0002 1C4B     		ldr	r3, .L309
ARM GAS  D:\software\msy64\tmp\ccHzaEXX.s 			page 184


 3978 0004 1B68     		ldr	r3, [r3]
 3979 0006 43B9     		cbnz	r3, .L302
3212:Middlewares/Third_Party/FreeRTOS/Source/tasks.c **** 
 3980              		.loc 1 3212 2 discriminator 1 view .LVU1077
 3981              	.LBB182:
 3982              	.LBI182:
 193:Middlewares/Third_Party/FreeRTOS/Source/portable/GCC/ARM_CM3/portmacro.h **** {
 3983              		.loc 2 193 30 view .LVU1078
 3984              	.LBB183:
 195:Middlewares/Third_Party/FreeRTOS/Source/portable/GCC/ARM_CM3/portmacro.h **** 
 3985              		.loc 2 195 1 view .LVU1079
 197:Middlewares/Third_Party/FreeRTOS/Source/portable/GCC/ARM_CM3/portmacro.h **** 	(
 3986              		.loc 2 197 2 view .LVU1080
 3987              		.syntax unified
 3988              	@ 197 "Middlewares/Third_Party/FreeRTOS/Source/portable/GCC/ARM_CM3/portmacro.h" 1
 3989 0008 4FF05003 			mov r3, #80												
 3990 000c 83F31188 		msr basepri, r3											
 3991 0010 BFF36F8F 		isb														
 3992 0014 BFF34F8F 		dsb														
 3993              	
 3994              	@ 0 "" 2
 3995              		.thumb
 3996              		.syntax unified
 3997              	.L303:
 3998              	.LBE183:
 3999              	.LBE182:
3212:Middlewares/Third_Party/FreeRTOS/Source/tasks.c **** 
 4000              		.loc 1 3212 2 discriminator 3 view .LVU1081
3212:Middlewares/Third_Party/FreeRTOS/Source/tasks.c **** 
 4001              		.loc 1 3212 2 discriminator 3 view .LVU1082
 4002 0018 FEE7     		b	.L303
 4003              	.L302:
3212:Middlewares/Third_Party/FreeRTOS/Source/tasks.c **** 
 4004              		.loc 1 3212 49 discriminator 2 view .LVU1083
3215:Middlewares/Third_Party/FreeRTOS/Source/tasks.c **** 
 4005              		.loc 1 3215 2 view .LVU1084
 4006 001a 41F00041 		orr	r1, r1, #-2147483648
 4007              	.LVL267:
3215:Middlewares/Third_Party/FreeRTOS/Source/tasks.c **** 
 4008              		.loc 1 3215 2 is_stmt 0 view .LVU1085
 4009 001e 0160     		str	r1, [r0]
3219:Middlewares/Third_Party/FreeRTOS/Source/tasks.c **** 	configASSERT( pxUnblockedTCB );
 4010              		.loc 1 3219 2 is_stmt 1 view .LVU1086
3219:Middlewares/Third_Party/FreeRTOS/Source/tasks.c **** 	configASSERT( pxUnblockedTCB );
 4011              		.loc 1 3219 17 is_stmt 0 view .LVU1087
 4012 0020 C468     		ldr	r4, [r0, #12]
 4013              	.LVL268:
3220:Middlewares/Third_Party/FreeRTOS/Source/tasks.c **** 	( void ) uxListRemove( pxEventListItem );
 4014              		.loc 1 3220 2 is_stmt 1 view .LVU1088
 4015 0022 F4B1     		cbz	r4, .L308
3220:Middlewares/Third_Party/FreeRTOS/Source/tasks.c **** 	( void ) uxListRemove( pxEventListItem );
 4016              		.loc 1 3220 32 discriminator 2 view .LVU1089
3221:Middlewares/Third_Party/FreeRTOS/Source/tasks.c **** 
 4017              		.loc 1 3221 2 view .LVU1090
3221:Middlewares/Third_Party/FreeRTOS/Source/tasks.c **** 
 4018              		.loc 1 3221 11 is_stmt 0 view .LVU1091
 4019 0024 FFF7FEFF 		bl	uxListRemove
ARM GAS  D:\software\msy64\tmp\ccHzaEXX.s 			page 185


 4020              	.LVL269:
3240:Middlewares/Third_Party/FreeRTOS/Source/tasks.c **** 	prvAddTaskToReadyList( pxUnblockedTCB );
 4021              		.loc 1 3240 2 is_stmt 1 view .LVU1092
3240:Middlewares/Third_Party/FreeRTOS/Source/tasks.c **** 	prvAddTaskToReadyList( pxUnblockedTCB );
 4022              		.loc 1 3240 11 is_stmt 0 view .LVU1093
 4023 0028 251D     		adds	r5, r4, #4
 4024 002a 2846     		mov	r0, r5
 4025 002c FFF7FEFF 		bl	uxListRemove
 4026              	.LVL270:
3241:Middlewares/Third_Party/FreeRTOS/Source/tasks.c **** 
 4027              		.loc 1 3241 2 is_stmt 1 view .LVU1094
3241:Middlewares/Third_Party/FreeRTOS/Source/tasks.c **** 
 4028              		.loc 1 3241 2 view .LVU1095
 4029 0030 E06A     		ldr	r0, [r4, #44]
 4030 0032 0123     		movs	r3, #1
 4031 0034 8340     		lsls	r3, r3, r0
 4032 0036 104A     		ldr	r2, .L309+4
 4033 0038 1168     		ldr	r1, [r2]
 4034 003a 0B43     		orrs	r3, r3, r1
 4035 003c 1360     		str	r3, [r2]
3241:Middlewares/Third_Party/FreeRTOS/Source/tasks.c **** 
 4036              		.loc 1 3241 2 view .LVU1096
 4037 003e 00EB8000 		add	r0, r0, r0, lsl #2
 4038 0042 2946     		mov	r1, r5
 4039 0044 0D4B     		ldr	r3, .L309+8
 4040 0046 03EB8000 		add	r0, r3, r0, lsl #2
 4041 004a FFF7FEFF 		bl	vListInsertEnd
 4042              	.LVL271:
3241:Middlewares/Third_Party/FreeRTOS/Source/tasks.c **** 
 4043              		.loc 1 3241 41 discriminator 1 view .LVU1097
3243:Middlewares/Third_Party/FreeRTOS/Source/tasks.c **** 	{
 4044              		.loc 1 3243 2 view .LVU1098
3243:Middlewares/Third_Party/FreeRTOS/Source/tasks.c **** 	{
 4045              		.loc 1 3243 20 is_stmt 0 view .LVU1099
 4046 004e E26A     		ldr	r2, [r4, #44]
3243:Middlewares/Third_Party/FreeRTOS/Source/tasks.c **** 	{
 4047              		.loc 1 3243 47 view .LVU1100
 4048 0050 0B4B     		ldr	r3, .L309+12
 4049 0052 1B68     		ldr	r3, [r3]
 4050 0054 DB6A     		ldr	r3, [r3, #44]
3243:Middlewares/Third_Party/FreeRTOS/Source/tasks.c **** 	{
 4051              		.loc 1 3243 4 view .LVU1101
 4052 0056 9A42     		cmp	r2, r3
 4053 0058 02D9     		bls	.L301
3249:Middlewares/Third_Party/FreeRTOS/Source/tasks.c **** 	}
 4054              		.loc 1 3249 3 is_stmt 1 view .LVU1102
3249:Middlewares/Third_Party/FreeRTOS/Source/tasks.c **** 	}
 4055              		.loc 1 3249 17 is_stmt 0 view .LVU1103
 4056 005a 0A4B     		ldr	r3, .L309+16
 4057 005c 0122     		movs	r2, #1
 4058 005e 1A60     		str	r2, [r3]
 4059              	.L301:
3251:Middlewares/Third_Party/FreeRTOS/Source/tasks.c **** /*-----------------------------------------------------------*/
 4060              		.loc 1 3251 1 view .LVU1104
 4061 0060 38BD     		pop	{r3, r4, r5, pc}
 4062              	.LVL272:
 4063              	.L308:
ARM GAS  D:\software\msy64\tmp\ccHzaEXX.s 			page 186


3220:Middlewares/Third_Party/FreeRTOS/Source/tasks.c **** 	( void ) uxListRemove( pxEventListItem );
 4064              		.loc 1 3220 2 is_stmt 1 discriminator 1 view .LVU1105
 4065              	.LBB184:
 4066              	.LBI184:
 193:Middlewares/Third_Party/FreeRTOS/Source/portable/GCC/ARM_CM3/portmacro.h **** {
 4067              		.loc 2 193 30 view .LVU1106
 4068              	.LBB185:
 195:Middlewares/Third_Party/FreeRTOS/Source/portable/GCC/ARM_CM3/portmacro.h **** 
 4069              		.loc 2 195 1 view .LVU1107
 197:Middlewares/Third_Party/FreeRTOS/Source/portable/GCC/ARM_CM3/portmacro.h **** 	(
 4070              		.loc 2 197 2 view .LVU1108
 4071              		.syntax unified
 4072              	@ 197 "Middlewares/Third_Party/FreeRTOS/Source/portable/GCC/ARM_CM3/portmacro.h" 1
 4073 0062 4FF05003 			mov r3, #80												
 4074 0066 83F31188 		msr basepri, r3											
 4075 006a BFF36F8F 		isb														
 4076 006e BFF34F8F 		dsb														
 4077              	
 4078              	@ 0 "" 2
 4079              		.thumb
 4080              		.syntax unified
 4081              	.L305:
 4082              	.LBE185:
 4083              	.LBE184:
3220:Middlewares/Third_Party/FreeRTOS/Source/tasks.c **** 	( void ) uxListRemove( pxEventListItem );
 4084              		.loc 1 3220 2 discriminator 3 view .LVU1109
3220:Middlewares/Third_Party/FreeRTOS/Source/tasks.c **** 	( void ) uxListRemove( pxEventListItem );
 4085              		.loc 1 3220 2 discriminator 3 view .LVU1110
 4086 0072 FEE7     		b	.L305
 4087              	.L310:
 4088              		.align	2
 4089              	.L309:
 4090 0074 00000000 		.word	uxSchedulerSuspended
 4091 0078 00000000 		.word	uxTopReadyPriority
 4092 007c 00000000 		.word	pxReadyTasksLists
 4093 0080 00000000 		.word	pxCurrentTCB
 4094 0084 00000000 		.word	xYieldPending
 4095              		.cfi_endproc
 4096              	.LFE32:
 4098              		.section	.text.vTaskSetTimeOutState,"ax",%progbits
 4099              		.align	1
 4100              		.global	vTaskSetTimeOutState
 4101              		.syntax unified
 4102              		.thumb
 4103              		.thumb_func
 4105              	vTaskSetTimeOutState:
 4106              	.LVL273:
 4107              	.LFB33:
3255:Middlewares/Third_Party/FreeRTOS/Source/tasks.c **** 	configASSERT( pxTimeOut );
 4108              		.loc 1 3255 1 view -0
 4109              		.cfi_startproc
 4110              		@ args = 0, pretend = 0, frame = 0
 4111              		@ frame_needed = 0, uses_anonymous_args = 0
3256:Middlewares/Third_Party/FreeRTOS/Source/tasks.c **** 	taskENTER_CRITICAL();
 4112              		.loc 1 3256 2 view .LVU1112
 4113 0000 60B1     		cbz	r0, .L316
3255:Middlewares/Third_Party/FreeRTOS/Source/tasks.c **** 	configASSERT( pxTimeOut );
ARM GAS  D:\software\msy64\tmp\ccHzaEXX.s 			page 187


 4114              		.loc 1 3255 1 is_stmt 0 view .LVU1113
 4115 0002 10B5     		push	{r4, lr}
 4116              	.LCFI37:
 4117              		.cfi_def_cfa_offset 8
 4118              		.cfi_offset 4, -8
 4119              		.cfi_offset 14, -4
 4120 0004 0446     		mov	r4, r0
3256:Middlewares/Third_Party/FreeRTOS/Source/tasks.c **** 	taskENTER_CRITICAL();
 4121              		.loc 1 3256 27 is_stmt 1 discriminator 2 view .LVU1114
3257:Middlewares/Third_Party/FreeRTOS/Source/tasks.c **** 	{
 4122              		.loc 1 3257 2 view .LVU1115
 4123 0006 FFF7FEFF 		bl	vPortEnterCritical
 4124              	.LVL274:
3259:Middlewares/Third_Party/FreeRTOS/Source/tasks.c **** 		pxTimeOut->xTimeOnEntering = xTickCount;
 4125              		.loc 1 3259 3 view .LVU1116
3259:Middlewares/Third_Party/FreeRTOS/Source/tasks.c **** 		pxTimeOut->xTimeOnEntering = xTickCount;
 4126              		.loc 1 3259 29 is_stmt 0 view .LVU1117
 4127 000a 094B     		ldr	r3, .L317
 4128 000c 1B68     		ldr	r3, [r3]
 4129 000e 2360     		str	r3, [r4]
3260:Middlewares/Third_Party/FreeRTOS/Source/tasks.c **** 	}
 4130              		.loc 1 3260 3 is_stmt 1 view .LVU1118
3260:Middlewares/Third_Party/FreeRTOS/Source/tasks.c **** 	}
 4131              		.loc 1 3260 30 is_stmt 0 view .LVU1119
 4132 0010 084B     		ldr	r3, .L317+4
 4133 0012 1B68     		ldr	r3, [r3]
 4134 0014 6360     		str	r3, [r4, #4]
3262:Middlewares/Third_Party/FreeRTOS/Source/tasks.c **** }
 4135              		.loc 1 3262 2 is_stmt 1 view .LVU1120
 4136 0016 FFF7FEFF 		bl	vPortExitCritical
 4137              	.LVL275:
3263:Middlewares/Third_Party/FreeRTOS/Source/tasks.c **** /*-----------------------------------------------------------*/
 4138              		.loc 1 3263 1 is_stmt 0 view .LVU1121
 4139 001a 10BD     		pop	{r4, pc}
 4140              	.LVL276:
 4141              	.L316:
 4142              	.LCFI38:
 4143              		.cfi_def_cfa_offset 0
 4144              		.cfi_restore 4
 4145              		.cfi_restore 14
3256:Middlewares/Third_Party/FreeRTOS/Source/tasks.c **** 	taskENTER_CRITICAL();
 4146              		.loc 1 3256 2 is_stmt 1 discriminator 1 view .LVU1122
 4147              	.LBB186:
 4148              	.LBI186:
 193:Middlewares/Third_Party/FreeRTOS/Source/portable/GCC/ARM_CM3/portmacro.h **** {
 4149              		.loc 2 193 30 view .LVU1123
 4150              	.LBB187:
 195:Middlewares/Third_Party/FreeRTOS/Source/portable/GCC/ARM_CM3/portmacro.h **** 
 4151              		.loc 2 195 1 view .LVU1124
 197:Middlewares/Third_Party/FreeRTOS/Source/portable/GCC/ARM_CM3/portmacro.h **** 	(
 4152              		.loc 2 197 2 view .LVU1125
 4153              		.syntax unified
 4154              	@ 197 "Middlewares/Third_Party/FreeRTOS/Source/portable/GCC/ARM_CM3/portmacro.h" 1
 4155 001c 4FF05003 			mov r3, #80												
 4156 0020 83F31188 		msr basepri, r3											
 4157 0024 BFF36F8F 		isb														
 4158 0028 BFF34F8F 		dsb														
ARM GAS  D:\software\msy64\tmp\ccHzaEXX.s 			page 188


 4159              	
 4160              	@ 0 "" 2
 4161              		.thumb
 4162              		.syntax unified
 4163              	.L313:
 4164              	.LBE187:
 4165              	.LBE186:
3256:Middlewares/Third_Party/FreeRTOS/Source/tasks.c **** 	taskENTER_CRITICAL();
 4166              		.loc 1 3256 2 discriminator 3 view .LVU1126
3256:Middlewares/Third_Party/FreeRTOS/Source/tasks.c **** 	taskENTER_CRITICAL();
 4167              		.loc 1 3256 2 discriminator 3 view .LVU1127
 4168 002c FEE7     		b	.L313
 4169              	.L318:
 4170 002e 00BF     		.align	2
 4171              	.L317:
 4172 0030 00000000 		.word	xNumOfOverflows
 4173 0034 00000000 		.word	xTickCount
 4174              		.cfi_endproc
 4175              	.LFE33:
 4177              		.section	.text.vTaskInternalSetTimeOutState,"ax",%progbits
 4178              		.align	1
 4179              		.global	vTaskInternalSetTimeOutState
 4180              		.syntax unified
 4181              		.thumb
 4182              		.thumb_func
 4184              	vTaskInternalSetTimeOutState:
 4185              	.LVL277:
 4186              	.LFB34:
3267:Middlewares/Third_Party/FreeRTOS/Source/tasks.c **** 	/* For internal use only as it does not use a critical section. */
 4187              		.loc 1 3267 1 view -0
 4188              		.cfi_startproc
 4189              		@ args = 0, pretend = 0, frame = 0
 4190              		@ frame_needed = 0, uses_anonymous_args = 0
 4191              		@ link register save eliminated.
3269:Middlewares/Third_Party/FreeRTOS/Source/tasks.c **** 	pxTimeOut->xTimeOnEntering = xTickCount;
 4192              		.loc 1 3269 2 view .LVU1129
3269:Middlewares/Third_Party/FreeRTOS/Source/tasks.c **** 	pxTimeOut->xTimeOnEntering = xTickCount;
 4193              		.loc 1 3269 28 is_stmt 0 view .LVU1130
 4194 0000 034B     		ldr	r3, .L320
 4195 0002 1B68     		ldr	r3, [r3]
 4196 0004 0360     		str	r3, [r0]
3270:Middlewares/Third_Party/FreeRTOS/Source/tasks.c **** }
 4197              		.loc 1 3270 2 is_stmt 1 view .LVU1131
3270:Middlewares/Third_Party/FreeRTOS/Source/tasks.c **** }
 4198              		.loc 1 3270 29 is_stmt 0 view .LVU1132
 4199 0006 034B     		ldr	r3, .L320+4
 4200 0008 1B68     		ldr	r3, [r3]
 4201 000a 4360     		str	r3, [r0, #4]
3271:Middlewares/Third_Party/FreeRTOS/Source/tasks.c **** /*-----------------------------------------------------------*/
 4202              		.loc 1 3271 1 view .LVU1133
 4203 000c 7047     		bx	lr
 4204              	.L321:
 4205 000e 00BF     		.align	2
 4206              	.L320:
 4207 0010 00000000 		.word	xNumOfOverflows
 4208 0014 00000000 		.word	xTickCount
 4209              		.cfi_endproc
ARM GAS  D:\software\msy64\tmp\ccHzaEXX.s 			page 189


 4210              	.LFE34:
 4212              		.section	.text.xTaskCheckForTimeOut,"ax",%progbits
 4213              		.align	1
 4214              		.global	xTaskCheckForTimeOut
 4215              		.syntax unified
 4216              		.thumb
 4217              		.thumb_func
 4219              	xTaskCheckForTimeOut:
 4220              	.LVL278:
 4221              	.LFB35:
3275:Middlewares/Third_Party/FreeRTOS/Source/tasks.c **** BaseType_t xReturn;
 4222              		.loc 1 3275 1 is_stmt 1 view -0
 4223              		.cfi_startproc
 4224              		@ args = 0, pretend = 0, frame = 0
 4225              		@ frame_needed = 0, uses_anonymous_args = 0
3276:Middlewares/Third_Party/FreeRTOS/Source/tasks.c **** 
 4226              		.loc 1 3276 1 view .LVU1135
3278:Middlewares/Third_Party/FreeRTOS/Source/tasks.c **** 	configASSERT( pxTicksToWait );
 4227              		.loc 1 3278 2 view .LVU1136
 4228 0000 D8B1     		cbz	r0, .L334
3275:Middlewares/Third_Party/FreeRTOS/Source/tasks.c **** BaseType_t xReturn;
 4229              		.loc 1 3275 1 is_stmt 0 view .LVU1137
 4230 0002 70B5     		push	{r4, r5, r6, lr}
 4231              	.LCFI39:
 4232              		.cfi_def_cfa_offset 16
 4233              		.cfi_offset 4, -16
 4234              		.cfi_offset 5, -12
 4235              		.cfi_offset 6, -8
 4236              		.cfi_offset 14, -4
 4237 0004 0C46     		mov	r4, r1
 4238 0006 0546     		mov	r5, r0
3278:Middlewares/Third_Party/FreeRTOS/Source/tasks.c **** 	configASSERT( pxTicksToWait );
 4239              		.loc 1 3278 27 is_stmt 1 discriminator 2 view .LVU1138
3279:Middlewares/Third_Party/FreeRTOS/Source/tasks.c **** 
 4240              		.loc 1 3279 2 view .LVU1139
 4241 0008 01B3     		cbz	r1, .L335
3279:Middlewares/Third_Party/FreeRTOS/Source/tasks.c **** 
 4242              		.loc 1 3279 31 discriminator 2 view .LVU1140
3281:Middlewares/Third_Party/FreeRTOS/Source/tasks.c **** 	{
 4243              		.loc 1 3281 2 view .LVU1141
 4244 000a FFF7FEFF 		bl	vPortEnterCritical
 4245              	.LVL279:
 4246              	.LBB188:
3284:Middlewares/Third_Party/FreeRTOS/Source/tasks.c **** 		const TickType_t xElapsedTime = xConstTickCount - pxTimeOut->xTimeOnEntering;
 4247              		.loc 1 3284 3 view .LVU1142
3284:Middlewares/Third_Party/FreeRTOS/Source/tasks.c **** 		const TickType_t xElapsedTime = xConstTickCount - pxTimeOut->xTimeOnEntering;
 4248              		.loc 1 3284 20 is_stmt 0 view .LVU1143
 4249 000e 1B4B     		ldr	r3, .L337
 4250 0010 1968     		ldr	r1, [r3]
 4251              	.LVL280:
3285:Middlewares/Third_Party/FreeRTOS/Source/tasks.c **** 
 4252              		.loc 1 3285 3 is_stmt 1 view .LVU1144
3285:Middlewares/Third_Party/FreeRTOS/Source/tasks.c **** 
 4253              		.loc 1 3285 62 is_stmt 0 view .LVU1145
 4254 0012 6B68     		ldr	r3, [r5, #4]
3285:Middlewares/Third_Party/FreeRTOS/Source/tasks.c **** 
 4255              		.loc 1 3285 20 view .LVU1146
ARM GAS  D:\software\msy64\tmp\ccHzaEXX.s 			page 190


 4256 0014 C81A     		subs	r0, r1, r3
 4257              	.LVL281:
3299:Middlewares/Third_Party/FreeRTOS/Source/tasks.c **** 			{
 4258              		.loc 1 3299 4 is_stmt 1 view .LVU1147
3299:Middlewares/Third_Party/FreeRTOS/Source/tasks.c **** 			{
 4259              		.loc 1 3299 8 is_stmt 0 view .LVU1148
 4260 0016 2268     		ldr	r2, [r4]
3299:Middlewares/Third_Party/FreeRTOS/Source/tasks.c **** 			{
 4261              		.loc 1 3299 6 view .LVU1149
 4262 0018 B2F1FF3F 		cmp	r2, #-1
 4263 001c 27D0     		beq	.L330
3309:Middlewares/Third_Party/FreeRTOS/Source/tasks.c **** 		{
 4264              		.loc 1 3309 3 is_stmt 1 view .LVU1150
3309:Middlewares/Third_Party/FreeRTOS/Source/tasks.c **** 		{
 4265              		.loc 1 3309 25 is_stmt 0 view .LVU1151
 4266 001e 184E     		ldr	r6, .L337+4
 4267 0020 3668     		ldr	r6, [r6]
3309:Middlewares/Third_Party/FreeRTOS/Source/tasks.c **** 		{
 4268              		.loc 1 3309 5 view .LVU1152
 4269 0022 D5F800C0 		ldr	ip, [r5]
 4270 0026 B445     		cmp	ip, r6
 4271 0028 01D0     		beq	.L328
3309:Middlewares/Third_Party/FreeRTOS/Source/tasks.c **** 		{
 4272              		.loc 1 3309 56 discriminator 1 view .LVU1153
 4273 002a 8B42     		cmp	r3, r1
 4274 002c 24D9     		bls	.L331
 4275              	.L328:
3318:Middlewares/Third_Party/FreeRTOS/Source/tasks.c **** 		{
 4276              		.loc 1 3318 8 is_stmt 1 view .LVU1154
3318:Middlewares/Third_Party/FreeRTOS/Source/tasks.c **** 		{
 4277              		.loc 1 3318 10 is_stmt 0 view .LVU1155
 4278 002e 8242     		cmp	r2, r0
 4279 0030 15D8     		bhi	.L336
3327:Middlewares/Third_Party/FreeRTOS/Source/tasks.c **** 			xReturn = pdTRUE;
 4280              		.loc 1 3327 4 is_stmt 1 view .LVU1156
3327:Middlewares/Third_Party/FreeRTOS/Source/tasks.c **** 			xReturn = pdTRUE;
 4281              		.loc 1 3327 19 is_stmt 0 view .LVU1157
 4282 0032 0023     		movs	r3, #0
 4283 0034 2360     		str	r3, [r4]
3328:Middlewares/Third_Party/FreeRTOS/Source/tasks.c **** 		}
 4284              		.loc 1 3328 4 is_stmt 1 view .LVU1158
 4285              	.LVL282:
3328:Middlewares/Third_Party/FreeRTOS/Source/tasks.c **** 		}
 4286              		.loc 1 3328 12 is_stmt 0 view .LVU1159
 4287 0036 0124     		movs	r4, #1
 4288              	.LVL283:
3328:Middlewares/Third_Party/FreeRTOS/Source/tasks.c **** 		}
 4289              		.loc 1 3328 12 view .LVU1160
 4290 0038 1AE0     		b	.L327
 4291              	.LVL284:
 4292              	.L334:
 4293              	.LCFI40:
 4294              		.cfi_def_cfa_offset 0
 4295              		.cfi_restore 4
 4296              		.cfi_restore 5
 4297              		.cfi_restore 6
 4298              		.cfi_restore 14
ARM GAS  D:\software\msy64\tmp\ccHzaEXX.s 			page 191


3328:Middlewares/Third_Party/FreeRTOS/Source/tasks.c **** 		}
 4299              		.loc 1 3328 12 view .LVU1161
 4300              	.LBE188:
3278:Middlewares/Third_Party/FreeRTOS/Source/tasks.c **** 	configASSERT( pxTicksToWait );
 4301              		.loc 1 3278 2 is_stmt 1 discriminator 1 view .LVU1162
 4302              	.LBB189:
 4303              	.LBI189:
 193:Middlewares/Third_Party/FreeRTOS/Source/portable/GCC/ARM_CM3/portmacro.h **** {
 4304              		.loc 2 193 30 view .LVU1163
 4305              	.LBB190:
 195:Middlewares/Third_Party/FreeRTOS/Source/portable/GCC/ARM_CM3/portmacro.h **** 
 4306              		.loc 2 195 1 view .LVU1164
 197:Middlewares/Third_Party/FreeRTOS/Source/portable/GCC/ARM_CM3/portmacro.h **** 	(
 4307              		.loc 2 197 2 view .LVU1165
 4308              		.syntax unified
 4309              	@ 197 "Middlewares/Third_Party/FreeRTOS/Source/portable/GCC/ARM_CM3/portmacro.h" 1
 4310 003a 4FF05003 			mov r3, #80												
 4311 003e 83F31188 		msr basepri, r3											
 4312 0042 BFF36F8F 		isb														
 4313 0046 BFF34F8F 		dsb														
 4314              	
 4315              	@ 0 "" 2
 4316              		.thumb
 4317              		.syntax unified
 4318              	.L324:
 4319              	.LBE190:
 4320              	.LBE189:
3278:Middlewares/Third_Party/FreeRTOS/Source/tasks.c **** 	configASSERT( pxTicksToWait );
 4321              		.loc 1 3278 2 discriminator 3 view .LVU1166
3278:Middlewares/Third_Party/FreeRTOS/Source/tasks.c **** 	configASSERT( pxTicksToWait );
 4322              		.loc 1 3278 2 discriminator 3 view .LVU1167
 4323 004a FEE7     		b	.L324
 4324              	.L335:
 4325              	.LCFI41:
 4326              		.cfi_def_cfa_offset 16
 4327              		.cfi_offset 4, -16
 4328              		.cfi_offset 5, -12
 4329              		.cfi_offset 6, -8
 4330              		.cfi_offset 14, -4
3279:Middlewares/Third_Party/FreeRTOS/Source/tasks.c **** 
 4331              		.loc 1 3279 2 discriminator 1 view .LVU1168
 4332              	.LBB191:
 4333              	.LBI191:
 193:Middlewares/Third_Party/FreeRTOS/Source/portable/GCC/ARM_CM3/portmacro.h **** {
 4334              		.loc 2 193 30 view .LVU1169
 4335              	.LBB192:
 195:Middlewares/Third_Party/FreeRTOS/Source/portable/GCC/ARM_CM3/portmacro.h **** 
 4336              		.loc 2 195 1 view .LVU1170
 197:Middlewares/Third_Party/FreeRTOS/Source/portable/GCC/ARM_CM3/portmacro.h **** 	(
 4337              		.loc 2 197 2 view .LVU1171
 4338              		.syntax unified
 4339              	@ 197 "Middlewares/Third_Party/FreeRTOS/Source/portable/GCC/ARM_CM3/portmacro.h" 1
 4340 004c 4FF05003 			mov r3, #80												
 4341 0050 83F31188 		msr basepri, r3											
 4342 0054 BFF36F8F 		isb														
 4343 0058 BFF34F8F 		dsb														
 4344              	
ARM GAS  D:\software\msy64\tmp\ccHzaEXX.s 			page 192


 4345              	@ 0 "" 2
 4346              		.thumb
 4347              		.syntax unified
 4348              	.L326:
 4349              	.LBE192:
 4350              	.LBE191:
3279:Middlewares/Third_Party/FreeRTOS/Source/tasks.c **** 
 4351              		.loc 1 3279 2 discriminator 3 view .LVU1172
3279:Middlewares/Third_Party/FreeRTOS/Source/tasks.c **** 
 4352              		.loc 1 3279 2 discriminator 3 view .LVU1173
 4353 005c FEE7     		b	.L326
 4354              	.LVL285:
 4355              	.L336:
 4356              	.LBB193:
3321:Middlewares/Third_Party/FreeRTOS/Source/tasks.c **** 			vTaskInternalSetTimeOutState( pxTimeOut );
 4357              		.loc 1 3321 4 view .LVU1174
3321:Middlewares/Third_Party/FreeRTOS/Source/tasks.c **** 			vTaskInternalSetTimeOutState( pxTimeOut );
 4358              		.loc 1 3321 19 is_stmt 0 view .LVU1175
 4359 005e 5B1A     		subs	r3, r3, r1
 4360 0060 1344     		add	r3, r3, r2
 4361 0062 2360     		str	r3, [r4]
3322:Middlewares/Third_Party/FreeRTOS/Source/tasks.c **** 			xReturn = pdFALSE;
 4362              		.loc 1 3322 4 is_stmt 1 view .LVU1176
 4363 0064 2846     		mov	r0, r5
 4364              	.LVL286:
3322:Middlewares/Third_Party/FreeRTOS/Source/tasks.c **** 			xReturn = pdFALSE;
 4365              		.loc 1 3322 4 is_stmt 0 view .LVU1177
 4366 0066 FFF7FEFF 		bl	vTaskInternalSetTimeOutState
 4367              	.LVL287:
3323:Middlewares/Third_Party/FreeRTOS/Source/tasks.c **** 		}
 4368              		.loc 1 3323 4 is_stmt 1 view .LVU1178
3323:Middlewares/Third_Party/FreeRTOS/Source/tasks.c **** 		}
 4369              		.loc 1 3323 12 is_stmt 0 view .LVU1179
 4370 006a 0024     		movs	r4, #0
 4371              	.LVL288:
3323:Middlewares/Third_Party/FreeRTOS/Source/tasks.c **** 		}
 4372              		.loc 1 3323 12 view .LVU1180
 4373 006c 00E0     		b	.L327
 4374              	.LVL289:
 4375              	.L330:
3304:Middlewares/Third_Party/FreeRTOS/Source/tasks.c **** 			}
 4376              		.loc 1 3304 13 view .LVU1181
 4377 006e 0024     		movs	r4, #0
 4378              	.LVL290:
 4379              	.L327:
3304:Middlewares/Third_Party/FreeRTOS/Source/tasks.c **** 			}
 4380              		.loc 1 3304 13 view .LVU1182
 4381              	.LBE193:
3331:Middlewares/Third_Party/FreeRTOS/Source/tasks.c **** 
 4382              		.loc 1 3331 2 is_stmt 1 view .LVU1183
 4383 0070 FFF7FEFF 		bl	vPortExitCritical
 4384              	.LVL291:
3333:Middlewares/Third_Party/FreeRTOS/Source/tasks.c **** }
 4385              		.loc 1 3333 2 view .LVU1184
3334:Middlewares/Third_Party/FreeRTOS/Source/tasks.c **** /*-----------------------------------------------------------*/
 4386              		.loc 1 3334 1 is_stmt 0 view .LVU1185
 4387 0074 2046     		mov	r0, r4
ARM GAS  D:\software\msy64\tmp\ccHzaEXX.s 			page 193


 4388 0076 70BD     		pop	{r4, r5, r6, pc}
 4389              	.LVL292:
 4390              	.L331:
 4391              	.LBB194:
3316:Middlewares/Third_Party/FreeRTOS/Source/tasks.c **** 		}
 4392              		.loc 1 3316 12 view .LVU1186
 4393 0078 0124     		movs	r4, #1
 4394              	.LVL293:
3316:Middlewares/Third_Party/FreeRTOS/Source/tasks.c **** 		}
 4395              		.loc 1 3316 12 view .LVU1187
 4396 007a F9E7     		b	.L327
 4397              	.L338:
 4398              		.align	2
 4399              	.L337:
 4400 007c 00000000 		.word	xTickCount
 4401 0080 00000000 		.word	xNumOfOverflows
 4402              	.LBE194:
 4403              		.cfi_endproc
 4404              	.LFE35:
 4406              		.section	.text.vTaskMissedYield,"ax",%progbits
 4407              		.align	1
 4408              		.global	vTaskMissedYield
 4409              		.syntax unified
 4410              		.thumb
 4411              		.thumb_func
 4413              	vTaskMissedYield:
 4414              	.LFB36:
3338:Middlewares/Third_Party/FreeRTOS/Source/tasks.c **** 	xYieldPending = pdTRUE;
 4415              		.loc 1 3338 1 is_stmt 1 view -0
 4416              		.cfi_startproc
 4417              		@ args = 0, pretend = 0, frame = 0
 4418              		@ frame_needed = 0, uses_anonymous_args = 0
 4419              		@ link register save eliminated.
3339:Middlewares/Third_Party/FreeRTOS/Source/tasks.c **** }
 4420              		.loc 1 3339 2 view .LVU1189
3339:Middlewares/Third_Party/FreeRTOS/Source/tasks.c **** }
 4421              		.loc 1 3339 16 is_stmt 0 view .LVU1190
 4422 0000 014B     		ldr	r3, .L340
 4423 0002 0122     		movs	r2, #1
 4424 0004 1A60     		str	r2, [r3]
3340:Middlewares/Third_Party/FreeRTOS/Source/tasks.c **** /*-----------------------------------------------------------*/
 4425              		.loc 1 3340 1 view .LVU1191
 4426 0006 7047     		bx	lr
 4427              	.L341:
 4428              		.align	2
 4429              	.L340:
 4430 0008 00000000 		.word	xYieldPending
 4431              		.cfi_endproc
 4432              	.LFE36:
 4434              		.section	.text.xTaskGetCurrentTaskHandle,"ax",%progbits
 4435              		.align	1
 4436              		.global	xTaskGetCurrentTaskHandle
 4437              		.syntax unified
 4438              		.thumb
 4439              		.thumb_func
 4441              	xTaskGetCurrentTaskHandle:
 4442              	.LFB42:
ARM GAS  D:\software\msy64\tmp\ccHzaEXX.s 			page 194


3970:Middlewares/Third_Party/FreeRTOS/Source/tasks.c **** 	TaskHandle_t xReturn;
 4443              		.loc 1 3970 2 is_stmt 1 view -0
 4444              		.cfi_startproc
 4445              		@ args = 0, pretend = 0, frame = 0
 4446              		@ frame_needed = 0, uses_anonymous_args = 0
 4447              		@ link register save eliminated.
3971:Middlewares/Third_Party/FreeRTOS/Source/tasks.c **** 
 4448              		.loc 1 3971 2 view .LVU1193
3976:Middlewares/Third_Party/FreeRTOS/Source/tasks.c **** 
 4449              		.loc 1 3976 3 view .LVU1194
3976:Middlewares/Third_Party/FreeRTOS/Source/tasks.c **** 
 4450              		.loc 1 3976 11 is_stmt 0 view .LVU1195
 4451 0000 014B     		ldr	r3, .L343
 4452 0002 1868     		ldr	r0, [r3]
 4453              	.LVL294:
3978:Middlewares/Third_Party/FreeRTOS/Source/tasks.c **** 	}
 4454              		.loc 1 3978 3 is_stmt 1 view .LVU1196
3979:Middlewares/Third_Party/FreeRTOS/Source/tasks.c **** 
 4455              		.loc 1 3979 2 is_stmt 0 view .LVU1197
 4456 0004 7047     		bx	lr
 4457              	.L344:
 4458 0006 00BF     		.align	2
 4459              	.L343:
 4460 0008 00000000 		.word	pxCurrentTCB
 4461              		.cfi_endproc
 4462              	.LFE42:
 4464              		.section	.text.xTaskGetSchedulerState,"ax",%progbits
 4465              		.align	1
 4466              		.global	xTaskGetSchedulerState
 4467              		.syntax unified
 4468              		.thumb
 4469              		.thumb_func
 4471              	xTaskGetSchedulerState:
 4472              	.LFB43:
3987:Middlewares/Third_Party/FreeRTOS/Source/tasks.c **** 	BaseType_t xReturn;
 4473              		.loc 1 3987 2 is_stmt 1 view -0
 4474              		.cfi_startproc
 4475              		@ args = 0, pretend = 0, frame = 0
 4476              		@ frame_needed = 0, uses_anonymous_args = 0
 4477              		@ link register save eliminated.
3988:Middlewares/Third_Party/FreeRTOS/Source/tasks.c **** 
 4478              		.loc 1 3988 2 view .LVU1199
3990:Middlewares/Third_Party/FreeRTOS/Source/tasks.c **** 		{
 4479              		.loc 1 3990 3 view .LVU1200
3990:Middlewares/Third_Party/FreeRTOS/Source/tasks.c **** 		{
 4480              		.loc 1 3990 25 is_stmt 0 view .LVU1201
 4481 0000 054B     		ldr	r3, .L350
 4482 0002 1B68     		ldr	r3, [r3]
3990:Middlewares/Third_Party/FreeRTOS/Source/tasks.c **** 		{
 4483              		.loc 1 3990 5 view .LVU1202
 4484 0004 33B1     		cbz	r3, .L347
3996:Middlewares/Third_Party/FreeRTOS/Source/tasks.c **** 			{
 4485              		.loc 1 3996 4 is_stmt 1 view .LVU1203
3996:Middlewares/Third_Party/FreeRTOS/Source/tasks.c **** 			{
 4486              		.loc 1 3996 29 is_stmt 0 view .LVU1204
 4487 0006 054B     		ldr	r3, .L350+4
 4488 0008 1B68     		ldr	r3, [r3]
ARM GAS  D:\software\msy64\tmp\ccHzaEXX.s 			page 195


3996:Middlewares/Third_Party/FreeRTOS/Source/tasks.c **** 			{
 4489              		.loc 1 3996 6 view .LVU1205
 4490 000a 0BB1     		cbz	r3, .L349
4002:Middlewares/Third_Party/FreeRTOS/Source/tasks.c **** 			}
 4491              		.loc 1 4002 13 view .LVU1206
 4492 000c 0020     		movs	r0, #0
 4493              	.LVL295:
4006:Middlewares/Third_Party/FreeRTOS/Source/tasks.c **** 	}
 4494              		.loc 1 4006 3 is_stmt 1 view .LVU1207
4007:Middlewares/Third_Party/FreeRTOS/Source/tasks.c **** 
 4495              		.loc 1 4007 2 is_stmt 0 view .LVU1208
 4496 000e 7047     		bx	lr
 4497              	.LVL296:
 4498              	.L349:
3998:Middlewares/Third_Party/FreeRTOS/Source/tasks.c **** 			}
 4499              		.loc 1 3998 13 view .LVU1209
 4500 0010 0220     		movs	r0, #2
 4501 0012 7047     		bx	lr
 4502              	.L347:
3992:Middlewares/Third_Party/FreeRTOS/Source/tasks.c **** 		}
 4503              		.loc 1 3992 12 view .LVU1210
 4504 0014 0120     		movs	r0, #1
 4505 0016 7047     		bx	lr
 4506              	.L351:
 4507              		.align	2
 4508              	.L350:
 4509 0018 00000000 		.word	xSchedulerRunning
 4510 001c 00000000 		.word	uxSchedulerSuspended
 4511              		.cfi_endproc
 4512              	.LFE43:
 4514              		.section	.text.xTaskPriorityInherit,"ax",%progbits
 4515              		.align	1
 4516              		.global	xTaskPriorityInherit
 4517              		.syntax unified
 4518              		.thumb
 4519              		.thumb_func
 4521              	xTaskPriorityInherit:
 4522              	.LVL297:
 4523              	.LFB44:
4015:Middlewares/Third_Party/FreeRTOS/Source/tasks.c **** 	TCB_t * const pxMutexHolderTCB = pxMutexHolder;
 4524              		.loc 1 4015 2 is_stmt 1 view -0
 4525              		.cfi_startproc
 4526              		@ args = 0, pretend = 0, frame = 0
 4527              		@ frame_needed = 0, uses_anonymous_args = 0
4016:Middlewares/Third_Party/FreeRTOS/Source/tasks.c **** 	BaseType_t xReturn = pdFALSE;
 4528              		.loc 1 4016 2 view .LVU1212
4017:Middlewares/Third_Party/FreeRTOS/Source/tasks.c **** 
 4529              		.loc 1 4017 2 view .LVU1213
4022:Middlewares/Third_Party/FreeRTOS/Source/tasks.c **** 		{
 4530              		.loc 1 4022 3 view .LVU1214
4022:Middlewares/Third_Party/FreeRTOS/Source/tasks.c **** 		{
 4531              		.loc 1 4022 5 is_stmt 0 view .LVU1215
 4532 0000 0028     		cmp	r0, #0
 4533 0002 48D0     		beq	.L358
4015:Middlewares/Third_Party/FreeRTOS/Source/tasks.c **** 	TCB_t * const pxMutexHolderTCB = pxMutexHolder;
 4534              		.loc 1 4015 2 view .LVU1216
 4535 0004 38B5     		push	{r3, r4, r5, lr}
ARM GAS  D:\software\msy64\tmp\ccHzaEXX.s 			page 196


 4536              	.LCFI42:
 4537              		.cfi_def_cfa_offset 16
 4538              		.cfi_offset 3, -16
 4539              		.cfi_offset 4, -12
 4540              		.cfi_offset 5, -8
 4541              		.cfi_offset 14, -4
 4542 0006 0446     		mov	r4, r0
4027:Middlewares/Third_Party/FreeRTOS/Source/tasks.c **** 			{
 4543              		.loc 1 4027 4 is_stmt 1 view .LVU1217
4027:Middlewares/Third_Party/FreeRTOS/Source/tasks.c **** 			{
 4544              		.loc 1 4027 24 is_stmt 0 view .LVU1218
 4545 0008 C36A     		ldr	r3, [r0, #44]
4027:Middlewares/Third_Party/FreeRTOS/Source/tasks.c **** 			{
 4546              		.loc 1 4027 51 view .LVU1219
 4547 000a 254A     		ldr	r2, .L365
 4548 000c 1268     		ldr	r2, [r2]
 4549 000e D26A     		ldr	r2, [r2, #44]
4027:Middlewares/Third_Party/FreeRTOS/Source/tasks.c **** 			{
 4550              		.loc 1 4027 6 view .LVU1220
 4551 0010 9342     		cmp	r3, r2
 4552 0012 38D2     		bcs	.L354
4032:Middlewares/Third_Party/FreeRTOS/Source/tasks.c **** 				{
 4553              		.loc 1 4032 5 is_stmt 1 view .LVU1221
4032:Middlewares/Third_Party/FreeRTOS/Source/tasks.c **** 				{
 4554              		.loc 1 4032 11 is_stmt 0 view .LVU1222
 4555 0014 8269     		ldr	r2, [r0, #24]
4032:Middlewares/Third_Party/FreeRTOS/Source/tasks.c **** 				{
 4556              		.loc 1 4032 7 view .LVU1223
 4557 0016 002A     		cmp	r2, #0
 4558 0018 05DB     		blt	.L355
4034:Middlewares/Third_Party/FreeRTOS/Source/tasks.c **** 				}
 4559              		.loc 1 4034 6 is_stmt 1 view .LVU1224
 4560 001a 214A     		ldr	r2, .L365
 4561 001c 1268     		ldr	r2, [r2]
 4562 001e D26A     		ldr	r2, [r2, #44]
 4563 0020 C2F10702 		rsb	r2, r2, #7
 4564 0024 8261     		str	r2, [r0, #24]
 4565              	.L355:
4038:Middlewares/Third_Party/FreeRTOS/Source/tasks.c **** 				}
 4566              		.loc 1 4038 30 view .LVU1225
4043:Middlewares/Third_Party/FreeRTOS/Source/tasks.c **** 				{
 4567              		.loc 1 4043 5 view .LVU1226
4043:Middlewares/Third_Party/FreeRTOS/Source/tasks.c **** 				{
 4568              		.loc 1 4043 9 is_stmt 0 view .LVU1227
 4569 0026 6169     		ldr	r1, [r4, #20]
 4570 0028 03EB8303 		add	r3, r3, r3, lsl #2
 4571 002c 1D4A     		ldr	r2, .L365+4
 4572 002e 02EB8303 		add	r3, r2, r3, lsl #2
4043:Middlewares/Third_Party/FreeRTOS/Source/tasks.c **** 				{
 4573              		.loc 1 4043 7 view .LVU1228
 4574 0032 9942     		cmp	r1, r3
 4575 0034 05D0     		beq	.L364
4064:Middlewares/Third_Party/FreeRTOS/Source/tasks.c **** 				}
 4576              		.loc 1 4064 6 is_stmt 1 view .LVU1229
4064:Middlewares/Third_Party/FreeRTOS/Source/tasks.c **** 				}
 4577              		.loc 1 4064 49 is_stmt 0 view .LVU1230
 4578 0036 1A4B     		ldr	r3, .L365
ARM GAS  D:\software\msy64\tmp\ccHzaEXX.s 			page 197


 4579 0038 1B68     		ldr	r3, [r3]
 4580 003a DB6A     		ldr	r3, [r3, #44]
4064:Middlewares/Third_Party/FreeRTOS/Source/tasks.c **** 				}
 4581              		.loc 1 4064 35 view .LVU1231
 4582 003c E362     		str	r3, [r4, #44]
4070:Middlewares/Third_Party/FreeRTOS/Source/tasks.c **** 			}
 4583              		.loc 1 4070 13 view .LVU1232
 4584 003e 0120     		movs	r0, #1
 4585              	.LVL298:
 4586              	.L352:
4097:Middlewares/Third_Party/FreeRTOS/Source/tasks.c **** 
 4587              		.loc 1 4097 2 view .LVU1233
 4588 0040 38BD     		pop	{r3, r4, r5, pc}
 4589              	.LVL299:
 4590              	.L364:
4045:Middlewares/Third_Party/FreeRTOS/Source/tasks.c **** 					{
 4591              		.loc 1 4045 6 is_stmt 1 view .LVU1234
4045:Middlewares/Third_Party/FreeRTOS/Source/tasks.c **** 					{
 4592              		.loc 1 4045 10 is_stmt 0 view .LVU1235
 4593 0042 251D     		adds	r5, r4, #4
 4594 0044 2846     		mov	r0, r5
 4595              	.LVL300:
4045:Middlewares/Third_Party/FreeRTOS/Source/tasks.c **** 					{
 4596              		.loc 1 4045 10 view .LVU1236
 4597 0046 FFF7FEFF 		bl	uxListRemove
 4598              	.LVL301:
4045:Middlewares/Third_Party/FreeRTOS/Source/tasks.c **** 					{
 4599              		.loc 1 4045 8 discriminator 1 view .LVU1237
 4600 004a 38B9     		cbnz	r0, .L357
4050:Middlewares/Third_Party/FreeRTOS/Source/tasks.c **** 					}
 4601              		.loc 1 4050 7 is_stmt 1 view .LVU1238
 4602 004c E36A     		ldr	r3, [r4, #44]
 4603 004e 0122     		movs	r2, #1
 4604 0050 9A40     		lsls	r2, r2, r3
 4605 0052 1549     		ldr	r1, .L365+8
 4606 0054 0B68     		ldr	r3, [r1]
 4607 0056 23EA0203 		bic	r3, r3, r2
 4608 005a 0B60     		str	r3, [r1]
 4609              	.L357:
4054:Middlewares/Third_Party/FreeRTOS/Source/tasks.c **** 					}
 4610              		.loc 1 4054 31 view .LVU1239
4058:Middlewares/Third_Party/FreeRTOS/Source/tasks.c **** 					prvAddTaskToReadyList( pxMutexHolderTCB );
 4611              		.loc 1 4058 6 view .LVU1240
4058:Middlewares/Third_Party/FreeRTOS/Source/tasks.c **** 					prvAddTaskToReadyList( pxMutexHolderTCB );
 4612              		.loc 1 4058 49 is_stmt 0 view .LVU1241
 4613 005c 104B     		ldr	r3, .L365
 4614 005e 1B68     		ldr	r3, [r3]
 4615 0060 D86A     		ldr	r0, [r3, #44]
4058:Middlewares/Third_Party/FreeRTOS/Source/tasks.c **** 					prvAddTaskToReadyList( pxMutexHolderTCB );
 4616              		.loc 1 4058 35 view .LVU1242
 4617 0062 E062     		str	r0, [r4, #44]
4059:Middlewares/Third_Party/FreeRTOS/Source/tasks.c **** 				}
 4618              		.loc 1 4059 6 is_stmt 1 view .LVU1243
4059:Middlewares/Third_Party/FreeRTOS/Source/tasks.c **** 				}
 4619              		.loc 1 4059 6 view .LVU1244
 4620 0064 0124     		movs	r4, #1
 4621              	.LVL302:
ARM GAS  D:\software\msy64\tmp\ccHzaEXX.s 			page 198


4059:Middlewares/Third_Party/FreeRTOS/Source/tasks.c **** 				}
 4622              		.loc 1 4059 6 is_stmt 0 view .LVU1245
 4623 0066 04FA00F3 		lsl	r3, r4, r0
 4624 006a 0F4A     		ldr	r2, .L365+8
 4625 006c 1168     		ldr	r1, [r2]
 4626 006e 0B43     		orrs	r3, r3, r1
 4627 0070 1360     		str	r3, [r2]
4059:Middlewares/Third_Party/FreeRTOS/Source/tasks.c **** 				}
 4628              		.loc 1 4059 6 is_stmt 1 view .LVU1246
 4629 0072 00EB8000 		add	r0, r0, r0, lsl #2
 4630 0076 2946     		mov	r1, r5
 4631 0078 0A4B     		ldr	r3, .L365+4
 4632 007a 03EB8000 		add	r0, r3, r0, lsl #2
 4633 007e FFF7FEFF 		bl	vListInsertEnd
 4634              	.LVL303:
4059:Middlewares/Third_Party/FreeRTOS/Source/tasks.c **** 				}
 4635              		.loc 1 4059 47 discriminator 1 view .LVU1247
4070:Middlewares/Third_Party/FreeRTOS/Source/tasks.c **** 			}
 4636              		.loc 1 4070 13 is_stmt 0 view .LVU1248
 4637 0082 2046     		mov	r0, r4
 4638 0084 DCE7     		b	.L352
 4639              	.LVL304:
 4640              	.L354:
4074:Middlewares/Third_Party/FreeRTOS/Source/tasks.c **** 				{
 4641              		.loc 1 4074 5 is_stmt 1 view .LVU1249
4074:Middlewares/Third_Party/FreeRTOS/Source/tasks.c **** 				{
 4642              		.loc 1 4074 25 is_stmt 0 view .LVU1250
 4643 0086 426C     		ldr	r2, [r0, #68]
4074:Middlewares/Third_Party/FreeRTOS/Source/tasks.c **** 				{
 4644              		.loc 1 4074 56 view .LVU1251
 4645 0088 054B     		ldr	r3, .L365
 4646 008a 1B68     		ldr	r3, [r3]
 4647 008c DB6A     		ldr	r3, [r3, #44]
4074:Middlewares/Third_Party/FreeRTOS/Source/tasks.c **** 				{
 4648              		.loc 1 4074 7 view .LVU1252
 4649 008e 9A42     		cmp	r2, r3
 4650 0090 03D3     		bcc	.L359
4017:Middlewares/Third_Party/FreeRTOS/Source/tasks.c **** 
 4651              		.loc 1 4017 13 view .LVU1253
 4652 0092 0020     		movs	r0, #0
 4653              	.LVL305:
4017:Middlewares/Third_Party/FreeRTOS/Source/tasks.c **** 
 4654              		.loc 1 4017 13 view .LVU1254
 4655 0094 D4E7     		b	.L352
 4656              	.LVL306:
 4657              	.L358:
 4658              	.LCFI43:
 4659              		.cfi_def_cfa_offset 0
 4660              		.cfi_restore 3
 4661              		.cfi_restore 4
 4662              		.cfi_restore 5
 4663              		.cfi_restore 14
4017:Middlewares/Third_Party/FreeRTOS/Source/tasks.c **** 
 4664              		.loc 1 4017 13 view .LVU1255
 4665 0096 0020     		movs	r0, #0
 4666              	.LVL307:
4097:Middlewares/Third_Party/FreeRTOS/Source/tasks.c **** 
ARM GAS  D:\software\msy64\tmp\ccHzaEXX.s 			page 199


 4667              		.loc 1 4097 2 view .LVU1256
 4668 0098 7047     		bx	lr
 4669              	.LVL308:
 4670              	.L359:
 4671              	.LCFI44:
 4672              		.cfi_def_cfa_offset 16
 4673              		.cfi_offset 3, -16
 4674              		.cfi_offset 4, -12
 4675              		.cfi_offset 5, -8
 4676              		.cfi_offset 14, -4
4083:Middlewares/Third_Party/FreeRTOS/Source/tasks.c **** 				}
 4677              		.loc 1 4083 14 view .LVU1257
 4678 009a 0120     		movs	r0, #1
 4679              	.LVL309:
4093:Middlewares/Third_Party/FreeRTOS/Source/tasks.c **** 		}
 4680              		.loc 1 4093 28 is_stmt 1 view .LVU1258
4096:Middlewares/Third_Party/FreeRTOS/Source/tasks.c **** 	}
 4681              		.loc 1 4096 3 view .LVU1259
4096:Middlewares/Third_Party/FreeRTOS/Source/tasks.c **** 	}
 4682              		.loc 1 4096 10 is_stmt 0 view .LVU1260
 4683 009c D0E7     		b	.L352
 4684              	.L366:
 4685 009e 00BF     		.align	2
 4686              	.L365:
 4687 00a0 00000000 		.word	pxCurrentTCB
 4688 00a4 00000000 		.word	pxReadyTasksLists
 4689 00a8 00000000 		.word	uxTopReadyPriority
 4690              		.cfi_endproc
 4691              	.LFE44:
 4693              		.section	.text.xTaskPriorityDisinherit,"ax",%progbits
 4694              		.align	1
 4695              		.global	xTaskPriorityDisinherit
 4696              		.syntax unified
 4697              		.thumb
 4698              		.thumb_func
 4700              	xTaskPriorityDisinherit:
 4701              	.LVL310:
 4702              	.LFB45:
4105:Middlewares/Third_Party/FreeRTOS/Source/tasks.c **** 	TCB_t * const pxTCB = pxMutexHolder;
 4703              		.loc 1 4105 2 is_stmt 1 view -0
 4704              		.cfi_startproc
 4705              		@ args = 0, pretend = 0, frame = 0
 4706              		@ frame_needed = 0, uses_anonymous_args = 0
4106:Middlewares/Third_Party/FreeRTOS/Source/tasks.c **** 	BaseType_t xReturn = pdFALSE;
 4707              		.loc 1 4106 2 view .LVU1262
4107:Middlewares/Third_Party/FreeRTOS/Source/tasks.c **** 
 4708              		.loc 1 4107 2 view .LVU1263
4109:Middlewares/Third_Party/FreeRTOS/Source/tasks.c **** 		{
 4709              		.loc 1 4109 3 view .LVU1264
4109:Middlewares/Third_Party/FreeRTOS/Source/tasks.c **** 		{
 4710              		.loc 1 4109 5 is_stmt 0 view .LVU1265
 4711 0000 0028     		cmp	r0, #0
 4712 0002 4BD0     		beq	.L374
4105:Middlewares/Third_Party/FreeRTOS/Source/tasks.c **** 	TCB_t * const pxTCB = pxMutexHolder;
 4713              		.loc 1 4105 2 view .LVU1266
 4714 0004 38B5     		push	{r3, r4, r5, lr}
 4715              	.LCFI45:
ARM GAS  D:\software\msy64\tmp\ccHzaEXX.s 			page 200


 4716              		.cfi_def_cfa_offset 16
 4717              		.cfi_offset 3, -16
 4718              		.cfi_offset 4, -12
 4719              		.cfi_offset 5, -8
 4720              		.cfi_offset 14, -4
 4721 0006 0446     		mov	r4, r0
4115:Middlewares/Third_Party/FreeRTOS/Source/tasks.c **** 			configASSERT( pxTCB->uxMutexesHeld );
 4722              		.loc 1 4115 4 is_stmt 1 view .LVU1267
 4723 0008 264B     		ldr	r3, .L382
 4724 000a 1B68     		ldr	r3, [r3]
 4725 000c 8342     		cmp	r3, r0
 4726 000e 08D0     		beq	.L369
4115:Middlewares/Third_Party/FreeRTOS/Source/tasks.c **** 			configASSERT( pxTCB->uxMutexesHeld );
 4727              		.loc 1 4115 4 discriminator 1 view .LVU1268
 4728              	.LBB195:
 4729              	.LBI195:
 193:Middlewares/Third_Party/FreeRTOS/Source/portable/GCC/ARM_CM3/portmacro.h **** {
 4730              		.loc 2 193 30 view .LVU1269
 4731              	.LBB196:
 195:Middlewares/Third_Party/FreeRTOS/Source/portable/GCC/ARM_CM3/portmacro.h **** 
 4732              		.loc 2 195 1 view .LVU1270
 197:Middlewares/Third_Party/FreeRTOS/Source/portable/GCC/ARM_CM3/portmacro.h **** 	(
 4733              		.loc 2 197 2 view .LVU1271
 4734              		.syntax unified
 4735              	@ 197 "Middlewares/Third_Party/FreeRTOS/Source/portable/GCC/ARM_CM3/portmacro.h" 1
 4736 0010 4FF05003 			mov r3, #80												
 4737 0014 83F31188 		msr basepri, r3											
 4738 0018 BFF36F8F 		isb														
 4739 001c BFF34F8F 		dsb														
 4740              	
 4741              	@ 0 "" 2
 4742              		.thumb
 4743              		.syntax unified
 4744              	.L370:
 4745              	.LBE196:
 4746              	.LBE195:
4115:Middlewares/Third_Party/FreeRTOS/Source/tasks.c **** 			configASSERT( pxTCB->uxMutexesHeld );
 4747              		.loc 1 4115 4 discriminator 3 view .LVU1272
4115:Middlewares/Third_Party/FreeRTOS/Source/tasks.c **** 			configASSERT( pxTCB->uxMutexesHeld );
 4748              		.loc 1 4115 4 discriminator 3 view .LVU1273
 4749 0020 FEE7     		b	.L370
 4750              	.L369:
4115:Middlewares/Third_Party/FreeRTOS/Source/tasks.c **** 			configASSERT( pxTCB->uxMutexesHeld );
 4751              		.loc 1 4115 41 discriminator 2 view .LVU1274
4116:Middlewares/Third_Party/FreeRTOS/Source/tasks.c **** 			( pxTCB->uxMutexesHeld )--;
 4752              		.loc 1 4116 4 view .LVU1275
 4753 0022 836C     		ldr	r3, [r0, #72]
 4754 0024 43B9     		cbnz	r3, .L371
4116:Middlewares/Third_Party/FreeRTOS/Source/tasks.c **** 			( pxTCB->uxMutexesHeld )--;
 4755              		.loc 1 4116 4 discriminator 1 view .LVU1276
 4756              	.LBB197:
 4757              	.LBI197:
 193:Middlewares/Third_Party/FreeRTOS/Source/portable/GCC/ARM_CM3/portmacro.h **** {
 4758              		.loc 2 193 30 view .LVU1277
 4759              	.LBB198:
 195:Middlewares/Third_Party/FreeRTOS/Source/portable/GCC/ARM_CM3/portmacro.h **** 
 4760              		.loc 2 195 1 view .LVU1278
ARM GAS  D:\software\msy64\tmp\ccHzaEXX.s 			page 201


 197:Middlewares/Third_Party/FreeRTOS/Source/portable/GCC/ARM_CM3/portmacro.h **** 	(
 4761              		.loc 2 197 2 view .LVU1279
 4762              		.syntax unified
 4763              	@ 197 "Middlewares/Third_Party/FreeRTOS/Source/portable/GCC/ARM_CM3/portmacro.h" 1
 4764 0026 4FF05003 			mov r3, #80												
 4765 002a 83F31188 		msr basepri, r3											
 4766 002e BFF36F8F 		isb														
 4767 0032 BFF34F8F 		dsb														
 4768              	
 4769              	@ 0 "" 2
 4770              		.thumb
 4771              		.syntax unified
 4772              	.L372:
 4773              	.LBE198:
 4774              	.LBE197:
4116:Middlewares/Third_Party/FreeRTOS/Source/tasks.c **** 			( pxTCB->uxMutexesHeld )--;
 4775              		.loc 1 4116 4 discriminator 3 view .LVU1280
4116:Middlewares/Third_Party/FreeRTOS/Source/tasks.c **** 			( pxTCB->uxMutexesHeld )--;
 4776              		.loc 1 4116 4 discriminator 3 view .LVU1281
 4777 0036 FEE7     		b	.L372
 4778              	.L371:
4116:Middlewares/Third_Party/FreeRTOS/Source/tasks.c **** 			( pxTCB->uxMutexesHeld )--;
 4779              		.loc 1 4116 40 discriminator 2 view .LVU1282
4117:Middlewares/Third_Party/FreeRTOS/Source/tasks.c **** 
 4780              		.loc 1 4117 4 view .LVU1283
4117:Middlewares/Third_Party/FreeRTOS/Source/tasks.c **** 
 4781              		.loc 1 4117 28 is_stmt 0 view .LVU1284
 4782 0038 013B     		subs	r3, r3, #1
 4783 003a 8364     		str	r3, [r0, #72]
4121:Middlewares/Third_Party/FreeRTOS/Source/tasks.c **** 			{
 4784              		.loc 1 4121 4 is_stmt 1 view .LVU1285
4121:Middlewares/Third_Party/FreeRTOS/Source/tasks.c **** 			{
 4785              		.loc 1 4121 13 is_stmt 0 view .LVU1286
 4786 003c C16A     		ldr	r1, [r0, #44]
4121:Middlewares/Third_Party/FreeRTOS/Source/tasks.c **** 			{
 4787              		.loc 1 4121 34 view .LVU1287
 4788 003e 426C     		ldr	r2, [r0, #68]
4121:Middlewares/Third_Party/FreeRTOS/Source/tasks.c **** 			{
 4789              		.loc 1 4121 6 view .LVU1288
 4790 0040 9142     		cmp	r1, r2
 4791 0042 2DD0     		beq	.L375
4124:Middlewares/Third_Party/FreeRTOS/Source/tasks.c **** 				{
 4792              		.loc 1 4124 5 is_stmt 1 view .LVU1289
4124:Middlewares/Third_Party/FreeRTOS/Source/tasks.c **** 				{
 4793              		.loc 1 4124 7 is_stmt 0 view .LVU1290
 4794 0044 0BB1     		cbz	r3, .L381
4107:Middlewares/Third_Party/FreeRTOS/Source/tasks.c **** 
 4795              		.loc 1 4107 13 view .LVU1291
 4796 0046 0020     		movs	r0, #0
 4797              	.LVL311:
4173:Middlewares/Third_Party/FreeRTOS/Source/tasks.c **** 		}
 4798              		.loc 1 4173 28 is_stmt 1 view .LVU1292
4176:Middlewares/Third_Party/FreeRTOS/Source/tasks.c **** 	}
 4799              		.loc 1 4176 3 view .LVU1293
 4800              	.L367:
4177:Middlewares/Third_Party/FreeRTOS/Source/tasks.c **** 
 4801              		.loc 1 4177 2 is_stmt 0 view .LVU1294
ARM GAS  D:\software\msy64\tmp\ccHzaEXX.s 			page 202


 4802 0048 38BD     		pop	{r3, r4, r5, pc}
 4803              	.LVL312:
 4804              	.L381:
4131:Middlewares/Third_Party/FreeRTOS/Source/tasks.c **** 					{
 4805              		.loc 1 4131 6 is_stmt 1 view .LVU1295
4131:Middlewares/Third_Party/FreeRTOS/Source/tasks.c **** 					{
 4806              		.loc 1 4131 10 is_stmt 0 view .LVU1296
 4807 004a 051D     		adds	r5, r0, #4
 4808 004c 2846     		mov	r0, r5
 4809              	.LVL313:
4131:Middlewares/Third_Party/FreeRTOS/Source/tasks.c **** 					{
 4810              		.loc 1 4131 10 view .LVU1297
 4811 004e FFF7FEFF 		bl	uxListRemove
 4812              	.LVL314:
4131:Middlewares/Third_Party/FreeRTOS/Source/tasks.c **** 					{
 4813              		.loc 1 4131 8 discriminator 1 view .LVU1298
 4814 0052 68B9     		cbnz	r0, .L373
4133:Middlewares/Third_Party/FreeRTOS/Source/tasks.c **** 					}
 4815              		.loc 1 4133 7 is_stmt 1 view .LVU1299
 4816 0054 E36A     		ldr	r3, [r4, #44]
 4817 0056 03EB8302 		add	r2, r3, r3, lsl #2
 4818 005a 9200     		lsls	r2, r2, #2
 4819 005c 1249     		ldr	r1, .L382+4
 4820 005e 8A58     		ldr	r2, [r1, r2]
 4821 0060 32B9     		cbnz	r2, .L373
4133:Middlewares/Third_Party/FreeRTOS/Source/tasks.c **** 					}
 4822              		.loc 1 4133 7 discriminator 1 view .LVU1300
 4823 0062 0122     		movs	r2, #1
 4824 0064 9A40     		lsls	r2, r2, r3
 4825 0066 1149     		ldr	r1, .L382+8
 4826 0068 0B68     		ldr	r3, [r1]
 4827 006a 23EA0203 		bic	r3, r3, r2
 4828 006e 0B60     		str	r3, [r1]
 4829              	.L373:
4137:Middlewares/Third_Party/FreeRTOS/Source/tasks.c **** 					}
 4830              		.loc 1 4137 31 view .LVU1301
4142:Middlewares/Third_Party/FreeRTOS/Source/tasks.c **** 					pxTCB->uxPriority = pxTCB->uxBasePriority;
 4831              		.loc 1 4142 67 view .LVU1302
4143:Middlewares/Third_Party/FreeRTOS/Source/tasks.c **** 
 4832              		.loc 1 4143 6 view .LVU1303
4143:Middlewares/Third_Party/FreeRTOS/Source/tasks.c **** 
 4833              		.loc 1 4143 31 is_stmt 0 view .LVU1304
 4834 0070 606C     		ldr	r0, [r4, #68]
4143:Middlewares/Third_Party/FreeRTOS/Source/tasks.c **** 
 4835              		.loc 1 4143 24 view .LVU1305
 4836 0072 E062     		str	r0, [r4, #44]
4148:Middlewares/Third_Party/FreeRTOS/Source/tasks.c **** 					prvAddTaskToReadyList( pxTCB );
 4837              		.loc 1 4148 6 is_stmt 1 view .LVU1306
 4838 0074 C0F10703 		rsb	r3, r0, #7
 4839 0078 A361     		str	r3, [r4, #24]
4149:Middlewares/Third_Party/FreeRTOS/Source/tasks.c **** 
 4840              		.loc 1 4149 6 view .LVU1307
4149:Middlewares/Third_Party/FreeRTOS/Source/tasks.c **** 
 4841              		.loc 1 4149 6 view .LVU1308
 4842 007a 0124     		movs	r4, #1
 4843              	.LVL315:
4149:Middlewares/Third_Party/FreeRTOS/Source/tasks.c **** 
ARM GAS  D:\software\msy64\tmp\ccHzaEXX.s 			page 203


 4844              		.loc 1 4149 6 is_stmt 0 view .LVU1309
 4845 007c 04FA00F3 		lsl	r3, r4, r0
 4846 0080 0A4A     		ldr	r2, .L382+8
 4847 0082 1168     		ldr	r1, [r2]
 4848 0084 0B43     		orrs	r3, r3, r1
 4849 0086 1360     		str	r3, [r2]
4149:Middlewares/Third_Party/FreeRTOS/Source/tasks.c **** 
 4850              		.loc 1 4149 6 is_stmt 1 view .LVU1310
 4851 0088 00EB8000 		add	r0, r0, r0, lsl #2
 4852 008c 2946     		mov	r1, r5
 4853 008e 064B     		ldr	r3, .L382+4
 4854 0090 03EB8000 		add	r0, r3, r0, lsl #2
 4855 0094 FFF7FEFF 		bl	vListInsertEnd
 4856              	.LVL316:
4149:Middlewares/Third_Party/FreeRTOS/Source/tasks.c **** 
 4857              		.loc 1 4149 36 discriminator 1 view .LVU1311
4159:Middlewares/Third_Party/FreeRTOS/Source/tasks.c **** 				}
 4858              		.loc 1 4159 6 view .LVU1312
4159:Middlewares/Third_Party/FreeRTOS/Source/tasks.c **** 				}
 4859              		.loc 1 4159 14 is_stmt 0 view .LVU1313
 4860 0098 2046     		mov	r0, r4
 4861 009a D5E7     		b	.L367
 4862              	.LVL317:
 4863              	.L374:
 4864              	.LCFI46:
 4865              		.cfi_def_cfa_offset 0
 4866              		.cfi_restore 3
 4867              		.cfi_restore 4
 4868              		.cfi_restore 5
 4869              		.cfi_restore 14
4107:Middlewares/Third_Party/FreeRTOS/Source/tasks.c **** 
 4870              		.loc 1 4107 13 view .LVU1314
 4871 009c 0020     		movs	r0, #0
 4872              	.LVL318:
4177:Middlewares/Third_Party/FreeRTOS/Source/tasks.c **** 
 4873              		.loc 1 4177 2 view .LVU1315
 4874 009e 7047     		bx	lr
 4875              	.LVL319:
 4876              	.L375:
 4877              	.LCFI47:
 4878              		.cfi_def_cfa_offset 16
 4879              		.cfi_offset 3, -16
 4880              		.cfi_offset 4, -12
 4881              		.cfi_offset 5, -8
 4882              		.cfi_offset 14, -4
4107:Middlewares/Third_Party/FreeRTOS/Source/tasks.c **** 
 4883              		.loc 1 4107 13 view .LVU1316
 4884 00a0 0020     		movs	r0, #0
 4885              	.LVL320:
4107:Middlewares/Third_Party/FreeRTOS/Source/tasks.c **** 
 4886              		.loc 1 4107 13 view .LVU1317
 4887 00a2 D1E7     		b	.L367
 4888              	.L383:
 4889              		.align	2
 4890              	.L382:
 4891 00a4 00000000 		.word	pxCurrentTCB
 4892 00a8 00000000 		.word	pxReadyTasksLists
ARM GAS  D:\software\msy64\tmp\ccHzaEXX.s 			page 204


 4893 00ac 00000000 		.word	uxTopReadyPriority
 4894              		.cfi_endproc
 4895              	.LFE45:
 4897              		.section	.text.vTaskPriorityDisinheritAfterTimeout,"ax",%progbits
 4898              		.align	1
 4899              		.global	vTaskPriorityDisinheritAfterTimeout
 4900              		.syntax unified
 4901              		.thumb
 4902              		.thumb_func
 4904              	vTaskPriorityDisinheritAfterTimeout:
 4905              	.LVL321:
 4906              	.LFB46:
4185:Middlewares/Third_Party/FreeRTOS/Source/tasks.c **** 	TCB_t * const pxTCB = pxMutexHolder;
 4907              		.loc 1 4185 2 is_stmt 1 view -0
 4908              		.cfi_startproc
 4909              		@ args = 0, pretend = 0, frame = 0
 4910              		@ frame_needed = 0, uses_anonymous_args = 0
4186:Middlewares/Third_Party/FreeRTOS/Source/tasks.c **** 	UBaseType_t uxPriorityUsedOnEntry, uxPriorityToUse;
 4911              		.loc 1 4186 2 view .LVU1319
4187:Middlewares/Third_Party/FreeRTOS/Source/tasks.c **** 	const UBaseType_t uxOnlyOneMutexHeld = ( UBaseType_t ) 1;
 4912              		.loc 1 4187 2 view .LVU1320
4188:Middlewares/Third_Party/FreeRTOS/Source/tasks.c **** 
 4913              		.loc 1 4188 2 view .LVU1321
4190:Middlewares/Third_Party/FreeRTOS/Source/tasks.c **** 		{
 4914              		.loc 1 4190 3 view .LVU1322
4190:Middlewares/Third_Party/FreeRTOS/Source/tasks.c **** 		{
 4915              		.loc 1 4190 5 is_stmt 0 view .LVU1323
 4916 0000 0028     		cmp	r0, #0
 4917 0002 4FD0     		beq	.L394
4185:Middlewares/Third_Party/FreeRTOS/Source/tasks.c **** 	TCB_t * const pxTCB = pxMutexHolder;
 4918              		.loc 1 4185 2 view .LVU1324
 4919 0004 38B5     		push	{r3, r4, r5, lr}
 4920              	.LCFI48:
 4921              		.cfi_def_cfa_offset 16
 4922              		.cfi_offset 3, -16
 4923              		.cfi_offset 4, -12
 4924              		.cfi_offset 5, -8
 4925              		.cfi_offset 14, -4
 4926 0006 0446     		mov	r4, r0
4194:Middlewares/Third_Party/FreeRTOS/Source/tasks.c **** 
 4927              		.loc 1 4194 4 is_stmt 1 view .LVU1325
 4928 0008 836C     		ldr	r3, [r0, #72]
 4929 000a 43B9     		cbnz	r3, .L386
4194:Middlewares/Third_Party/FreeRTOS/Source/tasks.c **** 
 4930              		.loc 1 4194 4 discriminator 1 view .LVU1326
 4931              	.LBB199:
 4932              	.LBI199:
 193:Middlewares/Third_Party/FreeRTOS/Source/portable/GCC/ARM_CM3/portmacro.h **** {
 4933              		.loc 2 193 30 view .LVU1327
 4934              	.LBB200:
 195:Middlewares/Third_Party/FreeRTOS/Source/portable/GCC/ARM_CM3/portmacro.h **** 
 4935              		.loc 2 195 1 view .LVU1328
 197:Middlewares/Third_Party/FreeRTOS/Source/portable/GCC/ARM_CM3/portmacro.h **** 	(
 4936              		.loc 2 197 2 view .LVU1329
 4937              		.syntax unified
 4938              	@ 197 "Middlewares/Third_Party/FreeRTOS/Source/portable/GCC/ARM_CM3/portmacro.h" 1
 4939 000c 4FF05003 			mov r3, #80												
ARM GAS  D:\software\msy64\tmp\ccHzaEXX.s 			page 205


 4940 0010 83F31188 		msr basepri, r3											
 4941 0014 BFF36F8F 		isb														
 4942 0018 BFF34F8F 		dsb														
 4943              	
 4944              	@ 0 "" 2
 4945              		.thumb
 4946              		.syntax unified
 4947              	.L387:
 4948              	.LBE200:
 4949              	.LBE199:
4194:Middlewares/Third_Party/FreeRTOS/Source/tasks.c **** 
 4950              		.loc 1 4194 4 discriminator 3 view .LVU1330
4194:Middlewares/Third_Party/FreeRTOS/Source/tasks.c **** 
 4951              		.loc 1 4194 4 discriminator 3 view .LVU1331
 4952 001c FEE7     		b	.L387
 4953              	.L386:
4194:Middlewares/Third_Party/FreeRTOS/Source/tasks.c **** 
 4954              		.loc 1 4194 40 discriminator 2 view .LVU1332
4200:Middlewares/Third_Party/FreeRTOS/Source/tasks.c **** 			{
 4955              		.loc 1 4200 4 view .LVU1333
4200:Middlewares/Third_Party/FreeRTOS/Source/tasks.c **** 			{
 4956              		.loc 1 4200 13 is_stmt 0 view .LVU1334
 4957 001e 426C     		ldr	r2, [r0, #68]
4200:Middlewares/Third_Party/FreeRTOS/Source/tasks.c **** 			{
 4958              		.loc 1 4200 6 view .LVU1335
 4959 0020 8A42     		cmp	r2, r1
 4960 0022 00D2     		bcs	.L388
4202:Middlewares/Third_Party/FreeRTOS/Source/tasks.c **** 			}
 4961              		.loc 1 4202 21 view .LVU1336
 4962 0024 0A46     		mov	r2, r1
 4963              	.L388:
 4964              	.LVL322:
4210:Middlewares/Third_Party/FreeRTOS/Source/tasks.c **** 			{
 4965              		.loc 1 4210 4 is_stmt 1 view .LVU1337
4210:Middlewares/Third_Party/FreeRTOS/Source/tasks.c **** 			{
 4966              		.loc 1 4210 13 is_stmt 0 view .LVU1338
 4967 0026 E16A     		ldr	r1, [r4, #44]
 4968              	.LVL323:
4210:Middlewares/Third_Party/FreeRTOS/Source/tasks.c **** 			{
 4969              		.loc 1 4210 6 view .LVU1339
 4970 0028 9142     		cmp	r1, r2
 4971 002a 01D0     		beq	.L384
4216:Middlewares/Third_Party/FreeRTOS/Source/tasks.c **** 				{
 4972              		.loc 1 4216 5 is_stmt 1 view .LVU1340
4216:Middlewares/Third_Party/FreeRTOS/Source/tasks.c **** 				{
 4973              		.loc 1 4216 7 is_stmt 0 view .LVU1341
 4974 002c 012B     		cmp	r3, #1
 4975 002e 00D0     		beq	.L397
 4976              	.LVL324:
 4977              	.L384:
4282:Middlewares/Third_Party/FreeRTOS/Source/tasks.c **** 
 4978              		.loc 1 4282 2 view .LVU1342
 4979 0030 38BD     		pop	{r3, r4, r5, pc}
 4980              	.LVL325:
 4981              	.L397:
4221:Middlewares/Third_Party/FreeRTOS/Source/tasks.c **** 
 4982              		.loc 1 4221 6 is_stmt 1 view .LVU1343
ARM GAS  D:\software\msy64\tmp\ccHzaEXX.s 			page 206


 4983 0032 1D4B     		ldr	r3, .L399
 4984 0034 1B68     		ldr	r3, [r3]
 4985 0036 A342     		cmp	r3, r4
 4986 0038 2BD0     		beq	.L398
4221:Middlewares/Third_Party/FreeRTOS/Source/tasks.c **** 
 4987              		.loc 1 4221 43 discriminator 2 view .LVU1344
4226:Middlewares/Third_Party/FreeRTOS/Source/tasks.c **** 					uxPriorityUsedOnEntry = pxTCB->uxPriority;
 4988              		.loc 1 4226 67 view .LVU1345
4227:Middlewares/Third_Party/FreeRTOS/Source/tasks.c **** 					pxTCB->uxPriority = uxPriorityToUse;
 4989              		.loc 1 4227 6 view .LVU1346
 4990              	.LVL326:
4228:Middlewares/Third_Party/FreeRTOS/Source/tasks.c **** 
 4991              		.loc 1 4228 6 view .LVU1347
4228:Middlewares/Third_Party/FreeRTOS/Source/tasks.c **** 
 4992              		.loc 1 4228 24 is_stmt 0 view .LVU1348
 4993 003a E262     		str	r2, [r4, #44]
4232:Middlewares/Third_Party/FreeRTOS/Source/tasks.c **** 					{
 4994              		.loc 1 4232 6 is_stmt 1 view .LVU1349
4232:Middlewares/Third_Party/FreeRTOS/Source/tasks.c **** 					{
 4995              		.loc 1 4232 12 is_stmt 0 view .LVU1350
 4996 003c A369     		ldr	r3, [r4, #24]
4232:Middlewares/Third_Party/FreeRTOS/Source/tasks.c **** 					{
 4997              		.loc 1 4232 8 view .LVU1351
 4998 003e 002B     		cmp	r3, #0
 4999 0040 02DB     		blt	.L391
4234:Middlewares/Third_Party/FreeRTOS/Source/tasks.c **** 					}
 5000              		.loc 1 4234 7 is_stmt 1 view .LVU1352
 5001 0042 C2F10702 		rsb	r2, r2, #7
 5002              	.LVL327:
4234:Middlewares/Third_Party/FreeRTOS/Source/tasks.c **** 					}
 5003              		.loc 1 4234 7 is_stmt 0 view .LVU1353
 5004 0046 A261     		str	r2, [r4, #24]
 5005              	.L391:
4238:Middlewares/Third_Party/FreeRTOS/Source/tasks.c **** 					}
 5006              		.loc 1 4238 31 is_stmt 1 view .LVU1354
4247:Middlewares/Third_Party/FreeRTOS/Source/tasks.c **** 					{
 5007              		.loc 1 4247 6 view .LVU1355
4247:Middlewares/Third_Party/FreeRTOS/Source/tasks.c **** 					{
 5008              		.loc 1 4247 10 is_stmt 0 view .LVU1356
 5009 0048 6269     		ldr	r2, [r4, #20]
 5010 004a 01EB8101 		add	r1, r1, r1, lsl #2
 5011              	.LVL328:
4247:Middlewares/Third_Party/FreeRTOS/Source/tasks.c **** 					{
 5012              		.loc 1 4247 10 view .LVU1357
 5013 004e 174B     		ldr	r3, .L399+4
 5014 0050 03EB8103 		add	r3, r3, r1, lsl #2
4247:Middlewares/Third_Party/FreeRTOS/Source/tasks.c **** 					{
 5015              		.loc 1 4247 8 view .LVU1358
 5016 0054 9A42     		cmp	r2, r3
 5017 0056 EBD1     		bne	.L384
4249:Middlewares/Third_Party/FreeRTOS/Source/tasks.c **** 						{
 5018              		.loc 1 4249 7 is_stmt 1 view .LVU1359
4249:Middlewares/Third_Party/FreeRTOS/Source/tasks.c **** 						{
 5019              		.loc 1 4249 11 is_stmt 0 view .LVU1360
 5020 0058 251D     		adds	r5, r4, #4
 5021 005a 2846     		mov	r0, r5
 5022              	.LVL329:
ARM GAS  D:\software\msy64\tmp\ccHzaEXX.s 			page 207


4249:Middlewares/Third_Party/FreeRTOS/Source/tasks.c **** 						{
 5023              		.loc 1 4249 11 view .LVU1361
 5024 005c FFF7FEFF 		bl	uxListRemove
 5025              	.LVL330:
4249:Middlewares/Third_Party/FreeRTOS/Source/tasks.c **** 						{
 5026              		.loc 1 4249 9 discriminator 1 view .LVU1362
 5027 0060 38B9     		cbnz	r0, .L392
4254:Middlewares/Third_Party/FreeRTOS/Source/tasks.c **** 						}
 5028              		.loc 1 4254 8 is_stmt 1 view .LVU1363
 5029 0062 E36A     		ldr	r3, [r4, #44]
 5030 0064 0122     		movs	r2, #1
 5031 0066 9A40     		lsls	r2, r2, r3
 5032 0068 1149     		ldr	r1, .L399+8
 5033 006a 0B68     		ldr	r3, [r1]
 5034 006c 23EA0203 		bic	r3, r3, r2
 5035 0070 0B60     		str	r3, [r1]
 5036              	.L392:
4258:Middlewares/Third_Party/FreeRTOS/Source/tasks.c **** 						}
 5037              		.loc 1 4258 32 view .LVU1364
4261:Middlewares/Third_Party/FreeRTOS/Source/tasks.c **** 					}
 5038              		.loc 1 4261 7 view .LVU1365
4261:Middlewares/Third_Party/FreeRTOS/Source/tasks.c **** 					}
 5039              		.loc 1 4261 7 view .LVU1366
 5040 0072 E06A     		ldr	r0, [r4, #44]
 5041 0074 0123     		movs	r3, #1
 5042 0076 8340     		lsls	r3, r3, r0
 5043 0078 0D4A     		ldr	r2, .L399+8
 5044 007a 1168     		ldr	r1, [r2]
 5045 007c 0B43     		orrs	r3, r3, r1
 5046 007e 1360     		str	r3, [r2]
4261:Middlewares/Third_Party/FreeRTOS/Source/tasks.c **** 					}
 5047              		.loc 1 4261 7 view .LVU1367
 5048 0080 00EB8000 		add	r0, r0, r0, lsl #2
 5049 0084 2946     		mov	r1, r5
 5050 0086 094B     		ldr	r3, .L399+4
 5051 0088 03EB8000 		add	r0, r3, r0, lsl #2
 5052 008c FFF7FEFF 		bl	vListInsertEnd
 5053              	.LVL331:
4261:Middlewares/Third_Party/FreeRTOS/Source/tasks.c **** 					}
 5054              		.loc 1 4261 37 discriminator 1 view .LVU1368
4280:Middlewares/Third_Party/FreeRTOS/Source/tasks.c **** 		}
 5055              		.loc 1 4280 28 view .LVU1369
4282:Middlewares/Third_Party/FreeRTOS/Source/tasks.c **** 
 5056              		.loc 1 4282 2 is_stmt 0 view .LVU1370
 5057 0090 CEE7     		b	.L384
 5058              	.LVL332:
 5059              	.L398:
4221:Middlewares/Third_Party/FreeRTOS/Source/tasks.c **** 
 5060              		.loc 1 4221 6 is_stmt 1 discriminator 1 view .LVU1371
 5061              	.LBB201:
 5062              	.LBI201:
 193:Middlewares/Third_Party/FreeRTOS/Source/portable/GCC/ARM_CM3/portmacro.h **** {
 5063              		.loc 2 193 30 view .LVU1372
 5064              	.LBB202:
 195:Middlewares/Third_Party/FreeRTOS/Source/portable/GCC/ARM_CM3/portmacro.h **** 
 5065              		.loc 2 195 1 view .LVU1373
 197:Middlewares/Third_Party/FreeRTOS/Source/portable/GCC/ARM_CM3/portmacro.h **** 	(
ARM GAS  D:\software\msy64\tmp\ccHzaEXX.s 			page 208


 5066              		.loc 2 197 2 view .LVU1374
 5067              		.syntax unified
 5068              	@ 197 "Middlewares/Third_Party/FreeRTOS/Source/portable/GCC/ARM_CM3/portmacro.h" 1
 5069 0092 4FF05003 			mov r3, #80												
 5070 0096 83F31188 		msr basepri, r3											
 5071 009a BFF36F8F 		isb														
 5072 009e BFF34F8F 		dsb														
 5073              	
 5074              	@ 0 "" 2
 5075              		.thumb
 5076              		.syntax unified
 5077              	.L390:
 5078              	.LBE202:
 5079              	.LBE201:
4221:Middlewares/Third_Party/FreeRTOS/Source/tasks.c **** 
 5080              		.loc 1 4221 6 discriminator 3 view .LVU1375
4221:Middlewares/Third_Party/FreeRTOS/Source/tasks.c **** 
 5081              		.loc 1 4221 6 discriminator 3 view .LVU1376
 5082 00a2 FEE7     		b	.L390
 5083              	.LVL333:
 5084              	.L394:
 5085              	.LCFI49:
 5086              		.cfi_def_cfa_offset 0
 5087              		.cfi_restore 3
 5088              		.cfi_restore 4
 5089              		.cfi_restore 5
 5090              		.cfi_restore 14
4221:Middlewares/Third_Party/FreeRTOS/Source/tasks.c **** 
 5091              		.loc 1 4221 6 is_stmt 0 discriminator 3 view .LVU1377
 5092 00a4 7047     		bx	lr
 5093              	.L400:
 5094 00a6 00BF     		.align	2
 5095              	.L399:
 5096 00a8 00000000 		.word	pxCurrentTCB
 5097 00ac 00000000 		.word	pxReadyTasksLists
 5098 00b0 00000000 		.word	uxTopReadyPriority
 5099              		.cfi_endproc
 5100              	.LFE46:
 5102              		.section	.text.uxTaskResetEventItemValue,"ax",%progbits
 5103              		.align	1
 5104              		.global	uxTaskResetEventItemValue
 5105              		.syntax unified
 5106              		.thumb
 5107              		.thumb_func
 5109              	uxTaskResetEventItemValue:
 5110              	.LFB47:
4603:Middlewares/Third_Party/FreeRTOS/Source/tasks.c **** TickType_t uxReturn;
 5111              		.loc 1 4603 1 is_stmt 1 view -0
 5112              		.cfi_startproc
 5113              		@ args = 0, pretend = 0, frame = 0
 5114              		@ frame_needed = 0, uses_anonymous_args = 0
 5115              		@ link register save eliminated.
4604:Middlewares/Third_Party/FreeRTOS/Source/tasks.c **** 
 5116              		.loc 1 4604 1 view .LVU1379
4606:Middlewares/Third_Party/FreeRTOS/Source/tasks.c **** 
 5117              		.loc 1 4606 2 view .LVU1380
4606:Middlewares/Third_Party/FreeRTOS/Source/tasks.c **** 
ARM GAS  D:\software\msy64\tmp\ccHzaEXX.s 			page 209


 5118              		.loc 1 4606 13 is_stmt 0 view .LVU1381
 5119 0000 044A     		ldr	r2, .L402
 5120 0002 1368     		ldr	r3, [r2]
4606:Middlewares/Third_Party/FreeRTOS/Source/tasks.c **** 
 5121              		.loc 1 4606 11 view .LVU1382
 5122 0004 9869     		ldr	r0, [r3, #24]
 5123              	.LVL334:
4610:Middlewares/Third_Party/FreeRTOS/Source/tasks.c **** 
 5124              		.loc 1 4610 2 is_stmt 1 view .LVU1383
 5125 0006 1368     		ldr	r3, [r2]
 5126 0008 DB6A     		ldr	r3, [r3, #44]
 5127 000a 1268     		ldr	r2, [r2]
 5128 000c C3F10703 		rsb	r3, r3, #7
 5129 0010 9361     		str	r3, [r2, #24]
4612:Middlewares/Third_Party/FreeRTOS/Source/tasks.c **** }
 5130              		.loc 1 4612 2 view .LVU1384
4613:Middlewares/Third_Party/FreeRTOS/Source/tasks.c **** /*-----------------------------------------------------------*/
 5131              		.loc 1 4613 1 is_stmt 0 view .LVU1385
 5132 0012 7047     		bx	lr
 5133              	.L403:
 5134              		.align	2
 5135              	.L402:
 5136 0014 00000000 		.word	pxCurrentTCB
 5137              		.cfi_endproc
 5138              	.LFE47:
 5140              		.section	.text.pvTaskIncrementMutexHeldCount,"ax",%progbits
 5141              		.align	1
 5142              		.global	pvTaskIncrementMutexHeldCount
 5143              		.syntax unified
 5144              		.thumb
 5145              		.thumb_func
 5147              	pvTaskIncrementMutexHeldCount:
 5148              	.LFB48:
4619:Middlewares/Third_Party/FreeRTOS/Source/tasks.c **** 		/* If xSemaphoreCreateMutex() is called before any tasks have been created
 5149              		.loc 1 4619 2 is_stmt 1 view -0
 5150              		.cfi_startproc
 5151              		@ args = 0, pretend = 0, frame = 0
 5152              		@ frame_needed = 0, uses_anonymous_args = 0
 5153              		@ link register save eliminated.
4622:Middlewares/Third_Party/FreeRTOS/Source/tasks.c **** 		{
 5154              		.loc 1 4622 3 view .LVU1387
4622:Middlewares/Third_Party/FreeRTOS/Source/tasks.c **** 		{
 5155              		.loc 1 4622 20 is_stmt 0 view .LVU1388
 5156 0000 054B     		ldr	r3, .L406
 5157 0002 1B68     		ldr	r3, [r3]
4622:Middlewares/Third_Party/FreeRTOS/Source/tasks.c **** 		{
 5158              		.loc 1 4622 5 view .LVU1389
 5159 0004 23B1     		cbz	r3, .L405
4624:Middlewares/Third_Party/FreeRTOS/Source/tasks.c **** 		}
 5160              		.loc 1 4624 4 is_stmt 1 view .LVU1390
4624:Middlewares/Third_Party/FreeRTOS/Source/tasks.c **** 		}
 5161              		.loc 1 4624 18 is_stmt 0 view .LVU1391
 5162 0006 044B     		ldr	r3, .L406
 5163 0008 1A68     		ldr	r2, [r3]
 5164 000a 936C     		ldr	r3, [r2, #72]
4624:Middlewares/Third_Party/FreeRTOS/Source/tasks.c **** 		}
 5165              		.loc 1 4624 35 view .LVU1392
ARM GAS  D:\software\msy64\tmp\ccHzaEXX.s 			page 210


 5166 000c 0133     		adds	r3, r3, #1
 5167 000e 9364     		str	r3, [r2, #72]
 5168              	.L405:
4627:Middlewares/Third_Party/FreeRTOS/Source/tasks.c **** 	}
 5169              		.loc 1 4627 3 is_stmt 1 view .LVU1393
4627:Middlewares/Third_Party/FreeRTOS/Source/tasks.c **** 	}
 5170              		.loc 1 4627 10 is_stmt 0 view .LVU1394
 5171 0010 014B     		ldr	r3, .L406
 5172 0012 1868     		ldr	r0, [r3]
4628:Middlewares/Third_Party/FreeRTOS/Source/tasks.c **** 
 5173              		.loc 1 4628 2 view .LVU1395
 5174 0014 7047     		bx	lr
 5175              	.L407:
 5176 0016 00BF     		.align	2
 5177              	.L406:
 5178 0018 00000000 		.word	pxCurrentTCB
 5179              		.cfi_endproc
 5180              	.LFE48:
 5182              		.section	.text.ulTaskNotifyTake,"ax",%progbits
 5183              		.align	1
 5184              		.global	ulTaskNotifyTake
 5185              		.syntax unified
 5186              		.thumb
 5187              		.thumb_func
 5189              	ulTaskNotifyTake:
 5190              	.LVL335:
 5191              	.LFB49:
4636:Middlewares/Third_Party/FreeRTOS/Source/tasks.c **** 	uint32_t ulReturn;
 5192              		.loc 1 4636 2 is_stmt 1 view -0
 5193              		.cfi_startproc
 5194              		@ args = 0, pretend = 0, frame = 0
 5195              		@ frame_needed = 0, uses_anonymous_args = 0
4636:Middlewares/Third_Party/FreeRTOS/Source/tasks.c **** 	uint32_t ulReturn;
 5196              		.loc 1 4636 2 is_stmt 0 view .LVU1397
 5197 0000 38B5     		push	{r3, r4, r5, lr}
 5198              	.LCFI50:
 5199              		.cfi_def_cfa_offset 16
 5200              		.cfi_offset 3, -16
 5201              		.cfi_offset 4, -12
 5202              		.cfi_offset 5, -8
 5203              		.cfi_offset 14, -4
 5204 0002 0546     		mov	r5, r0
 5205 0004 0C46     		mov	r4, r1
4637:Middlewares/Third_Party/FreeRTOS/Source/tasks.c **** 
 5206              		.loc 1 4637 2 is_stmt 1 view .LVU1398
4639:Middlewares/Third_Party/FreeRTOS/Source/tasks.c **** 		{
 5207              		.loc 1 4639 3 view .LVU1399
 5208 0006 FFF7FEFF 		bl	vPortEnterCritical
 5209              	.LVL336:
4642:Middlewares/Third_Party/FreeRTOS/Source/tasks.c **** 			{
 5210              		.loc 1 4642 4 view .LVU1400
4642:Middlewares/Third_Party/FreeRTOS/Source/tasks.c **** 			{
 5211              		.loc 1 4642 20 is_stmt 0 view .LVU1401
 5212 000a 1A4B     		ldr	r3, .L414
 5213 000c 1B68     		ldr	r3, [r3]
 5214 000e DB6C     		ldr	r3, [r3, #76]
4642:Middlewares/Third_Party/FreeRTOS/Source/tasks.c **** 			{
ARM GAS  D:\software\msy64\tmp\ccHzaEXX.s 			page 211


 5215              		.loc 1 4642 6 view .LVU1402
 5216 0010 2BB9     		cbnz	r3, .L409
4645:Middlewares/Third_Party/FreeRTOS/Source/tasks.c **** 
 5217              		.loc 1 4645 5 is_stmt 1 view .LVU1403
4645:Middlewares/Third_Party/FreeRTOS/Source/tasks.c **** 
 5218              		.loc 1 4645 17 is_stmt 0 view .LVU1404
 5219 0012 184B     		ldr	r3, .L414
 5220 0014 1B68     		ldr	r3, [r3]
4645:Middlewares/Third_Party/FreeRTOS/Source/tasks.c **** 
 5221              		.loc 1 4645 33 view .LVU1405
 5222 0016 0122     		movs	r2, #1
 5223 0018 83F85020 		strb	r2, [r3, #80]
4647:Middlewares/Third_Party/FreeRTOS/Source/tasks.c **** 				{
 5224              		.loc 1 4647 5 is_stmt 1 view .LVU1406
4647:Middlewares/Third_Party/FreeRTOS/Source/tasks.c **** 				{
 5225              		.loc 1 4647 7 is_stmt 0 view .LVU1407
 5226 001c ACB9     		cbnz	r4, .L413
 5227              	.L409:
4665:Middlewares/Third_Party/FreeRTOS/Source/tasks.c **** 			}
 5228              		.loc 1 4665 29 is_stmt 1 view .LVU1408
4668:Middlewares/Third_Party/FreeRTOS/Source/tasks.c **** 
 5229              		.loc 1 4668 3 view .LVU1409
 5230 001e FFF7FEFF 		bl	vPortExitCritical
 5231              	.LVL337:
4670:Middlewares/Third_Party/FreeRTOS/Source/tasks.c **** 		{
 5232              		.loc 1 4670 3 view .LVU1410
 5233 0022 FFF7FEFF 		bl	vPortEnterCritical
 5234              	.LVL338:
4672:Middlewares/Third_Party/FreeRTOS/Source/tasks.c **** 			ulReturn = pxCurrentTCB->ulNotifiedValue;
 5235              		.loc 1 4672 27 view .LVU1411
4673:Middlewares/Third_Party/FreeRTOS/Source/tasks.c **** 
 5236              		.loc 1 4673 4 view .LVU1412
4673:Middlewares/Third_Party/FreeRTOS/Source/tasks.c **** 
 5237              		.loc 1 4673 27 is_stmt 0 view .LVU1413
 5238 0026 134B     		ldr	r3, .L414
 5239 0028 1B68     		ldr	r3, [r3]
4673:Middlewares/Third_Party/FreeRTOS/Source/tasks.c **** 
 5240              		.loc 1 4673 13 view .LVU1414
 5241 002a DC6C     		ldr	r4, [r3, #76]
 5242              	.LVL339:
4675:Middlewares/Third_Party/FreeRTOS/Source/tasks.c **** 			{
 5243              		.loc 1 4675 4 is_stmt 1 view .LVU1415
4675:Middlewares/Third_Party/FreeRTOS/Source/tasks.c **** 			{
 5244              		.loc 1 4675 6 is_stmt 0 view .LVU1416
 5245 002c 24B1     		cbz	r4, .L410
4677:Middlewares/Third_Party/FreeRTOS/Source/tasks.c **** 				{
 5246              		.loc 1 4677 5 is_stmt 1 view .LVU1417
4677:Middlewares/Third_Party/FreeRTOS/Source/tasks.c **** 				{
 5247              		.loc 1 4677 7 is_stmt 0 view .LVU1418
 5248 002e DDB1     		cbz	r5, .L411
4679:Middlewares/Third_Party/FreeRTOS/Source/tasks.c **** 				}
 5249              		.loc 1 4679 6 is_stmt 1 view .LVU1419
4679:Middlewares/Third_Party/FreeRTOS/Source/tasks.c **** 				}
 5250              		.loc 1 4679 18 is_stmt 0 view .LVU1420
 5251 0030 104B     		ldr	r3, .L414
 5252 0032 1B68     		ldr	r3, [r3]
4679:Middlewares/Third_Party/FreeRTOS/Source/tasks.c **** 				}
ARM GAS  D:\software\msy64\tmp\ccHzaEXX.s 			page 212


 5253              		.loc 1 4679 36 view .LVU1421
 5254 0034 0022     		movs	r2, #0
 5255 0036 DA64     		str	r2, [r3, #76]
 5256              	.L410:
4688:Middlewares/Third_Party/FreeRTOS/Source/tasks.c **** 			}
 5257              		.loc 1 4688 29 is_stmt 1 view .LVU1422
4691:Middlewares/Third_Party/FreeRTOS/Source/tasks.c **** 		}
 5258              		.loc 1 4691 4 view .LVU1423
4691:Middlewares/Third_Party/FreeRTOS/Source/tasks.c **** 		}
 5259              		.loc 1 4691 16 is_stmt 0 view .LVU1424
 5260 0038 0E4B     		ldr	r3, .L414
 5261 003a 1B68     		ldr	r3, [r3]
4691:Middlewares/Third_Party/FreeRTOS/Source/tasks.c **** 		}
 5262              		.loc 1 4691 32 view .LVU1425
 5263 003c 0022     		movs	r2, #0
 5264 003e 83F85020 		strb	r2, [r3, #80]
4693:Middlewares/Third_Party/FreeRTOS/Source/tasks.c **** 
 5265              		.loc 1 4693 3 is_stmt 1 view .LVU1426
 5266 0042 FFF7FEFF 		bl	vPortExitCritical
 5267              	.LVL340:
4695:Middlewares/Third_Party/FreeRTOS/Source/tasks.c **** 	}
 5268              		.loc 1 4695 3 view .LVU1427
4696:Middlewares/Third_Party/FreeRTOS/Source/tasks.c **** 
 5269              		.loc 1 4696 2 is_stmt 0 view .LVU1428
 5270 0046 2046     		mov	r0, r4
 5271 0048 38BD     		pop	{r3, r4, r5, pc}
 5272              	.LVL341:
 5273              	.L413:
4649:Middlewares/Third_Party/FreeRTOS/Source/tasks.c **** 					traceTASK_NOTIFY_TAKE_BLOCK();
 5274              		.loc 1 4649 6 is_stmt 1 view .LVU1429
 5275 004a 1146     		mov	r1, r2
 5276 004c 2046     		mov	r0, r4
 5277 004e FFF7FEFF 		bl	prvAddCurrentTaskToDelayedList
 5278              	.LVL342:
4650:Middlewares/Third_Party/FreeRTOS/Source/tasks.c **** 
 5279              		.loc 1 4650 35 view .LVU1430
4656:Middlewares/Third_Party/FreeRTOS/Source/tasks.c **** 				}
 5280              		.loc 1 4656 6 view .LVU1431
 5281 0052 4FF0E023 		mov	r3, #-536813568
 5282 0056 4FF08052 		mov	r2, #268435456
 5283 005a C3F8042D 		str	r2, [r3, #3332]
4656:Middlewares/Third_Party/FreeRTOS/Source/tasks.c **** 				}
 5284              		.loc 1 4656 6 view .LVU1432
 5285              		.syntax unified
 5286              	@ 4656 "Middlewares/Third_Party/FreeRTOS/Source/tasks.c" 1
 5287 005e BFF34F8F 		dsb
 5288              	@ 0 "" 2
4656:Middlewares/Third_Party/FreeRTOS/Source/tasks.c **** 				}
 5289              		.loc 1 4656 6 view .LVU1433
 5290              	@ 4656 "Middlewares/Third_Party/FreeRTOS/Source/tasks.c" 1
 5291 0062 BFF36F8F 		isb
 5292              	@ 0 "" 2
4656:Middlewares/Third_Party/FreeRTOS/Source/tasks.c **** 				}
 5293              		.loc 1 4656 28 view .LVU1434
 5294              		.thumb
 5295              		.syntax unified
 5296 0066 DAE7     		b	.L409
ARM GAS  D:\software\msy64\tmp\ccHzaEXX.s 			page 213


 5297              	.LVL343:
 5298              	.L411:
4683:Middlewares/Third_Party/FreeRTOS/Source/tasks.c **** 				}
 5299              		.loc 1 4683 6 view .LVU1435
4683:Middlewares/Third_Party/FreeRTOS/Source/tasks.c **** 				}
 5300              		.loc 1 4683 18 is_stmt 0 view .LVU1436
 5301 0068 024B     		ldr	r3, .L414
 5302 006a 1B68     		ldr	r3, [r3]
4683:Middlewares/Third_Party/FreeRTOS/Source/tasks.c **** 				}
 5303              		.loc 1 4683 47 view .LVU1437
 5304 006c 621E     		subs	r2, r4, #1
4683:Middlewares/Third_Party/FreeRTOS/Source/tasks.c **** 				}
 5305              		.loc 1 4683 36 view .LVU1438
 5306 006e DA64     		str	r2, [r3, #76]
 5307 0070 E2E7     		b	.L410
 5308              	.L415:
 5309 0072 00BF     		.align	2
 5310              	.L414:
 5311 0074 00000000 		.word	pxCurrentTCB
 5312              		.cfi_endproc
 5313              	.LFE49:
 5315              		.section	.text.xTaskNotifyWait,"ax",%progbits
 5316              		.align	1
 5317              		.global	xTaskNotifyWait
 5318              		.syntax unified
 5319              		.thumb
 5320              		.thumb_func
 5322              	xTaskNotifyWait:
 5323              	.LVL344:
 5324              	.LFB50:
4704:Middlewares/Third_Party/FreeRTOS/Source/tasks.c **** 	BaseType_t xReturn;
 5325              		.loc 1 4704 2 is_stmt 1 view -0
 5326              		.cfi_startproc
 5327              		@ args = 0, pretend = 0, frame = 0
 5328              		@ frame_needed = 0, uses_anonymous_args = 0
4704:Middlewares/Third_Party/FreeRTOS/Source/tasks.c **** 	BaseType_t xReturn;
 5329              		.loc 1 4704 2 is_stmt 0 view .LVU1440
 5330 0000 F8B5     		push	{r3, r4, r5, r6, r7, lr}
 5331              	.LCFI51:
 5332              		.cfi_def_cfa_offset 24
 5333              		.cfi_offset 3, -24
 5334              		.cfi_offset 4, -20
 5335              		.cfi_offset 5, -16
 5336              		.cfi_offset 6, -12
 5337              		.cfi_offset 7, -8
 5338              		.cfi_offset 14, -4
 5339 0002 0646     		mov	r6, r0
 5340 0004 0F46     		mov	r7, r1
 5341 0006 1446     		mov	r4, r2
 5342 0008 1D46     		mov	r5, r3
4705:Middlewares/Third_Party/FreeRTOS/Source/tasks.c **** 
 5343              		.loc 1 4705 2 is_stmt 1 view .LVU1441
4707:Middlewares/Third_Party/FreeRTOS/Source/tasks.c **** 		{
 5344              		.loc 1 4707 3 view .LVU1442
 5345 000a FFF7FEFF 		bl	vPortEnterCritical
 5346              	.LVL345:
4710:Middlewares/Third_Party/FreeRTOS/Source/tasks.c **** 			{
ARM GAS  D:\software\msy64\tmp\ccHzaEXX.s 			page 214


 5347              		.loc 1 4710 4 view .LVU1443
4710:Middlewares/Third_Party/FreeRTOS/Source/tasks.c **** 			{
 5348              		.loc 1 4710 20 is_stmt 0 view .LVU1444
 5349 000e 214B     		ldr	r3, .L424
 5350 0010 1B68     		ldr	r3, [r3]
 5351 0012 93F85020 		ldrb	r2, [r3, #80]	@ zero_extendqisi2
 5352 0016 D2B2     		uxtb	r2, r2
4710:Middlewares/Third_Party/FreeRTOS/Source/tasks.c **** 			{
 5353              		.loc 1 4710 6 view .LVU1445
 5354 0018 022A     		cmp	r2, #2
 5355 001a 0AD0     		beq	.L417
4715:Middlewares/Third_Party/FreeRTOS/Source/tasks.c **** 
 5356              		.loc 1 4715 5 is_stmt 1 view .LVU1446
4715:Middlewares/Third_Party/FreeRTOS/Source/tasks.c **** 
 5357              		.loc 1 4715 17 is_stmt 0 view .LVU1447
 5358 001c 1D4A     		ldr	r2, .L424
 5359 001e 1168     		ldr	r1, [r2]
 5360 0020 CB6C     		ldr	r3, [r1, #76]
4715:Middlewares/Third_Party/FreeRTOS/Source/tasks.c **** 
 5361              		.loc 1 4715 35 view .LVU1448
 5362 0022 23EA0603 		bic	r3, r3, r6
 5363 0026 CB64     		str	r3, [r1, #76]
4718:Middlewares/Third_Party/FreeRTOS/Source/tasks.c **** 
 5364              		.loc 1 4718 5 is_stmt 1 view .LVU1449
4718:Middlewares/Third_Party/FreeRTOS/Source/tasks.c **** 
 5365              		.loc 1 4718 17 is_stmt 0 view .LVU1450
 5366 0028 1368     		ldr	r3, [r2]
4718:Middlewares/Third_Party/FreeRTOS/Source/tasks.c **** 
 5367              		.loc 1 4718 33 view .LVU1451
 5368 002a 0122     		movs	r2, #1
 5369 002c 83F85020 		strb	r2, [r3, #80]
4720:Middlewares/Third_Party/FreeRTOS/Source/tasks.c **** 				{
 5370              		.loc 1 4720 5 is_stmt 1 view .LVU1452
4720:Middlewares/Third_Party/FreeRTOS/Source/tasks.c **** 				{
 5371              		.loc 1 4720 7 is_stmt 0 view .LVU1453
 5372 0030 CDB9     		cbnz	r5, .L422
 5373              	.L417:
4738:Middlewares/Third_Party/FreeRTOS/Source/tasks.c **** 			}
 5374              		.loc 1 4738 29 is_stmt 1 view .LVU1454
4741:Middlewares/Third_Party/FreeRTOS/Source/tasks.c **** 
 5375              		.loc 1 4741 3 view .LVU1455
 5376 0032 FFF7FEFF 		bl	vPortExitCritical
 5377              	.LVL346:
4743:Middlewares/Third_Party/FreeRTOS/Source/tasks.c **** 		{
 5378              		.loc 1 4743 3 view .LVU1456
 5379 0036 FFF7FEFF 		bl	vPortEnterCritical
 5380              	.LVL347:
4745:Middlewares/Third_Party/FreeRTOS/Source/tasks.c **** 
 5381              		.loc 1 4745 27 view .LVU1457
4747:Middlewares/Third_Party/FreeRTOS/Source/tasks.c **** 			{
 5382              		.loc 1 4747 4 view .LVU1458
4747:Middlewares/Third_Party/FreeRTOS/Source/tasks.c **** 			{
 5383              		.loc 1 4747 6 is_stmt 0 view .LVU1459
 5384 003a 1CB1     		cbz	r4, .L418
4751:Middlewares/Third_Party/FreeRTOS/Source/tasks.c **** 			}
 5385              		.loc 1 4751 5 is_stmt 1 view .LVU1460
4751:Middlewares/Third_Party/FreeRTOS/Source/tasks.c **** 			}
ARM GAS  D:\software\msy64\tmp\ccHzaEXX.s 			page 215


 5386              		.loc 1 4751 41 is_stmt 0 view .LVU1461
 5387 003c 154B     		ldr	r3, .L424
 5388 003e 1B68     		ldr	r3, [r3]
 5389 0040 DB6C     		ldr	r3, [r3, #76]
4751:Middlewares/Third_Party/FreeRTOS/Source/tasks.c **** 			}
 5390              		.loc 1 4751 27 view .LVU1462
 5391 0042 2360     		str	r3, [r4]
 5392              	.L418:
4758:Middlewares/Third_Party/FreeRTOS/Source/tasks.c **** 			{
 5393              		.loc 1 4758 4 is_stmt 1 view .LVU1463
4758:Middlewares/Third_Party/FreeRTOS/Source/tasks.c **** 			{
 5394              		.loc 1 4758 20 is_stmt 0 view .LVU1464
 5395 0044 134B     		ldr	r3, .L424
 5396 0046 1B68     		ldr	r3, [r3]
 5397 0048 93F85030 		ldrb	r3, [r3, #80]	@ zero_extendqisi2
 5398 004c DBB2     		uxtb	r3, r3
4758:Middlewares/Third_Party/FreeRTOS/Source/tasks.c **** 			{
 5399              		.loc 1 4758 6 view .LVU1465
 5400 004e 022B     		cmp	r3, #2
 5401 0050 18D0     		beq	.L423
4761:Middlewares/Third_Party/FreeRTOS/Source/tasks.c **** 			}
 5402              		.loc 1 4761 13 view .LVU1466
 5403 0052 0024     		movs	r4, #0
 5404              	.LVL348:
 5405              	.L419:
4771:Middlewares/Third_Party/FreeRTOS/Source/tasks.c **** 		}
 5406              		.loc 1 4771 4 is_stmt 1 view .LVU1467
4771:Middlewares/Third_Party/FreeRTOS/Source/tasks.c **** 		}
 5407              		.loc 1 4771 16 is_stmt 0 view .LVU1468
 5408 0054 0F4B     		ldr	r3, .L424
 5409 0056 1B68     		ldr	r3, [r3]
4771:Middlewares/Third_Party/FreeRTOS/Source/tasks.c **** 		}
 5410              		.loc 1 4771 32 view .LVU1469
 5411 0058 0022     		movs	r2, #0
 5412 005a 83F85020 		strb	r2, [r3, #80]
4773:Middlewares/Third_Party/FreeRTOS/Source/tasks.c **** 
 5413              		.loc 1 4773 3 is_stmt 1 view .LVU1470
 5414 005e FFF7FEFF 		bl	vPortExitCritical
 5415              	.LVL349:
4775:Middlewares/Third_Party/FreeRTOS/Source/tasks.c **** 	}
 5416              		.loc 1 4775 3 view .LVU1471
4776:Middlewares/Third_Party/FreeRTOS/Source/tasks.c **** 
 5417              		.loc 1 4776 2 is_stmt 0 view .LVU1472
 5418 0062 2046     		mov	r0, r4
 5419 0064 F8BD     		pop	{r3, r4, r5, r6, r7, pc}
 5420              	.LVL350:
 5421              	.L422:
4722:Middlewares/Third_Party/FreeRTOS/Source/tasks.c **** 					traceTASK_NOTIFY_WAIT_BLOCK();
 5422              		.loc 1 4722 6 is_stmt 1 view .LVU1473
 5423 0066 1146     		mov	r1, r2
 5424 0068 2846     		mov	r0, r5
 5425 006a FFF7FEFF 		bl	prvAddCurrentTaskToDelayedList
 5426              	.LVL351:
4723:Middlewares/Third_Party/FreeRTOS/Source/tasks.c **** 
 5427              		.loc 1 4723 35 view .LVU1474
4729:Middlewares/Third_Party/FreeRTOS/Source/tasks.c **** 				}
 5428              		.loc 1 4729 6 view .LVU1475
ARM GAS  D:\software\msy64\tmp\ccHzaEXX.s 			page 216


 5429 006e 4FF0E023 		mov	r3, #-536813568
 5430 0072 4FF08052 		mov	r2, #268435456
 5431 0076 C3F8042D 		str	r2, [r3, #3332]
4729:Middlewares/Third_Party/FreeRTOS/Source/tasks.c **** 				}
 5432              		.loc 1 4729 6 view .LVU1476
 5433              		.syntax unified
 5434              	@ 4729 "Middlewares/Third_Party/FreeRTOS/Source/tasks.c" 1
 5435 007a BFF34F8F 		dsb
 5436              	@ 0 "" 2
4729:Middlewares/Third_Party/FreeRTOS/Source/tasks.c **** 				}
 5437              		.loc 1 4729 6 view .LVU1477
 5438              	@ 4729 "Middlewares/Third_Party/FreeRTOS/Source/tasks.c" 1
 5439 007e BFF36F8F 		isb
 5440              	@ 0 "" 2
4729:Middlewares/Third_Party/FreeRTOS/Source/tasks.c **** 				}
 5441              		.loc 1 4729 28 view .LVU1478
 5442              		.thumb
 5443              		.syntax unified
 5444 0082 D6E7     		b	.L417
 5445              	.L423:
4767:Middlewares/Third_Party/FreeRTOS/Source/tasks.c **** 				xReturn = pdTRUE;
 5446              		.loc 1 4767 5 view .LVU1479
4767:Middlewares/Third_Party/FreeRTOS/Source/tasks.c **** 				xReturn = pdTRUE;
 5447              		.loc 1 4767 17 is_stmt 0 view .LVU1480
 5448 0084 034B     		ldr	r3, .L424
 5449 0086 1A68     		ldr	r2, [r3]
 5450 0088 D36C     		ldr	r3, [r2, #76]
4767:Middlewares/Third_Party/FreeRTOS/Source/tasks.c **** 				xReturn = pdTRUE;
 5451              		.loc 1 4767 35 view .LVU1481
 5452 008a 23EA0703 		bic	r3, r3, r7
 5453 008e D364     		str	r3, [r2, #76]
4768:Middlewares/Third_Party/FreeRTOS/Source/tasks.c **** 			}
 5454              		.loc 1 4768 5 is_stmt 1 view .LVU1482
 5455              	.LVL352:
4768:Middlewares/Third_Party/FreeRTOS/Source/tasks.c **** 			}
 5456              		.loc 1 4768 13 is_stmt 0 view .LVU1483
 5457 0090 0124     		movs	r4, #1
 5458              	.LVL353:
4768:Middlewares/Third_Party/FreeRTOS/Source/tasks.c **** 			}
 5459              		.loc 1 4768 13 view .LVU1484
 5460 0092 DFE7     		b	.L419
 5461              	.L425:
 5462              		.align	2
 5463              	.L424:
 5464 0094 00000000 		.word	pxCurrentTCB
 5465              		.cfi_endproc
 5466              	.LFE50:
 5468              		.section	.text.xTaskGenericNotify,"ax",%progbits
 5469              		.align	1
 5470              		.global	xTaskGenericNotify
 5471              		.syntax unified
 5472              		.thumb
 5473              		.thumb_func
 5475              	xTaskGenericNotify:
 5476              	.LVL354:
 5477              	.LFB51:
4784:Middlewares/Third_Party/FreeRTOS/Source/tasks.c **** 	TCB_t * pxTCB;
ARM GAS  D:\software\msy64\tmp\ccHzaEXX.s 			page 217


 5478              		.loc 1 4784 2 is_stmt 1 view -0
 5479              		.cfi_startproc
 5480              		@ args = 0, pretend = 0, frame = 0
 5481              		@ frame_needed = 0, uses_anonymous_args = 0
4784:Middlewares/Third_Party/FreeRTOS/Source/tasks.c **** 	TCB_t * pxTCB;
 5482              		.loc 1 4784 2 is_stmt 0 view .LVU1486
 5483 0000 F8B5     		push	{r3, r4, r5, r6, r7, lr}
 5484              	.LCFI52:
 5485              		.cfi_def_cfa_offset 24
 5486              		.cfi_offset 3, -24
 5487              		.cfi_offset 4, -20
 5488              		.cfi_offset 5, -16
 5489              		.cfi_offset 6, -12
 5490              		.cfi_offset 7, -8
 5491              		.cfi_offset 14, -4
4785:Middlewares/Third_Party/FreeRTOS/Source/tasks.c **** 	BaseType_t xReturn = pdPASS;
 5492              		.loc 1 4785 2 is_stmt 1 view .LVU1487
4786:Middlewares/Third_Party/FreeRTOS/Source/tasks.c **** 	uint8_t ucOriginalNotifyState;
 5493              		.loc 1 4786 2 view .LVU1488
 5494              	.LVL355:
4787:Middlewares/Third_Party/FreeRTOS/Source/tasks.c **** 
 5495              		.loc 1 4787 2 view .LVU1489
4789:Middlewares/Third_Party/FreeRTOS/Source/tasks.c **** 		pxTCB = xTaskToNotify;
 5496              		.loc 1 4789 3 view .LVU1490
 5497 0002 A8B1     		cbz	r0, .L446
 5498 0004 0E46     		mov	r6, r1
 5499 0006 1446     		mov	r4, r2
 5500 0008 1D46     		mov	r5, r3
 5501 000a 0746     		mov	r7, r0
4789:Middlewares/Third_Party/FreeRTOS/Source/tasks.c **** 		pxTCB = xTaskToNotify;
 5502              		.loc 1 4789 32 discriminator 2 view .LVU1491
4790:Middlewares/Third_Party/FreeRTOS/Source/tasks.c **** 
 5503              		.loc 1 4790 3 view .LVU1492
 5504              	.LVL356:
4792:Middlewares/Third_Party/FreeRTOS/Source/tasks.c **** 		{
 5505              		.loc 1 4792 3 view .LVU1493
 5506 000c FFF7FEFF 		bl	vPortEnterCritical
 5507              	.LVL357:
4794:Middlewares/Third_Party/FreeRTOS/Source/tasks.c **** 			{
 5508              		.loc 1 4794 4 view .LVU1494
4794:Middlewares/Third_Party/FreeRTOS/Source/tasks.c **** 			{
 5509              		.loc 1 4794 6 is_stmt 0 view .LVU1495
 5510 0010 0DB1     		cbz	r5, .L429
4796:Middlewares/Third_Party/FreeRTOS/Source/tasks.c **** 			}
 5511              		.loc 1 4796 5 is_stmt 1 view .LVU1496
4796:Middlewares/Third_Party/FreeRTOS/Source/tasks.c **** 			}
 5512              		.loc 1 4796 42 is_stmt 0 view .LVU1497
 5513 0012 FB6C     		ldr	r3, [r7, #76]
4796:Middlewares/Third_Party/FreeRTOS/Source/tasks.c **** 			}
 5514              		.loc 1 4796 35 view .LVU1498
 5515 0014 2B60     		str	r3, [r5]
 5516              	.L429:
4799:Middlewares/Third_Party/FreeRTOS/Source/tasks.c **** 
 5517              		.loc 1 4799 4 is_stmt 1 view .LVU1499
4799:Middlewares/Third_Party/FreeRTOS/Source/tasks.c **** 
 5518              		.loc 1 4799 26 is_stmt 0 view .LVU1500
 5519 0016 97F85030 		ldrb	r3, [r7, #80]	@ zero_extendqisi2
ARM GAS  D:\software\msy64\tmp\ccHzaEXX.s 			page 218


 5520 001a DBB2     		uxtb	r3, r3
 5521              	.LVL358:
4801:Middlewares/Third_Party/FreeRTOS/Source/tasks.c **** 
 5522              		.loc 1 4801 4 is_stmt 1 view .LVU1501
4801:Middlewares/Third_Party/FreeRTOS/Source/tasks.c **** 
 5523              		.loc 1 4801 25 is_stmt 0 view .LVU1502
 5524 001c 0222     		movs	r2, #2
 5525 001e 87F85020 		strb	r2, [r7, #80]
4803:Middlewares/Third_Party/FreeRTOS/Source/tasks.c **** 			{
 5526              		.loc 1 4803 4 is_stmt 1 view .LVU1503
 5527 0022 042C     		cmp	r4, #4
 5528 0024 21D8     		bhi	.L430
 5529 0026 DFE804F0 		tbb	[pc, r4]
 5530              	.L432:
 5531 002a 0F       		.byte	(.L436-.L432)/2
 5532 002b 0C       		.byte	(.L435-.L432)/2
 5533 002c 16       		.byte	(.L434-.L432)/2
 5534 002d 1A       		.byte	(.L433-.L432)/2
 5535 002e 1C       		.byte	(.L431-.L432)/2
 5536              	.LVL359:
 5537 002f 00       		.p2align 1
 5538              	.L446:
4789:Middlewares/Third_Party/FreeRTOS/Source/tasks.c **** 		pxTCB = xTaskToNotify;
 5539              		.loc 1 4789 3 discriminator 1 view .LVU1504
 5540              	.LBB203:
 5541              	.LBI203:
 193:Middlewares/Third_Party/FreeRTOS/Source/portable/GCC/ARM_CM3/portmacro.h **** {
 5542              		.loc 2 193 30 view .LVU1505
 5543              	.LBB204:
 195:Middlewares/Third_Party/FreeRTOS/Source/portable/GCC/ARM_CM3/portmacro.h **** 
 5544              		.loc 2 195 1 view .LVU1506
 197:Middlewares/Third_Party/FreeRTOS/Source/portable/GCC/ARM_CM3/portmacro.h **** 	(
 5545              		.loc 2 197 2 view .LVU1507
 5546              		.syntax unified
 5547              	@ 197 "Middlewares/Third_Party/FreeRTOS/Source/portable/GCC/ARM_CM3/portmacro.h" 1
 5548 0030 4FF05003 			mov r3, #80												
 5549 0034 83F31188 		msr basepri, r3											
 5550 0038 BFF36F8F 		isb														
 5551 003c BFF34F8F 		dsb														
 5552              	
 5553              	@ 0 "" 2
 5554              	.LVL360:
 5555              		.thumb
 5556              		.syntax unified
 5557              	.L428:
 197:Middlewares/Third_Party/FreeRTOS/Source/portable/GCC/ARM_CM3/portmacro.h **** 	(
 5558              		.loc 2 197 2 is_stmt 0 view .LVU1508
 5559              	.LBE204:
 5560              	.LBE203:
4789:Middlewares/Third_Party/FreeRTOS/Source/tasks.c **** 		pxTCB = xTaskToNotify;
 5561              		.loc 1 4789 3 is_stmt 1 discriminator 3 view .LVU1509
4789:Middlewares/Third_Party/FreeRTOS/Source/tasks.c **** 		pxTCB = xTaskToNotify;
 5562              		.loc 1 4789 3 discriminator 3 view .LVU1510
 5563 0040 FEE7     		b	.L428
 5564              	.LVL361:
 5565              	.L435:
4806:Middlewares/Third_Party/FreeRTOS/Source/tasks.c **** 					break;
ARM GAS  D:\software\msy64\tmp\ccHzaEXX.s 			page 219


 5566              		.loc 1 4806 6 view .LVU1511
4806:Middlewares/Third_Party/FreeRTOS/Source/tasks.c **** 					break;
 5567              		.loc 1 4806 11 is_stmt 0 view .LVU1512
 5568 0042 FA6C     		ldr	r2, [r7, #76]
4806:Middlewares/Third_Party/FreeRTOS/Source/tasks.c **** 					break;
 5569              		.loc 1 4806 29 view .LVU1513
 5570 0044 3243     		orrs	r2, r2, r6
 5571 0046 FA64     		str	r2, [r7, #76]
4807:Middlewares/Third_Party/FreeRTOS/Source/tasks.c **** 
 5572              		.loc 1 4807 6 is_stmt 1 view .LVU1514
 5573              	.L436:
4843:Middlewares/Third_Party/FreeRTOS/Source/tasks.c **** 
 5574              		.loc 1 4843 22 view .LVU1515
4847:Middlewares/Third_Party/FreeRTOS/Source/tasks.c **** 			{
 5575              		.loc 1 4847 4 view .LVU1516
4847:Middlewares/Third_Party/FreeRTOS/Source/tasks.c **** 			{
 5576              		.loc 1 4847 6 is_stmt 0 view .LVU1517
 5577 0048 012B     		cmp	r3, #1
 5578 004a 1BD0     		beq	.L447
 5579 004c 0124     		movs	r4, #1
 5580              	.LVL362:
 5581              	.L437:
4884:Middlewares/Third_Party/FreeRTOS/Source/tasks.c **** 			}
 5582              		.loc 1 4884 29 is_stmt 1 view .LVU1518
4887:Middlewares/Third_Party/FreeRTOS/Source/tasks.c **** 
 5583              		.loc 1 4887 3 view .LVU1519
 5584 004e FFF7FEFF 		bl	vPortExitCritical
 5585              	.LVL363:
4889:Middlewares/Third_Party/FreeRTOS/Source/tasks.c **** 	}
 5586              		.loc 1 4889 3 view .LVU1520
4890:Middlewares/Third_Party/FreeRTOS/Source/tasks.c **** 
 5587              		.loc 1 4890 2 is_stmt 0 view .LVU1521
 5588 0052 2046     		mov	r0, r4
 5589 0054 F8BD     		pop	{r3, r4, r5, r6, r7, pc}
 5590              	.LVL364:
 5591              	.L434:
4810:Middlewares/Third_Party/FreeRTOS/Source/tasks.c **** 					break;
 5592              		.loc 1 4810 6 is_stmt 1 view .LVU1522
4810:Middlewares/Third_Party/FreeRTOS/Source/tasks.c **** 					break;
 5593              		.loc 1 4810 13 is_stmt 0 view .LVU1523
 5594 0056 FA6C     		ldr	r2, [r7, #76]
4810:Middlewares/Third_Party/FreeRTOS/Source/tasks.c **** 					break;
 5595              		.loc 1 4810 32 view .LVU1524
 5596 0058 0132     		adds	r2, r2, #1
 5597 005a FA64     		str	r2, [r7, #76]
4811:Middlewares/Third_Party/FreeRTOS/Source/tasks.c **** 
 5598              		.loc 1 4811 6 is_stmt 1 view .LVU1525
 5599 005c F4E7     		b	.L436
 5600              	.L433:
4814:Middlewares/Third_Party/FreeRTOS/Source/tasks.c **** 					break;
 5601              		.loc 1 4814 6 view .LVU1526
4814:Middlewares/Third_Party/FreeRTOS/Source/tasks.c **** 					break;
 5602              		.loc 1 4814 29 is_stmt 0 view .LVU1527
 5603 005e FE64     		str	r6, [r7, #76]
4815:Middlewares/Third_Party/FreeRTOS/Source/tasks.c **** 
 5604              		.loc 1 4815 6 is_stmt 1 view .LVU1528
 5605 0060 F2E7     		b	.L436
ARM GAS  D:\software\msy64\tmp\ccHzaEXX.s 			page 220


 5606              	.L431:
4818:Middlewares/Third_Party/FreeRTOS/Source/tasks.c **** 					{
 5607              		.loc 1 4818 6 view .LVU1529
4818:Middlewares/Third_Party/FreeRTOS/Source/tasks.c **** 					{
 5608              		.loc 1 4818 8 is_stmt 0 view .LVU1530
 5609 0062 022B     		cmp	r3, #2
 5610 0064 3ED0     		beq	.L441
4820:Middlewares/Third_Party/FreeRTOS/Source/tasks.c **** 					}
 5611              		.loc 1 4820 7 is_stmt 1 view .LVU1531
4820:Middlewares/Third_Party/FreeRTOS/Source/tasks.c **** 					}
 5612              		.loc 1 4820 30 is_stmt 0 view .LVU1532
 5613 0066 FE64     		str	r6, [r7, #76]
 5614 0068 EEE7     		b	.L436
 5615              	.L430:
4838:Middlewares/Third_Party/FreeRTOS/Source/tasks.c **** 
 5616              		.loc 1 4838 6 is_stmt 1 view .LVU1533
 5617 006a FA6C     		ldr	r2, [r7, #76]
 5618 006c B2F1FF3F 		cmp	r2, #-1
 5619 0070 EAD0     		beq	.L436
4838:Middlewares/Third_Party/FreeRTOS/Source/tasks.c **** 
 5620              		.loc 1 4838 6 discriminator 1 view .LVU1534
 5621              	.LBB205:
 5622              	.LBI205:
 193:Middlewares/Third_Party/FreeRTOS/Source/portable/GCC/ARM_CM3/portmacro.h **** {
 5623              		.loc 2 193 30 view .LVU1535
 5624              	.LBB206:
 195:Middlewares/Third_Party/FreeRTOS/Source/portable/GCC/ARM_CM3/portmacro.h **** 
 5625              		.loc 2 195 1 view .LVU1536
 197:Middlewares/Third_Party/FreeRTOS/Source/portable/GCC/ARM_CM3/portmacro.h **** 	(
 5626              		.loc 2 197 2 view .LVU1537
 5627              		.syntax unified
 5628              	@ 197 "Middlewares/Third_Party/FreeRTOS/Source/portable/GCC/ARM_CM3/portmacro.h" 1
 5629 0072 4FF05003 			mov r3, #80												
 5630 0076 83F31188 		msr basepri, r3											
 5631 007a BFF36F8F 		isb														
 5632 007e BFF34F8F 		dsb														
 5633              	
 5634              	@ 0 "" 2
 5635              	.LVL365:
 5636              		.thumb
 5637              		.syntax unified
 5638              	.L438:
 197:Middlewares/Third_Party/FreeRTOS/Source/portable/GCC/ARM_CM3/portmacro.h **** 	(
 5639              		.loc 2 197 2 is_stmt 0 view .LVU1538
 5640              	.LBE206:
 5641              	.LBE205:
4838:Middlewares/Third_Party/FreeRTOS/Source/tasks.c **** 
 5642              		.loc 1 4838 6 is_stmt 1 discriminator 3 view .LVU1539
4838:Middlewares/Third_Party/FreeRTOS/Source/tasks.c **** 
 5643              		.loc 1 4838 6 discriminator 3 view .LVU1540
 5644 0082 FEE7     		b	.L438
 5645              	.LVL366:
 5646              	.L447:
4849:Middlewares/Third_Party/FreeRTOS/Source/tasks.c **** 				prvAddTaskToReadyList( pxTCB );
 5647              		.loc 1 4849 5 view .LVU1541
4849:Middlewares/Third_Party/FreeRTOS/Source/tasks.c **** 				prvAddTaskToReadyList( pxTCB );
 5648              		.loc 1 4849 14 is_stmt 0 view .LVU1542
ARM GAS  D:\software\msy64\tmp\ccHzaEXX.s 			page 221


 5649 0084 3C1D     		adds	r4, r7, #4
 5650 0086 2046     		mov	r0, r4
 5651 0088 FFF7FEFF 		bl	uxListRemove
 5652              	.LVL367:
4850:Middlewares/Third_Party/FreeRTOS/Source/tasks.c **** 
 5653              		.loc 1 4850 5 is_stmt 1 view .LVU1543
4850:Middlewares/Third_Party/FreeRTOS/Source/tasks.c **** 
 5654              		.loc 1 4850 5 view .LVU1544
 5655 008c F86A     		ldr	r0, [r7, #44]
 5656 008e 0123     		movs	r3, #1
 5657 0090 8340     		lsls	r3, r3, r0
 5658 0092 164A     		ldr	r2, .L448
 5659 0094 1168     		ldr	r1, [r2]
 5660 0096 0B43     		orrs	r3, r3, r1
 5661 0098 1360     		str	r3, [r2]
4850:Middlewares/Third_Party/FreeRTOS/Source/tasks.c **** 
 5662              		.loc 1 4850 5 view .LVU1545
 5663 009a 00EB8000 		add	r0, r0, r0, lsl #2
 5664 009e 2146     		mov	r1, r4
 5665 00a0 134B     		ldr	r3, .L448+4
 5666 00a2 03EB8000 		add	r0, r3, r0, lsl #2
 5667 00a6 FFF7FEFF 		bl	vListInsertEnd
 5668              	.LVL368:
4850:Middlewares/Third_Party/FreeRTOS/Source/tasks.c **** 
 5669              		.loc 1 4850 35 discriminator 1 view .LVU1546
4853:Middlewares/Third_Party/FreeRTOS/Source/tasks.c **** 
 5670              		.loc 1 4853 5 view .LVU1547
 5671 00aa BB6A     		ldr	r3, [r7, #40]
 5672 00ac 43B1     		cbz	r3, .L439
4853:Middlewares/Third_Party/FreeRTOS/Source/tasks.c **** 
 5673              		.loc 1 4853 5 discriminator 1 view .LVU1548
 5674              	.LBB207:
 5675              	.LBI207:
 193:Middlewares/Third_Party/FreeRTOS/Source/portable/GCC/ARM_CM3/portmacro.h **** {
 5676              		.loc 2 193 30 view .LVU1549
 5677              	.LBB208:
 195:Middlewares/Third_Party/FreeRTOS/Source/portable/GCC/ARM_CM3/portmacro.h **** 
 5678              		.loc 2 195 1 view .LVU1550
 197:Middlewares/Third_Party/FreeRTOS/Source/portable/GCC/ARM_CM3/portmacro.h **** 	(
 5679              		.loc 2 197 2 view .LVU1551
 5680              		.syntax unified
 5681              	@ 197 "Middlewares/Third_Party/FreeRTOS/Source/portable/GCC/ARM_CM3/portmacro.h" 1
 5682 00ae 4FF05003 			mov r3, #80												
 5683 00b2 83F31188 		msr basepri, r3											
 5684 00b6 BFF36F8F 		isb														
 5685 00ba BFF34F8F 		dsb														
 5686              	
 5687              	@ 0 "" 2
 5688              		.thumb
 5689              		.syntax unified
 5690              	.L440:
 5691              	.LBE208:
 5692              	.LBE207:
4853:Middlewares/Third_Party/FreeRTOS/Source/tasks.c **** 
 5693              		.loc 1 4853 5 discriminator 3 view .LVU1552
4853:Middlewares/Third_Party/FreeRTOS/Source/tasks.c **** 
 5694              		.loc 1 4853 5 discriminator 3 view .LVU1553
ARM GAS  D:\software\msy64\tmp\ccHzaEXX.s 			page 222


 5695 00be FEE7     		b	.L440
 5696              	.L439:
4853:Middlewares/Third_Party/FreeRTOS/Source/tasks.c **** 
 5697              		.loc 1 4853 82 discriminator 2 view .LVU1554
4871:Middlewares/Third_Party/FreeRTOS/Source/tasks.c **** 				{
 5698              		.loc 1 4871 5 view .LVU1555
4871:Middlewares/Third_Party/FreeRTOS/Source/tasks.c **** 				{
 5699              		.loc 1 4871 14 is_stmt 0 view .LVU1556
 5700 00c0 FA6A     		ldr	r2, [r7, #44]
4871:Middlewares/Third_Party/FreeRTOS/Source/tasks.c **** 				{
 5701              		.loc 1 4871 41 view .LVU1557
 5702 00c2 0C4B     		ldr	r3, .L448+8
 5703 00c4 1B68     		ldr	r3, [r3]
 5704 00c6 DB6A     		ldr	r3, [r3, #44]
4871:Middlewares/Third_Party/FreeRTOS/Source/tasks.c **** 				{
 5705              		.loc 1 4871 7 view .LVU1558
 5706 00c8 9A42     		cmp	r2, r3
 5707 00ca 0DD9     		bls	.L443
4875:Middlewares/Third_Party/FreeRTOS/Source/tasks.c **** 				}
 5708              		.loc 1 4875 6 is_stmt 1 view .LVU1559
 5709 00cc 4FF0E023 		mov	r3, #-536813568
 5710 00d0 4FF08052 		mov	r2, #268435456
 5711 00d4 C3F8042D 		str	r2, [r3, #3332]
4875:Middlewares/Third_Party/FreeRTOS/Source/tasks.c **** 				}
 5712              		.loc 1 4875 6 view .LVU1560
 5713              		.syntax unified
 5714              	@ 4875 "Middlewares/Third_Party/FreeRTOS/Source/tasks.c" 1
 5715 00d8 BFF34F8F 		dsb
 5716              	@ 0 "" 2
4875:Middlewares/Third_Party/FreeRTOS/Source/tasks.c **** 				}
 5717              		.loc 1 4875 6 view .LVU1561
 5718              	@ 4875 "Middlewares/Third_Party/FreeRTOS/Source/tasks.c" 1
 5719 00dc BFF36F8F 		isb
 5720              	@ 0 "" 2
4875:Middlewares/Third_Party/FreeRTOS/Source/tasks.c **** 				}
 5721              		.loc 1 4875 37 view .LVU1562
 5722              		.thumb
 5723              		.syntax unified
 5724 00e0 0124     		movs	r4, #1
 5725 00e2 B4E7     		b	.L437
 5726              	.LVL369:
 5727              	.L441:
4825:Middlewares/Third_Party/FreeRTOS/Source/tasks.c **** 					}
 5728              		.loc 1 4825 15 is_stmt 0 view .LVU1563
 5729 00e4 0024     		movs	r4, #0
 5730 00e6 B2E7     		b	.L437
 5731              	.LVL370:
 5732              	.L443:
4825:Middlewares/Third_Party/FreeRTOS/Source/tasks.c **** 					}
 5733              		.loc 1 4825 15 view .LVU1564
 5734 00e8 0124     		movs	r4, #1
 5735 00ea B0E7     		b	.L437
 5736              	.L449:
 5737              		.align	2
 5738              	.L448:
 5739 00ec 00000000 		.word	uxTopReadyPriority
 5740 00f0 00000000 		.word	pxReadyTasksLists
ARM GAS  D:\software\msy64\tmp\ccHzaEXX.s 			page 223


 5741 00f4 00000000 		.word	pxCurrentTCB
 5742              		.cfi_endproc
 5743              	.LFE51:
 5745              		.section	.text.xTaskGenericNotifyFromISR,"ax",%progbits
 5746              		.align	1
 5747              		.global	xTaskGenericNotifyFromISR
 5748              		.syntax unified
 5749              		.thumb
 5750              		.thumb_func
 5752              	xTaskGenericNotifyFromISR:
 5753              	.LVL371:
 5754              	.LFB52:
4898:Middlewares/Third_Party/FreeRTOS/Source/tasks.c **** 	TCB_t * pxTCB;
 5755              		.loc 1 4898 2 is_stmt 1 view -0
 5756              		.cfi_startproc
 5757              		@ args = 4, pretend = 0, frame = 0
 5758              		@ frame_needed = 0, uses_anonymous_args = 0
4899:Middlewares/Third_Party/FreeRTOS/Source/tasks.c **** 	uint8_t ucOriginalNotifyState;
 5759              		.loc 1 4899 2 view .LVU1566
4900:Middlewares/Third_Party/FreeRTOS/Source/tasks.c **** 	BaseType_t xReturn = pdPASS;
 5760              		.loc 1 4900 2 view .LVU1567
4901:Middlewares/Third_Party/FreeRTOS/Source/tasks.c **** 	UBaseType_t uxSavedInterruptStatus;
 5761              		.loc 1 4901 2 view .LVU1568
4902:Middlewares/Third_Party/FreeRTOS/Source/tasks.c **** 
 5762              		.loc 1 4902 2 view .LVU1569
4904:Middlewares/Third_Party/FreeRTOS/Source/tasks.c **** 
 5763              		.loc 1 4904 3 view .LVU1570
 5764 0000 10B3     		cbz	r0, .L474
4898:Middlewares/Third_Party/FreeRTOS/Source/tasks.c **** 	TCB_t * pxTCB;
 5765              		.loc 1 4898 2 is_stmt 0 view .LVU1571
 5766 0002 2DE9F041 		push	{r4, r5, r6, r7, r8, lr}
 5767              	.LCFI53:
 5768              		.cfi_def_cfa_offset 24
 5769              		.cfi_offset 4, -24
 5770              		.cfi_offset 5, -20
 5771              		.cfi_offset 6, -16
 5772              		.cfi_offset 7, -12
 5773              		.cfi_offset 8, -8
 5774              		.cfi_offset 14, -4
 5775 0006 0E46     		mov	r6, r1
 5776 0008 1446     		mov	r4, r2
 5777 000a 1D46     		mov	r5, r3
 5778 000c 0746     		mov	r7, r0
4904:Middlewares/Third_Party/FreeRTOS/Source/tasks.c **** 
 5779              		.loc 1 4904 32 is_stmt 1 discriminator 2 view .LVU1572
4922:Middlewares/Third_Party/FreeRTOS/Source/tasks.c **** 
 5780              		.loc 1 4922 3 view .LVU1573
 5781 000e FFF7FEFF 		bl	vPortValidateInterruptPriority
 5782              	.LVL372:
4924:Middlewares/Third_Party/FreeRTOS/Source/tasks.c **** 
 5783              		.loc 1 4924 3 view .LVU1574
4926:Middlewares/Third_Party/FreeRTOS/Source/tasks.c **** 		{
 5784              		.loc 1 4926 3 view .LVU1575
 5785              	.LBB209:
 5786              	.LBI209:
 209:Middlewares/Third_Party/FreeRTOS/Source/portable/GCC/ARM_CM3/portmacro.h **** {
 5787              		.loc 2 209 34 view .LVU1576
ARM GAS  D:\software\msy64\tmp\ccHzaEXX.s 			page 224


 5788              	.LBB210:
 211:Middlewares/Third_Party/FreeRTOS/Source/portable/GCC/ARM_CM3/portmacro.h **** 
 5789              		.loc 2 211 1 view .LVU1577
 213:Middlewares/Third_Party/FreeRTOS/Source/portable/GCC/ARM_CM3/portmacro.h **** 	(
 5790              		.loc 2 213 2 view .LVU1578
 5791              		.syntax unified
 5792              	@ 213 "Middlewares/Third_Party/FreeRTOS/Source/portable/GCC/ARM_CM3/portmacro.h" 1
 5793 0012 EFF31183 			mrs r3, basepri											
 5794 0016 4FF05002 		mov r2, #80												
 5795 001a 82F31188 		msr basepri, r2											
 5796 001e BFF36F8F 		isb														
 5797 0022 BFF34F8F 		dsb														
 5798              	
 5799              	@ 0 "" 2
 5800              		.thumb
 5801              		.syntax unified
 5802 0026 9846     		mov	r8, r3
 5803              	.LVL373:
 225:Middlewares/Third_Party/FreeRTOS/Source/portable/GCC/ARM_CM3/portmacro.h **** }
 5804              		.loc 2 225 2 view .LVU1579
 225:Middlewares/Third_Party/FreeRTOS/Source/portable/GCC/ARM_CM3/portmacro.h **** }
 5805              		.loc 2 225 2 is_stmt 0 view .LVU1580
 5806              	.LBE210:
 5807              	.LBE209:
4928:Middlewares/Third_Party/FreeRTOS/Source/tasks.c **** 			{
 5808              		.loc 1 4928 4 is_stmt 1 view .LVU1581
4928:Middlewares/Third_Party/FreeRTOS/Source/tasks.c **** 			{
 5809              		.loc 1 4928 6 is_stmt 0 view .LVU1582
 5810 0028 0DB1     		cbz	r5, .L453
4930:Middlewares/Third_Party/FreeRTOS/Source/tasks.c **** 			}
 5811              		.loc 1 4930 5 is_stmt 1 view .LVU1583
4930:Middlewares/Third_Party/FreeRTOS/Source/tasks.c **** 			}
 5812              		.loc 1 4930 42 is_stmt 0 view .LVU1584
 5813 002a FB6C     		ldr	r3, [r7, #76]
 5814              	.LVL374:
4930:Middlewares/Third_Party/FreeRTOS/Source/tasks.c **** 			}
 5815              		.loc 1 4930 35 view .LVU1585
 5816 002c 2B60     		str	r3, [r5]
 5817              	.L453:
4933:Middlewares/Third_Party/FreeRTOS/Source/tasks.c **** 			pxTCB->ucNotifyState = taskNOTIFICATION_RECEIVED;
 5818              		.loc 1 4933 4 is_stmt 1 view .LVU1586
4933:Middlewares/Third_Party/FreeRTOS/Source/tasks.c **** 			pxTCB->ucNotifyState = taskNOTIFICATION_RECEIVED;
 5819              		.loc 1 4933 26 is_stmt 0 view .LVU1587
 5820 002e 97F85030 		ldrb	r3, [r7, #80]	@ zero_extendqisi2
 5821 0032 DBB2     		uxtb	r3, r3
 5822              	.LVL375:
4934:Middlewares/Third_Party/FreeRTOS/Source/tasks.c **** 
 5823              		.loc 1 4934 4 is_stmt 1 view .LVU1588
4934:Middlewares/Third_Party/FreeRTOS/Source/tasks.c **** 
 5824              		.loc 1 4934 25 is_stmt 0 view .LVU1589
 5825 0034 0222     		movs	r2, #2
 5826 0036 87F85020 		strb	r2, [r7, #80]
4936:Middlewares/Third_Party/FreeRTOS/Source/tasks.c **** 			{
 5827              		.loc 1 4936 4 is_stmt 1 view .LVU1590
 5828 003a 042C     		cmp	r4, #4
 5829 003c 21D8     		bhi	.L454
 5830 003e DFE804F0 		tbb	[pc, r4]
ARM GAS  D:\software\msy64\tmp\ccHzaEXX.s 			page 225


 5831              	.L456:
 5832 0042 0F       		.byte	(.L460-.L456)/2
 5833 0043 0C       		.byte	(.L459-.L456)/2
 5834 0044 16       		.byte	(.L458-.L456)/2
 5835 0045 1A       		.byte	(.L457-.L456)/2
 5836 0046 1C       		.byte	(.L455-.L456)/2
 5837              	.LVL376:
 5838 0047 00       		.p2align 1
 5839              	.L474:
 5840              	.LCFI54:
 5841              		.cfi_def_cfa_offset 0
 5842              		.cfi_restore 4
 5843              		.cfi_restore 5
 5844              		.cfi_restore 6
 5845              		.cfi_restore 7
 5846              		.cfi_restore 8
 5847              		.cfi_restore 14
4904:Middlewares/Third_Party/FreeRTOS/Source/tasks.c **** 
 5848              		.loc 1 4904 3 discriminator 1 view .LVU1591
 5849              	.LBB211:
 5850              	.LBI211:
 193:Middlewares/Third_Party/FreeRTOS/Source/portable/GCC/ARM_CM3/portmacro.h **** {
 5851              		.loc 2 193 30 view .LVU1592
 5852              	.LBB212:
 195:Middlewares/Third_Party/FreeRTOS/Source/portable/GCC/ARM_CM3/portmacro.h **** 
 5853              		.loc 2 195 1 view .LVU1593
 197:Middlewares/Third_Party/FreeRTOS/Source/portable/GCC/ARM_CM3/portmacro.h **** 	(
 5854              		.loc 2 197 2 view .LVU1594
 5855              		.syntax unified
 5856              	@ 197 "Middlewares/Third_Party/FreeRTOS/Source/portable/GCC/ARM_CM3/portmacro.h" 1
 5857 0048 4FF05003 			mov r3, #80												
 5858 004c 83F31188 		msr basepri, r3											
 5859 0050 BFF36F8F 		isb														
 5860 0054 BFF34F8F 		dsb														
 5861              	
 5862              	@ 0 "" 2
 5863              	.LVL377:
 5864              		.thumb
 5865              		.syntax unified
 5866              	.L452:
 197:Middlewares/Third_Party/FreeRTOS/Source/portable/GCC/ARM_CM3/portmacro.h **** 	(
 5867              		.loc 2 197 2 is_stmt 0 view .LVU1595
 5868              	.LBE212:
 5869              	.LBE211:
4904:Middlewares/Third_Party/FreeRTOS/Source/tasks.c **** 
 5870              		.loc 1 4904 3 is_stmt 1 discriminator 3 view .LVU1596
4904:Middlewares/Third_Party/FreeRTOS/Source/tasks.c **** 
 5871              		.loc 1 4904 3 discriminator 3 view .LVU1597
 5872 0058 FEE7     		b	.L452
 5873              	.LVL378:
 5874              	.L459:
 5875              	.LCFI55:
 5876              		.cfi_def_cfa_offset 24
 5877              		.cfi_offset 4, -24
 5878              		.cfi_offset 5, -20
 5879              		.cfi_offset 6, -16
 5880              		.cfi_offset 7, -12
ARM GAS  D:\software\msy64\tmp\ccHzaEXX.s 			page 226


 5881              		.cfi_offset 8, -8
 5882              		.cfi_offset 14, -4
4939:Middlewares/Third_Party/FreeRTOS/Source/tasks.c **** 					break;
 5883              		.loc 1 4939 6 view .LVU1598
4939:Middlewares/Third_Party/FreeRTOS/Source/tasks.c **** 					break;
 5884              		.loc 1 4939 11 is_stmt 0 view .LVU1599
 5885 005a FA6C     		ldr	r2, [r7, #76]
4939:Middlewares/Third_Party/FreeRTOS/Source/tasks.c **** 					break;
 5886              		.loc 1 4939 29 view .LVU1600
 5887 005c 3243     		orrs	r2, r2, r6
 5888 005e FA64     		str	r2, [r7, #76]
4940:Middlewares/Third_Party/FreeRTOS/Source/tasks.c **** 
 5889              		.loc 1 4940 6 is_stmt 1 view .LVU1601
 5890              	.L460:
4975:Middlewares/Third_Party/FreeRTOS/Source/tasks.c **** 
 5891              		.loc 1 4975 31 view .LVU1602
4979:Middlewares/Third_Party/FreeRTOS/Source/tasks.c **** 			{
 5892              		.loc 1 4979 4 view .LVU1603
4979:Middlewares/Third_Party/FreeRTOS/Source/tasks.c **** 			{
 5893              		.loc 1 4979 6 is_stmt 0 view .LVU1604
 5894 0060 012B     		cmp	r3, #1
 5895 0062 1BD0     		beq	.L475
 5896 0064 0120     		movs	r0, #1
 5897              	.LVL379:
 5898              	.L461:
5012:Middlewares/Third_Party/FreeRTOS/Source/tasks.c **** 				}
 5899              		.loc 1 5012 30 is_stmt 1 view .LVU1605
5016:Middlewares/Third_Party/FreeRTOS/Source/tasks.c **** 
 5900              		.loc 1 5016 3 view .LVU1606
 5901              	.LBB213:
 5902              	.LBI213:
 229:Middlewares/Third_Party/FreeRTOS/Source/portable/GCC/ARM_CM3/portmacro.h **** {
 5903              		.loc 2 229 30 view .LVU1607
 5904              	.LBB214:
 5905              		.loc 2 231 2 view .LVU1608
 5906              		.syntax unified
 5907              	@ 231 "Middlewares/Third_Party/FreeRTOS/Source/portable/GCC/ARM_CM3/portmacro.h" 1
 5908 0066 88F31188 			msr basepri, r8	
 5909              	@ 0 "" 2
 5910              		.thumb
 5911              		.syntax unified
 5912              	.LBE214:
 5913              	.LBE213:
5018:Middlewares/Third_Party/FreeRTOS/Source/tasks.c **** 	}
 5914              		.loc 1 5018 3 view .LVU1609
5019:Middlewares/Third_Party/FreeRTOS/Source/tasks.c **** 
 5915              		.loc 1 5019 2 is_stmt 0 view .LVU1610
 5916 006a BDE8F081 		pop	{r4, r5, r6, r7, r8, pc}
 5917              	.LVL380:
 5918              	.L458:
4943:Middlewares/Third_Party/FreeRTOS/Source/tasks.c **** 					break;
 5919              		.loc 1 4943 6 is_stmt 1 view .LVU1611
4943:Middlewares/Third_Party/FreeRTOS/Source/tasks.c **** 					break;
 5920              		.loc 1 4943 13 is_stmt 0 view .LVU1612
 5921 006e FA6C     		ldr	r2, [r7, #76]
4943:Middlewares/Third_Party/FreeRTOS/Source/tasks.c **** 					break;
 5922              		.loc 1 4943 32 view .LVU1613
ARM GAS  D:\software\msy64\tmp\ccHzaEXX.s 			page 227


 5923 0070 0132     		adds	r2, r2, #1
 5924 0072 FA64     		str	r2, [r7, #76]
4944:Middlewares/Third_Party/FreeRTOS/Source/tasks.c **** 
 5925              		.loc 1 4944 6 is_stmt 1 view .LVU1614
 5926 0074 F4E7     		b	.L460
 5927              	.L457:
4947:Middlewares/Third_Party/FreeRTOS/Source/tasks.c **** 					break;
 5928              		.loc 1 4947 6 view .LVU1615
4947:Middlewares/Third_Party/FreeRTOS/Source/tasks.c **** 					break;
 5929              		.loc 1 4947 29 is_stmt 0 view .LVU1616
 5930 0076 FE64     		str	r6, [r7, #76]
4948:Middlewares/Third_Party/FreeRTOS/Source/tasks.c **** 
 5931              		.loc 1 4948 6 is_stmt 1 view .LVU1617
 5932 0078 F2E7     		b	.L460
 5933              	.L455:
4951:Middlewares/Third_Party/FreeRTOS/Source/tasks.c **** 					{
 5934              		.loc 1 4951 6 view .LVU1618
4951:Middlewares/Third_Party/FreeRTOS/Source/tasks.c **** 					{
 5935              		.loc 1 4951 8 is_stmt 0 view .LVU1619
 5936 007a 022B     		cmp	r3, #2
 5937 007c 44D0     		beq	.L468
4953:Middlewares/Third_Party/FreeRTOS/Source/tasks.c **** 					}
 5938              		.loc 1 4953 7 is_stmt 1 view .LVU1620
4953:Middlewares/Third_Party/FreeRTOS/Source/tasks.c **** 					}
 5939              		.loc 1 4953 30 is_stmt 0 view .LVU1621
 5940 007e FE64     		str	r6, [r7, #76]
 5941 0080 EEE7     		b	.L460
 5942              	.L454:
4971:Middlewares/Third_Party/FreeRTOS/Source/tasks.c **** 					break;
 5943              		.loc 1 4971 6 is_stmt 1 view .LVU1622
 5944 0082 FA6C     		ldr	r2, [r7, #76]
 5945 0084 B2F1FF3F 		cmp	r2, #-1
 5946 0088 EAD0     		beq	.L460
4971:Middlewares/Third_Party/FreeRTOS/Source/tasks.c **** 					break;
 5947              		.loc 1 4971 6 discriminator 1 view .LVU1623
 5948              	.LBB215:
 5949              	.LBI215:
 193:Middlewares/Third_Party/FreeRTOS/Source/portable/GCC/ARM_CM3/portmacro.h **** {
 5950              		.loc 2 193 30 view .LVU1624
 5951              	.LBB216:
 195:Middlewares/Third_Party/FreeRTOS/Source/portable/GCC/ARM_CM3/portmacro.h **** 
 5952              		.loc 2 195 1 view .LVU1625
 197:Middlewares/Third_Party/FreeRTOS/Source/portable/GCC/ARM_CM3/portmacro.h **** 	(
 5953              		.loc 2 197 2 view .LVU1626
 5954              		.syntax unified
 5955              	@ 197 "Middlewares/Third_Party/FreeRTOS/Source/portable/GCC/ARM_CM3/portmacro.h" 1
 5956 008a 4FF05003 			mov r3, #80												
 5957 008e 83F31188 		msr basepri, r3											
 5958 0092 BFF36F8F 		isb														
 5959 0096 BFF34F8F 		dsb														
 5960              	
 5961              	@ 0 "" 2
 5962              	.LVL381:
 5963              		.thumb
 5964              		.syntax unified
 5965              	.L462:
 197:Middlewares/Third_Party/FreeRTOS/Source/portable/GCC/ARM_CM3/portmacro.h **** 	(
ARM GAS  D:\software\msy64\tmp\ccHzaEXX.s 			page 228


 5966              		.loc 2 197 2 is_stmt 0 view .LVU1627
 5967              	.LBE216:
 5968              	.LBE215:
4971:Middlewares/Third_Party/FreeRTOS/Source/tasks.c **** 					break;
 5969              		.loc 1 4971 6 is_stmt 1 discriminator 3 view .LVU1628
4971:Middlewares/Third_Party/FreeRTOS/Source/tasks.c **** 					break;
 5970              		.loc 1 4971 6 discriminator 3 view .LVU1629
 5971 009a FEE7     		b	.L462
 5972              	.LVL382:
 5973              	.L475:
4982:Middlewares/Third_Party/FreeRTOS/Source/tasks.c **** 
 5974              		.loc 1 4982 5 view .LVU1630
 5975 009c BB6A     		ldr	r3, [r7, #40]
 5976              	.LVL383:
4982:Middlewares/Third_Party/FreeRTOS/Source/tasks.c **** 
 5977              		.loc 1 4982 5 is_stmt 0 view .LVU1631
 5978 009e 43B1     		cbz	r3, .L463
4982:Middlewares/Third_Party/FreeRTOS/Source/tasks.c **** 
 5979              		.loc 1 4982 5 is_stmt 1 discriminator 1 view .LVU1632
 5980              	.LBB217:
 5981              	.LBI217:
 193:Middlewares/Third_Party/FreeRTOS/Source/portable/GCC/ARM_CM3/portmacro.h **** {
 5982              		.loc 2 193 30 view .LVU1633
 5983              	.LBB218:
 195:Middlewares/Third_Party/FreeRTOS/Source/portable/GCC/ARM_CM3/portmacro.h **** 
 5984              		.loc 2 195 1 view .LVU1634
 197:Middlewares/Third_Party/FreeRTOS/Source/portable/GCC/ARM_CM3/portmacro.h **** 	(
 5985              		.loc 2 197 2 view .LVU1635
 5986              		.syntax unified
 5987              	@ 197 "Middlewares/Third_Party/FreeRTOS/Source/portable/GCC/ARM_CM3/portmacro.h" 1
 5988 00a0 4FF05003 			mov r3, #80												
 5989 00a4 83F31188 		msr basepri, r3											
 5990 00a8 BFF36F8F 		isb														
 5991 00ac BFF34F8F 		dsb														
 5992              	
 5993              	@ 0 "" 2
 5994              		.thumb
 5995              		.syntax unified
 5996              	.L464:
 5997              	.LBE218:
 5998              	.LBE217:
4982:Middlewares/Third_Party/FreeRTOS/Source/tasks.c **** 
 5999              		.loc 1 4982 5 discriminator 3 view .LVU1636
4982:Middlewares/Third_Party/FreeRTOS/Source/tasks.c **** 
 6000              		.loc 1 4982 5 discriminator 3 view .LVU1637
 6001 00b0 FEE7     		b	.L464
 6002              	.L463:
4982:Middlewares/Third_Party/FreeRTOS/Source/tasks.c **** 
 6003              		.loc 1 4982 82 discriminator 2 view .LVU1638
4984:Middlewares/Third_Party/FreeRTOS/Source/tasks.c **** 				{
 6004              		.loc 1 4984 5 view .LVU1639
4984:Middlewares/Third_Party/FreeRTOS/Source/tasks.c **** 				{
 6005              		.loc 1 4984 30 is_stmt 0 view .LVU1640
 6006 00b2 174B     		ldr	r3, .L476
 6007 00b4 1B68     		ldr	r3, [r3]
4984:Middlewares/Third_Party/FreeRTOS/Source/tasks.c **** 				{
 6008              		.loc 1 4984 7 view .LVU1641
ARM GAS  D:\software\msy64\tmp\ccHzaEXX.s 			page 229


 6009 00b6 0BBB     		cbnz	r3, .L465
4986:Middlewares/Third_Party/FreeRTOS/Source/tasks.c **** 					prvAddTaskToReadyList( pxTCB );
 6010              		.loc 1 4986 6 is_stmt 1 view .LVU1642
4986:Middlewares/Third_Party/FreeRTOS/Source/tasks.c **** 					prvAddTaskToReadyList( pxTCB );
 6011              		.loc 1 4986 15 is_stmt 0 view .LVU1643
 6012 00b8 3C1D     		adds	r4, r7, #4
 6013 00ba 2046     		mov	r0, r4
 6014 00bc FFF7FEFF 		bl	uxListRemove
 6015              	.LVL384:
4987:Middlewares/Third_Party/FreeRTOS/Source/tasks.c **** 				}
 6016              		.loc 1 4987 6 is_stmt 1 view .LVU1644
4987:Middlewares/Third_Party/FreeRTOS/Source/tasks.c **** 				}
 6017              		.loc 1 4987 6 view .LVU1645
 6018 00c0 F86A     		ldr	r0, [r7, #44]
 6019 00c2 0123     		movs	r3, #1
 6020 00c4 8340     		lsls	r3, r3, r0
 6021 00c6 134A     		ldr	r2, .L476+4
 6022 00c8 1168     		ldr	r1, [r2]
 6023 00ca 0B43     		orrs	r3, r3, r1
 6024 00cc 1360     		str	r3, [r2]
4987:Middlewares/Third_Party/FreeRTOS/Source/tasks.c **** 				}
 6025              		.loc 1 4987 6 view .LVU1646
 6026 00ce 00EB8000 		add	r0, r0, r0, lsl #2
 6027 00d2 2146     		mov	r1, r4
 6028 00d4 104B     		ldr	r3, .L476+8
 6029 00d6 03EB8000 		add	r0, r3, r0, lsl #2
 6030 00da FFF7FEFF 		bl	vListInsertEnd
 6031              	.LVL385:
4987:Middlewares/Third_Party/FreeRTOS/Source/tasks.c **** 				}
 6032              		.loc 1 4987 36 discriminator 1 view .LVU1647
 6033              	.L466:
4996:Middlewares/Third_Party/FreeRTOS/Source/tasks.c **** 				{
 6034              		.loc 1 4996 5 view .LVU1648
4996:Middlewares/Third_Party/FreeRTOS/Source/tasks.c **** 				{
 6035              		.loc 1 4996 14 is_stmt 0 view .LVU1649
 6036 00de FA6A     		ldr	r2, [r7, #44]
4996:Middlewares/Third_Party/FreeRTOS/Source/tasks.c **** 				{
 6037              		.loc 1 4996 41 view .LVU1650
 6038 00e0 0E4B     		ldr	r3, .L476+12
 6039 00e2 1B68     		ldr	r3, [r3]
 6040 00e4 DB6A     		ldr	r3, [r3, #44]
4996:Middlewares/Third_Party/FreeRTOS/Source/tasks.c **** 				{
 6041              		.loc 1 4996 7 view .LVU1651
 6042 00e6 9A42     		cmp	r2, r3
 6043 00e8 10D9     		bls	.L470
5000:Middlewares/Third_Party/FreeRTOS/Source/tasks.c **** 					{
 6044              		.loc 1 5000 6 is_stmt 1 view .LVU1652
5000:Middlewares/Third_Party/FreeRTOS/Source/tasks.c **** 					{
 6045              		.loc 1 5000 8 is_stmt 0 view .LVU1653
 6046 00ea 069B     		ldr	r3, [sp, #24]
 6047 00ec 13B1     		cbz	r3, .L467
5002:Middlewares/Third_Party/FreeRTOS/Source/tasks.c **** 					}
 6048              		.loc 1 5002 7 is_stmt 1 view .LVU1654
5002:Middlewares/Third_Party/FreeRTOS/Source/tasks.c **** 					}
 6049              		.loc 1 5002 34 is_stmt 0 view .LVU1655
 6050 00ee 0123     		movs	r3, #1
 6051 00f0 069A     		ldr	r2, [sp, #24]
ARM GAS  D:\software\msy64\tmp\ccHzaEXX.s 			page 230


 6052 00f2 1360     		str	r3, [r2]
 6053              	.L467:
5008:Middlewares/Third_Party/FreeRTOS/Source/tasks.c **** 				}
 6054              		.loc 1 5008 6 is_stmt 1 view .LVU1656
5008:Middlewares/Third_Party/FreeRTOS/Source/tasks.c **** 				}
 6055              		.loc 1 5008 20 is_stmt 0 view .LVU1657
 6056 00f4 0120     		movs	r0, #1
 6057 00f6 0A4B     		ldr	r3, .L476+16
 6058 00f8 1860     		str	r0, [r3]
 6059 00fa B4E7     		b	.L461
 6060              	.L465:
4993:Middlewares/Third_Party/FreeRTOS/Source/tasks.c **** 				}
 6061              		.loc 1 4993 6 is_stmt 1 view .LVU1658
 6062 00fc 07F11801 		add	r1, r7, #24
 6063 0100 0848     		ldr	r0, .L476+20
 6064 0102 FFF7FEFF 		bl	vListInsertEnd
 6065              	.LVL386:
 6066 0106 EAE7     		b	.L466
 6067              	.LVL387:
 6068              	.L468:
4958:Middlewares/Third_Party/FreeRTOS/Source/tasks.c **** 					}
 6069              		.loc 1 4958 15 is_stmt 0 view .LVU1659
 6070 0108 0020     		movs	r0, #0
 6071 010a ACE7     		b	.L461
 6072              	.LVL388:
 6073              	.L470:
4958:Middlewares/Third_Party/FreeRTOS/Source/tasks.c **** 					}
 6074              		.loc 1 4958 15 view .LVU1660
 6075 010c 0120     		movs	r0, #1
 6076 010e AAE7     		b	.L461
 6077              	.L477:
 6078              		.align	2
 6079              	.L476:
 6080 0110 00000000 		.word	uxSchedulerSuspended
 6081 0114 00000000 		.word	uxTopReadyPriority
 6082 0118 00000000 		.word	pxReadyTasksLists
 6083 011c 00000000 		.word	pxCurrentTCB
 6084 0120 00000000 		.word	xYieldPending
 6085 0124 00000000 		.word	xPendingReadyList
 6086              		.cfi_endproc
 6087              	.LFE52:
 6089              		.section	.text.vTaskNotifyGiveFromISR,"ax",%progbits
 6090              		.align	1
 6091              		.global	vTaskNotifyGiveFromISR
 6092              		.syntax unified
 6093              		.thumb
 6094              		.thumb_func
 6096              	vTaskNotifyGiveFromISR:
 6097              	.LVL389:
 6098              	.LFB53:
5027:Middlewares/Third_Party/FreeRTOS/Source/tasks.c **** 	TCB_t * pxTCB;
 6099              		.loc 1 5027 2 is_stmt 1 view -0
 6100              		.cfi_startproc
 6101              		@ args = 0, pretend = 0, frame = 0
 6102              		@ frame_needed = 0, uses_anonymous_args = 0
5027:Middlewares/Third_Party/FreeRTOS/Source/tasks.c **** 	TCB_t * pxTCB;
 6103              		.loc 1 5027 2 is_stmt 0 view .LVU1662
ARM GAS  D:\software\msy64\tmp\ccHzaEXX.s 			page 231


 6104 0000 F8B5     		push	{r3, r4, r5, r6, r7, lr}
 6105              	.LCFI56:
 6106              		.cfi_def_cfa_offset 24
 6107              		.cfi_offset 3, -24
 6108              		.cfi_offset 4, -20
 6109              		.cfi_offset 5, -16
 6110              		.cfi_offset 6, -12
 6111              		.cfi_offset 7, -8
 6112              		.cfi_offset 14, -4
5028:Middlewares/Third_Party/FreeRTOS/Source/tasks.c **** 	uint8_t ucOriginalNotifyState;
 6113              		.loc 1 5028 2 is_stmt 1 view .LVU1663
5029:Middlewares/Third_Party/FreeRTOS/Source/tasks.c **** 	UBaseType_t uxSavedInterruptStatus;
 6114              		.loc 1 5029 2 view .LVU1664
5030:Middlewares/Third_Party/FreeRTOS/Source/tasks.c **** 
 6115              		.loc 1 5030 2 view .LVU1665
5032:Middlewares/Third_Party/FreeRTOS/Source/tasks.c **** 
 6116              		.loc 1 5032 3 view .LVU1666
 6117 0002 E0B1     		cbz	r0, .L488
 6118 0004 0D46     		mov	r5, r1
 6119 0006 0446     		mov	r4, r0
5032:Middlewares/Third_Party/FreeRTOS/Source/tasks.c **** 
 6120              		.loc 1 5032 32 discriminator 2 view .LVU1667
5050:Middlewares/Third_Party/FreeRTOS/Source/tasks.c **** 
 6121              		.loc 1 5050 3 view .LVU1668
 6122 0008 FFF7FEFF 		bl	vPortValidateInterruptPriority
 6123              	.LVL390:
5052:Middlewares/Third_Party/FreeRTOS/Source/tasks.c **** 
 6124              		.loc 1 5052 3 view .LVU1669
5054:Middlewares/Third_Party/FreeRTOS/Source/tasks.c **** 		{
 6125              		.loc 1 5054 3 view .LVU1670
 6126              	.LBB219:
 6127              	.LBI219:
 209:Middlewares/Third_Party/FreeRTOS/Source/portable/GCC/ARM_CM3/portmacro.h **** {
 6128              		.loc 2 209 34 view .LVU1671
 6129              	.LBB220:
 211:Middlewares/Third_Party/FreeRTOS/Source/portable/GCC/ARM_CM3/portmacro.h **** 
 6130              		.loc 2 211 1 view .LVU1672
 213:Middlewares/Third_Party/FreeRTOS/Source/portable/GCC/ARM_CM3/portmacro.h **** 	(
 6131              		.loc 2 213 2 view .LVU1673
 6132              		.syntax unified
 6133              	@ 213 "Middlewares/Third_Party/FreeRTOS/Source/portable/GCC/ARM_CM3/portmacro.h" 1
 6134 000c EFF31183 			mrs r3, basepri											
 6135 0010 4FF05002 		mov r2, #80												
 6136 0014 82F31188 		msr basepri, r2											
 6137 0018 BFF36F8F 		isb														
 6138 001c BFF34F8F 		dsb														
 6139              	
 6140              	@ 0 "" 2
 6141              		.thumb
 6142              		.syntax unified
 6143 0020 1E46     		mov	r6, r3
 6144              	.LVL391:
 225:Middlewares/Third_Party/FreeRTOS/Source/portable/GCC/ARM_CM3/portmacro.h **** }
 6145              		.loc 2 225 2 view .LVU1674
 225:Middlewares/Third_Party/FreeRTOS/Source/portable/GCC/ARM_CM3/portmacro.h **** }
 6146              		.loc 2 225 2 is_stmt 0 view .LVU1675
 6147              	.LBE220:
ARM GAS  D:\software\msy64\tmp\ccHzaEXX.s 			page 232


 6148              	.LBE219:
5056:Middlewares/Third_Party/FreeRTOS/Source/tasks.c **** 			pxTCB->ucNotifyState = taskNOTIFICATION_RECEIVED;
 6149              		.loc 1 5056 4 is_stmt 1 view .LVU1676
5056:Middlewares/Third_Party/FreeRTOS/Source/tasks.c **** 			pxTCB->ucNotifyState = taskNOTIFICATION_RECEIVED;
 6150              		.loc 1 5056 26 is_stmt 0 view .LVU1677
 6151 0022 94F85030 		ldrb	r3, [r4, #80]	@ zero_extendqisi2
 6152              	.LVL392:
5056:Middlewares/Third_Party/FreeRTOS/Source/tasks.c **** 			pxTCB->ucNotifyState = taskNOTIFICATION_RECEIVED;
 6153              		.loc 1 5056 26 view .LVU1678
 6154 0026 DBB2     		uxtb	r3, r3
 6155              	.LVL393:
5057:Middlewares/Third_Party/FreeRTOS/Source/tasks.c **** 
 6156              		.loc 1 5057 4 is_stmt 1 view .LVU1679
5057:Middlewares/Third_Party/FreeRTOS/Source/tasks.c **** 
 6157              		.loc 1 5057 25 is_stmt 0 view .LVU1680
 6158 0028 0222     		movs	r2, #2
 6159 002a 84F85020 		strb	r2, [r4, #80]
5061:Middlewares/Third_Party/FreeRTOS/Source/tasks.c **** 
 6160              		.loc 1 5061 4 is_stmt 1 view .LVU1681
5061:Middlewares/Third_Party/FreeRTOS/Source/tasks.c **** 
 6161              		.loc 1 5061 11 is_stmt 0 view .LVU1682
 6162 002e E26C     		ldr	r2, [r4, #76]
5061:Middlewares/Third_Party/FreeRTOS/Source/tasks.c **** 
 6163              		.loc 1 5061 30 view .LVU1683
 6164 0030 0132     		adds	r2, r2, #1
 6165 0032 E264     		str	r2, [r4, #76]
5063:Middlewares/Third_Party/FreeRTOS/Source/tasks.c **** 
 6166              		.loc 1 5063 36 is_stmt 1 view .LVU1684
5067:Middlewares/Third_Party/FreeRTOS/Source/tasks.c **** 			{
 6167              		.loc 1 5067 4 view .LVU1685
5067:Middlewares/Third_Party/FreeRTOS/Source/tasks.c **** 			{
 6168              		.loc 1 5067 6 is_stmt 0 view .LVU1686
 6169 0034 012B     		cmp	r3, #1
 6170 0036 0BD0     		beq	.L489
 6171              	.LVL394:
 6172              	.L481:
5100:Middlewares/Third_Party/FreeRTOS/Source/tasks.c **** 				}
 6173              		.loc 1 5100 30 is_stmt 1 view .LVU1687
5104:Middlewares/Third_Party/FreeRTOS/Source/tasks.c **** 	}
 6174              		.loc 1 5104 3 view .LVU1688
 6175              	.LBB221:
 6176              	.LBI221:
 229:Middlewares/Third_Party/FreeRTOS/Source/portable/GCC/ARM_CM3/portmacro.h **** {
 6177              		.loc 2 229 30 view .LVU1689
 6178              	.LBB222:
 6179              		.loc 2 231 2 view .LVU1690
 6180              		.syntax unified
 6181              	@ 231 "Middlewares/Third_Party/FreeRTOS/Source/portable/GCC/ARM_CM3/portmacro.h" 1
 6182 0038 86F31188 			msr basepri, r6	
 6183              	@ 0 "" 2
 6184              		.thumb
 6185              		.syntax unified
 6186              	.LBE222:
 6187              	.LBE221:
5105:Middlewares/Third_Party/FreeRTOS/Source/tasks.c **** 
 6188              		.loc 1 5105 2 is_stmt 0 view .LVU1691
 6189 003c F8BD     		pop	{r3, r4, r5, r6, r7, pc}
ARM GAS  D:\software\msy64\tmp\ccHzaEXX.s 			page 233


 6190              	.LVL395:
 6191              	.L488:
5032:Middlewares/Third_Party/FreeRTOS/Source/tasks.c **** 
 6192              		.loc 1 5032 3 is_stmt 1 discriminator 1 view .LVU1692
 6193              	.LBB223:
 6194              	.LBI223:
 193:Middlewares/Third_Party/FreeRTOS/Source/portable/GCC/ARM_CM3/portmacro.h **** {
 6195              		.loc 2 193 30 view .LVU1693
 6196              	.LBB224:
 195:Middlewares/Third_Party/FreeRTOS/Source/portable/GCC/ARM_CM3/portmacro.h **** 
 6197              		.loc 2 195 1 view .LVU1694
 197:Middlewares/Third_Party/FreeRTOS/Source/portable/GCC/ARM_CM3/portmacro.h **** 	(
 6198              		.loc 2 197 2 view .LVU1695
 6199              		.syntax unified
 6200              	@ 197 "Middlewares/Third_Party/FreeRTOS/Source/portable/GCC/ARM_CM3/portmacro.h" 1
 6201 003e 4FF05003 			mov r3, #80												
 6202 0042 83F31188 		msr basepri, r3											
 6203 0046 BFF36F8F 		isb														
 6204 004a BFF34F8F 		dsb														
 6205              	
 6206              	@ 0 "" 2
 6207              		.thumb
 6208              		.syntax unified
 6209              	.L480:
 6210              	.LBE224:
 6211              	.LBE223:
5032:Middlewares/Third_Party/FreeRTOS/Source/tasks.c **** 
 6212              		.loc 1 5032 3 discriminator 3 view .LVU1696
5032:Middlewares/Third_Party/FreeRTOS/Source/tasks.c **** 
 6213              		.loc 1 5032 3 discriminator 3 view .LVU1697
 6214 004e FEE7     		b	.L480
 6215              	.LVL396:
 6216              	.L489:
5070:Middlewares/Third_Party/FreeRTOS/Source/tasks.c **** 
 6217              		.loc 1 5070 5 view .LVU1698
 6218 0050 A36A     		ldr	r3, [r4, #40]
 6219              	.LVL397:
5070:Middlewares/Third_Party/FreeRTOS/Source/tasks.c **** 
 6220              		.loc 1 5070 5 is_stmt 0 view .LVU1699
 6221 0052 43B1     		cbz	r3, .L482
5070:Middlewares/Third_Party/FreeRTOS/Source/tasks.c **** 
 6222              		.loc 1 5070 5 is_stmt 1 discriminator 1 view .LVU1700
 6223              	.LBB225:
 6224              	.LBI225:
 193:Middlewares/Third_Party/FreeRTOS/Source/portable/GCC/ARM_CM3/portmacro.h **** {
 6225              		.loc 2 193 30 view .LVU1701
 6226              	.LBB226:
 195:Middlewares/Third_Party/FreeRTOS/Source/portable/GCC/ARM_CM3/portmacro.h **** 
 6227              		.loc 2 195 1 view .LVU1702
 197:Middlewares/Third_Party/FreeRTOS/Source/portable/GCC/ARM_CM3/portmacro.h **** 	(
 6228              		.loc 2 197 2 view .LVU1703
 6229              		.syntax unified
 6230              	@ 197 "Middlewares/Third_Party/FreeRTOS/Source/portable/GCC/ARM_CM3/portmacro.h" 1
 6231 0054 4FF05003 			mov r3, #80												
 6232 0058 83F31188 		msr basepri, r3											
 6233 005c BFF36F8F 		isb														
 6234 0060 BFF34F8F 		dsb														
ARM GAS  D:\software\msy64\tmp\ccHzaEXX.s 			page 234


 6235              	
 6236              	@ 0 "" 2
 6237              		.thumb
 6238              		.syntax unified
 6239              	.L483:
 6240              	.LBE226:
 6241              	.LBE225:
5070:Middlewares/Third_Party/FreeRTOS/Source/tasks.c **** 
 6242              		.loc 1 5070 5 discriminator 3 view .LVU1704
5070:Middlewares/Third_Party/FreeRTOS/Source/tasks.c **** 
 6243              		.loc 1 5070 5 discriminator 3 view .LVU1705
 6244 0064 FEE7     		b	.L483
 6245              	.L482:
5070:Middlewares/Third_Party/FreeRTOS/Source/tasks.c **** 
 6246              		.loc 1 5070 82 discriminator 2 view .LVU1706
5072:Middlewares/Third_Party/FreeRTOS/Source/tasks.c **** 				{
 6247              		.loc 1 5072 5 view .LVU1707
5072:Middlewares/Third_Party/FreeRTOS/Source/tasks.c **** 				{
 6248              		.loc 1 5072 30 is_stmt 0 view .LVU1708
 6249 0066 144B     		ldr	r3, .L490
 6250 0068 1B68     		ldr	r3, [r3]
5072:Middlewares/Third_Party/FreeRTOS/Source/tasks.c **** 				{
 6251              		.loc 1 5072 7 view .LVU1709
 6252 006a FBB9     		cbnz	r3, .L484
5074:Middlewares/Third_Party/FreeRTOS/Source/tasks.c **** 					prvAddTaskToReadyList( pxTCB );
 6253              		.loc 1 5074 6 is_stmt 1 view .LVU1710
5074:Middlewares/Third_Party/FreeRTOS/Source/tasks.c **** 					prvAddTaskToReadyList( pxTCB );
 6254              		.loc 1 5074 15 is_stmt 0 view .LVU1711
 6255 006c 271D     		adds	r7, r4, #4
 6256 006e 3846     		mov	r0, r7
 6257 0070 FFF7FEFF 		bl	uxListRemove
 6258              	.LVL398:
5075:Middlewares/Third_Party/FreeRTOS/Source/tasks.c **** 				}
 6259              		.loc 1 5075 6 is_stmt 1 view .LVU1712
5075:Middlewares/Third_Party/FreeRTOS/Source/tasks.c **** 				}
 6260              		.loc 1 5075 6 view .LVU1713
 6261 0074 E06A     		ldr	r0, [r4, #44]
 6262 0076 0123     		movs	r3, #1
 6263 0078 8340     		lsls	r3, r3, r0
 6264 007a 104A     		ldr	r2, .L490+4
 6265 007c 1168     		ldr	r1, [r2]
 6266 007e 0B43     		orrs	r3, r3, r1
 6267 0080 1360     		str	r3, [r2]
5075:Middlewares/Third_Party/FreeRTOS/Source/tasks.c **** 				}
 6268              		.loc 1 5075 6 view .LVU1714
 6269 0082 00EB8000 		add	r0, r0, r0, lsl #2
 6270 0086 3946     		mov	r1, r7
 6271 0088 0D4B     		ldr	r3, .L490+8
 6272 008a 03EB8000 		add	r0, r3, r0, lsl #2
 6273 008e FFF7FEFF 		bl	vListInsertEnd
 6274              	.LVL399:
5075:Middlewares/Third_Party/FreeRTOS/Source/tasks.c **** 				}
 6275              		.loc 1 5075 36 discriminator 1 view .LVU1715
 6276              	.L485:
5084:Middlewares/Third_Party/FreeRTOS/Source/tasks.c **** 				{
 6277              		.loc 1 5084 5 view .LVU1716
5084:Middlewares/Third_Party/FreeRTOS/Source/tasks.c **** 				{
ARM GAS  D:\software\msy64\tmp\ccHzaEXX.s 			page 235


 6278              		.loc 1 5084 14 is_stmt 0 view .LVU1717
 6279 0092 E26A     		ldr	r2, [r4, #44]
5084:Middlewares/Third_Party/FreeRTOS/Source/tasks.c **** 				{
 6280              		.loc 1 5084 41 view .LVU1718
 6281 0094 0B4B     		ldr	r3, .L490+12
 6282 0096 1B68     		ldr	r3, [r3]
 6283 0098 DB6A     		ldr	r3, [r3, #44]
5084:Middlewares/Third_Party/FreeRTOS/Source/tasks.c **** 				{
 6284              		.loc 1 5084 7 view .LVU1719
 6285 009a 9A42     		cmp	r2, r3
 6286 009c CCD9     		bls	.L481
5088:Middlewares/Third_Party/FreeRTOS/Source/tasks.c **** 					{
 6287              		.loc 1 5088 6 is_stmt 1 view .LVU1720
5088:Middlewares/Third_Party/FreeRTOS/Source/tasks.c **** 					{
 6288              		.loc 1 5088 8 is_stmt 0 view .LVU1721
 6289 009e 0DB1     		cbz	r5, .L486
5090:Middlewares/Third_Party/FreeRTOS/Source/tasks.c **** 					}
 6290              		.loc 1 5090 7 is_stmt 1 view .LVU1722
5090:Middlewares/Third_Party/FreeRTOS/Source/tasks.c **** 					}
 6291              		.loc 1 5090 34 is_stmt 0 view .LVU1723
 6292 00a0 0123     		movs	r3, #1
 6293 00a2 2B60     		str	r3, [r5]
 6294              	.L486:
5096:Middlewares/Third_Party/FreeRTOS/Source/tasks.c **** 				}
 6295              		.loc 1 5096 6 is_stmt 1 view .LVU1724
5096:Middlewares/Third_Party/FreeRTOS/Source/tasks.c **** 				}
 6296              		.loc 1 5096 20 is_stmt 0 view .LVU1725
 6297 00a4 084B     		ldr	r3, .L490+16
 6298 00a6 0122     		movs	r2, #1
 6299 00a8 1A60     		str	r2, [r3]
 6300 00aa C5E7     		b	.L481
 6301              	.L484:
5081:Middlewares/Third_Party/FreeRTOS/Source/tasks.c **** 				}
 6302              		.loc 1 5081 6 is_stmt 1 view .LVU1726
 6303 00ac 04F11801 		add	r1, r4, #24
 6304 00b0 0648     		ldr	r0, .L490+20
 6305 00b2 FFF7FEFF 		bl	vListInsertEnd
 6306              	.LVL400:
 6307 00b6 ECE7     		b	.L485
 6308              	.L491:
 6309              		.align	2
 6310              	.L490:
 6311 00b8 00000000 		.word	uxSchedulerSuspended
 6312 00bc 00000000 		.word	uxTopReadyPriority
 6313 00c0 00000000 		.word	pxReadyTasksLists
 6314 00c4 00000000 		.word	pxCurrentTCB
 6315 00c8 00000000 		.word	xYieldPending
 6316 00cc 00000000 		.word	xPendingReadyList
 6317              		.cfi_endproc
 6318              	.LFE53:
 6320              		.section	.text.xTaskNotifyStateClear,"ax",%progbits
 6321              		.align	1
 6322              		.global	xTaskNotifyStateClear
 6323              		.syntax unified
 6324              		.thumb
 6325              		.thumb_func
 6327              	xTaskNotifyStateClear:
ARM GAS  D:\software\msy64\tmp\ccHzaEXX.s 			page 236


 6328              	.LVL401:
 6329              	.LFB54:
5113:Middlewares/Third_Party/FreeRTOS/Source/tasks.c **** 	TCB_t *pxTCB;
 6330              		.loc 1 5113 2 view -0
 6331              		.cfi_startproc
 6332              		@ args = 0, pretend = 0, frame = 0
 6333              		@ frame_needed = 0, uses_anonymous_args = 0
5113:Middlewares/Third_Party/FreeRTOS/Source/tasks.c **** 	TCB_t *pxTCB;
 6334              		.loc 1 5113 2 is_stmt 0 view .LVU1728
 6335 0000 10B5     		push	{r4, lr}
 6336              	.LCFI57:
 6337              		.cfi_def_cfa_offset 8
 6338              		.cfi_offset 4, -8
 6339              		.cfi_offset 14, -4
5114:Middlewares/Third_Party/FreeRTOS/Source/tasks.c **** 	BaseType_t xReturn;
 6340              		.loc 1 5114 2 is_stmt 1 view .LVU1729
5115:Middlewares/Third_Party/FreeRTOS/Source/tasks.c **** 
 6341              		.loc 1 5115 2 view .LVU1730
5119:Middlewares/Third_Party/FreeRTOS/Source/tasks.c **** 
 6342              		.loc 1 5119 3 view .LVU1731
5119:Middlewares/Third_Party/FreeRTOS/Source/tasks.c **** 
 6343              		.loc 1 5119 11 is_stmt 0 view .LVU1732
 6344 0002 0446     		mov	r4, r0
 6345 0004 58B1     		cbz	r0, .L497
 6346              	.LVL402:
 6347              	.L493:
5121:Middlewares/Third_Party/FreeRTOS/Source/tasks.c **** 		{
 6348              		.loc 1 5121 3 is_stmt 1 view .LVU1733
 6349 0006 FFF7FEFF 		bl	vPortEnterCritical
 6350              	.LVL403:
5123:Middlewares/Third_Party/FreeRTOS/Source/tasks.c **** 			{
 6351              		.loc 1 5123 4 view .LVU1734
5123:Middlewares/Third_Party/FreeRTOS/Source/tasks.c **** 			{
 6352              		.loc 1 5123 13 is_stmt 0 view .LVU1735
 6353 000a 94F85030 		ldrb	r3, [r4, #80]	@ zero_extendqisi2
 6354 000e DBB2     		uxtb	r3, r3
5123:Middlewares/Third_Party/FreeRTOS/Source/tasks.c **** 			{
 6355              		.loc 1 5123 6 view .LVU1736
 6356 0010 022B     		cmp	r3, #2
 6357 0012 07D0     		beq	.L498
5130:Middlewares/Third_Party/FreeRTOS/Source/tasks.c **** 			}
 6358              		.loc 1 5130 13 view .LVU1737
 6359 0014 0024     		movs	r4, #0
 6360              	.LVL404:
 6361              	.L494:
5133:Middlewares/Third_Party/FreeRTOS/Source/tasks.c **** 
 6362              		.loc 1 5133 3 is_stmt 1 view .LVU1738
 6363 0016 FFF7FEFF 		bl	vPortExitCritical
 6364              	.LVL405:
5135:Middlewares/Third_Party/FreeRTOS/Source/tasks.c **** 	}
 6365              		.loc 1 5135 3 view .LVU1739
5136:Middlewares/Third_Party/FreeRTOS/Source/tasks.c **** 
 6366              		.loc 1 5136 2 is_stmt 0 view .LVU1740
 6367 001a 2046     		mov	r0, r4
 6368 001c 10BD     		pop	{r4, pc}
 6369              	.LVL406:
 6370              	.L497:
ARM GAS  D:\software\msy64\tmp\ccHzaEXX.s 			page 237


5119:Middlewares/Third_Party/FreeRTOS/Source/tasks.c **** 
 6371              		.loc 1 5119 11 discriminator 1 view .LVU1741
 6372 001e 044B     		ldr	r3, .L499
 6373 0020 1C68     		ldr	r4, [r3]
 6374              	.LVL407:
5119:Middlewares/Third_Party/FreeRTOS/Source/tasks.c **** 
 6375              		.loc 1 5119 11 discriminator 1 view .LVU1742
 6376 0022 F0E7     		b	.L493
 6377              	.LVL408:
 6378              	.L498:
5125:Middlewares/Third_Party/FreeRTOS/Source/tasks.c **** 				xReturn = pdPASS;
 6379              		.loc 1 5125 5 is_stmt 1 view .LVU1743
5125:Middlewares/Third_Party/FreeRTOS/Source/tasks.c **** 				xReturn = pdPASS;
 6380              		.loc 1 5125 26 is_stmt 0 view .LVU1744
 6381 0024 0023     		movs	r3, #0
 6382 0026 84F85030 		strb	r3, [r4, #80]
5126:Middlewares/Third_Party/FreeRTOS/Source/tasks.c **** 			}
 6383              		.loc 1 5126 5 is_stmt 1 view .LVU1745
 6384              	.LVL409:
5126:Middlewares/Third_Party/FreeRTOS/Source/tasks.c **** 			}
 6385              		.loc 1 5126 13 is_stmt 0 view .LVU1746
 6386 002a 0124     		movs	r4, #1
 6387              	.LVL410:
5126:Middlewares/Third_Party/FreeRTOS/Source/tasks.c **** 			}
 6388              		.loc 1 5126 13 view .LVU1747
 6389 002c F3E7     		b	.L494
 6390              	.L500:
 6391 002e 00BF     		.align	2
 6392              	.L499:
 6393 0030 00000000 		.word	pxCurrentTCB
 6394              		.cfi_endproc
 6395              	.LFE54:
 6397              		.section	.text.ulTaskNotifyValueClear,"ax",%progbits
 6398              		.align	1
 6399              		.global	ulTaskNotifyValueClear
 6400              		.syntax unified
 6401              		.thumb
 6402              		.thumb_func
 6404              	ulTaskNotifyValueClear:
 6405              	.LVL411:
 6406              	.LFB55:
5144:Middlewares/Third_Party/FreeRTOS/Source/tasks.c **** 	TCB_t *pxTCB;
 6407              		.loc 1 5144 2 is_stmt 1 view -0
 6408              		.cfi_startproc
 6409              		@ args = 0, pretend = 0, frame = 0
 6410              		@ frame_needed = 0, uses_anonymous_args = 0
5144:Middlewares/Third_Party/FreeRTOS/Source/tasks.c **** 	TCB_t *pxTCB;
 6411              		.loc 1 5144 2 is_stmt 0 view .LVU1749
 6412 0000 70B5     		push	{r4, r5, r6, lr}
 6413              	.LCFI58:
 6414              		.cfi_def_cfa_offset 16
 6415              		.cfi_offset 4, -16
 6416              		.cfi_offset 5, -12
 6417              		.cfi_offset 6, -8
 6418              		.cfi_offset 14, -4
 6419 0002 0C46     		mov	r4, r1
5145:Middlewares/Third_Party/FreeRTOS/Source/tasks.c **** 	uint32_t ulReturn;
ARM GAS  D:\software\msy64\tmp\ccHzaEXX.s 			page 238


 6420              		.loc 1 5145 2 is_stmt 1 view .LVU1750
5146:Middlewares/Third_Party/FreeRTOS/Source/tasks.c **** 
 6421              		.loc 1 5146 2 view .LVU1751
5150:Middlewares/Third_Party/FreeRTOS/Source/tasks.c **** 
 6422              		.loc 1 5150 3 view .LVU1752
5150:Middlewares/Third_Party/FreeRTOS/Source/tasks.c **** 
 6423              		.loc 1 5150 11 is_stmt 0 view .LVU1753
 6424 0004 0546     		mov	r5, r0
 6425 0006 60B1     		cbz	r0, .L504
 6426              	.LVL412:
 6427              	.L502:
5152:Middlewares/Third_Party/FreeRTOS/Source/tasks.c **** 		{
 6428              		.loc 1 5152 3 is_stmt 1 view .LVU1754
 6429 0008 FFF7FEFF 		bl	vPortEnterCritical
 6430              	.LVL413:
5156:Middlewares/Third_Party/FreeRTOS/Source/tasks.c **** 			pxTCB->ulNotifiedValue &= ~ulBitsToClear;
 6431              		.loc 1 5156 4 view .LVU1755
5156:Middlewares/Third_Party/FreeRTOS/Source/tasks.c **** 			pxTCB->ulNotifiedValue &= ~ulBitsToClear;
 6432              		.loc 1 5156 27 is_stmt 0 view .LVU1756
 6433 000c 064B     		ldr	r3, .L505
 6434 000e 1B68     		ldr	r3, [r3]
5156:Middlewares/Third_Party/FreeRTOS/Source/tasks.c **** 			pxTCB->ulNotifiedValue &= ~ulBitsToClear;
 6435              		.loc 1 5156 13 view .LVU1757
 6436 0010 DE6C     		ldr	r6, [r3, #76]
 6437              	.LVL414:
5157:Middlewares/Third_Party/FreeRTOS/Source/tasks.c **** 		}
 6438              		.loc 1 5157 4 is_stmt 1 view .LVU1758
5157:Middlewares/Third_Party/FreeRTOS/Source/tasks.c **** 		}
 6439              		.loc 1 5157 9 is_stmt 0 view .LVU1759
 6440 0012 EB6C     		ldr	r3, [r5, #76]
5157:Middlewares/Third_Party/FreeRTOS/Source/tasks.c **** 		}
 6441              		.loc 1 5157 27 view .LVU1760
 6442 0014 23EA0403 		bic	r3, r3, r4
 6443 0018 EB64     		str	r3, [r5, #76]
5159:Middlewares/Third_Party/FreeRTOS/Source/tasks.c **** 
 6444              		.loc 1 5159 3 is_stmt 1 view .LVU1761
 6445 001a FFF7FEFF 		bl	vPortExitCritical
 6446              	.LVL415:
5161:Middlewares/Third_Party/FreeRTOS/Source/tasks.c **** 	}
 6447              		.loc 1 5161 3 view .LVU1762
5162:Middlewares/Third_Party/FreeRTOS/Source/tasks.c **** 
 6448              		.loc 1 5162 2 is_stmt 0 view .LVU1763
 6449 001e 3046     		mov	r0, r6
 6450 0020 70BD     		pop	{r4, r5, r6, pc}
 6451              	.LVL416:
 6452              	.L504:
5150:Middlewares/Third_Party/FreeRTOS/Source/tasks.c **** 
 6453              		.loc 1 5150 11 discriminator 1 view .LVU1764
 6454 0022 014B     		ldr	r3, .L505
 6455 0024 1D68     		ldr	r5, [r3]
 6456              	.LVL417:
5150:Middlewares/Third_Party/FreeRTOS/Source/tasks.c **** 
 6457              		.loc 1 5150 11 discriminator 1 view .LVU1765
 6458 0026 EFE7     		b	.L502
 6459              	.L506:
 6460              		.align	2
 6461              	.L505:
ARM GAS  D:\software\msy64\tmp\ccHzaEXX.s 			page 239


 6462 0028 00000000 		.word	pxCurrentTCB
 6463              		.cfi_endproc
 6464              	.LFE55:
 6466              		.section	.bss.uxSchedulerSuspended,"aw",%nobits
 6467              		.align	2
 6470              	uxSchedulerSuspended:
 6471 0000 00000000 		.space	4
 6472              		.section	.bss.xIdleTaskHandle,"aw",%nobits
 6473              		.align	2
 6476              	xIdleTaskHandle:
 6477 0000 00000000 		.space	4
 6478              		.section	.bss.xNextTaskUnblockTime,"aw",%nobits
 6479              		.align	2
 6482              	xNextTaskUnblockTime:
 6483 0000 00000000 		.space	4
 6484              		.section	.bss.uxTaskNumber,"aw",%nobits
 6485              		.align	2
 6488              	uxTaskNumber:
 6489 0000 00000000 		.space	4
 6490              		.section	.bss.xNumOfOverflows,"aw",%nobits
 6491              		.align	2
 6494              	xNumOfOverflows:
 6495 0000 00000000 		.space	4
 6496              		.section	.bss.xYieldPending,"aw",%nobits
 6497              		.align	2
 6500              	xYieldPending:
 6501 0000 00000000 		.space	4
 6502              		.section	.bss.xPendedTicks,"aw",%nobits
 6503              		.align	2
 6506              	xPendedTicks:
 6507 0000 00000000 		.space	4
 6508              		.section	.bss.xSchedulerRunning,"aw",%nobits
 6509              		.align	2
 6512              	xSchedulerRunning:
 6513 0000 00000000 		.space	4
 6514              		.section	.bss.uxTopReadyPriority,"aw",%nobits
 6515              		.align	2
 6518              	uxTopReadyPriority:
 6519 0000 00000000 		.space	4
 6520              		.section	.bss.xTickCount,"aw",%nobits
 6521              		.align	2
 6524              	xTickCount:
 6525 0000 00000000 		.space	4
 6526              		.section	.bss.uxCurrentNumberOfTasks,"aw",%nobits
 6527              		.align	2
 6530              	uxCurrentNumberOfTasks:
 6531 0000 00000000 		.space	4
 6532              		.section	.bss.xSuspendedTaskList,"aw",%nobits
 6533              		.align	2
 6536              	xSuspendedTaskList:
 6537 0000 00000000 		.space	20
 6537      00000000 
 6537      00000000 
 6537      00000000 
 6537      00000000 
 6538              		.section	.bss.uxDeletedTasksWaitingCleanUp,"aw",%nobits
 6539              		.align	2
ARM GAS  D:\software\msy64\tmp\ccHzaEXX.s 			page 240


 6542              	uxDeletedTasksWaitingCleanUp:
 6543 0000 00000000 		.space	4
 6544              		.section	.bss.xTasksWaitingTermination,"aw",%nobits
 6545              		.align	2
 6548              	xTasksWaitingTermination:
 6549 0000 00000000 		.space	20
 6549      00000000 
 6549      00000000 
 6549      00000000 
 6549      00000000 
 6550              		.section	.bss.xPendingReadyList,"aw",%nobits
 6551              		.align	2
 6554              	xPendingReadyList:
 6555 0000 00000000 		.space	20
 6555      00000000 
 6555      00000000 
 6555      00000000 
 6555      00000000 
 6556              		.section	.bss.pxOverflowDelayedTaskList,"aw",%nobits
 6557              		.align	2
 6560              	pxOverflowDelayedTaskList:
 6561 0000 00000000 		.space	4
 6562              		.section	.bss.pxDelayedTaskList,"aw",%nobits
 6563              		.align	2
 6566              	pxDelayedTaskList:
 6567 0000 00000000 		.space	4
 6568              		.section	.bss.xDelayedTaskList2,"aw",%nobits
 6569              		.align	2
 6572              	xDelayedTaskList2:
 6573 0000 00000000 		.space	20
 6573      00000000 
 6573      00000000 
 6573      00000000 
 6573      00000000 
 6574              		.section	.bss.xDelayedTaskList1,"aw",%nobits
 6575              		.align	2
 6578              	xDelayedTaskList1:
 6579 0000 00000000 		.space	20
 6579      00000000 
 6579      00000000 
 6579      00000000 
 6579      00000000 
 6580              		.section	.bss.pxReadyTasksLists,"aw",%nobits
 6581              		.align	2
 6584              	pxReadyTasksLists:
 6585 0000 00000000 		.space	140
 6585      00000000 
 6585      00000000 
 6585      00000000 
 6585      00000000 
 6586              		.global	pxCurrentTCB
 6587              		.section	.bss.pxCurrentTCB,"aw",%nobits
 6588              		.align	2
 6591              	pxCurrentTCB:
 6592 0000 00000000 		.space	4
 6593              		.text
 6594              	.Letext0:
ARM GAS  D:\software\msy64\tmp\ccHzaEXX.s 			page 241


 6595              		.file 3 "D:/software/msy64/mingw64/lib/gcc/arm-none-eabi/13.3.0/include/stddef.h"
 6596              		.file 4 "D:/software/msy64/mingw64/arm-none-eabi/include/machine/_default_types.h"
 6597              		.file 5 "D:/software/msy64/mingw64/arm-none-eabi/include/sys/_stdint.h"
 6598              		.file 6 "Middlewares/Third_Party/FreeRTOS/Source/include/projdefs.h"
 6599              		.file 7 "Middlewares/Third_Party/FreeRTOS/Source/include/FreeRTOS.h"
 6600              		.file 8 "Middlewares/Third_Party/FreeRTOS/Source/include/list.h"
 6601              		.file 9 "Middlewares/Third_Party/FreeRTOS/Source/include/task.h"
 6602              		.file 10 "Middlewares/Third_Party/FreeRTOS/Source/include/portable.h"
ARM GAS  D:\software\msy64\tmp\ccHzaEXX.s 			page 242


DEFINED SYMBOLS
                            *ABS*:00000000 tasks.c
D:\software\msy64\tmp\ccHzaEXX.s:19     .text.prvTaskIsTaskSuspended:00000000 $t
D:\software\msy64\tmp\ccHzaEXX.s:24     .text.prvTaskIsTaskSuspended:00000000 prvTaskIsTaskSuspended
D:\software\msy64\tmp\ccHzaEXX.s:110    .text.prvTaskIsTaskSuspended:00000038 $d
D:\software\msy64\tmp\ccHzaEXX.s:6536   .bss.xSuspendedTaskList:00000000 xSuspendedTaskList
D:\software\msy64\tmp\ccHzaEXX.s:6554   .bss.xPendingReadyList:00000000 xPendingReadyList
D:\software\msy64\tmp\ccHzaEXX.s:116    .text.prvResetNextTaskUnblockTime:00000000 $t
D:\software\msy64\tmp\ccHzaEXX.s:121    .text.prvResetNextTaskUnblockTime:00000000 prvResetNextTaskUnblockTime
D:\software\msy64\tmp\ccHzaEXX.s:164    .text.prvResetNextTaskUnblockTime:00000024 $d
D:\software\msy64\tmp\ccHzaEXX.s:6566   .bss.pxDelayedTaskList:00000000 pxDelayedTaskList
D:\software\msy64\tmp\ccHzaEXX.s:6482   .bss.xNextTaskUnblockTime:00000000 xNextTaskUnblockTime
D:\software\msy64\tmp\ccHzaEXX.s:170    .text.prvInitialiseNewTask:00000000 $t
D:\software\msy64\tmp\ccHzaEXX.s:175    .text.prvInitialiseNewTask:00000000 prvInitialiseNewTask
D:\software\msy64\tmp\ccHzaEXX.s:330    .text.prvInitialiseTaskLists:00000000 $t
D:\software\msy64\tmp\ccHzaEXX.s:335    .text.prvInitialiseTaskLists:00000000 prvInitialiseTaskLists
D:\software\msy64\tmp\ccHzaEXX.s:408    .text.prvInitialiseTaskLists:00000048 $d
D:\software\msy64\tmp\ccHzaEXX.s:6584   .bss.pxReadyTasksLists:00000000 pxReadyTasksLists
D:\software\msy64\tmp\ccHzaEXX.s:6578   .bss.xDelayedTaskList1:00000000 xDelayedTaskList1
D:\software\msy64\tmp\ccHzaEXX.s:6572   .bss.xDelayedTaskList2:00000000 xDelayedTaskList2
D:\software\msy64\tmp\ccHzaEXX.s:6548   .bss.xTasksWaitingTermination:00000000 xTasksWaitingTermination
D:\software\msy64\tmp\ccHzaEXX.s:6560   .bss.pxOverflowDelayedTaskList:00000000 pxOverflowDelayedTaskList
D:\software\msy64\tmp\ccHzaEXX.s:420    .text.prvAddNewTaskToReadyList:00000000 $t
D:\software\msy64\tmp\ccHzaEXX.s:425    .text.prvAddNewTaskToReadyList:00000000 prvAddNewTaskToReadyList
D:\software\msy64\tmp\ccHzaEXX.s:561    .text.prvAddNewTaskToReadyList:00000090 $d
D:\software\msy64\tmp\ccHzaEXX.s:6530   .bss.uxCurrentNumberOfTasks:00000000 uxCurrentNumberOfTasks
D:\software\msy64\tmp\ccHzaEXX.s:6591   .bss.pxCurrentTCB:00000000 pxCurrentTCB
D:\software\msy64\tmp\ccHzaEXX.s:6512   .bss.xSchedulerRunning:00000000 xSchedulerRunning
D:\software\msy64\tmp\ccHzaEXX.s:6488   .bss.uxTaskNumber:00000000 uxTaskNumber
D:\software\msy64\tmp\ccHzaEXX.s:6518   .bss.uxTopReadyPriority:00000000 uxTopReadyPriority
D:\software\msy64\tmp\ccHzaEXX.s:571    .text.prvDeleteTCB:00000000 $t
D:\software\msy64\tmp\ccHzaEXX.s:576    .text.prvDeleteTCB:00000000 prvDeleteTCB
D:\software\msy64\tmp\ccHzaEXX.s:651    .text.prvCheckTasksWaitingTermination:00000000 $t
D:\software\msy64\tmp\ccHzaEXX.s:656    .text.prvCheckTasksWaitingTermination:00000000 prvCheckTasksWaitingTermination
D:\software\msy64\tmp\ccHzaEXX.s:729    .text.prvCheckTasksWaitingTermination:00000040 $d
D:\software\msy64\tmp\ccHzaEXX.s:6542   .bss.uxDeletedTasksWaitingCleanUp:00000000 uxDeletedTasksWaitingCleanUp
D:\software\msy64\tmp\ccHzaEXX.s:736    .text.prvIdleTask:00000000 $t
D:\software\msy64\tmp\ccHzaEXX.s:741    .text.prvIdleTask:00000000 prvIdleTask
D:\software\msy64\tmp\ccHzaEXX.s:790    .text.prvIdleTask:00000024 $d
D:\software\msy64\tmp\ccHzaEXX.s:795    .text.prvAddCurrentTaskToDelayedList:00000000 $t
D:\software\msy64\tmp\ccHzaEXX.s:800    .text.prvAddCurrentTaskToDelayedList:00000000 prvAddCurrentTaskToDelayedList
D:\software\msy64\tmp\ccHzaEXX.s:920    .text.prvAddCurrentTaskToDelayedList:0000007c $d
D:\software\msy64\tmp\ccHzaEXX.s:6524   .bss.xTickCount:00000000 xTickCount
D:\software\msy64\tmp\ccHzaEXX.s:931    .text.xTaskCreateStatic:00000000 $t
D:\software\msy64\tmp\ccHzaEXX.s:937    .text.xTaskCreateStatic:00000000 xTaskCreateStatic
D:\software\msy64\tmp\ccHzaEXX.s:1099   .text.xTaskCreate:00000000 $t
D:\software\msy64\tmp\ccHzaEXX.s:1105   .text.xTaskCreate:00000000 xTaskCreate
D:\software\msy64\tmp\ccHzaEXX.s:1222   .text.vTaskDelete:00000000 $t
D:\software\msy64\tmp\ccHzaEXX.s:1228   .text.vTaskDelete:00000000 vTaskDelete
D:\software\msy64\tmp\ccHzaEXX.s:1411   .text.vTaskDelete:000000bc $d
D:\software\msy64\tmp\ccHzaEXX.s:6470   .bss.uxSchedulerSuspended:00000000 uxSchedulerSuspended
D:\software\msy64\tmp\ccHzaEXX.s:1424   .text.uxTaskPriorityGet:00000000 $t
D:\software\msy64\tmp\ccHzaEXX.s:1430   .text.uxTaskPriorityGet:00000000 uxTaskPriorityGet
D:\software\msy64\tmp\ccHzaEXX.s:1476   .text.uxTaskPriorityGet:0000001c $d
D:\software\msy64\tmp\ccHzaEXX.s:1481   .text.uxTaskPriorityGetFromISR:00000000 $t
D:\software\msy64\tmp\ccHzaEXX.s:1487   .text.uxTaskPriorityGetFromISR:00000000 uxTaskPriorityGetFromISR
D:\software\msy64\tmp\ccHzaEXX.s:1566   .text.uxTaskPriorityGetFromISR:0000002c $d
ARM GAS  D:\software\msy64\tmp\ccHzaEXX.s 			page 243


D:\software\msy64\tmp\ccHzaEXX.s:1571   .text.vTaskPrioritySet:00000000 $t
D:\software\msy64\tmp\ccHzaEXX.s:1577   .text.vTaskPrioritySet:00000000 vTaskPrioritySet
D:\software\msy64\tmp\ccHzaEXX.s:1817   .text.vTaskPrioritySet:000000d8 $d
D:\software\msy64\tmp\ccHzaEXX.s:1824   .text.vTaskResume:00000000 $t
D:\software\msy64\tmp\ccHzaEXX.s:1830   .text.vTaskResume:00000000 vTaskResume
D:\software\msy64\tmp\ccHzaEXX.s:1958   .text.vTaskResume:0000007c $d
D:\software\msy64\tmp\ccHzaEXX.s:1965   .text.xTaskResumeFromISR:00000000 $t
D:\software\msy64\tmp\ccHzaEXX.s:1971   .text.xTaskResumeFromISR:00000000 xTaskResumeFromISR
D:\software\msy64\tmp\ccHzaEXX.s:2137   .text.xTaskResumeFromISR:00000090 $d
D:\software\msy64\tmp\ccHzaEXX.s:2146   .rodata.vTaskStartScheduler.str1.4:00000000 $d
D:\software\msy64\tmp\ccHzaEXX.s:2150   .text.vTaskStartScheduler:00000000 $t
D:\software\msy64\tmp\ccHzaEXX.s:2156   .text.vTaskStartScheduler:00000000 vTaskStartScheduler
D:\software\msy64\tmp\ccHzaEXX.s:2260   .text.vTaskStartScheduler:0000005c $d
D:\software\msy64\tmp\ccHzaEXX.s:6476   .bss.xIdleTaskHandle:00000000 xIdleTaskHandle
D:\software\msy64\tmp\ccHzaEXX.s:2270   .text.vTaskEndScheduler:00000000 $t
D:\software\msy64\tmp\ccHzaEXX.s:2276   .text.vTaskEndScheduler:00000000 vTaskEndScheduler
D:\software\msy64\tmp\ccHzaEXX.s:2319   .text.vTaskEndScheduler:00000020 $d
D:\software\msy64\tmp\ccHzaEXX.s:2324   .text.vTaskSuspendAll:00000000 $t
D:\software\msy64\tmp\ccHzaEXX.s:2330   .text.vTaskSuspendAll:00000000 vTaskSuspendAll
D:\software\msy64\tmp\ccHzaEXX.s:2349   .text.vTaskSuspendAll:0000000c $d
D:\software\msy64\tmp\ccHzaEXX.s:2354   .text.xTaskGetTickCount:00000000 $t
D:\software\msy64\tmp\ccHzaEXX.s:2360   .text.xTaskGetTickCount:00000000 xTaskGetTickCount
D:\software\msy64\tmp\ccHzaEXX.s:2381   .text.xTaskGetTickCount:00000008 $d
D:\software\msy64\tmp\ccHzaEXX.s:2386   .text.xTaskGetTickCountFromISR:00000000 $t
D:\software\msy64\tmp\ccHzaEXX.s:2392   .text.xTaskGetTickCountFromISR:00000000 xTaskGetTickCountFromISR
D:\software\msy64\tmp\ccHzaEXX.s:2421   .text.xTaskGetTickCountFromISR:0000000c $d
D:\software\msy64\tmp\ccHzaEXX.s:2426   .text.uxTaskGetNumberOfTasks:00000000 $t
D:\software\msy64\tmp\ccHzaEXX.s:2432   .text.uxTaskGetNumberOfTasks:00000000 uxTaskGetNumberOfTasks
D:\software\msy64\tmp\ccHzaEXX.s:2448   .text.uxTaskGetNumberOfTasks:00000008 $d
D:\software\msy64\tmp\ccHzaEXX.s:2453   .text.pcTaskGetName:00000000 $t
D:\software\msy64\tmp\ccHzaEXX.s:2459   .text.pcTaskGetName:00000000 pcTaskGetName
D:\software\msy64\tmp\ccHzaEXX.s:2516   .text.pcTaskGetName:00000024 $d
D:\software\msy64\tmp\ccHzaEXX.s:2521   .text.xTaskIncrementTick:00000000 $t
D:\software\msy64\tmp\ccHzaEXX.s:2527   .text.xTaskIncrementTick:00000000 xTaskIncrementTick
D:\software\msy64\tmp\ccHzaEXX.s:2791   .text.xTaskIncrementTick:000000ec $d
D:\software\msy64\tmp\ccHzaEXX.s:6494   .bss.xNumOfOverflows:00000000 xNumOfOverflows
D:\software\msy64\tmp\ccHzaEXX.s:6500   .bss.xYieldPending:00000000 xYieldPending
D:\software\msy64\tmp\ccHzaEXX.s:6506   .bss.xPendedTicks:00000000 xPendedTicks
D:\software\msy64\tmp\ccHzaEXX.s:2806   .text.xTaskResumeAll:00000000 $t
D:\software\msy64\tmp\ccHzaEXX.s:2812   .text.xTaskResumeAll:00000000 xTaskResumeAll
D:\software\msy64\tmp\ccHzaEXX.s:3044   .text.xTaskResumeAll:000000d8 $d
D:\software\msy64\tmp\ccHzaEXX.s:3056   .text.vTaskDelay:00000000 $t
D:\software\msy64\tmp\ccHzaEXX.s:3062   .text.vTaskDelay:00000000 vTaskDelay
D:\software\msy64\tmp\ccHzaEXX.s:3152   .text.vTaskDelay:00000048 $d
D:\software\msy64\tmp\ccHzaEXX.s:3157   .text.xTaskCatchUpTicks:00000000 $t
D:\software\msy64\tmp\ccHzaEXX.s:3163   .text.xTaskCatchUpTicks:00000000 xTaskCatchUpTicks
D:\software\msy64\tmp\ccHzaEXX.s:3228   .text.xTaskCatchUpTicks:00000030 $d
D:\software\msy64\tmp\ccHzaEXX.s:3234   .text.vTaskSwitchContext:00000000 $t
D:\software\msy64\tmp\ccHzaEXX.s:3240   .text.vTaskSwitchContext:00000000 vTaskSwitchContext
D:\software\msy64\tmp\ccHzaEXX.s:3381   .text.vTaskSwitchContext:00000084 $d
D:\software\msy64\tmp\ccHzaEXX.s:3392   .text.vTaskSuspend:00000000 $t
D:\software\msy64\tmp\ccHzaEXX.s:3398   .text.vTaskSuspend:00000000 vTaskSuspend
D:\software\msy64\tmp\ccHzaEXX.s:3600   .text.vTaskSuspend:000000d0 $d
D:\software\msy64\tmp\ccHzaEXX.s:3611   .text.vTaskPlaceOnEventList:00000000 $t
D:\software\msy64\tmp\ccHzaEXX.s:3617   .text.vTaskPlaceOnEventList:00000000 vTaskPlaceOnEventList
D:\software\msy64\tmp\ccHzaEXX.s:3682   .text.vTaskPlaceOnEventList:0000002c $d
D:\software\msy64\tmp\ccHzaEXX.s:3687   .text.vTaskPlaceOnUnorderedEventList:00000000 $t
ARM GAS  D:\software\msy64\tmp\ccHzaEXX.s 			page 244


D:\software\msy64\tmp\ccHzaEXX.s:3693   .text.vTaskPlaceOnUnorderedEventList:00000000 vTaskPlaceOnUnorderedEventList
D:\software\msy64\tmp\ccHzaEXX.s:3804   .text.vTaskPlaceOnUnorderedEventList:00000050 $d
D:\software\msy64\tmp\ccHzaEXX.s:3810   .text.xTaskRemoveFromEventList:00000000 $t
D:\software\msy64\tmp\ccHzaEXX.s:3816   .text.xTaskRemoveFromEventList:00000000 xTaskRemoveFromEventList
D:\software\msy64\tmp\ccHzaEXX.s:3944   .text.xTaskRemoveFromEventList:00000074 $d
D:\software\msy64\tmp\ccHzaEXX.s:3954   .text.vTaskRemoveFromUnorderedEventList:00000000 $t
D:\software\msy64\tmp\ccHzaEXX.s:3960   .text.vTaskRemoveFromUnorderedEventList:00000000 vTaskRemoveFromUnorderedEventList
D:\software\msy64\tmp\ccHzaEXX.s:4090   .text.vTaskRemoveFromUnorderedEventList:00000074 $d
D:\software\msy64\tmp\ccHzaEXX.s:4099   .text.vTaskSetTimeOutState:00000000 $t
D:\software\msy64\tmp\ccHzaEXX.s:4105   .text.vTaskSetTimeOutState:00000000 vTaskSetTimeOutState
D:\software\msy64\tmp\ccHzaEXX.s:4172   .text.vTaskSetTimeOutState:00000030 $d
D:\software\msy64\tmp\ccHzaEXX.s:4178   .text.vTaskInternalSetTimeOutState:00000000 $t
D:\software\msy64\tmp\ccHzaEXX.s:4184   .text.vTaskInternalSetTimeOutState:00000000 vTaskInternalSetTimeOutState
D:\software\msy64\tmp\ccHzaEXX.s:4207   .text.vTaskInternalSetTimeOutState:00000010 $d
D:\software\msy64\tmp\ccHzaEXX.s:4213   .text.xTaskCheckForTimeOut:00000000 $t
D:\software\msy64\tmp\ccHzaEXX.s:4219   .text.xTaskCheckForTimeOut:00000000 xTaskCheckForTimeOut
D:\software\msy64\tmp\ccHzaEXX.s:4400   .text.xTaskCheckForTimeOut:0000007c $d
D:\software\msy64\tmp\ccHzaEXX.s:4407   .text.vTaskMissedYield:00000000 $t
D:\software\msy64\tmp\ccHzaEXX.s:4413   .text.vTaskMissedYield:00000000 vTaskMissedYield
D:\software\msy64\tmp\ccHzaEXX.s:4430   .text.vTaskMissedYield:00000008 $d
D:\software\msy64\tmp\ccHzaEXX.s:4435   .text.xTaskGetCurrentTaskHandle:00000000 $t
D:\software\msy64\tmp\ccHzaEXX.s:4441   .text.xTaskGetCurrentTaskHandle:00000000 xTaskGetCurrentTaskHandle
D:\software\msy64\tmp\ccHzaEXX.s:4460   .text.xTaskGetCurrentTaskHandle:00000008 $d
D:\software\msy64\tmp\ccHzaEXX.s:4465   .text.xTaskGetSchedulerState:00000000 $t
D:\software\msy64\tmp\ccHzaEXX.s:4471   .text.xTaskGetSchedulerState:00000000 xTaskGetSchedulerState
D:\software\msy64\tmp\ccHzaEXX.s:4509   .text.xTaskGetSchedulerState:00000018 $d
D:\software\msy64\tmp\ccHzaEXX.s:4515   .text.xTaskPriorityInherit:00000000 $t
D:\software\msy64\tmp\ccHzaEXX.s:4521   .text.xTaskPriorityInherit:00000000 xTaskPriorityInherit
D:\software\msy64\tmp\ccHzaEXX.s:4687   .text.xTaskPriorityInherit:000000a0 $d
D:\software\msy64\tmp\ccHzaEXX.s:4694   .text.xTaskPriorityDisinherit:00000000 $t
D:\software\msy64\tmp\ccHzaEXX.s:4700   .text.xTaskPriorityDisinherit:00000000 xTaskPriorityDisinherit
D:\software\msy64\tmp\ccHzaEXX.s:4891   .text.xTaskPriorityDisinherit:000000a4 $d
D:\software\msy64\tmp\ccHzaEXX.s:4898   .text.vTaskPriorityDisinheritAfterTimeout:00000000 $t
D:\software\msy64\tmp\ccHzaEXX.s:4904   .text.vTaskPriorityDisinheritAfterTimeout:00000000 vTaskPriorityDisinheritAfterTimeout
D:\software\msy64\tmp\ccHzaEXX.s:5096   .text.vTaskPriorityDisinheritAfterTimeout:000000a8 $d
D:\software\msy64\tmp\ccHzaEXX.s:5103   .text.uxTaskResetEventItemValue:00000000 $t
D:\software\msy64\tmp\ccHzaEXX.s:5109   .text.uxTaskResetEventItemValue:00000000 uxTaskResetEventItemValue
D:\software\msy64\tmp\ccHzaEXX.s:5136   .text.uxTaskResetEventItemValue:00000014 $d
D:\software\msy64\tmp\ccHzaEXX.s:5141   .text.pvTaskIncrementMutexHeldCount:00000000 $t
D:\software\msy64\tmp\ccHzaEXX.s:5147   .text.pvTaskIncrementMutexHeldCount:00000000 pvTaskIncrementMutexHeldCount
D:\software\msy64\tmp\ccHzaEXX.s:5178   .text.pvTaskIncrementMutexHeldCount:00000018 $d
D:\software\msy64\tmp\ccHzaEXX.s:5183   .text.ulTaskNotifyTake:00000000 $t
D:\software\msy64\tmp\ccHzaEXX.s:5189   .text.ulTaskNotifyTake:00000000 ulTaskNotifyTake
D:\software\msy64\tmp\ccHzaEXX.s:5311   .text.ulTaskNotifyTake:00000074 $d
D:\software\msy64\tmp\ccHzaEXX.s:5316   .text.xTaskNotifyWait:00000000 $t
D:\software\msy64\tmp\ccHzaEXX.s:5322   .text.xTaskNotifyWait:00000000 xTaskNotifyWait
D:\software\msy64\tmp\ccHzaEXX.s:5464   .text.xTaskNotifyWait:00000094 $d
D:\software\msy64\tmp\ccHzaEXX.s:5469   .text.xTaskGenericNotify:00000000 $t
D:\software\msy64\tmp\ccHzaEXX.s:5475   .text.xTaskGenericNotify:00000000 xTaskGenericNotify
D:\software\msy64\tmp\ccHzaEXX.s:5531   .text.xTaskGenericNotify:0000002a $d
D:\software\msy64\tmp\ccHzaEXX.s:5739   .text.xTaskGenericNotify:000000ec $d
D:\software\msy64\tmp\ccHzaEXX.s:5746   .text.xTaskGenericNotifyFromISR:00000000 $t
D:\software\msy64\tmp\ccHzaEXX.s:5752   .text.xTaskGenericNotifyFromISR:00000000 xTaskGenericNotifyFromISR
D:\software\msy64\tmp\ccHzaEXX.s:5832   .text.xTaskGenericNotifyFromISR:00000042 $d
D:\software\msy64\tmp\ccHzaEXX.s:6080   .text.xTaskGenericNotifyFromISR:00000110 $d
D:\software\msy64\tmp\ccHzaEXX.s:6090   .text.vTaskNotifyGiveFromISR:00000000 $t
D:\software\msy64\tmp\ccHzaEXX.s:6096   .text.vTaskNotifyGiveFromISR:00000000 vTaskNotifyGiveFromISR
ARM GAS  D:\software\msy64\tmp\ccHzaEXX.s 			page 245


D:\software\msy64\tmp\ccHzaEXX.s:6311   .text.vTaskNotifyGiveFromISR:000000b8 $d
D:\software\msy64\tmp\ccHzaEXX.s:6321   .text.xTaskNotifyStateClear:00000000 $t
D:\software\msy64\tmp\ccHzaEXX.s:6327   .text.xTaskNotifyStateClear:00000000 xTaskNotifyStateClear
D:\software\msy64\tmp\ccHzaEXX.s:6393   .text.xTaskNotifyStateClear:00000030 $d
D:\software\msy64\tmp\ccHzaEXX.s:6398   .text.ulTaskNotifyValueClear:00000000 $t
D:\software\msy64\tmp\ccHzaEXX.s:6404   .text.ulTaskNotifyValueClear:00000000 ulTaskNotifyValueClear
D:\software\msy64\tmp\ccHzaEXX.s:6462   .text.ulTaskNotifyValueClear:00000028 $d
D:\software\msy64\tmp\ccHzaEXX.s:6467   .bss.uxSchedulerSuspended:00000000 $d
D:\software\msy64\tmp\ccHzaEXX.s:6473   .bss.xIdleTaskHandle:00000000 $d
D:\software\msy64\tmp\ccHzaEXX.s:6479   .bss.xNextTaskUnblockTime:00000000 $d
D:\software\msy64\tmp\ccHzaEXX.s:6485   .bss.uxTaskNumber:00000000 $d
D:\software\msy64\tmp\ccHzaEXX.s:6491   .bss.xNumOfOverflows:00000000 $d
D:\software\msy64\tmp\ccHzaEXX.s:6497   .bss.xYieldPending:00000000 $d
D:\software\msy64\tmp\ccHzaEXX.s:6503   .bss.xPendedTicks:00000000 $d
D:\software\msy64\tmp\ccHzaEXX.s:6509   .bss.xSchedulerRunning:00000000 $d
D:\software\msy64\tmp\ccHzaEXX.s:6515   .bss.uxTopReadyPriority:00000000 $d
D:\software\msy64\tmp\ccHzaEXX.s:6521   .bss.xTickCount:00000000 $d
D:\software\msy64\tmp\ccHzaEXX.s:6527   .bss.uxCurrentNumberOfTasks:00000000 $d
D:\software\msy64\tmp\ccHzaEXX.s:6533   .bss.xSuspendedTaskList:00000000 $d
D:\software\msy64\tmp\ccHzaEXX.s:6539   .bss.uxDeletedTasksWaitingCleanUp:00000000 $d
D:\software\msy64\tmp\ccHzaEXX.s:6545   .bss.xTasksWaitingTermination:00000000 $d
D:\software\msy64\tmp\ccHzaEXX.s:6551   .bss.xPendingReadyList:00000000 $d
D:\software\msy64\tmp\ccHzaEXX.s:6557   .bss.pxOverflowDelayedTaskList:00000000 $d
D:\software\msy64\tmp\ccHzaEXX.s:6563   .bss.pxDelayedTaskList:00000000 $d
D:\software\msy64\tmp\ccHzaEXX.s:6569   .bss.xDelayedTaskList2:00000000 $d
D:\software\msy64\tmp\ccHzaEXX.s:6575   .bss.xDelayedTaskList1:00000000 $d
D:\software\msy64\tmp\ccHzaEXX.s:6581   .bss.pxReadyTasksLists:00000000 $d
D:\software\msy64\tmp\ccHzaEXX.s:6588   .bss.pxCurrentTCB:00000000 $d
D:\software\msy64\tmp\ccHzaEXX.s:5537   .text.xTaskGenericNotify:0000002f $d
D:\software\msy64\tmp\ccHzaEXX.s:5537   .text.xTaskGenericNotify:00000030 $t
D:\software\msy64\tmp\ccHzaEXX.s:5838   .text.xTaskGenericNotifyFromISR:00000047 $d
D:\software\msy64\tmp\ccHzaEXX.s:5838   .text.xTaskGenericNotifyFromISR:00000048 $t

UNDEFINED SYMBOLS
vListInitialiseItem
pxPortInitialiseStack
vListInitialise
vPortEnterCritical
vListInsertEnd
vPortExitCritical
vPortFree
uxListRemove
vListInsert
pvPortMalloc
vPortValidateInterruptPriority
vApplicationGetIdleTaskMemory
xPortStartScheduler
vPortEndScheduler
